case_id,customer_id,case_priority,case_risk_level,highest_risk_score,alert_count,total_transaction_volume_usd,alert_transaction_volume_usd,customer_risk_rating,customer_type,occupation,annual_income_usd,expected_monthly_volume_usd,pep_flag,sanctions_flag,adverse_media_flag,red_flag_count,red_flag_codes,red_flag_descriptions,top_shap_drivers,primary_alert_type,primary_alert_reason,model_rule_agreement,preliminary_disposition,analyst_disposition,investigation_status,analyst_notes,escalation_required,sar_consideration
AML-CUST000064,CUST000064,P1,CRITICAL,82.5,36,147597.42,142524.01,,,,,,0,0,1,5,RF_ADVERSE_MEDIA | RF_FUNNEL_BEHAVIOR | RF_MULE_BEHAVIOR | RF_MULTIPLE_COUNTERPARTIES | RF_STRUCTURING,Customer has an adverse-media indicator in the synthetic dataset. | Activity involves multiple origin countries and elevated transaction frequency. | Transaction activity is consistent with the synthetic mule-behavior scenario. | Customer interacted with multiple counterparties. | Multiple transactions observed in the synthetic structuring threshold range.,log_amount | rapid_transaction_indicator | suspicious_transaction_ratio,FUNNEL_ACCOUNT,High rule-engine risk; High ML suspiciousness score; Adverse media indicator,STRONG_AGREEMENT,ESCALATE_FOR_DETAILED_REVIEW,PENDING_REVIEW,OPEN,,YES,PENDING_HUMAN_REVIEW
AML-CUST000079,CUST000079,P1,CRITICAL,82.5,32,179789.93,174077.19,,,,,,0,0,1,5,RF_ADVERSE_MEDIA | RF_FUNNEL_BEHAVIOR | RF_MULE_BEHAVIOR | RF_MULTIPLE_COUNTERPARTIES | RF_STRUCTURING,Customer has an adverse-media indicator in the synthetic dataset. | Activity involves multiple origin countries and elevated transaction frequency. | Transaction activity is consistent with the synthetic mule-behavior scenario. | Customer interacted with multiple counterparties. | Multiple transactions observed in the synthetic structuring threshold range.,suspicious_transaction_ratio | log_amount | rapid_movement_ratio,FUNNEL_ACCOUNT,High rule-engine risk; High ML suspiciousness score; Adverse media indicator,STRONG_AGREEMENT,ESCALATE_FOR_DETAILED_REVIEW,PENDING_REVIEW,OPEN,,YES,PENDING_HUMAN_REVIEW
AML-CUST001186,CUST001186,P1,HIGH,53.5,16,16153.1,16153.1,,,,,,1,1,0,5,RF_FUNNEL_BEHAVIOR | RF_MULE_BEHAVIOR | RF_MULTIPLE_COUNTERPARTIES | RF_PEP | RF_SANCTIONS,Activity involves multiple origin countries and elevated transaction frequency. | Transaction activity is consistent with the synthetic mule-behavior scenario. | Customer interacted with multiple counterparties. | Customer is marked with a PEP indicator in the synthetic dataset. | Customer has a sanctions indicator in the synthetic dataset.,transaction_hour | international_ratio_24h | channel_transaction_ratio,GENERAL_TRANSACTION_MONITORING,High rule-engine risk; PEP indicator; Sanctions indicator,RULE_HIGH_ML_LOW,ESCALATE_FOR_DETAILED_REVIEW,PENDING_REVIEW,OPEN,,YES,PENDING_HUMAN_REVIEW
AML-CUST004435,CUST004435,P1,HIGH,53.5,20,9979.51,9979.51,,,,,,1,1,0,4,RF_FUNNEL_BEHAVIOR | RF_MULTIPLE_COUNTERPARTIES | RF_PEP | RF_SANCTIONS,Activity involves multiple origin countries and elevated transaction frequency. | Customer interacted with multiple counterparties. | Customer is marked with a PEP indicator in the synthetic dataset. | Customer has a sanctions indicator in the synthetic dataset.,transaction_hour | is_night_transaction | log_amount | transaction_month | international_ratio_24h | cash_ratio_24h | amount_vs_customer_average,GENERAL_TRANSACTION_MONITORING,High rule-engine risk; PEP indicator; Sanctions indicator,RULE_HIGH_ML_LOW,ESCALATE_FOR_DETAILED_REVIEW,PENDING_REVIEW,OPEN,,YES,PENDING_HUMAN_REVIEW
AML-CUST004909,CUST004909,P1,HIGH,53.5,27,16890.98,16890.98,,,,,,0,1,1,4,RF_ADVERSE_MEDIA | RF_FUNNEL_BEHAVIOR | RF_MULTIPLE_COUNTERPARTIES | RF_SANCTIONS,Customer has an adverse-media indicator in the synthetic dataset. | Activity involves multiple origin countries and elevated transaction frequency. | Customer interacted with multiple counterparties. | Customer has a sanctions indicator in the synthetic dataset.,transaction_hour | is_night_transaction | international_ratio_24h | adverse_media_flag | log_amount | transaction_month,GENERAL_TRANSACTION_MONITORING,High rule-engine risk; Sanctions indicator; Adverse media indicator; Behavioral model drivers: transaction_month | transaction_hour | log_amount,RULE_HIGH_ML_LOW,ESCALATE_FOR_DETAILED_REVIEW,PENDING_REVIEW,OPEN,,YES,PENDING_HUMAN_REVIEW
AML-CUST001343,CUST001343,P1,HIGH,51.0,29,34296.08,34296.08,,,,,,0,1,0,4,RF_FUNNEL_BEHAVIOR | RF_MULE_BEHAVIOR | RF_MULTIPLE_COUNTERPARTIES | RF_SANCTIONS,Activity involves multiple origin countries and elevated transaction frequency. | Transaction activity is consistent with the synthetic mule-behavior scenario. | Customer interacted with multiple counterparties. | Customer has a sanctions indicator in the synthetic dataset.,,GENERAL_TRANSACTION_MONITORING,High rule-engine risk; Sanctions indicator,RULE_HIGH_ML_LOW,ESCALATE_FOR_DETAILED_REVIEW,PENDING_REVIEW,OPEN,,YES,PENDING_HUMAN_REVIEW
AML-CUST002257,CUST002257,P1,HIGH,51.0,25,22890.8,22890.8,,,,,,0,1,0,4,RF_FUNNEL_BEHAVIOR | RF_MULE_BEHAVIOR | RF_MULTIPLE_COUNTERPARTIES | RF_SANCTIONS,Activity involves multiple origin countries and elevated transaction frequency. | Transaction activity is consistent with the synthetic mule-behavior scenario. | Customer interacted with multiple counterparties. | Customer has a sanctions indicator in the synthetic dataset.,transaction_month | amount_vs_customer_average | customer_volume_share | channel_transaction_ratio | cash_ratio_24h | transaction_hour | is_night_transaction,GENERAL_TRANSACTION_MONITORING,High rule-engine risk; Sanctions indicator,RULE_HIGH_ML_LOW,ESCALATE_FOR_DETAILED_REVIEW,PENDING_REVIEW,OPEN,,YES,PENDING_HUMAN_REVIEW
AML-CUST002274,CUST002274,P1,HIGH,51.0,27,24626.53,24626.53,,,,,,0,1,0,4,RF_FUNNEL_BEHAVIOR | RF_MULE_BEHAVIOR | RF_MULTIPLE_COUNTERPARTIES | RF_SANCTIONS,Activity involves multiple origin countries and elevated transaction frequency. | Transaction activity is consistent with the synthetic mule-behavior scenario. | Customer interacted with multiple counterparties. | Customer has a sanctions indicator in the synthetic dataset.,,GENERAL_TRANSACTION_MONITORING,High rule-engine risk; Sanctions indicator,RULE_HIGH_ML_LOW,ESCALATE_FOR_DETAILED_REVIEW,PENDING_REVIEW,OPEN,,YES,PENDING_HUMAN_REVIEW
AML-CUST002904,CUST002904,P1,HIGH,51.0,23,33555.01,33555.01,,,,,,0,1,0,4,RF_FUNNEL_BEHAVIOR | RF_MULE_BEHAVIOR | RF_MULTIPLE_COUNTERPARTIES | RF_SANCTIONS,Activity involves multiple origin countries and elevated transaction frequency. | Transaction activity is consistent with the synthetic mule-behavior scenario. | Customer interacted with multiple counterparties. | Customer has a sanctions indicator in the synthetic dataset.,,GENERAL_TRANSACTION_MONITORING,High rule-engine risk; Sanctions indicator,RULE_HIGH_ML_LOW,ESCALATE_FOR_DETAILED_REVIEW,PENDING_REVIEW,OPEN,,YES,PENDING_HUMAN_REVIEW
AML-CUST000946,CUST000946,P1,MEDIUM,47.5,27,10711.72,10711.72,,,,,,0,1,0,3,RF_FUNNEL_BEHAVIOR | RF_MULTIPLE_COUNTERPARTIES | RF_SANCTIONS,Activity involves multiple origin countries and elevated transaction frequency. | Customer interacted with multiple counterparties. | Customer has a sanctions indicator in the synthetic dataset.,international_ratio_24h | cash_ratio_24h | is_weekend | is_small_cash_transaction | transactions_24h | transactions_7d,GENERAL_TRANSACTION_MONITORING,High rule-engine risk; Sanctions indicator,RULE_HIGH_ML_LOW,ESCALATE_FOR_DETAILED_REVIEW,PENDING_REVIEW,OPEN,,YES,PENDING_HUMAN_REVIEW
AML-CUST001003,CUST001003,P1,MEDIUM,47.5,21,11314.3,11314.3,,,,,,0,1,0,3,RF_FUNNEL_BEHAVIOR | RF_MULTIPLE_COUNTERPARTIES | RF_SANCTIONS,Activity involves multiple origin countries and elevated transaction frequency. | Customer interacted with multiple counterparties. | Customer has a sanctions indicator in the synthetic dataset.,,GENERAL_TRANSACTION_MONITORING,High rule-engine risk; Sanctions indicator,RULE_HIGH_ML_LOW,ESCALATE_FOR_DETAILED_REVIEW,PENDING_REVIEW,OPEN,,YES,PENDING_HUMAN_REVIEW
AML-CUST001495,CUST001495,P1,MEDIUM,47.5,17,14015.18,14015.18,,,,,,0,1,0,3,RF_FUNNEL_BEHAVIOR | RF_MULTIPLE_COUNTERPARTIES | RF_SANCTIONS,Activity involves multiple origin countries and elevated transaction frequency. | Customer interacted with multiple counterparties. | Customer has a sanctions indicator in the synthetic dataset.,transaction_hour | channel_transaction_ratio | log_amount | transaction_month,GENERAL_TRANSACTION_MONITORING,High rule-engine risk; Sanctions indicator,RULE_HIGH_ML_LOW,ESCALATE_FOR_DETAILED_REVIEW,PENDING_REVIEW,OPEN,,YES,PENDING_HUMAN_REVIEW
AML-CUST002056,CUST002056,P1,MEDIUM,47.5,18,9250.77,9250.77,,,,,,0,1,0,3,RF_FUNNEL_BEHAVIOR | RF_MULTIPLE_COUNTERPARTIES | RF_SANCTIONS,Activity involves multiple origin countries and elevated transaction frequency. | Customer interacted with multiple counterparties. | Customer has a sanctions indicator in the synthetic dataset.,is_night_transaction | channel_transaction_ratio | transaction_month,GENERAL_TRANSACTION_MONITORING,High rule-engine risk; Sanctions indicator,RULE_HIGH_ML_LOW,ESCALATE_FOR_DETAILED_REVIEW,PENDING_REVIEW,OPEN,,YES,PENDING_HUMAN_REVIEW
AML-CUST002140,CUST002140,P1,MEDIUM,47.5,22,22688.94,22688.94,,,,,,0,1,0,3,RF_FUNNEL_BEHAVIOR | RF_MULTIPLE_COUNTERPARTIES | RF_SANCTIONS,Activity involves multiple origin countries and elevated transaction frequency. | Customer interacted with multiple counterparties. | Customer has a sanctions indicator in the synthetic dataset.,transaction_hour | international_ratio_24h | log_amount | channel_transaction_ratio,GENERAL_TRANSACTION_MONITORING,High rule-engine risk; Sanctions indicator,RULE_HIGH_ML_LOW,ESCALATE_FOR_DETAILED_REVIEW,PENDING_REVIEW,OPEN,,YES,PENDING_HUMAN_REVIEW
AML-CUST002208,CUST002208,P1,MEDIUM,47.5,17,6224.3,6224.3,,,,,,0,1,0,3,RF_FUNNEL_BEHAVIOR | RF_MULTIPLE_COUNTERPARTIES | RF_SANCTIONS,Activity involves multiple origin countries and elevated transaction frequency. | Customer interacted with multiple counterparties. | Customer has a sanctions indicator in the synthetic dataset.,,GENERAL_TRANSACTION_MONITORING,High rule-engine risk; Sanctions indicator,RULE_HIGH_ML_LOW,ESCALATE_FOR_DETAILED_REVIEW,PENDING_REVIEW,OPEN,,YES,PENDING_HUMAN_REVIEW
AML-CUST003058,CUST003058,P1,MEDIUM,47.5,16,15601.98,15601.98,,,,,,0,1,0,3,RF_FUNNEL_BEHAVIOR | RF_MULTIPLE_COUNTERPARTIES | RF_SANCTIONS,Activity involves multiple origin countries and elevated transaction frequency. | Customer interacted with multiple counterparties. | Customer has a sanctions indicator in the synthetic dataset.,,GENERAL_TRANSACTION_MONITORING,High rule-engine risk; Sanctions indicator,RULE_HIGH_ML_LOW,ESCALATE_FOR_DETAILED_REVIEW,PENDING_REVIEW,OPEN,,YES,PENDING_HUMAN_REVIEW
AML-CUST003161,CUST003161,P1,MEDIUM,47.5,22,15089.73,15089.73,,,,,,0,1,0,3,RF_FUNNEL_BEHAVIOR | RF_MULTIPLE_COUNTERPARTIES | RF_SANCTIONS,Activity involves multiple origin countries and elevated transaction frequency. | Customer interacted with multiple counterparties. | Customer has a sanctions indicator in the synthetic dataset.,,GENERAL_TRANSACTION_MONITORING,High rule-engine risk; Sanctions indicator,RULE_HIGH_ML_LOW,ESCALATE_FOR_DETAILED_REVIEW,PENDING_REVIEW,OPEN,,YES,PENDING_HUMAN_REVIEW
AML-CUST004014,CUST004014,P1,MEDIUM,47.5,17,10934.38,10934.38,,,,,,0,1,0,3,RF_FUNNEL_BEHAVIOR | RF_MULTIPLE_COUNTERPARTIES | RF_SANCTIONS,Activity involves multiple origin countries and elevated transaction frequency. | Customer interacted with multiple counterparties. | Customer has a sanctions indicator in the synthetic dataset.,,GENERAL_TRANSACTION_MONITORING,High rule-engine risk; Sanctions indicator,RULE_HIGH_ML_LOW,ESCALATE_FOR_DETAILED_REVIEW,PENDING_REVIEW,OPEN,,YES,PENDING_HUMAN_REVIEW
AML-CUST004736,CUST004736,P1,MEDIUM,47.5,22,10548.03,10548.03,,,,,,0,1,0,3,RF_FUNNEL_BEHAVIOR | RF_MULTIPLE_COUNTERPARTIES | RF_SANCTIONS,Activity involves multiple origin countries and elevated transaction frequency. | Customer interacted with multiple counterparties. | Customer has a sanctions indicator in the synthetic dataset.,log_amount | channel_transaction_ratio | channel_transaction_count,GENERAL_TRANSACTION_MONITORING,High rule-engine risk; Sanctions indicator,RULE_HIGH_ML_LOW,ESCALATE_FOR_DETAILED_REVIEW,PENDING_REVIEW,OPEN,,YES,PENDING_HUMAN_REVIEW
AML-CUST000607,CUST000607,P1,MEDIUM,45.75,20,12110.31,12110.31,,,,,,0,1,0,3,RF_FUNNEL_BEHAVIOR | RF_MULTIPLE_COUNTERPARTIES | RF_SANCTIONS,Activity involves multiple origin countries and elevated transaction frequency. | Customer interacted with multiple counterparties. | Customer has a sanctions indicator in the synthetic dataset.,is_night_transaction | channel_transaction_ratio | cash_ratio_24h,GENERAL_TRANSACTION_MONITORING,High rule-engine risk; Sanctions indicator,RULE_HIGH_ML_LOW,ESCALATE_FOR_DETAILED_REVIEW,PENDING_REVIEW,OPEN,,YES,PENDING_HUMAN_REVIEW
AML-CUST001440,CUST001440,P1,MEDIUM,45.75,20,10752.47,10752.47,,,,,,0,1,0,3,RF_FUNNEL_BEHAVIOR | RF_MULTIPLE_COUNTERPARTIES | RF_SANCTIONS,Activity involves multiple origin countries and elevated transaction frequency. | Customer interacted with multiple counterparties. | Customer has a sanctions indicator in the synthetic dataset.,log_amount | transaction_hour | international_ratio_24h | transaction_month,GENERAL_TRANSACTION_MONITORING,High rule-engine risk; Sanctions indicator,RULE_HIGH_ML_LOW,ESCALATE_FOR_DETAILED_REVIEW,PENDING_REVIEW,OPEN,,YES,PENDING_HUMAN_REVIEW
AML-CUST003780,CUST003780,P1,MEDIUM,45.75,19,13817.28,13817.28,,,,,,0,1,0,3,RF_FUNNEL_BEHAVIOR | RF_MULTIPLE_COUNTERPARTIES | RF_SANCTIONS,Activity involves multiple origin countries and elevated transaction frequency. | Customer interacted with multiple counterparties. | Customer has a sanctions indicator in the synthetic dataset.,is_night_transaction | channel_transaction_ratio | log_amount,GENERAL_TRANSACTION_MONITORING,High rule-engine risk; Sanctions indicator,RULE_HIGH_ML_LOW,ESCALATE_FOR_DETAILED_REVIEW,PENDING_REVIEW,OPEN,,YES,PENDING_HUMAN_REVIEW
AML-CUST000010,CUST000010,P2,HIGH,75.0,20,204756.32,186679.55,,,,,,0,0,0,4,RF_FUNNEL_BEHAVIOR | RF_MULE_BEHAVIOR | RF_MULTIPLE_COUNTERPARTIES | RF_STRUCTURING,Activity involves multiple origin countries and elevated transaction frequency. | Transaction activity is consistent with the synthetic mule-behavior scenario. | Customer interacted with multiple counterparties. | Multiple transactions observed in the synthetic structuring threshold range.,,STRUCTURING,High rule-engine risk; High ML suspiciousness score,STRONG_AGREEMENT,INVESTIGATE,PENDING_REVIEW,OPEN,,YES,PENDING_HUMAN_REVIEW
AML-CUST000041,CUST000041,P2,HIGH,75.0,20,640133.09,613932.42,,,,,,0,0,0,3,RF_FUNNEL_BEHAVIOR | RF_MULE_BEHAVIOR | RF_MULTIPLE_COUNTERPARTIES,Activity involves multiple origin countries and elevated transaction frequency. | Transaction activity is consistent with the synthetic mule-behavior scenario. | Customer interacted with multiple counterparties.,log_amount | amount_usd | amount_deviation_from_average,RAPID_MOVEMENT,High rule-engine risk; High ML suspiciousness score,STRONG_AGREEMENT,INVESTIGATE,PENDING_REVIEW,OPEN,,YES,PENDING_HUMAN_REVIEW
AML-CUST000042,CUST000042,P2,HIGH,75.0,20,634128.98,611494.97,,,,,,0,0,0,3,RF_FUNNEL_BEHAVIOR | RF_MULE_BEHAVIOR | RF_MULTIPLE_COUNTERPARTIES,Activity involves multiple origin countries and elevated transaction frequency. | Transaction activity is consistent with the synthetic mule-behavior scenario. | Customer interacted with multiple counterparties.,,RAPID_MOVEMENT,High rule-engine risk; High ML suspiciousness score,STRONG_AGREEMENT,INVESTIGATE,PENDING_REVIEW,OPEN,,YES,PENDING_HUMAN_REVIEW
AML-CUST000048,CUST000048,P2,HIGH,75.0,20,643450.52,617796.55,,,,,,0,0,0,3,RF_FUNNEL_BEHAVIOR | RF_MULE_BEHAVIOR | RF_MULTIPLE_COUNTERPARTIES,Activity involves multiple origin countries and elevated transaction frequency. | Transaction activity is consistent with the synthetic mule-behavior scenario. | Customer interacted with multiple counterparties.,,RAPID_MOVEMENT,High rule-engine risk; High ML suspiciousness score,STRONG_AGREEMENT,INVESTIGATE,PENDING_REVIEW,OPEN,,YES,PENDING_HUMAN_REVIEW
AML-CUST000080,CUST000080,P2,HIGH,75.0,20,189661.54,174432.2,,,,,,0,0,0,4,RF_FUNNEL_BEHAVIOR | RF_MULE_BEHAVIOR | RF_MULTIPLE_COUNTERPARTIES | RF_STRUCTURING,Activity involves multiple origin countries and elevated transaction frequency. | Transaction activity is consistent with the synthetic mule-behavior scenario. | Customer interacted with multiple counterparties. | Multiple transactions observed in the synthetic structuring threshold range.,log_amount | suspicious_transaction_ratio | rapid_transaction_indicator,FUNNEL_ACCOUNT,High rule-engine risk; High ML suspiciousness score,STRONG_AGREEMENT,INVESTIGATE,PENDING_REVIEW,OPEN,,YES,PENDING_HUMAN_REVIEW
AML-CUST000082,CUST000082,P2,HIGH,75.0,20,145452.06,136876.34,,,,,,0,0,0,4,RF_FUNNEL_BEHAVIOR | RF_MULE_BEHAVIOR | RF_MULTIPLE_COUNTERPARTIES | RF_STRUCTURING,Activity involves multiple origin countries and elevated transaction frequency. | Transaction activity is consistent with the synthetic mule-behavior scenario. | Customer interacted with multiple counterparties. | Multiple transactions observed in the synthetic structuring threshold range.,,FUNNEL_ACCOUNT,High rule-engine risk; High ML suspiciousness score,STRONG_AGREEMENT,INVESTIGATE,PENDING_REVIEW,OPEN,,YES,PENDING_HUMAN_REVIEW
AML-CUST000126,CUST000126,P2,HIGH,75.0,20,142409.88,120790.29,,,,,,0,0,0,4,RF_FUNNEL_BEHAVIOR | RF_MULE_BEHAVIOR | RF_MULTIPLE_COUNTERPARTIES | RF_STRUCTURING,Activity involves multiple origin countries and elevated transaction frequency. | Transaction activity is consistent with the synthetic mule-behavior scenario. | Customer interacted with multiple counterparties. | Multiple transactions observed in the synthetic structuring threshold range.,transactions_24h | log_amount | rapid_transaction_indicator,MULE_BEHAVIOR,High rule-engine risk; High ML suspiciousness score,STRONG_AGREEMENT,INVESTIGATE,PENDING_REVIEW,OPEN,,YES,PENDING_HUMAN_REVIEW
AML-CUST000128,CUST000128,P2,HIGH,75.0,20,152620.47,133366.04,,,,,,0,0,0,4,RF_FUNNEL_BEHAVIOR | RF_MULE_BEHAVIOR | RF_MULTIPLE_COUNTERPARTIES | RF_STRUCTURING,Activity involves multiple origin countries and elevated transaction frequency. | Transaction activity is consistent with the synthetic mule-behavior scenario. | Customer interacted with multiple counterparties. | Multiple transactions observed in the synthetic structuring threshold range.,log_amount | transactions_24h | rapid_transaction_indicator,MULE_BEHAVIOR,High rule-engine risk; High ML suspiciousness score,STRONG_AGREEMENT,INVESTIGATE,PENDING_REVIEW,OPEN,,YES,PENDING_HUMAN_REVIEW
AML-CUST000135,CUST000135,P2,HIGH,75.0,21,210221.81,192145.82,,,,,,0,0,0,4,RF_FUNNEL_BEHAVIOR | RF_MULE_BEHAVIOR | RF_MULTIPLE_COUNTERPARTIES | RF_STRUCTURING,Activity involves multiple origin countries and elevated transaction frequency. | Transaction activity is consistent with the synthetic mule-behavior scenario. | Customer interacted with multiple counterparties. | Multiple transactions observed in the synthetic structuring threshold range.,,FRAUD_LINKED,High rule-engine risk; High ML suspiciousness score,STRONG_AGREEMENT,INVESTIGATE,PENDING_REVIEW,OPEN,,YES,PENDING_HUMAN_REVIEW
AML-CUST000152,CUST000152,P2,HIGH,75.0,20,185319.85,173541.72,,,,,,0,0,0,3,RF_FUNNEL_BEHAVIOR | RF_MULE_BEHAVIOR | RF_MULTIPLE_COUNTERPARTIES,Activity involves multiple origin countries and elevated transaction frequency. | Transaction activity is consistent with the synthetic mule-behavior scenario. | Customer interacted with multiple counterparties.,log_amount | suspicious_transaction_ratio | rapid_transaction_indicator,FRAUD_LINKED,High rule-engine risk; High ML suspiciousness score,STRONG_AGREEMENT,INVESTIGATE,PENDING_REVIEW,OPEN,,YES,PENDING_HUMAN_REVIEW
AML-CUST000157,CUST000157,P2,HIGH,75.0,21,171683.94,155529.48,,,,,,0,0,0,4,RF_FUNNEL_BEHAVIOR | RF_MULE_BEHAVIOR | RF_MULTIPLE_COUNTERPARTIES | RF_STRUCTURING,Activity involves multiple origin countries and elevated transaction frequency. | Transaction activity is consistent with the synthetic mule-behavior scenario. | Customer interacted with multiple counterparties. | Multiple transactions observed in the synthetic structuring threshold range.,transaction_hour | suspicious_transaction_ratio | log_amount,FRAUD_LINKED,High rule-engine risk; High ML suspiciousness score,STRONG_AGREEMENT,INVESTIGATE,PENDING_REVIEW,OPEN,,YES,PENDING_HUMAN_REVIEW
AML-CUST000029,CUST000029,P2,HIGH,60.18,21,217526.33,194505.26,,,,,,0,0,0,4,RF_FUNNEL_BEHAVIOR | RF_MULE_BEHAVIOR | RF_MULTIPLE_COUNTERPARTIES | RF_STRUCTURING,Activity involves multiple origin countries and elevated transaction frequency. | Transaction activity is consistent with the synthetic mule-behavior scenario. | Customer interacted with multiple counterparties. | Multiple transactions observed in the synthetic structuring threshold range.,log_amount | suspicious_transaction_ratio | structuring_ratio,STRUCTURING_RELATED,High rule-engine risk; High ML suspiciousness score; Behavioral model drivers: log_amount | suspicious_transaction_ratio | structuring_ratio,STRONG_AGREEMENT,INVESTIGATE,PENDING_REVIEW,OPEN,,YES,PENDING_HUMAN_REVIEW
AML-CUST000159,CUST000159,P3,MEDIUM,49.5,13,179819.68,121346.64,,,,,,0,0,0,3,RF_FUNNEL_BEHAVIOR | RF_MULE_BEHAVIOR | RF_MULTIPLE_COUNTERPARTIES,Activity involves multiple origin countries and elevated transaction frequency. | Transaction activity is consistent with the synthetic mule-behavior scenario. | Customer interacted with multiple counterparties.,log_amount | suspicious_transaction_ratio | rapid_transaction_indicator,GENERAL_TRANSACTION_MONITORING,High ML suspiciousness score,ML_HIGH_RULE_LOW,STANDARD_REVIEW,PENDING_REVIEW,OPEN,,NO,PENDING_HUMAN_REVIEW
AML-CUST000139,CUST000139,P3,MEDIUM,49.01,15,204690.34,164864.51,,,,,,0,0,0,3,RF_FUNNEL_BEHAVIOR | RF_MULE_BEHAVIOR | RF_MULTIPLE_COUNTERPARTIES,Activity involves multiple origin countries and elevated transaction frequency. | Transaction activity is consistent with the synthetic mule-behavior scenario. | Customer interacted with multiple counterparties.,,GENERAL_TRANSACTION_MONITORING,High ML suspiciousness score,ML_HIGH_RULE_LOW,STANDARD_REVIEW,PENDING_REVIEW,OPEN,,NO,PENDING_HUMAN_REVIEW
AML-CUST001070,CUST001070,P3,MEDIUM,48.25,15,14943.25,14943.25,,,,,,1,0,1,5,RF_ADVERSE_MEDIA | RF_FUNNEL_BEHAVIOR | RF_MULE_BEHAVIOR | RF_MULTIPLE_COUNTERPARTIES | RF_PEP,Customer has an adverse-media indicator in the synthetic dataset. | Activity involves multiple origin countries and elevated transaction frequency. | Transaction activity is consistent with the synthetic mule-behavior scenario. | Customer interacted with multiple counterparties. | Customer is marked with a PEP indicator in the synthetic dataset.,,GENERAL_TRANSACTION_MONITORING,High rule-engine risk; PEP indicator; Adverse media indicator,RULE_HIGH_ML_LOW,STANDARD_REVIEW,PENDING_REVIEW,OPEN,,NO,PENDING_HUMAN_REVIEW
AML-CUST001602,CUST001602,P3,MEDIUM,48.25,19,17462.25,17462.25,,,,,,1,0,1,5,RF_ADVERSE_MEDIA | RF_FUNNEL_BEHAVIOR | RF_MULE_BEHAVIOR | RF_MULTIPLE_COUNTERPARTIES | RF_PEP,Customer has an adverse-media indicator in the synthetic dataset. | Activity involves multiple origin countries and elevated transaction frequency. | Transaction activity is consistent with the synthetic mule-behavior scenario. | Customer interacted with multiple counterparties. | Customer is marked with a PEP indicator in the synthetic dataset.,is_night_transaction | international_ratio_24h | adverse_media_flag,GENERAL_TRANSACTION_MONITORING,High rule-engine risk; PEP indicator; Adverse media indicator,RULE_HIGH_ML_LOW,STANDARD_REVIEW,PENDING_REVIEW,OPEN,,NO,PENDING_HUMAN_REVIEW
AML-CUST002465,CUST002465,P3,MEDIUM,48.25,22,31079.06,31079.06,,,,,,1,0,1,5,RF_ADVERSE_MEDIA | RF_FUNNEL_BEHAVIOR | RF_MULE_BEHAVIOR | RF_MULTIPLE_COUNTERPARTIES | RF_PEP,Customer has an adverse-media indicator in the synthetic dataset. | Activity involves multiple origin countries and elevated transaction frequency. | Transaction activity is consistent with the synthetic mule-behavior scenario. | Customer interacted with multiple counterparties. | Customer is marked with a PEP indicator in the synthetic dataset.,transaction_hour | is_night_transaction | channel_transaction_ratio,GENERAL_TRANSACTION_MONITORING,High rule-engine risk; PEP indicator; Adverse media indicator,RULE_HIGH_ML_LOW,STANDARD_REVIEW,PENDING_REVIEW,OPEN,,NO,PENDING_HUMAN_REVIEW
AML-CUST000144,CUST000144,P3,MEDIUM,47.77,6,151660.09,41487.11,,,,,,0,0,0,3,RF_FUNNEL_BEHAVIOR | RF_MULE_BEHAVIOR | RF_MULTIPLE_COUNTERPARTIES,Activity involves multiple origin countries and elevated transaction frequency. | Transaction activity is consistent with the synthetic mule-behavior scenario. | Customer interacted with multiple counterparties.,suspicious_transaction_ratio | transaction_hour | channel_transaction_count,GENERAL_TRANSACTION_MONITORING,High ML suspiciousness score; Behavioral model drivers: suspicious_transaction_ratio | transaction_hour | channel_transaction_count,ML_HIGH_RULE_LOW,STANDARD_REVIEW,PENDING_REVIEW,OPEN,,NO,PENDING_HUMAN_REVIEW
AML-CUST000045,CUST000045,P3,MEDIUM,47.5,51,608817.96,608817.96,,,,,,1,0,0,4,RF_FUNNEL_BEHAVIOR | RF_MULE_BEHAVIOR | RF_MULTIPLE_COUNTERPARTIES | RF_PEP,Activity involves multiple origin countries and elevated transaction frequency. | Transaction activity is consistent with the synthetic mule-behavior scenario. | Customer interacted with multiple counterparties. | Customer is marked with a PEP indicator in the synthetic dataset.,amount_deviation_from_average | log_amount | amount_usd,RAPID_MOVEMENT,High rule-engine risk; PEP indicator,RULE_HIGH_ML_LOW,STANDARD_REVIEW,PENDING_REVIEW,OPEN,,NO,PENDING_HUMAN_REVIEW
AML-CUST000756,CUST000756,P3,MEDIUM,45.75,38,36013.58,36013.58,,,,,,1,0,0,4,RF_FUNNEL_BEHAVIOR | RF_MULE_BEHAVIOR | RF_MULTIPLE_COUNTERPARTIES | RF_PEP,Activity involves multiple origin countries and elevated transaction frequency. | Transaction activity is consistent with the synthetic mule-behavior scenario. | Customer interacted with multiple counterparties. | Customer is marked with a PEP indicator in the synthetic dataset.,transaction_hour | is_night_transaction | is_small_cash_transaction | log_amount | unique_counterparties | international_ratio_24h,GENERAL_TRANSACTION_MONITORING,High rule-engine risk; PEP indicator,RULE_HIGH_ML_LOW,STANDARD_REVIEW,PENDING_REVIEW,OPEN,,NO,PENDING_HUMAN_REVIEW
AML-CUST003038,CUST003038,P3,MEDIUM,45.75,24,21409.55,21409.55,,,,,,1,0,0,4,RF_FUNNEL_BEHAVIOR | RF_MULE_BEHAVIOR | RF_MULTIPLE_COUNTERPARTIES | RF_PEP,Activity involves multiple origin countries and elevated transaction frequency. | Transaction activity is consistent with the synthetic mule-behavior scenario. | Customer interacted with multiple counterparties. | Customer is marked with a PEP indicator in the synthetic dataset.,transaction_month | channel_transaction_ratio | structuring_ratio,GENERAL_TRANSACTION_MONITORING,High rule-engine risk; PEP indicator,RULE_HIGH_ML_LOW,STANDARD_REVIEW,PENDING_REVIEW,OPEN,,NO,PENDING_HUMAN_REVIEW
AML-CUST002782,CUST002782,P3,MEDIUM,44.0,30,35658.69,35658.69,,,,,,1,0,0,4,RF_FUNNEL_BEHAVIOR | RF_MULE_BEHAVIOR | RF_MULTIPLE_COUNTERPARTIES | RF_PEP,Activity involves multiple origin countries and elevated transaction frequency. | Transaction activity is consistent with the synthetic mule-behavior scenario. | Customer interacted with multiple counterparties. | Customer is marked with a PEP indicator in the synthetic dataset.,log_amount | transaction_hour | international_ratio_24h,GENERAL_TRANSACTION_MONITORING,High rule-engine risk; PEP indicator,RULE_HIGH_ML_LOW,STANDARD_REVIEW,PENDING_REVIEW,OPEN,,NO,PENDING_HUMAN_REVIEW
AML-CUST004328,CUST004328,P3,MEDIUM,44.0,21,44129.87,44129.87,,,,,,1,0,0,4,RF_FUNNEL_BEHAVIOR | RF_MULE_BEHAVIOR | RF_MULTIPLE_COUNTERPARTIES | RF_PEP,Activity involves multiple origin countries and elevated transaction frequency. | Transaction activity is consistent with the synthetic mule-behavior scenario. | Customer interacted with multiple counterparties. | Customer is marked with a PEP indicator in the synthetic dataset.,transaction_hour | log_amount | channel_transaction_ratio,GENERAL_TRANSACTION_MONITORING,High rule-engine risk; PEP indicator,RULE_HIGH_ML_LOW,STANDARD_REVIEW,PENDING_REVIEW,OPEN,,NO,PENDING_HUMAN_REVIEW
AML-CUST000030,CUST000030,P3,MEDIUM,42.5,38,218699.32,214718.87,,,,,,0,0,1,5,RF_ADVERSE_MEDIA | RF_FUNNEL_BEHAVIOR | RF_MULE_BEHAVIOR | RF_MULTIPLE_COUNTERPARTIES | RF_STRUCTURING,Customer has an adverse-media indicator in the synthetic dataset. | Activity involves multiple origin countries and elevated transaction frequency. | Transaction activity is consistent with the synthetic mule-behavior scenario. | Customer interacted with multiple counterparties. | Multiple transactions observed in the synthetic structuring threshold range.,suspicious_transaction_ratio | structuring_ratio | rapid_movement_ratio | log_amount | rapid_transaction_indicator | transactions_24h,STRUCTURING,High rule-engine risk; Adverse media indicator,RULE_HIGH_ML_LOW,STANDARD_REVIEW,PENDING_REVIEW,OPEN,,NO,PENDING_HUMAN_REVIEW
AML-CUST000060,CUST000060,P3,MEDIUM,42.5,35,182501.67,179734.25,,,,,,0,0,1,5,RF_ADVERSE_MEDIA | RF_FUNNEL_BEHAVIOR | RF_MULE_BEHAVIOR | RF_MULTIPLE_COUNTERPARTIES | RF_STRUCTURING,Customer has an adverse-media indicator in the synthetic dataset. | Activity involves multiple origin countries and elevated transaction frequency. | Transaction activity is consistent with the synthetic mule-behavior scenario. | Customer interacted with multiple counterparties. | Multiple transactions observed in the synthetic structuring threshold range.,log_amount | rapid_transaction_indicator | suspicious_transaction_ratio | transactions_24h | transaction_hour | channel_transaction_count,FUNNEL_ACCOUNT,High rule-engine risk; Adverse media indicator,RULE_HIGH_ML_LOW,STANDARD_REVIEW,PENDING_REVIEW,OPEN,,NO,PENDING_HUMAN_REVIEW
AML-CUST000062,CUST000062,P3,MEDIUM,42.5,31,170489.32,152299.09,,,,,,0,0,1,5,RF_ADVERSE_MEDIA | RF_FUNNEL_BEHAVIOR | RF_MULE_BEHAVIOR | RF_MULTIPLE_COUNTERPARTIES | RF_STRUCTURING,Customer has an adverse-media indicator in the synthetic dataset. | Activity involves multiple origin countries and elevated transaction frequency. | Transaction activity is consistent with the synthetic mule-behavior scenario. | Customer interacted with multiple counterparties. | Multiple transactions observed in the synthetic structuring threshold range.,log_amount | suspicious_transaction_ratio | rapid_transaction_indicator,FUNNEL_ACCOUNT,High rule-engine risk; Adverse media indicator,RULE_HIGH_ML_LOW,STANDARD_REVIEW,PENDING_REVIEW,OPEN,,NO,PENDING_HUMAN_REVIEW
AML-CUST000081,CUST000081,P3,MEDIUM,42.5,30,168900.75,161943.6,,,,,,0,0,1,5,RF_ADVERSE_MEDIA | RF_FUNNEL_BEHAVIOR | RF_MULE_BEHAVIOR | RF_MULTIPLE_COUNTERPARTIES | RF_STRUCTURING,Customer has an adverse-media indicator in the synthetic dataset. | Activity involves multiple origin countries and elevated transaction frequency. | Transaction activity is consistent with the synthetic mule-behavior scenario. | Customer interacted with multiple counterparties. | Multiple transactions observed in the synthetic structuring threshold range.,,FUNNEL_ACCOUNT,High rule-engine risk; Adverse media indicator,RULE_HIGH_ML_LOW,STANDARD_REVIEW,PENDING_REVIEW,OPEN,,NO,PENDING_HUMAN_REVIEW
AML-CUST000097,CUST000097,P3,MEDIUM,42.5,33,436362.83,432732.52,,,,,,0,0,1,4,RF_ADVERSE_MEDIA | RF_FUNNEL_BEHAVIOR | RF_MULE_BEHAVIOR | RF_MULTIPLE_COUNTERPARTIES,Customer has an adverse-media indicator in the synthetic dataset. | Activity involves multiple origin countries and elevated transaction frequency. | Transaction activity is consistent with the synthetic mule-behavior scenario. | Customer interacted with multiple counterparties.,log_amount | amount_usd | amount_deviation_from_average,LAYERING,High rule-engine risk; Adverse media indicator,RULE_HIGH_ML_LOW,STANDARD_REVIEW,PENDING_REVIEW,OPEN,,NO,PENDING_HUMAN_REVIEW
AML-CUST002926,CUST002926,P3,MEDIUM,42.5,14,18496.9,16888.39,,,,,,0,0,1,4,RF_ADVERSE_MEDIA | RF_FUNNEL_BEHAVIOR | RF_MULE_BEHAVIOR | RF_MULTIPLE_COUNTERPARTIES,Customer has an adverse-media indicator in the synthetic dataset. | Activity involves multiple origin countries and elevated transaction frequency. | Transaction activity is consistent with the synthetic mule-behavior scenario. | Customer interacted with multiple counterparties.,,GENERAL_TRANSACTION_MONITORING,High rule-engine risk; Adverse media indicator,RULE_HIGH_ML_LOW,STANDARD_REVIEW,PENDING_REVIEW,OPEN,,NO,PENDING_HUMAN_REVIEW
AML-CUST000046,CUST000046,P3,MEDIUM,42.12,20,631886.03,571446.91,,,,,,0,0,0,3,RF_FUNNEL_BEHAVIOR | RF_MULE_BEHAVIOR | RF_MULTIPLE_COUNTERPARTIES,Activity involves multiple origin countries and elevated transaction frequency. | Transaction activity is consistent with the synthetic mule-behavior scenario. | Customer interacted with multiple counterparties.,,GENERAL_TRANSACTION_MONITORING,High ML suspiciousness score,ML_HIGH_RULE_LOW,STANDARD_REVIEW,PENDING_REVIEW,OPEN,,NO,PENDING_HUMAN_REVIEW
AML-CUST003118,CUST003118,P3,MEDIUM,40.75,11,41398.95,36768.57,,,,,,0,0,1,4,RF_ADVERSE_MEDIA | RF_FUNNEL_BEHAVIOR | RF_MULE_BEHAVIOR | RF_MULTIPLE_COUNTERPARTIES,Customer has an adverse-media indicator in the synthetic dataset. | Activity involves multiple origin countries and elevated transaction frequency. | Transaction activity is consistent with the synthetic mule-behavior scenario. | Customer interacted with multiple counterparties.,,GENERAL_TRANSACTION_MONITORING,High rule-engine risk; Adverse media indicator,RULE_HIGH_ML_LOW,STANDARD_REVIEW,PENDING_REVIEW,OPEN,,NO,PENDING_HUMAN_REVIEW
AML-CUST004424,CUST004424,P3,MEDIUM,40.75,13,27418.41,17983.86,,,,,,0,0,1,4,RF_ADVERSE_MEDIA | RF_FUNNEL_BEHAVIOR | RF_MULE_BEHAVIOR | RF_MULTIPLE_COUNTERPARTIES,Customer has an adverse-media indicator in the synthetic dataset. | Activity involves multiple origin countries and elevated transaction frequency. | Transaction activity is consistent with the synthetic mule-behavior scenario. | Customer interacted with multiple counterparties.,,GENERAL_TRANSACTION_MONITORING,High rule-engine risk; Adverse media indicator,RULE_HIGH_ML_LOW,STANDARD_REVIEW,PENDING_REVIEW,OPEN,,NO,PENDING_HUMAN_REVIEW
AML-CUST000257,CUST000257,P3,MEDIUM,40.5,22,24054.32,24054.32,,,,,,1,0,0,4,RF_FUNNEL_BEHAVIOR | RF_MULE_BEHAVIOR | RF_MULTIPLE_COUNTERPARTIES | RF_PEP,Activity involves multiple origin countries and elevated transaction frequency. | Transaction activity is consistent with the synthetic mule-behavior scenario. | Customer interacted with multiple counterparties. | Customer is marked with a PEP indicator in the synthetic dataset.,,GENERAL_TRANSACTION_MONITORING,High rule-engine risk; PEP indicator,RULE_HIGH_ML_LOW,STANDARD_REVIEW,PENDING_REVIEW,OPEN,,NO,PENDING_HUMAN_REVIEW
AML-CUST002349,CUST002349,P3,MEDIUM,40.5,25,46261.38,46261.38,,,,,,1,0,0,4,RF_FUNNEL_BEHAVIOR | RF_MULE_BEHAVIOR | RF_MULTIPLE_COUNTERPARTIES | RF_PEP,Activity involves multiple origin countries and elevated transaction frequency. | Transaction activity is consistent with the synthetic mule-behavior scenario. | Customer interacted with multiple counterparties. | Customer is marked with a PEP indicator in the synthetic dataset.,international_ratio_24h | customer_max_transaction | transaction_hour | amount_deviation_from_average | log_amount | amount_usd | transaction_month | is_night_transaction,GENERAL_TRANSACTION_MONITORING,High rule-engine risk; PEP indicator; Behavioral model drivers: amount_deviation_from_average | log_amount | amount_usd,RULE_HIGH_ML_LOW,STANDARD_REVIEW,PENDING_REVIEW,OPEN,,NO,PENDING_HUMAN_REVIEW
AML-CUST002635,CUST002635,P3,MEDIUM,40.5,18,15437.88,15437.88,,,,,,1,0,0,4,RF_FUNNEL_BEHAVIOR | RF_MULE_BEHAVIOR | RF_MULTIPLE_COUNTERPARTIES | RF_PEP,Activity involves multiple origin countries and elevated transaction frequency. | Transaction activity is consistent with the synthetic mule-behavior scenario. | Customer interacted with multiple counterparties. | Customer is marked with a PEP indicator in the synthetic dataset.,transaction_hour | international_ratio_24h | unique_destination_countries | is_night_transaction,GENERAL_TRANSACTION_MONITORING,High rule-engine risk; PEP indicator,RULE_HIGH_ML_LOW,STANDARD_REVIEW,PENDING_REVIEW,OPEN,,NO,PENDING_HUMAN_REVIEW
AML-CUST002674,CUST002674,P3,MEDIUM,40.5,24,17587.44,17587.44,,,,,,1,0,0,4,RF_FUNNEL_BEHAVIOR | RF_MULE_BEHAVIOR | RF_MULTIPLE_COUNTERPARTIES | RF_PEP,Activity involves multiple origin countries and elevated transaction frequency. | Transaction activity is consistent with the synthetic mule-behavior scenario. | Customer interacted with multiple counterparties. | Customer is marked with a PEP indicator in the synthetic dataset.,,GENERAL_TRANSACTION_MONITORING,High rule-engine risk; PEP indicator,RULE_HIGH_ML_LOW,STANDARD_REVIEW,PENDING_REVIEW,OPEN,,NO,PENDING_HUMAN_REVIEW
AML-CUST003176,CUST003176,P3,MEDIUM,40.5,21,19780.11,19780.11,,,,,,1,0,0,4,RF_FUNNEL_BEHAVIOR | RF_MULE_BEHAVIOR | RF_MULTIPLE_COUNTERPARTIES | RF_PEP,Activity involves multiple origin countries and elevated transaction frequency. | Transaction activity is consistent with the synthetic mule-behavior scenario. | Customer interacted with multiple counterparties. | Customer is marked with a PEP indicator in the synthetic dataset.,,GENERAL_TRANSACTION_MONITORING,High rule-engine risk; PEP indicator,RULE_HIGH_ML_LOW,STANDARD_REVIEW,PENDING_REVIEW,OPEN,,NO,PENDING_HUMAN_REVIEW
AML-CUST003600,CUST003600,P3,MEDIUM,40.5,32,34505.32,34505.32,,,,,,1,0,0,4,RF_FUNNEL_BEHAVIOR | RF_MULE_BEHAVIOR | RF_MULTIPLE_COUNTERPARTIES | RF_PEP,Activity involves multiple origin countries and elevated transaction frequency. | Transaction activity is consistent with the synthetic mule-behavior scenario. | Customer interacted with multiple counterparties. | Customer is marked with a PEP indicator in the synthetic dataset.,log_amount | unique_counterparties | customer_total_transactions,GENERAL_TRANSACTION_MONITORING,High rule-engine risk; PEP indicator,RULE_HIGH_ML_LOW,STANDARD_REVIEW,PENDING_REVIEW,OPEN,,NO,PENDING_HUMAN_REVIEW
AML-CUST004434,CUST004434,P3,MEDIUM,40.5,24,22424.67,22424.67,,,,,,1,0,0,4,RF_FUNNEL_BEHAVIOR | RF_MULE_BEHAVIOR | RF_MULTIPLE_COUNTERPARTIES | RF_PEP,Activity involves multiple origin countries and elevated transaction frequency. | Transaction activity is consistent with the synthetic mule-behavior scenario. | Customer interacted with multiple counterparties. | Customer is marked with a PEP indicator in the synthetic dataset.,,GENERAL_TRANSACTION_MONITORING,High rule-engine risk; PEP indicator,RULE_HIGH_ML_LOW,STANDARD_REVIEW,PENDING_REVIEW,OPEN,,NO,PENDING_HUMAN_REVIEW
AML-CUST004803,CUST004803,P3,MEDIUM,39.0,11,23371.16,11602.77,,,,,,0,0,1,4,RF_ADVERSE_MEDIA | RF_FUNNEL_BEHAVIOR | RF_MULE_BEHAVIOR | RF_MULTIPLE_COUNTERPARTIES,Customer has an adverse-media indicator in the synthetic dataset. | Activity involves multiple origin countries and elevated transaction frequency. | Transaction activity is consistent with the synthetic mule-behavior scenario. | Customer interacted with multiple counterparties.,,GENERAL_TRANSACTION_MONITORING,High rule-engine risk; Adverse media indicator,RULE_HIGH_ML_LOW,STANDARD_REVIEW,PENDING_REVIEW,OPEN,,NO,PENDING_HUMAN_REVIEW
AML-CUST001549,CUST001549,P3,MEDIUM,38.75,23,16260.0,16260.0,,,,,,1,0,0,4,RF_FUNNEL_BEHAVIOR | RF_MULE_BEHAVIOR | RF_MULTIPLE_COUNTERPARTIES | RF_PEP,Activity involves multiple origin countries and elevated transaction frequency. | Transaction activity is consistent with the synthetic mule-behavior scenario. | Customer interacted with multiple counterparties. | Customer is marked with a PEP indicator in the synthetic dataset.,transaction_hour | transaction_month | log_amount,GENERAL_TRANSACTION_MONITORING,High rule-engine risk; PEP indicator,RULE_HIGH_ML_LOW,STANDARD_REVIEW,PENDING_REVIEW,OPEN,,NO,PENDING_HUMAN_REVIEW
AML-CUST003387,CUST003387,P3,MEDIUM,38.75,28,38630.59,38630.59,,,,,,1,0,0,4,RF_FUNNEL_BEHAVIOR | RF_MULE_BEHAVIOR | RF_MULTIPLE_COUNTERPARTIES | RF_PEP,Activity involves multiple origin countries and elevated transaction frequency. | Transaction activity is consistent with the synthetic mule-behavior scenario. | Customer interacted with multiple counterparties. | Customer is marked with a PEP indicator in the synthetic dataset.,international_ratio_24h | customer_max_transaction | amount_vs_customer_average,GENERAL_TRANSACTION_MONITORING,High rule-engine risk; PEP indicator,RULE_HIGH_ML_LOW,STANDARD_REVIEW,PENDING_REVIEW,OPEN,,NO,PENDING_HUMAN_REVIEW
AML-CUST004188,CUST004188,P3,MEDIUM,38.75,15,31207.82,31207.82,,,,,,1,0,0,4,RF_FUNNEL_BEHAVIOR | RF_MULE_BEHAVIOR | RF_MULTIPLE_COUNTERPARTIES | RF_PEP,Activity involves multiple origin countries and elevated transaction frequency. | Transaction activity is consistent with the synthetic mule-behavior scenario. | Customer interacted with multiple counterparties. | Customer is marked with a PEP indicator in the synthetic dataset.,,GENERAL_TRANSACTION_MONITORING,High rule-engine risk; PEP indicator,RULE_HIGH_ML_LOW,STANDARD_REVIEW,PENDING_REVIEW,OPEN,,NO,PENDING_HUMAN_REVIEW
AML-CUST001114,CUST001114,P3,MEDIUM,37.75,27,13590.04,13590.04,,,,,,1,0,1,4,RF_ADVERSE_MEDIA | RF_FUNNEL_BEHAVIOR | RF_MULTIPLE_COUNTERPARTIES | RF_PEP,Customer has an adverse-media indicator in the synthetic dataset. | Activity involves multiple origin countries and elevated transaction frequency. | Customer interacted with multiple counterparties. | Customer is marked with a PEP indicator in the synthetic dataset.,log_amount | transaction_month | transaction_hour,GENERAL_TRANSACTION_MONITORING,High rule-engine risk; PEP indicator; Adverse media indicator,RULE_HIGH_ML_LOW,STANDARD_REVIEW,PENDING_REVIEW,OPEN,,NO,PENDING_HUMAN_REVIEW
AML-CUST002014,CUST002014,P3,MEDIUM,37.25,16,33004.23,23622.63,,,,,,0,0,1,4,RF_ADVERSE_MEDIA | RF_FUNNEL_BEHAVIOR | RF_MULE_BEHAVIOR | RF_MULTIPLE_COUNTERPARTIES,Customer has an adverse-media indicator in the synthetic dataset. | Activity involves multiple origin countries and elevated transaction frequency. | Transaction activity is consistent with the synthetic mule-behavior scenario. | Customer interacted with multiple counterparties.,,GENERAL_TRANSACTION_MONITORING,High rule-engine risk; Adverse media indicator,RULE_HIGH_ML_LOW,STANDARD_REVIEW,PENDING_REVIEW,OPEN,,NO,PENDING_HUMAN_REVIEW
AML-CUST002166,CUST002166,P3,MEDIUM,37.25,19,23020.68,18081.59,,,,,,0,0,1,4,RF_ADVERSE_MEDIA | RF_FUNNEL_BEHAVIOR | RF_MULE_BEHAVIOR | RF_MULTIPLE_COUNTERPARTIES,Customer has an adverse-media indicator in the synthetic dataset. | Activity involves multiple origin countries and elevated transaction frequency. | Transaction activity is consistent with the synthetic mule-behavior scenario. | Customer interacted with multiple counterparties.,transaction_month | transaction_hour | channel_transaction_count | is_night_transaction,GENERAL_TRANSACTION_MONITORING,High rule-engine risk; Adverse media indicator,RULE_HIGH_ML_LOW,STANDARD_REVIEW,PENDING_REVIEW,OPEN,,NO,PENDING_HUMAN_REVIEW
AML-CUST002846,CUST002846,P3,MEDIUM,37.25,15,19778.83,16701.87,,,,,,0,0,1,4,RF_ADVERSE_MEDIA | RF_FUNNEL_BEHAVIOR | RF_MULE_BEHAVIOR | RF_MULTIPLE_COUNTERPARTIES,Customer has an adverse-media indicator in the synthetic dataset. | Activity involves multiple origin countries and elevated transaction frequency. | Transaction activity is consistent with the synthetic mule-behavior scenario. | Customer interacted with multiple counterparties.,,GENERAL_TRANSACTION_MONITORING,High rule-engine risk; Adverse media indicator,RULE_HIGH_ML_LOW,STANDARD_REVIEW,PENDING_REVIEW,OPEN,,NO,PENDING_HUMAN_REVIEW
AML-CUST003213,CUST003213,P3,MEDIUM,37.25,22,38223.8,33222.52,,,,,,0,0,1,4,RF_ADVERSE_MEDIA | RF_FUNNEL_BEHAVIOR | RF_MULE_BEHAVIOR | RF_MULTIPLE_COUNTERPARTIES,Customer has an adverse-media indicator in the synthetic dataset. | Activity involves multiple origin countries and elevated transaction frequency. | Transaction activity is consistent with the synthetic mule-behavior scenario. | Customer interacted with multiple counterparties.,,GENERAL_TRANSACTION_MONITORING,High rule-engine risk; Adverse media indicator,RULE_HIGH_ML_LOW,STANDARD_REVIEW,PENDING_REVIEW,OPEN,,NO,PENDING_HUMAN_REVIEW
AML-CUST003347,CUST003347,P3,MEDIUM,37.25,13,31308.06,23649.28,,,,,,0,0,1,4,RF_ADVERSE_MEDIA | RF_FUNNEL_BEHAVIOR | RF_MULE_BEHAVIOR | RF_MULTIPLE_COUNTERPARTIES,Customer has an adverse-media indicator in the synthetic dataset. | Activity involves multiple origin countries and elevated transaction frequency. | Transaction activity is consistent with the synthetic mule-behavior scenario. | Customer interacted with multiple counterparties.,,GENERAL_TRANSACTION_MONITORING,High rule-engine risk; Adverse media indicator,RULE_HIGH_ML_LOW,STANDARD_REVIEW,PENDING_REVIEW,OPEN,,NO,PENDING_HUMAN_REVIEW
AML-CUST003500,CUST003500,P3,MEDIUM,37.25,10,23082.71,19625.19,,,,,,0,0,1,4,RF_ADVERSE_MEDIA | RF_FUNNEL_BEHAVIOR | RF_MULE_BEHAVIOR | RF_MULTIPLE_COUNTERPARTIES,Customer has an adverse-media indicator in the synthetic dataset. | Activity involves multiple origin countries and elevated transaction frequency. | Transaction activity is consistent with the synthetic mule-behavior scenario. | Customer interacted with multiple counterparties.,,GENERAL_TRANSACTION_MONITORING,High rule-engine risk; Adverse media indicator,RULE_HIGH_ML_LOW,STANDARD_REVIEW,PENDING_REVIEW,OPEN,,NO,PENDING_HUMAN_REVIEW
AML-CUST003628,CUST003628,P3,MEDIUM,37.25,16,27963.6,19623.58,,,,,,0,0,1,4,RF_ADVERSE_MEDIA | RF_FUNNEL_BEHAVIOR | RF_MULE_BEHAVIOR | RF_MULTIPLE_COUNTERPARTIES,Customer has an adverse-media indicator in the synthetic dataset. | Activity involves multiple origin countries and elevated transaction frequency. | Transaction activity is consistent with the synthetic mule-behavior scenario. | Customer interacted with multiple counterparties.,log_amount | transaction_hour | is_night_transaction | amount_deviation_from_average,GENERAL_TRANSACTION_MONITORING,High rule-engine risk; Adverse media indicator,RULE_HIGH_ML_LOW,STANDARD_REVIEW,PENDING_REVIEW,OPEN,,NO,PENDING_HUMAN_REVIEW
AML-CUST003781,CUST003781,P3,MEDIUM,37.25,23,39865.9,31924.93,,,,,,0,0,1,4,RF_ADVERSE_MEDIA | RF_FUNNEL_BEHAVIOR | RF_MULE_BEHAVIOR | RF_MULTIPLE_COUNTERPARTIES,Customer has an adverse-media indicator in the synthetic dataset. | Activity involves multiple origin countries and elevated transaction frequency. | Transaction activity is consistent with the synthetic mule-behavior scenario. | Customer interacted with multiple counterparties.,adverse_media_flag | log_amount | customer_max_transaction | channel_transaction_count | channel_transaction_ratio,GENERAL_TRANSACTION_MONITORING,High rule-engine risk; Adverse media indicator,RULE_HIGH_ML_LOW,STANDARD_REVIEW,PENDING_REVIEW,OPEN,,NO,PENDING_HUMAN_REVIEW
AML-CUST000721,CUST000721,P3,MEDIUM,37.0,22,18545.44,18545.44,,,,,,1,0,0,4,RF_FUNNEL_BEHAVIOR | RF_MULE_BEHAVIOR | RF_MULTIPLE_COUNTERPARTIES | RF_PEP,Activity involves multiple origin countries and elevated transaction frequency. | Transaction activity is consistent with the synthetic mule-behavior scenario. | Customer interacted with multiple counterparties. | Customer is marked with a PEP indicator in the synthetic dataset.,international_ratio_24h | channel_transaction_ratio | unique_destination_countries,GENERAL_TRANSACTION_MONITORING,High rule-engine risk; PEP indicator,RULE_HIGH_ML_LOW,STANDARD_REVIEW,PENDING_REVIEW,OPEN,,NO,PENDING_HUMAN_REVIEW
AML-CUST001668,CUST001668,P3,MEDIUM,37.0,26,14217.38,14217.38,,,,,,1,0,0,4,RF_FUNNEL_BEHAVIOR | RF_MULE_BEHAVIOR | RF_MULTIPLE_COUNTERPARTIES | RF_PEP,Activity involves multiple origin countries and elevated transaction frequency. | Transaction activity is consistent with the synthetic mule-behavior scenario. | Customer interacted with multiple counterparties. | Customer is marked with a PEP indicator in the synthetic dataset.,,GENERAL_TRANSACTION_MONITORING,High rule-engine risk; PEP indicator,RULE_HIGH_ML_LOW,STANDARD_REVIEW,PENDING_REVIEW,OPEN,,NO,PENDING_HUMAN_REVIEW
AML-CUST002698,CUST002698,P3,MEDIUM,37.0,23,16282.09,16282.09,,,,,,1,0,0,4,RF_FUNNEL_BEHAVIOR | RF_MULE_BEHAVIOR | RF_MULTIPLE_COUNTERPARTIES | RF_PEP,Activity involves multiple origin countries and elevated transaction frequency. | Transaction activity is consistent with the synthetic mule-behavior scenario. | Customer interacted with multiple counterparties. | Customer is marked with a PEP indicator in the synthetic dataset.,,GENERAL_TRANSACTION_MONITORING,High rule-engine risk; PEP indicator,RULE_HIGH_ML_LOW,STANDARD_REVIEW,PENDING_REVIEW,OPEN,,NO,PENDING_HUMAN_REVIEW
AML-CUST002868,CUST002868,P3,MEDIUM,37.0,31,29473.1,29473.1,,,,,,1,0,0,4,RF_FUNNEL_BEHAVIOR | RF_MULE_BEHAVIOR | RF_MULTIPLE_COUNTERPARTIES | RF_PEP,Activity involves multiple origin countries and elevated transaction frequency. | Transaction activity is consistent with the synthetic mule-behavior scenario. | Customer interacted with multiple counterparties. | Customer is marked with a PEP indicator in the synthetic dataset.,,GENERAL_TRANSACTION_MONITORING,High rule-engine risk; PEP indicator,RULE_HIGH_ML_LOW,STANDARD_REVIEW,PENDING_REVIEW,OPEN,,NO,PENDING_HUMAN_REVIEW
AML-CUST003739,CUST003739,P3,MEDIUM,37.0,25,22213.5,22213.5,,,,,,1,0,0,4,RF_FUNNEL_BEHAVIOR | RF_MULE_BEHAVIOR | RF_MULTIPLE_COUNTERPARTIES | RF_PEP,Activity involves multiple origin countries and elevated transaction frequency. | Transaction activity is consistent with the synthetic mule-behavior scenario. | Customer interacted with multiple counterparties. | Customer is marked with a PEP indicator in the synthetic dataset.,log_amount | transaction_month | international_ratio_24h,GENERAL_TRANSACTION_MONITORING,High rule-engine risk; PEP indicator,RULE_HIGH_ML_LOW,STANDARD_REVIEW,PENDING_REVIEW,OPEN,,NO,PENDING_HUMAN_REVIEW
AML-CUST004689,CUST004689,P3,MEDIUM,37.0,20,13561.97,13561.97,,,,,,1,0,0,4,RF_FUNNEL_BEHAVIOR | RF_MULE_BEHAVIOR | RF_MULTIPLE_COUNTERPARTIES | RF_PEP,Activity involves multiple origin countries and elevated transaction frequency. | Transaction activity is consistent with the synthetic mule-behavior scenario. | Customer interacted with multiple counterparties. | Customer is marked with a PEP indicator in the synthetic dataset.,log_amount | channel_transaction_ratio | is_small_cash_transaction | transaction_hour | is_night_transaction | international_ratio_24h,GENERAL_TRANSACTION_MONITORING,High rule-engine risk; PEP indicator,RULE_HIGH_ML_LOW,STANDARD_REVIEW,PENDING_REVIEW,OPEN,,NO,PENDING_HUMAN_REVIEW
AML-CUST000732,CUST000732,P3,MEDIUM,35.5,18,26721.64,20458.85,,,,,,0,0,1,4,RF_ADVERSE_MEDIA | RF_FUNNEL_BEHAVIOR | RF_MULE_BEHAVIOR | RF_MULTIPLE_COUNTERPARTIES,Customer has an adverse-media indicator in the synthetic dataset. | Activity involves multiple origin countries and elevated transaction frequency. | Transaction activity is consistent with the synthetic mule-behavior scenario. | Customer interacted with multiple counterparties.,,GENERAL_TRANSACTION_MONITORING,High rule-engine risk; Adverse media indicator,RULE_HIGH_ML_LOW,STANDARD_REVIEW,PENDING_REVIEW,OPEN,,NO,PENDING_HUMAN_REVIEW
AML-CUST001019,CUST001019,P3,MEDIUM,35.5,15,29341.89,20941.9,,,,,,0,0,1,4,RF_ADVERSE_MEDIA | RF_FUNNEL_BEHAVIOR | RF_MULE_BEHAVIOR | RF_MULTIPLE_COUNTERPARTIES,Customer has an adverse-media indicator in the synthetic dataset. | Activity involves multiple origin countries and elevated transaction frequency. | Transaction activity is consistent with the synthetic mule-behavior scenario. | Customer interacted with multiple counterparties.,,GENERAL_TRANSACTION_MONITORING,High rule-engine risk; Adverse media indicator,RULE_HIGH_ML_LOW,STANDARD_REVIEW,PENDING_REVIEW,OPEN,,NO,PENDING_HUMAN_REVIEW
AML-CUST001697,CUST001697,P3,MEDIUM,35.5,15,29634.08,27162.47,,,,,,0,0,1,4,RF_ADVERSE_MEDIA | RF_FUNNEL_BEHAVIOR | RF_MULE_BEHAVIOR | RF_MULTIPLE_COUNTERPARTIES,Customer has an adverse-media indicator in the synthetic dataset. | Activity involves multiple origin countries and elevated transaction frequency. | Transaction activity is consistent with the synthetic mule-behavior scenario. | Customer interacted with multiple counterparties.,international_ratio_24h | is_small_cash_transaction | customer_max_transaction | transaction_hour | is_night_transaction,GENERAL_TRANSACTION_MONITORING,High rule-engine risk; Adverse media indicator,RULE_HIGH_ML_LOW,STANDARD_REVIEW,PENDING_REVIEW,OPEN,,NO,PENDING_HUMAN_REVIEW
AML-CUST001911,CUST001911,P3,MEDIUM,35.5,17,28621.65,21296.19,,,,,,0,0,1,4,RF_ADVERSE_MEDIA | RF_FUNNEL_BEHAVIOR | RF_MULE_BEHAVIOR | RF_MULTIPLE_COUNTERPARTIES,Customer has an adverse-media indicator in the synthetic dataset. | Activity involves multiple origin countries and elevated transaction frequency. | Transaction activity is consistent with the synthetic mule-behavior scenario. | Customer interacted with multiple counterparties.,,GENERAL_TRANSACTION_MONITORING,High rule-engine risk; Adverse media indicator,RULE_HIGH_ML_LOW,STANDARD_REVIEW,PENDING_REVIEW,OPEN,,NO,PENDING_HUMAN_REVIEW
AML-CUST002174,CUST002174,P3,MEDIUM,35.5,16,24201.73,21640.38,,,,,,0,0,1,4,RF_ADVERSE_MEDIA | RF_FUNNEL_BEHAVIOR | RF_MULE_BEHAVIOR | RF_MULTIPLE_COUNTERPARTIES,Customer has an adverse-media indicator in the synthetic dataset. | Activity involves multiple origin countries and elevated transaction frequency. | Transaction activity is consistent with the synthetic mule-behavior scenario. | Customer interacted with multiple counterparties.,,GENERAL_TRANSACTION_MONITORING,High rule-engine risk; Adverse media indicator,RULE_HIGH_ML_LOW,STANDARD_REVIEW,PENDING_REVIEW,OPEN,,NO,PENDING_HUMAN_REVIEW
AML-CUST000198,CUST000198,P3,MEDIUM,35.25,26,23692.63,23692.63,,,,,,1,0,0,4,RF_FUNNEL_BEHAVIOR | RF_MULE_BEHAVIOR | RF_MULTIPLE_COUNTERPARTIES | RF_PEP,Activity involves multiple origin countries and elevated transaction frequency. | Transaction activity is consistent with the synthetic mule-behavior scenario. | Customer interacted with multiple counterparties. | Customer is marked with a PEP indicator in the synthetic dataset.,transaction_hour | is_night_transaction | channel_transaction_ratio | channel_transaction_count | transaction_month,GENERAL_TRANSACTION_MONITORING,High rule-engine risk; PEP indicator,RULE_HIGH_ML_LOW,STANDARD_REVIEW,PENDING_REVIEW,OPEN,,NO,PENDING_HUMAN_REVIEW
AML-CUST000211,CUST000211,P3,MEDIUM,35.25,24,13676.94,13676.94,,,,,,1,0,0,4,RF_FUNNEL_BEHAVIOR | RF_MULE_BEHAVIOR | RF_MULTIPLE_COUNTERPARTIES | RF_PEP,Activity involves multiple origin countries and elevated transaction frequency. | Transaction activity is consistent with the synthetic mule-behavior scenario. | Customer interacted with multiple counterparties. | Customer is marked with a PEP indicator in the synthetic dataset.,transaction_hour | channel_transaction_ratio | channel_transaction_count,GENERAL_TRANSACTION_MONITORING,High rule-engine risk; PEP indicator,RULE_HIGH_ML_LOW,STANDARD_REVIEW,PENDING_REVIEW,OPEN,,NO,PENDING_HUMAN_REVIEW
AML-CUST000388,CUST000388,P3,MEDIUM,35.25,31,28148.86,28148.86,,,,,,1,0,0,4,RF_FUNNEL_BEHAVIOR | RF_MULE_BEHAVIOR | RF_MULTIPLE_COUNTERPARTIES | RF_PEP,Activity involves multiple origin countries and elevated transaction frequency. | Transaction activity is consistent with the synthetic mule-behavior scenario. | Customer interacted with multiple counterparties. | Customer is marked with a PEP indicator in the synthetic dataset.,log_amount | transaction_hour | international_ratio_24h | transaction_month | is_night_transaction,GENERAL_TRANSACTION_MONITORING,High rule-engine risk; PEP indicator,RULE_HIGH_ML_LOW,STANDARD_REVIEW,PENDING_REVIEW,OPEN,,NO,PENDING_HUMAN_REVIEW
AML-CUST000540,CUST000540,P3,MEDIUM,35.25,21,25793.61,25793.61,,,,,,1,0,0,4,RF_FUNNEL_BEHAVIOR | RF_MULE_BEHAVIOR | RF_MULTIPLE_COUNTERPARTIES | RF_PEP,Activity involves multiple origin countries and elevated transaction frequency. | Transaction activity is consistent with the synthetic mule-behavior scenario. | Customer interacted with multiple counterparties. | Customer is marked with a PEP indicator in the synthetic dataset.,,GENERAL_TRANSACTION_MONITORING,High rule-engine risk; PEP indicator,RULE_HIGH_ML_LOW,STANDARD_REVIEW,PENDING_REVIEW,OPEN,,NO,PENDING_HUMAN_REVIEW
AML-CUST000974,CUST000974,P3,MEDIUM,35.25,23,28052.43,28052.43,,,,,,1,0,0,4,RF_FUNNEL_BEHAVIOR | RF_MULE_BEHAVIOR | RF_MULTIPLE_COUNTERPARTIES | RF_PEP,Activity involves multiple origin countries and elevated transaction frequency. | Transaction activity is consistent with the synthetic mule-behavior scenario. | Customer interacted with multiple counterparties. | Customer is marked with a PEP indicator in the synthetic dataset.,rapid_transaction_indicator | log_amount | international_ratio_24h,GENERAL_TRANSACTION_MONITORING,High rule-engine risk; PEP indicator,RULE_HIGH_ML_LOW,STANDARD_REVIEW,PENDING_REVIEW,OPEN,,NO,PENDING_HUMAN_REVIEW
AML-CUST001296,CUST001296,P3,MEDIUM,35.25,30,29709.34,29709.34,,,,,,1,0,0,4,RF_FUNNEL_BEHAVIOR | RF_MULE_BEHAVIOR | RF_MULTIPLE_COUNTERPARTIES | RF_PEP,Activity involves multiple origin countries and elevated transaction frequency. | Transaction activity is consistent with the synthetic mule-behavior scenario. | Customer interacted with multiple counterparties. | Customer is marked with a PEP indicator in the synthetic dataset.,international_ratio_24h | channel_transaction_count | channel_transaction_ratio,GENERAL_TRANSACTION_MONITORING,High rule-engine risk; PEP indicator,RULE_HIGH_ML_LOW,STANDARD_REVIEW,PENDING_REVIEW,OPEN,,NO,PENDING_HUMAN_REVIEW
AML-CUST001340,CUST001340,P3,MEDIUM,35.25,23,31948.36,31948.36,,,,,,1,0,0,4,RF_FUNNEL_BEHAVIOR | RF_MULE_BEHAVIOR | RF_MULTIPLE_COUNTERPARTIES | RF_PEP,Activity involves multiple origin countries and elevated transaction frequency. | Transaction activity is consistent with the synthetic mule-behavior scenario. | Customer interacted with multiple counterparties. | Customer is marked with a PEP indicator in the synthetic dataset.,,GENERAL_TRANSACTION_MONITORING,High rule-engine risk; PEP indicator,RULE_HIGH_ML_LOW,STANDARD_REVIEW,PENDING_REVIEW,OPEN,,NO,PENDING_HUMAN_REVIEW
AML-CUST001773,CUST001773,P3,MEDIUM,35.25,24,26054.3,26054.3,,,,,,1,0,0,4,RF_FUNNEL_BEHAVIOR | RF_MULE_BEHAVIOR | RF_MULTIPLE_COUNTERPARTIES | RF_PEP,Activity involves multiple origin countries and elevated transaction frequency. | Transaction activity is consistent with the synthetic mule-behavior scenario. | Customer interacted with multiple counterparties. | Customer is marked with a PEP indicator in the synthetic dataset.,,GENERAL_TRANSACTION_MONITORING,High rule-engine risk; PEP indicator,RULE_HIGH_ML_LOW,STANDARD_REVIEW,PENDING_REVIEW,OPEN,,NO,PENDING_HUMAN_REVIEW
AML-CUST001804,CUST001804,P3,MEDIUM,35.25,26,29153.1,29153.1,,,,,,1,0,0,4,RF_FUNNEL_BEHAVIOR | RF_MULE_BEHAVIOR | RF_MULTIPLE_COUNTERPARTIES | RF_PEP,Activity involves multiple origin countries and elevated transaction frequency. | Transaction activity is consistent with the synthetic mule-behavior scenario. | Customer interacted with multiple counterparties. | Customer is marked with a PEP indicator in the synthetic dataset.,transaction_hour | is_night_transaction | channel_transaction_ratio | international_ratio_24h,GENERAL_TRANSACTION_MONITORING,High rule-engine risk; PEP indicator,RULE_HIGH_ML_LOW,STANDARD_REVIEW,PENDING_REVIEW,OPEN,,NO,PENDING_HUMAN_REVIEW
AML-CUST002038,CUST002038,P3,MEDIUM,35.25,20,22468.3,22468.3,,,,,,1,0,0,4,RF_FUNNEL_BEHAVIOR | RF_MULE_BEHAVIOR | RF_MULTIPLE_COUNTERPARTIES | RF_PEP,Activity involves multiple origin countries and elevated transaction frequency. | Transaction activity is consistent with the synthetic mule-behavior scenario. | Customer interacted with multiple counterparties. | Customer is marked with a PEP indicator in the synthetic dataset.,,GENERAL_TRANSACTION_MONITORING,High rule-engine risk; PEP indicator,RULE_HIGH_ML_LOW,STANDARD_REVIEW,PENDING_REVIEW,OPEN,,NO,PENDING_HUMAN_REVIEW
AML-CUST002336,CUST002336,P3,MEDIUM,35.25,22,14901.64,14901.64,,,,,,1,0,0,4,RF_FUNNEL_BEHAVIOR | RF_MULE_BEHAVIOR | RF_MULTIPLE_COUNTERPARTIES | RF_PEP,Activity involves multiple origin countries and elevated transaction frequency. | Transaction activity is consistent with the synthetic mule-behavior scenario. | Customer interacted with multiple counterparties. | Customer is marked with a PEP indicator in the synthetic dataset.,,GENERAL_TRANSACTION_MONITORING,High rule-engine risk; PEP indicator,RULE_HIGH_ML_LOW,STANDARD_REVIEW,PENDING_REVIEW,OPEN,,NO,PENDING_HUMAN_REVIEW
AML-CUST002619,CUST002619,P3,MEDIUM,35.25,24,21831.01,21831.01,,,,,,1,0,0,4,RF_FUNNEL_BEHAVIOR | RF_MULE_BEHAVIOR | RF_MULTIPLE_COUNTERPARTIES | RF_PEP,Activity involves multiple origin countries and elevated transaction frequency. | Transaction activity is consistent with the synthetic mule-behavior scenario. | Customer interacted with multiple counterparties. | Customer is marked with a PEP indicator in the synthetic dataset.,log_amount | international_ratio_24h | transaction_month | transaction_hour | is_night_transaction,GENERAL_TRANSACTION_MONITORING,High rule-engine risk; PEP indicator,RULE_HIGH_ML_LOW,STANDARD_REVIEW,PENDING_REVIEW,OPEN,,NO,PENDING_HUMAN_REVIEW
AML-CUST002629,CUST002629,P3,MEDIUM,35.25,28,19967.11,19967.11,,,,,,1,0,0,4,RF_FUNNEL_BEHAVIOR | RF_MULE_BEHAVIOR | RF_MULTIPLE_COUNTERPARTIES | RF_PEP,Activity involves multiple origin countries and elevated transaction frequency. | Transaction activity is consistent with the synthetic mule-behavior scenario. | Customer interacted with multiple counterparties. | Customer is marked with a PEP indicator in the synthetic dataset.,transaction_hour | is_night_transaction | transaction_month,GENERAL_TRANSACTION_MONITORING,High rule-engine risk; PEP indicator,RULE_HIGH_ML_LOW,STANDARD_REVIEW,PENDING_REVIEW,OPEN,,NO,PENDING_HUMAN_REVIEW
AML-CUST002660,CUST002660,P3,MEDIUM,35.25,20,34028.26,34028.26,,,,,,1,0,0,4,RF_FUNNEL_BEHAVIOR | RF_MULE_BEHAVIOR | RF_MULTIPLE_COUNTERPARTIES | RF_PEP,Activity involves multiple origin countries and elevated transaction frequency. | Transaction activity is consistent with the synthetic mule-behavior scenario. | Customer interacted with multiple counterparties. | Customer is marked with a PEP indicator in the synthetic dataset.,log_amount | unique_destination_countries | channel_transaction_ratio | transaction_hour | transaction_month,GENERAL_TRANSACTION_MONITORING,High rule-engine risk; PEP indicator,RULE_HIGH_ML_LOW,STANDARD_REVIEW,PENDING_REVIEW,OPEN,,NO,PENDING_HUMAN_REVIEW
AML-CUST002719,CUST002719,P3,MEDIUM,35.25,27,33314.21,33314.21,,,,,,1,0,0,4,RF_FUNNEL_BEHAVIOR | RF_MULE_BEHAVIOR | RF_MULTIPLE_COUNTERPARTIES | RF_PEP,Activity involves multiple origin countries and elevated transaction frequency. | Transaction activity is consistent with the synthetic mule-behavior scenario. | Customer interacted with multiple counterparties. | Customer is marked with a PEP indicator in the synthetic dataset.,transaction_month | is_night_transaction | channel_transaction_ratio,GENERAL_TRANSACTION_MONITORING,High rule-engine risk; PEP indicator,RULE_HIGH_ML_LOW,STANDARD_REVIEW,PENDING_REVIEW,OPEN,,NO,PENDING_HUMAN_REVIEW
AML-CUST002731,CUST002731,P3,MEDIUM,35.25,27,15105.59,15105.59,,,,,,1,0,0,4,RF_FUNNEL_BEHAVIOR | RF_MULE_BEHAVIOR | RF_MULTIPLE_COUNTERPARTIES | RF_PEP,Activity involves multiple origin countries and elevated transaction frequency. | Transaction activity is consistent with the synthetic mule-behavior scenario. | Customer interacted with multiple counterparties. | Customer is marked with a PEP indicator in the synthetic dataset.,international_ratio_24h | transactions_24h | cash_ratio_24h,GENERAL_TRANSACTION_MONITORING,High rule-engine risk; PEP indicator,RULE_HIGH_ML_LOW,STANDARD_REVIEW,PENDING_REVIEW,OPEN,,NO,PENDING_HUMAN_REVIEW
AML-CUST003969,CUST003969,P3,MEDIUM,35.25,26,25324.21,25324.21,,,,,,1,0,0,4,RF_FUNNEL_BEHAVIOR | RF_MULE_BEHAVIOR | RF_MULTIPLE_COUNTERPARTIES | RF_PEP,Activity involves multiple origin countries and elevated transaction frequency. | Transaction activity is consistent with the synthetic mule-behavior scenario. | Customer interacted with multiple counterparties. | Customer is marked with a PEP indicator in the synthetic dataset.,transaction_hour | is_night_transaction | customer_max_transaction | international_ratio_24h | transaction_month,GENERAL_TRANSACTION_MONITORING,High rule-engine risk; PEP indicator,RULE_HIGH_ML_LOW,STANDARD_REVIEW,PENDING_REVIEW,OPEN,,NO,PENDING_HUMAN_REVIEW
AML-CUST000011,CUST000011,P3,MEDIUM,35.0,22,216949.59,200405.2,,,,,,0,0,0,4,RF_FUNNEL_BEHAVIOR | RF_MULE_BEHAVIOR | RF_MULTIPLE_COUNTERPARTIES | RF_STRUCTURING,Activity involves multiple origin countries and elevated transaction frequency. | Transaction activity is consistent with the synthetic mule-behavior scenario. | Customer interacted with multiple counterparties. | Multiple transactions observed in the synthetic structuring threshold range.,,STRUCTURING,High rule-engine risk,RULE_HIGH_ML_LOW,STANDARD_REVIEW,PENDING_REVIEW,OPEN,,NO,PENDING_HUMAN_REVIEW
AML-CUST000012,CUST000012,P3,MEDIUM,35.0,19,197902.13,176652.83,,,,,,0,0,0,4,RF_FUNNEL_BEHAVIOR | RF_MULE_BEHAVIOR | RF_MULTIPLE_COUNTERPARTIES | RF_STRUCTURING,Activity involves multiple origin countries and elevated transaction frequency. | Transaction activity is consistent with the synthetic mule-behavior scenario. | Customer interacted with multiple counterparties. | Multiple transactions observed in the synthetic structuring threshold range.,log_amount | rapid_transaction_indicator | suspicious_transaction_ratio,STRUCTURING,High rule-engine risk,RULE_HIGH_ML_LOW,STANDARD_REVIEW,PENDING_REVIEW,OPEN,,NO,PENDING_HUMAN_REVIEW
AML-CUST000013,CUST000013,P3,MEDIUM,35.0,20,202374.71,175980.46,,,,,,0,0,0,4,RF_FUNNEL_BEHAVIOR | RF_MULE_BEHAVIOR | RF_MULTIPLE_COUNTERPARTIES | RF_STRUCTURING,Activity involves multiple origin countries and elevated transaction frequency. | Transaction activity is consistent with the synthetic mule-behavior scenario. | Customer interacted with multiple counterparties. | Multiple transactions observed in the synthetic structuring threshold range.,log_amount | transactions_24h | rapid_transaction_indicator,STRUCTURING,High rule-engine risk,RULE_HIGH_ML_LOW,STANDARD_REVIEW,PENDING_REVIEW,OPEN,,NO,PENDING_HUMAN_REVIEW
AML-CUST000014,CUST000014,P3,MEDIUM,35.0,20,204049.31,183357.34,,,,,,0,0,0,4,RF_FUNNEL_BEHAVIOR | RF_MULE_BEHAVIOR | RF_MULTIPLE_COUNTERPARTIES | RF_STRUCTURING,Activity involves multiple origin countries and elevated transaction frequency. | Transaction activity is consistent with the synthetic mule-behavior scenario. | Customer interacted with multiple counterparties. | Multiple transactions observed in the synthetic structuring threshold range.,transactions_24h | log_amount | rapid_transaction_indicator,STRUCTURING,High rule-engine risk,RULE_HIGH_ML_LOW,STANDARD_REVIEW,PENDING_REVIEW,OPEN,,NO,PENDING_HUMAN_REVIEW
AML-CUST000015,CUST000015,P3,MEDIUM,35.0,19,204191.11,175713.47,,,,,,0,0,0,4,RF_FUNNEL_BEHAVIOR | RF_MULE_BEHAVIOR | RF_MULTIPLE_COUNTERPARTIES | RF_STRUCTURING,Activity involves multiple origin countries and elevated transaction frequency. | Transaction activity is consistent with the synthetic mule-behavior scenario. | Customer interacted with multiple counterparties. | Multiple transactions observed in the synthetic structuring threshold range.,,STRUCTURING,High rule-engine risk,RULE_HIGH_ML_LOW,STANDARD_REVIEW,PENDING_REVIEW,OPEN,,NO,PENDING_HUMAN_REVIEW
AML-CUST000016,CUST000016,P3,MEDIUM,35.0,19,204177.06,174767.01,,,,,,0,0,0,4,RF_FUNNEL_BEHAVIOR | RF_MULE_BEHAVIOR | RF_MULTIPLE_COUNTERPARTIES | RF_STRUCTURING,Activity involves multiple origin countries and elevated transaction frequency. | Transaction activity is consistent with the synthetic mule-behavior scenario. | Customer interacted with multiple counterparties. | Multiple transactions observed in the synthetic structuring threshold range.,log_amount | rapid_transaction_indicator | suspicious_transaction_ratio,STRUCTURING,High rule-engine risk,RULE_HIGH_ML_LOW,STANDARD_REVIEW,PENDING_REVIEW,OPEN,,NO,PENDING_HUMAN_REVIEW
AML-CUST000017,CUST000017,P3,MEDIUM,35.0,20,198669.76,183119.06,,,,,,0,0,0,4,RF_FUNNEL_BEHAVIOR | RF_MULE_BEHAVIOR | RF_MULTIPLE_COUNTERPARTIES | RF_STRUCTURING,Activity involves multiple origin countries and elevated transaction frequency. | Transaction activity is consistent with the synthetic mule-behavior scenario. | Customer interacted with multiple counterparties. | Multiple transactions observed in the synthetic structuring threshold range.,,STRUCTURING,High rule-engine risk,RULE_HIGH_ML_LOW,STANDARD_REVIEW,PENDING_REVIEW,OPEN,,NO,PENDING_HUMAN_REVIEW
AML-CUST000018,CUST000018,P3,MEDIUM,35.0,19,195249.06,175843.64,,,,,,0,0,0,4,RF_FUNNEL_BEHAVIOR | RF_MULE_BEHAVIOR | RF_MULTIPLE_COUNTERPARTIES | RF_STRUCTURING,Activity involves multiple origin countries and elevated transaction frequency. | Transaction activity is consistent with the synthetic mule-behavior scenario. | Customer interacted with multiple counterparties. | Multiple transactions observed in the synthetic structuring threshold range.,,STRUCTURING,High rule-engine risk,RULE_HIGH_ML_LOW,STANDARD_REVIEW,PENDING_REVIEW,OPEN,,NO,PENDING_HUMAN_REVIEW
AML-CUST000019,CUST000019,P3,MEDIUM,35.0,19,196518.45,175501.1,,,,,,0,0,0,4,RF_FUNNEL_BEHAVIOR | RF_MULE_BEHAVIOR | RF_MULTIPLE_COUNTERPARTIES | RF_STRUCTURING,Activity involves multiple origin countries and elevated transaction frequency. | Transaction activity is consistent with the synthetic mule-behavior scenario. | Customer interacted with multiple counterparties. | Multiple transactions observed in the synthetic structuring threshold range.,log_amount | suspicious_transaction_ratio | rapid_transaction_indicator,STRUCTURING,High rule-engine risk,RULE_HIGH_ML_LOW,STANDARD_REVIEW,PENDING_REVIEW,OPEN,,NO,PENDING_HUMAN_REVIEW
AML-CUST000020,CUST000020,P3,MEDIUM,35.0,19,210948.75,172360.53,,,,,,0,0,0,4,RF_FUNNEL_BEHAVIOR | RF_MULE_BEHAVIOR | RF_MULTIPLE_COUNTERPARTIES | RF_STRUCTURING,Activity involves multiple origin countries and elevated transaction frequency. | Transaction activity is consistent with the synthetic mule-behavior scenario. | Customer interacted with multiple counterparties. | Multiple transactions observed in the synthetic structuring threshold range.,,STRUCTURING,High rule-engine risk,RULE_HIGH_ML_LOW,STANDARD_REVIEW,PENDING_REVIEW,OPEN,,NO,PENDING_HUMAN_REVIEW
AML-CUST000021,CUST000021,P3,MEDIUM,35.0,19,203418.94,173358.25,,,,,,0,0,0,4,RF_FUNNEL_BEHAVIOR | RF_MULE_BEHAVIOR | RF_MULTIPLE_COUNTERPARTIES | RF_STRUCTURING,Activity involves multiple origin countries and elevated transaction frequency. | Transaction activity is consistent with the synthetic mule-behavior scenario. | Customer interacted with multiple counterparties. | Multiple transactions observed in the synthetic structuring threshold range.,,STRUCTURING,High rule-engine risk,RULE_HIGH_ML_LOW,STANDARD_REVIEW,PENDING_REVIEW,OPEN,,NO,PENDING_HUMAN_REVIEW
AML-CUST000022,CUST000022,P3,MEDIUM,35.0,19,206438.08,177019.04,,,,,,0,0,0,4,RF_FUNNEL_BEHAVIOR | RF_MULE_BEHAVIOR | RF_MULTIPLE_COUNTERPARTIES | RF_STRUCTURING,Activity involves multiple origin countries and elevated transaction frequency. | Transaction activity is consistent with the synthetic mule-behavior scenario. | Customer interacted with multiple counterparties. | Multiple transactions observed in the synthetic structuring threshold range.,log_amount | rapid_transaction_indicator | suspicious_transaction_ratio,STRUCTURING,High rule-engine risk,RULE_HIGH_ML_LOW,STANDARD_REVIEW,PENDING_REVIEW,OPEN,,NO,PENDING_HUMAN_REVIEW
AML-CUST000023,CUST000023,P3,MEDIUM,35.0,20,206369.73,184405.34,,,,,,0,0,0,4,RF_FUNNEL_BEHAVIOR | RF_MULE_BEHAVIOR | RF_MULTIPLE_COUNTERPARTIES | RF_STRUCTURING,Activity involves multiple origin countries and elevated transaction frequency. | Transaction activity is consistent with the synthetic mule-behavior scenario. | Customer interacted with multiple counterparties. | Multiple transactions observed in the synthetic structuring threshold range.,,STRUCTURING,High rule-engine risk,RULE_HIGH_ML_LOW,STANDARD_REVIEW,PENDING_REVIEW,OPEN,,NO,PENDING_HUMAN_REVIEW
AML-CUST000024,CUST000024,P3,MEDIUM,35.0,19,192871.37,174154.54,,,,,,0,0,0,4,RF_FUNNEL_BEHAVIOR | RF_MULE_BEHAVIOR | RF_MULTIPLE_COUNTERPARTIES | RF_STRUCTURING,Activity involves multiple origin countries and elevated transaction frequency. | Transaction activity is consistent with the synthetic mule-behavior scenario. | Customer interacted with multiple counterparties. | Multiple transactions observed in the synthetic structuring threshold range.,log_amount | suspicious_transaction_ratio | structuring_ratio | transactions_24h,STRUCTURING,High rule-engine risk,RULE_HIGH_ML_LOW,STANDARD_REVIEW,PENDING_REVIEW,OPEN,,NO,PENDING_HUMAN_REVIEW
AML-CUST000025,CUST000025,P3,MEDIUM,35.0,19,198368.84,176184.21,,,,,,0,0,0,4,RF_FUNNEL_BEHAVIOR | RF_MULE_BEHAVIOR | RF_MULTIPLE_COUNTERPARTIES | RF_STRUCTURING,Activity involves multiple origin countries and elevated transaction frequency. | Transaction activity is consistent with the synthetic mule-behavior scenario. | Customer interacted with multiple counterparties. | Multiple transactions observed in the synthetic structuring threshold range.,,STRUCTURING,High rule-engine risk,RULE_HIGH_ML_LOW,STANDARD_REVIEW,PENDING_REVIEW,OPEN,,NO,PENDING_HUMAN_REVIEW
AML-CUST000026,CUST000026,P3,MEDIUM,35.0,19,191328.69,174790.53,,,,,,0,0,0,4,RF_FUNNEL_BEHAVIOR | RF_MULE_BEHAVIOR | RF_MULTIPLE_COUNTERPARTIES | RF_STRUCTURING,Activity involves multiple origin countries and elevated transaction frequency. | Transaction activity is consistent with the synthetic mule-behavior scenario. | Customer interacted with multiple counterparties. | Multiple transactions observed in the synthetic structuring threshold range.,,STRUCTURING,High rule-engine risk,RULE_HIGH_ML_LOW,STANDARD_REVIEW,PENDING_REVIEW,OPEN,,NO,PENDING_HUMAN_REVIEW
AML-CUST000027,CUST000027,P3,MEDIUM,35.0,19,210088.52,176565.1,,,,,,0,0,0,4,RF_FUNNEL_BEHAVIOR | RF_MULE_BEHAVIOR | RF_MULTIPLE_COUNTERPARTIES | RF_STRUCTURING,Activity involves multiple origin countries and elevated transaction frequency. | Transaction activity is consistent with the synthetic mule-behavior scenario. | Customer interacted with multiple counterparties. | Multiple transactions observed in the synthetic structuring threshold range.,log_amount | rapid_transaction_indicator | suspicious_transaction_ratio,STRUCTURING,High rule-engine risk,RULE_HIGH_ML_LOW,STANDARD_REVIEW,PENDING_REVIEW,OPEN,,NO,PENDING_HUMAN_REVIEW
AML-CUST000028,CUST000028,P3,MEDIUM,35.0,20,196018.65,182223.27,,,,,,0,0,0,4,RF_FUNNEL_BEHAVIOR | RF_MULE_BEHAVIOR | RF_MULTIPLE_COUNTERPARTIES | RF_STRUCTURING,Activity involves multiple origin countries and elevated transaction frequency. | Transaction activity is consistent with the synthetic mule-behavior scenario. | Customer interacted with multiple counterparties. | Multiple transactions observed in the synthetic structuring threshold range.,,STRUCTURING,High rule-engine risk,RULE_HIGH_ML_LOW,STANDARD_REVIEW,PENDING_REVIEW,OPEN,,NO,PENDING_HUMAN_REVIEW
AML-CUST000031,CUST000031,P3,MEDIUM,35.0,20,206455.95,185447.27,,,,,,0,0,0,4,RF_FUNNEL_BEHAVIOR | RF_MULE_BEHAVIOR | RF_MULTIPLE_COUNTERPARTIES | RF_STRUCTURING,Activity involves multiple origin countries and elevated transaction frequency. | Transaction activity is consistent with the synthetic mule-behavior scenario. | Customer interacted with multiple counterparties. | Multiple transactions observed in the synthetic structuring threshold range.,log_amount | rapid_transaction_indicator | suspicious_transaction_ratio,STRUCTURING,High rule-engine risk,RULE_HIGH_ML_LOW,STANDARD_REVIEW,PENDING_REVIEW,OPEN,,NO,PENDING_HUMAN_REVIEW
AML-CUST000032,CUST000032,P3,MEDIUM,35.0,20,192484.05,181902.99,,,,,,0,0,0,4,RF_FUNNEL_BEHAVIOR | RF_MULE_BEHAVIOR | RF_MULTIPLE_COUNTERPARTIES | RF_STRUCTURING,Activity involves multiple origin countries and elevated transaction frequency. | Transaction activity is consistent with the synthetic mule-behavior scenario. | Customer interacted with multiple counterparties. | Multiple transactions observed in the synthetic structuring threshold range.,log_amount | suspicious_transaction_ratio | rapid_transaction_indicator | transactions_24h,STRUCTURING,High rule-engine risk,RULE_HIGH_ML_LOW,STANDARD_REVIEW,PENDING_REVIEW,OPEN,,NO,PENDING_HUMAN_REVIEW
AML-CUST000033,CUST000033,P3,MEDIUM,35.0,19,196730.7,177053.46,,,,,,0,0,0,4,RF_FUNNEL_BEHAVIOR | RF_MULE_BEHAVIOR | RF_MULTIPLE_COUNTERPARTIES | RF_STRUCTURING,Activity involves multiple origin countries and elevated transaction frequency. | Transaction activity is consistent with the synthetic mule-behavior scenario. | Customer interacted with multiple counterparties. | Multiple transactions observed in the synthetic structuring threshold range.,,STRUCTURING,High rule-engine risk,RULE_HIGH_ML_LOW,STANDARD_REVIEW,PENDING_REVIEW,OPEN,,NO,PENDING_HUMAN_REVIEW
AML-CUST000034,CUST000034,P3,MEDIUM,35.0,19,194196.7,175504.46,,,,,,0,0,0,4,RF_FUNNEL_BEHAVIOR | RF_MULE_BEHAVIOR | RF_MULTIPLE_COUNTERPARTIES | RF_STRUCTURING,Activity involves multiple origin countries and elevated transaction frequency. | Transaction activity is consistent with the synthetic mule-behavior scenario. | Customer interacted with multiple counterparties. | Multiple transactions observed in the synthetic structuring threshold range.,,STRUCTURING,High rule-engine risk,RULE_HIGH_ML_LOW,STANDARD_REVIEW,PENDING_REVIEW,OPEN,,NO,PENDING_HUMAN_REVIEW
AML-CUST000035,CUST000035,P3,MEDIUM,35.0,19,586149.77,556108.57,,,,,,0,0,0,3,RF_FUNNEL_BEHAVIOR | RF_MULE_BEHAVIOR | RF_MULTIPLE_COUNTERPARTIES,Activity involves multiple origin countries and elevated transaction frequency. | Transaction activity is consistent with the synthetic mule-behavior scenario. | Customer interacted with multiple counterparties.,,RAPID_MOVEMENT,High rule-engine risk,RULE_HIGH_ML_LOW,STANDARD_REVIEW,PENDING_REVIEW,OPEN,,NO,PENDING_HUMAN_REVIEW
AML-CUST000036,CUST000036,P3,MEDIUM,35.0,20,618612.76,592390.17,,,,,,0,0,0,3,RF_FUNNEL_BEHAVIOR | RF_MULE_BEHAVIOR | RF_MULTIPLE_COUNTERPARTIES,Activity involves multiple origin countries and elevated transaction frequency. | Transaction activity is consistent with the synthetic mule-behavior scenario. | Customer interacted with multiple counterparties.,log_amount | amount_usd | rapid_transaction_indicator,RAPID_MOVEMENT,High rule-engine risk,RULE_HIGH_ML_LOW,STANDARD_REVIEW,PENDING_REVIEW,OPEN,,NO,PENDING_HUMAN_REVIEW
AML-CUST000037,CUST000037,P3,MEDIUM,35.0,20,585393.01,568728.29,,,,,,0,0,0,3,RF_FUNNEL_BEHAVIOR | RF_MULE_BEHAVIOR | RF_MULTIPLE_COUNTERPARTIES,Activity involves multiple origin countries and elevated transaction frequency. | Transaction activity is consistent with the synthetic mule-behavior scenario. | Customer interacted with multiple counterparties.,amount_deviation_from_average | amount_usd | log_amount,RAPID_MOVEMENT,High rule-engine risk,RULE_HIGH_ML_LOW,STANDARD_REVIEW,PENDING_REVIEW,OPEN,,NO,PENDING_HUMAN_REVIEW
AML-CUST000038,CUST000038,P3,MEDIUM,35.0,19,665215.46,617024.4,,,,,,0,0,0,3,RF_FUNNEL_BEHAVIOR | RF_MULE_BEHAVIOR | RF_MULTIPLE_COUNTERPARTIES,Activity involves multiple origin countries and elevated transaction frequency. | Transaction activity is consistent with the synthetic mule-behavior scenario. | Customer interacted with multiple counterparties.,,RAPID_MOVEMENT,High rule-engine risk,RULE_HIGH_ML_LOW,STANDARD_REVIEW,PENDING_REVIEW,OPEN,,NO,PENDING_HUMAN_REVIEW
AML-CUST000039,CUST000039,P3,MEDIUM,35.0,20,718855.74,701064.94,,,,,,0,0,0,3,RF_FUNNEL_BEHAVIOR | RF_MULE_BEHAVIOR | RF_MULTIPLE_COUNTERPARTIES,Activity involves multiple origin countries and elevated transaction frequency. | Transaction activity is consistent with the synthetic mule-behavior scenario. | Customer interacted with multiple counterparties.,log_amount | amount_usd | amount_deviation_from_average,RAPID_MOVEMENT,High rule-engine risk,RULE_HIGH_ML_LOW,STANDARD_REVIEW,PENDING_REVIEW,OPEN,,NO,PENDING_HUMAN_REVIEW
AML-CUST000040,CUST000040,P3,MEDIUM,35.0,19,649062.82,596322.55,,,,,,0,0,0,3,RF_FUNNEL_BEHAVIOR | RF_MULE_BEHAVIOR | RF_MULTIPLE_COUNTERPARTIES,Activity involves multiple origin countries and elevated transaction frequency. | Transaction activity is consistent with the synthetic mule-behavior scenario. | Customer interacted with multiple counterparties.,log_amount | transactions_24h | amount_usd,RAPID_MOVEMENT,High rule-engine risk,RULE_HIGH_ML_LOW,STANDARD_REVIEW,PENDING_REVIEW,OPEN,,NO,PENDING_HUMAN_REVIEW
AML-CUST000043,CUST000043,P3,MEDIUM,35.0,20,633262.26,617899.91,,,,,,0,0,0,3,RF_FUNNEL_BEHAVIOR | RF_MULE_BEHAVIOR | RF_MULTIPLE_COUNTERPARTIES,Activity involves multiple origin countries and elevated transaction frequency. | Transaction activity is consistent with the synthetic mule-behavior scenario. | Customer interacted with multiple counterparties.,,RAPID_MOVEMENT,High rule-engine risk,RULE_HIGH_ML_LOW,STANDARD_REVIEW,PENDING_REVIEW,OPEN,,NO,PENDING_HUMAN_REVIEW
AML-CUST000044,CUST000044,P3,MEDIUM,35.0,19,565995.87,533921.39,,,,,,0,0,0,3,RF_FUNNEL_BEHAVIOR | RF_MULE_BEHAVIOR | RF_MULTIPLE_COUNTERPARTIES,Activity involves multiple origin countries and elevated transaction frequency. | Transaction activity is consistent with the synthetic mule-behavior scenario. | Customer interacted with multiple counterparties.,,RAPID_MOVEMENT,High rule-engine risk,RULE_HIGH_ML_LOW,STANDARD_REVIEW,PENDING_REVIEW,OPEN,,NO,PENDING_HUMAN_REVIEW
AML-CUST000047,CUST000047,P3,MEDIUM,35.0,20,680335.99,667384.94,,,,,,0,0,0,3,RF_FUNNEL_BEHAVIOR | RF_MULE_BEHAVIOR | RF_MULTIPLE_COUNTERPARTIES,Activity involves multiple origin countries and elevated transaction frequency. | Transaction activity is consistent with the synthetic mule-behavior scenario. | Customer interacted with multiple counterparties.,,RAPID_MOVEMENT,High rule-engine risk,RULE_HIGH_ML_LOW,STANDARD_REVIEW,PENDING_REVIEW,OPEN,,NO,PENDING_HUMAN_REVIEW
AML-CUST000049,CUST000049,P3,MEDIUM,35.0,20,671001.41,663099.54,,,,,,0,0,0,3,RF_FUNNEL_BEHAVIOR | RF_MULE_BEHAVIOR | RF_MULTIPLE_COUNTERPARTIES,Activity involves multiple origin countries and elevated transaction frequency. | Transaction activity is consistent with the synthetic mule-behavior scenario. | Customer interacted with multiple counterparties.,,RAPID_MOVEMENT,High rule-engine risk,RULE_HIGH_ML_LOW,STANDARD_REVIEW,PENDING_REVIEW,OPEN,,NO,PENDING_HUMAN_REVIEW
AML-CUST000050,CUST000050,P3,MEDIUM,35.0,20,623488.38,608528.49,,,,,,0,0,0,3,RF_FUNNEL_BEHAVIOR | RF_MULE_BEHAVIOR | RF_MULTIPLE_COUNTERPARTIES,Activity involves multiple origin countries and elevated transaction frequency. | Transaction activity is consistent with the synthetic mule-behavior scenario. | Customer interacted with multiple counterparties.,log_amount | amount_usd | amount_deviation_from_average,RAPID_MOVEMENT,High rule-engine risk,RULE_HIGH_ML_LOW,STANDARD_REVIEW,PENDING_REVIEW,OPEN,,NO,PENDING_HUMAN_REVIEW
AML-CUST000051,CUST000051,P3,MEDIUM,35.0,20,648506.03,629227.6,,,,,,0,0,0,3,RF_FUNNEL_BEHAVIOR | RF_MULE_BEHAVIOR | RF_MULTIPLE_COUNTERPARTIES,Activity involves multiple origin countries and elevated transaction frequency. | Transaction activity is consistent with the synthetic mule-behavior scenario. | Customer interacted with multiple counterparties.,amount_usd | amount_deviation_from_average | log_amount,RAPID_MOVEMENT,High rule-engine risk,RULE_HIGH_ML_LOW,STANDARD_REVIEW,PENDING_REVIEW,OPEN,,NO,PENDING_HUMAN_REVIEW
AML-CUST000052,CUST000052,P3,MEDIUM,35.0,20,693028.6,663380.94,,,,,,0,0,0,3,RF_FUNNEL_BEHAVIOR | RF_MULE_BEHAVIOR | RF_MULTIPLE_COUNTERPARTIES,Activity involves multiple origin countries and elevated transaction frequency. | Transaction activity is consistent with the synthetic mule-behavior scenario. | Customer interacted with multiple counterparties.,amount_usd | amount_deviation_from_average | log_amount,RAPID_MOVEMENT,High rule-engine risk,RULE_HIGH_ML_LOW,STANDARD_REVIEW,PENDING_REVIEW,OPEN,,NO,PENDING_HUMAN_REVIEW
AML-CUST000053,CUST000053,P3,MEDIUM,35.0,19,600806.41,565207.02,,,,,,0,0,0,3,RF_FUNNEL_BEHAVIOR | RF_MULE_BEHAVIOR | RF_MULTIPLE_COUNTERPARTIES,Activity involves multiple origin countries and elevated transaction frequency. | Transaction activity is consistent with the synthetic mule-behavior scenario. | Customer interacted with multiple counterparties.,,RAPID_MOVEMENT,High rule-engine risk,RULE_HIGH_ML_LOW,STANDARD_REVIEW,PENDING_REVIEW,OPEN,,NO,PENDING_HUMAN_REVIEW
AML-CUST000054,CUST000054,P3,MEDIUM,35.0,20,588527.4,569529.33,,,,,,0,0,0,3,RF_FUNNEL_BEHAVIOR | RF_MULE_BEHAVIOR | RF_MULTIPLE_COUNTERPARTIES,Activity involves multiple origin countries and elevated transaction frequency. | Transaction activity is consistent with the synthetic mule-behavior scenario. | Customer interacted with multiple counterparties.,,RAPID_MOVEMENT,High rule-engine risk,RULE_HIGH_ML_LOW,STANDARD_REVIEW,PENDING_REVIEW,OPEN,,NO,PENDING_HUMAN_REVIEW
AML-CUST000055,CUST000055,P3,MEDIUM,35.0,19,600742.66,563994.85,,,,,,0,0,0,3,RF_FUNNEL_BEHAVIOR | RF_MULE_BEHAVIOR | RF_MULTIPLE_COUNTERPARTIES,Activity involves multiple origin countries and elevated transaction frequency. | Transaction activity is consistent with the synthetic mule-behavior scenario. | Customer interacted with multiple counterparties.,amount_deviation_from_average | amount_usd | log_amount,RAPID_MOVEMENT,High rule-engine risk,RULE_HIGH_ML_LOW,STANDARD_REVIEW,PENDING_REVIEW,OPEN,,NO,PENDING_HUMAN_REVIEW
AML-CUST000056,CUST000056,P3,MEDIUM,35.0,19,708832.12,656194.5,,,,,,0,0,0,3,RF_FUNNEL_BEHAVIOR | RF_MULE_BEHAVIOR | RF_MULTIPLE_COUNTERPARTIES,Activity involves multiple origin countries and elevated transaction frequency. | Transaction activity is consistent with the synthetic mule-behavior scenario. | Customer interacted with multiple counterparties.,log_amount | transactions_24h | volume_24h,RAPID_MOVEMENT,High rule-engine risk,RULE_HIGH_ML_LOW,STANDARD_REVIEW,PENDING_REVIEW,OPEN,,NO,PENDING_HUMAN_REVIEW
AML-CUST000057,CUST000057,P3,MEDIUM,35.0,19,593379.61,552680.86,,,,,,0,0,0,3,RF_FUNNEL_BEHAVIOR | RF_MULE_BEHAVIOR | RF_MULTIPLE_COUNTERPARTIES,Activity involves multiple origin countries and elevated transaction frequency. | Transaction activity is consistent with the synthetic mule-behavior scenario. | Customer interacted with multiple counterparties.,,RAPID_MOVEMENT,High rule-engine risk,RULE_HIGH_ML_LOW,STANDARD_REVIEW,PENDING_REVIEW,OPEN,,NO,PENDING_HUMAN_REVIEW
AML-CUST000058,CUST000058,P3,MEDIUM,35.0,20,591183.92,574908.78,,,,,,0,0,0,3,RF_FUNNEL_BEHAVIOR | RF_MULE_BEHAVIOR | RF_MULTIPLE_COUNTERPARTIES,Activity involves multiple origin countries and elevated transaction frequency. | Transaction activity is consistent with the synthetic mule-behavior scenario. | Customer interacted with multiple counterparties.,log_amount | amount_usd | amount_deviation_from_average,RAPID_MOVEMENT,High rule-engine risk; Behavioral model drivers: log_amount | amount_usd | amount_deviation_from_average,RULE_HIGH_ML_LOW,STANDARD_REVIEW,PENDING_REVIEW,OPEN,,NO,PENDING_HUMAN_REVIEW
AML-CUST000059,CUST000059,P3,MEDIUM,35.0,20,565180.26,549324.03,,,,,,0,0,0,3,RF_FUNNEL_BEHAVIOR | RF_MULE_BEHAVIOR | RF_MULTIPLE_COUNTERPARTIES,Activity involves multiple origin countries and elevated transaction frequency. | Transaction activity is consistent with the synthetic mule-behavior scenario. | Customer interacted with multiple counterparties.,log_amount | rapid_transaction_indicator | amount_usd | amount_deviation_from_average,RAPID_MOVEMENT,High rule-engine risk,RULE_HIGH_ML_LOW,STANDARD_REVIEW,PENDING_REVIEW,OPEN,,NO,PENDING_HUMAN_REVIEW
AML-CUST000061,CUST000061,P3,MEDIUM,35.0,17,173763.22,137564.5,,,,,,0,0,0,4,RF_FUNNEL_BEHAVIOR | RF_MULE_BEHAVIOR | RF_MULTIPLE_COUNTERPARTIES | RF_STRUCTURING,Activity involves multiple origin countries and elevated transaction frequency. | Transaction activity is consistent with the synthetic mule-behavior scenario. | Customer interacted with multiple counterparties. | Multiple transactions observed in the synthetic structuring threshold range.,log_amount | suspicious_transaction_ratio | rapid_transaction_indicator,FUNNEL_ACCOUNT,High rule-engine risk,RULE_HIGH_ML_LOW,STANDARD_REVIEW,PENDING_REVIEW,OPEN,,NO,PENDING_HUMAN_REVIEW
AML-CUST000063,CUST000063,P3,MEDIUM,35.0,19,194771.49,158262.7,,,,,,0,0,0,3,RF_FUNNEL_BEHAVIOR | RF_MULE_BEHAVIOR | RF_MULTIPLE_COUNTERPARTIES,Activity involves multiple origin countries and elevated transaction frequency. | Transaction activity is consistent with the synthetic mule-behavior scenario. | Customer interacted with multiple counterparties.,log_amount | suspicious_transaction_ratio | rapid_transaction_indicator | transactions_24h,FUNNEL_ACCOUNT,High rule-engine risk,RULE_HIGH_ML_LOW,STANDARD_REVIEW,PENDING_REVIEW,OPEN,,NO,PENDING_HUMAN_REVIEW
AML-CUST000065,CUST000065,P3,MEDIUM,35.0,12,177763.39,99506.32,,,,,,0,0,0,4,RF_FUNNEL_BEHAVIOR | RF_MULE_BEHAVIOR | RF_MULTIPLE_COUNTERPARTIES | RF_STRUCTURING,Activity involves multiple origin countries and elevated transaction frequency. | Transaction activity is consistent with the synthetic mule-behavior scenario. | Customer interacted with multiple counterparties. | Multiple transactions observed in the synthetic structuring threshold range.,,FUNNEL_ACCOUNT,High rule-engine risk,RULE_HIGH_ML_LOW,STANDARD_REVIEW,PENDING_REVIEW,OPEN,,NO,PENDING_HUMAN_REVIEW
AML-CUST000066,CUST000066,P3,MEDIUM,35.0,13,160600.83,108585.73,,,,,,0,0,0,4,RF_FUNNEL_BEHAVIOR | RF_MULE_BEHAVIOR | RF_MULTIPLE_COUNTERPARTIES | RF_STRUCTURING,Activity involves multiple origin countries and elevated transaction frequency. | Transaction activity is consistent with the synthetic mule-behavior scenario. | Customer interacted with multiple counterparties. | Multiple transactions observed in the synthetic structuring threshold range.,log_amount | rapid_transaction_indicator | suspicious_transaction_ratio,FUNNEL_ACCOUNT,High rule-engine risk,RULE_HIGH_ML_LOW,STANDARD_REVIEW,PENDING_REVIEW,OPEN,,NO,PENDING_HUMAN_REVIEW
AML-CUST000067,CUST000067,P3,MEDIUM,35.0,12,166593.82,97141.41,,,,,,0,0,0,4,RF_FUNNEL_BEHAVIOR | RF_MULE_BEHAVIOR | RF_MULTIPLE_COUNTERPARTIES | RF_STRUCTURING,Activity involves multiple origin countries and elevated transaction frequency. | Transaction activity is consistent with the synthetic mule-behavior scenario. | Customer interacted with multiple counterparties. | Multiple transactions observed in the synthetic structuring threshold range.,,FUNNEL_ACCOUNT,High rule-engine risk,RULE_HIGH_ML_LOW,STANDARD_REVIEW,PENDING_REVIEW,OPEN,,NO,PENDING_HUMAN_REVIEW
AML-CUST000068,CUST000068,P3,MEDIUM,35.0,19,197655.5,178040.88,,,,,,0,0,0,4,RF_FUNNEL_BEHAVIOR | RF_MULE_BEHAVIOR | RF_MULTIPLE_COUNTERPARTIES | RF_STRUCTURING,Activity involves multiple origin countries and elevated transaction frequency. | Transaction activity is consistent with the synthetic mule-behavior scenario. | Customer interacted with multiple counterparties. | Multiple transactions observed in the synthetic structuring threshold range.,,FUNNEL_ACCOUNT,High rule-engine risk,RULE_HIGH_ML_LOW,STANDARD_REVIEW,PENDING_REVIEW,OPEN,,NO,PENDING_HUMAN_REVIEW
AML-CUST000069,CUST000069,P3,MEDIUM,35.0,12,168472.65,104684.99,,,,,,0,0,0,4,RF_FUNNEL_BEHAVIOR | RF_MULE_BEHAVIOR | RF_MULTIPLE_COUNTERPARTIES | RF_STRUCTURING,Activity involves multiple origin countries and elevated transaction frequency. | Transaction activity is consistent with the synthetic mule-behavior scenario. | Customer interacted with multiple counterparties. | Multiple transactions observed in the synthetic structuring threshold range.,log_amount | rapid_transaction_indicator | suspicious_transaction_ratio,FUNNEL_ACCOUNT,High rule-engine risk,RULE_HIGH_ML_LOW,STANDARD_REVIEW,PENDING_REVIEW,OPEN,,NO,PENDING_HUMAN_REVIEW
AML-CUST000070,CUST000070,P3,MEDIUM,35.0,16,188388.6,144666.12,,,,,,0,0,0,4,RF_FUNNEL_BEHAVIOR | RF_MULE_BEHAVIOR | RF_MULTIPLE_COUNTERPARTIES | RF_STRUCTURING,Activity involves multiple origin countries and elevated transaction frequency. | Transaction activity is consistent with the synthetic mule-behavior scenario. | Customer interacted with multiple counterparties. | Multiple transactions observed in the synthetic structuring threshold range.,log_amount | rapid_transaction_indicator | suspicious_transaction_ratio,FUNNEL_ACCOUNT,High rule-engine risk,RULE_HIGH_ML_LOW,STANDARD_REVIEW,PENDING_REVIEW,OPEN,,NO,PENDING_HUMAN_REVIEW
AML-CUST000071,CUST000071,P3,MEDIUM,35.0,13,178779.61,124896.57,,,,,,0,0,0,4,RF_FUNNEL_BEHAVIOR | RF_MULE_BEHAVIOR | RF_MULTIPLE_COUNTERPARTIES | RF_STRUCTURING,Activity involves multiple origin countries and elevated transaction frequency. | Transaction activity is consistent with the synthetic mule-behavior scenario. | Customer interacted with multiple counterparties. | Multiple transactions observed in the synthetic structuring threshold range.,transactions_24h | log_amount | suspicious_transaction_ratio,FUNNEL_ACCOUNT,High rule-engine risk,RULE_HIGH_ML_LOW,STANDARD_REVIEW,PENDING_REVIEW,OPEN,,NO,PENDING_HUMAN_REVIEW
AML-CUST000072,CUST000072,P3,MEDIUM,35.0,9,170336.54,75582.71,,,,,,0,0,0,3,RF_FUNNEL_BEHAVIOR | RF_MULE_BEHAVIOR | RF_MULTIPLE_COUNTERPARTIES,Activity involves multiple origin countries and elevated transaction frequency. | Transaction activity is consistent with the synthetic mule-behavior scenario. | Customer interacted with multiple counterparties.,transactions_24h | log_amount | rapid_transaction_indicator,FUNNEL_ACCOUNT,High rule-engine risk,RULE_HIGH_ML_LOW,STANDARD_REVIEW,PENDING_REVIEW,OPEN,,NO,PENDING_HUMAN_REVIEW
AML-CUST000073,CUST000073,P3,MEDIUM,35.0,17,188188.55,156435.99,,,,,,0,0,0,4,RF_FUNNEL_BEHAVIOR | RF_MULE_BEHAVIOR | RF_MULTIPLE_COUNTERPARTIES | RF_STRUCTURING,Activity involves multiple origin countries and elevated transaction frequency. | Transaction activity is consistent with the synthetic mule-behavior scenario. | Customer interacted with multiple counterparties. | Multiple transactions observed in the synthetic structuring threshold range.,,FUNNEL_ACCOUNT,High rule-engine risk,RULE_HIGH_ML_LOW,STANDARD_REVIEW,PENDING_REVIEW,OPEN,,NO,PENDING_HUMAN_REVIEW
AML-CUST000074,CUST000074,P3,MEDIUM,35.0,15,186622.81,121948.99,,,,,,0,0,0,4,RF_FUNNEL_BEHAVIOR | RF_MULE_BEHAVIOR | RF_MULTIPLE_COUNTERPARTIES | RF_STRUCTURING,Activity involves multiple origin countries and elevated transaction frequency. | Transaction activity is consistent with the synthetic mule-behavior scenario. | Customer interacted with multiple counterparties. | Multiple transactions observed in the synthetic structuring threshold range.,log_amount | rapid_transaction_indicator | transactions_24h,FUNNEL_ACCOUNT,High rule-engine risk,RULE_HIGH_ML_LOW,STANDARD_REVIEW,PENDING_REVIEW,OPEN,,NO,PENDING_HUMAN_REVIEW
AML-CUST000075,CUST000075,P3,MEDIUM,35.0,13,167677.31,110824.48,,,,,,0,0,0,4,RF_FUNNEL_BEHAVIOR | RF_MULE_BEHAVIOR | RF_MULTIPLE_COUNTERPARTIES | RF_STRUCTURING,Activity involves multiple origin countries and elevated transaction frequency. | Transaction activity is consistent with the synthetic mule-behavior scenario. | Customer interacted with multiple counterparties. | Multiple transactions observed in the synthetic structuring threshold range.,,FUNNEL_ACCOUNT,High rule-engine risk,RULE_HIGH_ML_LOW,STANDARD_REVIEW,PENDING_REVIEW,OPEN,,NO,PENDING_HUMAN_REVIEW
AML-CUST000076,CUST000076,P3,MEDIUM,35.0,17,187358.32,159261.04,,,,,,0,0,0,4,RF_FUNNEL_BEHAVIOR | RF_MULE_BEHAVIOR | RF_MULTIPLE_COUNTERPARTIES | RF_STRUCTURING,Activity involves multiple origin countries and elevated transaction frequency. | Transaction activity is consistent with the synthetic mule-behavior scenario. | Customer interacted with multiple counterparties. | Multiple transactions observed in the synthetic structuring threshold range.,log_amount | suspicious_transaction_ratio | transactions_24h,FUNNEL_ACCOUNT,High rule-engine risk,RULE_HIGH_ML_LOW,STANDARD_REVIEW,PENDING_REVIEW,OPEN,,NO,PENDING_HUMAN_REVIEW
AML-CUST000077,CUST000077,P3,MEDIUM,35.0,19,175725.57,157017.3,,,,,,0,0,0,4,RF_FUNNEL_BEHAVIOR | RF_MULE_BEHAVIOR | RF_MULTIPLE_COUNTERPARTIES | RF_STRUCTURING,Activity involves multiple origin countries and elevated transaction frequency. | Transaction activity is consistent with the synthetic mule-behavior scenario. | Customer interacted with multiple counterparties. | Multiple transactions observed in the synthetic structuring threshold range.,transactions_24h | log_amount | suspicious_transaction_ratio,FUNNEL_ACCOUNT,High rule-engine risk,RULE_HIGH_ML_LOW,STANDARD_REVIEW,PENDING_REVIEW,OPEN,,NO,PENDING_HUMAN_REVIEW
AML-CUST000078,CUST000078,P3,MEDIUM,35.0,13,172618.06,113743.26,,,,,,0,0,0,4,RF_FUNNEL_BEHAVIOR | RF_MULE_BEHAVIOR | RF_MULTIPLE_COUNTERPARTIES | RF_STRUCTURING,Activity involves multiple origin countries and elevated transaction frequency. | Transaction activity is consistent with the synthetic mule-behavior scenario. | Customer interacted with multiple counterparties. | Multiple transactions observed in the synthetic structuring threshold range.,transactions_24h | log_amount | rapid_transaction_indicator,FUNNEL_ACCOUNT,High rule-engine risk,RULE_HIGH_ML_LOW,STANDARD_REVIEW,PENDING_REVIEW,OPEN,,NO,PENDING_HUMAN_REVIEW
AML-CUST000083,CUST000083,P3,MEDIUM,35.0,13,158016.3,99101.31,,,,,,0,0,0,3,RF_FUNNEL_BEHAVIOR | RF_MULE_BEHAVIOR | RF_MULTIPLE_COUNTERPARTIES,Activity involves multiple origin countries and elevated transaction frequency. | Transaction activity is consistent with the synthetic mule-behavior scenario. | Customer interacted with multiple counterparties.,,FUNNEL_ACCOUNT,High rule-engine risk,RULE_HIGH_ML_LOW,STANDARD_REVIEW,PENDING_REVIEW,OPEN,,NO,PENDING_HUMAN_REVIEW
AML-CUST000084,CUST000084,P3,MEDIUM,35.0,11,163413.87,95983.15,,,,,,0,0,0,4,RF_FUNNEL_BEHAVIOR | RF_MULE_BEHAVIOR | RF_MULTIPLE_COUNTERPARTIES | RF_STRUCTURING,Activity involves multiple origin countries and elevated transaction frequency. | Transaction activity is consistent with the synthetic mule-behavior scenario. | Customer interacted with multiple counterparties. | Multiple transactions observed in the synthetic structuring threshold range.,,FUNNEL_ACCOUNT,High rule-engine risk,RULE_HIGH_ML_LOW,STANDARD_REVIEW,PENDING_REVIEW,OPEN,,NO,PENDING_HUMAN_REVIEW
AML-CUST000085,CUST000085,P3,MEDIUM,35.0,19,398260.49,365399.47,,,,,,0,0,0,3,RF_FUNNEL_BEHAVIOR | RF_MULE_BEHAVIOR | RF_MULTIPLE_COUNTERPARTIES,Activity involves multiple origin countries and elevated transaction frequency. | Transaction activity is consistent with the synthetic mule-behavior scenario. | Customer interacted with multiple counterparties.,,LAYERING,High rule-engine risk,RULE_HIGH_ML_LOW,STANDARD_REVIEW,PENDING_REVIEW,OPEN,,NO,PENDING_HUMAN_REVIEW
AML-CUST000086,CUST000086,P3,MEDIUM,35.0,19,403059.5,363618.82,,,,,,0,0,0,3,RF_FUNNEL_BEHAVIOR | RF_MULE_BEHAVIOR | RF_MULTIPLE_COUNTERPARTIES,Activity involves multiple origin countries and elevated transaction frequency. | Transaction activity is consistent with the synthetic mule-behavior scenario. | Customer interacted with multiple counterparties.,transactions_24h | log_amount | rapid_transaction_indicator,LAYERING,High rule-engine risk,RULE_HIGH_ML_LOW,STANDARD_REVIEW,PENDING_REVIEW,OPEN,,NO,PENDING_HUMAN_REVIEW
AML-CUST000087,CUST000087,P3,MEDIUM,35.0,19,395933.85,364273.53,,,,,,0,0,0,3,RF_FUNNEL_BEHAVIOR | RF_MULE_BEHAVIOR | RF_MULTIPLE_COUNTERPARTIES,Activity involves multiple origin countries and elevated transaction frequency. | Transaction activity is consistent with the synthetic mule-behavior scenario. | Customer interacted with multiple counterparties.,,LAYERING,High rule-engine risk,RULE_HIGH_ML_LOW,STANDARD_REVIEW,PENDING_REVIEW,OPEN,,NO,PENDING_HUMAN_REVIEW
AML-CUST000088,CUST000088,P3,MEDIUM,35.0,21,442597.03,420163.23,,,,,,0,0,0,3,RF_FUNNEL_BEHAVIOR | RF_MULE_BEHAVIOR | RF_MULTIPLE_COUNTERPARTIES,Activity involves multiple origin countries and elevated transaction frequency. | Transaction activity is consistent with the synthetic mule-behavior scenario. | Customer interacted with multiple counterparties.,log_amount | amount_usd | suspicious_transaction_ratio | transactions_24h,LAYERING,High rule-engine risk; Behavioral model drivers: log_amount | amount_usd | suspicious_transaction_ratio,RULE_HIGH_ML_LOW,STANDARD_REVIEW,PENDING_REVIEW,OPEN,,NO,PENDING_HUMAN_REVIEW
AML-CUST000089,CUST000089,P3,MEDIUM,35.0,19,414279.78,372399.6,,,,,,0,0,0,3,RF_FUNNEL_BEHAVIOR | RF_MULE_BEHAVIOR | RF_MULTIPLE_COUNTERPARTIES,Activity involves multiple origin countries and elevated transaction frequency. | Transaction activity is consistent with the synthetic mule-behavior scenario. | Customer interacted with multiple counterparties.,log_amount | transactions_24h | suspicious_transaction_ratio,LAYERING,High rule-engine risk,RULE_HIGH_ML_LOW,STANDARD_REVIEW,PENDING_REVIEW,OPEN,,NO,PENDING_HUMAN_REVIEW
AML-CUST000090,CUST000090,P3,MEDIUM,35.0,19,406280.49,367263.7,,,,,,0,0,0,3,RF_FUNNEL_BEHAVIOR | RF_MULE_BEHAVIOR | RF_MULTIPLE_COUNTERPARTIES,Activity involves multiple origin countries and elevated transaction frequency. | Transaction activity is consistent with the synthetic mule-behavior scenario. | Customer interacted with multiple counterparties.,,LAYERING,High rule-engine risk,RULE_HIGH_ML_LOW,STANDARD_REVIEW,PENDING_REVIEW,OPEN,,NO,PENDING_HUMAN_REVIEW
AML-CUST000091,CUST000091,P3,MEDIUM,35.0,19,380156.33,343344.57,,,,,,0,0,0,3,RF_FUNNEL_BEHAVIOR | RF_MULE_BEHAVIOR | RF_MULTIPLE_COUNTERPARTIES,Activity involves multiple origin countries and elevated transaction frequency. | Transaction activity is consistent with the synthetic mule-behavior scenario. | Customer interacted with multiple counterparties.,,LAYERING,High rule-engine risk,RULE_HIGH_ML_LOW,STANDARD_REVIEW,PENDING_REVIEW,OPEN,,NO,PENDING_HUMAN_REVIEW
AML-CUST000092,CUST000092,P3,MEDIUM,35.0,20,445873.35,428825.13,,,,,,0,0,0,3,RF_FUNNEL_BEHAVIOR | RF_MULE_BEHAVIOR | RF_MULTIPLE_COUNTERPARTIES,Activity involves multiple origin countries and elevated transaction frequency. | Transaction activity is consistent with the synthetic mule-behavior scenario. | Customer interacted with multiple counterparties.,log_amount | suspicious_transaction_ratio | rapid_transaction_indicator,LAYERING,High rule-engine risk,RULE_HIGH_ML_LOW,STANDARD_REVIEW,PENDING_REVIEW,OPEN,,NO,PENDING_HUMAN_REVIEW
AML-CUST000093,CUST000093,P3,MEDIUM,35.0,19,426823.36,383734.72,,,,,,0,0,0,3,RF_FUNNEL_BEHAVIOR | RF_MULE_BEHAVIOR | RF_MULTIPLE_COUNTERPARTIES,Activity involves multiple origin countries and elevated transaction frequency. | Transaction activity is consistent with the synthetic mule-behavior scenario. | Customer interacted with multiple counterparties.,log_amount | suspicious_transaction_ratio | rapid_transaction_indicator | transactions_24h,LAYERING,High rule-engine risk,RULE_HIGH_ML_LOW,STANDARD_REVIEW,PENDING_REVIEW,OPEN,,NO,PENDING_HUMAN_REVIEW
AML-CUST000094,CUST000094,P3,MEDIUM,35.0,19,383758.12,352593.71,,,,,,0,0,0,3,RF_FUNNEL_BEHAVIOR | RF_MULE_BEHAVIOR | RF_MULTIPLE_COUNTERPARTIES,Activity involves multiple origin countries and elevated transaction frequency. | Transaction activity is consistent with the synthetic mule-behavior scenario. | Customer interacted with multiple counterparties.,,LAYERING,High rule-engine risk,RULE_HIGH_ML_LOW,STANDARD_REVIEW,PENDING_REVIEW,OPEN,,NO,PENDING_HUMAN_REVIEW
AML-CUST000095,CUST000095,P3,MEDIUM,35.0,20,392716.41,376972.23,,,,,,0,0,0,3,RF_FUNNEL_BEHAVIOR | RF_MULE_BEHAVIOR | RF_MULTIPLE_COUNTERPARTIES,Activity involves multiple origin countries and elevated transaction frequency. | Transaction activity is consistent with the synthetic mule-behavior scenario. | Customer interacted with multiple counterparties.,,LAYERING,High rule-engine risk,RULE_HIGH_ML_LOW,STANDARD_REVIEW,PENDING_REVIEW,OPEN,,NO,PENDING_HUMAN_REVIEW
AML-CUST000096,CUST000096,P3,MEDIUM,35.0,19,379693.9,345896.53,,,,,,0,0,0,3,RF_FUNNEL_BEHAVIOR | RF_MULE_BEHAVIOR | RF_MULTIPLE_COUNTERPARTIES,Activity involves multiple origin countries and elevated transaction frequency. | Transaction activity is consistent with the synthetic mule-behavior scenario. | Customer interacted with multiple counterparties.,,LAYERING,High rule-engine risk,RULE_HIGH_ML_LOW,STANDARD_REVIEW,PENDING_REVIEW,OPEN,,NO,PENDING_HUMAN_REVIEW
AML-CUST000098,CUST000098,P3,MEDIUM,35.0,19,366619.82,329494.87,,,,,,0,0,0,3,RF_FUNNEL_BEHAVIOR | RF_MULE_BEHAVIOR | RF_MULTIPLE_COUNTERPARTIES,Activity involves multiple origin countries and elevated transaction frequency. | Transaction activity is consistent with the synthetic mule-behavior scenario. | Customer interacted with multiple counterparties.,log_amount | rapid_transaction_indicator | transactions_24h,LAYERING,High rule-engine risk,RULE_HIGH_ML_LOW,STANDARD_REVIEW,PENDING_REVIEW,OPEN,,NO,PENDING_HUMAN_REVIEW
AML-CUST000099,CUST000099,P3,MEDIUM,35.0,19,420325.44,392213.56,,,,,,0,0,0,2,RF_MULE_BEHAVIOR | RF_MULTIPLE_COUNTERPARTIES,Transaction activity is consistent with the synthetic mule-behavior scenario. | Customer interacted with multiple counterparties.,,LAYERING,High rule-engine risk,RULE_HIGH_ML_LOW,STANDARD_REVIEW,PENDING_REVIEW,OPEN,,NO,PENDING_HUMAN_REVIEW
AML-CUST000100,CUST000100,P3,MEDIUM,35.0,19,418778.93,388761.68,,,,,,0,0,0,3,RF_FUNNEL_BEHAVIOR | RF_MULE_BEHAVIOR | RF_MULTIPLE_COUNTERPARTIES,Activity involves multiple origin countries and elevated transaction frequency. | Transaction activity is consistent with the synthetic mule-behavior scenario. | Customer interacted with multiple counterparties.,,LAYERING,High rule-engine risk,RULE_HIGH_ML_LOW,STANDARD_REVIEW,PENDING_REVIEW,OPEN,,NO,PENDING_HUMAN_REVIEW
AML-CUST000101,CUST000101,P3,MEDIUM,35.0,19,367732.15,344720.6,,,,,,0,0,0,3,RF_FUNNEL_BEHAVIOR | RF_MULE_BEHAVIOR | RF_MULTIPLE_COUNTERPARTIES,Activity involves multiple origin countries and elevated transaction frequency. | Transaction activity is consistent with the synthetic mule-behavior scenario. | Customer interacted with multiple counterparties.,log_amount | suspicious_transaction_ratio | rapid_transaction_indicator,LAYERING,High rule-engine risk,RULE_HIGH_ML_LOW,STANDARD_REVIEW,PENDING_REVIEW,OPEN,,NO,PENDING_HUMAN_REVIEW
AML-CUST000102,CUST000102,P3,MEDIUM,35.0,20,434594.32,415503.32,,,,,,0,0,0,3,RF_FUNNEL_BEHAVIOR | RF_MULE_BEHAVIOR | RF_MULTIPLE_COUNTERPARTIES,Activity involves multiple origin countries and elevated transaction frequency. | Transaction activity is consistent with the synthetic mule-behavior scenario. | Customer interacted with multiple counterparties.,log_amount | suspicious_transaction_ratio | rapid_transaction_indicator,LAYERING,High rule-engine risk,RULE_HIGH_ML_LOW,STANDARD_REVIEW,PENDING_REVIEW,OPEN,,NO,PENDING_HUMAN_REVIEW
AML-CUST000103,CUST000103,P3,MEDIUM,35.0,19,442995.73,403658.72,,,,,,0,0,0,3,RF_FUNNEL_BEHAVIOR | RF_MULE_BEHAVIOR | RF_MULTIPLE_COUNTERPARTIES,Activity involves multiple origin countries and elevated transaction frequency. | Transaction activity is consistent with the synthetic mule-behavior scenario. | Customer interacted with multiple counterparties.,log_amount | transactions_24h | rapid_transaction_indicator,LAYERING,High rule-engine risk,RULE_HIGH_ML_LOW,STANDARD_REVIEW,PENDING_REVIEW,OPEN,,NO,PENDING_HUMAN_REVIEW
AML-CUST000104,CUST000104,P3,MEDIUM,35.0,19,426367.45,399590.09,,,,,,0,0,0,3,RF_FUNNEL_BEHAVIOR | RF_MULE_BEHAVIOR | RF_MULTIPLE_COUNTERPARTIES,Activity involves multiple origin countries and elevated transaction frequency. | Transaction activity is consistent with the synthetic mule-behavior scenario. | Customer interacted with multiple counterparties.,,LAYERING,High rule-engine risk,RULE_HIGH_ML_LOW,STANDARD_REVIEW,PENDING_REVIEW,OPEN,,NO,PENDING_HUMAN_REVIEW
AML-CUST000105,CUST000105,P3,MEDIUM,35.0,19,425901.35,383974.46,,,,,,0,0,0,3,RF_FUNNEL_BEHAVIOR | RF_MULE_BEHAVIOR | RF_MULTIPLE_COUNTERPARTIES,Activity involves multiple origin countries and elevated transaction frequency. | Transaction activity is consistent with the synthetic mule-behavior scenario. | Customer interacted with multiple counterparties.,log_amount | amount_usd | amount_deviation_from_average,LAYERING,High rule-engine risk,RULE_HIGH_ML_LOW,STANDARD_REVIEW,PENDING_REVIEW,OPEN,,NO,PENDING_HUMAN_REVIEW
AML-CUST000106,CUST000106,P3,MEDIUM,35.0,19,413131.38,372406.56,,,,,,0,0,0,3,RF_FUNNEL_BEHAVIOR | RF_MULE_BEHAVIOR | RF_MULTIPLE_COUNTERPARTIES,Activity involves multiple origin countries and elevated transaction frequency. | Transaction activity is consistent with the synthetic mule-behavior scenario. | Customer interacted with multiple counterparties.,log_amount | rapid_transaction_indicator | transactions_24h,LAYERING,High rule-engine risk,RULE_HIGH_ML_LOW,STANDARD_REVIEW,PENDING_REVIEW,OPEN,,NO,PENDING_HUMAN_REVIEW
AML-CUST000107,CUST000107,P3,MEDIUM,35.0,19,408936.57,387015.08,,,,,,0,0,0,3,RF_FUNNEL_BEHAVIOR | RF_MULE_BEHAVIOR | RF_MULTIPLE_COUNTERPARTIES,Activity involves multiple origin countries and elevated transaction frequency. | Transaction activity is consistent with the synthetic mule-behavior scenario. | Customer interacted with multiple counterparties.,,LAYERING,High rule-engine risk,RULE_HIGH_ML_LOW,STANDARD_REVIEW,PENDING_REVIEW,OPEN,,NO,PENDING_HUMAN_REVIEW
AML-CUST000108,CUST000108,P3,MEDIUM,35.0,20,429973.91,406869.09,,,,,,0,0,0,3,RF_FUNNEL_BEHAVIOR | RF_MULE_BEHAVIOR | RF_MULTIPLE_COUNTERPARTIES,Activity involves multiple origin countries and elevated transaction frequency. | Transaction activity is consistent with the synthetic mule-behavior scenario. | Customer interacted with multiple counterparties.,log_amount | rapid_transaction_indicator | amount_usd | amount_deviation_from_average,LAYERING,High rule-engine risk,RULE_HIGH_ML_LOW,STANDARD_REVIEW,PENDING_REVIEW,OPEN,,NO,PENDING_HUMAN_REVIEW
AML-CUST000109,CUST000109,P3,MEDIUM,35.0,19,403431.06,355561.37,,,,,,0,0,0,3,RF_FUNNEL_BEHAVIOR | RF_MULE_BEHAVIOR | RF_MULTIPLE_COUNTERPARTIES,Activity involves multiple origin countries and elevated transaction frequency. | Transaction activity is consistent with the synthetic mule-behavior scenario. | Customer interacted with multiple counterparties.,log_amount | transactions_24h | amount_usd,LAYERING,High rule-engine risk,RULE_HIGH_ML_LOW,STANDARD_REVIEW,PENDING_REVIEW,OPEN,,NO,PENDING_HUMAN_REVIEW
AML-CUST000110,CUST000110,P3,MEDIUM,35.0,7,152605.62,60975.8,,,,,,0,0,0,4,RF_FUNNEL_BEHAVIOR | RF_MULE_BEHAVIOR | RF_MULTIPLE_COUNTERPARTIES | RF_STRUCTURING,Activity involves multiple origin countries and elevated transaction frequency. | Transaction activity is consistent with the synthetic mule-behavior scenario. | Customer interacted with multiple counterparties. | Multiple transactions observed in the synthetic structuring threshold range.,log_amount | rapid_transaction_indicator | suspicious_transaction_ratio,MULE_BEHAVIOR,High rule-engine risk,RULE_HIGH_ML_LOW,STANDARD_REVIEW,PENDING_REVIEW,OPEN,,NO,PENDING_HUMAN_REVIEW
AML-CUST000111,CUST000111,P3,MEDIUM,35.0,4,135974.91,35503.08,,,,,,0,0,0,4,RF_FUNNEL_BEHAVIOR | RF_MULE_BEHAVIOR | RF_MULTIPLE_COUNTERPARTIES | RF_STRUCTURING,Activity involves multiple origin countries and elevated transaction frequency. | Transaction activity is consistent with the synthetic mule-behavior scenario. | Customer interacted with multiple counterparties. | Multiple transactions observed in the synthetic structuring threshold range.,,MULE_BEHAVIOR,High rule-engine risk,RULE_HIGH_ML_LOW,STANDARD_REVIEW,PENDING_REVIEW,OPEN,,NO,PENDING_HUMAN_REVIEW
AML-CUST000112,CUST000112,P3,MEDIUM,35.0,9,125286.32,67627.09,,,,,,0,0,0,4,RF_FUNNEL_BEHAVIOR | RF_MULE_BEHAVIOR | RF_MULTIPLE_COUNTERPARTIES | RF_STRUCTURING,Activity involves multiple origin countries and elevated transaction frequency. | Transaction activity is consistent with the synthetic mule-behavior scenario. | Customer interacted with multiple counterparties. | Multiple transactions observed in the synthetic structuring threshold range.,,MULE_BEHAVIOR,High rule-engine risk,RULE_HIGH_ML_LOW,STANDARD_REVIEW,PENDING_REVIEW,OPEN,,NO,PENDING_HUMAN_REVIEW
AML-CUST000113,CUST000113,P3,MEDIUM,35.0,2,108181.0,14764.51,,,,,,0,0,0,4,RF_FUNNEL_BEHAVIOR | RF_MULE_BEHAVIOR | RF_MULTIPLE_COUNTERPARTIES | RF_STRUCTURING,Activity involves multiple origin countries and elevated transaction frequency. | Transaction activity is consistent with the synthetic mule-behavior scenario. | Customer interacted with multiple counterparties. | Multiple transactions observed in the synthetic structuring threshold range.,suspicious_transaction_ratio | log_amount | rapid_transaction_indicator,MULE_BEHAVIOR,High rule-engine risk,RULE_HIGH_ML_LOW,STANDARD_REVIEW,PENDING_REVIEW,OPEN,,NO,PENDING_HUMAN_REVIEW
AML-CUST000114,CUST000114,P3,MEDIUM,35.0,8,131124.36,60192.45,,,,,,0,0,0,4,RF_FUNNEL_BEHAVIOR | RF_MULE_BEHAVIOR | RF_MULTIPLE_COUNTERPARTIES | RF_STRUCTURING,Activity involves multiple origin countries and elevated transaction frequency. | Transaction activity is consistent with the synthetic mule-behavior scenario. | Customer interacted with multiple counterparties. | Multiple transactions observed in the synthetic structuring threshold range.,,MULE_BEHAVIOR,High rule-engine risk,RULE_HIGH_ML_LOW,STANDARD_REVIEW,PENDING_REVIEW,OPEN,,NO,PENDING_HUMAN_REVIEW
AML-CUST000115,CUST000115,P3,MEDIUM,35.0,9,136876.12,59563.11,,,,,,0,0,0,4,RF_FUNNEL_BEHAVIOR | RF_MULE_BEHAVIOR | RF_MULTIPLE_COUNTERPARTIES | RF_STRUCTURING,Activity involves multiple origin countries and elevated transaction frequency. | Transaction activity is consistent with the synthetic mule-behavior scenario. | Customer interacted with multiple counterparties. | Multiple transactions observed in the synthetic structuring threshold range.,transactions_24h | log_amount | rapid_transaction_indicator,MULE_BEHAVIOR,High rule-engine risk,RULE_HIGH_ML_LOW,STANDARD_REVIEW,PENDING_REVIEW,OPEN,,NO,PENDING_HUMAN_REVIEW
AML-CUST000116,CUST000116,P3,MEDIUM,35.0,9,114731.96,61838.7,,,,,,0,0,0,4,RF_FUNNEL_BEHAVIOR | RF_MULE_BEHAVIOR | RF_MULTIPLE_COUNTERPARTIES | RF_STRUCTURING,Activity involves multiple origin countries and elevated transaction frequency. | Transaction activity is consistent with the synthetic mule-behavior scenario. | Customer interacted with multiple counterparties. | Multiple transactions observed in the synthetic structuring threshold range.,suspicious_transaction_ratio | channel_transaction_count | transaction_hour,MULE_BEHAVIOR,High rule-engine risk,RULE_HIGH_ML_LOW,STANDARD_REVIEW,PENDING_REVIEW,OPEN,,NO,PENDING_HUMAN_REVIEW
AML-CUST000117,CUST000117,P3,MEDIUM,35.0,8,129904.92,58984.75,,,,,,0,0,0,4,RF_FUNNEL_BEHAVIOR | RF_MULE_BEHAVIOR | RF_MULTIPLE_COUNTERPARTIES | RF_STRUCTURING,Activity involves multiple origin countries and elevated transaction frequency. | Transaction activity is consistent with the synthetic mule-behavior scenario. | Customer interacted with multiple counterparties. | Multiple transactions observed in the synthetic structuring threshold range.,,MULE_BEHAVIOR,High rule-engine risk,RULE_HIGH_ML_LOW,STANDARD_REVIEW,PENDING_REVIEW,OPEN,,NO,PENDING_HUMAN_REVIEW
AML-CUST000118,CUST000118,P3,MEDIUM,35.0,8,148824.24,72253.45,,,,,,0,0,0,4,RF_FUNNEL_BEHAVIOR | RF_MULE_BEHAVIOR | RF_MULTIPLE_COUNTERPARTIES | RF_STRUCTURING,Activity involves multiple origin countries and elevated transaction frequency. | Transaction activity is consistent with the synthetic mule-behavior scenario. | Customer interacted with multiple counterparties. | Multiple transactions observed in the synthetic structuring threshold range.,,MULE_BEHAVIOR,High rule-engine risk,RULE_HIGH_ML_LOW,STANDARD_REVIEW,PENDING_REVIEW,OPEN,,NO,PENDING_HUMAN_REVIEW
AML-CUST000119,CUST000119,P3,MEDIUM,35.0,11,144273.12,88745.81,,,,,,0,0,0,4,RF_FUNNEL_BEHAVIOR | RF_MULE_BEHAVIOR | RF_MULTIPLE_COUNTERPARTIES | RF_STRUCTURING,Activity involves multiple origin countries and elevated transaction frequency. | Transaction activity is consistent with the synthetic mule-behavior scenario. | Customer interacted with multiple counterparties. | Multiple transactions observed in the synthetic structuring threshold range.,,MULE_BEHAVIOR,High rule-engine risk,RULE_HIGH_ML_LOW,STANDARD_REVIEW,PENDING_REVIEW,OPEN,,NO,PENDING_HUMAN_REVIEW
AML-CUST000120,CUST000120,P3,MEDIUM,35.0,11,146811.1,90297.94,,,,,,0,0,0,4,RF_FUNNEL_BEHAVIOR | RF_MULE_BEHAVIOR | RF_MULTIPLE_COUNTERPARTIES | RF_STRUCTURING,Activity involves multiple origin countries and elevated transaction frequency. | Transaction activity is consistent with the synthetic mule-behavior scenario. | Customer interacted with multiple counterparties. | Multiple transactions observed in the synthetic structuring threshold range.,,MULE_BEHAVIOR,High rule-engine risk,RULE_HIGH_ML_LOW,STANDARD_REVIEW,PENDING_REVIEW,OPEN,,NO,PENDING_HUMAN_REVIEW
AML-CUST000122,CUST000122,P3,MEDIUM,35.0,11,131271.82,82376.11,,,,,,0,0,0,4,RF_FUNNEL_BEHAVIOR | RF_MULE_BEHAVIOR | RF_MULTIPLE_COUNTERPARTIES | RF_STRUCTURING,Activity involves multiple origin countries and elevated transaction frequency. | Transaction activity is consistent with the synthetic mule-behavior scenario. | Customer interacted with multiple counterparties. | Multiple transactions observed in the synthetic structuring threshold range.,,MULE_BEHAVIOR,High rule-engine risk,RULE_HIGH_ML_LOW,STANDARD_REVIEW,PENDING_REVIEW,OPEN,,NO,PENDING_HUMAN_REVIEW
AML-CUST000123,CUST000123,P3,MEDIUM,35.0,7,116222.92,49709.6,,,,,,0,0,0,3,RF_FUNNEL_BEHAVIOR | RF_MULE_BEHAVIOR | RF_MULTIPLE_COUNTERPARTIES,Activity involves multiple origin countries and elevated transaction frequency. | Transaction activity is consistent with the synthetic mule-behavior scenario. | Customer interacted with multiple counterparties.,,MULE_BEHAVIOR,High rule-engine risk,RULE_HIGH_ML_LOW,STANDARD_REVIEW,PENDING_REVIEW,OPEN,,NO,PENDING_HUMAN_REVIEW
AML-CUST000124,CUST000124,P3,MEDIUM,35.0,10,147932.05,79751.46,,,,,,0,0,0,4,RF_FUNNEL_BEHAVIOR | RF_MULE_BEHAVIOR | RF_MULTIPLE_COUNTERPARTIES | RF_STRUCTURING,Activity involves multiple origin countries and elevated transaction frequency. | Transaction activity is consistent with the synthetic mule-behavior scenario. | Customer interacted with multiple counterparties. | Multiple transactions observed in the synthetic structuring threshold range.,,MULE_BEHAVIOR,High rule-engine risk,RULE_HIGH_ML_LOW,STANDARD_REVIEW,PENDING_REVIEW,OPEN,,NO,PENDING_HUMAN_REVIEW
AML-CUST000125,CUST000125,P3,MEDIUM,35.0,14,169166.91,110743.52,,,,,,0,0,0,4,RF_FUNNEL_BEHAVIOR | RF_MULE_BEHAVIOR | RF_MULTIPLE_COUNTERPARTIES | RF_STRUCTURING,Activity involves multiple origin countries and elevated transaction frequency. | Transaction activity is consistent with the synthetic mule-behavior scenario. | Customer interacted with multiple counterparties. | Multiple transactions observed in the synthetic structuring threshold range.,,MULE_BEHAVIOR,High rule-engine risk,RULE_HIGH_ML_LOW,STANDARD_REVIEW,PENDING_REVIEW,OPEN,,NO,PENDING_HUMAN_REVIEW
AML-CUST000127,CUST000127,P3,MEDIUM,35.0,10,131266.55,73397.69,,,,,,0,0,0,4,RF_FUNNEL_BEHAVIOR | RF_MULE_BEHAVIOR | RF_MULTIPLE_COUNTERPARTIES | RF_STRUCTURING,Activity involves multiple origin countries and elevated transaction frequency. | Transaction activity is consistent with the synthetic mule-behavior scenario. | Customer interacted with multiple counterparties. | Multiple transactions observed in the synthetic structuring threshold range.,,MULE_BEHAVIOR,High rule-engine risk,RULE_HIGH_ML_LOW,STANDARD_REVIEW,PENDING_REVIEW,OPEN,,NO,PENDING_HUMAN_REVIEW
AML-CUST000129,CUST000129,P3,MEDIUM,35.0,11,143442.29,86300.74,,,,,,0,0,0,4,RF_FUNNEL_BEHAVIOR | RF_MULE_BEHAVIOR | RF_MULTIPLE_COUNTERPARTIES | RF_STRUCTURING,Activity involves multiple origin countries and elevated transaction frequency. | Transaction activity is consistent with the synthetic mule-behavior scenario. | Customer interacted with multiple counterparties. | Multiple transactions observed in the synthetic structuring threshold range.,,MULE_BEHAVIOR,High rule-engine risk,RULE_HIGH_ML_LOW,STANDARD_REVIEW,PENDING_REVIEW,OPEN,,NO,PENDING_HUMAN_REVIEW
AML-CUST000130,CUST000130,P3,MEDIUM,35.0,5,149564.96,42915.86,,,,,,0,0,0,4,RF_FUNNEL_BEHAVIOR | RF_MULE_BEHAVIOR | RF_MULTIPLE_COUNTERPARTIES | RF_STRUCTURING,Activity involves multiple origin countries and elevated transaction frequency. | Transaction activity is consistent with the synthetic mule-behavior scenario. | Customer interacted with multiple counterparties. | Multiple transactions observed in the synthetic structuring threshold range.,,MULE_BEHAVIOR,High rule-engine risk,RULE_HIGH_ML_LOW,STANDARD_REVIEW,PENDING_REVIEW,OPEN,,NO,PENDING_HUMAN_REVIEW
AML-CUST000131,CUST000131,P3,MEDIUM,35.0,11,129799.97,80449.09,,,,,,0,0,0,4,RF_FUNNEL_BEHAVIOR | RF_MULE_BEHAVIOR | RF_MULTIPLE_COUNTERPARTIES | RF_STRUCTURING,Activity involves multiple origin countries and elevated transaction frequency. | Transaction activity is consistent with the synthetic mule-behavior scenario. | Customer interacted with multiple counterparties. | Multiple transactions observed in the synthetic structuring threshold range.,,MULE_BEHAVIOR,High rule-engine risk,RULE_HIGH_ML_LOW,STANDARD_REVIEW,PENDING_REVIEW,OPEN,,NO,PENDING_HUMAN_REVIEW
AML-CUST000132,CUST000132,P3,MEDIUM,35.0,7,132115.67,51569.41,,,,,,0,0,0,4,RF_FUNNEL_BEHAVIOR | RF_MULE_BEHAVIOR | RF_MULTIPLE_COUNTERPARTIES | RF_STRUCTURING,Activity involves multiple origin countries and elevated transaction frequency. | Transaction activity is consistent with the synthetic mule-behavior scenario. | Customer interacted with multiple counterparties. | Multiple transactions observed in the synthetic structuring threshold range.,suspicious_transaction_ratio | log_amount | rapid_transaction_indicator,MULE_BEHAVIOR,High rule-engine risk,RULE_HIGH_ML_LOW,STANDARD_REVIEW,PENDING_REVIEW,OPEN,,NO,PENDING_HUMAN_REVIEW
AML-CUST000133,CUST000133,P3,MEDIUM,35.0,7,137094.18,61302.82,,,,,,0,0,0,4,RF_FUNNEL_BEHAVIOR | RF_MULE_BEHAVIOR | RF_MULTIPLE_COUNTERPARTIES | RF_STRUCTURING,Activity involves multiple origin countries and elevated transaction frequency. | Transaction activity is consistent with the synthetic mule-behavior scenario. | Customer interacted with multiple counterparties. | Multiple transactions observed in the synthetic structuring threshold range.,log_amount | rapid_transaction_indicator | transactions_24h,MULE_BEHAVIOR,High rule-engine risk,RULE_HIGH_ML_LOW,STANDARD_REVIEW,PENDING_REVIEW,OPEN,,NO,PENDING_HUMAN_REVIEW
AML-CUST000134,CUST000134,P3,MEDIUM,35.0,8,133752.76,62793.19,,,,,,0,0,0,4,RF_FUNNEL_BEHAVIOR | RF_MULE_BEHAVIOR | RF_MULTIPLE_COUNTERPARTIES | RF_STRUCTURING,Activity involves multiple origin countries and elevated transaction frequency. | Transaction activity is consistent with the synthetic mule-behavior scenario. | Customer interacted with multiple counterparties. | Multiple transactions observed in the synthetic structuring threshold range.,,MULE_BEHAVIOR,High rule-engine risk,RULE_HIGH_ML_LOW,STANDARD_REVIEW,PENDING_REVIEW,OPEN,,NO,PENDING_HUMAN_REVIEW
AML-CUST000136,CUST000136,P3,MEDIUM,35.0,6,172413.64,60090.55,,,,,,0,0,0,3,RF_FUNNEL_BEHAVIOR | RF_MULE_BEHAVIOR | RF_MULTIPLE_COUNTERPARTIES,Activity involves multiple origin countries and elevated transaction frequency. | Transaction activity is consistent with the synthetic mule-behavior scenario. | Customer interacted with multiple counterparties.,,FRAUD_LINKED,High rule-engine risk,RULE_HIGH_ML_LOW,STANDARD_REVIEW,PENDING_REVIEW,OPEN,,NO,PENDING_HUMAN_REVIEW
AML-CUST000137,CUST000137,P3,MEDIUM,35.0,14,213219.92,145292.65,,,,,,0,0,0,4,RF_FUNNEL_BEHAVIOR | RF_MULE_BEHAVIOR | RF_MULTIPLE_COUNTERPARTIES | RF_STRUCTURING,Activity involves multiple origin countries and elevated transaction frequency. | Transaction activity is consistent with the synthetic mule-behavior scenario. | Customer interacted with multiple counterparties. | Multiple transactions observed in the synthetic structuring threshold range.,,FRAUD_LINKED,High rule-engine risk,RULE_HIGH_ML_LOW,STANDARD_REVIEW,PENDING_REVIEW,OPEN,,NO,PENDING_HUMAN_REVIEW
AML-CUST000138,CUST000138,P3,MEDIUM,35.0,16,194374.26,167501.81,,,,,,0,0,0,4,RF_FUNNEL_BEHAVIOR | RF_MULE_BEHAVIOR | RF_MULTIPLE_COUNTERPARTIES | RF_STRUCTURING,Activity involves multiple origin countries and elevated transaction frequency. | Transaction activity is consistent with the synthetic mule-behavior scenario. | Customer interacted with multiple counterparties. | Multiple transactions observed in the synthetic structuring threshold range.,log_amount | suspicious_transaction_ratio | rapid_transaction_indicator | transactions_24h,FRAUD_LINKED,High rule-engine risk,RULE_HIGH_ML_LOW,STANDARD_REVIEW,PENDING_REVIEW,OPEN,,NO,PENDING_HUMAN_REVIEW
AML-CUST000140,CUST000140,P3,MEDIUM,35.0,12,160813.72,110957.45,,,,,,0,0,0,4,RF_FUNNEL_BEHAVIOR | RF_MULE_BEHAVIOR | RF_MULTIPLE_COUNTERPARTIES | RF_STRUCTURING,Activity involves multiple origin countries and elevated transaction frequency. | Transaction activity is consistent with the synthetic mule-behavior scenario. | Customer interacted with multiple counterparties. | Multiple transactions observed in the synthetic structuring threshold range.,,FRAUD_LINKED,High rule-engine risk,RULE_HIGH_ML_LOW,STANDARD_REVIEW,PENDING_REVIEW,OPEN,,NO,PENDING_HUMAN_REVIEW
AML-CUST000141,CUST000141,P3,MEDIUM,35.0,9,191360.43,107975.69,,,,,,0,0,0,4,RF_FUNNEL_BEHAVIOR | RF_MULE_BEHAVIOR | RF_MULTIPLE_COUNTERPARTIES | RF_STRUCTURING,Activity involves multiple origin countries and elevated transaction frequency. | Transaction activity is consistent with the synthetic mule-behavior scenario. | Customer interacted with multiple counterparties. | Multiple transactions observed in the synthetic structuring threshold range.,,FRAUD_LINKED,High rule-engine risk,RULE_HIGH_ML_LOW,STANDARD_REVIEW,PENDING_REVIEW,OPEN,,NO,PENDING_HUMAN_REVIEW
AML-CUST000142,CUST000142,P3,MEDIUM,35.0,8,171240.05,85304.51,,,,,,0,0,0,4,RF_FUNNEL_BEHAVIOR | RF_MULE_BEHAVIOR | RF_MULTIPLE_COUNTERPARTIES | RF_STRUCTURING,Activity involves multiple origin countries and elevated transaction frequency. | Transaction activity is consistent with the synthetic mule-behavior scenario. | Customer interacted with multiple counterparties. | Multiple transactions observed in the synthetic structuring threshold range.,,FRAUD_LINKED,High rule-engine risk,RULE_HIGH_ML_LOW,STANDARD_REVIEW,PENDING_REVIEW,OPEN,,NO,PENDING_HUMAN_REVIEW
AML-CUST000143,CUST000143,P3,MEDIUM,35.0,17,193427.21,147246.63,,,,,,0,0,0,4,RF_FUNNEL_BEHAVIOR | RF_MULE_BEHAVIOR | RF_MULTIPLE_COUNTERPARTIES | RF_STRUCTURING,Activity involves multiple origin countries and elevated transaction frequency. | Transaction activity is consistent with the synthetic mule-behavior scenario. | Customer interacted with multiple counterparties. | Multiple transactions observed in the synthetic structuring threshold range.,,FRAUD_LINKED,High rule-engine risk,RULE_HIGH_ML_LOW,STANDARD_REVIEW,PENDING_REVIEW,OPEN,,NO,PENDING_HUMAN_REVIEW
AML-CUST000145,CUST000145,P3,MEDIUM,35.0,8,170218.12,94938.64,,,,,,0,0,0,3,RF_FUNNEL_BEHAVIOR | RF_MULE_BEHAVIOR | RF_MULTIPLE_COUNTERPARTIES,Activity involves multiple origin countries and elevated transaction frequency. | Transaction activity is consistent with the synthetic mule-behavior scenario. | Customer interacted with multiple counterparties.,,FRAUD_LINKED,High rule-engine risk,RULE_HIGH_ML_LOW,STANDARD_REVIEW,PENDING_REVIEW,OPEN,,NO,PENDING_HUMAN_REVIEW
AML-CUST000146,CUST000146,P3,MEDIUM,35.0,10,179728.69,97415.27,,,,,,0,0,0,3,RF_FUNNEL_BEHAVIOR | RF_MULE_BEHAVIOR | RF_MULTIPLE_COUNTERPARTIES,Activity involves multiple origin countries and elevated transaction frequency. | Transaction activity is consistent with the synthetic mule-behavior scenario. | Customer interacted with multiple counterparties.,transactions_24h | log_amount | rapid_transaction_indicator,FRAUD_LINKED,High rule-engine risk,RULE_HIGH_ML_LOW,STANDARD_REVIEW,PENDING_REVIEW,OPEN,,NO,PENDING_HUMAN_REVIEW
AML-CUST000147,CUST000147,P3,MEDIUM,35.0,13,187861.41,110092.89,,,,,,0,0,0,4,RF_FUNNEL_BEHAVIOR | RF_MULE_BEHAVIOR | RF_MULTIPLE_COUNTERPARTIES | RF_STRUCTURING,Activity involves multiple origin countries and elevated transaction frequency. | Transaction activity is consistent with the synthetic mule-behavior scenario. | Customer interacted with multiple counterparties. | Multiple transactions observed in the synthetic structuring threshold range.,log_amount | rapid_transaction_indicator | suspicious_transaction_ratio | transactions_24h,FRAUD_LINKED,High rule-engine risk,RULE_HIGH_ML_LOW,STANDARD_REVIEW,PENDING_REVIEW,OPEN,,NO,PENDING_HUMAN_REVIEW
AML-CUST000148,CUST000148,P3,MEDIUM,35.0,10,178762.26,89417.88,,,,,,0,0,0,3,RF_FUNNEL_BEHAVIOR | RF_MULE_BEHAVIOR | RF_MULTIPLE_COUNTERPARTIES,Activity involves multiple origin countries and elevated transaction frequency. | Transaction activity is consistent with the synthetic mule-behavior scenario. | Customer interacted with multiple counterparties.,log_amount | suspicious_transaction_ratio | rapid_transaction_indicator,FRAUD_LINKED,High rule-engine risk,RULE_HIGH_ML_LOW,STANDARD_REVIEW,PENDING_REVIEW,OPEN,,NO,PENDING_HUMAN_REVIEW
AML-CUST000149,CUST000149,P3,MEDIUM,35.0,8,170079.36,79854.73,,,,,,0,0,0,3,RF_FUNNEL_BEHAVIOR | RF_MULE_BEHAVIOR | RF_MULTIPLE_COUNTERPARTIES,Activity involves multiple origin countries and elevated transaction frequency. | Transaction activity is consistent with the synthetic mule-behavior scenario. | Customer interacted with multiple counterparties.,,FRAUD_LINKED,High rule-engine risk,RULE_HIGH_ML_LOW,STANDARD_REVIEW,PENDING_REVIEW,OPEN,,NO,PENDING_HUMAN_REVIEW
AML-CUST000150,CUST000150,P3,MEDIUM,35.0,10,176747.78,99111.88,,,,,,0,0,0,4,RF_FUNNEL_BEHAVIOR | RF_MULE_BEHAVIOR | RF_MULTIPLE_COUNTERPARTIES | RF_STRUCTURING,Activity involves multiple origin countries and elevated transaction frequency. | Transaction activity is consistent with the synthetic mule-behavior scenario. | Customer interacted with multiple counterparties. | Multiple transactions observed in the synthetic structuring threshold range.,log_amount | suspicious_transaction_ratio | rapid_transaction_indicator,FRAUD_LINKED,High rule-engine risk,RULE_HIGH_ML_LOW,STANDARD_REVIEW,PENDING_REVIEW,OPEN,,NO,PENDING_HUMAN_REVIEW
AML-CUST000155,CUST000155,P3,MEDIUM,35.0,10,185090.04,114788.8,,,,,,0,0,0,4,RF_FUNNEL_BEHAVIOR | RF_MULE_BEHAVIOR | RF_MULTIPLE_COUNTERPARTIES | RF_STRUCTURING,Activity involves multiple origin countries and elevated transaction frequency. | Transaction activity is consistent with the synthetic mule-behavior scenario. | Customer interacted with multiple counterparties. | Multiple transactions observed in the synthetic structuring threshold range.,,FRAUD_LINKED,High rule-engine risk,RULE_HIGH_ML_LOW,STANDARD_REVIEW,PENDING_REVIEW,OPEN,,NO,PENDING_HUMAN_REVIEW
AML-CUST000156,CUST000156,P3,MEDIUM,35.0,11,183730.83,92228.91,,,,,,0,0,0,3,RF_FUNNEL_BEHAVIOR | RF_MULE_BEHAVIOR | RF_MULTIPLE_COUNTERPARTIES,Activity involves multiple origin countries and elevated transaction frequency. | Transaction activity is consistent with the synthetic mule-behavior scenario. | Customer interacted with multiple counterparties.,,FRAUD_LINKED,High rule-engine risk,RULE_HIGH_ML_LOW,STANDARD_REVIEW,PENDING_REVIEW,OPEN,,NO,PENDING_HUMAN_REVIEW
AML-CUST000158,CUST000158,P3,MEDIUM,35.0,8,162891.45,65356.67,,,,,,0,0,0,3,RF_FUNNEL_BEHAVIOR | RF_MULE_BEHAVIOR | RF_MULTIPLE_COUNTERPARTIES,Activity involves multiple origin countries and elevated transaction frequency. | Transaction activity is consistent with the synthetic mule-behavior scenario. | Customer interacted with multiple counterparties.,,FRAUD_LINKED,High rule-engine risk,RULE_HIGH_ML_LOW,STANDARD_REVIEW,PENDING_REVIEW,OPEN,,NO,PENDING_HUMAN_REVIEW
AML-CUST003784,CUST003784,P3,MEDIUM,33.75,20,50744.79,44060.1,,,,,,0,0,1,4,RF_ADVERSE_MEDIA | RF_FUNNEL_BEHAVIOR | RF_MULE_BEHAVIOR | RF_MULTIPLE_COUNTERPARTIES,Customer has an adverse-media indicator in the synthetic dataset. | Activity involves multiple origin countries and elevated transaction frequency. | Transaction activity is consistent with the synthetic mule-behavior scenario. | Customer interacted with multiple counterparties.,,GENERAL_TRANSACTION_MONITORING,High rule-engine risk; Adverse media indicator,RULE_HIGH_ML_LOW,STANDARD_REVIEW,PENDING_REVIEW,OPEN,,NO,PENDING_HUMAN_REVIEW
AML-CUST004727,CUST004727,P3,MEDIUM,33.75,10,13439.76,9868.72,,,,,,0,0,1,4,RF_ADVERSE_MEDIA | RF_FUNNEL_BEHAVIOR | RF_MULE_BEHAVIOR | RF_MULTIPLE_COUNTERPARTIES,Customer has an adverse-media indicator in the synthetic dataset. | Activity involves multiple origin countries and elevated transaction frequency. | Transaction activity is consistent with the synthetic mule-behavior scenario. | Customer interacted with multiple counterparties.,,GENERAL_TRANSACTION_MONITORING,High rule-engine risk; Adverse media indicator,RULE_HIGH_ML_LOW,STANDARD_REVIEW,PENDING_REVIEW,OPEN,,NO,PENDING_HUMAN_REVIEW
AML-CUST000368,CUST000368,P3,MEDIUM,33.5,28,11590.11,11590.11,,,,,,1,0,0,3,RF_FUNNEL_BEHAVIOR | RF_MULTIPLE_COUNTERPARTIES | RF_PEP,Activity involves multiple origin countries and elevated transaction frequency. | Customer interacted with multiple counterparties. | Customer is marked with a PEP indicator in the synthetic dataset.,log_amount | unique_destination_countries | cash_ratio_24h,GENERAL_TRANSACTION_MONITORING,High rule-engine risk; PEP indicator,RULE_HIGH_ML_LOW,STANDARD_REVIEW,PENDING_REVIEW,OPEN,,NO,PENDING_HUMAN_REVIEW
AML-CUST000391,CUST000391,P3,MEDIUM,33.5,25,19554.27,19554.27,,,,,,1,0,0,4,RF_FUNNEL_BEHAVIOR | RF_MULE_BEHAVIOR | RF_MULTIPLE_COUNTERPARTIES | RF_PEP,Activity involves multiple origin countries and elevated transaction frequency. | Transaction activity is consistent with the synthetic mule-behavior scenario. | Customer interacted with multiple counterparties. | Customer is marked with a PEP indicator in the synthetic dataset.,log_amount | international_ratio_24h | transaction_month | transaction_hour | is_night_transaction,GENERAL_TRANSACTION_MONITORING,High rule-engine risk; PEP indicator,RULE_HIGH_ML_LOW,STANDARD_REVIEW,PENDING_REVIEW,OPEN,,NO,PENDING_HUMAN_REVIEW
AML-CUST000857,CUST000857,P3,MEDIUM,33.5,18,18198.72,18198.72,,,,,,1,0,0,3,RF_FUNNEL_BEHAVIOR | RF_MULTIPLE_COUNTERPARTIES | RF_PEP,Activity involves multiple origin countries and elevated transaction frequency. | Customer interacted with multiple counterparties. | Customer is marked with a PEP indicator in the synthetic dataset.,,GENERAL_TRANSACTION_MONITORING,High rule-engine risk; PEP indicator,RULE_HIGH_ML_LOW,STANDARD_REVIEW,PENDING_REVIEW,OPEN,,NO,PENDING_HUMAN_REVIEW
AML-CUST001375,CUST001375,P3,MEDIUM,33.5,27,20580.44,20580.44,,,,,,1,0,0,4,RF_FUNNEL_BEHAVIOR | RF_MULE_BEHAVIOR | RF_MULTIPLE_COUNTERPARTIES | RF_PEP,Activity involves multiple origin countries and elevated transaction frequency. | Transaction activity is consistent with the synthetic mule-behavior scenario. | Customer interacted with multiple counterparties. | Customer is marked with a PEP indicator in the synthetic dataset.,transaction_hour | transaction_month | log_amount,GENERAL_TRANSACTION_MONITORING,High rule-engine risk; PEP indicator,RULE_HIGH_ML_LOW,STANDARD_REVIEW,PENDING_REVIEW,OPEN,,NO,PENDING_HUMAN_REVIEW
AML-CUST001673,CUST001673,P3,MEDIUM,33.5,27,18017.72,18017.72,,,,,,1,0,0,3,RF_FUNNEL_BEHAVIOR | RF_MULTIPLE_COUNTERPARTIES | RF_PEP,Activity involves multiple origin countries and elevated transaction frequency. | Customer interacted with multiple counterparties. | Customer is marked with a PEP indicator in the synthetic dataset.,,GENERAL_TRANSACTION_MONITORING,High rule-engine risk; PEP indicator,RULE_HIGH_ML_LOW,STANDARD_REVIEW,PENDING_REVIEW,OPEN,,NO,PENDING_HUMAN_REVIEW
AML-CUST002386,CUST002386,P3,MEDIUM,33.5,21,21402.89,21402.89,,,,,,1,0,0,4,RF_FUNNEL_BEHAVIOR | RF_MULE_BEHAVIOR | RF_MULTIPLE_COUNTERPARTIES | RF_PEP,Activity involves multiple origin countries and elevated transaction frequency. | Transaction activity is consistent with the synthetic mule-behavior scenario. | Customer interacted with multiple counterparties. | Customer is marked with a PEP indicator in the synthetic dataset.,,GENERAL_TRANSACTION_MONITORING,High rule-engine risk; PEP indicator,RULE_HIGH_ML_LOW,STANDARD_REVIEW,PENDING_REVIEW,OPEN,,NO,PENDING_HUMAN_REVIEW
AML-CUST002540,CUST002540,P3,MEDIUM,33.5,33,44488.71,44488.71,,,,,,1,0,0,4,RF_FUNNEL_BEHAVIOR | RF_MULE_BEHAVIOR | RF_MULTIPLE_COUNTERPARTIES | RF_PEP,Activity involves multiple origin countries and elevated transaction frequency. | Transaction activity is consistent with the synthetic mule-behavior scenario. | Customer interacted with multiple counterparties. | Customer is marked with a PEP indicator in the synthetic dataset.,log_amount | unique_counterparties | customer_total_transactions | transaction_hour | is_night_transaction | channel_transaction_count | transaction_month,GENERAL_TRANSACTION_MONITORING,High rule-engine risk; PEP indicator,RULE_HIGH_ML_LOW,STANDARD_REVIEW,PENDING_REVIEW,OPEN,,NO,PENDING_HUMAN_REVIEW
AML-CUST002599,CUST002599,P3,MEDIUM,33.5,26,22982.36,22982.36,,,,,,1,0,0,4,RF_FUNNEL_BEHAVIOR | RF_MULE_BEHAVIOR | RF_MULTIPLE_COUNTERPARTIES | RF_PEP,Activity involves multiple origin countries and elevated transaction frequency. | Transaction activity is consistent with the synthetic mule-behavior scenario. | Customer interacted with multiple counterparties. | Customer is marked with a PEP indicator in the synthetic dataset.,,GENERAL_TRANSACTION_MONITORING,High rule-engine risk; PEP indicator,RULE_HIGH_ML_LOW,STANDARD_REVIEW,PENDING_REVIEW,OPEN,,NO,PENDING_HUMAN_REVIEW
AML-CUST003391,CUST003391,P3,MEDIUM,33.5,31,19597.24,19597.24,,,,,,1,0,0,4,RF_FUNNEL_BEHAVIOR | RF_MULE_BEHAVIOR | RF_MULTIPLE_COUNTERPARTIES | RF_PEP,Activity involves multiple origin countries and elevated transaction frequency. | Transaction activity is consistent with the synthetic mule-behavior scenario. | Customer interacted with multiple counterparties. | Customer is marked with a PEP indicator in the synthetic dataset.,,GENERAL_TRANSACTION_MONITORING,High rule-engine risk; PEP indicator,RULE_HIGH_ML_LOW,STANDARD_REVIEW,PENDING_REVIEW,OPEN,,NO,PENDING_HUMAN_REVIEW
AML-CUST003664,CUST003664,P3,MEDIUM,33.5,23,15258.83,15258.83,,,,,,1,0,0,4,RF_FUNNEL_BEHAVIOR | RF_MULE_BEHAVIOR | RF_MULTIPLE_COUNTERPARTIES | RF_PEP,Activity involves multiple origin countries and elevated transaction frequency. | Transaction activity is consistent with the synthetic mule-behavior scenario. | Customer interacted with multiple counterparties. | Customer is marked with a PEP indicator in the synthetic dataset.,log_amount | is_small_cash_transaction | channel_transaction_ratio,GENERAL_TRANSACTION_MONITORING,High rule-engine risk; PEP indicator,RULE_HIGH_ML_LOW,STANDARD_REVIEW,PENDING_REVIEW,OPEN,,NO,PENDING_HUMAN_REVIEW
AML-CUST003709,CUST003709,P3,MEDIUM,33.5,20,15589.99,15589.99,,,,,,1,0,0,4,RF_FUNNEL_BEHAVIOR | RF_MULE_BEHAVIOR | RF_MULTIPLE_COUNTERPARTIES | RF_PEP,Activity involves multiple origin countries and elevated transaction frequency. | Transaction activity is consistent with the synthetic mule-behavior scenario. | Customer interacted with multiple counterparties. | Customer is marked with a PEP indicator in the synthetic dataset.,transaction_hour | is_night_transaction | transaction_month,GENERAL_TRANSACTION_MONITORING,High rule-engine risk; PEP indicator,RULE_HIGH_ML_LOW,STANDARD_REVIEW,PENDING_REVIEW,OPEN,,NO,PENDING_HUMAN_REVIEW
AML-CUST003721,CUST003721,P3,MEDIUM,33.5,23,31104.41,31104.41,,,,,,1,0,0,4,RF_FUNNEL_BEHAVIOR | RF_MULE_BEHAVIOR | RF_MULTIPLE_COUNTERPARTIES | RF_PEP,Activity involves multiple origin countries and elevated transaction frequency. | Transaction activity is consistent with the synthetic mule-behavior scenario. | Customer interacted with multiple counterparties. | Customer is marked with a PEP indicator in the synthetic dataset.,transaction_hour | is_night_transaction | transactions_7d,GENERAL_TRANSACTION_MONITORING,High rule-engine risk; PEP indicator,RULE_HIGH_ML_LOW,STANDARD_REVIEW,PENDING_REVIEW,OPEN,,NO,PENDING_HUMAN_REVIEW
AML-CUST003790,CUST003790,P3,MEDIUM,33.5,26,15883.24,15883.24,,,,,,1,0,0,4,RF_FUNNEL_BEHAVIOR | RF_MULE_BEHAVIOR | RF_MULTIPLE_COUNTERPARTIES | RF_PEP,Activity involves multiple origin countries and elevated transaction frequency. | Transaction activity is consistent with the synthetic mule-behavior scenario. | Customer interacted with multiple counterparties. | Customer is marked with a PEP indicator in the synthetic dataset.,amount_vs_customer_average | customer_volume_share | cash_ratio_24h,GENERAL_TRANSACTION_MONITORING,High rule-engine risk; PEP indicator,RULE_HIGH_ML_LOW,STANDARD_REVIEW,PENDING_REVIEW,OPEN,,NO,PENDING_HUMAN_REVIEW
AML-CUST003938,CUST003938,P3,MEDIUM,33.5,20,21122.96,21122.96,,,,,,1,0,0,4,RF_FUNNEL_BEHAVIOR | RF_MULE_BEHAVIOR | RF_MULTIPLE_COUNTERPARTIES | RF_PEP,Activity involves multiple origin countries and elevated transaction frequency. | Transaction activity is consistent with the synthetic mule-behavior scenario. | Customer interacted with multiple counterparties. | Customer is marked with a PEP indicator in the synthetic dataset.,,GENERAL_TRANSACTION_MONITORING,High rule-engine risk; PEP indicator,RULE_HIGH_ML_LOW,STANDARD_REVIEW,PENDING_REVIEW,OPEN,,NO,PENDING_HUMAN_REVIEW
AML-CUST004797,CUST004797,P3,MEDIUM,33.5,25,22719.59,22719.59,,,,,,1,0,0,4,RF_FUNNEL_BEHAVIOR | RF_MULE_BEHAVIOR | RF_MULTIPLE_COUNTERPARTIES | RF_PEP,Activity involves multiple origin countries and elevated transaction frequency. | Transaction activity is consistent with the synthetic mule-behavior scenario. | Customer interacted with multiple counterparties. | Customer is marked with a PEP indicator in the synthetic dataset.,rapid_transaction_indicator | transaction_hour | transaction_month | international_ratio_24h | is_small_cash_transaction | is_night_transaction,GENERAL_TRANSACTION_MONITORING,High rule-engine risk; PEP indicator,RULE_HIGH_ML_LOW,STANDARD_REVIEW,PENDING_REVIEW,OPEN,,NO,PENDING_HUMAN_REVIEW
AML-CUST004895,CUST004895,P3,MEDIUM,33.5,23,18572.41,18572.41,,,,,,1,0,0,4,RF_FUNNEL_BEHAVIOR | RF_MULE_BEHAVIOR | RF_MULTIPLE_COUNTERPARTIES | RF_PEP,Activity involves multiple origin countries and elevated transaction frequency. | Transaction activity is consistent with the synthetic mule-behavior scenario. | Customer interacted with multiple counterparties. | Customer is marked with a PEP indicator in the synthetic dataset.,,GENERAL_TRANSACTION_MONITORING,High rule-engine risk; PEP indicator,RULE_HIGH_ML_LOW,STANDARD_REVIEW,PENDING_REVIEW,OPEN,,NO,PENDING_HUMAN_REVIEW
AML-CUST004951,CUST004951,P3,MEDIUM,33.5,22,26716.22,26716.22,,,,,,1,0,0,4,RF_FUNNEL_BEHAVIOR | RF_MULE_BEHAVIOR | RF_MULTIPLE_COUNTERPARTIES | RF_PEP,Activity involves multiple origin countries and elevated transaction frequency. | Transaction activity is consistent with the synthetic mule-behavior scenario. | Customer interacted with multiple counterparties. | Customer is marked with a PEP indicator in the synthetic dataset.,,GENERAL_TRANSACTION_MONITORING,High rule-engine risk; PEP indicator,RULE_HIGH_ML_LOW,STANDARD_REVIEW,PENDING_REVIEW,OPEN,,NO,PENDING_HUMAN_REVIEW
AML-CUST004971,CUST004971,P3,MEDIUM,33.5,21,15342.08,15342.08,,,,,,1,0,0,4,RF_FUNNEL_BEHAVIOR | RF_MULE_BEHAVIOR | RF_MULTIPLE_COUNTERPARTIES | RF_PEP,Activity involves multiple origin countries and elevated transaction frequency. | Transaction activity is consistent with the synthetic mule-behavior scenario. | Customer interacted with multiple counterparties. | Customer is marked with a PEP indicator in the synthetic dataset.,,GENERAL_TRANSACTION_MONITORING,High rule-engine risk; PEP indicator,RULE_HIGH_ML_LOW,STANDARD_REVIEW,PENDING_REVIEW,OPEN,,NO,PENDING_HUMAN_REVIEW
AML-CUST000121,CUST000121,P3,MEDIUM,33.25,8,112657.9,47274.85,,,,,,0,0,0,4,RF_FUNNEL_BEHAVIOR | RF_MULE_BEHAVIOR | RF_MULTIPLE_COUNTERPARTIES | RF_STRUCTURING,Activity involves multiple origin countries and elevated transaction frequency. | Transaction activity is consistent with the synthetic mule-behavior scenario. | Customer interacted with multiple counterparties. | Multiple transactions observed in the synthetic structuring threshold range.,,MULE_BEHAVIOR,High rule-engine risk,RULE_HIGH_ML_LOW,STANDARD_REVIEW,PENDING_REVIEW,OPEN,,NO,PENDING_HUMAN_REVIEW
AML-CUST000151,CUST000151,P3,MEDIUM,33.25,11,179364.24,106783.09,,,,,,0,0,0,3,RF_FUNNEL_BEHAVIOR | RF_MULE_BEHAVIOR | RF_MULTIPLE_COUNTERPARTIES,Activity involves multiple origin countries and elevated transaction frequency. | Transaction activity is consistent with the synthetic mule-behavior scenario. | Customer interacted with multiple counterparties.,log_amount | rapid_transaction_indicator | channel_transaction_count,FRAUD_LINKED,High rule-engine risk,RULE_HIGH_ML_LOW,STANDARD_REVIEW,PENDING_REVIEW,OPEN,,NO,PENDING_HUMAN_REVIEW
AML-CUST000153,CUST000153,P3,MEDIUM,33.25,11,183173.12,102306.17,,,,,,0,0,0,4,RF_FUNNEL_BEHAVIOR | RF_MULE_BEHAVIOR | RF_MULTIPLE_COUNTERPARTIES | RF_STRUCTURING,Activity involves multiple origin countries and elevated transaction frequency. | Transaction activity is consistent with the synthetic mule-behavior scenario. | Customer interacted with multiple counterparties. | Multiple transactions observed in the synthetic structuring threshold range.,,FRAUD_LINKED,High rule-engine risk,RULE_HIGH_ML_LOW,STANDARD_REVIEW,PENDING_REVIEW,OPEN,,NO,PENDING_HUMAN_REVIEW
AML-CUST000154,CUST000154,P3,MEDIUM,33.25,8,153032.77,69508.48,,,,,,0,0,0,4,RF_FUNNEL_BEHAVIOR | RF_MULE_BEHAVIOR | RF_MULTIPLE_COUNTERPARTIES | RF_STRUCTURING,Activity involves multiple origin countries and elevated transaction frequency. | Transaction activity is consistent with the synthetic mule-behavior scenario. | Customer interacted with multiple counterparties. | Multiple transactions observed in the synthetic structuring threshold range.,,FRAUD_LINKED,High rule-engine risk,RULE_HIGH_ML_LOW,STANDARD_REVIEW,PENDING_REVIEW,OPEN,,NO,PENDING_HUMAN_REVIEW
AML-CUST000001,CUST000001,P3,MEDIUM,32.0,23,28534.82,23561.96,,,,,,0,0,1,4,RF_ADVERSE_MEDIA | RF_FUNNEL_BEHAVIOR | RF_MULE_BEHAVIOR | RF_MULTIPLE_COUNTERPARTIES,Customer has an adverse-media indicator in the synthetic dataset. | Activity involves multiple origin countries and elevated transaction frequency. | Transaction activity is consistent with the synthetic mule-behavior scenario. | Customer interacted with multiple counterparties.,log_amount | transaction_hour | channel_transaction_count,GENERAL_TRANSACTION_MONITORING,High rule-engine risk; Adverse media indicator,RULE_HIGH_ML_LOW,STANDARD_REVIEW,PENDING_REVIEW,OPEN,,NO,PENDING_HUMAN_REVIEW
AML-CUST000579,CUST000579,P3,MEDIUM,32.0,9,17319.77,12925.05,,,,,,0,0,1,4,RF_ADVERSE_MEDIA | RF_FUNNEL_BEHAVIOR | RF_MULE_BEHAVIOR | RF_MULTIPLE_COUNTERPARTIES,Customer has an adverse-media indicator in the synthetic dataset. | Activity involves multiple origin countries and elevated transaction frequency. | Transaction activity is consistent with the synthetic mule-behavior scenario. | Customer interacted with multiple counterparties.,,GENERAL_TRANSACTION_MONITORING,High rule-engine risk; Adverse media indicator,RULE_HIGH_ML_LOW,STANDARD_REVIEW,PENDING_REVIEW,OPEN,,NO,PENDING_HUMAN_REVIEW
AML-CUST001093,CUST001093,P3,MEDIUM,32.0,16,20222.12,17484.65,,,,,,0,0,1,4,RF_ADVERSE_MEDIA | RF_FUNNEL_BEHAVIOR | RF_MULE_BEHAVIOR | RF_MULTIPLE_COUNTERPARTIES,Customer has an adverse-media indicator in the synthetic dataset. | Activity involves multiple origin countries and elevated transaction frequency. | Transaction activity is consistent with the synthetic mule-behavior scenario. | Customer interacted with multiple counterparties.,,GENERAL_TRANSACTION_MONITORING,High rule-engine risk; Adverse media indicator,RULE_HIGH_ML_LOW,STANDARD_REVIEW,PENDING_REVIEW,OPEN,,NO,PENDING_HUMAN_REVIEW
AML-CUST001134,CUST001134,P3,MEDIUM,32.0,14,17610.77,12720.09,,,,,,0,0,1,4,RF_ADVERSE_MEDIA | RF_FUNNEL_BEHAVIOR | RF_MULE_BEHAVIOR | RF_MULTIPLE_COUNTERPARTIES,Customer has an adverse-media indicator in the synthetic dataset. | Activity involves multiple origin countries and elevated transaction frequency. | Transaction activity is consistent with the synthetic mule-behavior scenario. | Customer interacted with multiple counterparties.,,GENERAL_TRANSACTION_MONITORING,High rule-engine risk; Adverse media indicator,RULE_HIGH_ML_LOW,STANDARD_REVIEW,PENDING_REVIEW,OPEN,,NO,PENDING_HUMAN_REVIEW
AML-CUST001393,CUST001393,P3,MEDIUM,32.0,14,33307.47,23820.1,,,,,,0,0,1,4,RF_ADVERSE_MEDIA | RF_FUNNEL_BEHAVIOR | RF_MULE_BEHAVIOR | RF_MULTIPLE_COUNTERPARTIES,Customer has an adverse-media indicator in the synthetic dataset. | Activity involves multiple origin countries and elevated transaction frequency. | Transaction activity is consistent with the synthetic mule-behavior scenario. | Customer interacted with multiple counterparties.,,GENERAL_TRANSACTION_MONITORING,High rule-engine risk; Adverse media indicator,RULE_HIGH_ML_LOW,STANDARD_REVIEW,PENDING_REVIEW,OPEN,,NO,PENDING_HUMAN_REVIEW
AML-CUST001764,CUST001764,P3,MEDIUM,32.0,14,21967.86,13905.7,,,,,,0,0,1,4,RF_ADVERSE_MEDIA | RF_FUNNEL_BEHAVIOR | RF_MULE_BEHAVIOR | RF_MULTIPLE_COUNTERPARTIES,Customer has an adverse-media indicator in the synthetic dataset. | Activity involves multiple origin countries and elevated transaction frequency. | Transaction activity is consistent with the synthetic mule-behavior scenario. | Customer interacted with multiple counterparties.,transaction_hour | log_amount | international_ratio_24h | transaction_month | is_night_transaction | channel_transaction_ratio,GENERAL_TRANSACTION_MONITORING,High rule-engine risk; Adverse media indicator,RULE_HIGH_ML_LOW,STANDARD_REVIEW,PENDING_REVIEW,OPEN,,NO,PENDING_HUMAN_REVIEW
AML-CUST002442,CUST002442,P3,MEDIUM,32.0,12,24624.26,16882.69,,,,,,0,0,1,4,RF_ADVERSE_MEDIA | RF_FUNNEL_BEHAVIOR | RF_MULE_BEHAVIOR | RF_MULTIPLE_COUNTERPARTIES,Customer has an adverse-media indicator in the synthetic dataset. | Activity involves multiple origin countries and elevated transaction frequency. | Transaction activity is consistent with the synthetic mule-behavior scenario. | Customer interacted with multiple counterparties.,,GENERAL_TRANSACTION_MONITORING,High rule-engine risk; Adverse media indicator,RULE_HIGH_ML_LOW,STANDARD_REVIEW,PENDING_REVIEW,OPEN,,NO,PENDING_HUMAN_REVIEW
AML-CUST002561,CUST002561,P3,MEDIUM,32.0,15,25768.52,18671.24,,,,,,0,0,1,4,RF_ADVERSE_MEDIA | RF_FUNNEL_BEHAVIOR | RF_MULE_BEHAVIOR | RF_MULTIPLE_COUNTERPARTIES,Customer has an adverse-media indicator in the synthetic dataset. | Activity involves multiple origin countries and elevated transaction frequency. | Transaction activity is consistent with the synthetic mule-behavior scenario. | Customer interacted with multiple counterparties.,log_amount | transaction_hour | adverse_media_flag,GENERAL_TRANSACTION_MONITORING,High rule-engine risk; Adverse media indicator,RULE_HIGH_ML_LOW,STANDARD_REVIEW,PENDING_REVIEW,OPEN,,NO,PENDING_HUMAN_REVIEW
AML-CUST003284,CUST003284,P3,MEDIUM,32.0,14,19574.61,12776.39,,,,,,0,0,1,4,RF_ADVERSE_MEDIA | RF_FUNNEL_BEHAVIOR | RF_MULE_BEHAVIOR | RF_MULTIPLE_COUNTERPARTIES,Customer has an adverse-media indicator in the synthetic dataset. | Activity involves multiple origin countries and elevated transaction frequency. | Transaction activity is consistent with the synthetic mule-behavior scenario. | Customer interacted with multiple counterparties.,log_amount | is_night_transaction | amount_deviation_from_average,GENERAL_TRANSACTION_MONITORING,High rule-engine risk; Adverse media indicator,RULE_HIGH_ML_LOW,STANDARD_REVIEW,PENDING_REVIEW,OPEN,,NO,PENDING_HUMAN_REVIEW
AML-CUST003389,CUST003389,P3,MEDIUM,32.0,13,18945.81,13903.1,,,,,,0,0,1,4,RF_ADVERSE_MEDIA | RF_FUNNEL_BEHAVIOR | RF_MULE_BEHAVIOR | RF_MULTIPLE_COUNTERPARTIES,Customer has an adverse-media indicator in the synthetic dataset. | Activity involves multiple origin countries and elevated transaction frequency. | Transaction activity is consistent with the synthetic mule-behavior scenario. | Customer interacted with multiple counterparties.,,GENERAL_TRANSACTION_MONITORING,High rule-engine risk; Adverse media indicator,RULE_HIGH_ML_LOW,STANDARD_REVIEW,PENDING_REVIEW,OPEN,,NO,PENDING_HUMAN_REVIEW
AML-CUST003435,CUST003435,P3,MEDIUM,32.0,14,29829.18,23958.61,,,,,,0,0,1,4,RF_ADVERSE_MEDIA | RF_FUNNEL_BEHAVIOR | RF_MULE_BEHAVIOR | RF_MULTIPLE_COUNTERPARTIES,Customer has an adverse-media indicator in the synthetic dataset. | Activity involves multiple origin countries and elevated transaction frequency. | Transaction activity is consistent with the synthetic mule-behavior scenario. | Customer interacted with multiple counterparties.,log_amount | transaction_hour | international_ratio_24h,GENERAL_TRANSACTION_MONITORING,High rule-engine risk; Adverse media indicator,RULE_HIGH_ML_LOW,STANDARD_REVIEW,PENDING_REVIEW,OPEN,,NO,PENDING_HUMAN_REVIEW
AML-CUST003960,CUST003960,P3,MEDIUM,32.0,17,13561.34,11065.97,,,,,,0,0,1,4,RF_ADVERSE_MEDIA | RF_FUNNEL_BEHAVIOR | RF_MULE_BEHAVIOR | RF_MULTIPLE_COUNTERPARTIES,Customer has an adverse-media indicator in the synthetic dataset. | Activity involves multiple origin countries and elevated transaction frequency. | Transaction activity is consistent with the synthetic mule-behavior scenario. | Customer interacted with multiple counterparties.,transaction_hour | is_night_transaction | international_ratio_24h,GENERAL_TRANSACTION_MONITORING,High rule-engine risk; Adverse media indicator,RULE_HIGH_ML_LOW,STANDARD_REVIEW,PENDING_REVIEW,OPEN,,NO,PENDING_HUMAN_REVIEW
AML-CUST004081,CUST004081,P3,MEDIUM,32.0,17,23452.47,22600.41,,,,,,0,0,1,4,RF_ADVERSE_MEDIA | RF_FUNNEL_BEHAVIOR | RF_MULE_BEHAVIOR | RF_MULTIPLE_COUNTERPARTIES,Customer has an adverse-media indicator in the synthetic dataset. | Activity involves multiple origin countries and elevated transaction frequency. | Transaction activity is consistent with the synthetic mule-behavior scenario. | Customer interacted with multiple counterparties.,transaction_month | is_night_transaction | log_amount,GENERAL_TRANSACTION_MONITORING,High rule-engine risk; Adverse media indicator,RULE_HIGH_ML_LOW,STANDARD_REVIEW,PENDING_REVIEW,OPEN,,NO,PENDING_HUMAN_REVIEW
AML-CUST004522,CUST004522,P3,MEDIUM,32.0,16,32724.73,30151.71,,,,,,0,0,1,4,RF_ADVERSE_MEDIA | RF_FUNNEL_BEHAVIOR | RF_MULE_BEHAVIOR | RF_MULTIPLE_COUNTERPARTIES,Customer has an adverse-media indicator in the synthetic dataset. | Activity involves multiple origin countries and elevated transaction frequency. | Transaction activity is consistent with the synthetic mule-behavior scenario. | Customer interacted with multiple counterparties.,,GENERAL_TRANSACTION_MONITORING,High rule-engine risk; Adverse media indicator,RULE_HIGH_ML_LOW,STANDARD_REVIEW,PENDING_REVIEW,OPEN,,NO,PENDING_HUMAN_REVIEW
AML-CUST004580,CUST004580,P3,MEDIUM,32.0,12,19713.18,13980.66,,,,,,0,0,1,4,RF_ADVERSE_MEDIA | RF_FUNNEL_BEHAVIOR | RF_MULE_BEHAVIOR | RF_MULTIPLE_COUNTERPARTIES,Customer has an adverse-media indicator in the synthetic dataset. | Activity involves multiple origin countries and elevated transaction frequency. | Transaction activity is consistent with the synthetic mule-behavior scenario. | Customer interacted with multiple counterparties.,,GENERAL_TRANSACTION_MONITORING,High rule-engine risk; Adverse media indicator,RULE_HIGH_ML_LOW,STANDARD_REVIEW,PENDING_REVIEW,OPEN,,NO,PENDING_HUMAN_REVIEW
AML-CUST004841,CUST004841,P3,MEDIUM,32.0,15,24816.49,18831.95,,,,,,0,0,1,4,RF_ADVERSE_MEDIA | RF_FUNNEL_BEHAVIOR | RF_MULE_BEHAVIOR | RF_MULTIPLE_COUNTERPARTIES,Customer has an adverse-media indicator in the synthetic dataset. | Activity involves multiple origin countries and elevated transaction frequency. | Transaction activity is consistent with the synthetic mule-behavior scenario. | Customer interacted with multiple counterparties.,transaction_month | channel_transaction_ratio | channel_transaction_count,GENERAL_TRANSACTION_MONITORING,High rule-engine risk; Adverse media indicator,RULE_HIGH_ML_LOW,STANDARD_REVIEW,PENDING_REVIEW,OPEN,,NO,PENDING_HUMAN_REVIEW
AML-CUST004932,CUST004932,P3,MEDIUM,32.0,15,28047.02,20662.51,,,,,,0,0,1,4,RF_ADVERSE_MEDIA | RF_FUNNEL_BEHAVIOR | RF_MULE_BEHAVIOR | RF_MULTIPLE_COUNTERPARTIES,Customer has an adverse-media indicator in the synthetic dataset. | Activity involves multiple origin countries and elevated transaction frequency. | Transaction activity is consistent with the synthetic mule-behavior scenario. | Customer interacted with multiple counterparties.,,GENERAL_TRANSACTION_MONITORING,High rule-engine risk; Adverse media indicator,RULE_HIGH_ML_LOW,STANDARD_REVIEW,PENDING_REVIEW,OPEN,,NO,PENDING_HUMAN_REVIEW
AML-CUST004992,CUST004992,P3,MEDIUM,32.0,11,13519.66,9170.65,,,,,,0,0,1,4,RF_ADVERSE_MEDIA | RF_FUNNEL_BEHAVIOR | RF_MULE_BEHAVIOR | RF_MULTIPLE_COUNTERPARTIES,Customer has an adverse-media indicator in the synthetic dataset. | Activity involves multiple origin countries and elevated transaction frequency. | Transaction activity is consistent with the synthetic mule-behavior scenario. | Customer interacted with multiple counterparties.,channel_transaction_ratio | is_small_cash_transaction | adverse_media_flag,GENERAL_TRANSACTION_MONITORING,High rule-engine risk; Adverse media indicator,RULE_HIGH_ML_LOW,STANDARD_REVIEW,PENDING_REVIEW,OPEN,,NO,PENDING_HUMAN_REVIEW
AML-CUST000822,CUST000822,P3,MEDIUM,31.5,2,24307.17,17166.78,,,,,,0,0,0,3,RF_FUNNEL_BEHAVIOR | RF_MULE_BEHAVIOR | RF_MULTIPLE_COUNTERPARTIES,Activity involves multiple origin countries and elevated transaction frequency. | Transaction activity is consistent with the synthetic mule-behavior scenario. | Customer interacted with multiple counterparties.,,GENERAL_TRANSACTION_MONITORING,High rule-engine risk,RULE_HIGH_ML_LOW,STANDARD_REVIEW,PENDING_REVIEW,OPEN,,NO,PENDING_HUMAN_REVIEW
AML-CUST001110,CUST001110,P3,MEDIUM,31.5,1,19706.61,9355.33,,,,,,0,0,0,3,RF_FUNNEL_BEHAVIOR | RF_MULE_BEHAVIOR | RF_MULTIPLE_COUNTERPARTIES,Activity involves multiple origin countries and elevated transaction frequency. | Transaction activity is consistent with the synthetic mule-behavior scenario. | Customer interacted with multiple counterparties.,,GENERAL_TRANSACTION_MONITORING,High rule-engine risk,RULE_HIGH_ML_LOW,STANDARD_REVIEW,PENDING_REVIEW,OPEN,,NO,PENDING_HUMAN_REVIEW
AML-CUST001305,CUST001305,P3,MEDIUM,31.5,1,32006.37,9258.85,,,,,,0,0,0,3,RF_FUNNEL_BEHAVIOR | RF_MULE_BEHAVIOR | RF_MULTIPLE_COUNTERPARTIES,Activity involves multiple origin countries and elevated transaction frequency. | Transaction activity is consistent with the synthetic mule-behavior scenario. | Customer interacted with multiple counterparties.,,GENERAL_TRANSACTION_MONITORING,High rule-engine risk,RULE_HIGH_ML_LOW,STANDARD_REVIEW,PENDING_REVIEW,OPEN,,NO,PENDING_HUMAN_REVIEW
AML-CUST001878,CUST001878,P3,MEDIUM,31.5,1,21289.75,8990.45,,,,,,0,0,0,3,RF_FUNNEL_BEHAVIOR | RF_MULE_BEHAVIOR | RF_MULTIPLE_COUNTERPARTIES,Activity involves multiple origin countries and elevated transaction frequency. | Transaction activity is consistent with the synthetic mule-behavior scenario. | Customer interacted with multiple counterparties.,,GENERAL_TRANSACTION_MONITORING,High rule-engine risk,RULE_HIGH_ML_LOW,STANDARD_REVIEW,PENDING_REVIEW,OPEN,,NO,PENDING_HUMAN_REVIEW
AML-CUST004768,CUST004768,P3,MEDIUM,31.5,2,31961.8,17014.82,,,,,,0,0,0,3,RF_FUNNEL_BEHAVIOR | RF_MULE_BEHAVIOR | RF_MULTIPLE_COUNTERPARTIES,Activity involves multiple origin countries and elevated transaction frequency. | Transaction activity is consistent with the synthetic mule-behavior scenario. | Customer interacted with multiple counterparties.,,GENERAL_TRANSACTION_MONITORING,High rule-engine risk,RULE_HIGH_ML_LOW,STANDARD_REVIEW,PENDING_REVIEW,OPEN,,NO,PENDING_HUMAN_REVIEW
AML-CUST000481,CUST000481,P3,MEDIUM,30.25,15,21854.93,11179.75,,,,,,0,0,1,4,RF_ADVERSE_MEDIA | RF_FUNNEL_BEHAVIOR | RF_MULE_BEHAVIOR | RF_MULTIPLE_COUNTERPARTIES,Customer has an adverse-media indicator in the synthetic dataset. | Activity involves multiple origin countries and elevated transaction frequency. | Transaction activity is consistent with the synthetic mule-behavior scenario. | Customer interacted with multiple counterparties.,,GENERAL_TRANSACTION_MONITORING,High rule-engine risk; Adverse media indicator,RULE_HIGH_ML_LOW,STANDARD_REVIEW,PENDING_REVIEW,OPEN,,NO,PENDING_HUMAN_REVIEW
AML-CUST000785,CUST000785,P3,MEDIUM,30.25,12,16295.03,12062.05,,,,,,0,0,1,4,RF_ADVERSE_MEDIA | RF_FUNNEL_BEHAVIOR | RF_MULE_BEHAVIOR | RF_MULTIPLE_COUNTERPARTIES,Customer has an adverse-media indicator in the synthetic dataset. | Activity involves multiple origin countries and elevated transaction frequency. | Transaction activity is consistent with the synthetic mule-behavior scenario. | Customer interacted with multiple counterparties.,,GENERAL_TRANSACTION_MONITORING,High rule-engine risk; Adverse media indicator,RULE_HIGH_ML_LOW,STANDARD_REVIEW,PENDING_REVIEW,OPEN,,NO,PENDING_HUMAN_REVIEW
AML-CUST000842,CUST000842,P3,MEDIUM,30.25,12,18664.06,12298.84,,,,,,0,0,1,4,RF_ADVERSE_MEDIA | RF_FUNNEL_BEHAVIOR | RF_MULE_BEHAVIOR | RF_MULTIPLE_COUNTERPARTIES,Customer has an adverse-media indicator in the synthetic dataset. | Activity involves multiple origin countries and elevated transaction frequency. | Transaction activity is consistent with the synthetic mule-behavior scenario. | Customer interacted with multiple counterparties.,,GENERAL_TRANSACTION_MONITORING,High rule-engine risk; Adverse media indicator,RULE_HIGH_ML_LOW,STANDARD_REVIEW,PENDING_REVIEW,OPEN,,NO,PENDING_HUMAN_REVIEW
AML-CUST001413,CUST001413,P3,MEDIUM,30.25,14,23285.08,16768.7,,,,,,0,0,1,4,RF_ADVERSE_MEDIA | RF_FUNNEL_BEHAVIOR | RF_MULE_BEHAVIOR | RF_MULTIPLE_COUNTERPARTIES,Customer has an adverse-media indicator in the synthetic dataset. | Activity involves multiple origin countries and elevated transaction frequency. | Transaction activity is consistent with the synthetic mule-behavior scenario. | Customer interacted with multiple counterparties.,log_amount | transaction_month | transaction_hour,GENERAL_TRANSACTION_MONITORING,High rule-engine risk; Adverse media indicator,RULE_HIGH_ML_LOW,STANDARD_REVIEW,PENDING_REVIEW,OPEN,,NO,PENDING_HUMAN_REVIEW
AML-CUST001777,CUST001777,P3,MEDIUM,30.25,16,26583.08,14258.24,,,,,,0,0,1,4,RF_ADVERSE_MEDIA | RF_FUNNEL_BEHAVIOR | RF_MULE_BEHAVIOR | RF_MULTIPLE_COUNTERPARTIES,Customer has an adverse-media indicator in the synthetic dataset. | Activity involves multiple origin countries and elevated transaction frequency. | Transaction activity is consistent with the synthetic mule-behavior scenario. | Customer interacted with multiple counterparties.,,GENERAL_TRANSACTION_MONITORING,High rule-engine risk; Adverse media indicator,RULE_HIGH_ML_LOW,STANDARD_REVIEW,PENDING_REVIEW,OPEN,,NO,PENDING_HUMAN_REVIEW
AML-CUST001879,CUST001879,P3,MEDIUM,30.25,17,18937.52,18205.33,,,,,,0,0,1,4,RF_ADVERSE_MEDIA | RF_FUNNEL_BEHAVIOR | RF_MULE_BEHAVIOR | RF_MULTIPLE_COUNTERPARTIES,Customer has an adverse-media indicator in the synthetic dataset. | Activity involves multiple origin countries and elevated transaction frequency. | Transaction activity is consistent with the synthetic mule-behavior scenario. | Customer interacted with multiple counterparties.,,GENERAL_TRANSACTION_MONITORING,High rule-engine risk; Adverse media indicator,RULE_HIGH_ML_LOW,STANDARD_REVIEW,PENDING_REVIEW,OPEN,,NO,PENDING_HUMAN_REVIEW
AML-CUST002438,CUST002438,P3,MEDIUM,30.25,16,25687.06,17341.49,,,,,,0,0,1,4,RF_ADVERSE_MEDIA | RF_FUNNEL_BEHAVIOR | RF_MULE_BEHAVIOR | RF_MULTIPLE_COUNTERPARTIES,Customer has an adverse-media indicator in the synthetic dataset. | Activity involves multiple origin countries and elevated transaction frequency. | Transaction activity is consistent with the synthetic mule-behavior scenario. | Customer interacted with multiple counterparties.,international_ratio_24h | is_small_cash_transaction | adverse_media_flag | channel_transaction_ratio | channel_transaction_count | log_amount | amount_deviation_from_average,GENERAL_TRANSACTION_MONITORING,High rule-engine risk; Adverse media indicator,RULE_HIGH_ML_LOW,STANDARD_REVIEW,PENDING_REVIEW,OPEN,,NO,PENDING_HUMAN_REVIEW
AML-CUST002957,CUST002957,P3,MEDIUM,30.25,14,19594.61,13276.77,,,,,,0,0,1,4,RF_ADVERSE_MEDIA | RF_FUNNEL_BEHAVIOR | RF_MULE_BEHAVIOR | RF_MULTIPLE_COUNTERPARTIES,Customer has an adverse-media indicator in the synthetic dataset. | Activity involves multiple origin countries and elevated transaction frequency. | Transaction activity is consistent with the synthetic mule-behavior scenario. | Customer interacted with multiple counterparties.,,GENERAL_TRANSACTION_MONITORING,High rule-engine risk; Adverse media indicator,RULE_HIGH_ML_LOW,STANDARD_REVIEW,PENDING_REVIEW,OPEN,,NO,PENDING_HUMAN_REVIEW
AML-CUST003353,CUST003353,P3,MEDIUM,30.25,13,16296.42,9013.94,,,,,,0,0,1,3,RF_ADVERSE_MEDIA | RF_FUNNEL_BEHAVIOR | RF_MULTIPLE_COUNTERPARTIES,Customer has an adverse-media indicator in the synthetic dataset. | Activity involves multiple origin countries and elevated transaction frequency. | Customer interacted with multiple counterparties.,,GENERAL_TRANSACTION_MONITORING,High rule-engine risk; Adverse media indicator,RULE_HIGH_ML_LOW,STANDARD_REVIEW,PENDING_REVIEW,OPEN,,NO,PENDING_HUMAN_REVIEW
AML-CUST003956,CUST003956,P3,MEDIUM,30.25,18,22723.05,11838.55,,,,,,0,0,1,4,RF_ADVERSE_MEDIA | RF_FUNNEL_BEHAVIOR | RF_MULE_BEHAVIOR | RF_MULTIPLE_COUNTERPARTIES,Customer has an adverse-media indicator in the synthetic dataset. | Activity involves multiple origin countries and elevated transaction frequency. | Transaction activity is consistent with the synthetic mule-behavior scenario. | Customer interacted with multiple counterparties.,,GENERAL_TRANSACTION_MONITORING,High rule-engine risk; Adverse media indicator,RULE_HIGH_ML_LOW,STANDARD_REVIEW,PENDING_REVIEW,OPEN,,NO,PENDING_HUMAN_REVIEW
AML-CUST004072,CUST004072,P3,MEDIUM,30.25,13,18189.86,16611.19,,,,,,0,0,1,4,RF_ADVERSE_MEDIA | RF_FUNNEL_BEHAVIOR | RF_MULE_BEHAVIOR | RF_MULTIPLE_COUNTERPARTIES,Customer has an adverse-media indicator in the synthetic dataset. | Activity involves multiple origin countries and elevated transaction frequency. | Transaction activity is consistent with the synthetic mule-behavior scenario. | Customer interacted with multiple counterparties.,,GENERAL_TRANSACTION_MONITORING,High rule-engine risk; Adverse media indicator,RULE_HIGH_ML_LOW,STANDARD_REVIEW,PENDING_REVIEW,OPEN,,NO,PENDING_HUMAN_REVIEW
AML-CUST004300,CUST004300,P3,MEDIUM,30.25,14,14015.37,13149.97,,,,,,0,0,1,4,RF_ADVERSE_MEDIA | RF_FUNNEL_BEHAVIOR | RF_MULE_BEHAVIOR | RF_MULTIPLE_COUNTERPARTIES,Customer has an adverse-media indicator in the synthetic dataset. | Activity involves multiple origin countries and elevated transaction frequency. | Transaction activity is consistent with the synthetic mule-behavior scenario. | Customer interacted with multiple counterparties.,adverse_media_flag | transaction_month | channel_transaction_ratio,GENERAL_TRANSACTION_MONITORING,High rule-engine risk; Adverse media indicator,RULE_HIGH_ML_LOW,STANDARD_REVIEW,PENDING_REVIEW,OPEN,,NO,PENDING_HUMAN_REVIEW
AML-CUST004573,CUST004573,P3,MEDIUM,30.25,15,26796.31,23810.25,,,,,,0,0,1,4,RF_ADVERSE_MEDIA | RF_FUNNEL_BEHAVIOR | RF_MULE_BEHAVIOR | RF_MULTIPLE_COUNTERPARTIES,Customer has an adverse-media indicator in the synthetic dataset. | Activity involves multiple origin countries and elevated transaction frequency. | Transaction activity is consistent with the synthetic mule-behavior scenario. | Customer interacted with multiple counterparties.,log_amount | amount_deviation_from_average | amount_vs_customer_max | transaction_month | adverse_media_flag,GENERAL_TRANSACTION_MONITORING,High rule-engine risk; Adverse media indicator; Behavioral model drivers: log_amount | amount_deviation_from_average | amount_vs_customer_max,RULE_HIGH_ML_LOW,STANDARD_REVIEW,PENDING_REVIEW,OPEN,,NO,PENDING_HUMAN_REVIEW
AML-CUST000247,CUST000247,P3,MEDIUM,30.0,18,12701.69,12701.69,,,,,,1,0,0,3,RF_FUNNEL_BEHAVIOR | RF_MULTIPLE_COUNTERPARTIES | RF_PEP,Activity involves multiple origin countries and elevated transaction frequency. | Customer interacted with multiple counterparties. | Customer is marked with a PEP indicator in the synthetic dataset.,transaction_hour | is_night_transaction | channel_transaction_ratio,GENERAL_TRANSACTION_MONITORING,High rule-engine risk; PEP indicator,RULE_HIGH_ML_LOW,STANDARD_REVIEW,PENDING_REVIEW,OPEN,,NO,PENDING_HUMAN_REVIEW
AML-CUST000301,CUST000301,P3,MEDIUM,30.0,22,10150.72,10150.72,,,,,,1,0,0,3,RF_FUNNEL_BEHAVIOR | RF_MULTIPLE_COUNTERPARTIES | RF_PEP,Activity involves multiple origin countries and elevated transaction frequency. | Customer interacted with multiple counterparties. | Customer is marked with a PEP indicator in the synthetic dataset.,transaction_hour | is_night_transaction | channel_transaction_ratio | transaction_month | channel_transaction_count,GENERAL_TRANSACTION_MONITORING,High rule-engine risk; PEP indicator,RULE_HIGH_ML_LOW,STANDARD_REVIEW,PENDING_REVIEW,OPEN,,NO,PENDING_HUMAN_REVIEW
AML-CUST000347,CUST000347,P3,MEDIUM,30.0,24,17485.75,17485.75,,,,,,1,0,0,3,RF_FUNNEL_BEHAVIOR | RF_MULTIPLE_COUNTERPARTIES | RF_PEP,Activity involves multiple origin countries and elevated transaction frequency. | Customer interacted with multiple counterparties. | Customer is marked with a PEP indicator in the synthetic dataset.,transaction_month | transaction_hour | log_amount,GENERAL_TRANSACTION_MONITORING,High rule-engine risk; PEP indicator,RULE_HIGH_ML_LOW,STANDARD_REVIEW,PENDING_REVIEW,OPEN,,NO,PENDING_HUMAN_REVIEW
AML-CUST000492,CUST000492,P3,MEDIUM,30.0,24,17029.86,17029.86,,,,,,1,0,0,3,RF_FUNNEL_BEHAVIOR | RF_MULTIPLE_COUNTERPARTIES | RF_PEP,Activity involves multiple origin countries and elevated transaction frequency. | Customer interacted with multiple counterparties. | Customer is marked with a PEP indicator in the synthetic dataset.,,GENERAL_TRANSACTION_MONITORING,High rule-engine risk; PEP indicator,RULE_HIGH_ML_LOW,STANDARD_REVIEW,PENDING_REVIEW,OPEN,,NO,PENDING_HUMAN_REVIEW
AML-CUST000518,CUST000518,P3,MEDIUM,30.0,15,11203.37,11203.37,,,,,,1,0,0,3,RF_FUNNEL_BEHAVIOR | RF_MULTIPLE_COUNTERPARTIES | RF_PEP,Activity involves multiple origin countries and elevated transaction frequency. | Customer interacted with multiple counterparties. | Customer is marked with a PEP indicator in the synthetic dataset.,,GENERAL_TRANSACTION_MONITORING,High rule-engine risk; PEP indicator,RULE_HIGH_ML_LOW,STANDARD_REVIEW,PENDING_REVIEW,OPEN,,NO,PENDING_HUMAN_REVIEW
AML-CUST000554,CUST000554,P3,MEDIUM,30.0,26,28658.0,28658.0,,,,,,1,0,0,3,RF_FUNNEL_BEHAVIOR | RF_MULTIPLE_COUNTERPARTIES | RF_PEP,Activity involves multiple origin countries and elevated transaction frequency. | Customer interacted with multiple counterparties. | Customer is marked with a PEP indicator in the synthetic dataset.,log_amount | transaction_month | amount_vs_customer_max | transaction_hour | is_small_cash_transaction,GENERAL_TRANSACTION_MONITORING,High rule-engine risk; PEP indicator; Behavioral model drivers: transaction_month | transaction_hour | is_small_cash_transaction,RULE_HIGH_ML_LOW,STANDARD_REVIEW,PENDING_REVIEW,OPEN,,NO,PENDING_HUMAN_REVIEW
AML-CUST000555,CUST000555,P3,MEDIUM,30.0,26,20807.69,20807.69,,,,,,1,0,0,3,RF_FUNNEL_BEHAVIOR | RF_MULTIPLE_COUNTERPARTIES | RF_PEP,Activity involves multiple origin countries and elevated transaction frequency. | Customer interacted with multiple counterparties. | Customer is marked with a PEP indicator in the synthetic dataset.,transaction_hour | log_amount | cash_ratio_24h | is_night_transaction | international_ratio_24h | channel_transaction_ratio | transaction_month,GENERAL_TRANSACTION_MONITORING,High rule-engine risk; PEP indicator,RULE_HIGH_ML_LOW,STANDARD_REVIEW,PENDING_REVIEW,OPEN,,NO,PENDING_HUMAN_REVIEW
AML-CUST000627,CUST000627,P3,MEDIUM,30.0,25,17679.24,17679.24,,,,,,1,0,0,3,RF_FUNNEL_BEHAVIOR | RF_MULTIPLE_COUNTERPARTIES | RF_PEP,Activity involves multiple origin countries and elevated transaction frequency. | Customer interacted with multiple counterparties. | Customer is marked with a PEP indicator in the synthetic dataset.,log_amount | transaction_hour | amount_vs_customer_max | is_night_transaction | cash_ratio_24h | transaction_month | transactions_24h | amount_vs_customer_average,GENERAL_TRANSACTION_MONITORING,High rule-engine risk; PEP indicator,RULE_HIGH_ML_LOW,STANDARD_REVIEW,PENDING_REVIEW,OPEN,,NO,PENDING_HUMAN_REVIEW
AML-CUST000645,CUST000645,P3,MEDIUM,30.0,27,19856.16,19856.16,,,,,,1,0,0,3,RF_FUNNEL_BEHAVIOR | RF_MULTIPLE_COUNTERPARTIES | RF_PEP,Activity involves multiple origin countries and elevated transaction frequency. | Customer interacted with multiple counterparties. | Customer is marked with a PEP indicator in the synthetic dataset.,,GENERAL_TRANSACTION_MONITORING,High rule-engine risk; PEP indicator,RULE_HIGH_ML_LOW,STANDARD_REVIEW,PENDING_REVIEW,OPEN,,NO,PENDING_HUMAN_REVIEW
AML-CUST000664,CUST000664,P3,MEDIUM,30.0,25,15244.92,15244.92,,,,,,1,0,0,3,RF_FUNNEL_BEHAVIOR | RF_MULTIPLE_COUNTERPARTIES | RF_PEP,Activity involves multiple origin countries and elevated transaction frequency. | Customer interacted with multiple counterparties. | Customer is marked with a PEP indicator in the synthetic dataset.,,GENERAL_TRANSACTION_MONITORING,High rule-engine risk; PEP indicator,RULE_HIGH_ML_LOW,STANDARD_REVIEW,PENDING_REVIEW,OPEN,,NO,PENDING_HUMAN_REVIEW
AML-CUST000726,CUST000726,P3,MEDIUM,30.0,20,9316.18,9316.18,,,,,,1,0,0,3,RF_FUNNEL_BEHAVIOR | RF_MULTIPLE_COUNTERPARTIES | RF_PEP,Activity involves multiple origin countries and elevated transaction frequency. | Customer interacted with multiple counterparties. | Customer is marked with a PEP indicator in the synthetic dataset.,log_amount | international_ratio_24h | amount_vs_customer_max,GENERAL_TRANSACTION_MONITORING,High rule-engine risk; PEP indicator,RULE_HIGH_ML_LOW,STANDARD_REVIEW,PENDING_REVIEW,OPEN,,NO,PENDING_HUMAN_REVIEW
AML-CUST000733,CUST000733,P3,MEDIUM,30.0,31,21688.5,21688.5,,,,,,1,0,0,3,RF_FUNNEL_BEHAVIOR | RF_MULTIPLE_COUNTERPARTIES | RF_PEP,Activity involves multiple origin countries and elevated transaction frequency. | Customer interacted with multiple counterparties. | Customer is marked with a PEP indicator in the synthetic dataset.,transaction_hour | international_ratio_24h | is_small_cash_transaction,GENERAL_TRANSACTION_MONITORING,High rule-engine risk; PEP indicator,RULE_HIGH_ML_LOW,STANDARD_REVIEW,PENDING_REVIEW,OPEN,,NO,PENDING_HUMAN_REVIEW
AML-CUST000773,CUST000773,P3,MEDIUM,30.0,14,5259.24,5259.24,,,,,,1,0,0,3,RF_FUNNEL_BEHAVIOR | RF_MULTIPLE_COUNTERPARTIES | RF_PEP,Activity involves multiple origin countries and elevated transaction frequency. | Customer interacted with multiple counterparties. | Customer is marked with a PEP indicator in the synthetic dataset.,,GENERAL_TRANSACTION_MONITORING,High rule-engine risk; PEP indicator,RULE_HIGH_ML_LOW,STANDARD_REVIEW,PENDING_REVIEW,OPEN,,NO,PENDING_HUMAN_REVIEW
AML-CUST000803,CUST000803,P3,MEDIUM,30.0,34,25524.42,25524.42,,,,,,1,0,0,3,RF_FUNNEL_BEHAVIOR | RF_MULTIPLE_COUNTERPARTIES | RF_PEP,Activity involves multiple origin countries and elevated transaction frequency. | Customer interacted with multiple counterparties. | Customer is marked with a PEP indicator in the synthetic dataset.,,GENERAL_TRANSACTION_MONITORING,High rule-engine risk; PEP indicator,RULE_HIGH_ML_LOW,STANDARD_REVIEW,PENDING_REVIEW,OPEN,,NO,PENDING_HUMAN_REVIEW
AML-CUST000871,CUST000871,P3,MEDIUM,30.0,23,9765.99,9765.99,,,,,,1,0,0,3,RF_FUNNEL_BEHAVIOR | RF_MULTIPLE_COUNTERPARTIES | RF_PEP,Activity involves multiple origin countries and elevated transaction frequency. | Customer interacted with multiple counterparties. | Customer is marked with a PEP indicator in the synthetic dataset.,,GENERAL_TRANSACTION_MONITORING,High rule-engine risk; PEP indicator,RULE_HIGH_ML_LOW,STANDARD_REVIEW,PENDING_REVIEW,OPEN,,NO,PENDING_HUMAN_REVIEW
AML-CUST000939,CUST000939,P3,MEDIUM,30.0,24,14617.61,14617.61,,,,,,1,0,0,3,RF_FUNNEL_BEHAVIOR | RF_MULTIPLE_COUNTERPARTIES | RF_PEP,Activity involves multiple origin countries and elevated transaction frequency. | Customer interacted with multiple counterparties. | Customer is marked with a PEP indicator in the synthetic dataset.,transaction_hour | international_ratio_24h | amount_vs_customer_average,GENERAL_TRANSACTION_MONITORING,High rule-engine risk; PEP indicator,RULE_HIGH_ML_LOW,STANDARD_REVIEW,PENDING_REVIEW,OPEN,,NO,PENDING_HUMAN_REVIEW
AML-CUST000978,CUST000978,P3,MEDIUM,30.0,19,21849.62,21849.62,,,,,,1,0,0,3,RF_FUNNEL_BEHAVIOR | RF_MULTIPLE_COUNTERPARTIES | RF_PEP,Activity involves multiple origin countries and elevated transaction frequency. | Customer interacted with multiple counterparties. | Customer is marked with a PEP indicator in the synthetic dataset.,log_amount | channel_transaction_ratio | transaction_hour | is_night_transaction | is_small_cash_transaction,GENERAL_TRANSACTION_MONITORING,High rule-engine risk; PEP indicator; Behavioral model drivers: transaction_hour | is_night_transaction | is_small_cash_transaction,RULE_HIGH_ML_LOW,STANDARD_REVIEW,PENDING_REVIEW,OPEN,,NO,PENDING_HUMAN_REVIEW
AML-CUST000979,CUST000979,P3,MEDIUM,30.0,17,8584.15,8584.15,,,,,,1,0,0,3,RF_FUNNEL_BEHAVIOR | RF_MULTIPLE_COUNTERPARTIES | RF_PEP,Activity involves multiple origin countries and elevated transaction frequency. | Customer interacted with multiple counterparties. | Customer is marked with a PEP indicator in the synthetic dataset.,,GENERAL_TRANSACTION_MONITORING,High rule-engine risk; PEP indicator,RULE_HIGH_ML_LOW,STANDARD_REVIEW,PENDING_REVIEW,OPEN,,NO,PENDING_HUMAN_REVIEW
AML-CUST000983,CUST000983,P3,MEDIUM,30.0,19,17212.95,17212.95,,,,,,1,0,0,3,RF_FUNNEL_BEHAVIOR | RF_MULTIPLE_COUNTERPARTIES | RF_PEP,Activity involves multiple origin countries and elevated transaction frequency. | Customer interacted with multiple counterparties. | Customer is marked with a PEP indicator in the synthetic dataset.,,GENERAL_TRANSACTION_MONITORING,High rule-engine risk; PEP indicator,RULE_HIGH_ML_LOW,STANDARD_REVIEW,PENDING_REVIEW,OPEN,,NO,PENDING_HUMAN_REVIEW
AML-CUST001164,CUST001164,P3,MEDIUM,30.0,28,18156.38,18156.38,,,,,,1,0,0,3,RF_FUNNEL_BEHAVIOR | RF_MULTIPLE_COUNTERPARTIES | RF_PEP,Activity involves multiple origin countries and elevated transaction frequency. | Customer interacted with multiple counterparties. | Customer is marked with a PEP indicator in the synthetic dataset.,,GENERAL_TRANSACTION_MONITORING,High rule-engine risk; PEP indicator,RULE_HIGH_ML_LOW,STANDARD_REVIEW,PENDING_REVIEW,OPEN,,NO,PENDING_HUMAN_REVIEW
AML-CUST001176,CUST001176,P3,MEDIUM,30.0,30,18257.63,18257.63,,,,,,1,0,0,3,RF_FUNNEL_BEHAVIOR | RF_MULTIPLE_COUNTERPARTIES | RF_PEP,Activity involves multiple origin countries and elevated transaction frequency. | Customer interacted with multiple counterparties. | Customer is marked with a PEP indicator in the synthetic dataset.,log_amount | is_night_transaction | channel_transaction_count | international_ratio_24h | transaction_hour | transaction_month,GENERAL_TRANSACTION_MONITORING,High rule-engine risk; PEP indicator,RULE_HIGH_ML_LOW,STANDARD_REVIEW,PENDING_REVIEW,OPEN,,NO,PENDING_HUMAN_REVIEW
AML-CUST001202,CUST001202,P3,MEDIUM,30.0,31,17502.32,17502.32,,,,,,1,0,0,3,RF_FUNNEL_BEHAVIOR | RF_MULTIPLE_COUNTERPARTIES | RF_PEP,Activity involves multiple origin countries and elevated transaction frequency. | Customer interacted with multiple counterparties. | Customer is marked with a PEP indicator in the synthetic dataset.,transaction_hour | is_night_transaction | international_ratio_24h,GENERAL_TRANSACTION_MONITORING,High rule-engine risk; PEP indicator,RULE_HIGH_ML_LOW,STANDARD_REVIEW,PENDING_REVIEW,OPEN,,NO,PENDING_HUMAN_REVIEW
AML-CUST001245,CUST001245,P3,MEDIUM,30.0,17,9106.12,9106.12,,,,,,1,0,0,3,RF_FUNNEL_BEHAVIOR | RF_MULTIPLE_COUNTERPARTIES | RF_PEP,Activity involves multiple origin countries and elevated transaction frequency. | Customer interacted with multiple counterparties. | Customer is marked with a PEP indicator in the synthetic dataset.,,GENERAL_TRANSACTION_MONITORING,High rule-engine risk; PEP indicator,RULE_HIGH_ML_LOW,STANDARD_REVIEW,PENDING_REVIEW,OPEN,,NO,PENDING_HUMAN_REVIEW
AML-CUST001287,CUST001287,P3,MEDIUM,30.0,26,12043.37,12043.37,,,,,,1,0,0,3,RF_FUNNEL_BEHAVIOR | RF_MULTIPLE_COUNTERPARTIES | RF_PEP,Activity involves multiple origin countries and elevated transaction frequency. | Customer interacted with multiple counterparties. | Customer is marked with a PEP indicator in the synthetic dataset.,transaction_hour | is_night_transaction | international_ratio_24h,GENERAL_TRANSACTION_MONITORING,High rule-engine risk; PEP indicator,RULE_HIGH_ML_LOW,STANDARD_REVIEW,PENDING_REVIEW,OPEN,,NO,PENDING_HUMAN_REVIEW
AML-CUST001433,CUST001433,P3,MEDIUM,30.0,29,16750.0,16750.0,,,,,,1,0,0,3,RF_FUNNEL_BEHAVIOR | RF_MULTIPLE_COUNTERPARTIES | RF_PEP,Activity involves multiple origin countries and elevated transaction frequency. | Customer interacted with multiple counterparties. | Customer is marked with a PEP indicator in the synthetic dataset.,,GENERAL_TRANSACTION_MONITORING,High rule-engine risk; PEP indicator,RULE_HIGH_ML_LOW,STANDARD_REVIEW,PENDING_REVIEW,OPEN,,NO,PENDING_HUMAN_REVIEW
AML-CUST001445,CUST001445,P3,MEDIUM,30.0,19,14473.85,14473.85,,,,,,1,0,0,3,RF_FUNNEL_BEHAVIOR | RF_MULTIPLE_COUNTERPARTIES | RF_PEP,Activity involves multiple origin countries and elevated transaction frequency. | Customer interacted with multiple counterparties. | Customer is marked with a PEP indicator in the synthetic dataset.,channel_transaction_ratio | is_small_cash_transaction | channel_transaction_count,GENERAL_TRANSACTION_MONITORING,High rule-engine risk; PEP indicator,RULE_HIGH_ML_LOW,STANDARD_REVIEW,PENDING_REVIEW,OPEN,,NO,PENDING_HUMAN_REVIEW
AML-CUST001626,CUST001626,P3,MEDIUM,30.0,24,23551.18,23551.18,,,,,,1,0,0,3,RF_FUNNEL_BEHAVIOR | RF_MULTIPLE_COUNTERPARTIES | RF_PEP,Activity involves multiple origin countries and elevated transaction frequency. | Customer interacted with multiple counterparties. | Customer is marked with a PEP indicator in the synthetic dataset.,transaction_hour | log_amount | is_night_transaction,GENERAL_TRANSACTION_MONITORING,High rule-engine risk; PEP indicator,RULE_HIGH_ML_LOW,STANDARD_REVIEW,PENDING_REVIEW,OPEN,,NO,PENDING_HUMAN_REVIEW
AML-CUST001723,CUST001723,P3,MEDIUM,30.0,30,19778.64,19778.64,,,,,,1,0,0,3,RF_FUNNEL_BEHAVIOR | RF_MULTIPLE_COUNTERPARTIES | RF_PEP,Activity involves multiple origin countries and elevated transaction frequency. | Customer interacted with multiple counterparties. | Customer is marked with a PEP indicator in the synthetic dataset.,transaction_hour | international_ratio_24h | cash_ratio_24h,GENERAL_TRANSACTION_MONITORING,High rule-engine risk; PEP indicator,RULE_HIGH_ML_LOW,STANDARD_REVIEW,PENDING_REVIEW,OPEN,,NO,PENDING_HUMAN_REVIEW
AML-CUST001729,CUST001729,P3,MEDIUM,30.0,25,15990.82,15990.82,,,,,,1,0,0,3,RF_FUNNEL_BEHAVIOR | RF_MULTIPLE_COUNTERPARTIES | RF_PEP,Activity involves multiple origin countries and elevated transaction frequency. | Customer interacted with multiple counterparties. | Customer is marked with a PEP indicator in the synthetic dataset.,,GENERAL_TRANSACTION_MONITORING,High rule-engine risk; PEP indicator,RULE_HIGH_ML_LOW,STANDARD_REVIEW,PENDING_REVIEW,OPEN,,NO,PENDING_HUMAN_REVIEW
AML-CUST001759,CUST001759,P3,MEDIUM,30.0,19,16257.66,16257.66,,,,,,1,0,0,3,RF_FUNNEL_BEHAVIOR | RF_MULTIPLE_COUNTERPARTIES | RF_PEP,Activity involves multiple origin countries and elevated transaction frequency. | Customer interacted with multiple counterparties. | Customer is marked with a PEP indicator in the synthetic dataset.,log_amount | international_ratio_24h | amount_vs_customer_max,GENERAL_TRANSACTION_MONITORING,High rule-engine risk; PEP indicator,RULE_HIGH_ML_LOW,STANDARD_REVIEW,PENDING_REVIEW,OPEN,,NO,PENDING_HUMAN_REVIEW
AML-CUST001793,CUST001793,P3,MEDIUM,30.0,24,16608.25,16608.25,,,,,,1,0,0,3,RF_FUNNEL_BEHAVIOR | RF_MULTIPLE_COUNTERPARTIES | RF_PEP,Activity involves multiple origin countries and elevated transaction frequency. | Customer interacted with multiple counterparties. | Customer is marked with a PEP indicator in the synthetic dataset.,,GENERAL_TRANSACTION_MONITORING,High rule-engine risk; PEP indicator,RULE_HIGH_ML_LOW,STANDARD_REVIEW,PENDING_REVIEW,OPEN,,NO,PENDING_HUMAN_REVIEW
AML-CUST001794,CUST001794,P3,MEDIUM,30.0,29,15527.69,15527.69,,,,,,1,0,0,3,RF_FUNNEL_BEHAVIOR | RF_MULTIPLE_COUNTERPARTIES | RF_PEP,Activity involves multiple origin countries and elevated transaction frequency. | Customer interacted with multiple counterparties. | Customer is marked with a PEP indicator in the synthetic dataset.,log_amount | international_ratio_24h | transaction_month,GENERAL_TRANSACTION_MONITORING,High rule-engine risk; PEP indicator,RULE_HIGH_ML_LOW,STANDARD_REVIEW,PENDING_REVIEW,OPEN,,NO,PENDING_HUMAN_REVIEW
AML-CUST001799,CUST001799,P3,MEDIUM,30.0,23,10119.23,10119.23,,,,,,1,0,0,3,RF_FUNNEL_BEHAVIOR | RF_MULTIPLE_COUNTERPARTIES | RF_PEP,Activity involves multiple origin countries and elevated transaction frequency. | Customer interacted with multiple counterparties. | Customer is marked with a PEP indicator in the synthetic dataset.,transaction_hour | is_night_transaction | international_ratio_24h,GENERAL_TRANSACTION_MONITORING,High rule-engine risk; PEP indicator,RULE_HIGH_ML_LOW,STANDARD_REVIEW,PENDING_REVIEW,OPEN,,NO,PENDING_HUMAN_REVIEW
AML-CUST001810,CUST001810,P3,MEDIUM,30.0,18,11357.69,11357.69,,,,,,1,0,0,3,RF_FUNNEL_BEHAVIOR | RF_MULTIPLE_COUNTERPARTIES | RF_PEP,Activity involves multiple origin countries and elevated transaction frequency. | Customer interacted with multiple counterparties. | Customer is marked with a PEP indicator in the synthetic dataset.,,GENERAL_TRANSACTION_MONITORING,High rule-engine risk; PEP indicator,RULE_HIGH_ML_LOW,STANDARD_REVIEW,PENDING_REVIEW,OPEN,,NO,PENDING_HUMAN_REVIEW
AML-CUST001846,CUST001846,P3,MEDIUM,30.0,20,7791.19,7791.19,,,,,,1,0,0,3,RF_FUNNEL_BEHAVIOR | RF_MULTIPLE_COUNTERPARTIES | RF_PEP,Activity involves multiple origin countries and elevated transaction frequency. | Customer interacted with multiple counterparties. | Customer is marked with a PEP indicator in the synthetic dataset.,,GENERAL_TRANSACTION_MONITORING,High rule-engine risk; PEP indicator,RULE_HIGH_ML_LOW,STANDARD_REVIEW,PENDING_REVIEW,OPEN,,NO,PENDING_HUMAN_REVIEW
AML-CUST001861,CUST001861,P3,MEDIUM,30.0,30,21362.8,21362.8,,,,,,1,0,0,3,RF_FUNNEL_BEHAVIOR | RF_MULTIPLE_COUNTERPARTIES | RF_PEP,Activity involves multiple origin countries and elevated transaction frequency. | Customer interacted with multiple counterparties. | Customer is marked with a PEP indicator in the synthetic dataset.,,GENERAL_TRANSACTION_MONITORING,High rule-engine risk; PEP indicator,RULE_HIGH_ML_LOW,STANDARD_REVIEW,PENDING_REVIEW,OPEN,,NO,PENDING_HUMAN_REVIEW
AML-CUST001863,CUST001863,P3,MEDIUM,30.0,24,16901.96,16901.96,,,,,,1,0,0,3,RF_FUNNEL_BEHAVIOR | RF_MULTIPLE_COUNTERPARTIES | RF_PEP,Activity involves multiple origin countries and elevated transaction frequency. | Customer interacted with multiple counterparties. | Customer is marked with a PEP indicator in the synthetic dataset.,,GENERAL_TRANSACTION_MONITORING,High rule-engine risk; PEP indicator,RULE_HIGH_ML_LOW,STANDARD_REVIEW,PENDING_REVIEW,OPEN,,NO,PENDING_HUMAN_REVIEW
AML-CUST001920,CUST001920,P3,MEDIUM,30.0,24,15229.84,15229.84,,,,,,1,0,0,3,RF_FUNNEL_BEHAVIOR | RF_MULTIPLE_COUNTERPARTIES | RF_PEP,Activity involves multiple origin countries and elevated transaction frequency. | Customer interacted with multiple counterparties. | Customer is marked with a PEP indicator in the synthetic dataset.,,GENERAL_TRANSACTION_MONITORING,High rule-engine risk; PEP indicator,RULE_HIGH_ML_LOW,STANDARD_REVIEW,PENDING_REVIEW,OPEN,,NO,PENDING_HUMAN_REVIEW
AML-CUST001987,CUST001987,P3,MEDIUM,30.0,29,20177.03,20177.03,,,,,,1,0,0,3,RF_FUNNEL_BEHAVIOR | RF_MULTIPLE_COUNTERPARTIES | RF_PEP,Activity involves multiple origin countries and elevated transaction frequency. | Customer interacted with multiple counterparties. | Customer is marked with a PEP indicator in the synthetic dataset.,transaction_hour | is_night_transaction | channel_transaction_count | log_amount | international_ratio_24h,GENERAL_TRANSACTION_MONITORING,High rule-engine risk; PEP indicator; Behavioral model drivers: transaction_hour | is_night_transaction | channel_transaction_count,RULE_HIGH_ML_LOW,STANDARD_REVIEW,PENDING_REVIEW,OPEN,,NO,PENDING_HUMAN_REVIEW
AML-CUST002001,CUST002001,P3,MEDIUM,30.0,23,10047.19,10047.19,,,,,,1,0,0,3,RF_FUNNEL_BEHAVIOR | RF_MULTIPLE_COUNTERPARTIES | RF_PEP,Activity involves multiple origin countries and elevated transaction frequency. | Customer interacted with multiple counterparties. | Customer is marked with a PEP indicator in the synthetic dataset.,transaction_hour | is_night_transaction | international_ratio_24h,GENERAL_TRANSACTION_MONITORING,High rule-engine risk; PEP indicator,RULE_HIGH_ML_LOW,STANDARD_REVIEW,PENDING_REVIEW,OPEN,,NO,PENDING_HUMAN_REVIEW
AML-CUST002061,CUST002061,P3,MEDIUM,30.0,22,11252.63,11252.63,,,,,,1,0,0,3,RF_FUNNEL_BEHAVIOR | RF_MULTIPLE_COUNTERPARTIES | RF_PEP,Activity involves multiple origin countries and elevated transaction frequency. | Customer interacted with multiple counterparties. | Customer is marked with a PEP indicator in the synthetic dataset.,,GENERAL_TRANSACTION_MONITORING,High rule-engine risk; PEP indicator,RULE_HIGH_ML_LOW,STANDARD_REVIEW,PENDING_REVIEW,OPEN,,NO,PENDING_HUMAN_REVIEW
AML-CUST002143,CUST002143,P3,MEDIUM,30.0,29,15604.28,15604.28,,,,,,1,0,0,3,RF_FUNNEL_BEHAVIOR | RF_MULTIPLE_COUNTERPARTIES | RF_PEP,Activity involves multiple origin countries and elevated transaction frequency. | Customer interacted with multiple counterparties. | Customer is marked with a PEP indicator in the synthetic dataset.,international_ratio_24h | is_small_cash_transaction | channel_transaction_count | log_amount | transaction_hour,GENERAL_TRANSACTION_MONITORING,High rule-engine risk; PEP indicator,RULE_HIGH_ML_LOW,STANDARD_REVIEW,PENDING_REVIEW,OPEN,,NO,PENDING_HUMAN_REVIEW
AML-CUST002172,CUST002172,P3,MEDIUM,30.0,23,12007.87,12007.87,,,,,,1,0,0,3,RF_FUNNEL_BEHAVIOR | RF_MULTIPLE_COUNTERPARTIES | RF_PEP,Activity involves multiple origin countries and elevated transaction frequency. | Customer interacted with multiple counterparties. | Customer is marked with a PEP indicator in the synthetic dataset.,,GENERAL_TRANSACTION_MONITORING,High rule-engine risk; PEP indicator,RULE_HIGH_ML_LOW,STANDARD_REVIEW,PENDING_REVIEW,OPEN,,NO,PENDING_HUMAN_REVIEW
AML-CUST002182,CUST002182,P3,MEDIUM,30.0,24,12189.32,12189.32,,,,,,1,0,0,3,RF_FUNNEL_BEHAVIOR | RF_MULTIPLE_COUNTERPARTIES | RF_PEP,Activity involves multiple origin countries and elevated transaction frequency. | Customer interacted with multiple counterparties. | Customer is marked with a PEP indicator in the synthetic dataset.,transaction_hour | is_night_transaction | international_ratio_24h,GENERAL_TRANSACTION_MONITORING,High rule-engine risk; PEP indicator,RULE_HIGH_ML_LOW,STANDARD_REVIEW,PENDING_REVIEW,OPEN,,NO,PENDING_HUMAN_REVIEW
AML-CUST002305,CUST002305,P3,MEDIUM,30.0,26,9707.36,9707.36,,,,,,1,0,0,3,RF_FUNNEL_BEHAVIOR | RF_MULTIPLE_COUNTERPARTIES | RF_PEP,Activity involves multiple origin countries and elevated transaction frequency. | Customer interacted with multiple counterparties. | Customer is marked with a PEP indicator in the synthetic dataset.,transaction_hour | transaction_month | log_amount,GENERAL_TRANSACTION_MONITORING,High rule-engine risk; PEP indicator,RULE_HIGH_ML_LOW,STANDARD_REVIEW,PENDING_REVIEW,OPEN,,NO,PENDING_HUMAN_REVIEW
AML-CUST002342,CUST002342,P3,MEDIUM,30.0,27,13151.99,13151.99,,,,,,1,0,0,3,RF_FUNNEL_BEHAVIOR | RF_MULTIPLE_COUNTERPARTIES | RF_PEP,Activity involves multiple origin countries and elevated transaction frequency. | Customer interacted with multiple counterparties. | Customer is marked with a PEP indicator in the synthetic dataset.,,GENERAL_TRANSACTION_MONITORING,High rule-engine risk; PEP indicator,RULE_HIGH_ML_LOW,STANDARD_REVIEW,PENDING_REVIEW,OPEN,,NO,PENDING_HUMAN_REVIEW
AML-CUST002362,CUST002362,P3,MEDIUM,30.0,21,16645.09,16645.09,,,,,,1,0,0,3,RF_FUNNEL_BEHAVIOR | RF_MULTIPLE_COUNTERPARTIES | RF_PEP,Activity involves multiple origin countries and elevated transaction frequency. | Customer interacted with multiple counterparties. | Customer is marked with a PEP indicator in the synthetic dataset.,log_amount | transaction_hour | amount_vs_customer_max,GENERAL_TRANSACTION_MONITORING,High rule-engine risk; PEP indicator; Behavioral model drivers: log_amount | transaction_hour | amount_vs_customer_max,RULE_HIGH_ML_LOW,STANDARD_REVIEW,PENDING_REVIEW,OPEN,,NO,PENDING_HUMAN_REVIEW
AML-CUST002426,CUST002426,P3,MEDIUM,30.0,18,7538.23,7538.23,,,,,,1,0,0,3,RF_FUNNEL_BEHAVIOR | RF_MULTIPLE_COUNTERPARTIES | RF_PEP,Activity involves multiple origin countries and elevated transaction frequency. | Customer interacted with multiple counterparties. | Customer is marked with a PEP indicator in the synthetic dataset.,,GENERAL_TRANSACTION_MONITORING,High rule-engine risk; PEP indicator,RULE_HIGH_ML_LOW,STANDARD_REVIEW,PENDING_REVIEW,OPEN,,NO,PENDING_HUMAN_REVIEW
AML-CUST002444,CUST002444,P3,MEDIUM,30.0,21,10655.45,10655.45,,,,,,1,0,0,3,RF_FUNNEL_BEHAVIOR | RF_MULTIPLE_COUNTERPARTIES | RF_PEP,Activity involves multiple origin countries and elevated transaction frequency. | Customer interacted with multiple counterparties. | Customer is marked with a PEP indicator in the synthetic dataset.,,GENERAL_TRANSACTION_MONITORING,High rule-engine risk; PEP indicator,RULE_HIGH_ML_LOW,STANDARD_REVIEW,PENDING_REVIEW,OPEN,,NO,PENDING_HUMAN_REVIEW
AML-CUST002476,CUST002476,P3,MEDIUM,30.0,16,13968.42,13968.42,,,,,,1,0,0,3,RF_FUNNEL_BEHAVIOR | RF_MULTIPLE_COUNTERPARTIES | RF_PEP,Activity involves multiple origin countries and elevated transaction frequency. | Customer interacted with multiple counterparties. | Customer is marked with a PEP indicator in the synthetic dataset.,international_ratio_24h | amount_vs_customer_average | cash_ratio_24h,GENERAL_TRANSACTION_MONITORING,High rule-engine risk; PEP indicator,RULE_HIGH_ML_LOW,STANDARD_REVIEW,PENDING_REVIEW,OPEN,,NO,PENDING_HUMAN_REVIEW
AML-CUST002487,CUST002487,P3,MEDIUM,30.0,24,14832.41,14832.41,,,,,,1,0,0,3,RF_FUNNEL_BEHAVIOR | RF_MULTIPLE_COUNTERPARTIES | RF_PEP,Activity involves multiple origin countries and elevated transaction frequency. | Customer interacted with multiple counterparties. | Customer is marked with a PEP indicator in the synthetic dataset.,transaction_hour | is_night_transaction | international_ratio_24h,GENERAL_TRANSACTION_MONITORING,High rule-engine risk; PEP indicator,RULE_HIGH_ML_LOW,STANDARD_REVIEW,PENDING_REVIEW,OPEN,,NO,PENDING_HUMAN_REVIEW
AML-CUST002525,CUST002525,P3,MEDIUM,30.0,20,11960.48,11960.48,,,,,,1,0,0,3,RF_FUNNEL_BEHAVIOR | RF_MULTIPLE_COUNTERPARTIES | RF_PEP,Activity involves multiple origin countries and elevated transaction frequency. | Customer interacted with multiple counterparties. | Customer is marked with a PEP indicator in the synthetic dataset.,log_amount | amount_vs_customer_max | international_ratio_24h,GENERAL_TRANSACTION_MONITORING,High rule-engine risk; PEP indicator,RULE_HIGH_ML_LOW,STANDARD_REVIEW,PENDING_REVIEW,OPEN,,NO,PENDING_HUMAN_REVIEW
AML-CUST002617,CUST002617,P3,MEDIUM,30.0,20,12599.06,12599.06,,,,,,1,0,0,3,RF_FUNNEL_BEHAVIOR | RF_MULTIPLE_COUNTERPARTIES | RF_PEP,Activity involves multiple origin countries and elevated transaction frequency. | Customer interacted with multiple counterparties. | Customer is marked with a PEP indicator in the synthetic dataset.,transaction_hour | is_night_transaction | amount_vs_customer_average | cash_ratio_24h | customer_volume_share,GENERAL_TRANSACTION_MONITORING,High rule-engine risk; PEP indicator,RULE_HIGH_ML_LOW,STANDARD_REVIEW,PENDING_REVIEW,OPEN,,NO,PENDING_HUMAN_REVIEW
AML-CUST002633,CUST002633,P3,MEDIUM,30.0,19,8938.51,8938.51,,,,,,1,0,0,3,RF_FUNNEL_BEHAVIOR | RF_MULTIPLE_COUNTERPARTIES | RF_PEP,Activity involves multiple origin countries and elevated transaction frequency. | Customer interacted with multiple counterparties. | Customer is marked with a PEP indicator in the synthetic dataset.,log_amount | international_ratio_24h | amount_deviation_from_average | transaction_hour | is_night_transaction | amount_vs_customer_average,GENERAL_TRANSACTION_MONITORING,High rule-engine risk; PEP indicator,RULE_HIGH_ML_LOW,STANDARD_REVIEW,PENDING_REVIEW,OPEN,,NO,PENDING_HUMAN_REVIEW
AML-CUST002688,CUST002688,P3,MEDIUM,30.0,25,17557.71,17557.71,,,,,,1,0,0,3,RF_FUNNEL_BEHAVIOR | RF_MULTIPLE_COUNTERPARTIES | RF_PEP,Activity involves multiple origin countries and elevated transaction frequency. | Customer interacted with multiple counterparties. | Customer is marked with a PEP indicator in the synthetic dataset.,is_small_cash_transaction | log_amount | is_weekend | transaction_month | cash_ratio_24h,GENERAL_TRANSACTION_MONITORING,High rule-engine risk; PEP indicator,RULE_HIGH_ML_LOW,STANDARD_REVIEW,PENDING_REVIEW,OPEN,,NO,PENDING_HUMAN_REVIEW
AML-CUST002785,CUST002785,P3,MEDIUM,30.0,23,22058.22,22058.22,,,,,,1,0,0,3,RF_FUNNEL_BEHAVIOR | RF_MULTIPLE_COUNTERPARTIES | RF_PEP,Activity involves multiple origin countries and elevated transaction frequency. | Customer interacted with multiple counterparties. | Customer is marked with a PEP indicator in the synthetic dataset.,,GENERAL_TRANSACTION_MONITORING,High rule-engine risk; PEP indicator,RULE_HIGH_ML_LOW,STANDARD_REVIEW,PENDING_REVIEW,OPEN,,NO,PENDING_HUMAN_REVIEW
AML-CUST002907,CUST002907,P3,MEDIUM,30.0,26,12709.64,12709.64,,,,,,1,0,0,3,RF_FUNNEL_BEHAVIOR | RF_MULTIPLE_COUNTERPARTIES | RF_PEP,Activity involves multiple origin countries and elevated transaction frequency. | Customer interacted with multiple counterparties. | Customer is marked with a PEP indicator in the synthetic dataset.,,GENERAL_TRANSACTION_MONITORING,High rule-engine risk; PEP indicator,RULE_HIGH_ML_LOW,STANDARD_REVIEW,PENDING_REVIEW,OPEN,,NO,PENDING_HUMAN_REVIEW
AML-CUST002912,CUST002912,P3,MEDIUM,30.0,29,21999.67,21999.67,,,,,,1,0,0,3,RF_FUNNEL_BEHAVIOR | RF_MULTIPLE_COUNTERPARTIES | RF_PEP,Activity involves multiple origin countries and elevated transaction frequency. | Customer interacted with multiple counterparties. | Customer is marked with a PEP indicator in the synthetic dataset.,,GENERAL_TRANSACTION_MONITORING,High rule-engine risk; PEP indicator,RULE_HIGH_ML_LOW,STANDARD_REVIEW,PENDING_REVIEW,OPEN,,NO,PENDING_HUMAN_REVIEW
AML-CUST003003,CUST003003,P3,MEDIUM,30.0,24,20019.83,20019.83,,,,,,1,0,0,3,RF_FUNNEL_BEHAVIOR | RF_MULTIPLE_COUNTERPARTIES | RF_PEP,Activity involves multiple origin countries and elevated transaction frequency. | Customer interacted with multiple counterparties. | Customer is marked with a PEP indicator in the synthetic dataset.,transaction_hour | customer_min_transaction | cash_ratio_24h | log_amount | is_night_transaction,GENERAL_TRANSACTION_MONITORING,High rule-engine risk; PEP indicator,RULE_HIGH_ML_LOW,STANDARD_REVIEW,PENDING_REVIEW,OPEN,,NO,PENDING_HUMAN_REVIEW
AML-CUST003162,CUST003162,P3,MEDIUM,30.0,19,11788.16,11788.16,,,,,,1,0,0,3,RF_FUNNEL_BEHAVIOR | RF_MULTIPLE_COUNTERPARTIES | RF_PEP,Activity involves multiple origin countries and elevated transaction frequency. | Customer interacted with multiple counterparties. | Customer is marked with a PEP indicator in the synthetic dataset.,transaction_hour | is_night_transaction | international_ratio_24h | channel_transaction_ratio | is_small_cash_transaction | log_amount,GENERAL_TRANSACTION_MONITORING,High rule-engine risk; PEP indicator,RULE_HIGH_ML_LOW,STANDARD_REVIEW,PENDING_REVIEW,OPEN,,NO,PENDING_HUMAN_REVIEW
AML-CUST003288,CUST003288,P3,MEDIUM,30.0,24,9601.37,9601.37,,,,,,1,0,0,3,RF_FUNNEL_BEHAVIOR | RF_MULTIPLE_COUNTERPARTIES | RF_PEP,Activity involves multiple origin countries and elevated transaction frequency. | Customer interacted with multiple counterparties. | Customer is marked with a PEP indicator in the synthetic dataset.,cash_ratio_24h | transaction_hour | is_weekend | transactions_24h | transactions_7d,GENERAL_TRANSACTION_MONITORING,High rule-engine risk; PEP indicator,RULE_HIGH_ML_LOW,STANDARD_REVIEW,PENDING_REVIEW,OPEN,,NO,PENDING_HUMAN_REVIEW
AML-CUST003334,CUST003334,P3,MEDIUM,30.0,28,11708.5,11708.5,,,,,,1,0,0,3,RF_FUNNEL_BEHAVIOR | RF_MULTIPLE_COUNTERPARTIES | RF_PEP,Activity involves multiple origin countries and elevated transaction frequency. | Customer interacted with multiple counterparties. | Customer is marked with a PEP indicator in the synthetic dataset.,transaction_month | cash_ratio_24h | amount_vs_customer_average,GENERAL_TRANSACTION_MONITORING,High rule-engine risk; PEP indicator,RULE_HIGH_ML_LOW,STANDARD_REVIEW,PENDING_REVIEW,OPEN,,NO,PENDING_HUMAN_REVIEW
AML-CUST003399,CUST003399,P3,MEDIUM,30.0,22,7902.94,7902.94,,,,,,1,0,0,3,RF_FUNNEL_BEHAVIOR | RF_MULTIPLE_COUNTERPARTIES | RF_PEP,Activity involves multiple origin countries and elevated transaction frequency. | Customer interacted with multiple counterparties. | Customer is marked with a PEP indicator in the synthetic dataset.,cash_ratio_24h | amount_vs_customer_average | customer_volume_share,GENERAL_TRANSACTION_MONITORING,High rule-engine risk; PEP indicator,RULE_HIGH_ML_LOW,STANDARD_REVIEW,PENDING_REVIEW,OPEN,,NO,PENDING_HUMAN_REVIEW
AML-CUST003415,CUST003415,P3,MEDIUM,30.0,26,16366.99,16366.99,,,,,,1,0,0,3,RF_FUNNEL_BEHAVIOR | RF_MULTIPLE_COUNTERPARTIES | RF_PEP,Activity involves multiple origin countries and elevated transaction frequency. | Customer interacted with multiple counterparties. | Customer is marked with a PEP indicator in the synthetic dataset.,,GENERAL_TRANSACTION_MONITORING,High rule-engine risk; PEP indicator,RULE_HIGH_ML_LOW,STANDARD_REVIEW,PENDING_REVIEW,OPEN,,NO,PENDING_HUMAN_REVIEW
AML-CUST003468,CUST003468,P3,MEDIUM,30.0,19,11512.48,11512.48,,,,,,1,0,0,3,RF_FUNNEL_BEHAVIOR | RF_MULTIPLE_COUNTERPARTIES | RF_PEP,Activity involves multiple origin countries and elevated transaction frequency. | Customer interacted with multiple counterparties. | Customer is marked with a PEP indicator in the synthetic dataset.,,GENERAL_TRANSACTION_MONITORING,High rule-engine risk; PEP indicator,RULE_HIGH_ML_LOW,STANDARD_REVIEW,PENDING_REVIEW,OPEN,,NO,PENDING_HUMAN_REVIEW
AML-CUST003470,CUST003470,P3,MEDIUM,30.0,21,15564.66,15564.66,,,,,,1,0,0,3,RF_FUNNEL_BEHAVIOR | RF_MULTIPLE_COUNTERPARTIES | RF_PEP,Activity involves multiple origin countries and elevated transaction frequency. | Customer interacted with multiple counterparties. | Customer is marked with a PEP indicator in the synthetic dataset.,,GENERAL_TRANSACTION_MONITORING,High rule-engine risk; PEP indicator,RULE_HIGH_ML_LOW,STANDARD_REVIEW,PENDING_REVIEW,OPEN,,NO,PENDING_HUMAN_REVIEW
AML-CUST003481,CUST003481,P3,MEDIUM,30.0,21,8606.69,8606.69,,,,,,1,0,0,3,RF_FUNNEL_BEHAVIOR | RF_MULTIPLE_COUNTERPARTIES | RF_PEP,Activity involves multiple origin countries and elevated transaction frequency. | Customer interacted with multiple counterparties. | Customer is marked with a PEP indicator in the synthetic dataset.,transaction_hour | is_night_transaction | channel_transaction_ratio,GENERAL_TRANSACTION_MONITORING,High rule-engine risk; PEP indicator,RULE_HIGH_ML_LOW,STANDARD_REVIEW,PENDING_REVIEW,OPEN,,NO,PENDING_HUMAN_REVIEW
AML-CUST003522,CUST003522,P3,MEDIUM,30.0,34,26383.6,26383.6,,,,,,1,0,0,3,RF_FUNNEL_BEHAVIOR | RF_MULTIPLE_COUNTERPARTIES | RF_PEP,Activity involves multiple origin countries and elevated transaction frequency. | Customer interacted with multiple counterparties. | Customer is marked with a PEP indicator in the synthetic dataset.,,GENERAL_TRANSACTION_MONITORING,High rule-engine risk; PEP indicator,RULE_HIGH_ML_LOW,STANDARD_REVIEW,PENDING_REVIEW,OPEN,,NO,PENDING_HUMAN_REVIEW
AML-CUST003534,CUST003534,P3,MEDIUM,30.0,19,8527.42,8527.42,,,,,,1,0,0,3,RF_FUNNEL_BEHAVIOR | RF_MULTIPLE_COUNTERPARTIES | RF_PEP,Activity involves multiple origin countries and elevated transaction frequency. | Customer interacted with multiple counterparties. | Customer is marked with a PEP indicator in the synthetic dataset.,log_amount | transaction_hour | international_ratio_24h | amount_vs_customer_max,GENERAL_TRANSACTION_MONITORING,High rule-engine risk; PEP indicator,RULE_HIGH_ML_LOW,STANDARD_REVIEW,PENDING_REVIEW,OPEN,,NO,PENDING_HUMAN_REVIEW
AML-CUST003565,CUST003565,P3,MEDIUM,30.0,26,14491.88,14491.88,,,,,,1,0,0,3,RF_FUNNEL_BEHAVIOR | RF_MULTIPLE_COUNTERPARTIES | RF_PEP,Activity involves multiple origin countries and elevated transaction frequency. | Customer interacted with multiple counterparties. | Customer is marked with a PEP indicator in the synthetic dataset.,transaction_month | international_ratio_24h | channel_transaction_ratio,GENERAL_TRANSACTION_MONITORING,High rule-engine risk; PEP indicator,RULE_HIGH_ML_LOW,STANDARD_REVIEW,PENDING_REVIEW,OPEN,,NO,PENDING_HUMAN_REVIEW
AML-CUST003576,CUST003576,P3,MEDIUM,30.0,21,15498.1,15498.1,,,,,,1,0,0,3,RF_FUNNEL_BEHAVIOR | RF_MULTIPLE_COUNTERPARTIES | RF_PEP,Activity involves multiple origin countries and elevated transaction frequency. | Customer interacted with multiple counterparties. | Customer is marked with a PEP indicator in the synthetic dataset.,transaction_hour | is_night_transaction | international_ratio_24h,GENERAL_TRANSACTION_MONITORING,High rule-engine risk; PEP indicator,RULE_HIGH_ML_LOW,STANDARD_REVIEW,PENDING_REVIEW,OPEN,,NO,PENDING_HUMAN_REVIEW
AML-CUST003588,CUST003588,P3,MEDIUM,30.0,25,13176.3,13176.3,,,,,,1,0,0,3,RF_FUNNEL_BEHAVIOR | RF_MULTIPLE_COUNTERPARTIES | RF_PEP,Activity involves multiple origin countries and elevated transaction frequency. | Customer interacted with multiple counterparties. | Customer is marked with a PEP indicator in the synthetic dataset.,,GENERAL_TRANSACTION_MONITORING,High rule-engine risk; PEP indicator,RULE_HIGH_ML_LOW,STANDARD_REVIEW,PENDING_REVIEW,OPEN,,NO,PENDING_HUMAN_REVIEW
AML-CUST003609,CUST003609,P3,MEDIUM,30.0,25,12848.24,12848.24,,,,,,1,0,0,3,RF_FUNNEL_BEHAVIOR | RF_MULTIPLE_COUNTERPARTIES | RF_PEP,Activity involves multiple origin countries and elevated transaction frequency. | Customer interacted with multiple counterparties. | Customer is marked with a PEP indicator in the synthetic dataset.,,GENERAL_TRANSACTION_MONITORING,High rule-engine risk; PEP indicator,RULE_HIGH_ML_LOW,STANDARD_REVIEW,PENDING_REVIEW,OPEN,,NO,PENDING_HUMAN_REVIEW
AML-CUST003672,CUST003672,P3,MEDIUM,30.0,28,20474.74,20474.74,,,,,,1,0,0,3,RF_FUNNEL_BEHAVIOR | RF_MULTIPLE_COUNTERPARTIES | RF_PEP,Activity involves multiple origin countries and elevated transaction frequency. | Customer interacted with multiple counterparties. | Customer is marked with a PEP indicator in the synthetic dataset.,log_amount | international_ratio_24h | transaction_hour,GENERAL_TRANSACTION_MONITORING,High rule-engine risk; PEP indicator,RULE_HIGH_ML_LOW,STANDARD_REVIEW,PENDING_REVIEW,OPEN,,NO,PENDING_HUMAN_REVIEW
AML-CUST003691,CUST003691,P3,MEDIUM,30.0,23,16653.01,16653.01,,,,,,1,0,0,3,RF_FUNNEL_BEHAVIOR | RF_MULTIPLE_COUNTERPARTIES | RF_PEP,Activity involves multiple origin countries and elevated transaction frequency. | Customer interacted with multiple counterparties. | Customer is marked with a PEP indicator in the synthetic dataset.,,GENERAL_TRANSACTION_MONITORING,High rule-engine risk; PEP indicator,RULE_HIGH_ML_LOW,STANDARD_REVIEW,PENDING_REVIEW,OPEN,,NO,PENDING_HUMAN_REVIEW
AML-CUST003701,CUST003701,P3,MEDIUM,30.0,19,7679.23,7679.23,,,,,,1,0,0,3,RF_FUNNEL_BEHAVIOR | RF_MULTIPLE_COUNTERPARTIES | RF_PEP,Activity involves multiple origin countries and elevated transaction frequency. | Customer interacted with multiple counterparties. | Customer is marked with a PEP indicator in the synthetic dataset.,transaction_hour | is_night_transaction | customer_min_transaction,GENERAL_TRANSACTION_MONITORING,High rule-engine risk; PEP indicator,RULE_HIGH_ML_LOW,STANDARD_REVIEW,PENDING_REVIEW,OPEN,,NO,PENDING_HUMAN_REVIEW
AML-CUST003708,CUST003708,P3,MEDIUM,30.0,19,11392.01,11392.01,,,,,,1,0,0,3,RF_FUNNEL_BEHAVIOR | RF_MULTIPLE_COUNTERPARTIES | RF_PEP,Activity involves multiple origin countries and elevated transaction frequency. | Customer interacted with multiple counterparties. | Customer is marked with a PEP indicator in the synthetic dataset.,channel_transaction_ratio | international_ratio | cash_ratio_24h,GENERAL_TRANSACTION_MONITORING,High rule-engine risk; PEP indicator,RULE_HIGH_ML_LOW,STANDARD_REVIEW,PENDING_REVIEW,OPEN,,NO,PENDING_HUMAN_REVIEW
AML-CUST003735,CUST003735,P3,MEDIUM,30.0,16,15101.95,15101.95,,,,,,1,0,0,3,RF_FUNNEL_BEHAVIOR | RF_MULTIPLE_COUNTERPARTIES | RF_PEP,Activity involves multiple origin countries and elevated transaction frequency. | Customer interacted with multiple counterparties. | Customer is marked with a PEP indicator in the synthetic dataset.,,GENERAL_TRANSACTION_MONITORING,High rule-engine risk; PEP indicator,RULE_HIGH_ML_LOW,STANDARD_REVIEW,PENDING_REVIEW,OPEN,,NO,PENDING_HUMAN_REVIEW
AML-CUST003813,CUST003813,P3,MEDIUM,30.0,22,15371.97,15371.97,,,,,,1,0,0,3,RF_FUNNEL_BEHAVIOR | RF_MULTIPLE_COUNTERPARTIES | RF_PEP,Activity involves multiple origin countries and elevated transaction frequency. | Customer interacted with multiple counterparties. | Customer is marked with a PEP indicator in the synthetic dataset.,,GENERAL_TRANSACTION_MONITORING,High rule-engine risk; PEP indicator,RULE_HIGH_ML_LOW,STANDARD_REVIEW,PENDING_REVIEW,OPEN,,NO,PENDING_HUMAN_REVIEW
AML-CUST003857,CUST003857,P3,MEDIUM,30.0,22,9374.8,9374.8,,,,,,1,0,0,3,RF_FUNNEL_BEHAVIOR | RF_MULTIPLE_COUNTERPARTIES | RF_PEP,Activity involves multiple origin countries and elevated transaction frequency. | Customer interacted with multiple counterparties. | Customer is marked with a PEP indicator in the synthetic dataset.,transaction_hour | is_night_transaction | international_ratio_24h | transaction_month,GENERAL_TRANSACTION_MONITORING,High rule-engine risk; PEP indicator,RULE_HIGH_ML_LOW,STANDARD_REVIEW,PENDING_REVIEW,OPEN,,NO,PENDING_HUMAN_REVIEW
AML-CUST003881,CUST003881,P3,MEDIUM,30.0,17,10686.36,10686.36,,,,,,1,0,0,3,RF_FUNNEL_BEHAVIOR | RF_MULTIPLE_COUNTERPARTIES | RF_PEP,Activity involves multiple origin countries and elevated transaction frequency. | Customer interacted with multiple counterparties. | Customer is marked with a PEP indicator in the synthetic dataset.,channel_transaction_ratio | log_amount | customer_min_transaction,GENERAL_TRANSACTION_MONITORING,High rule-engine risk; PEP indicator,RULE_HIGH_ML_LOW,STANDARD_REVIEW,PENDING_REVIEW,OPEN,,NO,PENDING_HUMAN_REVIEW
AML-CUST003885,CUST003885,P3,MEDIUM,30.0,25,14246.25,14246.25,,,,,,1,0,0,3,RF_FUNNEL_BEHAVIOR | RF_MULTIPLE_COUNTERPARTIES | RF_PEP,Activity involves multiple origin countries and elevated transaction frequency. | Customer interacted with multiple counterparties. | Customer is marked with a PEP indicator in the synthetic dataset.,rapid_transaction_indicator | international_ratio_24h | transactions_24h | transaction_hour | transaction_month | is_night_transaction,GENERAL_TRANSACTION_MONITORING,High rule-engine risk; PEP indicator,RULE_HIGH_ML_LOW,STANDARD_REVIEW,PENDING_REVIEW,OPEN,,NO,PENDING_HUMAN_REVIEW
AML-CUST003998,CUST003998,P3,MEDIUM,30.0,23,16902.1,16902.1,,,,,,1,0,0,3,RF_FUNNEL_BEHAVIOR | RF_MULTIPLE_COUNTERPARTIES | RF_PEP,Activity involves multiple origin countries and elevated transaction frequency. | Customer interacted with multiple counterparties. | Customer is marked with a PEP indicator in the synthetic dataset.,international_ratio_24h | cash_ratio_24h | is_weekend | is_small_cash_transaction | transactions_7d | amount_vs_customer_average,GENERAL_TRANSACTION_MONITORING,High rule-engine risk; PEP indicator; Behavioral model drivers: is_small_cash_transaction | transactions_7d | amount_vs_customer_average,RULE_HIGH_ML_LOW,STANDARD_REVIEW,PENDING_REVIEW,OPEN,,NO,PENDING_HUMAN_REVIEW
AML-CUST004005,CUST004005,P3,MEDIUM,30.0,19,10944.25,10944.25,,,,,,1,0,0,3,RF_FUNNEL_BEHAVIOR | RF_MULTIPLE_COUNTERPARTIES | RF_PEP,Activity involves multiple origin countries and elevated transaction frequency. | Customer interacted with multiple counterparties. | Customer is marked with a PEP indicator in the synthetic dataset.,transaction_hour | transaction_month | international_ratio_24h,GENERAL_TRANSACTION_MONITORING,High rule-engine risk; PEP indicator,RULE_HIGH_ML_LOW,STANDARD_REVIEW,PENDING_REVIEW,OPEN,,NO,PENDING_HUMAN_REVIEW
AML-CUST004032,CUST004032,P3,MEDIUM,30.0,25,14146.99,14146.99,,,,,,1,0,0,3,RF_FUNNEL_BEHAVIOR | RF_MULTIPLE_COUNTERPARTIES | RF_PEP,Activity involves multiple origin countries and elevated transaction frequency. | Customer interacted with multiple counterparties. | Customer is marked with a PEP indicator in the synthetic dataset.,,GENERAL_TRANSACTION_MONITORING,High rule-engine risk; PEP indicator,RULE_HIGH_ML_LOW,STANDARD_REVIEW,PENDING_REVIEW,OPEN,,NO,PENDING_HUMAN_REVIEW
AML-CUST004070,CUST004070,P3,MEDIUM,30.0,24,14205.81,14205.81,,,,,,1,0,0,3,RF_FUNNEL_BEHAVIOR | RF_MULTIPLE_COUNTERPARTIES | RF_PEP,Activity involves multiple origin countries and elevated transaction frequency. | Customer interacted with multiple counterparties. | Customer is marked with a PEP indicator in the synthetic dataset.,log_amount | amount_vs_customer_max | amount_deviation_from_average,GENERAL_TRANSACTION_MONITORING,High rule-engine risk; PEP indicator,RULE_HIGH_ML_LOW,STANDARD_REVIEW,PENDING_REVIEW,OPEN,,NO,PENDING_HUMAN_REVIEW
AML-CUST004112,CUST004112,P3,MEDIUM,30.0,30,17352.21,17352.21,,,,,,1,0,0,3,RF_FUNNEL_BEHAVIOR | RF_MULTIPLE_COUNTERPARTIES | RF_PEP,Activity involves multiple origin countries and elevated transaction frequency. | Customer interacted with multiple counterparties. | Customer is marked with a PEP indicator in the synthetic dataset.,log_amount | transaction_month | is_night_transaction,GENERAL_TRANSACTION_MONITORING,High rule-engine risk; PEP indicator,RULE_HIGH_ML_LOW,STANDARD_REVIEW,PENDING_REVIEW,OPEN,,NO,PENDING_HUMAN_REVIEW
AML-CUST004157,CUST004157,P3,MEDIUM,30.0,25,13818.7,13818.7,,,,,,1,0,0,3,RF_FUNNEL_BEHAVIOR | RF_MULTIPLE_COUNTERPARTIES | RF_PEP,Activity involves multiple origin countries and elevated transaction frequency. | Customer interacted with multiple counterparties. | Customer is marked with a PEP indicator in the synthetic dataset.,log_amount | international_ratio_24h | channel_transaction_ratio,GENERAL_TRANSACTION_MONITORING,High rule-engine risk; PEP indicator,RULE_HIGH_ML_LOW,STANDARD_REVIEW,PENDING_REVIEW,OPEN,,NO,PENDING_HUMAN_REVIEW
AML-CUST004189,CUST004189,P3,MEDIUM,30.0,31,18817.44,18817.44,,,,,,1,0,0,3,RF_FUNNEL_BEHAVIOR | RF_MULTIPLE_COUNTERPARTIES | RF_PEP,Activity involves multiple origin countries and elevated transaction frequency. | Customer interacted with multiple counterparties. | Customer is marked with a PEP indicator in the synthetic dataset.,transaction_hour | transaction_month | international_ratio_24h,GENERAL_TRANSACTION_MONITORING,High rule-engine risk; PEP indicator,RULE_HIGH_ML_LOW,STANDARD_REVIEW,PENDING_REVIEW,OPEN,,NO,PENDING_HUMAN_REVIEW
AML-CUST004196,CUST004196,P3,MEDIUM,30.0,24,11539.82,11539.82,,,,,,1,0,0,3,RF_FUNNEL_BEHAVIOR | RF_MULTIPLE_COUNTERPARTIES | RF_PEP,Activity involves multiple origin countries and elevated transaction frequency. | Customer interacted with multiple counterparties. | Customer is marked with a PEP indicator in the synthetic dataset.,,GENERAL_TRANSACTION_MONITORING,High rule-engine risk; PEP indicator,RULE_HIGH_ML_LOW,STANDARD_REVIEW,PENDING_REVIEW,OPEN,,NO,PENDING_HUMAN_REVIEW
AML-CUST004213,CUST004213,P3,MEDIUM,30.0,25,13900.08,13900.08,,,,,,1,0,0,3,RF_FUNNEL_BEHAVIOR | RF_MULTIPLE_COUNTERPARTIES | RF_PEP,Activity involves multiple origin countries and elevated transaction frequency. | Customer interacted with multiple counterparties. | Customer is marked with a PEP indicator in the synthetic dataset.,,GENERAL_TRANSACTION_MONITORING,High rule-engine risk; PEP indicator,RULE_HIGH_ML_LOW,STANDARD_REVIEW,PENDING_REVIEW,OPEN,,NO,PENDING_HUMAN_REVIEW
AML-CUST004230,CUST004230,P3,MEDIUM,30.0,23,14188.52,14188.52,,,,,,1,0,0,3,RF_FUNNEL_BEHAVIOR | RF_MULTIPLE_COUNTERPARTIES | RF_PEP,Activity involves multiple origin countries and elevated transaction frequency. | Customer interacted with multiple counterparties. | Customer is marked with a PEP indicator in the synthetic dataset.,,GENERAL_TRANSACTION_MONITORING,High rule-engine risk; PEP indicator,RULE_HIGH_ML_LOW,STANDARD_REVIEW,PENDING_REVIEW,OPEN,,NO,PENDING_HUMAN_REVIEW
AML-CUST004294,CUST004294,P3,MEDIUM,30.0,24,14627.41,14627.41,,,,,,1,0,0,3,RF_FUNNEL_BEHAVIOR | RF_MULTIPLE_COUNTERPARTIES | RF_PEP,Activity involves multiple origin countries and elevated transaction frequency. | Customer interacted with multiple counterparties. | Customer is marked with a PEP indicator in the synthetic dataset.,transaction_hour | log_amount | customer_min_transaction,GENERAL_TRANSACTION_MONITORING,High rule-engine risk; PEP indicator,RULE_HIGH_ML_LOW,STANDARD_REVIEW,PENDING_REVIEW,OPEN,,NO,PENDING_HUMAN_REVIEW
AML-CUST004383,CUST004383,P3,MEDIUM,30.0,16,11292.07,11292.07,,,,,,1,0,0,3,RF_FUNNEL_BEHAVIOR | RF_MULTIPLE_COUNTERPARTIES | RF_PEP,Activity involves multiple origin countries and elevated transaction frequency. | Customer interacted with multiple counterparties. | Customer is marked with a PEP indicator in the synthetic dataset.,log_amount | channel_transaction_ratio | international_ratio_24h,GENERAL_TRANSACTION_MONITORING,High rule-engine risk; PEP indicator,RULE_HIGH_ML_LOW,STANDARD_REVIEW,PENDING_REVIEW,OPEN,,NO,PENDING_HUMAN_REVIEW
AML-CUST004416,CUST004416,P3,MEDIUM,30.0,23,7696.0,7696.0,,,,,,1,0,0,3,RF_FUNNEL_BEHAVIOR | RF_MULTIPLE_COUNTERPARTIES | RF_PEP,Activity involves multiple origin countries and elevated transaction frequency. | Customer interacted with multiple counterparties. | Customer is marked with a PEP indicator in the synthetic dataset.,,GENERAL_TRANSACTION_MONITORING,High rule-engine risk; PEP indicator,RULE_HIGH_ML_LOW,STANDARD_REVIEW,PENDING_REVIEW,OPEN,,NO,PENDING_HUMAN_REVIEW
AML-CUST004517,CUST004517,P3,MEDIUM,30.0,29,15913.01,15913.01,,,,,,1,0,0,3,RF_FUNNEL_BEHAVIOR | RF_MULTIPLE_COUNTERPARTIES | RF_PEP,Activity involves multiple origin countries and elevated transaction frequency. | Customer interacted with multiple counterparties. | Customer is marked with a PEP indicator in the synthetic dataset.,international_ratio_24h | is_small_cash_transaction | transactions_7d,GENERAL_TRANSACTION_MONITORING,High rule-engine risk; PEP indicator,RULE_HIGH_ML_LOW,STANDARD_REVIEW,PENDING_REVIEW,OPEN,,NO,PENDING_HUMAN_REVIEW
AML-CUST004595,CUST004595,P3,MEDIUM,30.0,18,14415.25,14415.25,,,,,,1,0,0,3,RF_FUNNEL_BEHAVIOR | RF_MULTIPLE_COUNTERPARTIES | RF_PEP,Activity involves multiple origin countries and elevated transaction frequency. | Customer interacted with multiple counterparties. | Customer is marked with a PEP indicator in the synthetic dataset.,,GENERAL_TRANSACTION_MONITORING,High rule-engine risk; PEP indicator,RULE_HIGH_ML_LOW,STANDARD_REVIEW,PENDING_REVIEW,OPEN,,NO,PENDING_HUMAN_REVIEW
AML-CUST004684,CUST004684,P3,MEDIUM,30.0,21,11242.46,11242.46,,,,,,1,0,0,3,RF_FUNNEL_BEHAVIOR | RF_MULTIPLE_COUNTERPARTIES | RF_PEP,Activity involves multiple origin countries and elevated transaction frequency. | Customer interacted with multiple counterparties. | Customer is marked with a PEP indicator in the synthetic dataset.,rapid_transaction_indicator | transaction_hour | is_night_transaction,GENERAL_TRANSACTION_MONITORING,High rule-engine risk; PEP indicator,RULE_HIGH_ML_LOW,STANDARD_REVIEW,PENDING_REVIEW,OPEN,,NO,PENDING_HUMAN_REVIEW
AML-CUST004709,CUST004709,P3,MEDIUM,30.0,21,15758.08,15758.08,,,,,,1,0,0,3,RF_FUNNEL_BEHAVIOR | RF_MULTIPLE_COUNTERPARTIES | RF_PEP,Activity involves multiple origin countries and elevated transaction frequency. | Customer interacted with multiple counterparties. | Customer is marked with a PEP indicator in the synthetic dataset.,,GENERAL_TRANSACTION_MONITORING,High rule-engine risk; PEP indicator,RULE_HIGH_ML_LOW,STANDARD_REVIEW,PENDING_REVIEW,OPEN,,NO,PENDING_HUMAN_REVIEW
AML-CUST004766,CUST004766,P3,MEDIUM,30.0,21,15821.07,15821.07,,,,,,1,0,0,3,RF_FUNNEL_BEHAVIOR | RF_MULTIPLE_COUNTERPARTIES | RF_PEP,Activity involves multiple origin countries and elevated transaction frequency. | Customer interacted with multiple counterparties. | Customer is marked with a PEP indicator in the synthetic dataset.,unique_destination_countries | cash_ratio_24h | amount_vs_customer_average | transaction_hour | international_ratio_24h | channel_transaction_ratio,GENERAL_TRANSACTION_MONITORING,High rule-engine risk; PEP indicator,RULE_HIGH_ML_LOW,STANDARD_REVIEW,PENDING_REVIEW,OPEN,,NO,PENDING_HUMAN_REVIEW
AML-CUST004831,CUST004831,P3,MEDIUM,30.0,19,6796.29,6796.29,,,,,,1,0,0,3,RF_FUNNEL_BEHAVIOR | RF_MULTIPLE_COUNTERPARTIES | RF_PEP,Activity involves multiple origin countries and elevated transaction frequency. | Customer interacted with multiple counterparties. | Customer is marked with a PEP indicator in the synthetic dataset.,amount_vs_customer_max | cash_ratio_24h | is_weekend,GENERAL_TRANSACTION_MONITORING,High rule-engine risk; PEP indicator,RULE_HIGH_ML_LOW,STANDARD_REVIEW,PENDING_REVIEW,OPEN,,NO,PENDING_HUMAN_REVIEW
AML-CUST004856,CUST004856,P3,MEDIUM,30.0,20,11041.81,11041.81,,,,,,1,0,0,3,RF_FUNNEL_BEHAVIOR | RF_MULTIPLE_COUNTERPARTIES | RF_PEP,Activity involves multiple origin countries and elevated transaction frequency. | Customer interacted with multiple counterparties. | Customer is marked with a PEP indicator in the synthetic dataset.,,GENERAL_TRANSACTION_MONITORING,High rule-engine risk; PEP indicator,RULE_HIGH_ML_LOW,STANDARD_REVIEW,PENDING_REVIEW,OPEN,,NO,PENDING_HUMAN_REVIEW
AML-CUST004934,CUST004934,P3,MEDIUM,30.0,26,15114.25,15114.25,,,,,,1,0,0,3,RF_FUNNEL_BEHAVIOR | RF_MULTIPLE_COUNTERPARTIES | RF_PEP,Activity involves multiple origin countries and elevated transaction frequency. | Customer interacted with multiple counterparties. | Customer is marked with a PEP indicator in the synthetic dataset.,,GENERAL_TRANSACTION_MONITORING,High rule-engine risk; PEP indicator,RULE_HIGH_ML_LOW,STANDARD_REVIEW,PENDING_REVIEW,OPEN,,NO,PENDING_HUMAN_REVIEW
AML-CUST004948,CUST004948,P3,MEDIUM,30.0,22,9200.94,9200.94,,,,,,1,0,0,3,RF_FUNNEL_BEHAVIOR | RF_MULTIPLE_COUNTERPARTIES | RF_PEP,Activity involves multiple origin countries and elevated transaction frequency. | Customer interacted with multiple counterparties. | Customer is marked with a PEP indicator in the synthetic dataset.,transaction_hour | is_night_transaction | channel_transaction_ratio,GENERAL_TRANSACTION_MONITORING,High rule-engine risk; PEP indicator,RULE_HIGH_ML_LOW,STANDARD_REVIEW,PENDING_REVIEW,OPEN,,NO,PENDING_HUMAN_REVIEW
AML-CUST004985,CUST004985,P3,MEDIUM,30.0,25,19837.51,19837.51,,,,,,1,0,0,3,RF_FUNNEL_BEHAVIOR | RF_MULTIPLE_COUNTERPARTIES | RF_PEP,Activity involves multiple origin countries and elevated transaction frequency. | Customer interacted with multiple counterparties. | Customer is marked with a PEP indicator in the synthetic dataset.,log_amount | transaction_hour | international_ratio_24h,GENERAL_TRANSACTION_MONITORING,High rule-engine risk; PEP indicator,RULE_HIGH_ML_LOW,STANDARD_REVIEW,PENDING_REVIEW,OPEN,,NO,PENDING_HUMAN_REVIEW
AML-CUST004020,CUST004020,P3,MEDIUM,29.76,2,38698.05,15126.0,,,,,,0,0,0,3,RF_FUNNEL_BEHAVIOR | RF_MULE_BEHAVIOR | RF_MULTIPLE_COUNTERPARTIES,Activity involves multiple origin countries and elevated transaction frequency. | Transaction activity is consistent with the synthetic mule-behavior scenario. | Customer interacted with multiple counterparties.,,GENERAL_TRANSACTION_MONITORING,High rule-engine risk,RULE_HIGH_ML_LOW,STANDARD_REVIEW,PENDING_REVIEW,OPEN,,NO,PENDING_HUMAN_REVIEW
AML-CUST000251,CUST000251,P3,MEDIUM,29.75,1,30793.23,8650.32,,,,,,0,0,0,3,RF_FUNNEL_BEHAVIOR | RF_MULE_BEHAVIOR | RF_MULTIPLE_COUNTERPARTIES,Activity involves multiple origin countries and elevated transaction frequency. | Transaction activity is consistent with the synthetic mule-behavior scenario. | Customer interacted with multiple counterparties.,,GENERAL_TRANSACTION_MONITORING,High rule-engine risk,RULE_HIGH_ML_LOW,STANDARD_REVIEW,PENDING_REVIEW,OPEN,,NO,PENDING_HUMAN_REVIEW
AML-CUST000535,CUST000535,P3,MEDIUM,29.75,1,25560.21,8028.45,,,,,,0,0,0,3,RF_FUNNEL_BEHAVIOR | RF_MULE_BEHAVIOR | RF_MULTIPLE_COUNTERPARTIES,Activity involves multiple origin countries and elevated transaction frequency. | Transaction activity is consistent with the synthetic mule-behavior scenario. | Customer interacted with multiple counterparties.,,GENERAL_TRANSACTION_MONITORING,High rule-engine risk,RULE_HIGH_ML_LOW,STANDARD_REVIEW,PENDING_REVIEW,OPEN,,NO,PENDING_HUMAN_REVIEW
AML-CUST000622,CUST000622,P3,MEDIUM,29.75,1,22045.36,9701.17,,,,,,0,0,0,3,RF_FUNNEL_BEHAVIOR | RF_MULE_BEHAVIOR | RF_MULTIPLE_COUNTERPARTIES,Activity involves multiple origin countries and elevated transaction frequency. | Transaction activity is consistent with the synthetic mule-behavior scenario. | Customer interacted with multiple counterparties.,log_amount | transaction_hour | amount_deviation_from_average,GENERAL_TRANSACTION_MONITORING,High rule-engine risk; Behavioral model drivers: log_amount | transaction_hour | amount_deviation_from_average,RULE_HIGH_ML_LOW,STANDARD_REVIEW,PENDING_REVIEW,OPEN,,NO,PENDING_HUMAN_REVIEW
AML-CUST000739,CUST000739,P3,MEDIUM,29.75,1,24616.95,9910.17,,,,,,0,0,0,3,RF_FUNNEL_BEHAVIOR | RF_MULE_BEHAVIOR | RF_MULTIPLE_COUNTERPARTIES,Activity involves multiple origin countries and elevated transaction frequency. | Transaction activity is consistent with the synthetic mule-behavior scenario. | Customer interacted with multiple counterparties.,,GENERAL_TRANSACTION_MONITORING,High rule-engine risk,RULE_HIGH_ML_LOW,STANDARD_REVIEW,PENDING_REVIEW,OPEN,,NO,PENDING_HUMAN_REVIEW
AML-CUST001107,CUST001107,P3,MEDIUM,29.75,2,24857.39,18104.82,,,,,,0,0,0,3,RF_FUNNEL_BEHAVIOR | RF_MULE_BEHAVIOR | RF_MULTIPLE_COUNTERPARTIES,Activity involves multiple origin countries and elevated transaction frequency. | Transaction activity is consistent with the synthetic mule-behavior scenario. | Customer interacted with multiple counterparties.,,GENERAL_TRANSACTION_MONITORING,High rule-engine risk,RULE_HIGH_ML_LOW,STANDARD_REVIEW,PENDING_REVIEW,OPEN,,NO,PENDING_HUMAN_REVIEW
AML-CUST001112,CUST001112,P3,MEDIUM,29.75,1,18052.61,8854.26,,,,,,0,0,0,3,RF_FUNNEL_BEHAVIOR | RF_MULE_BEHAVIOR | RF_MULTIPLE_COUNTERPARTIES,Activity involves multiple origin countries and elevated transaction frequency. | Transaction activity is consistent with the synthetic mule-behavior scenario. | Customer interacted with multiple counterparties.,,GENERAL_TRANSACTION_MONITORING,High rule-engine risk,RULE_HIGH_ML_LOW,STANDARD_REVIEW,PENDING_REVIEW,OPEN,,NO,PENDING_HUMAN_REVIEW
AML-CUST001129,CUST001129,P3,MEDIUM,29.75,1,27983.74,9089.5,,,,,,0,0,0,3,RF_FUNNEL_BEHAVIOR | RF_MULE_BEHAVIOR | RF_MULTIPLE_COUNTERPARTIES,Activity involves multiple origin countries and elevated transaction frequency. | Transaction activity is consistent with the synthetic mule-behavior scenario. | Customer interacted with multiple counterparties.,,GENERAL_TRANSACTION_MONITORING,High rule-engine risk,RULE_HIGH_ML_LOW,STANDARD_REVIEW,PENDING_REVIEW,OPEN,,NO,PENDING_HUMAN_REVIEW
AML-CUST001311,CUST001311,P3,MEDIUM,29.75,1,26972.18,9050.6,,,,,,0,0,0,3,RF_FUNNEL_BEHAVIOR | RF_MULE_BEHAVIOR | RF_MULTIPLE_COUNTERPARTIES,Activity involves multiple origin countries and elevated transaction frequency. | Transaction activity is consistent with the synthetic mule-behavior scenario. | Customer interacted with multiple counterparties.,,GENERAL_TRANSACTION_MONITORING,High rule-engine risk,RULE_HIGH_ML_LOW,STANDARD_REVIEW,PENDING_REVIEW,OPEN,,NO,PENDING_HUMAN_REVIEW
AML-CUST001327,CUST001327,P3,MEDIUM,29.75,1,21596.04,9479.66,,,,,,0,0,0,3,RF_FUNNEL_BEHAVIOR | RF_MULE_BEHAVIOR | RF_MULTIPLE_COUNTERPARTIES,Activity involves multiple origin countries and elevated transaction frequency. | Transaction activity is consistent with the synthetic mule-behavior scenario. | Customer interacted with multiple counterparties.,,GENERAL_TRANSACTION_MONITORING,High rule-engine risk,RULE_HIGH_ML_LOW,STANDARD_REVIEW,PENDING_REVIEW,OPEN,,NO,PENDING_HUMAN_REVIEW
AML-CUST001388,CUST001388,P3,MEDIUM,29.75,1,61824.71,9101.98,,,,,,0,0,0,3,RF_FUNNEL_BEHAVIOR | RF_MULE_BEHAVIOR | RF_MULTIPLE_COUNTERPARTIES,Activity involves multiple origin countries and elevated transaction frequency. | Transaction activity is consistent with the synthetic mule-behavior scenario. | Customer interacted with multiple counterparties.,,GENERAL_TRANSACTION_MONITORING,High rule-engine risk,RULE_HIGH_ML_LOW,STANDARD_REVIEW,PENDING_REVIEW,OPEN,,NO,PENDING_HUMAN_REVIEW
AML-CUST001946,CUST001946,P3,MEDIUM,29.75,1,24289.26,8646.74,,,,,,0,0,0,3,RF_FUNNEL_BEHAVIOR | RF_MULE_BEHAVIOR | RF_MULTIPLE_COUNTERPARTIES,Activity involves multiple origin countries and elevated transaction frequency. | Transaction activity is consistent with the synthetic mule-behavior scenario. | Customer interacted with multiple counterparties.,,GENERAL_TRANSACTION_MONITORING,High rule-engine risk,RULE_HIGH_ML_LOW,STANDARD_REVIEW,PENDING_REVIEW,OPEN,,NO,PENDING_HUMAN_REVIEW
AML-CUST002098,CUST002098,P3,MEDIUM,29.75,1,26351.12,9619.64,,,,,,0,0,0,3,RF_FUNNEL_BEHAVIOR | RF_MULE_BEHAVIOR | RF_MULTIPLE_COUNTERPARTIES,Activity involves multiple origin countries and elevated transaction frequency. | Transaction activity is consistent with the synthetic mule-behavior scenario. | Customer interacted with multiple counterparties.,,GENERAL_TRANSACTION_MONITORING,High rule-engine risk,RULE_HIGH_ML_LOW,STANDARD_REVIEW,PENDING_REVIEW,OPEN,,NO,PENDING_HUMAN_REVIEW
AML-CUST002192,CUST002192,P3,MEDIUM,29.75,1,26055.02,9489.08,,,,,,0,0,0,3,RF_FUNNEL_BEHAVIOR | RF_MULE_BEHAVIOR | RF_MULTIPLE_COUNTERPARTIES,Activity involves multiple origin countries and elevated transaction frequency. | Transaction activity is consistent with the synthetic mule-behavior scenario. | Customer interacted with multiple counterparties.,,GENERAL_TRANSACTION_MONITORING,High rule-engine risk,RULE_HIGH_ML_LOW,STANDARD_REVIEW,PENDING_REVIEW,OPEN,,NO,PENDING_HUMAN_REVIEW
AML-CUST002741,CUST002741,P3,MEDIUM,29.75,1,19061.65,9763.13,,,,,,0,0,0,3,RF_FUNNEL_BEHAVIOR | RF_MULE_BEHAVIOR | RF_MULTIPLE_COUNTERPARTIES,Activity involves multiple origin countries and elevated transaction frequency. | Transaction activity is consistent with the synthetic mule-behavior scenario. | Customer interacted with multiple counterparties.,,GENERAL_TRANSACTION_MONITORING,High rule-engine risk,RULE_HIGH_ML_LOW,STANDARD_REVIEW,PENDING_REVIEW,OPEN,,NO,PENDING_HUMAN_REVIEW
AML-CUST002848,CUST002848,P3,MEDIUM,29.75,1,25456.31,8643.89,,,,,,0,0,0,3,RF_FUNNEL_BEHAVIOR | RF_MULE_BEHAVIOR | RF_MULTIPLE_COUNTERPARTIES,Activity involves multiple origin countries and elevated transaction frequency. | Transaction activity is consistent with the synthetic mule-behavior scenario. | Customer interacted with multiple counterparties.,,GENERAL_TRANSACTION_MONITORING,High rule-engine risk,RULE_HIGH_ML_LOW,STANDARD_REVIEW,PENDING_REVIEW,OPEN,,NO,PENDING_HUMAN_REVIEW
AML-CUST003181,CUST003181,P3,MEDIUM,29.75,1,66510.61,50000.0,,,,,,0,0,0,3,RF_FUNNEL_BEHAVIOR | RF_MULE_BEHAVIOR | RF_MULTIPLE_COUNTERPARTIES,Activity involves multiple origin countries and elevated transaction frequency. | Transaction activity is consistent with the synthetic mule-behavior scenario. | Customer interacted with multiple counterparties.,amount_deviation_from_average | amount_usd | log_amount,GENERAL_TRANSACTION_MONITORING,High rule-engine risk; Behavioral model drivers: amount_deviation_from_average | amount_usd | log_amount,RULE_HIGH_ML_LOW,STANDARD_REVIEW,PENDING_REVIEW,OPEN,,NO,PENDING_HUMAN_REVIEW
AML-CUST003198,CUST003198,P3,MEDIUM,29.75,1,19801.07,8175.88,,,,,,0,0,0,3,RF_FUNNEL_BEHAVIOR | RF_MULE_BEHAVIOR | RF_MULTIPLE_COUNTERPARTIES,Activity involves multiple origin countries and elevated transaction frequency. | Transaction activity is consistent with the synthetic mule-behavior scenario. | Customer interacted with multiple counterparties.,log_amount | amount_deviation_from_average | amount_usd,GENERAL_TRANSACTION_MONITORING,High rule-engine risk; Behavioral model drivers: log_amount | amount_deviation_from_average | amount_usd,RULE_HIGH_ML_LOW,STANDARD_REVIEW,PENDING_REVIEW,OPEN,,NO,PENDING_HUMAN_REVIEW
AML-CUST003439,CUST003439,P3,MEDIUM,29.75,1,23524.09,8518.51,,,,,,0,0,0,3,RF_FUNNEL_BEHAVIOR | RF_MULE_BEHAVIOR | RF_MULTIPLE_COUNTERPARTIES,Activity involves multiple origin countries and elevated transaction frequency. | Transaction activity is consistent with the synthetic mule-behavior scenario. | Customer interacted with multiple counterparties.,,GENERAL_TRANSACTION_MONITORING,High rule-engine risk,RULE_HIGH_ML_LOW,STANDARD_REVIEW,PENDING_REVIEW,OPEN,,NO,PENDING_HUMAN_REVIEW
AML-CUST003869,CUST003869,P3,MEDIUM,29.75,1,37925.03,9991.18,,,,,,0,0,0,3,RF_FUNNEL_BEHAVIOR | RF_MULE_BEHAVIOR | RF_MULTIPLE_COUNTERPARTIES,Activity involves multiple origin countries and elevated transaction frequency. | Transaction activity is consistent with the synthetic mule-behavior scenario. | Customer interacted with multiple counterparties.,,GENERAL_TRANSACTION_MONITORING,High rule-engine risk,RULE_HIGH_ML_LOW,STANDARD_REVIEW,PENDING_REVIEW,OPEN,,NO,PENDING_HUMAN_REVIEW
AML-CUST003911,CUST003911,P3,MEDIUM,29.75,1,23130.64,9040.27,,,,,,0,0,0,3,RF_FUNNEL_BEHAVIOR | RF_MULE_BEHAVIOR | RF_MULTIPLE_COUNTERPARTIES,Activity involves multiple origin countries and elevated transaction frequency. | Transaction activity is consistent with the synthetic mule-behavior scenario. | Customer interacted with multiple counterparties.,,GENERAL_TRANSACTION_MONITORING,High rule-engine risk,RULE_HIGH_ML_LOW,STANDARD_REVIEW,PENDING_REVIEW,OPEN,,NO,PENDING_HUMAN_REVIEW
AML-CUST004012,CUST004012,P3,MEDIUM,29.75,1,39125.61,9284.3,,,,,,0,0,0,3,RF_FUNNEL_BEHAVIOR | RF_MULE_BEHAVIOR | RF_MULTIPLE_COUNTERPARTIES,Activity involves multiple origin countries and elevated transaction frequency. | Transaction activity is consistent with the synthetic mule-behavior scenario. | Customer interacted with multiple counterparties.,,GENERAL_TRANSACTION_MONITORING,High rule-engine risk,RULE_HIGH_ML_LOW,STANDARD_REVIEW,PENDING_REVIEW,OPEN,,NO,PENDING_HUMAN_REVIEW
AML-CUST004276,CUST004276,P3,MEDIUM,29.75,1,29426.38,8035.03,,,,,,0,0,0,3,RF_FUNNEL_BEHAVIOR | RF_MULE_BEHAVIOR | RF_MULTIPLE_COUNTERPARTIES,Activity involves multiple origin countries and elevated transaction frequency. | Transaction activity is consistent with the synthetic mule-behavior scenario. | Customer interacted with multiple counterparties.,,GENERAL_TRANSACTION_MONITORING,High rule-engine risk,RULE_HIGH_ML_LOW,STANDARD_REVIEW,PENDING_REVIEW,OPEN,,NO,PENDING_HUMAN_REVIEW
AML-CUST004338,CUST004338,P3,MEDIUM,29.75,1,30391.45,9101.06,,,,,,0,0,0,3,RF_FUNNEL_BEHAVIOR | RF_MULE_BEHAVIOR | RF_MULTIPLE_COUNTERPARTIES,Activity involves multiple origin countries and elevated transaction frequency. | Transaction activity is consistent with the synthetic mule-behavior scenario. | Customer interacted with multiple counterparties.,,GENERAL_TRANSACTION_MONITORING,High rule-engine risk,RULE_HIGH_ML_LOW,STANDARD_REVIEW,PENDING_REVIEW,OPEN,,NO,PENDING_HUMAN_REVIEW
AML-CUST004632,CUST004632,P3,MEDIUM,29.75,1,22866.96,8570.12,,,,,,0,0,0,3,RF_FUNNEL_BEHAVIOR | RF_MULE_BEHAVIOR | RF_MULTIPLE_COUNTERPARTIES,Activity involves multiple origin countries and elevated transaction frequency. | Transaction activity is consistent with the synthetic mule-behavior scenario. | Customer interacted with multiple counterparties.,,GENERAL_TRANSACTION_MONITORING,High rule-engine risk,RULE_HIGH_ML_LOW,STANDARD_REVIEW,PENDING_REVIEW,OPEN,,NO,PENDING_HUMAN_REVIEW
AML-CUST004748,CUST004748,P3,MEDIUM,29.75,1,25158.07,8851.53,,,,,,0,0,0,3,RF_FUNNEL_BEHAVIOR | RF_MULE_BEHAVIOR | RF_MULTIPLE_COUNTERPARTIES,Activity involves multiple origin countries and elevated transaction frequency. | Transaction activity is consistent with the synthetic mule-behavior scenario. | Customer interacted with multiple counterparties.,,GENERAL_TRANSACTION_MONITORING,High rule-engine risk,RULE_HIGH_ML_LOW,STANDARD_REVIEW,PENDING_REVIEW,OPEN,,NO,PENDING_HUMAN_REVIEW
AML-CUST004816,CUST004816,P3,MEDIUM,29.75,2,31095.21,18351.05,,,,,,0,0,0,3,RF_FUNNEL_BEHAVIOR | RF_MULE_BEHAVIOR | RF_MULTIPLE_COUNTERPARTIES,Activity involves multiple origin countries and elevated transaction frequency. | Transaction activity is consistent with the synthetic mule-behavior scenario. | Customer interacted with multiple counterparties.,,GENERAL_TRANSACTION_MONITORING,High rule-engine risk,RULE_HIGH_ML_LOW,STANDARD_REVIEW,PENDING_REVIEW,OPEN,,NO,PENDING_HUMAN_REVIEW
AML-CUST004913,CUST004913,P3,MEDIUM,29.75,2,38634.2,22142.85,,,,,,0,0,0,3,RF_FUNNEL_BEHAVIOR | RF_MULE_BEHAVIOR | RF_MULTIPLE_COUNTERPARTIES,Activity involves multiple origin countries and elevated transaction frequency. | Transaction activity is consistent with the synthetic mule-behavior scenario. | Customer interacted with multiple counterparties.,,GENERAL_TRANSACTION_MONITORING,High rule-engine risk,RULE_HIGH_ML_LOW,STANDARD_REVIEW,PENDING_REVIEW,OPEN,,NO,PENDING_HUMAN_REVIEW
AML-CUST004941,CUST004941,P3,MEDIUM,29.75,1,14999.7,8171.05,,,,,,0,0,0,3,RF_FUNNEL_BEHAVIOR | RF_MULE_BEHAVIOR | RF_MULTIPLE_COUNTERPARTIES,Activity involves multiple origin countries and elevated transaction frequency. | Transaction activity is consistent with the synthetic mule-behavior scenario. | Customer interacted with multiple counterparties.,,GENERAL_TRANSACTION_MONITORING,High rule-engine risk,RULE_HIGH_ML_LOW,STANDARD_REVIEW,PENDING_REVIEW,OPEN,,NO,PENDING_HUMAN_REVIEW
AML-CUST002840,CUST002840,P3,MEDIUM,28.97,1,41960.83,8419.12,,,,,,0,0,0,3,RF_FUNNEL_BEHAVIOR | RF_MULE_BEHAVIOR | RF_MULTIPLE_COUNTERPARTIES,Activity involves multiple origin countries and elevated transaction frequency. | Transaction activity is consistent with the synthetic mule-behavior scenario. | Customer interacted with multiple counterparties.,,GENERAL_TRANSACTION_MONITORING,High rule-engine risk,RULE_HIGH_ML_LOW,STANDARD_REVIEW,PENDING_REVIEW,OPEN,,NO,PENDING_HUMAN_REVIEW
AML-CUST000860,CUST000860,P3,MEDIUM,28.25,18,18295.35,18295.35,,,,,,1,0,0,3,RF_FUNNEL_BEHAVIOR | RF_MULTIPLE_COUNTERPARTIES | RF_PEP,Activity involves multiple origin countries and elevated transaction frequency. | Customer interacted with multiple counterparties. | Customer is marked with a PEP indicator in the synthetic dataset.,log_amount | amount_vs_customer_max | amount_deviation_from_average,GENERAL_TRANSACTION_MONITORING,PEP indicator,LOW_RISK_AGREEMENT,STANDARD_REVIEW,PENDING_REVIEW,OPEN,,NO,PENDING_HUMAN_REVIEW
AML-CUST001071,CUST001071,P3,MEDIUM,28.25,23,16508.75,16508.75,,,,,,1,0,0,3,RF_FUNNEL_BEHAVIOR | RF_MULTIPLE_COUNTERPARTIES | RF_PEP,Activity involves multiple origin countries and elevated transaction frequency. | Customer interacted with multiple counterparties. | Customer is marked with a PEP indicator in the synthetic dataset.,log_amount | transaction_hour | international_ratio_24h,GENERAL_TRANSACTION_MONITORING,PEP indicator,LOW_RISK_AGREEMENT,STANDARD_REVIEW,PENDING_REVIEW,OPEN,,NO,PENDING_HUMAN_REVIEW
AML-CUST001625,CUST001625,P3,MEDIUM,28.25,28,21297.26,21297.26,,,,,,1,0,0,3,RF_FUNNEL_BEHAVIOR | RF_MULTIPLE_COUNTERPARTIES | RF_PEP,Activity involves multiple origin countries and elevated transaction frequency. | Customer interacted with multiple counterparties. | Customer is marked with a PEP indicator in the synthetic dataset.,transaction_hour | log_amount | international_ratio_24h | transaction_month | transactions_7d,GENERAL_TRANSACTION_MONITORING,PEP indicator,LOW_RISK_AGREEMENT,STANDARD_REVIEW,PENDING_REVIEW,OPEN,,NO,PENDING_HUMAN_REVIEW
AML-CUST001893,CUST001893,P3,MEDIUM,28.25,25,13355.68,13355.68,,,,,,1,0,0,3,RF_FUNNEL_BEHAVIOR | RF_MULTIPLE_COUNTERPARTIES | RF_PEP,Activity involves multiple origin countries and elevated transaction frequency. | Customer interacted with multiple counterparties. | Customer is marked with a PEP indicator in the synthetic dataset.,transaction_hour | is_night_transaction | transaction_month,GENERAL_TRANSACTION_MONITORING,PEP indicator,LOW_RISK_AGREEMENT,STANDARD_REVIEW,PENDING_REVIEW,OPEN,,NO,PENDING_HUMAN_REVIEW
AML-CUST002944,CUST002944,P3,MEDIUM,28.25,26,17497.66,17497.66,,,,,,1,0,0,3,RF_FUNNEL_BEHAVIOR | RF_MULTIPLE_COUNTERPARTIES | RF_PEP,Activity involves multiple origin countries and elevated transaction frequency. | Customer interacted with multiple counterparties. | Customer is marked with a PEP indicator in the synthetic dataset.,,GENERAL_TRANSACTION_MONITORING,PEP indicator,LOW_RISK_AGREEMENT,STANDARD_REVIEW,PENDING_REVIEW,OPEN,,NO,PENDING_HUMAN_REVIEW
AML-CUST004596,CUST004596,P3,MEDIUM,28.25,23,14161.51,14161.51,,,,,,1,0,0,3,RF_FUNNEL_BEHAVIOR | RF_MULTIPLE_COUNTERPARTIES | RF_PEP,Activity involves multiple origin countries and elevated transaction frequency. | Customer interacted with multiple counterparties. | Customer is marked with a PEP indicator in the synthetic dataset.,transaction_hour | is_night_transaction | international_ratio_24h,GENERAL_TRANSACTION_MONITORING,PEP indicator,LOW_RISK_AGREEMENT,STANDARD_REVIEW,PENDING_REVIEW,OPEN,,NO,PENDING_HUMAN_REVIEW
AML-CUST004729,CUST004729,P3,MEDIUM,28.25,22,17510.69,17510.69,,,,,,1,0,0,3,RF_FUNNEL_BEHAVIOR | RF_MULTIPLE_COUNTERPARTIES | RF_PEP,Activity involves multiple origin countries and elevated transaction frequency. | Customer interacted with multiple counterparties. | Customer is marked with a PEP indicator in the synthetic dataset.,,GENERAL_TRANSACTION_MONITORING,PEP indicator,LOW_RISK_AGREEMENT,STANDARD_REVIEW,PENDING_REVIEW,OPEN,,NO,PENDING_HUMAN_REVIEW
AML-CUST004825,CUST004825,P3,MEDIUM,28.25,33,23137.62,23137.62,,,,,,1,0,0,3,RF_FUNNEL_BEHAVIOR | RF_MULTIPLE_COUNTERPARTIES | RF_PEP,Activity involves multiple origin countries and elevated transaction frequency. | Customer interacted with multiple counterparties. | Customer is marked with a PEP indicator in the synthetic dataset.,log_amount | is_night_transaction | unique_counterparties | international_ratio_24h | transaction_month,GENERAL_TRANSACTION_MONITORING,PEP indicator,LOW_RISK_AGREEMENT,STANDARD_REVIEW,PENDING_REVIEW,OPEN,,NO,PENDING_HUMAN_REVIEW
AML-CUST004897,CUST004897,P3,MEDIUM,28.25,16,6898.16,6898.16,,,,,,1,0,0,3,RF_FUNNEL_BEHAVIOR | RF_MULTIPLE_COUNTERPARTIES | RF_PEP,Activity involves multiple origin countries and elevated transaction frequency. | Customer interacted with multiple counterparties. | Customer is marked with a PEP indicator in the synthetic dataset.,international_ratio_24h | transaction_hour | transaction_month,GENERAL_TRANSACTION_MONITORING,PEP indicator,LOW_RISK_AGREEMENT,STANDARD_REVIEW,PENDING_REVIEW,OPEN,,NO,PENDING_HUMAN_REVIEW
AML-CUST004904,CUST004904,P3,MEDIUM,28.25,21,11709.09,11709.09,,,,,,1,0,0,3,RF_FUNNEL_BEHAVIOR | RF_MULTIPLE_COUNTERPARTIES | RF_PEP,Activity involves multiple origin countries and elevated transaction frequency. | Customer interacted with multiple counterparties. | Customer is marked with a PEP indicator in the synthetic dataset.,,GENERAL_TRANSACTION_MONITORING,PEP indicator,LOW_RISK_AGREEMENT,STANDARD_REVIEW,PENDING_REVIEW,OPEN,,NO,PENDING_HUMAN_REVIEW
AML-CUST000238,CUST000238,P3,MEDIUM,28.0,1,25292.7,8438.93,,,,,,0,0,0,3,RF_FUNNEL_BEHAVIOR | RF_MULE_BEHAVIOR | RF_MULTIPLE_COUNTERPARTIES,Activity involves multiple origin countries and elevated transaction frequency. | Transaction activity is consistent with the synthetic mule-behavior scenario. | Customer interacted with multiple counterparties.,,GENERAL_TRANSACTION_MONITORING,High rule-engine risk,RULE_HIGH_ML_LOW,STANDARD_REVIEW,PENDING_REVIEW,OPEN,,NO,PENDING_HUMAN_REVIEW
AML-CUST000437,CUST000437,P3,MEDIUM,28.0,1,31275.43,8502.35,,,,,,0,0,0,3,RF_FUNNEL_BEHAVIOR | RF_MULE_BEHAVIOR | RF_MULTIPLE_COUNTERPARTIES,Activity involves multiple origin countries and elevated transaction frequency. | Transaction activity is consistent with the synthetic mule-behavior scenario. | Customer interacted with multiple counterparties.,,GENERAL_TRANSACTION_MONITORING,High rule-engine risk,RULE_HIGH_ML_LOW,STANDARD_REVIEW,PENDING_REVIEW,OPEN,,NO,PENDING_HUMAN_REVIEW
AML-CUST000600,CUST000600,P3,MEDIUM,28.0,1,59801.37,39409.52,,,,,,0,0,0,3,RF_FUNNEL_BEHAVIOR | RF_MULE_BEHAVIOR | RF_MULTIPLE_COUNTERPARTIES,Activity involves multiple origin countries and elevated transaction frequency. | Transaction activity is consistent with the synthetic mule-behavior scenario. | Customer interacted with multiple counterparties.,,GENERAL_TRANSACTION_MONITORING,High rule-engine risk,RULE_HIGH_ML_LOW,STANDARD_REVIEW,PENDING_REVIEW,OPEN,,NO,PENDING_HUMAN_REVIEW
AML-CUST000651,CUST000651,P3,MEDIUM,28.0,1,20491.75,8722.93,,,,,,0,0,0,3,RF_FUNNEL_BEHAVIOR | RF_MULE_BEHAVIOR | RF_MULTIPLE_COUNTERPARTIES,Activity involves multiple origin countries and elevated transaction frequency. | Transaction activity is consistent with the synthetic mule-behavior scenario. | Customer interacted with multiple counterparties.,,GENERAL_TRANSACTION_MONITORING,High rule-engine risk,RULE_HIGH_ML_LOW,STANDARD_REVIEW,PENDING_REVIEW,OPEN,,NO,PENDING_HUMAN_REVIEW
AML-CUST000663,CUST000663,P3,MEDIUM,28.0,1,59829.25,49483.34,,,,,,0,0,0,3,RF_FUNNEL_BEHAVIOR | RF_MULE_BEHAVIOR | RF_MULTIPLE_COUNTERPARTIES,Activity involves multiple origin countries and elevated transaction frequency. | Transaction activity is consistent with the synthetic mule-behavior scenario. | Customer interacted with multiple counterparties.,,GENERAL_TRANSACTION_MONITORING,High rule-engine risk,RULE_HIGH_ML_LOW,STANDARD_REVIEW,PENDING_REVIEW,OPEN,,NO,PENDING_HUMAN_REVIEW
AML-CUST000808,CUST000808,P3,MEDIUM,28.0,1,28335.16,8731.28,,,,,,0,0,0,3,RF_FUNNEL_BEHAVIOR | RF_MULE_BEHAVIOR | RF_MULTIPLE_COUNTERPARTIES,Activity involves multiple origin countries and elevated transaction frequency. | Transaction activity is consistent with the synthetic mule-behavior scenario. | Customer interacted with multiple counterparties.,,GENERAL_TRANSACTION_MONITORING,High rule-engine risk,RULE_HIGH_ML_LOW,STANDARD_REVIEW,PENDING_REVIEW,OPEN,,NO,PENDING_HUMAN_REVIEW
AML-CUST001050,CUST001050,P3,MEDIUM,28.0,1,58575.53,49642.54,,,,,,0,0,0,3,RF_FUNNEL_BEHAVIOR | RF_MULE_BEHAVIOR | RF_MULTIPLE_COUNTERPARTIES,Activity involves multiple origin countries and elevated transaction frequency. | Transaction activity is consistent with the synthetic mule-behavior scenario. | Customer interacted with multiple counterparties.,,GENERAL_TRANSACTION_MONITORING,High rule-engine risk,RULE_HIGH_ML_LOW,STANDARD_REVIEW,PENDING_REVIEW,OPEN,,NO,PENDING_HUMAN_REVIEW
AML-CUST001067,CUST001067,P3,MEDIUM,28.0,1,42969.2,33665.72,,,,,,0,0,0,3,RF_FUNNEL_BEHAVIOR | RF_MULE_BEHAVIOR | RF_MULTIPLE_COUNTERPARTIES,Activity involves multiple origin countries and elevated transaction frequency. | Transaction activity is consistent with the synthetic mule-behavior scenario. | Customer interacted with multiple counterparties.,,GENERAL_TRANSACTION_MONITORING,High rule-engine risk,RULE_HIGH_ML_LOW,STANDARD_REVIEW,PENDING_REVIEW,OPEN,,NO,PENDING_HUMAN_REVIEW
AML-CUST001121,CUST001121,P3,MEDIUM,28.0,1,14142.59,8077.99,,,,,,0,0,0,3,RF_FUNNEL_BEHAVIOR | RF_MULE_BEHAVIOR | RF_MULTIPLE_COUNTERPARTIES,Activity involves multiple origin countries and elevated transaction frequency. | Transaction activity is consistent with the synthetic mule-behavior scenario. | Customer interacted with multiple counterparties.,,GENERAL_TRANSACTION_MONITORING,High rule-engine risk,RULE_HIGH_ML_LOW,STANDARD_REVIEW,PENDING_REVIEW,OPEN,,NO,PENDING_HUMAN_REVIEW
AML-CUST001143,CUST001143,P3,MEDIUM,28.0,1,55659.07,42705.68,,,,,,0,0,0,3,RF_FUNNEL_BEHAVIOR | RF_MULE_BEHAVIOR | RF_MULTIPLE_COUNTERPARTIES,Activity involves multiple origin countries and elevated transaction frequency. | Transaction activity is consistent with the synthetic mule-behavior scenario. | Customer interacted with multiple counterparties.,,GENERAL_TRANSACTION_MONITORING,High rule-engine risk,RULE_HIGH_ML_LOW,STANDARD_REVIEW,PENDING_REVIEW,OPEN,,NO,PENDING_HUMAN_REVIEW
AML-CUST001260,CUST001260,P3,MEDIUM,28.0,1,20233.05,9169.69,,,,,,0,0,0,3,RF_FUNNEL_BEHAVIOR | RF_MULE_BEHAVIOR | RF_MULTIPLE_COUNTERPARTIES,Activity involves multiple origin countries and elevated transaction frequency. | Transaction activity is consistent with the synthetic mule-behavior scenario. | Customer interacted with multiple counterparties.,,GENERAL_TRANSACTION_MONITORING,High rule-engine risk,RULE_HIGH_ML_LOW,STANDARD_REVIEW,PENDING_REVIEW,OPEN,,NO,PENDING_HUMAN_REVIEW
AML-CUST001387,CUST001387,P3,MEDIUM,28.0,1,19100.57,9692.18,,,,,,0,0,0,3,RF_FUNNEL_BEHAVIOR | RF_MULE_BEHAVIOR | RF_MULTIPLE_COUNTERPARTIES,Activity involves multiple origin countries and elevated transaction frequency. | Transaction activity is consistent with the synthetic mule-behavior scenario. | Customer interacted with multiple counterparties.,,GENERAL_TRANSACTION_MONITORING,High rule-engine risk,RULE_HIGH_ML_LOW,STANDARD_REVIEW,PENDING_REVIEW,OPEN,,NO,PENDING_HUMAN_REVIEW
AML-CUST001454,CUST001454,P3,MEDIUM,28.0,1,21062.27,8709.23,,,,,,0,0,0,3,RF_FUNNEL_BEHAVIOR | RF_MULE_BEHAVIOR | RF_MULTIPLE_COUNTERPARTIES,Activity involves multiple origin countries and elevated transaction frequency. | Transaction activity is consistent with the synthetic mule-behavior scenario. | Customer interacted with multiple counterparties.,,GENERAL_TRANSACTION_MONITORING,High rule-engine risk,RULE_HIGH_ML_LOW,STANDARD_REVIEW,PENDING_REVIEW,OPEN,,NO,PENDING_HUMAN_REVIEW
AML-CUST001500,CUST001500,P3,MEDIUM,28.0,1,39902.98,34267.08,,,,,,0,0,0,3,RF_FUNNEL_BEHAVIOR | RF_MULE_BEHAVIOR | RF_MULTIPLE_COUNTERPARTIES,Activity involves multiple origin countries and elevated transaction frequency. | Transaction activity is consistent with the synthetic mule-behavior scenario. | Customer interacted with multiple counterparties.,,GENERAL_TRANSACTION_MONITORING,High rule-engine risk,RULE_HIGH_ML_LOW,STANDARD_REVIEW,PENDING_REVIEW,OPEN,,NO,PENDING_HUMAN_REVIEW
AML-CUST001543,CUST001543,P3,MEDIUM,28.0,1,20203.2,8034.42,,,,,,0,0,0,3,RF_FUNNEL_BEHAVIOR | RF_MULE_BEHAVIOR | RF_MULTIPLE_COUNTERPARTIES,Activity involves multiple origin countries and elevated transaction frequency. | Transaction activity is consistent with the synthetic mule-behavior scenario. | Customer interacted with multiple counterparties.,,GENERAL_TRANSACTION_MONITORING,High rule-engine risk,RULE_HIGH_ML_LOW,STANDARD_REVIEW,PENDING_REVIEW,OPEN,,NO,PENDING_HUMAN_REVIEW
AML-CUST001891,CUST001891,P3,MEDIUM,28.0,1,22641.95,8802.58,,,,,,0,0,0,3,RF_FUNNEL_BEHAVIOR | RF_MULE_BEHAVIOR | RF_MULTIPLE_COUNTERPARTIES,Activity involves multiple origin countries and elevated transaction frequency. | Transaction activity is consistent with the synthetic mule-behavior scenario. | Customer interacted with multiple counterparties.,,GENERAL_TRANSACTION_MONITORING,High rule-engine risk,RULE_HIGH_ML_LOW,STANDARD_REVIEW,PENDING_REVIEW,OPEN,,NO,PENDING_HUMAN_REVIEW
AML-CUST001986,CUST001986,P3,MEDIUM,28.0,1,73731.78,37738.13,,,,,,0,0,0,3,RF_FUNNEL_BEHAVIOR | RF_MULE_BEHAVIOR | RF_MULTIPLE_COUNTERPARTIES,Activity involves multiple origin countries and elevated transaction frequency. | Transaction activity is consistent with the synthetic mule-behavior scenario. | Customer interacted with multiple counterparties.,,GENERAL_TRANSACTION_MONITORING,High rule-engine risk,RULE_HIGH_ML_LOW,STANDARD_REVIEW,PENDING_REVIEW,OPEN,,NO,PENDING_HUMAN_REVIEW
AML-CUST002129,CUST002129,P3,MEDIUM,28.0,1,32644.83,8035.45,,,,,,0,0,0,3,RF_FUNNEL_BEHAVIOR | RF_MULE_BEHAVIOR | RF_MULTIPLE_COUNTERPARTIES,Activity involves multiple origin countries and elevated transaction frequency. | Transaction activity is consistent with the synthetic mule-behavior scenario. | Customer interacted with multiple counterparties.,,GENERAL_TRANSACTION_MONITORING,High rule-engine risk,RULE_HIGH_ML_LOW,STANDARD_REVIEW,PENDING_REVIEW,OPEN,,NO,PENDING_HUMAN_REVIEW
AML-CUST002654,CUST002654,P3,MEDIUM,28.0,1,35677.81,9692.35,,,,,,0,0,0,3,RF_FUNNEL_BEHAVIOR | RF_MULE_BEHAVIOR | RF_MULTIPLE_COUNTERPARTIES,Activity involves multiple origin countries and elevated transaction frequency. | Transaction activity is consistent with the synthetic mule-behavior scenario. | Customer interacted with multiple counterparties.,,GENERAL_TRANSACTION_MONITORING,High rule-engine risk,RULE_HIGH_ML_LOW,STANDARD_REVIEW,PENDING_REVIEW,OPEN,,NO,PENDING_HUMAN_REVIEW
AML-CUST002709,CUST002709,P3,MEDIUM,28.0,1,24082.1,8236.08,,,,,,0,0,0,3,RF_FUNNEL_BEHAVIOR | RF_MULE_BEHAVIOR | RF_MULTIPLE_COUNTERPARTIES,Activity involves multiple origin countries and elevated transaction frequency. | Transaction activity is consistent with the synthetic mule-behavior scenario. | Customer interacted with multiple counterparties.,,GENERAL_TRANSACTION_MONITORING,High rule-engine risk,RULE_HIGH_ML_LOW,STANDARD_REVIEW,PENDING_REVIEW,OPEN,,NO,PENDING_HUMAN_REVIEW
AML-CUST002758,CUST002758,P3,MEDIUM,28.0,1,18555.39,9409.2,,,,,,0,0,0,3,RF_FUNNEL_BEHAVIOR | RF_MULE_BEHAVIOR | RF_MULTIPLE_COUNTERPARTIES,Activity involves multiple origin countries and elevated transaction frequency. | Transaction activity is consistent with the synthetic mule-behavior scenario. | Customer interacted with multiple counterparties.,,GENERAL_TRANSACTION_MONITORING,High rule-engine risk,RULE_HIGH_ML_LOW,STANDARD_REVIEW,PENDING_REVIEW,OPEN,,NO,PENDING_HUMAN_REVIEW
AML-CUST002839,CUST002839,P3,MEDIUM,28.0,1,47558.56,25119.16,,,,,,0,0,0,3,RF_FUNNEL_BEHAVIOR | RF_MULE_BEHAVIOR | RF_MULTIPLE_COUNTERPARTIES,Activity involves multiple origin countries and elevated transaction frequency. | Transaction activity is consistent with the synthetic mule-behavior scenario. | Customer interacted with multiple counterparties.,,GENERAL_TRANSACTION_MONITORING,High rule-engine risk,RULE_HIGH_ML_LOW,STANDARD_REVIEW,PENDING_REVIEW,OPEN,,NO,PENDING_HUMAN_REVIEW
AML-CUST002891,CUST002891,P3,MEDIUM,28.0,1,32700.85,8354.63,,,,,,0,0,0,3,RF_FUNNEL_BEHAVIOR | RF_MULE_BEHAVIOR | RF_MULTIPLE_COUNTERPARTIES,Activity involves multiple origin countries and elevated transaction frequency. | Transaction activity is consistent with the synthetic mule-behavior scenario. | Customer interacted with multiple counterparties.,,GENERAL_TRANSACTION_MONITORING,High rule-engine risk,RULE_HIGH_ML_LOW,STANDARD_REVIEW,PENDING_REVIEW,OPEN,,NO,PENDING_HUMAN_REVIEW
AML-CUST002961,CUST002961,P3,MEDIUM,28.0,1,64685.81,27273.67,,,,,,0,0,0,3,RF_FUNNEL_BEHAVIOR | RF_MULE_BEHAVIOR | RF_MULTIPLE_COUNTERPARTIES,Activity involves multiple origin countries and elevated transaction frequency. | Transaction activity is consistent with the synthetic mule-behavior scenario. | Customer interacted with multiple counterparties.,,GENERAL_TRANSACTION_MONITORING,High rule-engine risk,RULE_HIGH_ML_LOW,STANDARD_REVIEW,PENDING_REVIEW,OPEN,,NO,PENDING_HUMAN_REVIEW
AML-CUST003053,CUST003053,P3,MEDIUM,28.0,1,32975.64,9005.6,,,,,,0,0,0,3,RF_FUNNEL_BEHAVIOR | RF_MULE_BEHAVIOR | RF_MULTIPLE_COUNTERPARTIES,Activity involves multiple origin countries and elevated transaction frequency. | Transaction activity is consistent with the synthetic mule-behavior scenario. | Customer interacted with multiple counterparties.,,GENERAL_TRANSACTION_MONITORING,High rule-engine risk,RULE_HIGH_ML_LOW,STANDARD_REVIEW,PENDING_REVIEW,OPEN,,NO,PENDING_HUMAN_REVIEW
AML-CUST003224,CUST003224,P3,MEDIUM,28.0,1,30711.78,8826.13,,,,,,0,0,0,3,RF_FUNNEL_BEHAVIOR | RF_MULE_BEHAVIOR | RF_MULTIPLE_COUNTERPARTIES,Activity involves multiple origin countries and elevated transaction frequency. | Transaction activity is consistent with the synthetic mule-behavior scenario. | Customer interacted with multiple counterparties.,,GENERAL_TRANSACTION_MONITORING,High rule-engine risk,RULE_HIGH_ML_LOW,STANDARD_REVIEW,PENDING_REVIEW,OPEN,,NO,PENDING_HUMAN_REVIEW
AML-CUST003251,CUST003251,P3,MEDIUM,28.0,1,24800.18,9106.07,,,,,,0,0,0,3,RF_FUNNEL_BEHAVIOR | RF_MULE_BEHAVIOR | RF_MULTIPLE_COUNTERPARTIES,Activity involves multiple origin countries and elevated transaction frequency. | Transaction activity is consistent with the synthetic mule-behavior scenario. | Customer interacted with multiple counterparties.,,GENERAL_TRANSACTION_MONITORING,High rule-engine risk,RULE_HIGH_ML_LOW,STANDARD_REVIEW,PENDING_REVIEW,OPEN,,NO,PENDING_HUMAN_REVIEW
AML-CUST003271,CUST003271,P3,MEDIUM,28.0,1,28076.47,9869.25,,,,,,0,0,0,3,RF_FUNNEL_BEHAVIOR | RF_MULE_BEHAVIOR | RF_MULTIPLE_COUNTERPARTIES,Activity involves multiple origin countries and elevated transaction frequency. | Transaction activity is consistent with the synthetic mule-behavior scenario. | Customer interacted with multiple counterparties.,,GENERAL_TRANSACTION_MONITORING,High rule-engine risk,RULE_HIGH_ML_LOW,STANDARD_REVIEW,PENDING_REVIEW,OPEN,,NO,PENDING_HUMAN_REVIEW
AML-CUST003291,CUST003291,P3,MEDIUM,28.0,1,46517.01,32872.95,,,,,,0,0,0,3,RF_FUNNEL_BEHAVIOR | RF_MULE_BEHAVIOR | RF_MULTIPLE_COUNTERPARTIES,Activity involves multiple origin countries and elevated transaction frequency. | Transaction activity is consistent with the synthetic mule-behavior scenario. | Customer interacted with multiple counterparties.,,GENERAL_TRANSACTION_MONITORING,High rule-engine risk,RULE_HIGH_ML_LOW,STANDARD_REVIEW,PENDING_REVIEW,OPEN,,NO,PENDING_HUMAN_REVIEW
AML-CUST003308,CUST003308,P3,MEDIUM,28.0,1,29977.76,9993.69,,,,,,0,0,0,3,RF_FUNNEL_BEHAVIOR | RF_MULE_BEHAVIOR | RF_MULTIPLE_COUNTERPARTIES,Activity involves multiple origin countries and elevated transaction frequency. | Transaction activity is consistent with the synthetic mule-behavior scenario. | Customer interacted with multiple counterparties.,,GENERAL_TRANSACTION_MONITORING,High rule-engine risk,RULE_HIGH_ML_LOW,STANDARD_REVIEW,PENDING_REVIEW,OPEN,,NO,PENDING_HUMAN_REVIEW
AML-CUST003355,CUST003355,P3,MEDIUM,28.0,1,57097.84,50000.0,,,,,,0,0,0,3,RF_FUNNEL_BEHAVIOR | RF_MULE_BEHAVIOR | RF_MULTIPLE_COUNTERPARTIES,Activity involves multiple origin countries and elevated transaction frequency. | Transaction activity is consistent with the synthetic mule-behavior scenario. | Customer interacted with multiple counterparties.,,GENERAL_TRANSACTION_MONITORING,High rule-engine risk,RULE_HIGH_ML_LOW,STANDARD_REVIEW,PENDING_REVIEW,OPEN,,NO,PENDING_HUMAN_REVIEW
AML-CUST003536,CUST003536,P3,MEDIUM,28.0,1,28560.23,8314.44,,,,,,0,0,0,3,RF_FUNNEL_BEHAVIOR | RF_MULE_BEHAVIOR | RF_MULTIPLE_COUNTERPARTIES,Activity involves multiple origin countries and elevated transaction frequency. | Transaction activity is consistent with the synthetic mule-behavior scenario. | Customer interacted with multiple counterparties.,,GENERAL_TRANSACTION_MONITORING,High rule-engine risk,RULE_HIGH_ML_LOW,STANDARD_REVIEW,PENDING_REVIEW,OPEN,,NO,PENDING_HUMAN_REVIEW
AML-CUST003652,CUST003652,P3,MEDIUM,28.0,1,23503.53,8282.95,,,,,,0,0,0,3,RF_FUNNEL_BEHAVIOR | RF_MULE_BEHAVIOR | RF_MULTIPLE_COUNTERPARTIES,Activity involves multiple origin countries and elevated transaction frequency. | Transaction activity is consistent with the synthetic mule-behavior scenario. | Customer interacted with multiple counterparties.,,GENERAL_TRANSACTION_MONITORING,High rule-engine risk,RULE_HIGH_ML_LOW,STANDARD_REVIEW,PENDING_REVIEW,OPEN,,NO,PENDING_HUMAN_REVIEW
AML-CUST003663,CUST003663,P3,MEDIUM,28.0,1,50070.08,41872.72,,,,,,0,0,0,3,RF_FUNNEL_BEHAVIOR | RF_MULE_BEHAVIOR | RF_MULTIPLE_COUNTERPARTIES,Activity involves multiple origin countries and elevated transaction frequency. | Transaction activity is consistent with the synthetic mule-behavior scenario. | Customer interacted with multiple counterparties.,,GENERAL_TRANSACTION_MONITORING,High rule-engine risk,RULE_HIGH_ML_LOW,STANDARD_REVIEW,PENDING_REVIEW,OPEN,,NO,PENDING_HUMAN_REVIEW
AML-CUST003800,CUST003800,P3,MEDIUM,28.0,1,51828.63,32041.18,,,,,,0,0,0,3,RF_FUNNEL_BEHAVIOR | RF_MULE_BEHAVIOR | RF_MULTIPLE_COUNTERPARTIES,Activity involves multiple origin countries and elevated transaction frequency. | Transaction activity is consistent with the synthetic mule-behavior scenario. | Customer interacted with multiple counterparties.,,GENERAL_TRANSACTION_MONITORING,High rule-engine risk,RULE_HIGH_ML_LOW,STANDARD_REVIEW,PENDING_REVIEW,OPEN,,NO,PENDING_HUMAN_REVIEW
AML-CUST003889,CUST003889,P3,MEDIUM,28.0,1,50830.18,42854.71,,,,,,0,0,0,3,RF_FUNNEL_BEHAVIOR | RF_MULE_BEHAVIOR | RF_MULTIPLE_COUNTERPARTIES,Activity involves multiple origin countries and elevated transaction frequency. | Transaction activity is consistent with the synthetic mule-behavior scenario. | Customer interacted with multiple counterparties.,,GENERAL_TRANSACTION_MONITORING,High rule-engine risk,RULE_HIGH_ML_LOW,STANDARD_REVIEW,PENDING_REVIEW,OPEN,,NO,PENDING_HUMAN_REVIEW
AML-CUST003916,CUST003916,P3,MEDIUM,28.0,1,26897.2,9463.43,,,,,,0,0,0,3,RF_FUNNEL_BEHAVIOR | RF_MULE_BEHAVIOR | RF_MULTIPLE_COUNTERPARTIES,Activity involves multiple origin countries and elevated transaction frequency. | Transaction activity is consistent with the synthetic mule-behavior scenario. | Customer interacted with multiple counterparties.,,GENERAL_TRANSACTION_MONITORING,High rule-engine risk,RULE_HIGH_ML_LOW,STANDARD_REVIEW,PENDING_REVIEW,OPEN,,NO,PENDING_HUMAN_REVIEW
AML-CUST003970,CUST003970,P3,MEDIUM,28.0,1,62335.04,41700.17,,,,,,0,0,0,3,RF_FUNNEL_BEHAVIOR | RF_MULE_BEHAVIOR | RF_MULTIPLE_COUNTERPARTIES,Activity involves multiple origin countries and elevated transaction frequency. | Transaction activity is consistent with the synthetic mule-behavior scenario. | Customer interacted with multiple counterparties.,,GENERAL_TRANSACTION_MONITORING,High rule-engine risk,RULE_HIGH_ML_LOW,STANDARD_REVIEW,PENDING_REVIEW,OPEN,,NO,PENDING_HUMAN_REVIEW
AML-CUST004054,CUST004054,P3,MEDIUM,28.0,1,29348.21,8723.91,,,,,,0,0,0,3,RF_FUNNEL_BEHAVIOR | RF_MULE_BEHAVIOR | RF_MULTIPLE_COUNTERPARTIES,Activity involves multiple origin countries and elevated transaction frequency. | Transaction activity is consistent with the synthetic mule-behavior scenario. | Customer interacted with multiple counterparties.,,GENERAL_TRANSACTION_MONITORING,High rule-engine risk,RULE_HIGH_ML_LOW,STANDARD_REVIEW,PENDING_REVIEW,OPEN,,NO,PENDING_HUMAN_REVIEW
AML-CUST004167,CUST004167,P3,MEDIUM,28.0,1,29679.44,8163.62,,,,,,0,0,0,3,RF_FUNNEL_BEHAVIOR | RF_MULE_BEHAVIOR | RF_MULTIPLE_COUNTERPARTIES,Activity involves multiple origin countries and elevated transaction frequency. | Transaction activity is consistent with the synthetic mule-behavior scenario. | Customer interacted with multiple counterparties.,,GENERAL_TRANSACTION_MONITORING,High rule-engine risk,RULE_HIGH_ML_LOW,STANDARD_REVIEW,PENDING_REVIEW,OPEN,,NO,PENDING_HUMAN_REVIEW
AML-CUST004344,CUST004344,P3,MEDIUM,28.0,1,21064.99,9252.58,,,,,,0,0,0,3,RF_FUNNEL_BEHAVIOR | RF_MULE_BEHAVIOR | RF_MULTIPLE_COUNTERPARTIES,Activity involves multiple origin countries and elevated transaction frequency. | Transaction activity is consistent with the synthetic mule-behavior scenario. | Customer interacted with multiple counterparties.,log_amount | amount_deviation_from_average | amount_usd,GENERAL_TRANSACTION_MONITORING,High rule-engine risk; Behavioral model drivers: log_amount | amount_deviation_from_average | amount_usd,RULE_HIGH_ML_LOW,STANDARD_REVIEW,PENDING_REVIEW,OPEN,,NO,PENDING_HUMAN_REVIEW
AML-CUST004411,CUST004411,P3,MEDIUM,28.0,1,23079.83,8105.51,,,,,,0,0,0,3,RF_FUNNEL_BEHAVIOR | RF_MULE_BEHAVIOR | RF_MULTIPLE_COUNTERPARTIES,Activity involves multiple origin countries and elevated transaction frequency. | Transaction activity is consistent with the synthetic mule-behavior scenario. | Customer interacted with multiple counterparties.,,GENERAL_TRANSACTION_MONITORING,High rule-engine risk,RULE_HIGH_ML_LOW,STANDARD_REVIEW,PENDING_REVIEW,OPEN,,NO,PENDING_HUMAN_REVIEW
AML-CUST004461,CUST004461,P3,MEDIUM,28.0,1,47332.26,27317.57,,,,,,0,0,0,3,RF_FUNNEL_BEHAVIOR | RF_MULE_BEHAVIOR | RF_MULTIPLE_COUNTERPARTIES,Activity involves multiple origin countries and elevated transaction frequency. | Transaction activity is consistent with the synthetic mule-behavior scenario. | Customer interacted with multiple counterparties.,,GENERAL_TRANSACTION_MONITORING,High rule-engine risk,RULE_HIGH_ML_LOW,STANDARD_REVIEW,PENDING_REVIEW,OPEN,,NO,PENDING_HUMAN_REVIEW
AML-CUST004482,CUST004482,P3,MEDIUM,28.0,1,19265.14,8347.58,,,,,,0,0,0,3,RF_FUNNEL_BEHAVIOR | RF_MULE_BEHAVIOR | RF_MULTIPLE_COUNTERPARTIES,Activity involves multiple origin countries and elevated transaction frequency. | Transaction activity is consistent with the synthetic mule-behavior scenario. | Customer interacted with multiple counterparties.,,GENERAL_TRANSACTION_MONITORING,High rule-engine risk,RULE_HIGH_ML_LOW,STANDARD_REVIEW,PENDING_REVIEW,OPEN,,NO,PENDING_HUMAN_REVIEW
AML-CUST004750,CUST004750,P3,MEDIUM,28.0,1,34120.5,27315.27,,,,,,0,0,0,3,RF_FUNNEL_BEHAVIOR | RF_MULE_BEHAVIOR | RF_MULTIPLE_COUNTERPARTIES,Activity involves multiple origin countries and elevated transaction frequency. | Transaction activity is consistent with the synthetic mule-behavior scenario. | Customer interacted with multiple counterparties.,,GENERAL_TRANSACTION_MONITORING,High rule-engine risk,RULE_HIGH_ML_LOW,STANDARD_REVIEW,PENDING_REVIEW,OPEN,,NO,PENDING_HUMAN_REVIEW
AML-CUST004759,CUST004759,P3,MEDIUM,28.0,1,58962.38,36258.61,,,,,,0,0,0,3,RF_FUNNEL_BEHAVIOR | RF_MULE_BEHAVIOR | RF_MULTIPLE_COUNTERPARTIES,Activity involves multiple origin countries and elevated transaction frequency. | Transaction activity is consistent with the synthetic mule-behavior scenario. | Customer interacted with multiple counterparties.,,GENERAL_TRANSACTION_MONITORING,High rule-engine risk,RULE_HIGH_ML_LOW,STANDARD_REVIEW,PENDING_REVIEW,OPEN,,NO,PENDING_HUMAN_REVIEW
AML-CUST004855,CUST004855,P3,MEDIUM,28.0,1,28091.36,9429.49,,,,,,0,0,0,3,RF_FUNNEL_BEHAVIOR | RF_MULE_BEHAVIOR | RF_MULTIPLE_COUNTERPARTIES,Activity involves multiple origin countries and elevated transaction frequency. | Transaction activity is consistent with the synthetic mule-behavior scenario. | Customer interacted with multiple counterparties.,,GENERAL_TRANSACTION_MONITORING,High rule-engine risk,RULE_HIGH_ML_LOW,STANDARD_REVIEW,PENDING_REVIEW,OPEN,,NO,PENDING_HUMAN_REVIEW
AML-CUST004857,CUST004857,P3,MEDIUM,28.0,1,76361.93,50000.0,,,,,,0,0,0,3,RF_FUNNEL_BEHAVIOR | RF_MULE_BEHAVIOR | RF_MULTIPLE_COUNTERPARTIES,Activity involves multiple origin countries and elevated transaction frequency. | Transaction activity is consistent with the synthetic mule-behavior scenario. | Customer interacted with multiple counterparties.,,GENERAL_TRANSACTION_MONITORING,High rule-engine risk,RULE_HIGH_ML_LOW,STANDARD_REVIEW,PENDING_REVIEW,OPEN,,NO,PENDING_HUMAN_REVIEW
AML-CUST004995,CUST004995,P3,MEDIUM,28.0,1,24235.11,9562.72,,,,,,0,0,0,3,RF_FUNNEL_BEHAVIOR | RF_MULE_BEHAVIOR | RF_MULTIPLE_COUNTERPARTIES,Activity involves multiple origin countries and elevated transaction frequency. | Transaction activity is consistent with the synthetic mule-behavior scenario. | Customer interacted with multiple counterparties.,,GENERAL_TRANSACTION_MONITORING,High rule-engine risk,RULE_HIGH_ML_LOW,STANDARD_REVIEW,PENDING_REVIEW,OPEN,,NO,PENDING_HUMAN_REVIEW
AML-CUST004777,CUST004777,P3,MEDIUM,26.86,1,27438.38,5413.5,,,,,,0,0,0,2,RF_MULE_BEHAVIOR | RF_MULTIPLE_COUNTERPARTIES,Transaction activity is consistent with the synthetic mule-behavior scenario. | Customer interacted with multiple counterparties.,,GENERAL_TRANSACTION_MONITORING,Low-level monitoring signal,LOW_RISK_AGREEMENT,STANDARD_REVIEW,PENDING_REVIEW,OPEN,,NO,PENDING_HUMAN_REVIEW
AML-CUST000193,CUST000193,P3,MEDIUM,26.75,17,20621.06,12623.88,,,,,,0,0,1,3,RF_ADVERSE_MEDIA | RF_FUNNEL_BEHAVIOR | RF_MULTIPLE_COUNTERPARTIES,Customer has an adverse-media indicator in the synthetic dataset. | Activity involves multiple origin countries and elevated transaction frequency. | Customer interacted with multiple counterparties.,,GENERAL_TRANSACTION_MONITORING,High rule-engine risk; Adverse media indicator,RULE_HIGH_ML_LOW,STANDARD_REVIEW,PENDING_REVIEW,OPEN,,NO,PENDING_HUMAN_REVIEW
AML-CUST000303,CUST000303,P3,MEDIUM,26.75,17,23113.72,15499.73,,,,,,0,0,1,3,RF_ADVERSE_MEDIA | RF_FUNNEL_BEHAVIOR | RF_MULTIPLE_COUNTERPARTIES,Customer has an adverse-media indicator in the synthetic dataset. | Activity involves multiple origin countries and elevated transaction frequency. | Customer interacted with multiple counterparties.,,GENERAL_TRANSACTION_MONITORING,High rule-engine risk; Adverse media indicator,RULE_HIGH_ML_LOW,STANDARD_REVIEW,PENDING_REVIEW,OPEN,,NO,PENDING_HUMAN_REVIEW
AML-CUST000335,CUST000335,P3,MEDIUM,26.75,17,27756.24,20467.72,,,,,,0,0,1,3,RF_ADVERSE_MEDIA | RF_FUNNEL_BEHAVIOR | RF_MULTIPLE_COUNTERPARTIES,Customer has an adverse-media indicator in the synthetic dataset. | Activity involves multiple origin countries and elevated transaction frequency. | Customer interacted with multiple counterparties.,,GENERAL_TRANSACTION_MONITORING,High rule-engine risk; Adverse media indicator,RULE_HIGH_ML_LOW,STANDARD_REVIEW,PENDING_REVIEW,OPEN,,NO,PENDING_HUMAN_REVIEW
AML-CUST000355,CUST000355,P3,MEDIUM,26.75,17,13432.6,9515.26,,,,,,0,0,1,3,RF_ADVERSE_MEDIA | RF_FUNNEL_BEHAVIOR | RF_MULTIPLE_COUNTERPARTIES,Customer has an adverse-media indicator in the synthetic dataset. | Activity involves multiple origin countries and elevated transaction frequency. | Customer interacted with multiple counterparties.,log_amount | transaction_month | adverse_media_flag,GENERAL_TRANSACTION_MONITORING,High rule-engine risk; Adverse media indicator,RULE_HIGH_ML_LOW,STANDARD_REVIEW,PENDING_REVIEW,OPEN,,NO,PENDING_HUMAN_REVIEW
AML-CUST000383,CUST000383,P3,MEDIUM,26.75,12,18666.61,8935.62,,,,,,0,0,1,3,RF_ADVERSE_MEDIA | RF_FUNNEL_BEHAVIOR | RF_MULTIPLE_COUNTERPARTIES,Customer has an adverse-media indicator in the synthetic dataset. | Activity involves multiple origin countries and elevated transaction frequency. | Customer interacted with multiple counterparties.,,GENERAL_TRANSACTION_MONITORING,High rule-engine risk; Adverse media indicator,RULE_HIGH_ML_LOW,STANDARD_REVIEW,PENDING_REVIEW,OPEN,,NO,PENDING_HUMAN_REVIEW
AML-CUST000411,CUST000411,P3,MEDIUM,26.75,10,11163.06,6993.25,,,,,,0,0,1,3,RF_ADVERSE_MEDIA | RF_FUNNEL_BEHAVIOR | RF_MULTIPLE_COUNTERPARTIES,Customer has an adverse-media indicator in the synthetic dataset. | Activity involves multiple origin countries and elevated transaction frequency. | Customer interacted with multiple counterparties.,,GENERAL_TRANSACTION_MONITORING,High rule-engine risk; Adverse media indicator,RULE_HIGH_ML_LOW,STANDARD_REVIEW,PENDING_REVIEW,OPEN,,NO,PENDING_HUMAN_REVIEW
AML-CUST000454,CUST000454,P3,MEDIUM,26.75,14,13086.44,8152.47,,,,,,0,0,1,3,RF_ADVERSE_MEDIA | RF_FUNNEL_BEHAVIOR | RF_MULTIPLE_COUNTERPARTIES,Customer has an adverse-media indicator in the synthetic dataset. | Activity involves multiple origin countries and elevated transaction frequency. | Customer interacted with multiple counterparties.,,GENERAL_TRANSACTION_MONITORING,High rule-engine risk; Adverse media indicator,RULE_HIGH_ML_LOW,STANDARD_REVIEW,PENDING_REVIEW,OPEN,,NO,PENDING_HUMAN_REVIEW
AML-CUST000473,CUST000473,P3,MEDIUM,26.75,16,11365.72,6239.29,,,,,,0,0,1,3,RF_ADVERSE_MEDIA | RF_FUNNEL_BEHAVIOR | RF_MULTIPLE_COUNTERPARTIES,Customer has an adverse-media indicator in the synthetic dataset. | Activity involves multiple origin countries and elevated transaction frequency. | Customer interacted with multiple counterparties.,,GENERAL_TRANSACTION_MONITORING,High rule-engine risk; Adverse media indicator,RULE_HIGH_ML_LOW,STANDARD_REVIEW,PENDING_REVIEW,OPEN,,NO,PENDING_HUMAN_REVIEW
AML-CUST000504,CUST000504,P3,MEDIUM,26.75,8,8581.88,2583.02,,,,,,0,0,1,3,RF_ADVERSE_MEDIA | RF_FUNNEL_BEHAVIOR | RF_MULTIPLE_COUNTERPARTIES,Customer has an adverse-media indicator in the synthetic dataset. | Activity involves multiple origin countries and elevated transaction frequency. | Customer interacted with multiple counterparties.,channel_transaction_ratio | adverse_media_flag | channel_transaction_count,GENERAL_TRANSACTION_MONITORING,High rule-engine risk; Adverse media indicator,RULE_HIGH_ML_LOW,STANDARD_REVIEW,PENDING_REVIEW,OPEN,,NO,PENDING_HUMAN_REVIEW
AML-CUST000528,CUST000528,P3,MEDIUM,26.75,20,22144.75,18264.41,,,,,,0,0,1,3,RF_ADVERSE_MEDIA | RF_FUNNEL_BEHAVIOR | RF_MULTIPLE_COUNTERPARTIES,Customer has an adverse-media indicator in the synthetic dataset. | Activity involves multiple origin countries and elevated transaction frequency. | Customer interacted with multiple counterparties.,log_amount | amount_vs_customer_max | transaction_month,GENERAL_TRANSACTION_MONITORING,High rule-engine risk; Adverse media indicator,RULE_HIGH_ML_LOW,STANDARD_REVIEW,PENDING_REVIEW,OPEN,,NO,PENDING_HUMAN_REVIEW
AML-CUST000562,CUST000562,P3,MEDIUM,26.75,11,15386.71,9508.18,,,,,,0,0,1,3,RF_ADVERSE_MEDIA | RF_FUNNEL_BEHAVIOR | RF_MULTIPLE_COUNTERPARTIES,Customer has an adverse-media indicator in the synthetic dataset. | Activity involves multiple origin countries and elevated transaction frequency. | Customer interacted with multiple counterparties.,,GENERAL_TRANSACTION_MONITORING,High rule-engine risk; Adverse media indicator,RULE_HIGH_ML_LOW,STANDARD_REVIEW,PENDING_REVIEW,OPEN,,NO,PENDING_HUMAN_REVIEW
AML-CUST000594,CUST000594,P3,MEDIUM,26.75,12,13872.38,11959.51,,,,,,0,0,1,3,RF_ADVERSE_MEDIA | RF_FUNNEL_BEHAVIOR | RF_MULTIPLE_COUNTERPARTIES,Customer has an adverse-media indicator in the synthetic dataset. | Activity involves multiple origin countries and elevated transaction frequency. | Customer interacted with multiple counterparties.,,GENERAL_TRANSACTION_MONITORING,High rule-engine risk; Adverse media indicator,RULE_HIGH_ML_LOW,STANDARD_REVIEW,PENDING_REVIEW,OPEN,,NO,PENDING_HUMAN_REVIEW
AML-CUST000611,CUST000611,P3,MEDIUM,26.75,17,10442.81,8253.69,,,,,,0,0,1,3,RF_ADVERSE_MEDIA | RF_FUNNEL_BEHAVIOR | RF_MULTIPLE_COUNTERPARTIES,Customer has an adverse-media indicator in the synthetic dataset. | Activity involves multiple origin countries and elevated transaction frequency. | Customer interacted with multiple counterparties.,log_amount | amount_vs_customer_max | transaction_hour,GENERAL_TRANSACTION_MONITORING,High rule-engine risk; Adverse media indicator,RULE_HIGH_ML_LOW,STANDARD_REVIEW,PENDING_REVIEW,OPEN,,NO,PENDING_HUMAN_REVIEW
AML-CUST000642,CUST000642,P3,MEDIUM,26.75,17,24254.93,18746.88,,,,,,0,0,1,3,RF_ADVERSE_MEDIA | RF_FUNNEL_BEHAVIOR | RF_MULTIPLE_COUNTERPARTIES,Customer has an adverse-media indicator in the synthetic dataset. | Activity involves multiple origin countries and elevated transaction frequency. | Customer interacted with multiple counterparties.,,GENERAL_TRANSACTION_MONITORING,High rule-engine risk; Adverse media indicator,RULE_HIGH_ML_LOW,STANDARD_REVIEW,PENDING_REVIEW,OPEN,,NO,PENDING_HUMAN_REVIEW
AML-CUST000668,CUST000668,P3,MEDIUM,26.75,12,20664.3,5762.97,,,,,,0,0,1,3,RF_ADVERSE_MEDIA | RF_FUNNEL_BEHAVIOR | RF_MULTIPLE_COUNTERPARTIES,Customer has an adverse-media indicator in the synthetic dataset. | Activity involves multiple origin countries and elevated transaction frequency. | Customer interacted with multiple counterparties.,,GENERAL_TRANSACTION_MONITORING,High rule-engine risk; Adverse media indicator,RULE_HIGH_ML_LOW,STANDARD_REVIEW,PENDING_REVIEW,OPEN,,NO,PENDING_HUMAN_REVIEW
AML-CUST000704,CUST000704,P3,MEDIUM,26.75,13,7779.78,5408.94,,,,,,0,0,1,3,RF_ADVERSE_MEDIA | RF_FUNNEL_BEHAVIOR | RF_MULTIPLE_COUNTERPARTIES,Customer has an adverse-media indicator in the synthetic dataset. | Activity involves multiple origin countries and elevated transaction frequency. | Customer interacted with multiple counterparties.,,GENERAL_TRANSACTION_MONITORING,High rule-engine risk; Adverse media indicator,RULE_HIGH_ML_LOW,STANDARD_REVIEW,PENDING_REVIEW,OPEN,,NO,PENDING_HUMAN_REVIEW
AML-CUST000713,CUST000713,P3,MEDIUM,26.75,9,7779.84,4257.85,,,,,,0,0,1,3,RF_ADVERSE_MEDIA | RF_FUNNEL_BEHAVIOR | RF_MULTIPLE_COUNTERPARTIES,Customer has an adverse-media indicator in the synthetic dataset. | Activity involves multiple origin countries and elevated transaction frequency. | Customer interacted with multiple counterparties.,,GENERAL_TRANSACTION_MONITORING,High rule-engine risk; Adverse media indicator,RULE_HIGH_ML_LOW,STANDARD_REVIEW,PENDING_REVIEW,OPEN,,NO,PENDING_HUMAN_REVIEW
AML-CUST000738,CUST000738,P3,MEDIUM,26.75,29,22014.55,19064.81,,,,,,0,0,1,3,RF_ADVERSE_MEDIA | RF_FUNNEL_BEHAVIOR | RF_MULTIPLE_COUNTERPARTIES,Customer has an adverse-media indicator in the synthetic dataset. | Activity involves multiple origin countries and elevated transaction frequency. | Customer interacted with multiple counterparties.,transaction_hour | is_night_transaction | is_small_cash_transaction | international_ratio_24h | unique_counterparties | transaction_month,GENERAL_TRANSACTION_MONITORING,High rule-engine risk; Adverse media indicator,RULE_HIGH_ML_LOW,STANDARD_REVIEW,PENDING_REVIEW,OPEN,,NO,PENDING_HUMAN_REVIEW
AML-CUST000815,CUST000815,P3,MEDIUM,26.75,16,17709.96,7069.41,,,,,,0,0,1,3,RF_ADVERSE_MEDIA | RF_FUNNEL_BEHAVIOR | RF_MULTIPLE_COUNTERPARTIES,Customer has an adverse-media indicator in the synthetic dataset. | Activity involves multiple origin countries and elevated transaction frequency. | Customer interacted with multiple counterparties.,transaction_hour | log_amount | is_night_transaction,GENERAL_TRANSACTION_MONITORING,High rule-engine risk; Adverse media indicator,RULE_HIGH_ML_LOW,STANDARD_REVIEW,PENDING_REVIEW,OPEN,,NO,PENDING_HUMAN_REVIEW
AML-CUST000909,CUST000909,P3,MEDIUM,26.75,16,22970.87,12884.1,,,,,,0,0,1,3,RF_ADVERSE_MEDIA | RF_FUNNEL_BEHAVIOR | RF_MULTIPLE_COUNTERPARTIES,Customer has an adverse-media indicator in the synthetic dataset. | Activity involves multiple origin countries and elevated transaction frequency. | Customer interacted with multiple counterparties.,,GENERAL_TRANSACTION_MONITORING,High rule-engine risk; Adverse media indicator,RULE_HIGH_ML_LOW,STANDARD_REVIEW,PENDING_REVIEW,OPEN,,NO,PENDING_HUMAN_REVIEW
AML-CUST000947,CUST000947,P3,MEDIUM,26.75,10,11335.85,6210.59,,,,,,0,0,1,3,RF_ADVERSE_MEDIA | RF_FUNNEL_BEHAVIOR | RF_MULTIPLE_COUNTERPARTIES,Customer has an adverse-media indicator in the synthetic dataset. | Activity involves multiple origin countries and elevated transaction frequency. | Customer interacted with multiple counterparties.,log_amount | transaction_hour | amount_vs_customer_max,GENERAL_TRANSACTION_MONITORING,High rule-engine risk; Adverse media indicator,RULE_HIGH_ML_LOW,STANDARD_REVIEW,PENDING_REVIEW,OPEN,,NO,PENDING_HUMAN_REVIEW
AML-CUST000954,CUST000954,P3,MEDIUM,26.75,12,10847.15,6014.66,,,,,,0,0,1,3,RF_ADVERSE_MEDIA | RF_FUNNEL_BEHAVIOR | RF_MULTIPLE_COUNTERPARTIES,Customer has an adverse-media indicator in the synthetic dataset. | Activity involves multiple origin countries and elevated transaction frequency. | Customer interacted with multiple counterparties.,transaction_month | adverse_media_flag | log_amount,GENERAL_TRANSACTION_MONITORING,High rule-engine risk; Adverse media indicator,RULE_HIGH_ML_LOW,STANDARD_REVIEW,PENDING_REVIEW,OPEN,,NO,PENDING_HUMAN_REVIEW
AML-CUST000960,CUST000960,P3,MEDIUM,26.75,15,19396.39,12005.38,,,,,,0,0,1,3,RF_ADVERSE_MEDIA | RF_FUNNEL_BEHAVIOR | RF_MULTIPLE_COUNTERPARTIES,Customer has an adverse-media indicator in the synthetic dataset. | Activity involves multiple origin countries and elevated transaction frequency. | Customer interacted with multiple counterparties.,,GENERAL_TRANSACTION_MONITORING,High rule-engine risk; Adverse media indicator,RULE_HIGH_ML_LOW,STANDARD_REVIEW,PENDING_REVIEW,OPEN,,NO,PENDING_HUMAN_REVIEW
AML-CUST001009,CUST001009,P3,MEDIUM,26.75,10,13560.98,10243.55,,,,,,0,0,1,3,RF_ADVERSE_MEDIA | RF_FUNNEL_BEHAVIOR | RF_MULTIPLE_COUNTERPARTIES,Customer has an adverse-media indicator in the synthetic dataset. | Activity involves multiple origin countries and elevated transaction frequency. | Customer interacted with multiple counterparties.,log_amount | amount_deviation_from_average | amount_vs_customer_max,GENERAL_TRANSACTION_MONITORING,High rule-engine risk; Adverse media indicator; Behavioral model drivers: log_amount | amount_deviation_from_average | amount_vs_customer_max,RULE_HIGH_ML_LOW,STANDARD_REVIEW,PENDING_REVIEW,OPEN,,NO,PENDING_HUMAN_REVIEW
AML-CUST001083,CUST001083,P3,MEDIUM,26.75,19,24054.32,9946.86,,,,,,0,0,1,3,RF_ADVERSE_MEDIA | RF_FUNNEL_BEHAVIOR | RF_MULTIPLE_COUNTERPARTIES,Customer has an adverse-media indicator in the synthetic dataset. | Activity involves multiple origin countries and elevated transaction frequency. | Customer interacted with multiple counterparties.,adverse_media_flag | unique_counterparties | customer_total_transactions | log_amount,GENERAL_TRANSACTION_MONITORING,High rule-engine risk; Adverse media indicator,RULE_HIGH_ML_LOW,STANDARD_REVIEW,PENDING_REVIEW,OPEN,,NO,PENDING_HUMAN_REVIEW
AML-CUST001089,CUST001089,P3,MEDIUM,26.75,11,12952.78,5599.68,,,,,,0,0,1,3,RF_ADVERSE_MEDIA | RF_FUNNEL_BEHAVIOR | RF_MULTIPLE_COUNTERPARTIES,Customer has an adverse-media indicator in the synthetic dataset. | Activity involves multiple origin countries and elevated transaction frequency. | Customer interacted with multiple counterparties.,,GENERAL_TRANSACTION_MONITORING,High rule-engine risk; Adverse media indicator,RULE_HIGH_ML_LOW,STANDARD_REVIEW,PENDING_REVIEW,OPEN,,NO,PENDING_HUMAN_REVIEW
AML-CUST001105,CUST001105,P3,MEDIUM,26.75,13,8500.94,4294.54,,,,,,0,0,1,3,RF_ADVERSE_MEDIA | RF_FUNNEL_BEHAVIOR | RF_MULTIPLE_COUNTERPARTIES,Customer has an adverse-media indicator in the synthetic dataset. | Activity involves multiple origin countries and elevated transaction frequency. | Customer interacted with multiple counterparties.,transaction_hour | is_night_transaction | adverse_media_flag,GENERAL_TRANSACTION_MONITORING,High rule-engine risk; Adverse media indicator,RULE_HIGH_ML_LOW,STANDARD_REVIEW,PENDING_REVIEW,OPEN,,NO,PENDING_HUMAN_REVIEW
AML-CUST001124,CUST001124,P3,MEDIUM,26.75,14,19874.24,11819.83,,,,,,0,0,1,3,RF_ADVERSE_MEDIA | RF_FUNNEL_BEHAVIOR | RF_MULTIPLE_COUNTERPARTIES,Customer has an adverse-media indicator in the synthetic dataset. | Activity involves multiple origin countries and elevated transaction frequency. | Customer interacted with multiple counterparties.,adverse_media_flag | customer_min_transaction | cash_ratio_24h,GENERAL_TRANSACTION_MONITORING,High rule-engine risk; Adverse media indicator,RULE_HIGH_ML_LOW,STANDARD_REVIEW,PENDING_REVIEW,OPEN,,NO,PENDING_HUMAN_REVIEW
AML-CUST001150,CUST001150,P3,MEDIUM,26.75,23,20918.76,13044.83,,,,,,0,0,1,3,RF_ADVERSE_MEDIA | RF_FUNNEL_BEHAVIOR | RF_MULTIPLE_COUNTERPARTIES,Customer has an adverse-media indicator in the synthetic dataset. | Activity involves multiple origin countries and elevated transaction frequency. | Customer interacted with multiple counterparties.,,GENERAL_TRANSACTION_MONITORING,High rule-engine risk; Adverse media indicator,RULE_HIGH_ML_LOW,STANDARD_REVIEW,PENDING_REVIEW,OPEN,,NO,PENDING_HUMAN_REVIEW
AML-CUST001161,CUST001161,P3,MEDIUM,26.75,11,11495.17,3333.12,,,,,,0,0,1,3,RF_ADVERSE_MEDIA | RF_FUNNEL_BEHAVIOR | RF_MULTIPLE_COUNTERPARTIES,Customer has an adverse-media indicator in the synthetic dataset. | Activity involves multiple origin countries and elevated transaction frequency. | Customer interacted with multiple counterparties.,,GENERAL_TRANSACTION_MONITORING,High rule-engine risk; Adverse media indicator,RULE_HIGH_ML_LOW,STANDARD_REVIEW,PENDING_REVIEW,OPEN,,NO,PENDING_HUMAN_REVIEW
AML-CUST001175,CUST001175,P3,MEDIUM,26.75,10,8594.08,5309.84,,,,,,0,0,1,3,RF_ADVERSE_MEDIA | RF_FUNNEL_BEHAVIOR | RF_MULTIPLE_COUNTERPARTIES,Customer has an adverse-media indicator in the synthetic dataset. | Activity involves multiple origin countries and elevated transaction frequency. | Customer interacted with multiple counterparties.,,GENERAL_TRANSACTION_MONITORING,High rule-engine risk; Adverse media indicator,RULE_HIGH_ML_LOW,STANDARD_REVIEW,PENDING_REVIEW,OPEN,,NO,PENDING_HUMAN_REVIEW
AML-CUST001199,CUST001199,P3,MEDIUM,26.75,16,17253.26,8793.71,,,,,,0,0,1,3,RF_ADVERSE_MEDIA | RF_FUNNEL_BEHAVIOR | RF_MULTIPLE_COUNTERPARTIES,Customer has an adverse-media indicator in the synthetic dataset. | Activity involves multiple origin countries and elevated transaction frequency. | Customer interacted with multiple counterparties.,,GENERAL_TRANSACTION_MONITORING,High rule-engine risk; Adverse media indicator,RULE_HIGH_ML_LOW,STANDARD_REVIEW,PENDING_REVIEW,OPEN,,NO,PENDING_HUMAN_REVIEW
AML-CUST001215,CUST001215,P3,MEDIUM,26.75,12,12708.06,8219.84,,,,,,0,0,1,3,RF_ADVERSE_MEDIA | RF_FUNNEL_BEHAVIOR | RF_MULTIPLE_COUNTERPARTIES,Customer has an adverse-media indicator in the synthetic dataset. | Activity involves multiple origin countries and elevated transaction frequency. | Customer interacted with multiple counterparties.,transaction_month | adverse_media_flag | customer_min_transaction,GENERAL_TRANSACTION_MONITORING,High rule-engine risk; Adverse media indicator,RULE_HIGH_ML_LOW,STANDARD_REVIEW,PENDING_REVIEW,OPEN,,NO,PENDING_HUMAN_REVIEW
AML-CUST001271,CUST001271,P3,MEDIUM,26.75,22,14113.77,10441.13,,,,,,0,0,1,3,RF_ADVERSE_MEDIA | RF_FUNNEL_BEHAVIOR | RF_MULTIPLE_COUNTERPARTIES,Customer has an adverse-media indicator in the synthetic dataset. | Activity involves multiple origin countries and elevated transaction frequency. | Customer interacted with multiple counterparties.,international_ratio_24h | is_small_cash_transaction | adverse_media_flag,GENERAL_TRANSACTION_MONITORING,High rule-engine risk; Adverse media indicator,RULE_HIGH_ML_LOW,STANDARD_REVIEW,PENDING_REVIEW,OPEN,,NO,PENDING_HUMAN_REVIEW
AML-CUST001303,CUST001303,P3,MEDIUM,26.75,16,19185.08,12451.89,,,,,,0,0,1,3,RF_ADVERSE_MEDIA | RF_FUNNEL_BEHAVIOR | RF_MULTIPLE_COUNTERPARTIES,Customer has an adverse-media indicator in the synthetic dataset. | Activity involves multiple origin countries and elevated transaction frequency. | Customer interacted with multiple counterparties.,transaction_month | channel_transaction_ratio | log_amount,GENERAL_TRANSACTION_MONITORING,High rule-engine risk; Adverse media indicator,RULE_HIGH_ML_LOW,STANDARD_REVIEW,PENDING_REVIEW,OPEN,,NO,PENDING_HUMAN_REVIEW
AML-CUST001307,CUST001307,P3,MEDIUM,26.75,14,20050.33,11651.25,,,,,,0,0,1,3,RF_ADVERSE_MEDIA | RF_FUNNEL_BEHAVIOR | RF_MULTIPLE_COUNTERPARTIES,Customer has an adverse-media indicator in the synthetic dataset. | Activity involves multiple origin countries and elevated transaction frequency. | Customer interacted with multiple counterparties.,,GENERAL_TRANSACTION_MONITORING,High rule-engine risk; Adverse media indicator,RULE_HIGH_ML_LOW,STANDARD_REVIEW,PENDING_REVIEW,OPEN,,NO,PENDING_HUMAN_REVIEW
AML-CUST001320,CUST001320,P3,MEDIUM,26.75,12,13632.18,5915.57,,,,,,0,0,1,3,RF_ADVERSE_MEDIA | RF_FUNNEL_BEHAVIOR | RF_MULTIPLE_COUNTERPARTIES,Customer has an adverse-media indicator in the synthetic dataset. | Activity involves multiple origin countries and elevated transaction frequency. | Customer interacted with multiple counterparties.,,GENERAL_TRANSACTION_MONITORING,High rule-engine risk; Adverse media indicator,RULE_HIGH_ML_LOW,STANDARD_REVIEW,PENDING_REVIEW,OPEN,,NO,PENDING_HUMAN_REVIEW
AML-CUST001394,CUST001394,P3,MEDIUM,26.75,15,15241.9,10498.61,,,,,,0,0,1,3,RF_ADVERSE_MEDIA | RF_FUNNEL_BEHAVIOR | RF_MULTIPLE_COUNTERPARTIES,Customer has an adverse-media indicator in the synthetic dataset. | Activity involves multiple origin countries and elevated transaction frequency. | Customer interacted with multiple counterparties.,,GENERAL_TRANSACTION_MONITORING,High rule-engine risk; Adverse media indicator,RULE_HIGH_ML_LOW,STANDARD_REVIEW,PENDING_REVIEW,OPEN,,NO,PENDING_HUMAN_REVIEW
AML-CUST001507,CUST001507,P3,MEDIUM,26.75,15,22133.46,16647.27,,,,,,0,0,1,3,RF_ADVERSE_MEDIA | RF_FUNNEL_BEHAVIOR | RF_MULTIPLE_COUNTERPARTIES,Customer has an adverse-media indicator in the synthetic dataset. | Activity involves multiple origin countries and elevated transaction frequency. | Customer interacted with multiple counterparties.,,GENERAL_TRANSACTION_MONITORING,High rule-engine risk; Adverse media indicator,RULE_HIGH_ML_LOW,STANDARD_REVIEW,PENDING_REVIEW,OPEN,,NO,PENDING_HUMAN_REVIEW
AML-CUST001516,CUST001516,P3,MEDIUM,26.75,6,8755.8,5559.47,,,,,,0,0,1,3,RF_ADVERSE_MEDIA | RF_FUNNEL_BEHAVIOR | RF_MULTIPLE_COUNTERPARTIES,Customer has an adverse-media indicator in the synthetic dataset. | Activity involves multiple origin countries and elevated transaction frequency. | Customer interacted with multiple counterparties.,,GENERAL_TRANSACTION_MONITORING,High rule-engine risk; Adverse media indicator,RULE_HIGH_ML_LOW,STANDARD_REVIEW,PENDING_REVIEW,OPEN,,NO,PENDING_HUMAN_REVIEW
AML-CUST001532,CUST001532,P3,MEDIUM,26.75,12,11602.42,8545.67,,,,,,0,0,1,3,RF_ADVERSE_MEDIA | RF_FUNNEL_BEHAVIOR | RF_MULTIPLE_COUNTERPARTIES,Customer has an adverse-media indicator in the synthetic dataset. | Activity involves multiple origin countries and elevated transaction frequency. | Customer interacted with multiple counterparties.,log_amount | amount_vs_customer_max | transaction_hour,GENERAL_TRANSACTION_MONITORING,High rule-engine risk; Adverse media indicator,RULE_HIGH_ML_LOW,STANDARD_REVIEW,PENDING_REVIEW,OPEN,,NO,PENDING_HUMAN_REVIEW
AML-CUST001621,CUST001621,P3,MEDIUM,26.75,20,15533.16,12049.72,,,,,,0,0,1,3,RF_ADVERSE_MEDIA | RF_FUNNEL_BEHAVIOR | RF_MULTIPLE_COUNTERPARTIES,Customer has an adverse-media indicator in the synthetic dataset. | Activity involves multiple origin countries and elevated transaction frequency. | Customer interacted with multiple counterparties.,transaction_hour | log_amount | is_night_transaction | international_ratio_24h,GENERAL_TRANSACTION_MONITORING,High rule-engine risk; Adverse media indicator,RULE_HIGH_ML_LOW,STANDARD_REVIEW,PENDING_REVIEW,OPEN,,NO,PENDING_HUMAN_REVIEW
AML-CUST001649,CUST001649,P3,MEDIUM,26.75,13,13751.84,9796.58,,,,,,0,0,1,3,RF_ADVERSE_MEDIA | RF_FUNNEL_BEHAVIOR | RF_MULTIPLE_COUNTERPARTIES,Customer has an adverse-media indicator in the synthetic dataset. | Activity involves multiple origin countries and elevated transaction frequency. | Customer interacted with multiple counterparties.,log_amount | transaction_hour | channel_transaction_ratio,GENERAL_TRANSACTION_MONITORING,High rule-engine risk; Adverse media indicator,RULE_HIGH_ML_LOW,STANDARD_REVIEW,PENDING_REVIEW,OPEN,,NO,PENDING_HUMAN_REVIEW
AML-CUST001663,CUST001663,P3,MEDIUM,26.75,9,7486.05,2163.37,,,,,,0,0,1,3,RF_ADVERSE_MEDIA | RF_FUNNEL_BEHAVIOR | RF_MULTIPLE_COUNTERPARTIES,Customer has an adverse-media indicator in the synthetic dataset. | Activity involves multiple origin countries and elevated transaction frequency. | Customer interacted with multiple counterparties.,is_small_cash_transaction | adverse_media_flag | transaction_month | transaction_hour,GENERAL_TRANSACTION_MONITORING,High rule-engine risk; Adverse media indicator; Behavioral model drivers: is_small_cash_transaction | adverse_media_flag | transaction_month,RULE_HIGH_ML_LOW,STANDARD_REVIEW,PENDING_REVIEW,OPEN,,NO,PENDING_HUMAN_REVIEW
AML-CUST001702,CUST001702,P3,MEDIUM,26.75,13,12798.42,10182.34,,,,,,0,0,1,3,RF_ADVERSE_MEDIA | RF_FUNNEL_BEHAVIOR | RF_MULTIPLE_COUNTERPARTIES,Customer has an adverse-media indicator in the synthetic dataset. | Activity involves multiple origin countries and elevated transaction frequency. | Customer interacted with multiple counterparties.,,GENERAL_TRANSACTION_MONITORING,High rule-engine risk; Adverse media indicator,RULE_HIGH_ML_LOW,STANDARD_REVIEW,PENDING_REVIEW,OPEN,,NO,PENDING_HUMAN_REVIEW
AML-CUST001733,CUST001733,P3,MEDIUM,26.75,11,14867.94,11810.57,,,,,,0,0,1,3,RF_ADVERSE_MEDIA | RF_FUNNEL_BEHAVIOR | RF_MULTIPLE_COUNTERPARTIES,Customer has an adverse-media indicator in the synthetic dataset. | Activity involves multiple origin countries and elevated transaction frequency. | Customer interacted with multiple counterparties.,log_amount | adverse_media_flag | unique_destination_countries,GENERAL_TRANSACTION_MONITORING,High rule-engine risk; Adverse media indicator,RULE_HIGH_ML_LOW,STANDARD_REVIEW,PENDING_REVIEW,OPEN,,NO,PENDING_HUMAN_REVIEW
AML-CUST001756,CUST001756,P3,MEDIUM,26.75,10,14145.34,5473.18,,,,,,0,0,1,3,RF_ADVERSE_MEDIA | RF_FUNNEL_BEHAVIOR | RF_MULTIPLE_COUNTERPARTIES,Customer has an adverse-media indicator in the synthetic dataset. | Activity involves multiple origin countries and elevated transaction frequency. | Customer interacted with multiple counterparties.,channel_transaction_ratio | adverse_media_flag | transaction_month,GENERAL_TRANSACTION_MONITORING,High rule-engine risk; Adverse media indicator,RULE_HIGH_ML_LOW,STANDARD_REVIEW,PENDING_REVIEW,OPEN,,NO,PENDING_HUMAN_REVIEW
AML-CUST001816,CUST001816,P3,MEDIUM,26.75,14,15834.16,9192.41,,,,,,0,0,1,3,RF_ADVERSE_MEDIA | RF_FUNNEL_BEHAVIOR | RF_MULTIPLE_COUNTERPARTIES,Customer has an adverse-media indicator in the synthetic dataset. | Activity involves multiple origin countries and elevated transaction frequency. | Customer interacted with multiple counterparties.,transaction_hour | log_amount | is_night_transaction,GENERAL_TRANSACTION_MONITORING,High rule-engine risk; Adverse media indicator,RULE_HIGH_ML_LOW,STANDARD_REVIEW,PENDING_REVIEW,OPEN,,NO,PENDING_HUMAN_REVIEW
AML-CUST001845,CUST001845,P3,MEDIUM,26.75,12,17543.65,7044.87,,,,,,0,0,1,3,RF_ADVERSE_MEDIA | RF_FUNNEL_BEHAVIOR | RF_MULTIPLE_COUNTERPARTIES,Customer has an adverse-media indicator in the synthetic dataset. | Activity involves multiple origin countries and elevated transaction frequency. | Customer interacted with multiple counterparties.,,GENERAL_TRANSACTION_MONITORING,High rule-engine risk; Adverse media indicator,RULE_HIGH_ML_LOW,STANDARD_REVIEW,PENDING_REVIEW,OPEN,,NO,PENDING_HUMAN_REVIEW
AML-CUST001962,CUST001962,P3,MEDIUM,26.75,16,19716.21,12252.38,,,,,,0,0,1,3,RF_ADVERSE_MEDIA | RF_FUNNEL_BEHAVIOR | RF_MULTIPLE_COUNTERPARTIES,Customer has an adverse-media indicator in the synthetic dataset. | Activity involves multiple origin countries and elevated transaction frequency. | Customer interacted with multiple counterparties.,,GENERAL_TRANSACTION_MONITORING,High rule-engine risk; Adverse media indicator,RULE_HIGH_ML_LOW,STANDARD_REVIEW,PENDING_REVIEW,OPEN,,NO,PENDING_HUMAN_REVIEW
AML-CUST001969,CUST001969,P3,MEDIUM,26.75,10,7964.32,4147.76,,,,,,0,0,1,3,RF_ADVERSE_MEDIA | RF_FUNNEL_BEHAVIOR | RF_MULTIPLE_COUNTERPARTIES,Customer has an adverse-media indicator in the synthetic dataset. | Activity involves multiple origin countries and elevated transaction frequency. | Customer interacted with multiple counterparties.,,GENERAL_TRANSACTION_MONITORING,High rule-engine risk; Adverse media indicator,RULE_HIGH_ML_LOW,STANDARD_REVIEW,PENDING_REVIEW,OPEN,,NO,PENDING_HUMAN_REVIEW
AML-CUST002010,CUST002010,P3,MEDIUM,26.75,13,12335.79,4022.24,,,,,,0,0,1,3,RF_ADVERSE_MEDIA | RF_FUNNEL_BEHAVIOR | RF_MULTIPLE_COUNTERPARTIES,Customer has an adverse-media indicator in the synthetic dataset. | Activity involves multiple origin countries and elevated transaction frequency. | Customer interacted with multiple counterparties.,transaction_month | international_ratio_24h | is_small_cash_transaction,GENERAL_TRANSACTION_MONITORING,High rule-engine risk; Adverse media indicator,RULE_HIGH_ML_LOW,STANDARD_REVIEW,PENDING_REVIEW,OPEN,,NO,PENDING_HUMAN_REVIEW
AML-CUST002046,CUST002046,P3,MEDIUM,26.75,9,15616.38,9005.67,,,,,,0,0,1,3,RF_ADVERSE_MEDIA | RF_FUNNEL_BEHAVIOR | RF_MULTIPLE_COUNTERPARTIES,Customer has an adverse-media indicator in the synthetic dataset. | Activity involves multiple origin countries and elevated transaction frequency. | Customer interacted with multiple counterparties.,transaction_hour | log_amount | adverse_media_flag,GENERAL_TRANSACTION_MONITORING,High rule-engine risk; Adverse media indicator,RULE_HIGH_ML_LOW,STANDARD_REVIEW,PENDING_REVIEW,OPEN,,NO,PENDING_HUMAN_REVIEW
AML-CUST002059,CUST002059,P3,MEDIUM,26.75,9,8838.2,2156.08,,,,,,0,0,1,3,RF_ADVERSE_MEDIA | RF_FUNNEL_BEHAVIOR | RF_MULTIPLE_COUNTERPARTIES,Customer has an adverse-media indicator in the synthetic dataset. | Activity involves multiple origin countries and elevated transaction frequency. | Customer interacted with multiple counterparties.,,GENERAL_TRANSACTION_MONITORING,High rule-engine risk; Adverse media indicator,RULE_HIGH_ML_LOW,STANDARD_REVIEW,PENDING_REVIEW,OPEN,,NO,PENDING_HUMAN_REVIEW
AML-CUST002109,CUST002109,P3,MEDIUM,26.75,19,17802.96,12298.72,,,,,,0,0,1,3,RF_ADVERSE_MEDIA | RF_FUNNEL_BEHAVIOR | RF_MULTIPLE_COUNTERPARTIES,Customer has an adverse-media indicator in the synthetic dataset. | Activity involves multiple origin countries and elevated transaction frequency. | Customer interacted with multiple counterparties.,,GENERAL_TRANSACTION_MONITORING,High rule-engine risk; Adverse media indicator,RULE_HIGH_ML_LOW,STANDARD_REVIEW,PENDING_REVIEW,OPEN,,NO,PENDING_HUMAN_REVIEW
AML-CUST002135,CUST002135,P3,MEDIUM,26.75,16,22668.26,12321.18,,,,,,0,0,1,3,RF_ADVERSE_MEDIA | RF_FUNNEL_BEHAVIOR | RF_MULTIPLE_COUNTERPARTIES,Customer has an adverse-media indicator in the synthetic dataset. | Activity involves multiple origin countries and elevated transaction frequency. | Customer interacted with multiple counterparties.,transaction_hour | international_ratio_24h | is_small_cash_transaction | log_amount | transaction_month,GENERAL_TRANSACTION_MONITORING,High rule-engine risk; Adverse media indicator,RULE_HIGH_ML_LOW,STANDARD_REVIEW,PENDING_REVIEW,OPEN,,NO,PENDING_HUMAN_REVIEW
AML-CUST002300,CUST002300,P3,MEDIUM,26.75,15,9572.33,6752.34,,,,,,0,0,1,3,RF_ADVERSE_MEDIA | RF_FUNNEL_BEHAVIOR | RF_MULTIPLE_COUNTERPARTIES,Customer has an adverse-media indicator in the synthetic dataset. | Activity involves multiple origin countries and elevated transaction frequency. | Customer interacted with multiple counterparties.,transaction_hour | adverse_media_flag | amount_vs_customer_average | channel_transaction_ratio | channel_transaction_count | log_amount | transaction_month,GENERAL_TRANSACTION_MONITORING,High rule-engine risk; Adverse media indicator; Behavioral model drivers: transaction_hour | log_amount | transaction_month,RULE_HIGH_ML_LOW,STANDARD_REVIEW,PENDING_REVIEW,OPEN,,NO,PENDING_HUMAN_REVIEW
AML-CUST002317,CUST002317,P3,MEDIUM,26.75,12,17882.38,9725.99,,,,,,0,0,1,3,RF_ADVERSE_MEDIA | RF_FUNNEL_BEHAVIOR | RF_MULTIPLE_COUNTERPARTIES,Customer has an adverse-media indicator in the synthetic dataset. | Activity involves multiple origin countries and elevated transaction frequency. | Customer interacted with multiple counterparties.,log_amount | transaction_month | amount_vs_customer_max,GENERAL_TRANSACTION_MONITORING,High rule-engine risk; Adverse media indicator,RULE_HIGH_ML_LOW,STANDARD_REVIEW,PENDING_REVIEW,OPEN,,NO,PENDING_HUMAN_REVIEW
AML-CUST002335,CUST002335,P3,MEDIUM,26.75,13,16728.97,10076.54,,,,,,0,0,1,3,RF_ADVERSE_MEDIA | RF_FUNNEL_BEHAVIOR | RF_MULTIPLE_COUNTERPARTIES,Customer has an adverse-media indicator in the synthetic dataset. | Activity involves multiple origin countries and elevated transaction frequency. | Customer interacted with multiple counterparties.,,GENERAL_TRANSACTION_MONITORING,High rule-engine risk; Adverse media indicator,RULE_HIGH_ML_LOW,STANDARD_REVIEW,PENDING_REVIEW,OPEN,,NO,PENDING_HUMAN_REVIEW
AML-CUST002400,CUST002400,P3,MEDIUM,26.75,16,12260.1,9334.0,,,,,,0,0,1,3,RF_ADVERSE_MEDIA | RF_FUNNEL_BEHAVIOR | RF_MULTIPLE_COUNTERPARTIES,Customer has an adverse-media indicator in the synthetic dataset. | Activity involves multiple origin countries and elevated transaction frequency. | Customer interacted with multiple counterparties.,transaction_hour | adverse_media_flag | cash_ratio_24h,GENERAL_TRANSACTION_MONITORING,High rule-engine risk; Adverse media indicator,RULE_HIGH_ML_LOW,STANDARD_REVIEW,PENDING_REVIEW,OPEN,,NO,PENDING_HUMAN_REVIEW
AML-CUST002414,CUST002414,P3,MEDIUM,26.75,12,9367.15,5175.98,,,,,,0,0,1,3,RF_ADVERSE_MEDIA | RF_FUNNEL_BEHAVIOR | RF_MULTIPLE_COUNTERPARTIES,Customer has an adverse-media indicator in the synthetic dataset. | Activity involves multiple origin countries and elevated transaction frequency. | Customer interacted with multiple counterparties.,rapid_transaction_indicator | transaction_month | log_amount,GENERAL_TRANSACTION_MONITORING,High rule-engine risk; Adverse media indicator,RULE_HIGH_ML_LOW,STANDARD_REVIEW,PENDING_REVIEW,OPEN,,NO,PENDING_HUMAN_REVIEW
AML-CUST002416,CUST002416,P3,MEDIUM,26.75,18,29658.53,26613.64,,,,,,0,0,1,3,RF_ADVERSE_MEDIA | RF_FUNNEL_BEHAVIOR | RF_MULTIPLE_COUNTERPARTIES,Customer has an adverse-media indicator in the synthetic dataset. | Activity involves multiple origin countries and elevated transaction frequency. | Customer interacted with multiple counterparties.,log_amount | is_small_cash_transaction | channel_transaction_ratio | transaction_month,GENERAL_TRANSACTION_MONITORING,High rule-engine risk; Adverse media indicator; Behavioral model drivers: log_amount | is_small_cash_transaction | channel_transaction_ratio,RULE_HIGH_ML_LOW,STANDARD_REVIEW,PENDING_REVIEW,OPEN,,NO,PENDING_HUMAN_REVIEW
AML-CUST002451,CUST002451,P3,MEDIUM,26.75,14,24749.07,12390.2,,,,,,0,0,1,3,RF_ADVERSE_MEDIA | RF_FUNNEL_BEHAVIOR | RF_MULTIPLE_COUNTERPARTIES,Customer has an adverse-media indicator in the synthetic dataset. | Activity involves multiple origin countries and elevated transaction frequency. | Customer interacted with multiple counterparties.,,GENERAL_TRANSACTION_MONITORING,High rule-engine risk; Adverse media indicator,RULE_HIGH_ML_LOW,STANDARD_REVIEW,PENDING_REVIEW,OPEN,,NO,PENDING_HUMAN_REVIEW
AML-CUST002583,CUST002583,P3,MEDIUM,26.75,13,14801.7,5791.61,,,,,,0,0,1,3,RF_ADVERSE_MEDIA | RF_FUNNEL_BEHAVIOR | RF_MULTIPLE_COUNTERPARTIES,Customer has an adverse-media indicator in the synthetic dataset. | Activity involves multiple origin countries and elevated transaction frequency. | Customer interacted with multiple counterparties.,transaction_hour | log_amount | transaction_month,GENERAL_TRANSACTION_MONITORING,High rule-engine risk; Adverse media indicator,RULE_HIGH_ML_LOW,STANDARD_REVIEW,PENDING_REVIEW,OPEN,,NO,PENDING_HUMAN_REVIEW
AML-CUST002589,CUST002589,P3,MEDIUM,26.75,14,13734.87,7302.66,,,,,,0,0,1,3,RF_ADVERSE_MEDIA | RF_FUNNEL_BEHAVIOR | RF_MULTIPLE_COUNTERPARTIES,Customer has an adverse-media indicator in the synthetic dataset. | Activity involves multiple origin countries and elevated transaction frequency. | Customer interacted with multiple counterparties.,,GENERAL_TRANSACTION_MONITORING,High rule-engine risk; Adverse media indicator,RULE_HIGH_ML_LOW,STANDARD_REVIEW,PENDING_REVIEW,OPEN,,NO,PENDING_HUMAN_REVIEW
AML-CUST002592,CUST002592,P3,MEDIUM,26.75,20,13316.06,6955.92,,,,,,0,0,1,3,RF_ADVERSE_MEDIA | RF_FUNNEL_BEHAVIOR | RF_MULTIPLE_COUNTERPARTIES,Customer has an adverse-media indicator in the synthetic dataset. | Activity involves multiple origin countries and elevated transaction frequency. | Customer interacted with multiple counterparties.,transaction_hour | adverse_media_flag | channel_transaction_count | transaction_month | log_amount | is_night_transaction,GENERAL_TRANSACTION_MONITORING,High rule-engine risk; Adverse media indicator,RULE_HIGH_ML_LOW,STANDARD_REVIEW,PENDING_REVIEW,OPEN,,NO,PENDING_HUMAN_REVIEW
AML-CUST002597,CUST002597,P3,MEDIUM,26.75,14,9939.89,9063.33,,,,,,0,0,1,3,RF_ADVERSE_MEDIA | RF_FUNNEL_BEHAVIOR | RF_MULTIPLE_COUNTERPARTIES,Customer has an adverse-media indicator in the synthetic dataset. | Activity involves multiple origin countries and elevated transaction frequency. | Customer interacted with multiple counterparties.,log_amount | amount_vs_customer_max | amount_deviation_from_average,GENERAL_TRANSACTION_MONITORING,High rule-engine risk; Adverse media indicator,RULE_HIGH_ML_LOW,STANDARD_REVIEW,PENDING_REVIEW,OPEN,,NO,PENDING_HUMAN_REVIEW
AML-CUST002620,CUST002620,P3,MEDIUM,26.75,12,12711.63,7619.82,,,,,,0,0,1,3,RF_ADVERSE_MEDIA | RF_FUNNEL_BEHAVIOR | RF_MULTIPLE_COUNTERPARTIES,Customer has an adverse-media indicator in the synthetic dataset. | Activity involves multiple origin countries and elevated transaction frequency. | Customer interacted with multiple counterparties.,is_small_cash_transaction | adverse_media_flag | amount_vs_customer_average,GENERAL_TRANSACTION_MONITORING,High rule-engine risk; Adverse media indicator; Behavioral model drivers: is_small_cash_transaction | adverse_media_flag | amount_vs_customer_average,RULE_HIGH_ML_LOW,STANDARD_REVIEW,PENDING_REVIEW,OPEN,,NO,PENDING_HUMAN_REVIEW
AML-CUST002624,CUST002624,P3,MEDIUM,26.75,10,16212.01,11776.71,,,,,,0,0,1,3,RF_ADVERSE_MEDIA | RF_FUNNEL_BEHAVIOR | RF_MULTIPLE_COUNTERPARTIES,Customer has an adverse-media indicator in the synthetic dataset. | Activity involves multiple origin countries and elevated transaction frequency. | Customer interacted with multiple counterparties.,,GENERAL_TRANSACTION_MONITORING,High rule-engine risk; Adverse media indicator,RULE_HIGH_ML_LOW,STANDARD_REVIEW,PENDING_REVIEW,OPEN,,NO,PENDING_HUMAN_REVIEW
AML-CUST002637,CUST002637,P3,MEDIUM,26.75,10,21041.8,4649.41,,,,,,0,0,1,3,RF_ADVERSE_MEDIA | RF_FUNNEL_BEHAVIOR | RF_MULTIPLE_COUNTERPARTIES,Customer has an adverse-media indicator in the synthetic dataset. | Activity involves multiple origin countries and elevated transaction frequency. | Customer interacted with multiple counterparties.,,GENERAL_TRANSACTION_MONITORING,High rule-engine risk; Adverse media indicator,RULE_HIGH_ML_LOW,STANDARD_REVIEW,PENDING_REVIEW,OPEN,,NO,PENDING_HUMAN_REVIEW
AML-CUST002720,CUST002720,P3,MEDIUM,26.75,7,9817.82,6990.58,,,,,,0,0,1,3,RF_ADVERSE_MEDIA | RF_FUNNEL_BEHAVIOR | RF_MULTIPLE_COUNTERPARTIES,Customer has an adverse-media indicator in the synthetic dataset. | Activity involves multiple origin countries and elevated transaction frequency. | Customer interacted with multiple counterparties.,transaction_hour | is_night_transaction | channel_transaction_ratio,GENERAL_TRANSACTION_MONITORING,High rule-engine risk; Adverse media indicator,RULE_HIGH_ML_LOW,STANDARD_REVIEW,PENDING_REVIEW,OPEN,,NO,PENDING_HUMAN_REVIEW
AML-CUST002794,CUST002794,P3,MEDIUM,26.75,8,4231.46,3403.27,,,,,,0,0,1,3,RF_ADVERSE_MEDIA | RF_FUNNEL_BEHAVIOR | RF_MULTIPLE_COUNTERPARTIES,Customer has an adverse-media indicator in the synthetic dataset. | Activity involves multiple origin countries and elevated transaction frequency. | Customer interacted with multiple counterparties.,,GENERAL_TRANSACTION_MONITORING,High rule-engine risk; Adverse media indicator,RULE_HIGH_ML_LOW,STANDARD_REVIEW,PENDING_REVIEW,OPEN,,NO,PENDING_HUMAN_REVIEW
AML-CUST002807,CUST002807,P3,MEDIUM,26.75,17,7972.09,6406.38,,,,,,0,0,1,3,RF_ADVERSE_MEDIA | RF_FUNNEL_BEHAVIOR | RF_MULTIPLE_COUNTERPARTIES,Customer has an adverse-media indicator in the synthetic dataset. | Activity involves multiple origin countries and elevated transaction frequency. | Customer interacted with multiple counterparties.,adverse_media_flag | cash_ratio_24h | international_ratio | log_amount | amount_vs_customer_max | transaction_hour | is_night_transaction | transaction_month | amount_vs_customer_average,GENERAL_TRANSACTION_MONITORING,High rule-engine risk; Adverse media indicator,RULE_HIGH_ML_LOW,STANDARD_REVIEW,PENDING_REVIEW,OPEN,,NO,PENDING_HUMAN_REVIEW
AML-CUST002897,CUST002897,P3,MEDIUM,26.75,18,15473.02,9959.87,,,,,,0,0,1,3,RF_ADVERSE_MEDIA | RF_FUNNEL_BEHAVIOR | RF_MULTIPLE_COUNTERPARTIES,Customer has an adverse-media indicator in the synthetic dataset. | Activity involves multiple origin countries and elevated transaction frequency. | Customer interacted with multiple counterparties.,international_ratio_24h | channel_transaction_count | is_small_cash_transaction,GENERAL_TRANSACTION_MONITORING,High rule-engine risk; Adverse media indicator,RULE_HIGH_ML_LOW,STANDARD_REVIEW,PENDING_REVIEW,OPEN,,NO,PENDING_HUMAN_REVIEW
AML-CUST002925,CUST002925,P3,MEDIUM,26.75,14,10577.42,6318.36,,,,,,0,0,1,3,RF_ADVERSE_MEDIA | RF_FUNNEL_BEHAVIOR | RF_MULTIPLE_COUNTERPARTIES,Customer has an adverse-media indicator in the synthetic dataset. | Activity involves multiple origin countries and elevated transaction frequency. | Customer interacted with multiple counterparties.,,GENERAL_TRANSACTION_MONITORING,High rule-engine risk; Adverse media indicator,RULE_HIGH_ML_LOW,STANDARD_REVIEW,PENDING_REVIEW,OPEN,,NO,PENDING_HUMAN_REVIEW
AML-CUST002992,CUST002992,P3,MEDIUM,26.75,15,13979.4,8346.44,,,,,,0,0,1,3,RF_ADVERSE_MEDIA | RF_FUNNEL_BEHAVIOR | RF_MULTIPLE_COUNTERPARTIES,Customer has an adverse-media indicator in the synthetic dataset. | Activity involves multiple origin countries and elevated transaction frequency. | Customer interacted with multiple counterparties.,log_amount | transaction_hour | adverse_media_flag | is_night_transaction | international_ratio_24h | is_small_cash_transaction | channel_transaction_count | transaction_month | amount_vs_customer_max,GENERAL_TRANSACTION_MONITORING,High rule-engine risk; Adverse media indicator,RULE_HIGH_ML_LOW,STANDARD_REVIEW,PENDING_REVIEW,OPEN,,NO,PENDING_HUMAN_REVIEW
AML-CUST003131,CUST003131,P3,MEDIUM,26.75,13,9295.17,6955.78,,,,,,0,0,1,3,RF_ADVERSE_MEDIA | RF_FUNNEL_BEHAVIOR | RF_MULTIPLE_COUNTERPARTIES,Customer has an adverse-media indicator in the synthetic dataset. | Activity involves multiple origin countries and elevated transaction frequency. | Customer interacted with multiple counterparties.,,GENERAL_TRANSACTION_MONITORING,High rule-engine risk; Adverse media indicator,RULE_HIGH_ML_LOW,STANDARD_REVIEW,PENDING_REVIEW,OPEN,,NO,PENDING_HUMAN_REVIEW
AML-CUST003141,CUST003141,P3,MEDIUM,26.75,12,11467.67,6174.53,,,,,,0,0,1,3,RF_ADVERSE_MEDIA | RF_FUNNEL_BEHAVIOR | RF_MULTIPLE_COUNTERPARTIES,Customer has an adverse-media indicator in the synthetic dataset. | Activity involves multiple origin countries and elevated transaction frequency. | Customer interacted with multiple counterparties.,is_night_transaction | adverse_media_flag | cash_ratio_24h,GENERAL_TRANSACTION_MONITORING,High rule-engine risk; Adverse media indicator,RULE_HIGH_ML_LOW,STANDARD_REVIEW,PENDING_REVIEW,OPEN,,NO,PENDING_HUMAN_REVIEW
AML-CUST003223,CUST003223,P3,MEDIUM,26.75,9,16645.67,2527.56,,,,,,0,0,1,3,RF_ADVERSE_MEDIA | RF_FUNNEL_BEHAVIOR | RF_MULTIPLE_COUNTERPARTIES,Customer has an adverse-media indicator in the synthetic dataset. | Activity involves multiple origin countries and elevated transaction frequency. | Customer interacted with multiple counterparties.,transaction_hour | is_night_transaction | channel_transaction_ratio,GENERAL_TRANSACTION_MONITORING,High rule-engine risk; Adverse media indicator,RULE_HIGH_ML_LOW,STANDARD_REVIEW,PENDING_REVIEW,OPEN,,NO,PENDING_HUMAN_REVIEW
AML-CUST003237,CUST003237,P3,MEDIUM,26.75,15,15283.07,12868.19,,,,,,0,0,1,3,RF_ADVERSE_MEDIA | RF_FUNNEL_BEHAVIOR | RF_MULTIPLE_COUNTERPARTIES,Customer has an adverse-media indicator in the synthetic dataset. | Activity involves multiple origin countries and elevated transaction frequency. | Customer interacted with multiple counterparties.,,GENERAL_TRANSACTION_MONITORING,High rule-engine risk; Adverse media indicator,RULE_HIGH_ML_LOW,STANDARD_REVIEW,PENDING_REVIEW,OPEN,,NO,PENDING_HUMAN_REVIEW
AML-CUST003274,CUST003274,P3,MEDIUM,26.75,14,14719.96,6877.17,,,,,,0,0,1,3,RF_ADVERSE_MEDIA | RF_FUNNEL_BEHAVIOR | RF_MULTIPLE_COUNTERPARTIES,Customer has an adverse-media indicator in the synthetic dataset. | Activity involves multiple origin countries and elevated transaction frequency. | Customer interacted with multiple counterparties.,transaction_hour | is_night_transaction | channel_transaction_ratio,GENERAL_TRANSACTION_MONITORING,High rule-engine risk; Adverse media indicator,RULE_HIGH_ML_LOW,STANDARD_REVIEW,PENDING_REVIEW,OPEN,,NO,PENDING_HUMAN_REVIEW
AML-CUST003309,CUST003309,P3,MEDIUM,26.75,14,20018.8,8506.96,,,,,,0,0,1,3,RF_ADVERSE_MEDIA | RF_FUNNEL_BEHAVIOR | RF_MULTIPLE_COUNTERPARTIES,Customer has an adverse-media indicator in the synthetic dataset. | Activity involves multiple origin countries and elevated transaction frequency. | Customer interacted with multiple counterparties.,rapid_transaction_indicator | transaction_month | is_night_transaction,GENERAL_TRANSACTION_MONITORING,High rule-engine risk; Adverse media indicator,RULE_HIGH_ML_LOW,STANDARD_REVIEW,PENDING_REVIEW,OPEN,,NO,PENDING_HUMAN_REVIEW
AML-CUST003338,CUST003338,P3,MEDIUM,26.75,13,12197.54,9119.6,,,,,,0,0,1,3,RF_ADVERSE_MEDIA | RF_FUNNEL_BEHAVIOR | RF_MULTIPLE_COUNTERPARTIES,Customer has an adverse-media indicator in the synthetic dataset. | Activity involves multiple origin countries and elevated transaction frequency. | Customer interacted with multiple counterparties.,transaction_hour | transaction_month | is_night_transaction | international_ratio_24h,GENERAL_TRANSACTION_MONITORING,High rule-engine risk; Adverse media indicator; Behavioral model drivers: transaction_hour | transaction_month | is_night_transaction,RULE_HIGH_ML_LOW,STANDARD_REVIEW,PENDING_REVIEW,OPEN,,NO,PENDING_HUMAN_REVIEW
AML-CUST003403,CUST003403,P3,MEDIUM,26.75,14,9518.44,8386.33,,,,,,0,0,1,3,RF_ADVERSE_MEDIA | RF_FUNNEL_BEHAVIOR | RF_MULTIPLE_COUNTERPARTIES,Customer has an adverse-media indicator in the synthetic dataset. | Activity involves multiple origin countries and elevated transaction frequency. | Customer interacted with multiple counterparties.,log_amount | amount_vs_customer_max | transaction_hour,GENERAL_TRANSACTION_MONITORING,High rule-engine risk; Adverse media indicator,RULE_HIGH_ML_LOW,STANDARD_REVIEW,PENDING_REVIEW,OPEN,,NO,PENDING_HUMAN_REVIEW
AML-CUST003445,CUST003445,P3,MEDIUM,26.75,20,20425.61,15336.38,,,,,,0,0,1,3,RF_ADVERSE_MEDIA | RF_FUNNEL_BEHAVIOR | RF_MULTIPLE_COUNTERPARTIES,Customer has an adverse-media indicator in the synthetic dataset. | Activity involves multiple origin countries and elevated transaction frequency. | Customer interacted with multiple counterparties.,transaction_month | is_night_transaction | channel_transaction_ratio,GENERAL_TRANSACTION_MONITORING,High rule-engine risk; Adverse media indicator,RULE_HIGH_ML_LOW,STANDARD_REVIEW,PENDING_REVIEW,OPEN,,NO,PENDING_HUMAN_REVIEW
AML-CUST003465,CUST003465,P3,MEDIUM,26.75,14,20980.59,13263.01,,,,,,0,0,1,3,RF_ADVERSE_MEDIA | RF_FUNNEL_BEHAVIOR | RF_MULTIPLE_COUNTERPARTIES,Customer has an adverse-media indicator in the synthetic dataset. | Activity involves multiple origin countries and elevated transaction frequency. | Customer interacted with multiple counterparties.,,GENERAL_TRANSACTION_MONITORING,High rule-engine risk; Adverse media indicator,RULE_HIGH_ML_LOW,STANDARD_REVIEW,PENDING_REVIEW,OPEN,,NO,PENDING_HUMAN_REVIEW
AML-CUST003477,CUST003477,P3,MEDIUM,26.75,18,18235.3,9562.01,,,,,,0,0,1,3,RF_ADVERSE_MEDIA | RF_FUNNEL_BEHAVIOR | RF_MULTIPLE_COUNTERPARTIES,Customer has an adverse-media indicator in the synthetic dataset. | Activity involves multiple origin countries and elevated transaction frequency. | Customer interacted with multiple counterparties.,log_amount | adverse_media_flag | channel_transaction_count,GENERAL_TRANSACTION_MONITORING,High rule-engine risk; Adverse media indicator,RULE_HIGH_ML_LOW,STANDARD_REVIEW,PENDING_REVIEW,OPEN,,NO,PENDING_HUMAN_REVIEW
AML-CUST003558,CUST003558,P3,MEDIUM,26.75,16,15405.73,7484.07,,,,,,0,0,1,3,RF_ADVERSE_MEDIA | RF_FUNNEL_BEHAVIOR | RF_MULTIPLE_COUNTERPARTIES,Customer has an adverse-media indicator in the synthetic dataset. | Activity involves multiple origin countries and elevated transaction frequency. | Customer interacted with multiple counterparties.,transaction_month | transaction_hour | adverse_media_flag,GENERAL_TRANSACTION_MONITORING,High rule-engine risk; Adverse media indicator,RULE_HIGH_ML_LOW,STANDARD_REVIEW,PENDING_REVIEW,OPEN,,NO,PENDING_HUMAN_REVIEW
AML-CUST003642,CUST003642,P3,MEDIUM,26.75,23,20429.16,15321.1,,,,,,0,0,1,3,RF_ADVERSE_MEDIA | RF_FUNNEL_BEHAVIOR | RF_MULTIPLE_COUNTERPARTIES,Customer has an adverse-media indicator in the synthetic dataset. | Activity involves multiple origin countries and elevated transaction frequency. | Customer interacted with multiple counterparties.,transaction_month | log_amount | is_night_transaction,GENERAL_TRANSACTION_MONITORING,High rule-engine risk; Adverse media indicator,RULE_HIGH_ML_LOW,STANDARD_REVIEW,PENDING_REVIEW,OPEN,,NO,PENDING_HUMAN_REVIEW
AML-CUST003719,CUST003719,P3,MEDIUM,26.75,15,19200.82,10153.41,,,,,,0,0,1,3,RF_ADVERSE_MEDIA | RF_FUNNEL_BEHAVIOR | RF_MULTIPLE_COUNTERPARTIES,Customer has an adverse-media indicator in the synthetic dataset. | Activity involves multiple origin countries and elevated transaction frequency. | Customer interacted with multiple counterparties.,transaction_hour | is_night_transaction | log_amount,GENERAL_TRANSACTION_MONITORING,High rule-engine risk; Adverse media indicator,RULE_HIGH_ML_LOW,STANDARD_REVIEW,PENDING_REVIEW,OPEN,,NO,PENDING_HUMAN_REVIEW
AML-CUST003769,CUST003769,P3,MEDIUM,26.75,10,18865.3,7201.82,,,,,,0,0,1,3,RF_ADVERSE_MEDIA | RF_FUNNEL_BEHAVIOR | RF_MULTIPLE_COUNTERPARTIES,Customer has an adverse-media indicator in the synthetic dataset. | Activity involves multiple origin countries and elevated transaction frequency. | Customer interacted with multiple counterparties.,,GENERAL_TRANSACTION_MONITORING,High rule-engine risk; Adverse media indicator,RULE_HIGH_ML_LOW,STANDARD_REVIEW,PENDING_REVIEW,OPEN,,NO,PENDING_HUMAN_REVIEW
AML-CUST003808,CUST003808,P3,MEDIUM,26.75,14,14368.64,4190.96,,,,,,0,0,1,3,RF_ADVERSE_MEDIA | RF_FUNNEL_BEHAVIOR | RF_MULTIPLE_COUNTERPARTIES,Customer has an adverse-media indicator in the synthetic dataset. | Activity involves multiple origin countries and elevated transaction frequency. | Customer interacted with multiple counterparties.,transaction_hour | is_night_transaction | adverse_media_flag,GENERAL_TRANSACTION_MONITORING,High rule-engine risk; Adverse media indicator,RULE_HIGH_ML_LOW,STANDARD_REVIEW,PENDING_REVIEW,OPEN,,NO,PENDING_HUMAN_REVIEW
AML-CUST003814,CUST003814,P3,MEDIUM,26.75,13,15708.17,5123.58,,,,,,0,0,1,3,RF_ADVERSE_MEDIA | RF_FUNNEL_BEHAVIOR | RF_MULTIPLE_COUNTERPARTIES,Customer has an adverse-media indicator in the synthetic dataset. | Activity involves multiple origin countries and elevated transaction frequency. | Customer interacted with multiple counterparties.,transaction_month | is_night_transaction | adverse_media_flag,GENERAL_TRANSACTION_MONITORING,High rule-engine risk; Adverse media indicator,RULE_HIGH_ML_LOW,STANDARD_REVIEW,PENDING_REVIEW,OPEN,,NO,PENDING_HUMAN_REVIEW
AML-CUST003877,CUST003877,P3,MEDIUM,26.75,11,13718.92,5494.75,,,,,,0,0,1,3,RF_ADVERSE_MEDIA | RF_FUNNEL_BEHAVIOR | RF_MULTIPLE_COUNTERPARTIES,Customer has an adverse-media indicator in the synthetic dataset. | Activity involves multiple origin countries and elevated transaction frequency. | Customer interacted with multiple counterparties.,,GENERAL_TRANSACTION_MONITORING,High rule-engine risk; Adverse media indicator,RULE_HIGH_ML_LOW,STANDARD_REVIEW,PENDING_REVIEW,OPEN,,NO,PENDING_HUMAN_REVIEW
AML-CUST003879,CUST003879,P3,MEDIUM,26.75,7,11307.51,1907.12,,,,,,0,0,1,3,RF_ADVERSE_MEDIA | RF_FUNNEL_BEHAVIOR | RF_MULTIPLE_COUNTERPARTIES,Customer has an adverse-media indicator in the synthetic dataset. | Activity involves multiple origin countries and elevated transaction frequency. | Customer interacted with multiple counterparties.,,GENERAL_TRANSACTION_MONITORING,High rule-engine risk; Adverse media indicator,RULE_HIGH_ML_LOW,STANDARD_REVIEW,PENDING_REVIEW,OPEN,,NO,PENDING_HUMAN_REVIEW
AML-CUST003981,CUST003981,P3,MEDIUM,26.75,14,12750.96,7800.54,,,,,,0,0,1,3,RF_ADVERSE_MEDIA | RF_FUNNEL_BEHAVIOR | RF_MULTIPLE_COUNTERPARTIES,Customer has an adverse-media indicator in the synthetic dataset. | Activity involves multiple origin countries and elevated transaction frequency. | Customer interacted with multiple counterparties.,,GENERAL_TRANSACTION_MONITORING,High rule-engine risk; Adverse media indicator,RULE_HIGH_ML_LOW,STANDARD_REVIEW,PENDING_REVIEW,OPEN,,NO,PENDING_HUMAN_REVIEW
AML-CUST004120,CUST004120,P3,MEDIUM,26.75,9,16474.67,10367.54,,,,,,0,0,1,3,RF_ADVERSE_MEDIA | RF_FUNNEL_BEHAVIOR | RF_MULTIPLE_COUNTERPARTIES,Customer has an adverse-media indicator in the synthetic dataset. | Activity involves multiple origin countries and elevated transaction frequency. | Customer interacted with multiple counterparties.,,GENERAL_TRANSACTION_MONITORING,High rule-engine risk; Adverse media indicator,RULE_HIGH_ML_LOW,STANDARD_REVIEW,PENDING_REVIEW,OPEN,,NO,PENDING_HUMAN_REVIEW
AML-CUST004154,CUST004154,P3,MEDIUM,26.75,8,10618.21,4561.42,,,,,,0,0,1,3,RF_ADVERSE_MEDIA | RF_FUNNEL_BEHAVIOR | RF_MULTIPLE_COUNTERPARTIES,Customer has an adverse-media indicator in the synthetic dataset. | Activity involves multiple origin countries and elevated transaction frequency. | Customer interacted with multiple counterparties.,,GENERAL_TRANSACTION_MONITORING,High rule-engine risk; Adverse media indicator,RULE_HIGH_ML_LOW,STANDARD_REVIEW,PENDING_REVIEW,OPEN,,NO,PENDING_HUMAN_REVIEW
AML-CUST004176,CUST004176,P3,MEDIUM,26.75,13,28211.22,11682.1,,,,,,0,0,1,3,RF_ADVERSE_MEDIA | RF_FUNNEL_BEHAVIOR | RF_MULTIPLE_COUNTERPARTIES,Customer has an adverse-media indicator in the synthetic dataset. | Activity involves multiple origin countries and elevated transaction frequency. | Customer interacted with multiple counterparties.,,GENERAL_TRANSACTION_MONITORING,High rule-engine risk; Adverse media indicator,RULE_HIGH_ML_LOW,STANDARD_REVIEW,PENDING_REVIEW,OPEN,,NO,PENDING_HUMAN_REVIEW
AML-CUST004215,CUST004215,P3,MEDIUM,26.75,17,20293.26,8312.38,,,,,,0,0,1,3,RF_ADVERSE_MEDIA | RF_FUNNEL_BEHAVIOR | RF_MULTIPLE_COUNTERPARTIES,Customer has an adverse-media indicator in the synthetic dataset. | Activity involves multiple origin countries and elevated transaction frequency. | Customer interacted with multiple counterparties.,,GENERAL_TRANSACTION_MONITORING,High rule-engine risk; Adverse media indicator,RULE_HIGH_ML_LOW,STANDARD_REVIEW,PENDING_REVIEW,OPEN,,NO,PENDING_HUMAN_REVIEW
AML-CUST004272,CUST004272,P3,MEDIUM,26.75,11,10457.86,5045.55,,,,,,0,0,1,3,RF_ADVERSE_MEDIA | RF_FUNNEL_BEHAVIOR | RF_MULTIPLE_COUNTERPARTIES,Customer has an adverse-media indicator in the synthetic dataset. | Activity involves multiple origin countries and elevated transaction frequency. | Customer interacted with multiple counterparties.,,GENERAL_TRANSACTION_MONITORING,High rule-engine risk; Adverse media indicator,RULE_HIGH_ML_LOW,STANDARD_REVIEW,PENDING_REVIEW,OPEN,,NO,PENDING_HUMAN_REVIEW
AML-CUST004356,CUST004356,P3,MEDIUM,26.75,12,3889.91,2693.79,,,,,,0,0,1,3,RF_ADVERSE_MEDIA | RF_FUNNEL_BEHAVIOR | RF_MULTIPLE_COUNTERPARTIES,Customer has an adverse-media indicator in the synthetic dataset. | Activity involves multiple origin countries and elevated transaction frequency. | Customer interacted with multiple counterparties.,,GENERAL_TRANSACTION_MONITORING,High rule-engine risk; Adverse media indicator,RULE_HIGH_ML_LOW,STANDARD_REVIEW,PENDING_REVIEW,OPEN,,NO,PENDING_HUMAN_REVIEW
AML-CUST004523,CUST004523,P3,MEDIUM,26.75,16,20466.27,13889.67,,,,,,0,0,1,3,RF_ADVERSE_MEDIA | RF_FUNNEL_BEHAVIOR | RF_MULTIPLE_COUNTERPARTIES,Customer has an adverse-media indicator in the synthetic dataset. | Activity involves multiple origin countries and elevated transaction frequency. | Customer interacted with multiple counterparties.,log_amount | transaction_hour | transaction_month,GENERAL_TRANSACTION_MONITORING,High rule-engine risk; Adverse media indicator,RULE_HIGH_ML_LOW,STANDARD_REVIEW,PENDING_REVIEW,OPEN,,NO,PENDING_HUMAN_REVIEW
AML-CUST004543,CUST004543,P3,MEDIUM,26.75,17,8488.34,6863.06,,,,,,0,0,1,3,RF_ADVERSE_MEDIA | RF_FUNNEL_BEHAVIOR | RF_MULTIPLE_COUNTERPARTIES,Customer has an adverse-media indicator in the synthetic dataset. | Activity involves multiple origin countries and elevated transaction frequency. | Customer interacted with multiple counterparties.,log_amount | channel_transaction_ratio | adverse_media_flag,GENERAL_TRANSACTION_MONITORING,High rule-engine risk; Adverse media indicator,RULE_HIGH_ML_LOW,STANDARD_REVIEW,PENDING_REVIEW,OPEN,,NO,PENDING_HUMAN_REVIEW
AML-CUST004570,CUST004570,P3,MEDIUM,26.75,19,11485.55,6634.77,,,,,,0,0,1,3,RF_ADVERSE_MEDIA | RF_FUNNEL_BEHAVIOR | RF_MULTIPLE_COUNTERPARTIES,Customer has an adverse-media indicator in the synthetic dataset. | Activity involves multiple origin countries and elevated transaction frequency. | Customer interacted with multiple counterparties.,transaction_hour | is_night_transaction | international_ratio_24h,GENERAL_TRANSACTION_MONITORING,High rule-engine risk; Adverse media indicator,RULE_HIGH_ML_LOW,STANDARD_REVIEW,PENDING_REVIEW,OPEN,,NO,PENDING_HUMAN_REVIEW
AML-CUST004660,CUST004660,P3,MEDIUM,26.75,16,15232.66,10540.99,,,,,,0,0,1,3,RF_ADVERSE_MEDIA | RF_FUNNEL_BEHAVIOR | RF_MULTIPLE_COUNTERPARTIES,Customer has an adverse-media indicator in the synthetic dataset. | Activity involves multiple origin countries and elevated transaction frequency. | Customer interacted with multiple counterparties.,transaction_month | log_amount | is_night_transaction,GENERAL_TRANSACTION_MONITORING,High rule-engine risk; Adverse media indicator,RULE_HIGH_ML_LOW,STANDARD_REVIEW,PENDING_REVIEW,OPEN,,NO,PENDING_HUMAN_REVIEW
AML-CUST004668,CUST004668,P3,MEDIUM,26.75,20,12218.16,11339.65,,,,,,0,0,1,3,RF_ADVERSE_MEDIA | RF_FUNNEL_BEHAVIOR | RF_MULTIPLE_COUNTERPARTIES,Customer has an adverse-media indicator in the synthetic dataset. | Activity involves multiple origin countries and elevated transaction frequency. | Customer interacted with multiple counterparties.,,GENERAL_TRANSACTION_MONITORING,High rule-engine risk; Adverse media indicator,RULE_HIGH_ML_LOW,STANDARD_REVIEW,PENDING_REVIEW,OPEN,,NO,PENDING_HUMAN_REVIEW
AML-CUST004832,CUST004832,P3,MEDIUM,26.75,12,8578.48,6655.65,,,,,,0,0,1,3,RF_ADVERSE_MEDIA | RF_FUNNEL_BEHAVIOR | RF_MULTIPLE_COUNTERPARTIES,Customer has an adverse-media indicator in the synthetic dataset. | Activity involves multiple origin countries and elevated transaction frequency. | Customer interacted with multiple counterparties.,log_amount | transaction_month | is_night_transaction | is_small_cash_transaction | adverse_media_flag,GENERAL_TRANSACTION_MONITORING,High rule-engine risk; Adverse media indicator; Behavioral model drivers: transaction_month | is_small_cash_transaction | adverse_media_flag,RULE_HIGH_ML_LOW,STANDARD_REVIEW,PENDING_REVIEW,OPEN,,NO,PENDING_HUMAN_REVIEW
AML-CUST004833,CUST004833,P3,MEDIUM,26.75,21,24532.18,15703.75,,,,,,0,0,1,3,RF_ADVERSE_MEDIA | RF_FUNNEL_BEHAVIOR | RF_MULTIPLE_COUNTERPARTIES,Customer has an adverse-media indicator in the synthetic dataset. | Activity involves multiple origin countries and elevated transaction frequency. | Customer interacted with multiple counterparties.,transaction_hour | log_amount | is_night_transaction,GENERAL_TRANSACTION_MONITORING,High rule-engine risk; Adverse media indicator,RULE_HIGH_ML_LOW,STANDARD_REVIEW,PENDING_REVIEW,OPEN,,NO,PENDING_HUMAN_REVIEW
AML-CUST004853,CUST004853,P3,MEDIUM,26.75,10,15497.25,6013.85,,,,,,0,0,1,3,RF_ADVERSE_MEDIA | RF_FUNNEL_BEHAVIOR | RF_MULTIPLE_COUNTERPARTIES,Customer has an adverse-media indicator in the synthetic dataset. | Activity involves multiple origin countries and elevated transaction frequency. | Customer interacted with multiple counterparties.,,GENERAL_TRANSACTION_MONITORING,High rule-engine risk; Adverse media indicator,RULE_HIGH_ML_LOW,STANDARD_REVIEW,PENDING_REVIEW,OPEN,,NO,PENDING_HUMAN_REVIEW
AML-CUST004928,CUST004928,P3,MEDIUM,26.75,14,13228.84,6936.14,,,,,,0,0,1,3,RF_ADVERSE_MEDIA | RF_FUNNEL_BEHAVIOR | RF_MULTIPLE_COUNTERPARTIES,Customer has an adverse-media indicator in the synthetic dataset. | Activity involves multiple origin countries and elevated transaction frequency. | Customer interacted with multiple counterparties.,,GENERAL_TRANSACTION_MONITORING,High rule-engine risk; Adverse media indicator,RULE_HIGH_ML_LOW,STANDARD_REVIEW,PENDING_REVIEW,OPEN,,NO,PENDING_HUMAN_REVIEW
AML-CUST004947,CUST004947,P3,MEDIUM,26.75,22,17308.3,11501.77,,,,,,0,0,1,3,RF_ADVERSE_MEDIA | RF_FUNNEL_BEHAVIOR | RF_MULTIPLE_COUNTERPARTIES,Customer has an adverse-media indicator in the synthetic dataset. | Activity involves multiple origin countries and elevated transaction frequency. | Customer interacted with multiple counterparties.,,GENERAL_TRANSACTION_MONITORING,High rule-engine risk; Adverse media indicator,RULE_HIGH_ML_LOW,STANDARD_REVIEW,PENDING_REVIEW,OPEN,,NO,PENDING_HUMAN_REVIEW
AML-CUST004964,CUST004964,P3,MEDIUM,26.75,20,22596.57,17675.68,,,,,,0,0,1,3,RF_ADVERSE_MEDIA | RF_FUNNEL_BEHAVIOR | RF_MULTIPLE_COUNTERPARTIES,Customer has an adverse-media indicator in the synthetic dataset. | Activity involves multiple origin countries and elevated transaction frequency. | Customer interacted with multiple counterparties.,log_amount | transaction_hour | is_small_cash_transaction,GENERAL_TRANSACTION_MONITORING,High rule-engine risk; Adverse media indicator,RULE_HIGH_ML_LOW,STANDARD_REVIEW,PENDING_REVIEW,OPEN,,NO,PENDING_HUMAN_REVIEW
AML-CUST000447,CUST000447,P3,MEDIUM,26.25,1,69851.2,50000.0,,,,,,0,0,0,3,RF_FUNNEL_BEHAVIOR | RF_MULE_BEHAVIOR | RF_MULTIPLE_COUNTERPARTIES,Activity involves multiple origin countries and elevated transaction frequency. | Transaction activity is consistent with the synthetic mule-behavior scenario. | Customer interacted with multiple counterparties.,,GENERAL_TRANSACTION_MONITORING,High rule-engine risk,RULE_HIGH_ML_LOW,STANDARD_REVIEW,PENDING_REVIEW,OPEN,,NO,PENDING_HUMAN_REVIEW
AML-CUST000595,CUST000595,P3,MEDIUM,26.25,1,29441.14,9182.63,,,,,,0,0,0,3,RF_FUNNEL_BEHAVIOR | RF_MULE_BEHAVIOR | RF_MULTIPLE_COUNTERPARTIES,Activity involves multiple origin countries and elevated transaction frequency. | Transaction activity is consistent with the synthetic mule-behavior scenario. | Customer interacted with multiple counterparties.,,GENERAL_TRANSACTION_MONITORING,High rule-engine risk,RULE_HIGH_ML_LOW,STANDARD_REVIEW,PENDING_REVIEW,OPEN,,NO,PENDING_HUMAN_REVIEW
AML-CUST000674,CUST000674,P3,MEDIUM,26.25,1,34185.61,9008.3,,,,,,0,0,0,3,RF_FUNNEL_BEHAVIOR | RF_MULE_BEHAVIOR | RF_MULTIPLE_COUNTERPARTIES,Activity involves multiple origin countries and elevated transaction frequency. | Transaction activity is consistent with the synthetic mule-behavior scenario. | Customer interacted with multiple counterparties.,log_amount | transaction_hour | amount_deviation_from_average,GENERAL_TRANSACTION_MONITORING,High rule-engine risk; Behavioral model drivers: log_amount | transaction_hour | amount_deviation_from_average,RULE_HIGH_ML_LOW,STANDARD_REVIEW,PENDING_REVIEW,OPEN,,NO,PENDING_HUMAN_REVIEW
AML-CUST000793,CUST000793,P3,MEDIUM,26.25,1,20726.82,9877.7,,,,,,0,0,0,3,RF_FUNNEL_BEHAVIOR | RF_MULE_BEHAVIOR | RF_MULTIPLE_COUNTERPARTIES,Activity involves multiple origin countries and elevated transaction frequency. | Transaction activity is consistent with the synthetic mule-behavior scenario. | Customer interacted with multiple counterparties.,,GENERAL_TRANSACTION_MONITORING,High rule-engine risk,RULE_HIGH_ML_LOW,STANDARD_REVIEW,PENDING_REVIEW,OPEN,,NO,PENDING_HUMAN_REVIEW
AML-CUST000826,CUST000826,P3,MEDIUM,26.25,1,28323.1,7654.55,,,,,,0,0,0,3,RF_FUNNEL_BEHAVIOR | RF_MULE_BEHAVIOR | RF_MULTIPLE_COUNTERPARTIES,Activity involves multiple origin countries and elevated transaction frequency. | Transaction activity is consistent with the synthetic mule-behavior scenario. | Customer interacted with multiple counterparties.,,GENERAL_TRANSACTION_MONITORING,High rule-engine risk,RULE_HIGH_ML_LOW,STANDARD_REVIEW,PENDING_REVIEW,OPEN,,NO,PENDING_HUMAN_REVIEW
AML-CUST001002,CUST001002,P3,MEDIUM,26.25,1,21896.34,10569.25,,,,,,0,0,0,3,RF_FUNNEL_BEHAVIOR | RF_MULE_BEHAVIOR | RF_MULTIPLE_COUNTERPARTIES,Activity involves multiple origin countries and elevated transaction frequency. | Transaction activity is consistent with the synthetic mule-behavior scenario. | Customer interacted with multiple counterparties.,,GENERAL_TRANSACTION_MONITORING,High rule-engine risk,RULE_HIGH_ML_LOW,STANDARD_REVIEW,PENDING_REVIEW,OPEN,,NO,PENDING_HUMAN_REVIEW
AML-CUST001336,CUST001336,P3,MEDIUM,26.25,1,23863.09,8245.22,,,,,,0,0,0,3,RF_FUNNEL_BEHAVIOR | RF_MULE_BEHAVIOR | RF_MULTIPLE_COUNTERPARTIES,Activity involves multiple origin countries and elevated transaction frequency. | Transaction activity is consistent with the synthetic mule-behavior scenario. | Customer interacted with multiple counterparties.,,GENERAL_TRANSACTION_MONITORING,High rule-engine risk,RULE_HIGH_ML_LOW,STANDARD_REVIEW,PENDING_REVIEW,OPEN,,NO,PENDING_HUMAN_REVIEW
AML-CUST001479,CUST001479,P3,MEDIUM,26.25,1,28500.93,19362.27,,,,,,0,0,0,3,RF_FUNNEL_BEHAVIOR | RF_MULE_BEHAVIOR | RF_MULTIPLE_COUNTERPARTIES,Activity involves multiple origin countries and elevated transaction frequency. | Transaction activity is consistent with the synthetic mule-behavior scenario. | Customer interacted with multiple counterparties.,,GENERAL_TRANSACTION_MONITORING,High rule-engine risk,RULE_HIGH_ML_LOW,STANDARD_REVIEW,PENDING_REVIEW,OPEN,,NO,PENDING_HUMAN_REVIEW
AML-CUST001576,CUST001576,P3,MEDIUM,26.25,1,21713.46,5115.92,,,,,,0,0,0,3,RF_FUNNEL_BEHAVIOR | RF_MULE_BEHAVIOR | RF_MULTIPLE_COUNTERPARTIES,Activity involves multiple origin countries and elevated transaction frequency. | Transaction activity is consistent with the synthetic mule-behavior scenario. | Customer interacted with multiple counterparties.,,GENERAL_TRANSACTION_MONITORING,High rule-engine risk,RULE_HIGH_ML_LOW,STANDARD_REVIEW,PENDING_REVIEW,OPEN,,NO,PENDING_HUMAN_REVIEW
AML-CUST001740,CUST001740,P3,MEDIUM,26.25,1,58375.84,40018.74,,,,,,0,0,0,3,RF_FUNNEL_BEHAVIOR | RF_MULE_BEHAVIOR | RF_MULTIPLE_COUNTERPARTIES,Activity involves multiple origin countries and elevated transaction frequency. | Transaction activity is consistent with the synthetic mule-behavior scenario. | Customer interacted with multiple counterparties.,,GENERAL_TRANSACTION_MONITORING,High rule-engine risk,RULE_HIGH_ML_LOW,STANDARD_REVIEW,PENDING_REVIEW,OPEN,,NO,PENDING_HUMAN_REVIEW
AML-CUST001755,CUST001755,P3,MEDIUM,26.25,1,31733.73,8219.58,,,,,,0,0,0,3,RF_FUNNEL_BEHAVIOR | RF_MULE_BEHAVIOR | RF_MULTIPLE_COUNTERPARTIES,Activity involves multiple origin countries and elevated transaction frequency. | Transaction activity is consistent with the synthetic mule-behavior scenario. | Customer interacted with multiple counterparties.,,GENERAL_TRANSACTION_MONITORING,High rule-engine risk,RULE_HIGH_ML_LOW,STANDARD_REVIEW,PENDING_REVIEW,OPEN,,NO,PENDING_HUMAN_REVIEW
AML-CUST001790,CUST001790,P3,MEDIUM,26.25,1,58598.46,36226.55,,,,,,0,0,0,3,RF_FUNNEL_BEHAVIOR | RF_MULE_BEHAVIOR | RF_MULTIPLE_COUNTERPARTIES,Activity involves multiple origin countries and elevated transaction frequency. | Transaction activity is consistent with the synthetic mule-behavior scenario. | Customer interacted with multiple counterparties.,,GENERAL_TRANSACTION_MONITORING,High rule-engine risk,RULE_HIGH_ML_LOW,STANDARD_REVIEW,PENDING_REVIEW,OPEN,,NO,PENDING_HUMAN_REVIEW
AML-CUST002075,CUST002075,P3,MEDIUM,26.25,1,25677.83,9614.24,,,,,,0,0,0,3,RF_FUNNEL_BEHAVIOR | RF_MULE_BEHAVIOR | RF_MULTIPLE_COUNTERPARTIES,Activity involves multiple origin countries and elevated transaction frequency. | Transaction activity is consistent with the synthetic mule-behavior scenario. | Customer interacted with multiple counterparties.,,GENERAL_TRANSACTION_MONITORING,High rule-engine risk,RULE_HIGH_ML_LOW,STANDARD_REVIEW,PENDING_REVIEW,OPEN,,NO,PENDING_HUMAN_REVIEW
AML-CUST002106,CUST002106,P3,MEDIUM,26.25,1,33633.63,8432.73,,,,,,0,0,0,3,RF_FUNNEL_BEHAVIOR | RF_MULE_BEHAVIOR | RF_MULTIPLE_COUNTERPARTIES,Activity involves multiple origin countries and elevated transaction frequency. | Transaction activity is consistent with the synthetic mule-behavior scenario. | Customer interacted with multiple counterparties.,,GENERAL_TRANSACTION_MONITORING,High rule-engine risk,RULE_HIGH_ML_LOW,STANDARD_REVIEW,PENDING_REVIEW,OPEN,,NO,PENDING_HUMAN_REVIEW
AML-CUST002112,CUST002112,P3,MEDIUM,26.25,1,43377.67,8979.37,,,,,,0,0,0,3,RF_FUNNEL_BEHAVIOR | RF_MULE_BEHAVIOR | RF_MULTIPLE_COUNTERPARTIES,Activity involves multiple origin countries and elevated transaction frequency. | Transaction activity is consistent with the synthetic mule-behavior scenario. | Customer interacted with multiple counterparties.,,GENERAL_TRANSACTION_MONITORING,High rule-engine risk,RULE_HIGH_ML_LOW,STANDARD_REVIEW,PENDING_REVIEW,OPEN,,NO,PENDING_HUMAN_REVIEW
AML-CUST002123,CUST002123,P3,MEDIUM,26.25,1,24565.03,16391.37,,,,,,0,0,0,3,RF_FUNNEL_BEHAVIOR | RF_MULE_BEHAVIOR | RF_MULTIPLE_COUNTERPARTIES,Activity involves multiple origin countries and elevated transaction frequency. | Transaction activity is consistent with the synthetic mule-behavior scenario. | Customer interacted with multiple counterparties.,,GENERAL_TRANSACTION_MONITORING,High rule-engine risk,RULE_HIGH_ML_LOW,STANDARD_REVIEW,PENDING_REVIEW,OPEN,,NO,PENDING_HUMAN_REVIEW
AML-CUST002170,CUST002170,P3,MEDIUM,26.25,1,20300.01,9587.42,,,,,,0,0,0,3,RF_FUNNEL_BEHAVIOR | RF_MULE_BEHAVIOR | RF_MULTIPLE_COUNTERPARTIES,Activity involves multiple origin countries and elevated transaction frequency. | Transaction activity is consistent with the synthetic mule-behavior scenario. | Customer interacted with multiple counterparties.,,GENERAL_TRANSACTION_MONITORING,High rule-engine risk,RULE_HIGH_ML_LOW,STANDARD_REVIEW,PENDING_REVIEW,OPEN,,NO,PENDING_HUMAN_REVIEW
AML-CUST002568,CUST002568,P3,MEDIUM,26.25,1,20062.57,8731.11,,,,,,0,0,0,3,RF_FUNNEL_BEHAVIOR | RF_MULE_BEHAVIOR | RF_MULTIPLE_COUNTERPARTIES,Activity involves multiple origin countries and elevated transaction frequency. | Transaction activity is consistent with the synthetic mule-behavior scenario. | Customer interacted with multiple counterparties.,,GENERAL_TRANSACTION_MONITORING,High rule-engine risk,RULE_HIGH_ML_LOW,STANDARD_REVIEW,PENDING_REVIEW,OPEN,,NO,PENDING_HUMAN_REVIEW
AML-CUST002579,CUST002579,P3,MEDIUM,26.25,1,51463.25,41764.88,,,,,,0,0,0,3,RF_FUNNEL_BEHAVIOR | RF_MULE_BEHAVIOR | RF_MULTIPLE_COUNTERPARTIES,Activity involves multiple origin countries and elevated transaction frequency. | Transaction activity is consistent with the synthetic mule-behavior scenario. | Customer interacted with multiple counterparties.,,GENERAL_TRANSACTION_MONITORING,High rule-engine risk,RULE_HIGH_ML_LOW,STANDARD_REVIEW,PENDING_REVIEW,OPEN,,NO,PENDING_HUMAN_REVIEW
AML-CUST002664,CUST002664,P3,MEDIUM,26.25,1,22990.76,6308.8,,,,,,0,0,0,3,RF_FUNNEL_BEHAVIOR | RF_MULE_BEHAVIOR | RF_MULTIPLE_COUNTERPARTIES,Activity involves multiple origin countries and elevated transaction frequency. | Transaction activity is consistent with the synthetic mule-behavior scenario. | Customer interacted with multiple counterparties.,log_amount | transaction_vs_monthly_income | amount_deviation_from_average,GENERAL_TRANSACTION_MONITORING,High rule-engine risk; Behavioral model drivers: log_amount | transaction_vs_monthly_income | amount_deviation_from_average,RULE_HIGH_ML_LOW,STANDARD_REVIEW,PENDING_REVIEW,OPEN,,NO,PENDING_HUMAN_REVIEW
AML-CUST002694,CUST002694,P3,MEDIUM,26.25,1,45579.49,33794.53,,,,,,0,0,0,3,RF_FUNNEL_BEHAVIOR | RF_MULE_BEHAVIOR | RF_MULTIPLE_COUNTERPARTIES,Activity involves multiple origin countries and elevated transaction frequency. | Transaction activity is consistent with the synthetic mule-behavior scenario. | Customer interacted with multiple counterparties.,,GENERAL_TRANSACTION_MONITORING,High rule-engine risk,RULE_HIGH_ML_LOW,STANDARD_REVIEW,PENDING_REVIEW,OPEN,,NO,PENDING_HUMAN_REVIEW
AML-CUST002701,CUST002701,P3,MEDIUM,26.25,1,18404.72,8364.39,,,,,,0,0,0,3,RF_FUNNEL_BEHAVIOR | RF_MULE_BEHAVIOR | RF_MULTIPLE_COUNTERPARTIES,Activity involves multiple origin countries and elevated transaction frequency. | Transaction activity is consistent with the synthetic mule-behavior scenario. | Customer interacted with multiple counterparties.,,GENERAL_TRANSACTION_MONITORING,High rule-engine risk,RULE_HIGH_ML_LOW,STANDARD_REVIEW,PENDING_REVIEW,OPEN,,NO,PENDING_HUMAN_REVIEW
AML-CUST002706,CUST002706,P3,MEDIUM,26.25,1,16317.0,9514.06,,,,,,0,0,0,3,RF_FUNNEL_BEHAVIOR | RF_MULE_BEHAVIOR | RF_MULTIPLE_COUNTERPARTIES,Activity involves multiple origin countries and elevated transaction frequency. | Transaction activity is consistent with the synthetic mule-behavior scenario. | Customer interacted with multiple counterparties.,,GENERAL_TRANSACTION_MONITORING,High rule-engine risk,RULE_HIGH_ML_LOW,STANDARD_REVIEW,PENDING_REVIEW,OPEN,,NO,PENDING_HUMAN_REVIEW
AML-CUST002793,CUST002793,P3,MEDIUM,26.25,1,15736.44,9387.2,,,,,,0,0,0,3,RF_FUNNEL_BEHAVIOR | RF_MULE_BEHAVIOR | RF_MULTIPLE_COUNTERPARTIES,Activity involves multiple origin countries and elevated transaction frequency. | Transaction activity is consistent with the synthetic mule-behavior scenario. | Customer interacted with multiple counterparties.,,GENERAL_TRANSACTION_MONITORING,High rule-engine risk,RULE_HIGH_ML_LOW,STANDARD_REVIEW,PENDING_REVIEW,OPEN,,NO,PENDING_HUMAN_REVIEW
AML-CUST002873,CUST002873,P3,MEDIUM,26.25,1,15358.94,6007.48,,,,,,0,0,0,3,RF_FUNNEL_BEHAVIOR | RF_MULE_BEHAVIOR | RF_MULTIPLE_COUNTERPARTIES,Activity involves multiple origin countries and elevated transaction frequency. | Transaction activity is consistent with the synthetic mule-behavior scenario. | Customer interacted with multiple counterparties.,,GENERAL_TRANSACTION_MONITORING,High rule-engine risk,RULE_HIGH_ML_LOW,STANDARD_REVIEW,PENDING_REVIEW,OPEN,,NO,PENDING_HUMAN_REVIEW
AML-CUST002894,CUST002894,P3,MEDIUM,26.25,1,27463.91,9884.13,,,,,,0,0,0,3,RF_FUNNEL_BEHAVIOR | RF_MULE_BEHAVIOR | RF_MULTIPLE_COUNTERPARTIES,Activity involves multiple origin countries and elevated transaction frequency. | Transaction activity is consistent with the synthetic mule-behavior scenario. | Customer interacted with multiple counterparties.,,GENERAL_TRANSACTION_MONITORING,High rule-engine risk,RULE_HIGH_ML_LOW,STANDARD_REVIEW,PENDING_REVIEW,OPEN,,NO,PENDING_HUMAN_REVIEW
AML-CUST002979,CUST002979,P3,MEDIUM,26.25,1,24168.22,13870.31,,,,,,0,0,0,3,RF_FUNNEL_BEHAVIOR | RF_MULE_BEHAVIOR | RF_MULTIPLE_COUNTERPARTIES,Activity involves multiple origin countries and elevated transaction frequency. | Transaction activity is consistent with the synthetic mule-behavior scenario. | Customer interacted with multiple counterparties.,,GENERAL_TRANSACTION_MONITORING,High rule-engine risk,RULE_HIGH_ML_LOW,STANDARD_REVIEW,PENDING_REVIEW,OPEN,,NO,PENDING_HUMAN_REVIEW
AML-CUST003063,CUST003063,P3,MEDIUM,26.25,1,54162.73,34477.97,,,,,,0,0,0,3,RF_FUNNEL_BEHAVIOR | RF_MULE_BEHAVIOR | RF_MULTIPLE_COUNTERPARTIES,Activity involves multiple origin countries and elevated transaction frequency. | Transaction activity is consistent with the synthetic mule-behavior scenario. | Customer interacted with multiple counterparties.,,GENERAL_TRANSACTION_MONITORING,High rule-engine risk,RULE_HIGH_ML_LOW,STANDARD_REVIEW,PENDING_REVIEW,OPEN,,NO,PENDING_HUMAN_REVIEW
AML-CUST003116,CUST003116,P3,MEDIUM,26.25,1,41985.82,28120.52,,,,,,0,0,0,3,RF_FUNNEL_BEHAVIOR | RF_MULE_BEHAVIOR | RF_MULTIPLE_COUNTERPARTIES,Activity involves multiple origin countries and elevated transaction frequency. | Transaction activity is consistent with the synthetic mule-behavior scenario. | Customer interacted with multiple counterparties.,,GENERAL_TRANSACTION_MONITORING,High rule-engine risk,RULE_HIGH_ML_LOW,STANDARD_REVIEW,PENDING_REVIEW,OPEN,,NO,PENDING_HUMAN_REVIEW
AML-CUST003376,CUST003376,P3,MEDIUM,26.25,1,52100.34,40760.36,,,,,,0,0,0,3,RF_FUNNEL_BEHAVIOR | RF_MULE_BEHAVIOR | RF_MULTIPLE_COUNTERPARTIES,Activity involves multiple origin countries and elevated transaction frequency. | Transaction activity is consistent with the synthetic mule-behavior scenario. | Customer interacted with multiple counterparties.,,GENERAL_TRANSACTION_MONITORING,High rule-engine risk,RULE_HIGH_ML_LOW,STANDARD_REVIEW,PENDING_REVIEW,OPEN,,NO,PENDING_HUMAN_REVIEW
AML-CUST003405,CUST003405,P3,MEDIUM,26.25,1,27830.26,11124.54,,,,,,0,0,0,3,RF_FUNNEL_BEHAVIOR | RF_MULE_BEHAVIOR | RF_MULTIPLE_COUNTERPARTIES,Activity involves multiple origin countries and elevated transaction frequency. | Transaction activity is consistent with the synthetic mule-behavior scenario. | Customer interacted with multiple counterparties.,,GENERAL_TRANSACTION_MONITORING,High rule-engine risk,RULE_HIGH_ML_LOW,STANDARD_REVIEW,PENDING_REVIEW,OPEN,,NO,PENDING_HUMAN_REVIEW
AML-CUST003421,CUST003421,P3,MEDIUM,26.25,1,17235.82,9482.09,,,,,,0,0,0,3,RF_FUNNEL_BEHAVIOR | RF_MULE_BEHAVIOR | RF_MULTIPLE_COUNTERPARTIES,Activity involves multiple origin countries and elevated transaction frequency. | Transaction activity is consistent with the synthetic mule-behavior scenario. | Customer interacted with multiple counterparties.,,GENERAL_TRANSACTION_MONITORING,High rule-engine risk,RULE_HIGH_ML_LOW,STANDARD_REVIEW,PENDING_REVIEW,OPEN,,NO,PENDING_HUMAN_REVIEW
AML-CUST003425,CUST003425,P3,MEDIUM,26.25,1,52455.12,31061.76,,,,,,0,0,0,3,RF_FUNNEL_BEHAVIOR | RF_MULE_BEHAVIOR | RF_MULTIPLE_COUNTERPARTIES,Activity involves multiple origin countries and elevated transaction frequency. | Transaction activity is consistent with the synthetic mule-behavior scenario. | Customer interacted with multiple counterparties.,,GENERAL_TRANSACTION_MONITORING,High rule-engine risk,RULE_HIGH_ML_LOW,STANDARD_REVIEW,PENDING_REVIEW,OPEN,,NO,PENDING_HUMAN_REVIEW
AML-CUST003517,CUST003517,P3,MEDIUM,26.25,1,24120.39,9615.12,,,,,,0,0,0,3,RF_FUNNEL_BEHAVIOR | RF_MULE_BEHAVIOR | RF_MULTIPLE_COUNTERPARTIES,Activity involves multiple origin countries and elevated transaction frequency. | Transaction activity is consistent with the synthetic mule-behavior scenario. | Customer interacted with multiple counterparties.,,GENERAL_TRANSACTION_MONITORING,High rule-engine risk,RULE_HIGH_ML_LOW,STANDARD_REVIEW,PENDING_REVIEW,OPEN,,NO,PENDING_HUMAN_REVIEW
AML-CUST003740,CUST003740,P3,MEDIUM,26.25,1,23716.64,9823.14,,,,,,0,0,0,3,RF_FUNNEL_BEHAVIOR | RF_MULE_BEHAVIOR | RF_MULTIPLE_COUNTERPARTIES,Activity involves multiple origin countries and elevated transaction frequency. | Transaction activity is consistent with the synthetic mule-behavior scenario. | Customer interacted with multiple counterparties.,,GENERAL_TRANSACTION_MONITORING,High rule-engine risk,RULE_HIGH_ML_LOW,STANDARD_REVIEW,PENDING_REVIEW,OPEN,,NO,PENDING_HUMAN_REVIEW
AML-CUST003965,CUST003965,P3,MEDIUM,26.25,1,28562.37,13691.47,,,,,,0,0,0,3,RF_FUNNEL_BEHAVIOR | RF_MULE_BEHAVIOR | RF_MULTIPLE_COUNTERPARTIES,Activity involves multiple origin countries and elevated transaction frequency. | Transaction activity is consistent with the synthetic mule-behavior scenario. | Customer interacted with multiple counterparties.,,GENERAL_TRANSACTION_MONITORING,High rule-engine risk,RULE_HIGH_ML_LOW,STANDARD_REVIEW,PENDING_REVIEW,OPEN,,NO,PENDING_HUMAN_REVIEW
AML-CUST004168,CUST004168,P3,MEDIUM,26.25,1,45425.64,28229.79,,,,,,0,0,0,3,RF_FUNNEL_BEHAVIOR | RF_MULE_BEHAVIOR | RF_MULTIPLE_COUNTERPARTIES,Activity involves multiple origin countries and elevated transaction frequency. | Transaction activity is consistent with the synthetic mule-behavior scenario. | Customer interacted with multiple counterparties.,,GENERAL_TRANSACTION_MONITORING,High rule-engine risk,RULE_HIGH_ML_LOW,STANDARD_REVIEW,PENDING_REVIEW,OPEN,,NO,PENDING_HUMAN_REVIEW
AML-CUST004222,CUST004222,P3,MEDIUM,26.25,1,20905.12,5608.07,,,,,,0,0,0,3,RF_FUNNEL_BEHAVIOR | RF_MULE_BEHAVIOR | RF_MULTIPLE_COUNTERPARTIES,Activity involves multiple origin countries and elevated transaction frequency. | Transaction activity is consistent with the synthetic mule-behavior scenario. | Customer interacted with multiple counterparties.,,GENERAL_TRANSACTION_MONITORING,High rule-engine risk,RULE_HIGH_ML_LOW,STANDARD_REVIEW,PENDING_REVIEW,OPEN,,NO,PENDING_HUMAN_REVIEW
AML-CUST004248,CUST004248,P3,MEDIUM,26.25,1,26771.81,13917.31,,,,,,0,0,0,3,RF_FUNNEL_BEHAVIOR | RF_MULE_BEHAVIOR | RF_MULTIPLE_COUNTERPARTIES,Activity involves multiple origin countries and elevated transaction frequency. | Transaction activity is consistent with the synthetic mule-behavior scenario. | Customer interacted with multiple counterparties.,,GENERAL_TRANSACTION_MONITORING,High rule-engine risk,RULE_HIGH_ML_LOW,STANDARD_REVIEW,PENDING_REVIEW,OPEN,,NO,PENDING_HUMAN_REVIEW
AML-CUST004349,CUST004349,P3,MEDIUM,26.25,1,16874.16,8036.1,,,,,,0,0,0,3,RF_FUNNEL_BEHAVIOR | RF_MULE_BEHAVIOR | RF_MULTIPLE_COUNTERPARTIES,Activity involves multiple origin countries and elevated transaction frequency. | Transaction activity is consistent with the synthetic mule-behavior scenario. | Customer interacted with multiple counterparties.,,GENERAL_TRANSACTION_MONITORING,High rule-engine risk,RULE_HIGH_ML_LOW,STANDARD_REVIEW,PENDING_REVIEW,OPEN,,NO,PENDING_HUMAN_REVIEW
AML-CUST004451,CUST004451,P3,MEDIUM,26.25,1,31486.31,13200.92,,,,,,0,0,0,3,RF_FUNNEL_BEHAVIOR | RF_MULE_BEHAVIOR | RF_MULTIPLE_COUNTERPARTIES,Activity involves multiple origin countries and elevated transaction frequency. | Transaction activity is consistent with the synthetic mule-behavior scenario. | Customer interacted with multiple counterparties.,,GENERAL_TRANSACTION_MONITORING,High rule-engine risk,RULE_HIGH_ML_LOW,STANDARD_REVIEW,PENDING_REVIEW,OPEN,,NO,PENDING_HUMAN_REVIEW
AML-CUST004496,CUST004496,P3,MEDIUM,26.25,1,16883.24,5625.35,,,,,,0,0,0,3,RF_FUNNEL_BEHAVIOR | RF_MULE_BEHAVIOR | RF_MULTIPLE_COUNTERPARTIES,Activity involves multiple origin countries and elevated transaction frequency. | Transaction activity is consistent with the synthetic mule-behavior scenario. | Customer interacted with multiple counterparties.,,GENERAL_TRANSACTION_MONITORING,High rule-engine risk,RULE_HIGH_ML_LOW,STANDARD_REVIEW,PENDING_REVIEW,OPEN,,NO,PENDING_HUMAN_REVIEW
AML-CUST004611,CUST004611,P3,MEDIUM,26.25,1,11771.79,6055.89,,,,,,0,0,0,3,RF_FUNNEL_BEHAVIOR | RF_MULE_BEHAVIOR | RF_MULTIPLE_COUNTERPARTIES,Activity involves multiple origin countries and elevated transaction frequency. | Transaction activity is consistent with the synthetic mule-behavior scenario. | Customer interacted with multiple counterparties.,,GENERAL_TRANSACTION_MONITORING,High rule-engine risk,RULE_HIGH_ML_LOW,STANDARD_REVIEW,PENDING_REVIEW,OPEN,,NO,PENDING_HUMAN_REVIEW
AML-CUST004726,CUST004726,P3,MEDIUM,26.25,1,50682.29,26055.01,,,,,,0,0,0,3,RF_FUNNEL_BEHAVIOR | RF_MULE_BEHAVIOR | RF_MULTIPLE_COUNTERPARTIES,Activity involves multiple origin countries and elevated transaction frequency. | Transaction activity is consistent with the synthetic mule-behavior scenario. | Customer interacted with multiple counterparties.,,GENERAL_TRANSACTION_MONITORING,High rule-engine risk,RULE_HIGH_ML_LOW,STANDARD_REVIEW,PENDING_REVIEW,OPEN,,NO,PENDING_HUMAN_REVIEW
AML-CUST004763,CUST004763,P3,MEDIUM,26.25,1,18509.65,5628.41,,,,,,0,0,0,3,RF_FUNNEL_BEHAVIOR | RF_MULE_BEHAVIOR | RF_MULTIPLE_COUNTERPARTIES,Activity involves multiple origin countries and elevated transaction frequency. | Transaction activity is consistent with the synthetic mule-behavior scenario. | Customer interacted with multiple counterparties.,,GENERAL_TRANSACTION_MONITORING,High rule-engine risk,RULE_HIGH_ML_LOW,STANDARD_REVIEW,PENDING_REVIEW,OPEN,,NO,PENDING_HUMAN_REVIEW
AML-CUST004779,CUST004779,P3,MEDIUM,26.25,1,33154.79,9421.13,,,,,,0,0,0,3,RF_FUNNEL_BEHAVIOR | RF_MULE_BEHAVIOR | RF_MULTIPLE_COUNTERPARTIES,Activity involves multiple origin countries and elevated transaction frequency. | Transaction activity is consistent with the synthetic mule-behavior scenario. | Customer interacted with multiple counterparties.,,GENERAL_TRANSACTION_MONITORING,High rule-engine risk,RULE_HIGH_ML_LOW,STANDARD_REVIEW,PENDING_REVIEW,OPEN,,NO,PENDING_HUMAN_REVIEW
AML-CUST004812,CUST004812,P3,MEDIUM,26.25,1,33389.71,14883.21,,,,,,0,0,0,3,RF_FUNNEL_BEHAVIOR | RF_MULE_BEHAVIOR | RF_MULTIPLE_COUNTERPARTIES,Activity involves multiple origin countries and elevated transaction frequency. | Transaction activity is consistent with the synthetic mule-behavior scenario. | Customer interacted with multiple counterparties.,,GENERAL_TRANSACTION_MONITORING,High rule-engine risk,RULE_HIGH_ML_LOW,STANDARD_REVIEW,PENDING_REVIEW,OPEN,,NO,PENDING_HUMAN_REVIEW
AML-CUST004847,CUST004847,P3,MEDIUM,26.25,1,26734.74,13550.32,,,,,,0,0,0,3,RF_FUNNEL_BEHAVIOR | RF_MULE_BEHAVIOR | RF_MULTIPLE_COUNTERPARTIES,Activity involves multiple origin countries and elevated transaction frequency. | Transaction activity is consistent with the synthetic mule-behavior scenario. | Customer interacted with multiple counterparties.,,GENERAL_TRANSACTION_MONITORING,High rule-engine risk,RULE_HIGH_ML_LOW,STANDARD_REVIEW,PENDING_REVIEW,OPEN,,NO,PENDING_HUMAN_REVIEW
AML-CUST004902,CUST004902,P3,MEDIUM,26.25,1,47980.86,27885.78,,,,,,0,0,0,3,RF_FUNNEL_BEHAVIOR | RF_MULE_BEHAVIOR | RF_MULTIPLE_COUNTERPARTIES,Activity involves multiple origin countries and elevated transaction frequency. | Transaction activity is consistent with the synthetic mule-behavior scenario. | Customer interacted with multiple counterparties.,,GENERAL_TRANSACTION_MONITORING,High rule-engine risk,RULE_HIGH_ML_LOW,STANDARD_REVIEW,PENDING_REVIEW,OPEN,,NO,PENDING_HUMAN_REVIEW
AML-CUST000323,CUST000323,P3,MEDIUM,25.0,10,20354.59,5143.27,,,,,,0,0,1,3,RF_ADVERSE_MEDIA | RF_FUNNEL_BEHAVIOR | RF_MULTIPLE_COUNTERPARTIES,Customer has an adverse-media indicator in the synthetic dataset. | Activity involves multiple origin countries and elevated transaction frequency. | Customer interacted with multiple counterparties.,,GENERAL_TRANSACTION_MONITORING,High rule-engine risk; Adverse media indicator,RULE_HIGH_ML_LOW,STANDARD_REVIEW,PENDING_REVIEW,OPEN,,NO,PENDING_HUMAN_REVIEW
AML-CUST001159,CUST001159,P3,MEDIUM,25.0,9,14368.55,6040.1,,,,,,0,0,1,3,RF_ADVERSE_MEDIA | RF_FUNNEL_BEHAVIOR | RF_MULTIPLE_COUNTERPARTIES,Customer has an adverse-media indicator in the synthetic dataset. | Activity involves multiple origin countries and elevated transaction frequency. | Customer interacted with multiple counterparties.,,GENERAL_TRANSACTION_MONITORING,High rule-engine risk; Adverse media indicator,RULE_HIGH_ML_LOW,STANDARD_REVIEW,PENDING_REVIEW,OPEN,,NO,PENDING_HUMAN_REVIEW
AML-CUST001230,CUST001230,P3,MEDIUM,25.0,12,14538.43,8891.04,,,,,,0,0,1,3,RF_ADVERSE_MEDIA | RF_FUNNEL_BEHAVIOR | RF_MULTIPLE_COUNTERPARTIES,Customer has an adverse-media indicator in the synthetic dataset. | Activity involves multiple origin countries and elevated transaction frequency. | Customer interacted with multiple counterparties.,adverse_media_flag | customer_min_transaction | amount_vs_customer_average | transaction_month | log_amount | international_ratio_24h,GENERAL_TRANSACTION_MONITORING,High rule-engine risk; Adverse media indicator; Behavioral model drivers: log_amount | transaction_month | international_ratio_24h,RULE_HIGH_ML_LOW,STANDARD_REVIEW,PENDING_REVIEW,OPEN,,NO,PENDING_HUMAN_REVIEW
AML-CUST001414,CUST001414,P3,MEDIUM,25.0,12,7062.19,5913.33,,,,,,0,0,1,3,RF_ADVERSE_MEDIA | RF_FUNNEL_BEHAVIOR | RF_MULTIPLE_COUNTERPARTIES,Customer has an adverse-media indicator in the synthetic dataset. | Activity involves multiple origin countries and elevated transaction frequency. | Customer interacted with multiple counterparties.,,GENERAL_TRANSACTION_MONITORING,High rule-engine risk; Adverse media indicator,RULE_HIGH_ML_LOW,STANDARD_REVIEW,PENDING_REVIEW,OPEN,,NO,PENDING_HUMAN_REVIEW
AML-CUST001421,CUST001421,P3,MEDIUM,25.0,7,13920.69,7669.49,,,,,,0,0,1,3,RF_ADVERSE_MEDIA | RF_FUNNEL_BEHAVIOR | RF_MULTIPLE_COUNTERPARTIES,Customer has an adverse-media indicator in the synthetic dataset. | Activity involves multiple origin countries and elevated transaction frequency. | Customer interacted with multiple counterparties.,,GENERAL_TRANSACTION_MONITORING,High rule-engine risk; Adverse media indicator,RULE_HIGH_ML_LOW,STANDARD_REVIEW,PENDING_REVIEW,OPEN,,NO,PENDING_HUMAN_REVIEW
AML-CUST001427,CUST001427,P3,MEDIUM,25.0,10,14977.58,6910.36,,,,,,0,0,1,3,RF_ADVERSE_MEDIA | RF_FUNNEL_BEHAVIOR | RF_MULTIPLE_COUNTERPARTIES,Customer has an adverse-media indicator in the synthetic dataset. | Activity involves multiple origin countries and elevated transaction frequency. | Customer interacted with multiple counterparties.,,GENERAL_TRANSACTION_MONITORING,High rule-engine risk; Adverse media indicator,RULE_HIGH_ML_LOW,STANDARD_REVIEW,PENDING_REVIEW,OPEN,,NO,PENDING_HUMAN_REVIEW
AML-CUST001436,CUST001436,P3,MEDIUM,25.0,9,5680.75,4499.29,,,,,,0,0,1,3,RF_ADVERSE_MEDIA | RF_FUNNEL_BEHAVIOR | RF_MULTIPLE_COUNTERPARTIES,Customer has an adverse-media indicator in the synthetic dataset. | Activity involves multiple origin countries and elevated transaction frequency. | Customer interacted with multiple counterparties.,,GENERAL_TRANSACTION_MONITORING,High rule-engine risk; Adverse media indicator,RULE_HIGH_ML_LOW,STANDARD_REVIEW,PENDING_REVIEW,OPEN,,NO,PENDING_HUMAN_REVIEW
AML-CUST001571,CUST001571,P3,MEDIUM,25.0,8,3420.4,1152.26,,,,,,0,0,1,3,RF_ADVERSE_MEDIA | RF_FUNNEL_BEHAVIOR | RF_MULTIPLE_COUNTERPARTIES,Customer has an adverse-media indicator in the synthetic dataset. | Activity involves multiple origin countries and elevated transaction frequency. | Customer interacted with multiple counterparties.,,GENERAL_TRANSACTION_MONITORING,High rule-engine risk; Adverse media indicator,RULE_HIGH_ML_LOW,STANDARD_REVIEW,PENDING_REVIEW,OPEN,,NO,PENDING_HUMAN_REVIEW
AML-CUST001703,CUST001703,P3,MEDIUM,25.0,15,18685.39,11432.39,,,,,,0,0,1,3,RF_ADVERSE_MEDIA | RF_FUNNEL_BEHAVIOR | RF_MULTIPLE_COUNTERPARTIES,Customer has an adverse-media indicator in the synthetic dataset. | Activity involves multiple origin countries and elevated transaction frequency. | Customer interacted with multiple counterparties.,transaction_month | adverse_media_flag | amount_vs_customer_average,GENERAL_TRANSACTION_MONITORING,High rule-engine risk; Adverse media indicator,RULE_HIGH_ML_LOW,STANDARD_REVIEW,PENDING_REVIEW,OPEN,,NO,PENDING_HUMAN_REVIEW
AML-CUST002183,CUST002183,P3,MEDIUM,25.0,11,13350.0,6906.3,,,,,,0,0,1,3,RF_ADVERSE_MEDIA | RF_FUNNEL_BEHAVIOR | RF_MULTIPLE_COUNTERPARTIES,Customer has an adverse-media indicator in the synthetic dataset. | Activity involves multiple origin countries and elevated transaction frequency. | Customer interacted with multiple counterparties.,,GENERAL_TRANSACTION_MONITORING,High rule-engine risk; Adverse media indicator,RULE_HIGH_ML_LOW,STANDARD_REVIEW,PENDING_REVIEW,OPEN,,NO,PENDING_HUMAN_REVIEW
AML-CUST002433,CUST002433,P3,MEDIUM,25.0,10,14682.06,8883.47,,,,,,0,0,1,3,RF_ADVERSE_MEDIA | RF_FUNNEL_BEHAVIOR | RF_MULTIPLE_COUNTERPARTIES,Customer has an adverse-media indicator in the synthetic dataset. | Activity involves multiple origin countries and elevated transaction frequency. | Customer interacted with multiple counterparties.,log_amount | transaction_hour | transaction_month,GENERAL_TRANSACTION_MONITORING,High rule-engine risk; Adverse media indicator,RULE_HIGH_ML_LOW,STANDARD_REVIEW,PENDING_REVIEW,OPEN,,NO,PENDING_HUMAN_REVIEW
AML-CUST002683,CUST002683,P3,MEDIUM,25.0,13,14805.0,4560.75,,,,,,0,0,1,3,RF_ADVERSE_MEDIA | RF_FUNNEL_BEHAVIOR | RF_MULTIPLE_COUNTERPARTIES,Customer has an adverse-media indicator in the synthetic dataset. | Activity involves multiple origin countries and elevated transaction frequency. | Customer interacted with multiple counterparties.,,GENERAL_TRANSACTION_MONITORING,High rule-engine risk; Adverse media indicator,RULE_HIGH_ML_LOW,STANDARD_REVIEW,PENDING_REVIEW,OPEN,,NO,PENDING_HUMAN_REVIEW
AML-CUST002884,CUST002884,P3,MEDIUM,25.0,13,13793.84,9882.74,,,,,,0,0,1,3,RF_ADVERSE_MEDIA | RF_FUNNEL_BEHAVIOR | RF_MULTIPLE_COUNTERPARTIES,Customer has an adverse-media indicator in the synthetic dataset. | Activity involves multiple origin countries and elevated transaction frequency. | Customer interacted with multiple counterparties.,,GENERAL_TRANSACTION_MONITORING,High rule-engine risk; Adverse media indicator,RULE_HIGH_ML_LOW,STANDARD_REVIEW,PENDING_REVIEW,OPEN,,NO,PENDING_HUMAN_REVIEW
AML-CUST003326,CUST003326,P3,MEDIUM,25.0,10,9358.16,4770.96,,,,,,0,0,1,3,RF_ADVERSE_MEDIA | RF_FUNNEL_BEHAVIOR | RF_MULTIPLE_COUNTERPARTIES,Customer has an adverse-media indicator in the synthetic dataset. | Activity involves multiple origin countries and elevated transaction frequency. | Customer interacted with multiple counterparties.,transaction_hour | channel_transaction_ratio | adverse_media_flag,GENERAL_TRANSACTION_MONITORING,High rule-engine risk; Adverse media indicator,RULE_HIGH_ML_LOW,STANDARD_REVIEW,PENDING_REVIEW,OPEN,,NO,PENDING_HUMAN_REVIEW
AML-CUST003586,CUST003586,P3,MEDIUM,25.0,9,12298.57,3107.95,,,,,,0,0,1,3,RF_ADVERSE_MEDIA | RF_FUNNEL_BEHAVIOR | RF_MULTIPLE_COUNTERPARTIES,Customer has an adverse-media indicator in the synthetic dataset. | Activity involves multiple origin countries and elevated transaction frequency. | Customer interacted with multiple counterparties.,,GENERAL_TRANSACTION_MONITORING,High rule-engine risk; Adverse media indicator,RULE_HIGH_ML_LOW,STANDARD_REVIEW,PENDING_REVIEW,OPEN,,NO,PENDING_HUMAN_REVIEW
AML-CUST003753,CUST003753,P3,MEDIUM,25.0,12,10830.31,6691.26,,,,,,0,0,1,3,RF_ADVERSE_MEDIA | RF_FUNNEL_BEHAVIOR | RF_MULTIPLE_COUNTERPARTIES,Customer has an adverse-media indicator in the synthetic dataset. | Activity involves multiple origin countries and elevated transaction frequency. | Customer interacted with multiple counterparties.,,GENERAL_TRANSACTION_MONITORING,High rule-engine risk; Adverse media indicator,RULE_HIGH_ML_LOW,STANDARD_REVIEW,PENDING_REVIEW,OPEN,,NO,PENDING_HUMAN_REVIEW
AML-CUST004579,CUST004579,P3,MEDIUM,25.0,12,16338.05,5788.16,,,,,,0,0,1,3,RF_ADVERSE_MEDIA | RF_FUNNEL_BEHAVIOR | RF_MULTIPLE_COUNTERPARTIES,Customer has an adverse-media indicator in the synthetic dataset. | Activity involves multiple origin countries and elevated transaction frequency. | Customer interacted with multiple counterparties.,transaction_hour | log_amount | adverse_media_flag,GENERAL_TRANSACTION_MONITORING,High rule-engine risk; Adverse media indicator,RULE_HIGH_ML_LOW,STANDARD_REVIEW,PENDING_REVIEW,OPEN,,NO,PENDING_HUMAN_REVIEW
AML-CUST004991,CUST004991,P3,MEDIUM,25.0,15,18833.2,10168.88,,,,,,0,0,1,3,RF_ADVERSE_MEDIA | RF_FUNNEL_BEHAVIOR | RF_MULTIPLE_COUNTERPARTIES,Customer has an adverse-media indicator in the synthetic dataset. | Activity involves multiple origin countries and elevated transaction frequency. | Customer interacted with multiple counterparties.,transaction_month | adverse_media_flag | cash_ratio_24h,GENERAL_TRANSACTION_MONITORING,High rule-engine risk; Adverse media indicator,RULE_HIGH_ML_LOW,STANDARD_REVIEW,PENDING_REVIEW,OPEN,,NO,PENDING_HUMAN_REVIEW
