customer_id,customer_type,state,occupation,annual_income_usd,customer_since,pep_flag,sanctions_flag,adverse_media_flag,expected_monthly_volume_usd,risk_rating
CUST000001,Individual,TX,Lawyer,166539.36,2021-08-07,0,0,1,13749.17,MEDIUM
CUST000002,Business,PA,Lawyer,94395.47,2017-03-26,0,0,0,10145.36,LOW
CUST000003,Individual,GA,Lawyer,53393.31,2023-04-19,0,0,0,6510.28,LOW
CUST000004,Individual,TX,Trader,41485.77,2021-10-18,0,0,0,5551.54,LOW
CUST000005,Individual,NJ,Construction Worker,157105.22,2017-05-06,0,0,0,12886.77,LOW
CUST000006,Individual,FL,Small Business Owner,32541.92,2024-04-11,0,0,0,2291.65,LOW
CUST000007,Individual,OH,Teacher,70102.57,2022-07-21,0,0,0,10369.51,LOW
CUST000008,Business,IL,Construction Worker,348763.62,2020-11-29,0,0,0,18828.34,LOW
CUST000009,Individual,OH,Restaurant Owner,53497.05,2023-06-10,0,0,0,2822.0,LOW
CUST000010,Individual,IL,Student,32814.95,2025-06-27,0,0,0,3754.88,LOW
CUST000011,Individual,GA,Student,23806.07,2024-12-05,0,0,0,1129.77,LOW
CUST000012,Business,OH,Software Engineer,357841.8,2020-07-13,0,0,0,26811.7,LOW
CUST000013,Business,IL,Lawyer,94075.32,2025-07-21,0,0,0,5790.18,LOW
CUST000014,Individual,OH,Consultant,42631.31,2024-05-26,0,0,0,1964.83,LOW
CUST000015,Individual,CO,Lawyer,66323.83,2018-10-06,0,0,0,6464.15,LOW
CUST000016,Individual,TX,Software Engineer,48743.26,2024-12-15,0,0,0,3494.35,LOW
CUST000017,Individual,MA,Accountant,22335.49,2024-01-03,0,0,0,1848.92,LOW
CUST000018,Individual,IL,Construction Worker,125181.47,2023-03-05,0,0,0,6194.34,LOW
CUST000019,Individual,GA,Doctor,76666.62,2018-07-28,0,0,0,9275.38,LOW
CUST000020,Individual,IL,Doctor,118596.57,2025-01-01,0,0,0,7630.39,LOW
CUST000021,Individual,IL,Accountant,75320.02,2024-01-03,0,0,0,5109.69,LOW
CUST000022,Individual,WA,Restaurant Owner,81679.05,2022-07-15,0,0,0,4616.44,LOW
CUST000023,Individual,CO,Doctor,17546.48,2021-07-26,0,0,0,1391.44,LOW
CUST000024,Individual,TX,Construction Worker,135312.8,2023-02-27,0,0,0,11223.8,LOW
CUST000025,Individual,NC,Doctor,36969.26,2024-11-10,0,0,0,3371.91,LOW
CUST000026,Individual,NJ,Lawyer,43668.8,2020-07-31,0,0,0,6373.29,LOW
CUST000027,Individual,NY,Trader,53216.64,2025-07-16,0,0,0,7348.5,LOW
CUST000028,Individual,MA,Accountant,19674.9,2025-05-26,0,0,0,1990.59,LOW
CUST000029,Individual,IL,Teacher,51358.29,2017-05-17,0,0,0,1533.71,LOW
CUST000030,Individual,PA,Small Business Owner,49085.73,2017-05-10,0,0,1,4983.8,MEDIUM
CUST000031,Individual,IL,Small Business Owner,58668.11,2020-05-03,0,0,0,2124.29,LOW
CUST000032,Individual,WA,Software Engineer,24821.78,2019-10-15,0,0,0,2824.55,LOW
CUST000033,Individual,OH,Sales Manager,137070.98,2018-03-08,0,0,0,10110.32,LOW
CUST000034,Business,NJ,Retail Worker,97146.96,2025-08-07,0,0,0,12601.13,LOW
CUST000035,Business,PA,Construction Worker,42771.07,2024-02-01,0,0,0,6108.4,LOW
CUST000036,Individual,MA,Software Engineer,51392.02,2023-07-11,0,0,0,3964.32,LOW
CUST000037,Individual,PA,Lawyer,129319.3,2024-01-18,0,0,0,10677.82,LOW
CUST000038,Individual,NC,Student,63442.21,2024-02-19,0,0,0,6266.09,LOW
CUST000039,Individual,TX,Sales Manager,33486.41,2019-06-28,0,0,0,1662.32,LOW
CUST000040,Individual,GA,Real Estate Agent,71033.63,2025-06-15,0,0,0,10009.82,LOW
CUST000041,Individual,MD,Doctor,36980.48,2022-07-07,0,0,0,2926.08,LOW
CUST000042,Individual,GA,Doctor,47340.71,2024-01-02,0,0,0,2170.69,LOW
CUST000043,Individual,MD,Restaurant Owner,72572.24,2017-07-28,0,0,0,8733.45,LOW
CUST000044,Business,MA,Small Business Owner,148914.98,2025-11-04,0,0,0,7802.24,LOW
CUST000045,Individual,VA,Software Engineer,279401.33,2022-06-08,1,0,0,11997.82,HIGH
CUST000046,Individual,NJ,Real Estate Agent,181851.11,2017-02-27,0,0,0,17341.14,LOW
CUST000047,Individual,VA,Small Business Owner,71577.56,2022-07-01,0,0,0,7797.44,LOW
CUST000048,Individual,GA,Doctor,325305.74,2024-11-03,0,0,0,31292.9,LOW
CUST000049,Individual,MD,Lawyer,107809.22,2020-09-30,0,0,0,11542.47,LOW
CUST000050,Individual,CA,Student,39673.78,2019-11-04,0,0,0,1564.75,LOW
CUST000051,Business,WA,Restaurant Owner,79753.89,2020-10-14,0,0,0,6739.38,LOW
CUST000052,Individual,MA,Software Engineer,48934.97,2018-01-12,0,0,0,3407.21,LOW
CUST000053,Business,MA,Restaurant Owner,33326.38,2023-04-10,0,0,0,4888.02,LOW
CUST000054,Business,NY,Lawyer,34961.33,2019-09-20,0,0,0,1090.9,LOW
CUST000055,Individual,NY,Software Engineer,68155.09,2025-10-22,0,0,0,4245.16,LOW
CUST000056,Business,TX,Consultant,122452.35,2025-01-17,0,0,0,17477.96,LOW
CUST000057,Individual,MD,Consultant,150177.85,2018-02-19,0,0,0,22216.86,LOW
CUST000058,Individual,CO,Trader,33395.51,2018-01-29,0,0,0,4278.39,LOW
CUST000059,Individual,TX,Small Business Owner,61582.02,2018-12-30,0,0,0,2124.57,LOW
CUST000060,Individual,NY,Accountant,102901.48,2017-12-24,0,0,1,9793.07,MEDIUM
CUST000061,Individual,VA,Trader,82780.8,2021-05-19,0,0,0,6209.83,LOW
CUST000062,Individual,GA,Construction Worker,117794.7,2020-03-27,0,0,1,14819.35,MEDIUM
CUST000063,Business,FL,Restaurant Owner,56539.37,2024-06-14,0,0,0,1802.36,LOW
CUST000064,Individual,MA,Accountant,171551.41,2022-08-28,0,0,1,8516.0,MEDIUM
CUST000065,Individual,NC,Restaurant Owner,74793.49,2024-08-07,0,0,0,6443.41,LOW
CUST000066,Individual,CA,Doctor,122732.7,2024-02-22,0,0,0,5486.88,LOW
CUST000067,Individual,MA,Retail Worker,58556.1,2021-05-11,0,0,0,6534.24,LOW
CUST000068,Individual,IL,Restaurant Owner,77901.27,2025-07-27,0,0,0,9939.88,LOW
CUST000069,Individual,NJ,Trader,26577.67,2017-06-04,0,0,0,3005.0,LOW
CUST000070,Business,WA,Doctor,43536.39,2021-05-10,0,0,0,3484.46,LOW
CUST000071,Individual,FL,Real Estate Agent,65538.43,2021-04-04,0,0,0,8834.48,LOW
CUST000072,Individual,CA,Consultant,80040.13,2018-05-02,0,0,0,3378.56,LOW
CUST000073,Individual,IL,Lawyer,428490.74,2023-01-08,0,0,0,24656.35,LOW
CUST000074,Individual,TX,Trader,58513.24,2020-10-14,0,0,0,5043.4,LOW
CUST000075,Individual,CA,Accountant,30651.2,2023-08-13,0,0,0,1001.29,LOW
CUST000076,Individual,VA,Sales Manager,226807.85,2019-12-07,0,0,0,8382.98,LOW
CUST000077,Individual,NY,Trader,151219.53,2023-03-05,0,0,0,11293.14,LOW
CUST000078,Individual,MA,Retail Worker,35366.15,2023-11-03,0,0,0,5056.86,LOW
CUST000079,Individual,CA,Student,101484.74,2021-02-15,0,0,1,14060.88,MEDIUM
CUST000080,Individual,NJ,Consultant,129072.25,2022-02-19,0,0,0,10744.86,LOW
CUST000081,Business,PA,Accountant,83427.2,2019-07-13,0,0,1,3568.17,MEDIUM
CUST000082,Individual,NC,Small Business Owner,92691.09,2024-07-07,0,0,0,4380.9,LOW
CUST000083,Individual,TX,Retail Worker,49725.69,2024-03-02,0,0,0,3589.86,LOW
CUST000084,Individual,OH,Student,104058.29,2022-12-31,0,0,0,5333.95,LOW
CUST000085,Individual,CO,Teacher,54494.94,2025-09-04,0,0,0,1927.59,LOW
CUST000086,Individual,WA,Lawyer,13436.59,2019-12-07,0,0,0,1467.57,LOW
CUST000087,Individual,CO,Lawyer,85205.07,2017-07-10,0,0,0,8322.92,LOW
CUST000088,Individual,VA,Lawyer,25232.2,2017-05-20,0,0,0,1549.56,LOW
CUST000089,Business,WA,Doctor,144931.23,2018-09-07,0,0,0,17735.02,LOW
CUST000090,Individual,CA,Teacher,35961.72,2025-02-20,0,0,0,4387.1,LOW
CUST000091,Individual,PA,Sales Manager,15226.47,2021-02-23,0,0,0,1315.19,LOW
CUST000092,Individual,MA,Doctor,23746.83,2025-07-18,0,0,0,880.21,LOW
CUST000093,Individual,OH,Software Engineer,73005.03,2018-09-16,0,0,0,10206.74,LOW
CUST000094,Individual,VA,Construction Worker,84666.35,2020-09-01,0,0,0,9193.29,LOW
CUST000095,Individual,IL,Retail Worker,29942.36,2020-09-07,0,0,0,1673.22,LOW
CUST000096,Individual,FL,Lawyer,37353.84,2017-03-28,0,0,0,3784.2,LOW
CUST000097,Individual,MA,Teacher,74607.67,2022-04-02,0,0,1,5642.41,MEDIUM
CUST000098,Individual,IL,Construction Worker,141095.39,2017-10-09,0,0,0,14733.0,LOW
CUST000099,Individual,FL,Retail Worker,34155.88,2024-09-12,0,0,0,2877.08,LOW
CUST000100,Individual,PA,Accountant,95961.98,2020-01-03,0,0,0,8222.41,LOW
CUST000101,Individual,FL,Small Business Owner,24223.89,2018-03-29,0,0,0,2833.84,LOW
CUST000102,Individual,NC,Software Engineer,92094.55,2017-02-16,0,0,0,9367.46,LOW
CUST000103,Individual,MA,Accountant,122578.66,2021-05-31,0,0,0,4289.53,LOW
CUST000104,Individual,VA,Doctor,105448.47,2025-09-03,0,0,0,3497.9,LOW
CUST000105,Business,NC,Small Business Owner,143143.36,2025-03-05,0,0,0,9036.09,LOW
CUST000106,Individual,MD,Sales Manager,137073.97,2022-09-10,0,0,0,10798.79,LOW
CUST000107,Individual,NJ,Construction Worker,249134.72,2024-01-26,0,0,0,14799.3,LOW
CUST000108,Individual,CA,Retail Worker,80486.55,2022-08-27,0,0,0,8566.38,LOW
CUST000109,Individual,IL,Restaurant Owner,249614.45,2025-12-28,0,0,0,12328.08,LOW
CUST000110,Individual,NJ,Small Business Owner,40602.26,2021-08-11,0,0,0,4588.77,LOW
CUST000111,Individual,IL,Construction Worker,65628.89,2020-06-12,0,0,0,7983.35,LOW
CUST000112,Individual,VA,Real Estate Agent,69598.02,2018-01-27,0,0,0,2821.5,LOW
CUST000113,Business,CA,Student,38079.58,2025-05-13,0,0,0,4049.79,LOW
CUST000114,Individual,MD,Teacher,16168.42,2017-12-20,0,0,0,2347.32,LOW
CUST000115,Individual,GA,Retail Worker,131964.38,2017-11-01,0,0,0,6479.84,LOW
CUST000116,Business,FL,Consultant,40977.82,2021-06-11,0,0,0,5682.1,LOW
CUST000117,Individual,PA,Consultant,57797.72,2021-04-23,0,0,0,5823.47,LOW
CUST000118,Individual,GA,Student,210075.82,2021-04-13,0,0,0,20769.8,LOW
CUST000119,Business,GA,Small Business Owner,108781.73,2021-06-01,0,0,0,3425.57,LOW
CUST000120,Individual,WA,Doctor,232438.47,2022-05-03,0,0,0,27552.68,LOW
CUST000121,Individual,NY,Sales Manager,81112.19,2024-01-01,0,0,0,6877.03,LOW
CUST000122,Business,MA,Construction Worker,107614.82,2018-12-13,0,0,0,12391.5,LOW
CUST000123,Individual,NJ,Trader,64138.94,2020-11-19,0,0,0,8090.98,LOW
CUST000124,Individual,NJ,Construction Worker,43199.79,2024-06-25,0,0,0,3908.48,LOW
CUST000125,Individual,NJ,Sales Manager,107356.33,2019-02-25,0,0,0,6221.89,LOW
CUST000126,Individual,NC,Consultant,56495.01,2019-05-07,0,0,0,2412.14,LOW
CUST000127,Individual,VA,Construction Worker,114026.1,2017-06-26,0,0,0,5138.35,LOW
CUST000128,Business,NJ,Student,51763.4,2020-11-30,0,0,0,6903.52,LOW
CUST000129,Individual,VA,Construction Worker,66919.41,2023-06-07,0,0,0,2706.71,LOW
CUST000130,Individual,MA,Doctor,70495.9,2023-10-29,0,0,0,5152.32,LOW
CUST000131,Individual,GA,Teacher,151035.57,2025-10-04,0,0,0,10086.81,LOW
CUST000132,Individual,MD,Real Estate Agent,56920.84,2022-08-31,0,0,0,7580.83,LOW
CUST000133,Individual,MA,Teacher,162232.69,2025-05-22,0,0,0,13743.0,LOW
CUST000134,Individual,NJ,Real Estate Agent,41651.38,2018-12-12,0,0,0,6229.21,LOW
CUST000135,Business,NY,Restaurant Owner,89379.88,2024-07-11,0,0,0,10469.23,LOW
CUST000136,Individual,TX,Sales Manager,47968.65,2022-02-11,0,0,0,6301.42,LOW
CUST000137,Individual,CA,Lawyer,154891.19,2017-06-01,0,0,0,5782.71,LOW
CUST000138,Individual,NJ,Teacher,44051.39,2025-11-06,0,0,0,2494.97,LOW
CUST000139,Individual,PA,Student,47068.87,2024-12-16,0,0,0,1973.63,LOW
CUST000140,Business,TX,Software Engineer,33144.99,2021-01-06,0,0,0,2749.47,LOW
CUST000141,Business,MA,Restaurant Owner,80195.27,2017-04-06,0,0,0,9205.29,LOW
CUST000142,Individual,PA,Real Estate Agent,110130.91,2020-01-04,0,0,0,5080.66,LOW
CUST000143,Individual,PA,Sales Manager,102670.22,2025-01-04,0,0,0,4237.31,LOW
CUST000144,Individual,IL,Real Estate Agent,68287.96,2018-10-02,0,0,0,6953.5,LOW
CUST000145,Individual,PA,Restaurant Owner,48819.82,2020-03-02,0,0,0,2625.97,LOW
CUST000146,Individual,NJ,Real Estate Agent,62573.77,2023-09-14,0,0,0,5313.49,LOW
CUST000147,Individual,IL,Sales Manager,64144.86,2025-10-16,0,0,0,2013.49,LOW
CUST000148,Individual,WA,Retail Worker,88383.46,2023-04-13,0,0,0,9728.95,LOW
CUST000149,Individual,MD,Software Engineer,84520.36,2017-04-22,0,0,0,7832.04,LOW
CUST000150,Individual,GA,Student,232364.09,2020-04-08,0,0,0,24613.83,LOW
CUST000151,Business,PA,Lawyer,76957.36,2021-06-11,0,0,0,4573.25,LOW
CUST000152,Individual,NY,Trader,94822.69,2021-06-22,0,0,0,5672.8,LOW
CUST000153,Individual,OH,Retail Worker,78565.63,2020-03-07,0,0,0,9834.07,LOW
CUST000154,Individual,CA,Real Estate Agent,60649.49,2021-06-06,0,0,0,6963.79,LOW
CUST000155,Business,PA,Lawyer,94409.01,2020-06-13,0,0,0,9201.68,LOW
CUST000156,Individual,VA,Teacher,57057.45,2021-07-30,0,0,0,5906.47,LOW
CUST000157,Individual,WA,Retail Worker,72214.94,2024-10-12,0,0,0,2654.3,LOW
CUST000158,Individual,FL,Teacher,159335.6,2025-06-02,0,0,0,21035.71,LOW
CUST000159,Individual,VA,Restaurant Owner,54707.7,2021-05-14,0,0,0,6632.67,LOW
CUST000160,Individual,MA,Construction Worker,96472.85,2022-12-04,0,0,0,9532.62,LOW
CUST000161,Individual,OH,Lawyer,14948.5,2021-02-04,0,0,0,2090.16,LOW
CUST000162,Individual,MA,Accountant,66487.54,2025-10-08,0,0,0,3063.73,LOW
CUST000163,Individual,MD,Small Business Owner,54467.87,2025-03-01,0,0,0,6036.79,LOW
CUST000164,Individual,WA,Sales Manager,81097.93,2020-05-09,0,0,0,11789.43,LOW
CUST000165,Individual,FL,Lawyer,64324.09,2017-10-19,0,0,0,4100.73,LOW
CUST000166,Business,MA,Real Estate Agent,82226.26,2023-07-18,0,0,0,2212.84,LOW
CUST000167,Individual,MA,Accountant,58636.36,2019-10-12,0,0,0,6852.15,LOW
CUST000168,Individual,MA,Software Engineer,96409.59,2021-06-22,0,0,0,2494.36,LOW
CUST000169,Individual,WA,Teacher,24605.52,2020-05-24,0,0,0,3298.78,LOW
CUST000170,Individual,OH,Retail Worker,80632.85,2021-07-18,0,0,0,2583.29,LOW
CUST000171,Individual,GA,Accountant,40787.95,2018-08-08,0,0,0,4347.82,LOW
CUST000172,Individual,CA,Doctor,160228.57,2022-03-29,0,0,0,11560.17,LOW
CUST000173,Individual,WA,Real Estate Agent,40362.41,2022-07-20,0,0,0,2034.98,LOW
CUST000174,Individual,FL,Lawyer,143219.95,2021-02-01,0,0,0,19661.56,LOW
CUST000175,Individual,PA,Accountant,74439.89,2017-01-27,0,0,0,8804.8,LOW
CUST000176,Individual,MD,Trader,22846.37,2021-08-28,0,0,0,1543.39,LOW
CUST000177,Individual,GA,Retail Worker,42432.49,2018-03-31,0,0,0,2567.98,LOW
CUST000178,Individual,NC,Lawyer,130133.23,2019-07-07,0,0,0,15225.79,LOW
CUST000179,Business,CO,Retail Worker,125416.96,2024-03-12,0,0,0,16250.44,LOW
CUST000180,Individual,GA,Software Engineer,32230.4,2017-01-14,0,0,0,3689.78,LOW
CUST000181,Individual,PA,Lawyer,207129.53,2022-11-16,0,0,0,21748.32,LOW
CUST000182,Individual,NY,Consultant,73812.0,2017-10-06,0,0,0,3948.25,LOW
CUST000183,Business,IL,Student,133304.74,2022-05-18,0,0,0,17542.97,LOW
CUST000184,Business,CA,Doctor,34116.84,2018-05-05,0,0,0,4049.93,LOW
CUST000185,Individual,CA,Accountant,55763.6,2019-09-12,0,0,0,4999.72,LOW
CUST000186,Individual,CO,Student,98280.52,2019-08-19,0,0,0,8741.9,LOW
CUST000187,Individual,NY,Doctor,61186.82,2021-11-18,0,0,0,5882.91,LOW
CUST000188,Individual,IL,Consultant,11234.33,2024-04-25,0,0,0,1444.0,LOW
CUST000189,Individual,CA,Accountant,66252.92,2023-03-05,0,0,0,7803.43,LOW
CUST000190,Individual,FL,Trader,20914.32,2022-03-03,0,0,0,2761.33,LOW
CUST000191,Individual,TX,Doctor,37395.04,2022-02-13,0,0,0,3306.11,LOW
CUST000192,Business,TX,Lawyer,30133.09,2021-05-16,0,0,0,3106.15,LOW
CUST000193,Business,CA,Lawyer,156592.86,2024-03-29,0,0,1,20642.3,MEDIUM
CUST000194,Individual,NC,Student,192023.72,2024-07-05,0,0,0,10376.96,LOW
CUST000195,Individual,NJ,Teacher,93644.4,2020-06-16,0,0,0,7538.62,LOW
CUST000196,Individual,CA,Retail Worker,64582.5,2017-09-07,0,0,0,6624.97,LOW
CUST000197,Individual,MD,Construction Worker,76394.32,2021-05-26,0,0,0,10648.86,LOW
CUST000198,Business,MD,Restaurant Owner,156521.56,2019-01-10,1,0,0,4222.87,HIGH
CUST000199,Business,PA,Real Estate Agent,20661.24,2017-11-02,0,0,0,1065.53,LOW
CUST000200,Individual,PA,Sales Manager,37288.01,2021-12-12,0,0,0,2024.97,LOW
CUST000201,Individual,NC,Sales Manager,144043.55,2022-04-21,0,0,0,9481.89,LOW
CUST000202,Individual,MD,Construction Worker,164920.62,2021-12-31,0,0,0,9932.07,LOW
CUST000203,Individual,VA,Accountant,110035.93,2025-07-08,0,0,0,10867.96,LOW
CUST000204,Business,IL,Trader,38025.49,2025-05-04,0,0,0,5160.16,LOW
CUST000205,Individual,MA,Accountant,142692.93,2024-07-28,0,0,0,14928.85,LOW
CUST000206,Individual,GA,Doctor,181711.34,2017-07-02,0,0,0,10028.8,LOW
CUST000207,Individual,FL,Trader,119623.68,2024-05-16,0,0,0,15906.25,LOW
CUST000208,Individual,NY,Retail Worker,14825.99,2017-01-30,0,0,0,1541.99,LOW
CUST000209,Individual,OH,Lawyer,81326.73,2020-11-12,0,0,0,4259.1,LOW
CUST000210,Individual,CA,Lawyer,109715.88,2019-02-06,0,0,0,7702.97,LOW
CUST000211,Individual,MA,Consultant,53642.24,2025-10-20,1,0,0,6637.99,HIGH
CUST000212,Individual,MA,Software Engineer,84675.65,2018-09-07,0,0,0,9938.08,LOW
CUST000213,Individual,FL,Small Business Owner,53717.54,2019-10-02,0,0,0,5214.51,LOW
CUST000214,Individual,NY,Doctor,42839.15,2022-10-23,0,0,0,1846.19,LOW
CUST000215,Individual,CO,Lawyer,200211.07,2025-07-24,0,0,0,25108.7,LOW
CUST000216,Individual,NC,Sales Manager,86252.82,2025-03-29,0,0,0,5472.12,LOW
CUST000217,Individual,PA,Software Engineer,36547.08,2017-01-24,0,0,0,4438.63,LOW
CUST000218,Individual,WA,Restaurant Owner,30652.01,2025-06-21,0,0,0,3247.45,LOW
CUST000219,Individual,FL,Student,42856.18,2023-10-12,0,0,0,2486.57,LOW
CUST000220,Business,MA,Doctor,43007.11,2019-11-22,0,0,0,2216.85,LOW
CUST000221,Individual,TX,Small Business Owner,82494.6,2024-12-20,0,0,0,3412.29,LOW
CUST000222,Individual,CA,Restaurant Owner,102832.35,2023-07-15,0,0,0,5680.8,LOW
CUST000223,Individual,IL,Real Estate Agent,102760.86,2022-05-25,0,0,0,4596.35,LOW
CUST000224,Individual,MD,Doctor,46058.64,2022-06-28,0,0,0,4704.03,LOW
CUST000225,Individual,TX,Sales Manager,136441.79,2021-03-19,0,0,0,13623.42,LOW
CUST000226,Individual,MA,Retail Worker,166598.53,2024-01-04,0,0,0,16371.89,LOW
CUST000227,Business,GA,Retail Worker,63339.68,2025-08-08,0,0,0,6665.63,LOW
CUST000228,Individual,OH,Accountant,38345.69,2018-11-03,0,0,0,4864.08,LOW
CUST000229,Business,NJ,Real Estate Agent,80051.63,2025-08-26,0,0,0,11142.71,LOW
CUST000230,Individual,NY,Sales Manager,305374.13,2025-01-03,0,0,0,16428.19,LOW
CUST000231,Individual,VA,Accountant,37697.53,2018-07-25,0,0,0,3712.14,LOW
CUST000232,Individual,PA,Trader,53275.79,2019-02-03,0,0,0,1853.57,LOW
CUST000233,Individual,CA,Software Engineer,77852.83,2020-05-27,0,0,0,3115.5,LOW
CUST000234,Individual,IL,Construction Worker,106651.84,2018-12-14,0,0,0,11389.61,LOW
CUST000235,Individual,WA,Consultant,20632.37,2024-03-21,0,0,0,1770.72,LOW
CUST000236,Individual,PA,Real Estate Agent,175267.8,2019-02-06,0,0,0,20995.59,LOW
CUST000237,Individual,CA,Student,173725.75,2021-11-18,0,0,0,13587.04,LOW
CUST000238,Individual,WA,Lawyer,56904.38,2020-07-17,0,0,0,2330.22,LOW
CUST000239,Individual,IL,Sales Manager,435628.58,2024-11-06,0,0,0,58377.15,LOW
CUST000240,Individual,MA,Consultant,166583.49,2021-08-02,0,0,0,5890.57,LOW
CUST000241,Business,MD,Consultant,160915.69,2022-10-27,0,0,0,7823.81,LOW
CUST000242,Business,NJ,Sales Manager,162292.08,2022-08-20,0,0,0,9676.2,LOW
CUST000243,Business,NC,Sales Manager,159278.39,2021-01-31,0,0,0,23797.8,LOW
CUST000244,Individual,TX,Trader,73939.48,2020-09-21,0,0,0,5701.29,LOW
CUST000245,Individual,NC,Teacher,69329.06,2018-09-28,0,0,0,6081.1,LOW
CUST000246,Business,TX,Sales Manager,40616.22,2020-04-24,0,0,0,4923.18,LOW
CUST000247,Individual,MA,Small Business Owner,51531.66,2025-09-28,1,0,0,5387.74,HIGH
CUST000248,Business,PA,Doctor,61277.0,2024-03-24,0,0,0,7976.89,LOW
CUST000249,Business,OH,Student,78260.04,2024-07-28,0,0,0,6715.04,LOW
CUST000250,Business,MA,Real Estate Agent,211956.39,2024-02-26,0,0,0,31056.32,LOW
CUST000251,Individual,MA,Accountant,19122.52,2021-08-19,0,0,0,2382.7,LOW
CUST000252,Individual,CO,Software Engineer,179773.08,2020-07-21,0,0,0,13513.66,LOW
CUST000253,Business,VA,Doctor,38852.36,2023-09-24,0,0,0,2822.97,LOW
CUST000254,Individual,CA,Sales Manager,70073.89,2017-12-24,0,0,0,9893.48,LOW
CUST000255,Individual,OH,Teacher,46834.94,2021-07-29,0,0,0,5177.69,LOW
CUST000256,Individual,VA,Software Engineer,250327.01,2022-11-16,0,0,0,25703.38,LOW
CUST000257,Business,VA,Real Estate Agent,54191.04,2019-10-04,1,0,0,6488.23,HIGH
CUST000258,Individual,CA,Construction Worker,105259.56,2017-08-29,0,0,0,10010.63,LOW
CUST000259,Individual,NC,Consultant,108865.31,2024-02-18,0,0,0,4887.6,LOW
CUST000260,Individual,IL,Small Business Owner,35285.91,2024-07-21,0,0,0,2290.12,LOW
CUST000261,Individual,NJ,Sales Manager,70427.75,2022-01-01,0,0,0,6672.54,LOW
CUST000262,Business,VA,Teacher,164071.15,2025-09-21,0,0,0,4474.38,LOW
CUST000263,Individual,CA,Software Engineer,42516.21,2020-06-18,0,0,0,3387.22,LOW
CUST000264,Individual,CO,Accountant,128549.72,2017-06-05,0,0,0,15358.52,LOW
CUST000265,Business,IL,Lawyer,60478.39,2017-12-18,0,0,0,2753.54,LOW
CUST000266,Individual,GA,Small Business Owner,159790.44,2017-02-13,0,0,0,5284.25,LOW
CUST000267,Individual,MA,Small Business Owner,233541.81,2024-03-24,0,0,0,30244.52,LOW
CUST000268,Individual,MA,Teacher,20335.99,2017-05-18,0,0,0,2077.51,LOW
CUST000269,Individual,PA,Software Engineer,31428.03,2022-05-22,0,0,0,1479.39,LOW
CUST000270,Individual,VA,Teacher,56399.31,2023-10-20,0,0,0,7094.36,LOW
CUST000271,Individual,GA,Accountant,194418.68,2019-01-24,0,0,0,20854.55,LOW
CUST000272,Individual,PA,Accountant,106016.11,2017-05-23,0,0,0,7078.16,LOW
CUST000273,Business,MD,Student,33394.78,2025-05-30,0,0,0,2405.24,LOW
CUST000274,Business,VA,Retail Worker,116604.32,2022-01-21,0,0,0,5187.26,LOW
CUST000275,Individual,WA,Consultant,41411.58,2023-04-29,0,0,0,5358.95,LOW
CUST000276,Individual,CO,Doctor,132070.24,2024-01-04,0,0,0,11704.83,LOW
CUST000277,Individual,IL,Trader,106464.9,2024-06-13,0,0,0,10074.5,LOW
CUST000278,Individual,NC,Sales Manager,41293.93,2017-03-03,0,0,0,5592.7,LOW
CUST000279,Individual,IL,Doctor,71852.67,2021-05-10,0,0,0,1938.5,LOW
CUST000280,Individual,OH,Small Business Owner,166256.63,2020-12-17,0,0,0,5547.22,LOW
CUST000281,Business,MA,Lawyer,21925.8,2020-11-20,0,0,0,990.99,LOW
CUST000282,Individual,FL,Sales Manager,91214.04,2022-07-13,0,0,0,2622.83,LOW
CUST000283,Individual,NC,Real Estate Agent,36525.24,2022-09-10,0,0,0,3918.04,LOW
CUST000284,Individual,WA,Restaurant Owner,74214.99,2025-03-16,0,0,0,7735.79,LOW
CUST000285,Individual,IL,Real Estate Agent,100991.22,2024-10-20,0,0,0,5185.92,LOW
CUST000286,Individual,MD,Restaurant Owner,277563.0,2020-04-07,0,0,0,12122.79,LOW
CUST000287,Individual,CA,Teacher,73728.88,2023-05-03,0,0,0,3185.87,LOW
CUST000288,Individual,CO,Restaurant Owner,194431.48,2023-06-14,0,0,0,28028.3,LOW
CUST000289,Individual,MA,Retail Worker,43430.6,2023-11-12,0,0,0,4850.68,LOW
CUST000290,Individual,PA,Retail Worker,54365.25,2025-12-01,0,0,0,5337.5,LOW
CUST000291,Individual,CO,Consultant,109845.65,2017-11-30,0,0,0,7174.11,LOW
CUST000292,Individual,GA,Software Engineer,85509.95,2024-01-07,0,0,0,6766.44,LOW
CUST000293,Business,PA,Doctor,60583.09,2023-10-25,0,0,0,2191.64,LOW
CUST000294,Individual,VA,Consultant,59525.44,2024-06-13,0,0,0,8915.06,LOW
CUST000295,Individual,TX,Retail Worker,178418.08,2023-09-05,0,0,0,21300.56,LOW
CUST000296,Individual,CO,Trader,62177.97,2021-12-01,0,0,0,6384.54,LOW
CUST000297,Individual,CO,Software Engineer,38626.4,2025-03-02,0,0,0,3803.58,LOW
CUST000298,Individual,FL,Trader,43026.62,2024-02-21,0,0,0,3788.03,LOW
CUST000299,Individual,IL,Trader,115922.73,2017-09-11,0,0,0,6628.28,LOW
CUST000300,Individual,NJ,Real Estate Agent,325130.85,2020-11-24,0,0,0,17329.08,LOW
CUST000301,Individual,NY,Trader,53351.35,2025-11-12,1,0,0,4998.57,HIGH
CUST000302,Individual,FL,Doctor,303109.68,2019-10-25,0,0,0,10237.56,LOW
CUST000303,Individual,OH,Student,74473.37,2022-03-27,0,0,1,2555.1,MEDIUM
CUST000304,Individual,VA,Lawyer,62527.73,2022-12-07,0,0,0,5946.49,LOW
CUST000305,Individual,MA,Doctor,41504.76,2019-09-23,0,0,0,5809.69,LOW
CUST000306,Business,NC,Small Business Owner,65942.24,2018-04-15,0,0,0,9184.7,LOW
CUST000307,Individual,IL,Teacher,45878.5,2021-02-02,0,0,0,1209.06,LOW
CUST000308,Individual,GA,Construction Worker,43546.99,2024-10-03,0,0,0,1673.26,LOW
CUST000309,Individual,NC,Lawyer,25627.23,2022-03-03,0,0,0,2508.51,LOW
CUST000310,Individual,IL,Doctor,236385.5,2021-03-04,0,0,0,30980.56,LOW
CUST000311,Individual,NC,Retail Worker,149805.68,2019-12-30,0,0,0,21617.88,LOW
CUST000312,Individual,NC,Teacher,89481.18,2018-11-25,0,0,0,11862.77,LOW
CUST000313,Individual,NY,Accountant,68297.81,2024-12-22,0,0,0,7492.38,LOW
CUST000314,Business,OH,Lawyer,74728.45,2024-09-24,0,0,0,3741.33,LOW
CUST000315,Business,GA,Restaurant Owner,45263.33,2020-10-25,0,0,0,1542.47,LOW
CUST000316,Individual,PA,Real Estate Agent,35890.93,2022-08-07,0,0,0,1110.45,LOW
CUST000317,Individual,NC,Trader,119558.68,2017-06-30,0,0,0,12136.35,LOW
CUST000318,Individual,GA,Student,63246.73,2025-06-04,0,0,0,1867.27,LOW
CUST000319,Individual,OH,Real Estate Agent,92685.9,2020-05-05,0,0,0,10881.79,LOW
CUST000320,Individual,MD,Accountant,25454.76,2017-02-16,0,0,0,2903.34,LOW
CUST000321,Individual,NC,Sales Manager,61096.79,2018-09-26,0,0,0,2135.42,LOW
CUST000322,Individual,CO,Construction Worker,35438.69,2020-03-09,0,0,0,4902.16,LOW
CUST000323,Individual,FL,Doctor,102732.07,2021-08-16,0,0,1,9270.66,MEDIUM
CUST000324,Individual,PA,Small Business Owner,143225.27,2021-04-13,0,0,0,19772.94,LOW
CUST000325,Business,CO,Consultant,193696.54,2020-12-21,0,0,0,26672.26,LOW
CUST000326,Individual,IL,Teacher,49831.7,2018-08-12,0,0,0,2473.11,LOW
CUST000327,Individual,MA,Student,36030.06,2022-02-21,0,0,0,2614.78,LOW
CUST000328,Individual,WA,Accountant,57134.16,2023-06-16,0,0,0,2389.82,LOW
CUST000329,Individual,VA,Lawyer,47604.85,2023-05-11,0,0,0,5801.71,LOW
CUST000330,Individual,VA,Construction Worker,99264.68,2021-04-12,0,0,0,8736.84,LOW
CUST000331,Individual,MA,Real Estate Agent,30134.77,2019-04-20,0,0,0,4252.04,LOW
CUST000332,Individual,IL,Small Business Owner,23977.87,2020-11-14,0,0,0,1223.52,LOW
CUST000333,Individual,NY,Small Business Owner,59877.26,2023-11-12,0,0,0,6649.13,LOW
CUST000334,Individual,VA,Accountant,120267.33,2019-01-03,0,0,0,17878.29,LOW
CUST000335,Individual,WA,Student,38460.87,2023-08-06,0,0,1,4160.41,MEDIUM
CUST000336,Individual,VA,Student,130244.28,2019-10-15,0,0,0,4375.78,LOW
CUST000337,Business,IL,Lawyer,95102.73,2025-08-07,0,0,0,9372.66,LOW
CUST000338,Individual,NJ,Construction Worker,204978.53,2024-06-02,0,0,0,9732.45,LOW
CUST000339,Individual,FL,Sales Manager,44523.74,2024-07-09,0,0,0,1282.86,LOW
CUST000340,Individual,NJ,Real Estate Agent,26397.82,2020-12-25,0,0,0,1765.22,LOW
CUST000341,Individual,VA,Retail Worker,110668.61,2025-01-11,0,0,0,6447.89,LOW
CUST000342,Individual,PA,Sales Manager,89963.73,2019-01-28,0,0,0,11119.19,LOW
CUST000343,Individual,TX,Sales Manager,85550.93,2025-07-01,0,0,0,6134.86,LOW
CUST000344,Individual,IL,Student,37954.96,2022-06-26,0,0,0,4426.3,LOW
CUST000345,Individual,CA,Teacher,124130.82,2018-09-13,0,0,0,3355.24,LOW
CUST000346,Individual,MD,Teacher,49687.89,2022-03-04,0,0,0,1334.2,LOW
CUST000347,Individual,CA,Restaurant Owner,85526.6,2017-07-01,1,0,0,2451.55,HIGH
CUST000348,Individual,NC,Real Estate Agent,55632.57,2024-06-26,0,0,0,2916.25,LOW
CUST000349,Individual,GA,Accountant,94427.86,2024-06-21,0,0,0,6775.05,LOW
CUST000350,Individual,MA,Teacher,34489.44,2023-04-15,0,0,0,3482.77,LOW
CUST000351,Individual,NC,Construction Worker,103780.6,2024-04-21,0,0,0,15384.36,LOW
CUST000352,Business,MA,Small Business Owner,114998.74,2020-08-13,0,0,0,7969.55,LOW
CUST000353,Individual,MD,Accountant,80872.51,2021-12-05,0,0,0,2584.47,LOW
CUST000354,Individual,OH,Real Estate Agent,218332.9,2022-09-09,0,0,0,10777.46,LOW
CUST000355,Individual,MA,Construction Worker,85810.58,2020-08-18,0,0,1,11775.91,MEDIUM
CUST000356,Individual,NJ,Doctor,136275.43,2021-02-08,0,0,0,15320.41,LOW
CUST000357,Individual,FL,Software Engineer,79643.39,2024-12-30,0,0,0,9857.87,LOW
CUST000358,Individual,IL,Teacher,128585.93,2019-08-06,0,0,0,5210.43,LOW
CUST000359,Business,NY,Trader,27683.6,2020-10-07,0,0,0,1159.21,LOW
CUST000360,Individual,GA,Lawyer,76623.38,2019-09-12,0,0,0,2990.67,LOW
CUST000361,Individual,PA,Teacher,36052.64,2023-06-23,0,0,0,4764.22,LOW
CUST000362,Individual,WA,Restaurant Owner,82167.99,2024-08-16,0,0,0,4210.78,LOW
CUST000363,Individual,PA,Retail Worker,96275.45,2020-11-21,0,0,0,10146.85,LOW
CUST000364,Individual,IL,Restaurant Owner,126768.37,2025-08-27,0,0,0,11348.41,LOW
CUST000365,Business,TX,Real Estate Agent,103123.73,2023-01-25,0,0,0,9595.53,LOW
CUST000366,Individual,MA,Restaurant Owner,60251.87,2024-08-22,0,0,0,2978.21,LOW
CUST000367,Business,OH,Retail Worker,45954.47,2017-05-06,0,0,0,4797.91,LOW
CUST000368,Business,WA,Retail Worker,16360.14,2024-03-05,1,0,0,497.14,HIGH
CUST000369,Individual,CO,Student,78432.81,2017-04-30,0,0,0,11700.92,LOW
CUST000370,Individual,NJ,Small Business Owner,157133.89,2020-12-22,0,0,0,4453.94,LOW
CUST000371,Individual,CO,Student,80474.78,2019-10-06,0,0,0,2516.41,LOW
CUST000372,Individual,IL,Software Engineer,70980.1,2020-04-28,0,0,0,4654.94,LOW
CUST000373,Individual,NC,Construction Worker,82308.58,2020-12-22,0,0,0,10613.95,LOW
CUST000374,Individual,TX,Sales Manager,58292.71,2024-02-21,0,0,0,3331.35,LOW
CUST000375,Individual,NJ,Doctor,85133.21,2025-12-18,0,0,0,7150.5,LOW
CUST000376,Individual,TX,Lawyer,57642.59,2025-07-28,0,0,0,1570.6,LOW
CUST000377,Business,MA,Retail Worker,41813.33,2018-11-28,0,0,0,1457.61,LOW
CUST000378,Individual,VA,Doctor,71417.58,2023-03-21,0,0,0,7212.87,LOW
CUST000379,Individual,NJ,Small Business Owner,70412.53,2021-02-24,0,0,0,3470.97,LOW
CUST000380,Individual,FL,Teacher,253749.78,2019-11-01,0,0,0,28364.61,LOW
CUST000381,Individual,CO,Consultant,44424.43,2024-10-11,0,0,0,5471.93,LOW
CUST000382,Individual,CA,Trader,67616.43,2021-03-16,0,0,0,8877.48,LOW
CUST000383,Individual,PA,Software Engineer,63475.6,2019-03-25,0,0,1,2648.51,MEDIUM
CUST000384,Business,FL,Real Estate Agent,56064.02,2017-11-06,0,0,0,4593.81,LOW
CUST000385,Individual,WA,Small Business Owner,104690.31,2019-10-09,0,0,0,15011.04,LOW
CUST000386,Individual,GA,Accountant,321232.15,2024-08-28,0,0,0,39033.06,LOW
CUST000387,Individual,VA,Doctor,60882.78,2019-11-24,0,0,0,2412.18,LOW
CUST000388,Individual,CA,Restaurant Owner,104880.28,2019-10-16,1,0,0,9209.8,HIGH
CUST000389,Individual,FL,Lawyer,21637.9,2023-12-04,0,0,0,3035.74,LOW
CUST000390,Individual,IL,Retail Worker,58072.6,2024-03-06,0,0,0,4646.09,LOW
CUST000391,Business,TX,Doctor,206106.88,2019-04-05,1,0,0,26727.36,HIGH
CUST000392,Individual,WA,Sales Manager,72367.03,2022-08-07,0,0,0,6294.52,LOW
CUST000393,Individual,NC,Accountant,103960.3,2020-01-22,0,0,0,3987.03,LOW
CUST000394,Individual,IL,Lawyer,50033.85,2018-09-20,0,0,0,2175.57,LOW
CUST000395,Individual,CA,Retail Worker,88668.11,2020-03-02,0,0,0,2734.03,LOW
CUST000396,Business,OH,Real Estate Agent,216760.42,2024-12-01,0,0,0,10711.07,LOW
CUST000397,Business,TX,Sales Manager,35284.16,2019-09-16,0,0,0,4823.41,LOW
CUST000398,Individual,MD,Consultant,310672.95,2023-10-03,0,0,0,33016.69,LOW
CUST000399,Individual,CO,Restaurant Owner,27457.09,2021-01-31,0,0,0,3222.28,LOW
CUST000400,Individual,WA,Doctor,54702.64,2022-01-03,0,0,0,5618.38,LOW
CUST000401,Individual,GA,Student,43560.12,2022-09-09,0,0,0,3193.72,LOW
CUST000402,Business,CA,Software Engineer,62827.22,2022-06-16,0,0,0,3273.78,LOW
CUST000403,Individual,WA,Doctor,43193.98,2023-06-04,0,0,0,6077.47,LOW
CUST000404,Business,MD,Doctor,41116.95,2019-12-21,0,0,0,3673.95,LOW
CUST000405,Individual,FL,Accountant,34677.91,2023-11-11,0,0,0,2952.39,LOW
CUST000406,Business,NC,Accountant,113991.4,2023-06-10,0,0,0,17043.2,LOW
CUST000407,Individual,WA,Lawyer,64252.16,2025-03-25,0,0,0,4689.85,LOW
CUST000408,Individual,CO,Sales Manager,54206.8,2017-12-06,0,0,0,7142.6,LOW
CUST000409,Business,NC,Software Engineer,90103.15,2023-11-01,0,0,0,11965.07,LOW
CUST000410,Individual,CA,Doctor,28388.24,2022-02-03,0,0,0,1535.34,LOW
CUST000411,Individual,CO,Lawyer,91526.66,2020-08-18,0,0,1,3373.21,MEDIUM
CUST000412,Business,VA,Construction Worker,70565.26,2025-01-07,0,0,0,10369.74,LOW
CUST000413,Business,MA,Real Estate Agent,71989.01,2024-02-01,0,0,0,5632.21,LOW
CUST000414,Individual,VA,Accountant,105103.6,2023-12-08,0,0,0,2656.76,LOW
CUST000415,Individual,FL,Accountant,218280.02,2017-03-18,0,0,0,19072.7,LOW
CUST000416,Individual,IL,Sales Manager,92519.71,2021-07-15,0,0,0,9475.18,LOW
CUST000417,Individual,CA,Small Business Owner,65862.53,2024-01-07,0,0,0,8035.96,LOW
CUST000418,Individual,MA,Construction Worker,34770.5,2021-04-22,0,0,0,4967.58,LOW
CUST000419,Individual,NY,Retail Worker,15854.55,2025-03-11,0,0,0,2210.07,LOW
CUST000420,Individual,GA,Small Business Owner,81500.8,2024-05-30,0,0,0,11615.25,LOW
CUST000421,Individual,MA,Doctor,33073.3,2017-04-02,0,0,0,959.64,LOW
CUST000422,Individual,NY,Software Engineer,14386.88,2022-02-18,0,0,0,1639.7,LOW
CUST000423,Individual,OH,Accountant,59705.39,2018-04-11,0,0,0,3178.25,LOW
CUST000424,Individual,OH,Software Engineer,87632.44,2023-11-19,0,0,0,4245.27,LOW
CUST000425,Individual,PA,Software Engineer,121666.73,2025-07-09,0,0,0,15213.19,LOW
CUST000426,Individual,TX,Real Estate Agent,149500.7,2024-06-30,0,0,0,11532.67,LOW
CUST000427,Individual,MD,Lawyer,132515.69,2020-09-14,0,0,0,18495.88,LOW
CUST000428,Business,MA,Student,134849.84,2020-08-01,0,0,0,4086.54,LOW
CUST000429,Individual,NJ,Accountant,28882.69,2019-08-05,0,0,0,3618.21,LOW
CUST000430,Individual,GA,Lawyer,68050.56,2018-07-08,0,0,0,2865.22,LOW
CUST000431,Individual,MA,Small Business Owner,109331.14,2025-08-04,0,0,0,5146.45,LOW
CUST000432,Individual,NY,Lawyer,77295.18,2022-08-03,0,0,0,6544.5,LOW
CUST000433,Individual,MD,Restaurant Owner,67805.35,2022-11-27,0,0,0,5048.02,LOW
CUST000434,Individual,NJ,Retail Worker,76381.97,2017-04-02,0,0,0,6551.4,LOW
CUST000435,Individual,GA,Software Engineer,87977.86,2019-09-30,0,0,0,12537.14,LOW
CUST000436,Individual,NJ,Accountant,71343.57,2018-01-03,0,0,0,7646.15,LOW
CUST000437,Individual,FL,Sales Manager,43267.71,2019-03-31,0,0,0,2651.82,LOW
CUST000438,Business,NY,Retail Worker,24795.26,2018-02-27,0,0,0,1155.8,LOW
CUST000439,Individual,OH,Restaurant Owner,65684.99,2018-07-26,0,0,0,5090.97,LOW
CUST000440,Individual,WA,Accountant,77855.29,2024-12-19,0,0,0,6341.71,LOW
CUST000441,Individual,FL,Doctor,77305.48,2020-06-17,0,0,0,7743.06,LOW
CUST000442,Business,GA,Software Engineer,139335.79,2018-03-11,0,0,0,8116.36,LOW
CUST000443,Individual,GA,Restaurant Owner,156394.59,2023-03-10,0,0,0,18914.15,LOW
CUST000444,Individual,CA,Doctor,70096.53,2020-11-24,0,0,0,2615.13,LOW
CUST000445,Individual,NY,Software Engineer,70423.43,2021-06-22,0,0,0,6694.22,LOW
CUST000446,Business,PA,Teacher,108855.54,2024-01-18,0,0,0,11205.75,LOW
CUST000447,Business,PA,Small Business Owner,98962.85,2021-10-20,0,0,0,5032.65,LOW
CUST000448,Individual,GA,Consultant,56251.08,2018-04-13,0,0,0,7214.28,LOW
CUST000449,Individual,MD,Construction Worker,115105.27,2020-04-08,0,0,0,11732.57,LOW
CUST000450,Individual,CO,Software Engineer,68193.19,2022-01-17,0,0,0,7209.06,LOW
CUST000451,Individual,CO,Restaurant Owner,69142.26,2019-03-03,0,0,0,6030.45,LOW
CUST000452,Individual,CO,Trader,99418.39,2025-01-01,0,0,0,13789.26,LOW
CUST000453,Individual,CO,Restaurant Owner,61665.82,2023-03-08,0,0,0,6890.6,LOW
CUST000454,Business,PA,Consultant,79760.25,2023-04-23,0,0,1,5800.92,MEDIUM
CUST000455,Individual,TX,Accountant,91002.95,2021-09-03,0,0,0,4989.3,LOW
CUST000456,Individual,OH,Lawyer,127568.59,2017-03-14,0,0,0,4322.37,LOW
CUST000457,Individual,CA,Sales Manager,121970.53,2017-05-27,0,0,0,5570.41,LOW
CUST000458,Individual,GA,Construction Worker,89216.59,2017-11-13,0,0,0,13300.89,LOW
CUST000459,Individual,PA,Retail Worker,13760.31,2018-08-29,0,0,0,1043.66,LOW
CUST000460,Individual,NY,Software Engineer,87853.1,2018-07-29,0,0,0,12065.38,LOW
CUST000461,Individual,VA,Accountant,97136.19,2020-03-23,0,0,0,4499.46,LOW
CUST000462,Individual,MA,Doctor,110840.46,2024-02-08,0,0,0,8664.41,LOW
CUST000463,Individual,WA,Lawyer,40288.73,2024-11-22,0,0,0,5844.48,LOW
CUST000464,Individual,CO,Lawyer,18880.67,2017-11-08,0,0,0,687.1,LOW
CUST000465,Business,NC,Lawyer,126659.02,2024-10-26,0,0,0,12570.66,LOW
CUST000466,Individual,CO,Retail Worker,33836.69,2019-02-04,0,0,0,4733.63,LOW
CUST000467,Individual,OH,Construction Worker,165985.15,2022-12-22,0,0,0,23853.8,LOW
CUST000468,Business,FL,Accountant,51488.8,2025-03-15,0,0,0,6732.21,LOW
CUST000469,Individual,MD,Student,38467.96,2025-10-06,0,0,0,5077.46,LOW
CUST000470,Business,VA,Retail Worker,94136.17,2018-03-12,0,0,0,10027.65,LOW
CUST000471,Individual,MD,Real Estate Agent,111944.43,2017-12-24,0,0,0,5883.0,LOW
CUST000472,Business,FL,Real Estate Agent,107690.76,2025-02-25,0,0,0,12528.18,LOW
CUST000473,Individual,TX,Software Engineer,103911.01,2025-01-09,0,0,1,15305.89,MEDIUM
CUST000474,Business,NJ,Software Engineer,47343.26,2023-04-19,0,0,0,4296.01,LOW
CUST000475,Individual,NY,Software Engineer,27798.91,2017-05-15,0,0,0,1600.86,LOW
CUST000476,Business,NJ,Construction Worker,58218.68,2018-06-07,0,0,0,5628.81,LOW
CUST000477,Individual,CA,Sales Manager,35615.4,2019-03-15,0,0,0,3964.93,LOW
CUST000478,Individual,WA,Lawyer,99349.58,2024-05-31,0,0,0,5070.31,LOW
CUST000479,Business,CA,Trader,132389.61,2023-06-25,0,0,0,15211.39,LOW
CUST000480,Individual,GA,Sales Manager,83909.68,2017-03-21,0,0,0,8259.15,LOW
CUST000481,Individual,VA,Trader,74953.95,2025-12-07,0,0,1,7611.1,MEDIUM
CUST000482,Individual,NY,Student,61295.53,2021-01-16,0,0,0,3876.85,LOW
CUST000483,Individual,VA,Accountant,141842.2,2025-06-29,0,0,0,6298.98,LOW
CUST000484,Individual,GA,Doctor,22821.05,2023-09-28,0,0,0,2349.0,LOW
CUST000485,Individual,IL,Lawyer,34243.27,2022-08-03,0,0,0,3365.4,LOW
CUST000486,Business,PA,Teacher,245885.2,2018-01-03,0,0,0,16536.15,LOW
CUST000487,Individual,FL,Restaurant Owner,33173.94,2019-10-04,0,0,0,2056.34,LOW
CUST000488,Individual,CO,Doctor,105917.67,2019-09-20,0,0,0,7245.36,LOW
CUST000489,Business,VA,Accountant,121073.97,2018-08-19,0,0,0,10440.86,LOW
CUST000490,Business,CO,Student,21443.57,2022-03-12,0,0,0,3149.04,LOW
CUST000491,Individual,MA,Construction Worker,24293.15,2025-05-24,0,0,0,2926.0,LOW
CUST000492,Individual,GA,Retail Worker,170639.38,2024-07-11,1,0,0,22433.53,HIGH
CUST000493,Individual,NJ,Doctor,39848.1,2019-11-11,0,0,0,3514.85,LOW
CUST000494,Individual,IL,Retail Worker,40561.83,2024-02-10,0,0,0,3681.61,LOW
CUST000495,Individual,FL,Teacher,53459.19,2023-04-13,0,0,0,2701.86,LOW
CUST000496,Individual,CO,Sales Manager,39911.91,2023-05-20,0,0,0,4595.09,LOW
CUST000497,Individual,GA,Accountant,105589.83,2024-04-15,0,0,0,8204.12,LOW
CUST000498,Individual,VA,Trader,34784.22,2025-02-26,0,0,0,4097.78,LOW
CUST000499,Business,IL,Small Business Owner,20899.89,2024-10-24,0,0,0,1591.15,LOW
CUST000500,Business,IL,Student,159034.29,2023-03-30,0,0,0,6133.1,LOW
CUST000501,Individual,CO,Trader,35912.88,2023-06-22,0,0,0,1674.68,LOW
CUST000502,Individual,NY,Accountant,46001.59,2024-11-25,0,0,0,5816.73,LOW
CUST000503,Individual,CA,Restaurant Owner,128624.3,2021-12-29,0,0,0,7373.65,LOW
CUST000504,Individual,IL,Lawyer,78503.77,2022-07-05,0,0,1,4556.7,MEDIUM
CUST000505,Individual,NC,Construction Worker,154548.8,2022-06-23,0,0,0,21817.81,LOW
CUST000506,Individual,TX,Restaurant Owner,129908.52,2018-02-15,0,0,0,13926.77,LOW
CUST000507,Business,MD,Accountant,55854.95,2023-04-12,0,0,0,2194.45,LOW
CUST000508,Business,NC,Restaurant Owner,145727.15,2018-01-22,0,0,0,6258.71,LOW
CUST000509,Business,CA,Lawyer,83641.57,2024-06-29,0,0,0,4938.69,LOW
CUST000510,Individual,MD,Sales Manager,50832.5,2021-10-15,0,0,0,5045.1,LOW
CUST000511,Individual,MD,Consultant,90581.42,2023-08-03,0,0,0,10788.54,LOW
CUST000512,Individual,FL,Accountant,32019.26,2019-10-19,0,0,0,1899.13,LOW
CUST000513,Business,FL,Lawyer,128958.3,2024-04-15,0,0,0,17258.52,LOW
CUST000514,Business,FL,Trader,118529.91,2024-10-16,0,0,0,4580.89,LOW
CUST000515,Individual,FL,Trader,81103.09,2022-09-01,0,0,0,4132.19,LOW
CUST000516,Individual,TX,Lawyer,21555.06,2017-01-19,0,0,0,3153.68,LOW
CUST000517,Individual,NC,Student,158832.66,2017-10-03,0,0,0,6646.05,LOW
CUST000518,Individual,VA,Doctor,99643.45,2018-10-21,1,0,0,13552.9,HIGH
CUST000519,Business,GA,Student,73889.09,2025-01-24,0,0,0,8348.87,LOW
CUST000520,Individual,WA,Consultant,66689.99,2018-07-06,0,0,0,2276.52,LOW
CUST000521,Individual,VA,Small Business Owner,52911.5,2018-11-10,0,0,0,4521.99,LOW
CUST000522,Individual,IL,Trader,59954.27,2018-08-26,0,0,0,5388.24,LOW
CUST000523,Business,FL,Doctor,123652.96,2025-08-10,0,0,0,17499.05,LOW
CUST000524,Business,OH,Consultant,53603.6,2017-12-31,0,0,0,4161.68,LOW
CUST000525,Business,CA,Trader,62752.08,2022-05-28,0,0,0,5073.22,LOW
CUST000526,Individual,CA,Doctor,69030.78,2019-03-06,0,0,0,2696.37,LOW
CUST000527,Individual,IL,Small Business Owner,70271.05,2020-09-20,0,0,0,7371.19,LOW
CUST000528,Individual,GA,Student,50194.75,2024-05-23,0,0,1,2578.11,MEDIUM
CUST000529,Individual,MA,Small Business Owner,67145.27,2021-11-10,0,0,0,2329.38,LOW
CUST000530,Business,MA,Accountant,93750.99,2018-08-13,0,0,0,14026.54,LOW
CUST000531,Individual,WA,Lawyer,41652.66,2017-07-18,0,0,0,2445.17,LOW
CUST000532,Business,NC,Software Engineer,67347.6,2022-08-27,0,0,0,2871.14,LOW
CUST000533,Business,GA,Real Estate Agent,263124.64,2017-08-06,0,0,0,29584.76,LOW
CUST000534,Individual,IL,Real Estate Agent,71984.03,2019-01-11,0,0,0,9193.1,LOW
CUST000535,Individual,MA,Consultant,40964.8,2018-10-12,0,0,0,1352.24,LOW
CUST000536,Business,MA,Real Estate Agent,37965.22,2023-01-04,0,0,0,1449.29,LOW
CUST000537,Business,MA,Student,32953.96,2025-12-26,0,0,0,1195.3,LOW
CUST000538,Individual,NJ,Lawyer,215964.46,2018-11-01,0,0,0,6666.8,LOW
CUST000539,Individual,OH,Retail Worker,144416.67,2020-12-08,0,0,0,15514.98,LOW
CUST000540,Individual,VA,Consultant,32434.8,2018-10-27,1,0,0,3196.1,HIGH
CUST000541,Business,TX,Lawyer,86176.47,2019-05-06,0,0,0,9294.2,LOW
CUST000542,Individual,IL,Doctor,166273.09,2023-07-06,0,0,0,14666.68,LOW
CUST000543,Individual,PA,Small Business Owner,73052.9,2019-06-14,0,0,0,9291.49,LOW
CUST000544,Individual,NY,Small Business Owner,54485.74,2022-03-09,0,0,0,5085.35,LOW
CUST000545,Individual,VA,Construction Worker,321845.91,2020-04-01,0,0,0,45008.02,LOW
CUST000546,Individual,NY,Restaurant Owner,21736.96,2022-01-17,0,0,0,1862.99,LOW
CUST000547,Individual,GA,Student,415160.68,2022-11-19,0,0,0,51410.32,LOW
CUST000548,Individual,MD,Lawyer,77982.75,2017-11-23,0,0,0,5920.45,LOW
CUST000549,Individual,IL,Lawyer,173515.63,2023-07-03,0,0,0,13777.66,LOW
CUST000550,Individual,MD,Doctor,34366.75,2025-11-01,0,0,0,4506.31,LOW
CUST000551,Individual,IL,Lawyer,46798.84,2022-08-20,0,0,0,1799.77,LOW
CUST000552,Business,NY,Retail Worker,37170.53,2023-07-29,0,0,0,3554.05,LOW
CUST000553,Individual,WA,Construction Worker,70232.97,2017-07-02,0,0,0,8132.42,LOW
CUST000554,Individual,NY,Lawyer,91607.22,2018-03-31,1,0,0,10883.17,HIGH
CUST000555,Business,IL,Real Estate Agent,150041.12,2021-07-28,1,0,0,14844.57,HIGH
CUST000556,Individual,MA,Trader,24656.53,2017-01-06,0,0,0,1997.38,LOW
CUST000557,Individual,WA,Retail Worker,83051.65,2020-09-18,0,0,0,4783.59,LOW
CUST000558,Individual,MD,Consultant,134179.56,2017-07-30,0,0,0,18607.79,LOW
CUST000559,Individual,CO,Sales Manager,151549.0,2017-02-20,0,0,0,10793.85,LOW
CUST000560,Individual,FL,Small Business Owner,56325.68,2021-01-08,0,0,0,7033.61,LOW
CUST000561,Individual,NC,Teacher,56783.09,2019-10-07,0,0,0,1644.34,LOW
CUST000562,Individual,PA,Teacher,70645.34,2018-01-12,0,0,1,3816.34,MEDIUM
CUST000563,Individual,NJ,Real Estate Agent,84641.3,2024-05-11,0,0,0,5772.38,LOW
CUST000564,Individual,OH,Teacher,174893.41,2024-09-18,0,0,0,19054.07,LOW
CUST000565,Individual,CO,Teacher,34155.58,2019-12-11,0,0,0,2217.26,LOW
CUST000566,Individual,TX,Doctor,44989.23,2017-06-03,0,0,0,1357.35,LOW
CUST000567,Individual,FL,Doctor,31565.69,2018-08-05,0,0,0,1475.17,LOW
CUST000568,Individual,CA,Restaurant Owner,99040.44,2019-02-27,0,0,0,5684.49,LOW
CUST000569,Business,NY,Accountant,153450.41,2019-03-02,0,0,0,7213.08,LOW
CUST000570,Individual,NC,Real Estate Agent,29780.68,2022-12-22,0,0,0,1502.9,LOW
CUST000571,Individual,MD,Teacher,79451.38,2023-03-18,0,0,0,9623.12,LOW
CUST000572,Individual,PA,Restaurant Owner,146399.65,2017-06-12,0,0,0,11200.19,LOW
CUST000573,Individual,NY,Real Estate Agent,124891.27,2019-08-29,0,0,0,9447.7,LOW
CUST000574,Individual,MD,Trader,123937.59,2018-10-10,0,0,0,18073.3,LOW
CUST000575,Business,NC,Teacher,34607.45,2024-03-01,0,0,0,2797.59,LOW
CUST000576,Business,OH,Student,123670.46,2021-03-06,0,0,0,17432.25,LOW
CUST000577,Individual,NY,Small Business Owner,66462.41,2019-08-04,0,0,0,4146.12,LOW
CUST000578,Business,FL,Lawyer,150369.15,2018-11-20,0,0,0,11289.46,LOW
CUST000579,Individual,MA,Software Engineer,100428.53,2022-12-03,0,0,1,7485.48,MEDIUM
CUST000580,Individual,VA,Student,44142.04,2021-03-03,0,0,0,4116.68,LOW
CUST000581,Individual,MA,Construction Worker,89901.61,2021-02-04,0,0,0,8813.14,LOW
CUST000582,Business,CO,Real Estate Agent,127679.54,2022-08-10,0,0,0,7152.05,LOW
CUST000583,Individual,NJ,Accountant,53965.85,2020-03-18,0,0,0,6702.45,LOW
CUST000584,Individual,WA,Construction Worker,81549.44,2017-05-03,0,0,0,7100.16,LOW
CUST000585,Individual,NY,Restaurant Owner,31459.21,2019-03-15,0,0,0,814.18,LOW
CUST000586,Individual,GA,Restaurant Owner,107163.84,2024-11-26,0,0,0,10600.39,LOW
CUST000587,Individual,MA,Lawyer,72306.69,2019-12-29,0,0,0,9020.8,LOW
CUST000588,Individual,OH,Teacher,135862.63,2024-11-13,0,0,0,7650.2,LOW
CUST000589,Individual,IL,Construction Worker,105219.8,2017-03-04,0,0,0,3128.59,LOW
CUST000590,Individual,VA,Small Business Owner,57559.87,2019-01-03,0,0,0,7246.63,LOW
CUST000591,Individual,CO,Teacher,43265.19,2025-06-15,0,0,0,6361.48,LOW
CUST000592,Individual,PA,Real Estate Agent,37256.56,2024-03-22,0,0,0,1287.98,LOW
CUST000593,Individual,MD,Trader,53928.75,2021-07-16,0,0,0,7671.61,LOW
CUST000594,Individual,GA,Restaurant Owner,133499.93,2019-08-06,0,0,1,9332.89,MEDIUM
CUST000595,Business,FL,Software Engineer,23948.71,2023-03-15,0,0,0,3417.0,LOW
CUST000596,Individual,FL,Lawyer,38254.72,2018-04-24,0,0,0,4059.01,LOW
CUST000597,Individual,NJ,Restaurant Owner,131083.92,2020-02-12,0,0,0,17864.19,LOW
CUST000598,Individual,NJ,Doctor,177915.21,2022-06-20,0,0,0,21924.34,LOW
CUST000599,Individual,WA,Sales Manager,39584.39,2020-11-04,0,0,0,1128.14,LOW
CUST000600,Individual,VA,Retail Worker,37980.1,2019-09-04,0,0,0,1260.19,LOW
CUST000601,Individual,IL,Accountant,187193.39,2017-08-25,0,0,0,16981.82,LOW
CUST000602,Individual,PA,Construction Worker,69210.44,2023-11-29,0,0,0,2851.63,LOW
CUST000603,Individual,IL,Teacher,41931.43,2022-05-09,0,0,0,3464.76,LOW
CUST000604,Individual,CA,Retail Worker,147893.1,2018-08-21,0,0,0,21345.23,LOW
CUST000605,Individual,CO,Retail Worker,104037.42,2021-08-30,0,0,0,6434.16,LOW
CUST000606,Individual,NJ,Student,121063.26,2022-12-17,0,0,0,10425.25,LOW
CUST000607,Individual,WA,Sales Manager,43375.83,2024-01-02,0,1,0,3167.84,HIGH
CUST000608,Individual,NC,Consultant,95691.03,2017-06-14,0,0,0,9925.87,LOW
CUST000609,Individual,TX,Student,168607.6,2023-05-14,0,0,0,8300.66,LOW
CUST000610,Individual,NY,Student,113750.16,2023-04-24,0,0,0,6539.77,LOW
CUST000611,Individual,NY,Accountant,136374.33,2025-10-09,0,0,1,18048.59,MEDIUM
CUST000612,Individual,NC,Doctor,186705.18,2025-04-28,0,0,0,23602.71,LOW
CUST000613,Individual,TX,Restaurant Owner,99035.01,2018-07-24,0,0,0,12245.55,LOW
CUST000614,Individual,MA,Student,51943.65,2017-05-21,0,0,0,6304.14,LOW
CUST000615,Business,IL,Lawyer,132636.24,2018-11-17,0,0,0,10933.16,LOW
CUST000616,Business,TX,Real Estate Agent,36553.6,2018-11-18,0,0,0,4244.29,LOW
CUST000617,Individual,WA,Restaurant Owner,64908.62,2025-12-25,0,0,0,4764.33,LOW
CUST000618,Individual,PA,Doctor,109918.55,2024-07-26,0,0,0,4131.7,LOW
CUST000619,Individual,TX,Trader,9264.52,2025-05-29,0,0,0,687.17,LOW
CUST000620,Individual,WA,Teacher,88375.02,2022-08-01,0,0,0,3962.11,LOW
CUST000621,Individual,CO,Consultant,91126.17,2019-12-11,0,0,0,6730.26,LOW
CUST000622,Individual,NC,Restaurant Owner,35842.36,2021-03-07,0,0,0,2228.61,LOW
CUST000623,Individual,NJ,Lawyer,92693.42,2020-07-06,0,0,0,9259.62,LOW
CUST000624,Individual,NC,Lawyer,84855.91,2023-02-04,0,0,0,5956.25,LOW
CUST000625,Individual,GA,Construction Worker,76674.54,2019-07-11,0,0,0,8679.46,LOW
CUST000626,Individual,FL,Accountant,162490.59,2024-02-04,0,0,0,14464.64,LOW
CUST000627,Individual,FL,Retail Worker,132791.36,2020-09-03,1,0,0,18582.36,HIGH
CUST000628,Individual,VA,Small Business Owner,113690.17,2021-08-17,0,0,0,4135.84,LOW
CUST000629,Individual,NC,Sales Manager,38541.83,2025-03-30,0,0,0,4276.74,LOW
CUST000630,Individual,CA,Teacher,74159.36,2017-12-30,0,0,0,8087.05,LOW
CUST000631,Individual,IL,Doctor,161963.45,2019-12-15,0,0,0,23294.93,LOW
CUST000632,Business,PA,Student,65232.51,2025-11-02,0,0,0,4660.47,LOW
CUST000633,Individual,GA,Real Estate Agent,205975.75,2019-12-04,0,0,0,13013.5,LOW
CUST000634,Individual,GA,Lawyer,115869.42,2024-03-25,0,0,0,5393.63,LOW
CUST000635,Individual,NJ,Real Estate Agent,227853.41,2022-07-24,0,0,0,13252.2,LOW
CUST000636,Individual,TX,Consultant,37476.8,2024-02-03,0,0,0,3288.08,LOW
CUST000637,Individual,IL,Trader,67827.02,2023-06-28,0,0,0,8798.12,LOW
CUST000638,Individual,NC,Doctor,72125.16,2024-05-19,0,0,0,4366.16,LOW
CUST000639,Individual,NY,Teacher,111218.95,2022-08-24,0,0,0,4973.46,LOW
CUST000640,Individual,GA,Construction Worker,46404.65,2020-10-12,0,0,0,2738.62,LOW
CUST000641,Individual,WA,Retail Worker,26378.35,2021-02-15,0,0,0,992.24,LOW
CUST000642,Individual,NY,Student,95901.02,2018-09-10,0,0,1,13506.4,MEDIUM
CUST000643,Individual,NC,Small Business Owner,59102.93,2017-12-25,0,0,0,7924.4,LOW
CUST000644,Individual,CA,Sales Manager,55231.59,2020-09-03,0,0,0,3510.6,LOW
CUST000645,Individual,TX,Accountant,47806.53,2025-08-13,1,0,0,2671.12,HIGH
CUST000646,Business,TX,Software Engineer,81289.41,2022-06-06,0,0,0,11232.14,LOW
CUST000647,Individual,PA,Software Engineer,37245.48,2021-06-03,0,0,0,939.39,LOW
CUST000648,Individual,GA,Student,66106.09,2017-07-13,0,0,0,6615.38,LOW
CUST000649,Individual,NJ,Teacher,43764.57,2017-12-29,0,0,0,6105.18,LOW
CUST000650,Individual,CO,Student,50477.25,2020-01-25,0,0,0,4470.75,LOW
CUST000651,Individual,MA,Doctor,94392.79,2019-11-30,0,0,0,2394.83,LOW
CUST000652,Individual,MA,Sales Manager,114537.76,2024-09-16,0,0,0,5997.07,LOW
CUST000653,Individual,OH,Software Engineer,61468.2,2023-09-11,0,0,0,8624.31,LOW
CUST000654,Individual,FL,Trader,140692.67,2017-04-17,0,0,0,3816.68,LOW
CUST000655,Individual,WA,Consultant,39854.06,2025-06-16,0,0,0,2963.05,LOW
CUST000656,Individual,NY,Doctor,27925.88,2018-06-11,0,0,0,3454.94,LOW
CUST000657,Individual,OH,Software Engineer,31465.03,2022-05-07,0,0,0,4082.95,LOW
CUST000658,Individual,CO,Construction Worker,37280.62,2025-05-17,0,0,0,3157.71,LOW
CUST000659,Individual,CA,Sales Manager,31947.93,2019-02-23,0,0,0,1727.12,LOW
CUST000660,Individual,CO,Small Business Owner,279007.36,2024-01-17,0,0,0,27890.44,LOW
CUST000661,Individual,MD,Retail Worker,27380.87,2021-11-18,0,0,0,1587.33,LOW
CUST000662,Business,FL,Real Estate Agent,137939.74,2021-10-16,0,0,0,7849.88,LOW
CUST000663,Individual,TX,Doctor,73784.92,2019-12-03,0,0,0,9293.21,LOW
CUST000664,Individual,NY,Real Estate Agent,86788.87,2024-04-27,1,0,0,3843.29,HIGH
CUST000665,Individual,IL,Real Estate Agent,41627.62,2022-02-09,0,0,0,1069.42,LOW
CUST000666,Individual,GA,Sales Manager,92668.85,2023-07-26,0,0,0,6217.79,LOW
CUST000667,Individual,CA,Lawyer,41406.63,2025-06-29,0,0,0,3576.36,LOW
CUST000668,Individual,IL,Sales Manager,136631.31,2021-01-04,0,0,1,15457.79,MEDIUM
CUST000669,Individual,NJ,Software Engineer,144181.35,2019-10-03,0,0,0,17682.32,LOW
CUST000670,Individual,OH,Doctor,68705.4,2024-02-03,0,0,0,7416.05,LOW
CUST000671,Individual,GA,Retail Worker,71693.6,2021-06-23,0,0,0,7406.92,LOW
CUST000672,Business,NY,Construction Worker,99360.9,2025-03-29,0,0,0,10752.7,LOW
CUST000673,Individual,GA,Restaurant Owner,96113.93,2017-04-04,0,0,0,5665.03,LOW
CUST000674,Individual,FL,Consultant,145938.2,2022-08-06,0,0,0,10623.6,LOW
CUST000675,Individual,PA,Real Estate Agent,143278.17,2025-01-25,0,0,0,14622.19,LOW
CUST000676,Business,NC,Retail Worker,73607.1,2017-03-30,0,0,0,2443.49,LOW
CUST000677,Individual,FL,Sales Manager,54997.75,2022-05-08,0,0,0,3405.22,LOW
CUST000678,Individual,NJ,Accountant,127108.49,2023-12-26,0,0,0,9635.12,LOW
CUST000679,Business,WA,Accountant,67755.28,2024-09-15,0,0,0,6211.81,LOW
CUST000680,Business,IL,Restaurant Owner,80755.15,2022-08-04,0,0,0,6929.62,LOW
CUST000681,Individual,MD,Restaurant Owner,105868.07,2023-03-12,0,0,0,12150.11,LOW
CUST000682,Individual,VA,Restaurant Owner,141401.05,2020-12-16,0,0,0,11902.9,LOW
CUST000683,Individual,FL,Trader,88857.98,2018-06-10,0,0,0,12263.85,LOW
CUST000684,Individual,PA,Small Business Owner,51203.58,2023-02-18,0,0,0,3714.3,LOW
CUST000685,Business,NC,Consultant,241180.31,2022-01-05,0,0,0,21868.17,LOW
CUST000686,Individual,WA,Consultant,202797.98,2024-07-04,0,0,0,5151.33,LOW
CUST000687,Individual,FL,Construction Worker,38697.92,2024-05-13,0,0,0,2469.3,LOW
CUST000688,Individual,TX,Real Estate Agent,41464.46,2018-07-09,0,0,0,5528.11,LOW
CUST000689,Individual,PA,Teacher,44996.26,2023-09-01,0,0,0,3001.12,LOW
CUST000690,Individual,MD,Small Business Owner,130196.68,2018-11-12,0,0,0,7375.42,LOW
CUST000691,Individual,IL,Accountant,247232.99,2024-09-24,0,0,0,22978.36,LOW
CUST000692,Individual,CA,Software Engineer,53969.04,2021-02-06,0,0,0,1880.35,LOW
CUST000693,Individual,MA,Software Engineer,83722.9,2021-06-20,0,0,0,7656.51,LOW
CUST000694,Individual,WA,Restaurant Owner,45984.04,2017-07-22,0,0,0,2895.07,LOW
CUST000695,Individual,TX,Student,226470.21,2025-05-16,0,0,0,16506.93,LOW
CUST000696,Individual,VA,Accountant,128204.49,2018-03-23,0,0,0,15887.18,LOW
CUST000697,Individual,CA,Teacher,43880.72,2025-01-26,0,0,0,4727.95,LOW
CUST000698,Individual,NY,Small Business Owner,19124.43,2025-08-06,0,0,0,1544.55,LOW
CUST000699,Individual,MD,Teacher,147218.77,2020-01-21,0,0,0,14308.12,LOW
CUST000700,Individual,PA,Software Engineer,51695.62,2019-02-17,0,0,0,6247.8,LOW
CUST000701,Individual,OH,Student,129705.18,2023-02-04,0,0,0,15334.13,LOW
CUST000702,Individual,TX,Teacher,90775.26,2021-08-14,0,0,0,4372.21,LOW
CUST000703,Individual,GA,Lawyer,22764.35,2019-04-09,0,0,0,1425.39,LOW
CUST000704,Individual,NY,Accountant,44393.06,2018-07-13,0,0,1,3042.24,MEDIUM
CUST000705,Individual,NY,Real Estate Agent,59578.46,2025-06-02,0,0,0,2886.15,LOW
CUST000706,Business,CO,Retail Worker,48338.32,2022-07-16,0,0,0,1281.94,LOW
CUST000707,Individual,VA,Student,80882.5,2017-04-13,0,0,0,3780.93,LOW
CUST000708,Individual,WA,Teacher,97357.14,2020-07-20,0,0,0,12269.97,LOW
CUST000709,Individual,CO,Sales Manager,239983.96,2021-04-07,0,0,0,22376.12,LOW
CUST000710,Individual,VA,Student,101944.33,2017-04-26,0,0,0,6902.37,LOW
CUST000711,Individual,PA,Student,197690.72,2019-05-09,0,0,0,19975.27,LOW
CUST000712,Individual,VA,Lawyer,55012.32,2023-11-17,0,0,0,6462.81,LOW
CUST000713,Individual,NC,Real Estate Agent,159952.49,2017-04-14,0,0,1,11085.26,MEDIUM
CUST000714,Individual,TX,Accountant,58539.95,2023-04-26,0,0,0,4874.0,LOW
CUST000715,Individual,NJ,Small Business Owner,41323.33,2020-08-24,0,0,0,1364.77,LOW
CUST000716,Business,OH,Software Engineer,40203.67,2019-07-18,0,0,0,4005.75,LOW
CUST000717,Business,TX,Sales Manager,13466.66,2024-10-28,0,0,0,936.62,LOW
CUST000718,Business,NC,Real Estate Agent,130665.66,2024-05-13,0,0,0,10347.47,LOW
CUST000719,Individual,VA,Teacher,32422.78,2019-03-18,0,0,0,2523.31,LOW
CUST000720,Individual,FL,Restaurant Owner,187313.28,2025-05-29,0,0,0,19490.16,LOW
CUST000721,Business,NY,Real Estate Agent,66970.0,2018-07-14,1,0,0,6466.5,HIGH
CUST000722,Individual,IL,Restaurant Owner,27298.34,2022-09-06,0,0,0,2122.81,LOW
CUST000723,Individual,NY,Doctor,36269.0,2023-12-31,0,0,0,983.59,LOW
CUST000724,Individual,NC,Software Engineer,84893.78,2018-06-11,0,0,0,8711.83,LOW
CUST000725,Individual,NY,Accountant,22098.63,2024-09-23,0,0,0,2982.15,LOW
CUST000726,Business,MA,Retail Worker,110051.93,2019-08-11,1,0,0,13337.63,HIGH
CUST000727,Individual,CO,Student,27990.69,2017-10-25,0,0,0,4134.28,LOW
CUST000728,Individual,OH,Restaurant Owner,46393.23,2019-02-16,0,0,0,1966.35,LOW
CUST000729,Individual,OH,Retail Worker,85341.11,2017-12-27,0,0,0,4507.29,LOW
CUST000730,Individual,MD,Retail Worker,101639.79,2018-05-19,0,0,0,9392.37,LOW
CUST000731,Individual,GA,Lawyer,125965.24,2022-05-31,0,0,0,6863.24,LOW
CUST000732,Individual,VA,Restaurant Owner,32080.01,2024-03-20,0,0,1,940.54,MEDIUM
CUST000733,Individual,NJ,Trader,61374.46,2022-09-09,1,0,0,4620.64,HIGH
CUST000734,Individual,CA,Lawyer,152617.96,2021-01-02,0,0,0,9302.92,LOW
CUST000735,Individual,MD,Retail Worker,61384.07,2022-12-14,0,0,0,3558.44,LOW
CUST000736,Business,OH,Student,90809.74,2018-08-19,0,0,0,13089.92,LOW
CUST000737,Individual,VA,Small Business Owner,83352.09,2021-05-09,0,0,0,4568.26,LOW
CUST000738,Individual,CA,Construction Worker,174738.8,2020-10-21,0,0,1,7195.58,MEDIUM
CUST000739,Individual,OH,Lawyer,55403.74,2022-02-19,0,0,0,2252.99,LOW
CUST000740,Individual,GA,Doctor,30387.2,2017-09-20,0,0,0,3822.42,LOW
CUST000741,Individual,NY,Restaurant Owner,39979.68,2025-03-03,0,0,0,4571.92,LOW
CUST000742,Individual,NC,Student,84795.01,2024-12-29,0,0,0,3492.35,LOW
CUST000743,Individual,CA,Lawyer,27039.17,2022-02-07,0,0,0,1418.72,LOW
CUST000744,Individual,VA,Sales Manager,52647.51,2017-01-02,0,0,0,6234.41,LOW
CUST000745,Individual,PA,Trader,78768.15,2022-04-18,0,0,0,4673.08,LOW
CUST000746,Business,NJ,Software Engineer,45567.89,2018-01-29,0,0,0,6730.05,LOW
CUST000747,Individual,CO,Restaurant Owner,92753.25,2017-11-02,0,0,0,8586.29,LOW
CUST000748,Individual,MD,Small Business Owner,120103.73,2020-03-15,0,0,0,5885.2,LOW
CUST000749,Business,CA,Student,100804.07,2018-06-14,0,0,0,13341.53,LOW
CUST000750,Individual,GA,Student,27429.25,2018-06-12,0,0,0,1781.1,LOW
CUST000751,Individual,FL,Sales Manager,78961.2,2019-08-23,0,0,0,4824.6,LOW
CUST000752,Business,CA,Trader,83081.8,2018-11-02,0,0,0,5477.6,LOW
CUST000753,Individual,VA,Real Estate Agent,58550.14,2023-07-28,0,0,0,7086.01,LOW
CUST000754,Individual,NJ,Construction Worker,91940.38,2024-10-28,0,0,0,4289.17,LOW
CUST000755,Individual,OH,Small Business Owner,89820.58,2023-03-07,0,0,0,6532.04,LOW
CUST000756,Individual,CO,Restaurant Owner,70698.14,2019-08-16,1,0,0,2039.93,HIGH
CUST000757,Individual,WA,Sales Manager,39044.87,2023-03-03,0,0,0,5010.56,LOW
CUST000758,Individual,OH,Accountant,73713.39,2024-04-26,0,0,0,4982.28,LOW
CUST000759,Business,WA,Student,252394.47,2021-09-10,0,0,0,14139.55,LOW
CUST000760,Individual,MD,Doctor,58118.76,2018-12-22,0,0,0,5665.8,LOW
CUST000761,Individual,PA,Real Estate Agent,148151.69,2018-09-28,0,0,0,16759.51,LOW
CUST000762,Individual,CO,Student,76918.4,2019-11-05,0,0,0,9738.79,LOW
CUST000763,Individual,TX,Restaurant Owner,44567.92,2024-12-15,0,0,0,3051.7,LOW
CUST000764,Individual,TX,Teacher,61849.27,2023-11-29,0,0,0,7826.26,LOW
CUST000765,Individual,CA,Student,74182.06,2023-06-04,0,0,0,6165.28,LOW
CUST000766,Individual,IL,Consultant,114821.13,2018-07-11,0,0,0,4322.19,LOW
CUST000767,Individual,MD,Teacher,352312.18,2020-01-23,0,0,0,46078.36,LOW
CUST000768,Business,VA,Trader,77712.81,2022-11-25,0,0,0,7262.6,LOW
CUST000769,Individual,MD,Student,33697.7,2017-05-08,0,0,0,3380.17,LOW
CUST000770,Business,FL,Retail Worker,25585.17,2022-06-17,0,0,0,3637.86,LOW
CUST000771,Individual,GA,Small Business Owner,57015.78,2023-11-12,0,0,0,5410.45,LOW
CUST000772,Business,FL,Student,36025.64,2017-02-07,0,0,0,925.78,LOW
CUST000773,Individual,WA,Software Engineer,107783.78,2021-06-21,1,0,0,14424.38,HIGH
CUST000774,Individual,VA,Trader,108299.91,2017-07-17,0,0,0,6562.31,LOW
CUST000775,Individual,VA,Retail Worker,68210.88,2023-08-02,0,0,0,5983.52,LOW
CUST000776,Individual,CA,Restaurant Owner,114983.58,2022-08-17,0,0,0,5819.41,LOW
CUST000777,Individual,OH,Doctor,78224.41,2018-06-03,0,0,0,4859.53,LOW
CUST000778,Individual,MD,Teacher,252499.96,2023-02-20,0,0,0,27984.85,LOW
CUST000779,Individual,NJ,Accountant,112670.69,2023-06-22,0,0,0,8866.81,LOW
CUST000780,Individual,CO,Real Estate Agent,134241.34,2019-10-22,0,0,0,13879.39,LOW
CUST000781,Individual,GA,Sales Manager,29259.53,2019-12-22,0,0,0,3743.67,LOW
CUST000782,Individual,FL,Doctor,35029.31,2023-07-19,0,0,0,2368.08,LOW
CUST000783,Individual,NC,Retail Worker,102384.27,2024-04-02,0,0,0,9833.24,LOW
CUST000784,Individual,NJ,Real Estate Agent,27398.63,2019-11-08,0,0,0,3348.07,LOW
CUST000785,Individual,GA,Teacher,49977.8,2018-09-12,0,0,1,5716.98,MEDIUM
CUST000786,Business,FL,Accountant,161435.6,2020-10-26,0,0,0,14929.63,LOW
CUST000787,Individual,CO,Consultant,49288.06,2024-11-09,0,0,0,3594.23,LOW
CUST000788,Individual,PA,Consultant,34163.64,2021-05-14,0,0,0,2594.31,LOW
CUST000789,Individual,WA,Small Business Owner,115745.2,2021-09-19,0,0,0,9160.3,LOW
CUST000790,Business,NY,Accountant,288669.97,2017-08-23,0,0,0,19804.4,LOW
CUST000791,Individual,GA,Real Estate Agent,44339.18,2025-08-07,0,0,0,4983.03,LOW
CUST000792,Individual,WA,Restaurant Owner,166185.54,2018-03-23,0,0,0,6759.91,LOW
CUST000793,Individual,CO,Real Estate Agent,40891.59,2018-09-02,0,0,0,5967.38,LOW
CUST000794,Individual,VA,Trader,69712.81,2017-01-08,0,0,0,8530.98,LOW
CUST000795,Individual,MA,Lawyer,71704.37,2018-04-07,0,0,0,4465.06,LOW
CUST000796,Business,IL,Small Business Owner,45114.33,2019-09-27,0,0,0,1367.8,LOW
CUST000797,Business,VA,Student,132488.4,2020-08-27,0,0,0,15092.14,LOW
CUST000798,Individual,CA,Real Estate Agent,27568.38,2017-05-14,0,0,0,3219.85,LOW
CUST000799,Individual,MA,Lawyer,85137.62,2023-08-30,0,0,0,12383.51,LOW
CUST000800,Business,NJ,Restaurant Owner,150760.89,2017-02-25,0,0,0,8550.13,LOW
CUST000801,Individual,VA,Doctor,125511.12,2019-09-20,0,0,0,4435.64,LOW
CUST000802,Individual,VA,Teacher,103211.25,2020-10-15,0,0,0,14386.81,LOW
CUST000803,Individual,GA,Real Estate Agent,210173.36,2022-06-18,1,0,0,12049.48,HIGH
CUST000804,Individual,CA,Sales Manager,65022.73,2025-09-21,0,0,0,7490.06,LOW
CUST000805,Individual,CA,Teacher,27838.39,2020-01-17,0,0,0,907.04,LOW
CUST000806,Individual,MA,Retail Worker,81889.65,2022-12-26,0,0,0,9832.74,LOW
CUST000807,Business,CO,Consultant,69112.98,2025-09-15,0,0,0,2825.22,LOW
CUST000808,Business,MD,Trader,18957.6,2021-03-04,0,0,0,2122.27,LOW
CUST000809,Individual,VA,Consultant,36095.65,2024-01-27,0,0,0,3304.3,LOW
CUST000810,Individual,MA,Restaurant Owner,33224.29,2017-05-24,0,0,0,4798.78,LOW
CUST000811,Business,NY,Retail Worker,44169.82,2024-12-26,0,0,0,1308.08,LOW
CUST000812,Business,FL,Consultant,59693.6,2024-05-27,0,0,0,3671.52,LOW
CUST000813,Individual,GA,Small Business Owner,61198.34,2022-10-05,0,0,0,2061.69,LOW
CUST000814,Business,MD,Restaurant Owner,45207.59,2018-09-12,0,0,0,6098.49,LOW
CUST000815,Business,WA,Lawyer,33195.96,2022-03-02,0,0,1,3294.29,MEDIUM
CUST000816,Individual,CO,Real Estate Agent,95854.53,2019-10-27,0,0,0,8806.27,LOW
CUST000817,Individual,TX,Lawyer,80903.72,2024-02-03,0,0,0,3352.02,LOW
CUST000818,Individual,VA,Retail Worker,82502.17,2023-10-31,0,0,0,7105.83,LOW
CUST000819,Individual,OH,Small Business Owner,238375.08,2022-07-14,0,0,0,17839.5,LOW
CUST000820,Individual,GA,Student,83375.65,2020-11-09,0,0,0,5375.14,LOW
CUST000821,Individual,GA,Student,59095.84,2024-12-31,0,0,0,7181.54,LOW
CUST000822,Individual,GA,Lawyer,70015.33,2018-10-01,0,0,0,2286.67,LOW
CUST000823,Individual,CA,Student,79975.52,2021-07-15,0,0,0,8464.27,LOW
CUST000824,Individual,NJ,Lawyer,111916.58,2024-04-12,0,0,0,14311.24,LOW
CUST000825,Individual,CA,Doctor,72851.26,2019-04-17,0,0,0,10083.59,LOW
CUST000826,Business,NJ,Student,21212.48,2021-05-05,0,0,0,2508.15,LOW
CUST000827,Individual,NC,Retail Worker,56463.92,2019-02-19,0,0,0,3405.17,LOW
CUST000828,Individual,MA,Trader,75072.83,2019-04-17,0,0,0,7512.05,LOW
CUST000829,Individual,TX,Software Engineer,175075.82,2024-01-02,0,0,0,7471.44,LOW
CUST000830,Individual,MD,Consultant,44999.71,2025-08-11,0,0,0,1783.45,LOW
CUST000831,Individual,CA,Student,25908.43,2024-10-30,0,0,0,2715.93,LOW
CUST000832,Individual,VA,Retail Worker,78204.98,2024-02-25,0,0,0,10275.23,LOW
CUST000833,Individual,CO,Small Business Owner,131702.04,2017-09-22,0,0,0,4399.64,LOW
CUST000834,Individual,MD,Construction Worker,58076.62,2020-05-01,0,0,0,2221.46,LOW
CUST000835,Individual,NJ,Small Business Owner,353000.78,2020-10-29,0,0,0,33782.5,LOW
CUST000836,Individual,CA,Real Estate Agent,302887.62,2022-08-20,0,0,0,15833.9,LOW
CUST000837,Business,IL,Small Business Owner,71548.88,2017-10-29,0,0,0,7260.58,LOW
CUST000838,Individual,CA,Doctor,84677.65,2022-06-01,0,0,0,4387.82,LOW
CUST000839,Individual,TX,Teacher,182575.46,2019-03-16,0,0,0,7222.73,LOW
CUST000840,Individual,TX,Lawyer,70745.97,2019-12-12,0,0,0,6593.3,LOW
CUST000841,Individual,NJ,Restaurant Owner,44470.7,2021-11-11,0,0,0,5904.57,LOW
CUST000842,Individual,NJ,Construction Worker,133659.28,2017-04-09,0,0,1,14788.1,MEDIUM
CUST000843,Individual,MA,Small Business Owner,101428.74,2024-03-25,0,0,0,12916.0,LOW
CUST000844,Business,TX,Construction Worker,44376.67,2025-06-12,0,0,0,2586.8,LOW
CUST000845,Individual,TX,Doctor,89922.2,2020-11-14,0,0,0,12206.7,LOW
CUST000846,Individual,NC,Restaurant Owner,67589.24,2022-06-01,0,0,0,4875.2,LOW
CUST000847,Individual,VA,Doctor,58391.83,2017-12-23,0,0,0,7681.79,LOW
CUST000848,Business,NC,Student,45001.34,2021-07-22,0,0,0,3775.48,LOW
CUST000849,Individual,NY,Teacher,81158.18,2025-02-23,0,0,0,4746.31,LOW
CUST000850,Individual,GA,Restaurant Owner,63097.48,2017-01-11,0,0,0,3630.15,LOW
CUST000851,Individual,NC,Retail Worker,90246.73,2017-03-22,0,0,0,8659.94,LOW
CUST000852,Individual,PA,Small Business Owner,127789.27,2022-08-16,0,0,0,4456.81,LOW
CUST000853,Individual,CA,Trader,87182.73,2023-08-18,0,0,0,12315.17,LOW
CUST000854,Business,FL,Small Business Owner,88158.22,2023-12-04,0,0,0,5195.42,LOW
CUST000855,Individual,MA,Consultant,52758.4,2017-08-10,0,0,0,3532.34,LOW
CUST000856,Individual,GA,Doctor,160905.87,2022-04-25,0,0,0,8715.1,LOW
CUST000857,Individual,PA,Teacher,43204.47,2025-08-19,1,0,0,1096.36,HIGH
CUST000858,Individual,NY,Real Estate Agent,26303.27,2022-05-01,0,0,0,2934.62,LOW
CUST000859,Individual,FL,Software Engineer,37387.96,2018-05-30,0,0,0,3694.65,LOW
CUST000860,Individual,NJ,Real Estate Agent,146901.11,2025-07-29,1,0,0,18539.74,HIGH
CUST000861,Individual,TX,Software Engineer,101065.79,2017-08-09,0,0,0,3044.74,LOW
CUST000862,Individual,IL,Trader,175958.97,2023-07-25,0,0,0,24824.64,LOW
CUST000863,Individual,MA,Accountant,31737.68,2017-08-16,0,0,0,2106.14,LOW
CUST000864,Individual,WA,Retail Worker,338874.54,2023-05-27,0,0,0,47148.88,LOW
CUST000865,Individual,OH,Accountant,62370.56,2017-10-20,0,0,0,2394.5,LOW
CUST000866,Individual,NC,Doctor,23885.34,2024-10-28,0,0,0,2818.23,LOW
CUST000867,Individual,TX,Trader,312544.6,2025-12-09,0,0,0,30448.03,LOW
CUST000868,Individual,IL,Doctor,32005.94,2019-08-14,0,0,0,2233.18,LOW
CUST000869,Business,PA,Lawyer,57908.02,2021-02-06,0,0,0,2020.57,LOW
CUST000870,Business,NJ,Small Business Owner,65611.38,2020-07-04,0,0,0,6599.98,LOW
CUST000871,Individual,FL,Software Engineer,100097.24,2022-06-02,1,0,0,2833.25,HIGH
CUST000872,Individual,PA,Restaurant Owner,44841.81,2021-03-10,0,0,0,3930.84,LOW
CUST000873,Individual,OH,Sales Manager,147384.04,2018-01-23,0,0,0,14815.94,LOW
CUST000874,Individual,TX,Teacher,122407.01,2024-04-16,0,0,0,14268.43,LOW
CUST000875,Individual,TX,Student,75935.29,2023-08-11,0,0,0,11308.04,LOW
CUST000876,Individual,FL,Construction Worker,177381.41,2024-05-29,0,0,0,10201.51,LOW
CUST000877,Individual,WA,Doctor,71763.88,2023-05-27,0,0,0,4686.09,LOW
CUST000878,Individual,IL,Accountant,62697.3,2017-07-08,0,0,0,4241.04,LOW
CUST000879,Individual,PA,Accountant,274858.09,2019-07-07,0,0,0,32006.63,LOW
CUST000880,Individual,NJ,Sales Manager,90896.05,2020-04-16,0,0,0,12859.74,LOW
CUST000881,Individual,TX,Real Estate Agent,39520.31,2019-07-13,0,0,0,5801.2,LOW
CUST000882,Individual,CO,Retail Worker,43155.64,2025-04-24,0,0,0,6181.03,LOW
CUST000883,Individual,PA,Software Engineer,75929.93,2023-08-20,0,0,0,10244.68,LOW
CUST000884,Individual,VA,Construction Worker,15780.72,2021-06-10,0,0,0,2349.31,LOW
CUST000885,Individual,WA,Software Engineer,49701.99,2019-01-30,0,0,0,3578.21,LOW
CUST000886,Individual,PA,Doctor,70262.06,2021-01-17,0,0,0,10085.43,LOW
CUST000887,Individual,NC,Small Business Owner,67276.41,2023-03-15,0,0,0,8081.75,LOW
CUST000888,Individual,FL,Consultant,33120.42,2019-12-02,0,0,0,1525.44,LOW
CUST000889,Individual,MD,Construction Worker,56033.67,2017-07-13,0,0,0,1719.29,LOW
CUST000890,Individual,MD,Real Estate Agent,161476.67,2020-09-12,0,0,0,8366.19,LOW
CUST000891,Individual,NC,Accountant,141179.88,2020-10-28,0,0,0,17272.5,LOW
CUST000892,Business,OH,Real Estate Agent,79809.2,2021-01-28,0,0,0,8297.13,LOW
CUST000893,Business,NJ,Small Business Owner,71714.76,2017-06-12,0,0,0,3804.08,LOW
CUST000894,Individual,NY,Doctor,67520.46,2017-10-03,0,0,0,7949.87,LOW
CUST000895,Individual,FL,Lawyer,87451.96,2017-12-30,0,0,0,3731.16,LOW
CUST000896,Individual,PA,Consultant,80170.68,2021-07-24,0,0,0,10240.21,LOW
CUST000897,Individual,NY,Student,92589.87,2024-09-23,0,0,0,11506.15,LOW
CUST000898,Business,TX,Construction Worker,103923.42,2023-12-03,0,0,0,15232.26,LOW
CUST000899,Individual,NY,Sales Manager,34133.12,2024-06-29,0,0,0,1494.52,LOW
CUST000900,Individual,WA,Software Engineer,61302.06,2022-06-26,0,0,0,8479.71,LOW
CUST000901,Individual,CA,Construction Worker,85296.31,2018-04-05,0,0,0,5769.26,LOW
CUST000902,Individual,WA,Accountant,40032.65,2024-01-31,0,0,0,3082.81,LOW
CUST000903,Individual,NC,Software Engineer,48400.21,2025-04-10,0,0,0,4044.11,LOW
CUST000904,Individual,FL,Lawyer,65095.49,2022-11-03,0,0,0,6728.47,LOW
CUST000905,Individual,CA,Lawyer,67204.86,2021-09-28,0,0,0,10036.74,LOW
CUST000906,Business,FL,Student,86338.87,2020-09-01,0,0,0,8633.44,LOW
CUST000907,Individual,VA,Sales Manager,43218.48,2023-04-10,0,0,0,6086.87,LOW
CUST000908,Individual,OH,Student,140710.05,2025-01-06,0,0,0,8003.38,LOW
CUST000909,Individual,OH,Sales Manager,66845.82,2020-09-27,0,0,1,5000.16,MEDIUM
CUST000910,Individual,MA,Retail Worker,82423.17,2025-11-23,0,0,0,7258.39,LOW
CUST000911,Individual,NJ,Software Engineer,58974.02,2025-10-07,0,0,0,3854.7,LOW
CUST000912,Individual,CO,Teacher,87414.49,2018-10-19,0,0,0,12859.4,LOW
CUST000913,Individual,OH,Consultant,222245.33,2020-01-12,0,0,0,25716.11,LOW
CUST000914,Individual,GA,Teacher,58619.12,2020-10-15,0,0,0,4974.43,LOW
CUST000915,Individual,TX,Trader,52644.7,2022-11-06,0,0,0,6260.14,LOW
CUST000916,Individual,TX,Student,43723.56,2019-01-12,0,0,0,3647.87,LOW
CUST000917,Individual,VA,Software Engineer,72149.04,2022-06-19,0,0,0,1959.07,LOW
CUST000918,Business,MA,Retail Worker,71607.92,2025-04-21,0,0,0,6652.32,LOW
CUST000919,Individual,VA,Construction Worker,77550.25,2023-11-24,0,0,0,7999.17,LOW
CUST000920,Individual,PA,Construction Worker,101682.42,2021-03-02,0,0,0,15013.5,LOW
CUST000921,Business,IL,Lawyer,93681.19,2023-09-30,0,0,0,2819.72,LOW
CUST000922,Individual,FL,Lawyer,73910.07,2025-07-20,0,0,0,6578.89,LOW
CUST000923,Business,GA,Construction Worker,267056.2,2021-06-12,0,0,0,9953.01,LOW
CUST000924,Individual,GA,Small Business Owner,117499.06,2018-11-13,0,0,0,5125.84,LOW
CUST000925,Individual,NC,Retail Worker,36946.43,2025-08-01,0,0,0,3742.97,LOW
CUST000926,Individual,WA,Small Business Owner,27470.34,2020-01-18,0,0,0,1481.91,LOW
CUST000927,Individual,WA,Doctor,47718.36,2021-09-21,0,0,0,5661.63,LOW
CUST000928,Individual,IL,Software Engineer,82823.85,2025-12-06,0,0,0,7394.09,LOW
CUST000929,Individual,NC,Teacher,45187.18,2019-06-18,0,0,0,2362.23,LOW
CUST000930,Individual,VA,Consultant,49875.53,2018-08-24,0,0,0,4325.4,LOW
CUST000931,Individual,NC,Lawyer,76281.59,2022-02-11,0,0,0,1915.45,LOW
CUST000932,Business,PA,Student,60051.7,2020-04-14,0,0,0,7977.42,LOW
CUST000933,Business,MA,Consultant,19815.86,2024-09-24,0,0,0,526.8,LOW
CUST000934,Individual,NY,Student,151056.34,2025-01-27,0,0,0,3908.77,LOW
CUST000935,Individual,WA,Trader,129892.88,2018-04-28,0,0,0,13176.07,LOW
CUST000936,Individual,PA,Software Engineer,32529.9,2022-07-04,0,0,0,4771.81,LOW
CUST000937,Individual,NJ,Software Engineer,77825.36,2020-02-17,0,0,0,10272.3,LOW
CUST000938,Business,NC,Real Estate Agent,36296.8,2017-06-18,0,0,0,2050.86,LOW
CUST000939,Individual,TX,Teacher,50489.75,2022-07-15,1,0,0,2503.45,HIGH
CUST000940,Individual,TX,Accountant,102872.21,2023-01-04,0,0,0,10623.0,LOW
CUST000941,Individual,PA,Student,126978.62,2018-03-15,0,0,0,16231.64,LOW
CUST000942,Individual,IL,Restaurant Owner,125061.55,2025-01-14,0,0,0,8786.8,LOW
CUST000943,Individual,MA,Accountant,87938.14,2025-12-05,0,0,0,6951.01,LOW
CUST000944,Business,OH,Construction Worker,171807.02,2017-06-09,0,0,0,6775.41,LOW
CUST000945,Individual,MD,Consultant,50431.85,2019-03-25,0,0,0,2224.21,LOW
CUST000946,Individual,GA,Lawyer,58257.87,2023-09-16,0,1,0,5595.32,HIGH
CUST000947,Individual,IL,Sales Manager,13887.37,2018-08-09,0,0,1,525.39,MEDIUM
CUST000948,Business,PA,Sales Manager,70597.97,2019-05-14,0,0,0,3547.96,LOW
CUST000949,Business,MA,Software Engineer,109321.04,2019-11-08,0,0,0,5939.92,LOW
CUST000950,Individual,MA,Restaurant Owner,90279.18,2017-05-20,0,0,0,7266.62,LOW
CUST000951,Individual,FL,Student,49992.59,2020-02-13,0,0,0,1534.85,LOW
CUST000952,Individual,CA,Doctor,129856.47,2017-11-24,0,0,0,11358.72,LOW
CUST000953,Individual,TX,Student,71485.75,2017-08-13,0,0,0,10085.52,LOW
CUST000954,Business,PA,Sales Manager,123428.92,2018-07-12,0,0,1,3463.16,MEDIUM
CUST000955,Individual,CO,Consultant,102871.99,2023-10-23,0,0,0,10685.63,LOW
CUST000956,Individual,OH,Student,189316.26,2021-04-23,0,0,0,24512.73,LOW
CUST000957,Individual,NC,Lawyer,93510.55,2021-10-08,0,0,0,5990.06,LOW
CUST000958,Individual,GA,Student,111491.78,2018-01-21,0,0,0,4620.2,LOW
CUST000959,Individual,NC,Lawyer,71351.76,2018-06-05,0,0,0,2170.34,LOW
CUST000960,Individual,CA,Retail Worker,54087.85,2020-06-30,0,0,1,5705.61,MEDIUM
CUST000961,Individual,NJ,Teacher,103178.87,2024-04-21,0,0,0,9701.84,LOW
CUST000962,Individual,WA,Accountant,199190.78,2020-01-27,0,0,0,10688.95,LOW
CUST000963,Individual,CO,Lawyer,50257.8,2024-10-05,0,0,0,6480.85,LOW
CUST000964,Individual,FL,Doctor,63828.48,2025-08-09,0,0,0,7463.99,LOW
CUST000965,Individual,WA,Software Engineer,76310.53,2024-02-12,0,0,0,4544.57,LOW
CUST000966,Individual,CA,Student,117058.14,2022-01-08,0,0,0,13949.86,LOW
CUST000967,Individual,CA,Doctor,93881.73,2018-03-23,0,0,0,5222.1,LOW
CUST000968,Individual,WA,Real Estate Agent,135772.29,2025-08-28,0,0,0,14854.63,LOW
CUST000969,Individual,VA,Student,270569.57,2020-05-27,0,0,0,10773.57,LOW
CUST000970,Individual,GA,Small Business Owner,49511.37,2017-04-17,0,0,0,5522.0,LOW
CUST000971,Individual,GA,Small Business Owner,111476.29,2021-02-08,0,0,0,6114.12,LOW
CUST000972,Business,NY,Retail Worker,92379.4,2025-02-11,0,0,0,8920.03,LOW
CUST000973,Individual,NC,Small Business Owner,75933.98,2021-01-17,0,0,0,3535.33,LOW
CUST000974,Individual,OH,Retail Worker,111212.58,2019-06-23,1,0,0,12872.4,HIGH
CUST000975,Individual,NJ,Restaurant Owner,63058.71,2021-06-20,0,0,0,2056.34,LOW
CUST000976,Individual,NC,Construction Worker,92523.98,2024-02-05,0,0,0,4226.24,LOW
CUST000977,Individual,GA,Consultant,32106.16,2020-02-24,0,0,0,1541.64,LOW
CUST000978,Individual,OH,Accountant,52839.46,2020-03-16,1,0,0,1594.06,HIGH
CUST000979,Individual,MD,Real Estate Agent,148172.43,2023-05-17,1,0,0,17503.1,HIGH
CUST000980,Individual,NJ,Lawyer,144516.26,2017-01-24,0,0,0,21333.35,LOW
CUST000981,Individual,NJ,Lawyer,88776.3,2019-08-10,0,0,0,10857.32,LOW
CUST000982,Individual,CA,Trader,55868.78,2021-10-11,0,0,0,7407.03,LOW
CUST000983,Individual,NJ,Consultant,128240.95,2022-08-02,1,0,0,3302.33,HIGH
CUST000984,Individual,FL,Small Business Owner,167537.12,2017-04-30,0,0,0,6656.88,LOW
CUST000985,Individual,WA,Trader,57365.88,2021-08-03,0,0,0,5442.73,LOW
CUST000986,Individual,CO,Consultant,29128.74,2020-08-13,0,0,0,4288.73,LOW
CUST000987,Individual,VA,Trader,100426.47,2019-05-05,0,0,0,10804.8,LOW
CUST000988,Individual,NY,Restaurant Owner,135834.54,2019-10-13,0,0,0,9748.45,LOW
CUST000989,Individual,NC,Retail Worker,109875.99,2025-03-11,0,0,0,4754.19,LOW
CUST000990,Individual,PA,Teacher,207429.1,2025-08-20,0,0,0,9148.55,LOW
CUST000991,Individual,IL,Doctor,207999.06,2018-03-24,0,0,0,14631.52,LOW
CUST000992,Individual,NY,Software Engineer,61496.48,2022-04-20,0,0,0,7024.51,LOW
CUST000993,Individual,FL,Teacher,85356.32,2021-10-10,0,0,0,2473.41,LOW
CUST000994,Individual,NY,Teacher,54311.74,2019-09-23,0,0,0,7143.2,LOW
CUST000995,Individual,NJ,Construction Worker,38595.93,2022-04-27,0,0,0,5507.4,LOW
CUST000996,Individual,CA,Construction Worker,40095.04,2020-12-17,0,0,0,5457.02,LOW
CUST000997,Business,CO,Teacher,119528.16,2025-06-23,0,0,0,16629.76,LOW
CUST000998,Individual,IL,Lawyer,91319.56,2019-12-21,0,0,0,2458.09,LOW
CUST000999,Business,GA,Trader,133748.7,2021-09-21,0,0,0,19691.02,LOW
CUST001000,Individual,CA,Retail Worker,388791.04,2022-11-02,0,0,0,27524.32,LOW
CUST001001,Individual,NJ,Consultant,103793.37,2023-03-23,0,0,0,13873.04,LOW
CUST001002,Individual,NJ,Doctor,44940.52,2017-07-05,0,0,0,2172.92,LOW
CUST001003,Business,IL,Consultant,146983.53,2023-08-20,0,1,0,11878.58,HIGH
CUST001004,Individual,IL,Consultant,44400.7,2017-03-13,0,0,0,1355.13,LOW
CUST001005,Individual,MD,Consultant,233669.35,2017-03-15,0,0,0,7012.3,LOW
CUST001006,Individual,TX,Doctor,20822.75,2022-04-05,0,0,0,2975.77,LOW
CUST001007,Individual,CO,Doctor,52574.5,2020-09-26,0,0,0,6641.52,LOW
CUST001008,Business,MA,Restaurant Owner,112379.1,2023-01-10,0,0,0,10252.15,LOW
CUST001009,Individual,CO,Accountant,161237.23,2022-11-14,0,0,1,14621.36,MEDIUM
CUST001010,Individual,MA,Sales Manager,48300.85,2023-10-29,0,0,0,5728.21,LOW
CUST001011,Individual,OH,Sales Manager,42932.13,2025-09-17,0,0,0,2906.87,LOW
CUST001012,Business,VA,Sales Manager,82593.15,2021-01-21,0,0,0,9930.48,LOW
CUST001013,Business,CA,Trader,259390.36,2024-11-15,0,0,0,22210.57,LOW
CUST001014,Individual,GA,Teacher,27592.46,2025-07-20,0,0,0,2890.03,LOW
CUST001015,Individual,NY,Student,61148.79,2023-08-22,0,0,0,8903.49,LOW
CUST001016,Business,NJ,Restaurant Owner,88819.69,2019-02-04,0,0,0,7453.25,LOW
CUST001017,Individual,NJ,Restaurant Owner,44706.59,2020-01-02,0,0,0,3455.85,LOW
CUST001018,Individual,TX,Software Engineer,44606.83,2017-07-31,0,0,0,6165.5,LOW
CUST001019,Business,CA,Student,64443.16,2018-12-25,0,0,1,8881.72,MEDIUM
CUST001020,Individual,VA,Construction Worker,90717.43,2025-11-14,0,0,0,13521.65,LOW
CUST001021,Individual,CA,Software Engineer,66068.89,2024-09-23,0,0,0,6201.09,LOW
CUST001022,Individual,MD,Construction Worker,194436.53,2023-07-07,0,0,0,13228.04,LOW
CUST001023,Business,NC,Accountant,110242.29,2021-11-01,0,0,0,6068.7,LOW
CUST001024,Business,WA,Real Estate Agent,96211.1,2019-01-21,0,0,0,2815.33,LOW
CUST001025,Business,OH,Construction Worker,146271.28,2021-02-26,0,0,0,16944.22,LOW
CUST001026,Individual,IL,Consultant,97320.53,2025-10-20,0,0,0,5273.27,LOW
CUST001027,Business,GA,Construction Worker,56228.11,2021-01-08,0,0,0,5669.49,LOW
CUST001028,Business,VA,Trader,63208.51,2024-11-11,0,0,0,8822.27,LOW
CUST001029,Individual,IL,Small Business Owner,35994.08,2018-01-29,0,0,0,5175.11,LOW
CUST001030,Business,GA,Student,276071.24,2018-05-27,0,0,0,7053.97,LOW
CUST001031,Individual,NC,Sales Manager,137339.88,2018-11-17,0,0,0,8876.88,LOW
CUST001032,Individual,FL,Sales Manager,14207.36,2024-04-22,0,0,0,1842.3,LOW
CUST001033,Individual,PA,Doctor,178398.82,2021-10-05,0,0,0,16422.62,LOW
CUST001034,Individual,NC,Student,28922.85,2021-09-17,0,0,0,3642.5,LOW
CUST001035,Individual,OH,Accountant,105206.28,2022-01-01,0,0,0,13852.03,LOW
CUST001036,Individual,MD,Sales Manager,17901.26,2024-04-05,0,0,0,1437.98,LOW
CUST001037,Individual,MA,Restaurant Owner,56781.13,2020-07-06,0,0,0,3967.46,LOW
CUST001038,Individual,NC,Consultant,179306.19,2022-02-01,0,0,0,14690.41,LOW
CUST001039,Individual,OH,Real Estate Agent,185916.96,2024-07-28,0,0,0,19818.64,LOW
CUST001040,Individual,MA,Accountant,91550.63,2023-07-25,0,0,0,6490.47,LOW
CUST001041,Individual,GA,Restaurant Owner,125128.38,2024-01-07,0,0,0,15249.84,LOW
CUST001042,Individual,MA,Retail Worker,29924.2,2023-09-13,0,0,0,4129.51,LOW
CUST001043,Individual,CO,Student,106421.19,2023-03-12,0,0,0,6416.02,LOW
CUST001044,Individual,IL,Trader,130401.62,2024-02-23,0,0,0,18989.57,LOW
CUST001045,Business,OH,Small Business Owner,398545.99,2020-08-05,0,0,0,40986.73,LOW
CUST001046,Individual,NJ,Accountant,50018.63,2022-02-08,0,0,0,6741.07,LOW
CUST001047,Individual,IL,Lawyer,75798.99,2023-04-25,0,0,0,2879.57,LOW
CUST001048,Individual,GA,Student,78906.45,2020-11-12,0,0,0,4453.27,LOW
CUST001049,Business,VA,Lawyer,118104.23,2021-12-13,0,0,0,7691.82,LOW
CUST001050,Individual,CA,Real Estate Agent,132929.65,2024-07-04,0,0,0,8355.0,LOW
CUST001051,Business,IL,Restaurant Owner,149468.09,2021-04-18,0,0,0,6947.67,LOW
CUST001052,Individual,CO,Student,142545.82,2019-11-30,0,0,0,19033.45,LOW
CUST001053,Business,MA,Doctor,28638.77,2019-09-25,0,0,0,2214.54,LOW
CUST001054,Individual,CO,Construction Worker,13720.76,2024-11-07,0,0,0,1994.88,LOW
CUST001055,Business,TX,Software Engineer,53685.53,2023-03-08,0,0,0,5257.64,LOW
CUST001056,Individual,WA,Real Estate Agent,73293.15,2023-05-09,0,0,0,3100.25,LOW
CUST001057,Individual,NC,Lawyer,50343.23,2025-10-13,0,0,0,4693.91,LOW
CUST001058,Individual,NJ,Software Engineer,55627.87,2018-08-22,0,0,0,8299.3,LOW
CUST001059,Individual,NC,Teacher,60275.52,2019-12-20,0,0,0,5765.14,LOW
CUST001060,Individual,MA,Lawyer,109161.1,2025-06-14,0,0,0,2754.53,LOW
CUST001061,Business,TX,Construction Worker,38305.3,2025-05-29,0,0,0,5425.37,LOW
CUST001062,Business,GA,Real Estate Agent,71300.27,2023-04-22,0,0,0,3876.01,LOW
CUST001063,Individual,FL,Accountant,71655.88,2024-08-16,0,0,0,7958.54,LOW
CUST001064,Individual,MD,Doctor,107559.34,2018-12-23,0,0,0,9614.19,LOW
CUST001065,Individual,TX,Accountant,159608.87,2024-01-27,0,0,0,10482.99,LOW
CUST001066,Individual,PA,Retail Worker,224114.69,2020-02-29,0,0,0,13520.83,LOW
CUST001067,Individual,NC,Teacher,46182.18,2021-09-05,0,0,0,6516.07,LOW
CUST001068,Individual,FL,Doctor,20440.22,2025-05-30,0,0,0,2841.0,LOW
CUST001069,Individual,OH,Small Business Owner,64086.57,2017-01-17,0,0,0,5712.8,LOW
CUST001070,Individual,NY,Lawyer,26705.97,2025-01-08,1,0,1,1530.57,HIGH
CUST001071,Individual,NJ,Sales Manager,443617.68,2025-03-21,1,0,0,16765.53,HIGH
CUST001072,Individual,MA,Lawyer,42526.01,2024-11-13,0,0,0,1895.47,LOW
CUST001073,Individual,OH,Student,108199.86,2019-09-19,0,0,0,9768.44,LOW
CUST001074,Individual,OH,Student,137638.56,2019-05-28,0,0,0,8737.12,LOW
CUST001075,Business,NY,Lawyer,93587.11,2023-02-11,0,0,0,2831.81,LOW
CUST001076,Individual,IL,Sales Manager,289268.79,2020-12-17,0,0,0,23689.93,LOW
CUST001077,Individual,GA,Consultant,65751.03,2021-01-05,0,0,0,7776.62,LOW
CUST001078,Individual,CO,Student,43589.44,2021-08-06,0,0,0,5948.3,LOW
CUST001079,Individual,NJ,Restaurant Owner,42147.78,2025-06-11,0,0,0,4137.25,LOW
CUST001080,Business,MD,Teacher,122118.49,2021-03-24,0,0,0,14093.88,LOW
CUST001081,Individual,CA,Restaurant Owner,66295.32,2017-03-21,0,0,0,4674.4,LOW
CUST001082,Individual,OH,Sales Manager,42151.5,2024-10-27,0,0,0,3668.44,LOW
CUST001083,Individual,FL,Construction Worker,99916.67,2023-06-08,0,0,1,11610.65,MEDIUM
CUST001084,Business,OH,Consultant,118925.84,2020-06-25,0,0,0,13790.32,LOW
CUST001085,Business,CO,Consultant,89464.02,2021-04-14,0,0,0,6984.08,LOW
CUST001086,Individual,CA,Lawyer,134589.01,2020-07-19,0,0,0,12511.18,LOW
CUST001087,Individual,OH,Sales Manager,79420.16,2022-12-21,0,0,0,11157.1,LOW
CUST001088,Individual,NY,Sales Manager,50990.11,2019-10-26,0,0,0,5302.96,LOW
CUST001089,Business,CO,Student,127090.34,2024-09-04,0,0,1,13385.39,MEDIUM
CUST001090,Individual,TX,Doctor,42053.0,2021-04-15,0,0,0,5175.78,LOW
CUST001091,Business,TX,Lawyer,36006.97,2024-04-30,0,0,0,1418.78,LOW
CUST001092,Individual,CO,Construction Worker,158992.24,2021-09-10,0,0,0,14366.62,LOW
CUST001093,Individual,VA,Retail Worker,59822.8,2019-10-07,0,0,1,8670.06,MEDIUM
CUST001094,Individual,GA,Teacher,221446.86,2019-02-12,0,0,0,15547.24,LOW
CUST001095,Individual,NY,Teacher,130879.2,2022-12-29,0,0,0,8096.94,LOW
CUST001096,Individual,WA,Real Estate Agent,56939.71,2018-04-28,0,0,0,5702.57,LOW
CUST001097,Individual,OH,Lawyer,102876.79,2023-07-21,0,0,0,5415.43,LOW
CUST001098,Individual,NJ,Accountant,387972.82,2021-05-05,0,0,0,36660.77,LOW
CUST001099,Individual,FL,Student,122457.7,2025-09-15,0,0,0,5444.04,LOW
CUST001100,Individual,TX,Real Estate Agent,109463.64,2021-05-01,0,0,0,10669.88,LOW
CUST001101,Individual,CO,Trader,50953.8,2023-11-27,0,0,0,5110.53,LOW
CUST001102,Business,TX,Retail Worker,248750.07,2020-01-11,0,0,0,19228.4,LOW
CUST001103,Business,CA,Consultant,176645.98,2020-01-13,0,0,0,12867.48,LOW
CUST001104,Business,CA,Sales Manager,51258.06,2025-08-09,0,0,0,2854.17,LOW
CUST001105,Business,MD,Software Engineer,254615.99,2017-06-24,0,0,1,16897.66,MEDIUM
CUST001106,Individual,VA,Sales Manager,83477.44,2022-01-26,0,0,0,7287.02,LOW
CUST001107,Individual,NC,Retail Worker,43433.89,2019-04-22,0,0,0,2430.45,LOW
CUST001108,Individual,MA,Retail Worker,50828.18,2022-02-16,0,0,0,6244.46,LOW
CUST001109,Individual,IL,Doctor,132687.14,2024-12-23,0,0,0,15077.16,LOW
CUST001110,Individual,WA,Doctor,43628.6,2025-08-29,0,0,0,2559.39,LOW
CUST001111,Individual,CA,Doctor,36615.16,2023-11-22,0,0,0,1361.33,LOW
CUST001112,Individual,CA,Doctor,56385.93,2022-03-02,0,0,0,1410.92,LOW
CUST001113,Individual,VA,Accountant,62134.69,2024-05-15,0,0,0,6187.98,LOW
CUST001114,Individual,NJ,Student,48416.13,2024-06-21,1,0,1,2489.58,HIGH
CUST001115,Individual,NC,Small Business Owner,55836.29,2019-08-13,0,0,0,1483.73,LOW
CUST001116,Individual,CO,Teacher,136114.09,2021-05-15,0,0,0,9512.42,LOW
CUST001117,Individual,MA,Student,88607.34,2024-12-06,0,0,0,12870.2,LOW
CUST001118,Business,CA,Lawyer,53641.42,2023-04-08,0,0,0,5967.22,LOW
CUST001119,Individual,VA,Student,56791.51,2024-07-12,0,0,0,7509.0,LOW
CUST001120,Individual,FL,Teacher,68848.72,2017-12-06,0,0,0,2966.86,LOW
CUST001121,Business,NJ,Doctor,71458.64,2024-10-11,0,0,0,2441.1,LOW
CUST001122,Business,IL,Student,71655.29,2019-01-14,0,0,0,1894.65,LOW
CUST001123,Business,NY,Sales Manager,132906.93,2021-02-03,0,0,0,19199.44,LOW
CUST001124,Individual,CO,Accountant,85247.87,2023-11-16,0,0,1,5330.15,MEDIUM
CUST001125,Individual,NJ,Doctor,86893.71,2024-10-19,0,0,0,7163.35,LOW
CUST001126,Individual,NY,Accountant,189596.59,2022-01-23,0,0,0,14089.96,LOW
CUST001127,Individual,TX,Real Estate Agent,253994.23,2017-01-15,0,0,0,29541.34,LOW
CUST001128,Individual,MA,Small Business Owner,33695.25,2025-07-10,0,0,0,2147.92,LOW
CUST001129,Individual,IL,Student,26875.04,2022-06-12,0,0,0,2470.67,LOW
CUST001130,Individual,MD,Sales Manager,59762.25,2017-07-27,0,0,0,8931.34,LOW
CUST001131,Individual,MA,Small Business Owner,124776.19,2019-12-20,0,0,0,10045.47,LOW
CUST001132,Individual,NC,Restaurant Owner,95763.28,2023-08-10,0,0,0,8993.03,LOW
CUST001133,Individual,IL,Accountant,148807.41,2024-04-09,0,0,0,13067.67,LOW
CUST001134,Individual,NC,Real Estate Agent,58116.62,2023-01-17,0,0,1,7287.72,MEDIUM
CUST001135,Individual,MA,Trader,21023.24,2018-02-01,0,0,0,1226.81,LOW
CUST001136,Individual,NJ,Construction Worker,30848.25,2022-05-12,0,0,0,1428.42,LOW
CUST001137,Business,CO,Construction Worker,108263.19,2019-03-05,0,0,0,12911.65,LOW
CUST001138,Individual,VA,Real Estate Agent,149549.58,2023-12-23,0,0,0,11508.18,LOW
CUST001139,Individual,MA,Trader,21716.45,2017-07-28,0,0,0,3023.27,LOW
CUST001140,Individual,PA,Consultant,187619.41,2020-03-02,0,0,0,19797.58,LOW
CUST001141,Business,IL,Trader,101443.22,2018-03-09,0,0,0,9692.18,LOW
CUST001142,Individual,MD,Consultant,71644.31,2024-04-10,0,0,0,2422.09,LOW
CUST001143,Individual,CO,Doctor,49901.6,2021-10-21,0,0,0,5803.63,LOW
CUST001144,Individual,OH,Consultant,210975.67,2023-09-03,0,0,0,23366.62,LOW
CUST001145,Individual,NY,Construction Worker,134362.62,2025-05-03,0,0,0,14109.28,LOW
CUST001146,Business,IL,Sales Manager,103184.99,2018-08-06,0,0,0,6035.15,LOW
CUST001147,Individual,TX,Consultant,46622.18,2018-03-08,0,0,0,6682.94,LOW
CUST001148,Individual,FL,Restaurant Owner,214156.25,2020-07-21,0,0,0,13964.46,LOW
CUST001149,Business,CO,Construction Worker,76494.31,2017-12-17,0,0,0,3367.96,LOW
CUST001150,Business,CO,Accountant,91090.13,2017-05-14,0,0,1,13517.79,MEDIUM
CUST001151,Individual,NC,Trader,78647.57,2025-08-04,0,0,0,9302.5,LOW
CUST001152,Business,PA,Trader,45598.75,2018-10-01,0,0,0,3504.19,LOW
CUST001153,Individual,GA,Retail Worker,92324.24,2020-05-13,0,0,0,13109.08,LOW
CUST001154,Individual,OH,Consultant,117978.0,2017-04-27,0,0,0,4293.18,LOW
CUST001155,Individual,IL,Trader,56285.86,2020-07-14,0,0,0,2023.91,LOW
CUST001156,Individual,CA,Consultant,87325.1,2021-12-23,0,0,0,9632.52,LOW
CUST001157,Individual,NJ,Lawyer,77906.76,2023-01-06,0,0,0,3680.82,LOW
CUST001158,Business,OH,Student,135954.94,2025-12-10,0,0,0,18985.08,LOW
CUST001159,Business,NJ,Teacher,61755.08,2021-08-31,0,0,1,8030.93,MEDIUM
CUST001160,Individual,MA,Lawyer,86900.1,2022-01-22,0,0,0,5500.42,LOW
CUST001161,Business,MA,Restaurant Owner,99648.42,2023-02-05,0,0,1,13562.64,MEDIUM
CUST001162,Individual,MD,Construction Worker,60853.51,2023-01-05,0,0,0,1847.57,LOW
CUST001163,Individual,OH,Construction Worker,43860.21,2018-04-10,0,0,0,4104.43,LOW
CUST001164,Individual,NJ,Small Business Owner,48754.34,2019-09-03,1,0,0,6920.45,HIGH
CUST001165,Individual,MD,Software Engineer,97852.54,2024-03-01,0,0,0,12908.99,LOW
CUST001166,Individual,WA,Teacher,64362.59,2022-07-19,0,0,0,4473.79,LOW
CUST001167,Business,OH,Consultant,63809.68,2019-10-26,0,0,0,3053.85,LOW
CUST001168,Individual,PA,Real Estate Agent,111072.6,2018-06-10,0,0,0,5699.98,LOW
CUST001169,Individual,PA,Student,145497.31,2023-05-17,0,0,0,12994.87,LOW
CUST001170,Individual,NY,Small Business Owner,162731.8,2023-12-22,0,0,0,16207.54,LOW
CUST001171,Individual,IL,Sales Manager,50368.32,2019-04-16,0,0,0,1465.81,LOW
CUST001172,Business,GA,Lawyer,136629.48,2023-10-20,0,0,0,10478.65,LOW
CUST001173,Individual,NJ,Small Business Owner,290826.57,2024-11-03,0,0,0,37457.99,LOW
CUST001174,Individual,IL,Accountant,81404.76,2020-05-24,0,0,0,6556.43,LOW
CUST001175,Individual,PA,Student,71509.94,2024-06-27,0,0,1,3299.96,MEDIUM
CUST001176,Individual,TX,Consultant,62448.58,2024-11-15,1,0,0,9014.92,HIGH
CUST001177,Individual,NJ,Software Engineer,37563.99,2025-04-05,0,0,0,2189.4,LOW
CUST001178,Individual,CO,Retail Worker,129664.83,2021-03-19,0,0,0,16182.63,LOW
CUST001179,Individual,IL,Sales Manager,71717.03,2022-03-26,0,0,0,3530.22,LOW
CUST001180,Individual,PA,Construction Worker,68045.51,2025-10-14,0,0,0,5300.51,LOW
CUST001181,Business,FL,Accountant,117244.48,2024-04-13,0,0,0,10118.53,LOW
CUST001182,Individual,PA,Teacher,124480.88,2024-03-27,0,0,0,10901.96,LOW
CUST001183,Individual,MA,Sales Manager,50751.44,2020-07-27,0,0,0,4545.26,LOW
CUST001184,Business,MD,Consultant,51545.31,2017-05-12,0,0,0,2738.01,LOW
CUST001185,Individual,CO,Trader,50079.26,2018-01-28,0,0,0,4481.56,LOW
CUST001186,Business,CA,Small Business Owner,296270.36,2018-04-26,1,1,0,25246.41,HIGH
CUST001187,Individual,WA,Restaurant Owner,195905.62,2024-04-29,0,0,0,10008.81,LOW
CUST001188,Individual,NC,Real Estate Agent,118755.22,2022-07-28,0,0,0,17637.99,LOW
CUST001189,Individual,WA,Student,58760.56,2023-10-03,0,0,0,7826.64,LOW
CUST001190,Individual,CO,Software Engineer,63464.73,2020-05-10,0,0,0,8627.84,LOW
CUST001191,Individual,MD,Sales Manager,94985.32,2024-05-23,0,0,0,10514.53,LOW
CUST001192,Individual,MA,Retail Worker,315267.9,2024-05-29,0,0,0,14183.0,LOW
CUST001193,Individual,MA,Doctor,90491.71,2018-04-07,0,0,0,8688.25,LOW
CUST001194,Individual,NC,Small Business Owner,104399.48,2021-12-07,0,0,0,13329.72,LOW
CUST001195,Individual,NJ,Real Estate Agent,14305.59,2025-12-18,0,0,0,426.91,LOW
CUST001196,Business,FL,Consultant,88669.36,2017-06-01,0,0,0,7712.5,LOW
CUST001197,Business,FL,Lawyer,30310.01,2023-03-20,0,0,0,2258.56,LOW
CUST001198,Business,NC,Retail Worker,54649.57,2017-03-20,0,0,0,2815.3,LOW
CUST001199,Individual,NJ,Small Business Owner,77320.87,2020-05-08,0,0,1,5588.85,MEDIUM
CUST001200,Individual,IL,Real Estate Agent,61628.35,2021-11-21,0,0,0,9117.12,LOW
CUST001201,Individual,NJ,Real Estate Agent,49606.12,2022-11-17,0,0,0,5724.81,LOW
CUST001202,Individual,GA,Construction Worker,49894.34,2022-07-18,1,0,0,3115.51,HIGH
CUST001203,Individual,GA,Real Estate Agent,65385.91,2025-02-07,0,0,0,6582.36,LOW
CUST001204,Individual,WA,Restaurant Owner,63556.4,2023-03-11,0,0,0,3548.48,LOW
CUST001205,Individual,PA,Retail Worker,75994.83,2025-10-20,0,0,0,7702.49,LOW
CUST001206,Individual,NC,Consultant,72390.65,2024-07-12,0,0,0,9919.03,LOW
CUST001207,Individual,NJ,Consultant,172217.37,2022-01-11,0,0,0,16293.42,LOW
CUST001208,Individual,VA,Restaurant Owner,19791.4,2020-10-29,0,0,0,2309.01,LOW
CUST001209,Individual,NJ,Teacher,87945.8,2019-12-12,0,0,0,7182.3,LOW
CUST001210,Business,CO,Sales Manager,78542.85,2025-04-03,0,0,0,7109.34,LOW
CUST001211,Individual,MD,Retail Worker,68735.4,2021-07-06,0,0,0,7690.42,LOW
CUST001212,Individual,IL,Real Estate Agent,47404.22,2022-12-23,0,0,0,5999.03,LOW
CUST001213,Individual,NY,Sales Manager,68045.57,2018-02-15,0,0,0,7310.23,LOW
CUST001214,Individual,WA,Software Engineer,25937.98,2022-07-02,0,0,0,3817.72,LOW
CUST001215,Individual,WA,Trader,85785.91,2021-02-02,0,0,1,10935.8,MEDIUM
CUST001216,Individual,WA,Accountant,96517.72,2020-02-10,0,0,0,11789.16,LOW
CUST001217,Individual,CO,Retail Worker,47457.93,2021-03-29,0,0,0,6199.79,LOW
CUST001218,Individual,OH,Doctor,264790.06,2019-02-24,0,0,0,15927.48,LOW
CUST001219,Individual,PA,Software Engineer,69352.3,2019-12-04,0,0,0,5479.24,LOW
CUST001220,Individual,NC,Lawyer,77179.62,2020-11-21,0,0,0,7375.12,LOW
CUST001221,Business,MA,Restaurant Owner,178706.75,2022-07-03,0,0,0,14796.61,LOW
CUST001222,Individual,NC,Trader,301831.34,2021-05-28,0,0,0,39519.45,LOW
CUST001223,Individual,TX,Real Estate Agent,36137.01,2023-04-28,0,0,0,1025.7,LOW
CUST001224,Business,NY,Teacher,51538.68,2019-01-13,0,0,0,2636.05,LOW
CUST001225,Individual,OH,Doctor,70157.87,2024-02-06,0,0,0,9486.28,LOW
CUST001226,Individual,VA,Teacher,46275.88,2023-09-02,0,0,0,1498.76,LOW
CUST001227,Individual,VA,Trader,129990.48,2022-08-26,0,0,0,6938.05,LOW
CUST001228,Individual,PA,Teacher,43079.59,2022-07-14,0,0,0,2968.45,LOW
CUST001229,Business,GA,Student,170849.01,2018-10-24,0,0,0,20304.14,LOW
CUST001230,Individual,NC,Small Business Owner,112489.38,2022-01-02,0,0,1,10689.03,MEDIUM
CUST001231,Business,IL,Small Business Owner,159830.87,2022-11-20,0,0,0,23067.68,LOW
CUST001232,Individual,MA,Construction Worker,43205.19,2025-12-02,0,0,0,2310.8,LOW
CUST001233,Individual,GA,Doctor,58452.63,2019-08-09,0,0,0,7833.53,LOW
CUST001234,Individual,MA,Accountant,134448.16,2025-02-26,0,0,0,8115.85,LOW
CUST001235,Individual,FL,Construction Worker,119494.9,2017-01-25,0,0,0,6654.35,LOW
CUST001236,Individual,WA,Doctor,62241.99,2025-08-10,0,0,0,5433.53,LOW
CUST001237,Business,OH,Teacher,68274.89,2021-06-05,0,0,0,2314.56,LOW
CUST001238,Individual,MA,Lawyer,56552.08,2017-01-18,0,0,0,4130.47,LOW
CUST001239,Business,MD,Lawyer,67090.97,2018-07-24,0,0,0,4660.1,LOW
CUST001240,Individual,CA,Construction Worker,40045.52,2019-10-14,0,0,0,1802.56,LOW
CUST001241,Business,WA,Doctor,35905.73,2020-09-17,0,0,0,4761.08,LOW
CUST001242,Individual,WA,Accountant,144173.57,2021-05-12,0,0,0,10558.73,LOW
CUST001243,Individual,IL,Sales Manager,65626.21,2025-09-04,0,0,0,9695.62,LOW
CUST001244,Business,OH,Software Engineer,158515.3,2019-04-11,0,0,0,21790.07,LOW
CUST001245,Individual,NY,Trader,110484.83,2019-11-02,1,0,0,5452.57,HIGH
CUST001246,Individual,GA,Sales Manager,91862.69,2025-06-10,0,0,0,8096.8,LOW
CUST001247,Individual,MA,Retail Worker,47268.49,2022-04-17,0,0,0,4737.51,LOW
CUST001248,Individual,MA,Sales Manager,34140.39,2023-01-20,0,0,0,4348.46,LOW
CUST001249,Business,FL,Sales Manager,55728.82,2020-07-30,0,0,0,7562.7,LOW
CUST001250,Individual,WA,Lawyer,203005.78,2021-10-19,0,0,0,20910.05,LOW
CUST001251,Individual,NJ,Real Estate Agent,133661.45,2019-05-22,0,0,0,3928.55,LOW
CUST001252,Individual,NC,Sales Manager,52442.59,2019-04-15,0,0,0,4465.99,LOW
CUST001253,Individual,TX,Doctor,56141.43,2019-05-07,0,0,0,7612.8,LOW
CUST001254,Individual,NJ,Trader,41000.32,2025-07-14,0,0,0,4684.75,LOW
CUST001255,Individual,NC,Accountant,27436.73,2019-08-28,0,0,0,3670.15,LOW
CUST001256,Individual,MA,Lawyer,80120.21,2018-08-16,0,0,0,8753.93,LOW
CUST001257,Individual,NJ,Retail Worker,230163.16,2017-09-12,0,0,0,7020.98,LOW
CUST001258,Individual,IL,Construction Worker,232049.19,2022-10-16,0,0,0,33879.37,LOW
CUST001259,Individual,CA,Doctor,111344.13,2025-02-13,0,0,0,15560.6,LOW
CUST001260,Individual,MA,Doctor,50691.13,2024-04-15,0,0,0,2069.34,LOW
CUST001261,Individual,MA,Restaurant Owner,29233.81,2025-04-10,0,0,0,1142.64,LOW
CUST001262,Individual,CA,Doctor,148128.26,2018-08-26,0,0,0,13684.8,LOW
CUST001263,Individual,GA,Real Estate Agent,100301.34,2019-12-02,0,0,0,11999.19,LOW
CUST001264,Individual,CA,Small Business Owner,61065.06,2021-12-17,0,0,0,4443.81,LOW
CUST001265,Individual,VA,Restaurant Owner,54781.26,2022-01-14,0,0,0,2303.43,LOW
CUST001266,Individual,NJ,Retail Worker,110805.0,2021-12-15,0,0,0,9841.65,LOW
CUST001267,Individual,IL,Construction Worker,43824.11,2023-08-29,0,0,0,2944.79,LOW
CUST001268,Individual,FL,Small Business Owner,87618.22,2020-06-11,0,0,0,6043.16,LOW
CUST001269,Individual,GA,Lawyer,33940.33,2019-08-24,0,0,0,3584.89,LOW
CUST001270,Individual,PA,Construction Worker,319264.73,2021-10-04,0,0,0,43324.55,LOW
CUST001271,Individual,FL,Consultant,47985.9,2018-04-30,0,0,1,4550.21,MEDIUM
CUST001272,Business,NY,Consultant,114313.82,2017-02-08,0,0,0,12683.15,LOW
CUST001273,Individual,NY,Retail Worker,34424.69,2017-01-11,0,0,0,3700.43,LOW
CUST001274,Individual,NY,Student,67449.12,2018-09-16,0,0,0,6333.02,LOW
CUST001275,Individual,OH,Accountant,133285.06,2018-02-13,0,0,0,8509.55,LOW
CUST001276,Individual,NY,Lawyer,153409.24,2022-11-26,0,0,0,11079.87,LOW
CUST001277,Individual,IL,Lawyer,123177.39,2022-07-21,0,0,0,7940.38,LOW
CUST001278,Business,FL,Student,68554.52,2020-01-23,0,0,0,9576.19,LOW
CUST001279,Individual,NC,Trader,48648.45,2022-11-02,0,0,0,6242.93,LOW
CUST001280,Individual,MD,Accountant,37225.65,2022-10-07,0,0,0,3626.46,LOW
CUST001281,Individual,WA,Lawyer,199329.09,2025-06-15,0,0,0,27712.81,LOW
CUST001282,Individual,CO,Restaurant Owner,80212.5,2025-04-27,0,0,0,10892.94,LOW
CUST001283,Individual,TX,Retail Worker,90454.2,2024-11-25,0,0,0,12750.59,LOW
CUST001284,Individual,MD,Accountant,159968.76,2018-08-28,0,0,0,8433.83,LOW
CUST001285,Individual,GA,Consultant,109822.28,2019-08-27,0,0,0,12595.28,LOW
CUST001286,Individual,OH,Consultant,69038.68,2017-06-14,0,0,0,6983.47,LOW
CUST001287,Individual,PA,Teacher,121674.61,2018-03-13,1,0,0,14202.93,HIGH
CUST001288,Individual,NJ,Accountant,50040.52,2024-08-06,0,0,0,2898.47,LOW
CUST001289,Individual,VA,Sales Manager,27364.49,2021-08-07,0,0,0,3060.75,LOW
CUST001290,Individual,NC,Retail Worker,187763.95,2021-12-15,0,0,0,14312.98,LOW
CUST001291,Individual,MA,Small Business Owner,52826.12,2023-09-17,0,0,0,6828.38,LOW
CUST001292,Individual,NC,Software Engineer,61540.75,2020-11-10,0,0,0,7656.94,LOW
CUST001293,Individual,NY,Restaurant Owner,65172.26,2022-06-01,0,0,0,3351.14,LOW
CUST001294,Individual,PA,Doctor,50706.53,2020-03-07,0,0,0,2433.0,LOW
CUST001295,Individual,CO,Sales Manager,153446.98,2024-07-26,0,0,0,17602.9,LOW
CUST001296,Individual,MA,Doctor,95668.07,2019-03-25,1,0,0,8974.56,HIGH
CUST001297,Individual,TX,Accountant,61560.88,2024-08-01,0,0,0,5826.78,LOW
CUST001298,Individual,PA,Small Business Owner,32730.37,2024-01-23,0,0,0,3897.02,LOW
CUST001299,Individual,VA,Sales Manager,91373.61,2022-01-04,0,0,0,12049.56,LOW
CUST001300,Individual,FL,Student,15250.19,2017-10-20,0,0,0,836.79,LOW
CUST001301,Individual,PA,Restaurant Owner,87249.6,2021-02-07,0,0,0,8240.07,LOW
CUST001302,Business,OH,Sales Manager,179568.26,2025-05-29,0,0,0,23095.95,LOW
CUST001303,Individual,NY,Construction Worker,78214.19,2018-04-07,0,0,1,10488.47,MEDIUM
CUST001304,Individual,TX,Small Business Owner,164284.69,2025-11-08,0,0,0,10009.24,LOW
CUST001305,Individual,NJ,Real Estate Agent,33734.56,2024-05-13,0,0,0,1282.56,LOW
CUST001306,Business,CO,Doctor,282178.55,2022-09-23,0,0,0,15266.68,LOW
CUST001307,Individual,CO,Consultant,153043.72,2020-01-12,0,0,1,21913.94,MEDIUM
CUST001308,Individual,WA,Restaurant Owner,102193.28,2025-01-18,0,0,0,8462.62,LOW
CUST001309,Individual,CA,Trader,50832.29,2024-05-07,0,0,0,3930.44,LOW
CUST001310,Individual,OH,Sales Manager,45629.24,2024-01-31,0,0,0,1215.36,LOW
CUST001311,Individual,NY,Student,71621.71,2024-12-19,0,0,0,2247.26,LOW
CUST001312,Business,CO,Retail Worker,163906.14,2024-01-11,0,0,0,17798.07,LOW
CUST001313,Individual,MA,Small Business Owner,31893.42,2020-12-05,0,0,0,3148.79,LOW
CUST001314,Individual,TX,Student,75509.23,2018-12-12,0,0,0,7319.94,LOW
CUST001315,Individual,FL,Restaurant Owner,120871.9,2021-07-06,0,0,0,4688.66,LOW
CUST001316,Individual,OH,Construction Worker,137217.17,2017-03-30,0,0,0,9469.03,LOW
CUST001317,Individual,IL,Doctor,120637.7,2021-07-22,0,0,0,15266.07,LOW
CUST001318,Individual,TX,Small Business Owner,29846.04,2019-11-08,0,0,0,1398.7,LOW
CUST001319,Individual,NC,Consultant,156513.73,2024-06-13,0,0,0,21181.93,LOW
CUST001320,Individual,MA,Lawyer,78348.28,2024-12-21,0,0,1,3148.41,MEDIUM
CUST001321,Individual,OH,Software Engineer,37034.55,2025-01-16,0,0,0,1708.91,LOW
CUST001322,Individual,CA,Lawyer,73831.01,2022-04-18,0,0,0,6254.87,LOW
CUST001323,Business,CA,Retail Worker,20996.5,2018-02-26,0,0,0,3005.91,LOW
CUST001324,Individual,GA,Small Business Owner,109221.93,2019-05-26,0,0,0,7229.78,LOW
CUST001325,Business,WA,Consultant,69025.57,2024-07-12,0,0,0,7404.87,LOW
CUST001326,Individual,MA,Construction Worker,32848.73,2017-12-04,0,0,0,3238.36,LOW
CUST001327,Individual,CA,Real Estate Agent,62111.94,2017-09-23,0,0,0,2714.47,LOW
CUST001328,Individual,GA,Construction Worker,47353.26,2024-10-21,0,0,0,2652.77,LOW
CUST001329,Individual,GA,Construction Worker,49360.9,2020-10-10,0,0,0,6973.17,LOW
CUST001330,Individual,OH,Sales Manager,17250.08,2023-08-05,0,0,0,829.79,LOW
CUST001331,Individual,GA,Trader,25294.37,2025-05-20,0,0,0,2829.84,LOW
CUST001332,Individual,TX,Lawyer,64598.02,2021-12-20,0,0,0,9404.62,LOW
CUST001333,Individual,VA,Doctor,57763.1,2023-03-15,0,0,0,2306.96,LOW
CUST001334,Business,GA,Restaurant Owner,141256.01,2017-11-17,0,0,0,10579.76,LOW
CUST001335,Business,NY,Small Business Owner,49740.98,2019-04-30,0,0,0,2635.85,LOW
CUST001336,Individual,MA,Restaurant Owner,53247.47,2018-12-20,0,0,0,2805.89,LOW
CUST001337,Individual,NY,Trader,54890.05,2019-09-19,0,0,0,2188.64,LOW
CUST001338,Individual,IL,Small Business Owner,65984.43,2025-12-28,0,0,0,7007.14,LOW
CUST001339,Individual,CO,Consultant,79594.08,2021-12-14,0,0,0,9415.42,LOW
CUST001340,Individual,CA,Lawyer,57591.51,2025-03-20,1,0,0,6311.99,HIGH
CUST001341,Individual,WA,Real Estate Agent,108720.69,2025-12-19,0,0,0,15284.18,LOW
CUST001342,Individual,CO,Sales Manager,334498.28,2018-12-18,0,0,0,14453.62,LOW
CUST001343,Business,GA,Real Estate Agent,43857.67,2019-09-12,0,1,0,2849.9,HIGH
CUST001344,Individual,FL,Student,96754.58,2022-04-24,0,0,0,6586.24,LOW
CUST001345,Individual,FL,Lawyer,76453.31,2019-06-15,0,0,0,4129.26,LOW
CUST001346,Individual,CA,Sales Manager,148125.6,2020-03-22,0,0,0,6336.16,LOW
CUST001347,Individual,IL,Trader,85578.84,2021-11-12,0,0,0,7345.91,LOW
CUST001348,Individual,FL,Software Engineer,46772.47,2023-05-24,0,0,0,6047.91,LOW
CUST001349,Business,VA,Trader,35170.34,2024-09-05,0,0,0,5075.69,LOW
CUST001350,Individual,NC,Trader,111531.42,2020-12-30,0,0,0,4591.48,LOW
CUST001351,Business,NY,Construction Worker,37077.74,2021-06-04,0,0,0,4742.04,LOW
CUST001352,Individual,VA,Trader,161890.38,2023-12-19,0,0,0,20733.73,LOW
CUST001353,Individual,PA,Software Engineer,107454.05,2020-03-18,0,0,0,7911.01,LOW
CUST001354,Individual,TX,Teacher,79348.46,2018-06-26,0,0,0,3075.05,LOW
CUST001355,Individual,MD,Accountant,31961.19,2018-09-27,0,0,0,4754.26,LOW
CUST001356,Business,NJ,Construction Worker,116332.0,2020-09-11,0,0,0,12441.61,LOW
CUST001357,Business,FL,Software Engineer,214516.37,2025-03-06,0,0,0,31700.04,LOW
CUST001358,Individual,WA,Doctor,56893.24,2025-06-28,0,0,0,4861.92,LOW
CUST001359,Individual,GA,Accountant,46304.93,2018-11-29,0,0,0,3445.05,LOW
CUST001360,Individual,WA,Lawyer,70645.28,2022-05-07,0,0,0,3948.94,LOW
CUST001361,Business,MA,Real Estate Agent,101595.64,2022-10-24,0,0,0,15030.72,LOW
CUST001362,Individual,TX,Construction Worker,53100.99,2021-05-24,0,0,0,3008.55,LOW
CUST001363,Individual,NY,Construction Worker,134554.18,2018-05-13,0,0,0,3763.53,LOW
CUST001364,Individual,IL,Real Estate Agent,259681.22,2018-12-23,0,0,0,23126.83,LOW
CUST001365,Individual,TX,Student,92958.01,2021-11-10,0,0,0,6705.18,LOW
CUST001366,Individual,NJ,Doctor,60718.42,2020-09-25,0,0,0,3501.8,LOW
CUST001367,Individual,PA,Construction Worker,99832.18,2017-11-04,0,0,0,10415.09,LOW
CUST001368,Business,OH,Software Engineer,161214.02,2024-07-14,0,0,0,11371.0,LOW
CUST001369,Individual,NC,Construction Worker,83200.38,2019-06-03,0,0,0,6263.44,LOW
CUST001370,Individual,FL,Lawyer,102801.49,2020-06-18,0,0,0,2866.18,LOW
CUST001371,Business,IL,Accountant,118579.8,2017-09-10,0,0,0,11695.98,LOW
CUST001372,Individual,IL,Lawyer,42455.15,2019-07-25,0,0,0,1709.2,LOW
CUST001373,Business,FL,Construction Worker,101080.48,2020-05-28,0,0,0,5228.45,LOW
CUST001374,Individual,FL,Software Engineer,31350.22,2023-09-11,0,0,0,3593.98,LOW
CUST001375,Individual,FL,Retail Worker,48886.82,2025-04-22,1,0,0,3136.35,HIGH
CUST001376,Business,FL,Accountant,157932.65,2021-10-19,0,0,0,7170.34,LOW
CUST001377,Individual,FL,Trader,132113.45,2021-10-04,0,0,0,12838.52,LOW
CUST001378,Individual,IL,Small Business Owner,62920.44,2019-11-19,0,0,0,3263.25,LOW
CUST001379,Individual,CA,Consultant,227296.16,2018-05-09,0,0,0,13381.44,LOW
CUST001380,Individual,CA,Trader,32004.12,2019-08-17,0,0,0,3285.78,LOW
CUST001381,Individual,WA,Consultant,65639.73,2022-07-15,0,0,0,7711.53,LOW
CUST001382,Individual,CA,Accountant,89685.21,2021-10-14,0,0,0,10534.2,LOW
CUST001383,Business,NJ,Small Business Owner,12086.96,2020-03-23,0,0,0,1030.78,LOW
CUST001384,Individual,CA,Doctor,67694.67,2019-09-19,0,0,0,5536.55,LOW
CUST001385,Individual,IL,Retail Worker,36109.8,2022-11-20,0,0,0,4457.96,LOW
CUST001386,Individual,FL,Accountant,36648.01,2024-11-14,0,0,0,1800.49,LOW
CUST001387,Individual,VA,Software Engineer,62836.66,2023-02-03,0,0,0,2766.4,LOW
CUST001388,Individual,GA,Sales Manager,22892.52,2025-04-20,0,0,0,2474.38,LOW
CUST001389,Business,CO,Teacher,44358.94,2019-07-16,0,0,0,3379.64,LOW
CUST001390,Individual,GA,Sales Manager,23243.01,2023-03-30,0,0,0,2643.89,LOW
CUST001391,Individual,NC,Restaurant Owner,81284.04,2022-08-22,0,0,0,4639.29,LOW
CUST001392,Individual,NJ,Lawyer,80263.41,2020-04-24,0,0,0,5266.0,LOW
CUST001393,Individual,MA,Construction Worker,59795.59,2024-09-09,0,0,1,8197.06,MEDIUM
CUST001394,Individual,IL,Small Business Owner,143333.99,2019-07-21,0,0,1,11138.06,MEDIUM
CUST001395,Individual,NY,Lawyer,61866.72,2023-05-03,0,0,0,6116.71,LOW
CUST001396,Business,VA,Trader,73883.22,2022-04-10,0,0,0,2832.33,LOW
CUST001397,Individual,CO,Student,41620.28,2020-03-04,0,0,0,1970.87,LOW
CUST001398,Individual,TX,Retail Worker,16782.89,2019-01-27,0,0,0,494.86,LOW
CUST001399,Individual,WA,Software Engineer,68239.07,2019-11-21,0,0,0,5325.81,LOW
CUST001400,Individual,CO,Student,62684.97,2018-04-01,0,0,0,9315.93,LOW
CUST001401,Individual,MD,Consultant,227904.97,2017-09-16,0,0,0,30592.63,LOW
CUST001402,Individual,NY,Accountant,115737.89,2025-09-11,0,0,0,12049.89,LOW
CUST001403,Individual,IL,Lawyer,57337.76,2018-03-07,0,0,0,7605.11,LOW
CUST001404,Individual,CA,Retail Worker,82234.02,2023-11-22,0,0,0,8163.47,LOW
CUST001405,Individual,FL,Lawyer,135239.84,2022-05-19,0,0,0,9615.03,LOW
CUST001406,Individual,MD,Lawyer,104938.96,2022-05-28,0,0,0,4899.95,LOW
CUST001407,Business,MD,Sales Manager,221911.11,2025-12-23,0,0,0,23662.62,LOW
CUST001408,Individual,OH,Real Estate Agent,44897.42,2018-10-09,0,0,0,2205.87,LOW
CUST001409,Individual,NY,Construction Worker,141353.01,2018-03-23,0,0,0,10909.42,LOW
CUST001410,Business,TX,Restaurant Owner,56975.49,2024-10-01,0,0,0,7305.7,LOW
CUST001411,Individual,MA,Lawyer,85058.46,2020-01-18,0,0,0,3500.47,LOW
CUST001412,Individual,GA,Small Business Owner,52195.59,2017-07-14,0,0,0,2146.68,LOW
CUST001413,Individual,MA,Sales Manager,68387.0,2020-12-08,0,0,1,3627.95,MEDIUM
CUST001414,Individual,CO,Consultant,86056.45,2020-02-20,0,0,1,8088.42,MEDIUM
CUST001415,Individual,TX,Accountant,110288.86,2023-11-15,0,0,0,6227.51,LOW
CUST001416,Business,FL,Construction Worker,78051.61,2020-02-14,0,0,0,6860.72,LOW
CUST001417,Individual,CA,Consultant,14901.93,2017-07-15,0,0,0,935.06,LOW
CUST001418,Individual,TX,Real Estate Agent,71341.02,2022-09-15,0,0,0,6298.0,LOW
CUST001419,Individual,WA,Trader,195048.57,2022-10-16,0,0,0,11645.17,LOW
CUST001420,Business,TX,Student,70974.56,2018-10-07,0,0,0,10468.86,LOW
CUST001421,Individual,OH,Sales Manager,198641.42,2019-11-01,0,0,1,17200.31,MEDIUM
CUST001422,Individual,IL,Restaurant Owner,69363.46,2021-10-20,0,0,0,8181.8,LOW
CUST001423,Individual,CA,Restaurant Owner,26996.31,2017-11-18,0,0,0,3038.93,LOW
CUST001424,Individual,FL,Lawyer,56603.31,2021-08-19,0,0,0,4885.99,LOW
CUST001425,Business,VA,Construction Worker,52169.93,2023-04-07,0,0,0,2861.93,LOW
CUST001426,Business,NC,Software Engineer,64604.99,2019-10-14,0,0,0,5739.49,LOW
CUST001427,Individual,GA,Construction Worker,34710.11,2025-07-29,0,0,1,3822.33,MEDIUM
CUST001428,Business,MD,Consultant,74571.18,2018-10-12,0,0,0,6151.37,LOW
CUST001429,Individual,GA,Lawyer,60589.35,2024-02-23,0,0,0,2135.21,LOW
CUST001430,Business,VA,Trader,173226.21,2021-08-30,0,0,0,4720.05,LOW
CUST001431,Individual,TX,Small Business Owner,34152.44,2023-01-22,0,0,0,2253.54,LOW
CUST001432,Individual,IL,Software Engineer,87985.56,2019-04-11,0,0,0,3851.83,LOW
CUST001433,Individual,NY,Restaurant Owner,97969.52,2017-07-08,1,0,0,13546.62,HIGH
CUST001434,Individual,MA,Teacher,124117.13,2021-02-19,0,0,0,5830.91,LOW
CUST001435,Individual,MA,Restaurant Owner,59213.88,2017-04-02,0,0,0,4398.72,LOW
CUST001436,Individual,MA,Construction Worker,86574.8,2022-03-27,0,0,1,9870.37,MEDIUM
CUST001437,Individual,OH,Consultant,94360.15,2023-05-26,0,0,0,11976.92,LOW
CUST001438,Individual,NY,Software Engineer,25688.71,2025-08-13,0,0,0,2176.2,LOW
CUST001439,Individual,IL,Accountant,60611.38,2021-04-30,0,0,0,2887.64,LOW
CUST001440,Individual,NC,Software Engineer,73424.36,2020-11-09,0,1,0,4321.9,HIGH
CUST001441,Business,MA,Real Estate Agent,79238.63,2025-07-22,0,0,0,6130.78,LOW
CUST001442,Individual,WA,Doctor,78610.75,2017-06-24,0,0,0,5547.9,LOW
CUST001443,Individual,NY,Sales Manager,99671.22,2021-08-24,0,0,0,6835.86,LOW
CUST001444,Individual,NY,Doctor,264259.43,2018-04-19,0,0,0,10961.94,LOW
CUST001445,Business,FL,Retail Worker,50930.38,2022-04-19,1,0,0,7087.66,HIGH
CUST001446,Individual,FL,Student,96086.59,2017-09-27,0,0,0,2759.57,LOW
CUST001447,Individual,CA,Retail Worker,174746.3,2022-08-07,0,0,0,13979.75,LOW
CUST001448,Business,WA,Lawyer,23298.13,2023-09-21,0,0,0,3437.41,LOW
CUST001449,Business,MD,Small Business Owner,89279.63,2025-10-01,0,0,0,9594.48,LOW
CUST001450,Individual,WA,Small Business Owner,25159.65,2018-11-25,0,0,0,1746.74,LOW
CUST001451,Individual,NC,Retail Worker,310478.19,2018-01-11,0,0,0,13431.97,LOW
CUST001452,Individual,NC,Lawyer,105300.81,2020-11-16,0,0,0,15319.59,LOW
CUST001453,Business,CA,Software Engineer,96456.97,2023-02-08,0,0,0,2580.06,LOW
CUST001454,Individual,MD,Consultant,22193.4,2022-09-15,0,0,0,2445.12,LOW
CUST001455,Individual,WA,Sales Manager,54031.57,2020-05-20,0,0,0,7295.19,LOW
CUST001456,Business,CO,Retail Worker,54196.74,2022-05-26,0,0,0,1525.37,LOW
CUST001457,Individual,NJ,Construction Worker,236437.58,2017-05-14,0,0,0,27343.26,LOW
CUST001458,Individual,PA,Lawyer,120478.21,2024-12-22,0,0,0,18054.23,LOW
CUST001459,Individual,MA,Software Engineer,25612.63,2019-07-13,0,0,0,2688.18,LOW
CUST001460,Individual,NC,Consultant,101764.83,2018-11-21,0,0,0,7819.09,LOW
CUST001461,Individual,CO,Doctor,28236.07,2021-08-29,0,0,0,3792.11,LOW
CUST001462,Individual,NC,Teacher,26008.45,2022-07-23,0,0,0,2451.88,LOW
CUST001463,Individual,FL,Small Business Owner,100706.71,2023-12-14,0,0,0,11951.88,LOW
CUST001464,Individual,CA,Construction Worker,121703.54,2022-02-16,0,0,0,11984.44,LOW
CUST001465,Business,CA,Accountant,101056.32,2019-04-21,0,0,0,3010.1,LOW
CUST001466,Individual,WA,Student,254478.61,2019-09-15,0,0,0,13142.07,LOW
CUST001467,Business,NY,Accountant,95314.05,2021-01-01,0,0,0,3321.26,LOW
CUST001468,Individual,VA,Consultant,83767.86,2019-04-19,0,0,0,3211.32,LOW
CUST001469,Business,GA,Sales Manager,34024.54,2025-07-15,0,0,0,916.13,LOW
CUST001470,Individual,OH,Lawyer,130965.9,2024-06-08,0,0,0,10168.93,LOW
CUST001471,Individual,MD,Real Estate Agent,25637.33,2025-05-26,0,0,0,1213.45,LOW
CUST001472,Individual,TX,Consultant,278865.06,2023-10-16,0,0,0,36799.61,LOW
CUST001473,Business,TX,Teacher,132093.07,2020-12-22,0,0,0,15686.67,LOW
CUST001474,Individual,CA,Doctor,459829.79,2019-01-18,0,0,0,44441.23,LOW
CUST001475,Individual,MD,Restaurant Owner,96597.36,2024-11-15,0,0,0,8319.71,LOW
CUST001476,Individual,MA,Consultant,136400.59,2024-01-09,0,0,0,7772.59,LOW
CUST001477,Individual,NJ,Lawyer,62635.17,2023-11-15,0,0,0,5284.46,LOW
CUST001478,Individual,NC,Doctor,72919.52,2019-08-24,0,0,0,7667.75,LOW
CUST001479,Individual,MA,Sales Manager,37863.63,2022-04-11,0,0,0,4648.84,LOW
CUST001480,Individual,CA,Trader,29267.49,2022-08-01,0,0,0,1030.52,LOW
CUST001481,Individual,MA,Accountant,84831.05,2023-02-07,0,0,0,9633.25,LOW
CUST001482,Individual,CO,Consultant,72640.27,2017-05-25,0,0,0,8560.02,LOW
CUST001483,Individual,FL,Consultant,37266.89,2022-01-25,0,0,0,3535.57,LOW
CUST001484,Individual,MA,Retail Worker,41817.4,2019-01-05,0,0,0,2165.72,LOW
CUST001485,Individual,WA,Accountant,76599.73,2023-09-20,0,0,0,7077.67,LOW
CUST001486,Individual,WA,Student,36853.81,2024-10-31,0,0,0,3237.17,LOW
CUST001487,Individual,NJ,Student,94566.89,2025-04-05,0,0,0,7987.48,LOW
CUST001488,Individual,NC,Construction Worker,37604.74,2025-03-22,0,0,0,3105.4,LOW
CUST001489,Individual,FL,Real Estate Agent,88570.03,2023-12-07,0,0,0,3441.23,LOW
CUST001490,Individual,GA,Small Business Owner,35499.74,2023-12-05,0,0,0,1699.07,LOW
CUST001491,Individual,MD,Restaurant Owner,35596.7,2023-07-15,0,0,0,1323.01,LOW
CUST001492,Individual,NY,Consultant,16151.9,2023-05-05,0,0,0,893.36,LOW
CUST001493,Individual,VA,Consultant,67579.64,2023-05-03,0,0,0,3915.2,LOW
CUST001494,Individual,FL,Construction Worker,192988.42,2018-06-12,0,0,0,10736.81,LOW
CUST001495,Individual,IL,Real Estate Agent,186001.2,2025-08-30,0,1,0,9554.16,HIGH
CUST001496,Individual,PA,Accountant,92585.45,2025-06-18,0,0,0,10825.81,LOW
CUST001497,Individual,VA,Consultant,20426.41,2024-12-29,0,0,0,2600.7,LOW
CUST001498,Individual,CA,Doctor,129801.58,2020-11-12,0,0,0,8552.45,LOW
CUST001499,Individual,VA,Software Engineer,86849.02,2025-02-21,0,0,0,5483.74,LOW
CUST001500,Business,IL,Small Business Owner,57584.94,2020-01-24,0,0,0,7515.07,LOW
CUST001501,Individual,NJ,Real Estate Agent,164395.66,2018-03-06,0,0,0,16931.19,LOW
CUST001502,Individual,IL,Consultant,111891.22,2024-10-13,0,0,0,6901.43,LOW
CUST001503,Individual,CO,Real Estate Agent,268404.45,2025-03-08,0,0,0,30652.2,LOW
CUST001504,Individual,NC,Student,30078.87,2019-11-27,0,0,0,2047.59,LOW
CUST001505,Individual,WA,Sales Manager,31647.48,2020-11-17,0,0,0,3111.56,LOW
CUST001506,Individual,MA,Lawyer,35309.48,2021-05-16,0,0,0,5263.91,LOW
CUST001507,Individual,NY,Trader,62316.37,2022-03-13,0,0,1,3907.19,MEDIUM
CUST001508,Individual,MD,Restaurant Owner,210566.2,2023-06-09,0,0,0,29756.32,LOW
CUST001509,Individual,TX,Consultant,50006.5,2021-11-15,0,0,0,3254.5,LOW
CUST001510,Individual,MD,Restaurant Owner,50706.57,2023-09-15,0,0,0,4692.17,LOW
CUST001511,Individual,CA,Teacher,98369.21,2024-11-10,0,0,0,8115.26,LOW
CUST001512,Individual,VA,Sales Manager,129740.87,2023-07-20,0,0,0,15944.5,LOW
CUST001513,Business,NC,Software Engineer,17524.04,2024-12-20,0,0,0,571.92,LOW
CUST001514,Individual,TX,Construction Worker,147422.52,2018-06-02,0,0,0,15242.06,LOW
CUST001515,Individual,MA,Restaurant Owner,48989.08,2020-11-01,0,0,0,5882.77,LOW
CUST001516,Individual,WA,Consultant,70169.38,2017-06-14,0,0,1,5895.5,MEDIUM
CUST001517,Individual,NC,Retail Worker,188549.35,2025-06-12,0,0,0,7195.34,LOW
CUST001518,Business,MD,Trader,65157.0,2022-09-04,0,0,0,3622.77,LOW
CUST001519,Individual,WA,Construction Worker,27709.42,2020-02-21,0,0,0,3046.9,LOW
CUST001520,Business,MA,Small Business Owner,28773.35,2017-05-09,0,0,0,3939.93,LOW
CUST001521,Individual,CA,Construction Worker,73594.14,2024-11-04,0,0,0,5718.34,LOW
CUST001522,Business,MD,Accountant,60349.4,2021-07-16,0,0,0,5736.3,LOW
CUST001523,Individual,TX,Restaurant Owner,77956.09,2019-10-15,0,0,0,4174.4,LOW
CUST001524,Individual,MD,Retail Worker,57780.85,2018-08-18,0,0,0,4421.78,LOW
CUST001525,Individual,FL,Restaurant Owner,168075.88,2020-08-25,0,0,0,11277.68,LOW
CUST001526,Individual,WA,Trader,76217.17,2023-10-20,0,0,0,8150.72,LOW
CUST001527,Individual,TX,Accountant,23844.48,2017-07-01,0,0,0,3531.07,LOW
CUST001528,Individual,NC,Sales Manager,127515.07,2021-05-31,0,0,0,16151.43,LOW
CUST001529,Individual,GA,Lawyer,258931.68,2024-04-17,0,0,0,12692.98,LOW
CUST001530,Individual,VA,Sales Manager,82946.29,2019-01-14,0,0,0,8063.19,LOW
CUST001531,Individual,TX,Lawyer,87238.51,2022-01-13,0,0,0,2905.17,LOW
CUST001532,Individual,GA,Lawyer,45175.86,2022-09-22,0,0,1,2523.72,MEDIUM
CUST001533,Individual,GA,Small Business Owner,64064.8,2023-09-18,0,0,0,2980.76,LOW
CUST001534,Individual,WA,Trader,103996.12,2022-05-07,0,0,0,6961.83,LOW
CUST001535,Individual,CA,Software Engineer,156514.97,2018-08-28,0,0,0,17193.44,LOW
CUST001536,Individual,NC,Consultant,100222.06,2024-05-27,0,0,0,8761.83,LOW
CUST001537,Individual,NJ,Trader,244499.85,2021-11-25,0,0,0,34624.52,LOW
CUST001538,Individual,WA,Student,79957.39,2021-06-02,0,0,0,4125.29,LOW
CUST001539,Individual,VA,Sales Manager,36175.64,2017-09-20,0,0,0,2551.33,LOW
CUST001540,Individual,CO,Student,36855.4,2022-10-19,0,0,0,2440.99,LOW
CUST001541,Individual,VA,Restaurant Owner,167311.23,2018-10-23,0,0,0,9117.7,LOW
CUST001542,Individual,CO,Small Business Owner,144330.3,2020-08-08,0,0,0,21526.34,LOW
CUST001543,Individual,CA,Accountant,25751.57,2025-12-30,0,0,0,1890.25,LOW
CUST001544,Individual,CA,Lawyer,65451.39,2024-12-29,0,0,0,9330.99,LOW
CUST001545,Business,NC,Real Estate Agent,67014.71,2019-04-02,0,0,0,4946.3,LOW
CUST001546,Individual,MD,Consultant,46016.12,2023-01-04,0,0,0,2324.34,LOW
CUST001547,Individual,IL,Restaurant Owner,29986.45,2022-09-04,0,0,0,1196.48,LOW
CUST001548,Individual,MA,Real Estate Agent,45360.67,2020-09-08,0,0,0,5985.13,LOW
CUST001549,Individual,MA,Consultant,40358.88,2022-07-13,1,0,0,1170.9,HIGH
CUST001550,Individual,VA,Real Estate Agent,30456.02,2025-09-16,0,0,0,4432.85,LOW
CUST001551,Business,MA,Construction Worker,128558.05,2024-07-03,0,0,0,9934.18,LOW
CUST001552,Individual,PA,Restaurant Owner,90143.55,2023-04-18,0,0,0,5040.99,LOW
CUST001553,Individual,OH,Small Business Owner,55468.12,2023-12-05,0,0,0,5667.78,LOW
CUST001554,Business,CO,Small Business Owner,19523.49,2024-07-25,0,0,0,812.45,LOW
CUST001555,Individual,WA,Accountant,61749.67,2019-03-27,0,0,0,2100.61,LOW
CUST001556,Individual,CA,Consultant,105232.72,2018-11-13,0,0,0,13519.55,LOW
CUST001557,Individual,IL,Student,46481.74,2023-02-01,0,0,0,3629.47,LOW
CUST001558,Individual,MD,Restaurant Owner,35516.96,2020-04-08,0,0,0,3188.78,LOW
CUST001559,Business,GA,Consultant,69236.2,2017-01-02,0,0,0,3260.13,LOW
CUST001560,Business,CO,Consultant,93249.89,2018-10-01,0,0,0,3047.22,LOW
CUST001561,Individual,NJ,Small Business Owner,20440.8,2024-07-16,0,0,0,1450.72,LOW
CUST001562,Individual,NJ,Real Estate Agent,180836.63,2023-08-07,0,0,0,15962.14,LOW
CUST001563,Individual,GA,Sales Manager,33299.94,2024-03-02,0,0,0,4018.6,LOW
CUST001564,Individual,TX,Real Estate Agent,56978.8,2018-08-13,0,0,0,4993.14,LOW
CUST001565,Business,NC,Retail Worker,161630.73,2017-07-21,0,0,0,19850.42,LOW
CUST001566,Individual,TX,Trader,81367.14,2019-10-02,0,0,0,3208.23,LOW
CUST001567,Individual,MA,Restaurant Owner,152924.99,2020-08-05,0,0,0,5045.81,LOW
CUST001568,Individual,WA,Teacher,205897.7,2022-07-19,0,0,0,9236.08,LOW
CUST001569,Individual,MD,Trader,29040.71,2025-07-31,0,0,0,3528.49,LOW
CUST001570,Individual,PA,Doctor,134803.3,2021-12-09,0,0,0,16165.11,LOW
CUST001571,Individual,IL,Teacher,177514.9,2017-05-06,0,0,1,7574.73,MEDIUM
CUST001572,Individual,NJ,Consultant,58745.5,2025-04-28,0,0,0,1696.19,LOW
CUST001573,Individual,OH,Retail Worker,61864.65,2022-09-28,0,0,0,6845.96,LOW
CUST001574,Business,VA,Small Business Owner,21628.45,2019-04-26,0,0,0,2853.01,LOW
CUST001575,Individual,MA,Consultant,124610.11,2021-12-02,0,0,0,14861.43,LOW
CUST001576,Individual,NY,Teacher,14437.42,2017-06-28,0,0,0,726.92,LOW
CUST001577,Individual,MA,Sales Manager,140782.08,2021-05-24,0,0,0,13792.56,LOW
CUST001578,Individual,VA,Consultant,29844.57,2022-03-18,0,0,0,3571.52,LOW
CUST001579,Individual,NY,Real Estate Agent,185199.9,2018-05-08,0,0,0,10552.43,LOW
CUST001580,Individual,FL,Restaurant Owner,97034.43,2024-03-04,0,0,0,8826.75,LOW
CUST001581,Individual,CA,Sales Manager,144505.43,2023-06-08,0,0,0,9292.79,LOW
CUST001582,Individual,OH,Student,44220.26,2019-08-22,0,0,0,2352.38,LOW
CUST001583,Individual,GA,Teacher,31523.81,2025-04-26,0,0,0,4608.74,LOW
CUST001584,Individual,CA,Doctor,23834.49,2020-04-07,0,0,0,3314.73,LOW
CUST001585,Business,MA,Doctor,152439.85,2025-04-13,0,0,0,12303.19,LOW
CUST001586,Individual,CA,Real Estate Agent,115399.4,2022-06-10,0,0,0,4858.0,LOW
CUST001587,Individual,IL,Restaurant Owner,118091.13,2017-09-26,0,0,0,13697.2,LOW
CUST001588,Individual,FL,Software Engineer,90642.72,2020-10-19,0,0,0,5163.25,LOW
CUST001589,Individual,PA,Software Engineer,106804.99,2018-09-16,0,0,0,4919.94,LOW
CUST001590,Individual,FL,Accountant,62047.85,2022-11-18,0,0,0,4510.33,LOW
CUST001591,Individual,MD,Accountant,95410.01,2023-03-13,0,0,0,8704.37,LOW
CUST001592,Business,VA,Teacher,42971.8,2024-04-26,0,0,0,1597.69,LOW
CUST001593,Individual,NJ,Real Estate Agent,60022.03,2022-11-15,0,0,0,5790.22,LOW
CUST001594,Individual,IL,Real Estate Agent,542209.41,2019-03-30,0,0,0,14595.49,LOW
CUST001595,Individual,OH,Consultant,76921.62,2024-05-01,0,0,0,10498.54,LOW
CUST001596,Individual,MD,Doctor,20820.43,2018-07-02,0,0,0,2916.79,LOW
CUST001597,Individual,CA,Doctor,57506.88,2017-12-03,0,0,0,6707.25,LOW
CUST001598,Individual,OH,Sales Manager,37716.53,2017-12-25,0,0,0,3142.49,LOW
CUST001599,Individual,CO,Doctor,83177.77,2020-11-20,0,0,0,4729.66,LOW
CUST001600,Business,NC,Retail Worker,42072.94,2022-04-09,0,0,0,4965.2,LOW
CUST001601,Individual,VA,Restaurant Owner,65352.63,2019-03-27,0,0,0,9245.74,LOW
CUST001602,Individual,MD,Construction Worker,46367.19,2017-12-26,1,0,1,2078.03,HIGH
CUST001603,Individual,PA,Lawyer,85255.94,2025-05-21,0,0,0,7095.66,LOW
CUST001604,Individual,CA,Small Business Owner,49882.93,2017-12-13,0,0,0,3212.85,LOW
CUST001605,Individual,WA,Lawyer,94581.34,2020-02-22,0,0,0,6582.17,LOW
CUST001606,Individual,CO,Small Business Owner,266151.6,2018-07-06,0,0,0,20152.93,LOW
CUST001607,Individual,WA,Small Business Owner,35414.46,2024-01-30,0,0,0,5098.78,LOW
CUST001608,Individual,TX,Consultant,120060.29,2024-05-25,0,0,0,6883.01,LOW
CUST001609,Individual,FL,Software Engineer,15228.2,2022-03-03,0,0,0,1318.53,LOW
CUST001610,Individual,PA,Real Estate Agent,64469.14,2022-04-15,0,0,0,9279.43,LOW
CUST001611,Business,WA,Software Engineer,87032.03,2018-02-26,0,0,0,7354.83,LOW
CUST001612,Individual,TX,Retail Worker,46121.53,2017-12-02,0,0,0,6131.85,LOW
CUST001613,Individual,IL,Software Engineer,23469.06,2021-03-07,0,0,0,759.12,LOW
CUST001614,Individual,OH,Doctor,73168.3,2017-02-26,0,0,0,10545.66,LOW
CUST001615,Individual,CO,Student,203031.9,2021-08-13,0,0,0,9835.15,LOW
CUST001616,Individual,PA,Consultant,68189.87,2025-05-23,0,0,0,10057.45,LOW
CUST001617,Business,TX,Student,107830.55,2025-02-07,0,0,0,5062.33,LOW
CUST001618,Individual,GA,Accountant,156016.31,2024-07-27,0,0,0,12566.45,LOW
CUST001619,Individual,OH,Trader,373884.37,2025-08-14,0,0,0,23770.38,LOW
CUST001620,Individual,PA,Student,37845.09,2023-05-22,0,0,0,2995.59,LOW
CUST001621,Individual,MA,Construction Worker,40470.21,2018-12-23,0,0,1,2279.1,MEDIUM
CUST001622,Individual,OH,Sales Manager,62024.88,2018-01-21,0,0,0,9034.83,LOW
CUST001623,Individual,MD,Real Estate Agent,111890.64,2019-08-08,0,0,0,7073.24,LOW
CUST001624,Business,TX,Retail Worker,16593.85,2024-09-18,0,0,0,1769.89,LOW
CUST001625,Individual,CA,Small Business Owner,114712.78,2021-02-09,1,0,0,4838.69,HIGH
CUST001626,Individual,MA,Real Estate Agent,82587.62,2021-09-16,1,0,0,10575.22,HIGH
CUST001627,Individual,NC,Construction Worker,53007.02,2024-11-27,0,0,0,4919.77,LOW
CUST001628,Individual,GA,Real Estate Agent,98896.08,2022-08-21,0,0,0,14580.32,LOW
CUST001629,Individual,VA,Student,133721.61,2025-04-08,0,0,0,10420.29,LOW
CUST001630,Individual,WA,Restaurant Owner,146306.29,2024-06-12,0,0,0,7232.06,LOW
CUST001631,Individual,NY,Real Estate Agent,75723.18,2017-09-17,0,0,0,5168.29,LOW
CUST001632,Individual,TX,Accountant,92703.81,2018-01-28,0,0,0,10857.54,LOW
CUST001633,Individual,IL,Consultant,90459.05,2018-08-23,0,0,0,9714.24,LOW
CUST001634,Individual,TX,Consultant,166962.02,2025-11-30,0,0,0,20418.36,LOW
CUST001635,Business,NY,Software Engineer,96089.37,2019-11-06,0,0,0,3284.7,LOW
CUST001636,Individual,CO,Teacher,114078.09,2019-01-26,0,0,0,11127.87,LOW
CUST001637,Individual,GA,Student,133983.61,2025-08-24,0,0,0,18961.51,LOW
CUST001638,Individual,GA,Doctor,267884.19,2024-07-21,0,0,0,10310.26,LOW
CUST001639,Business,MA,Trader,51249.63,2025-06-09,0,0,0,1885.57,LOW
CUST001640,Business,VA,Trader,215766.92,2018-04-22,0,0,0,24721.61,LOW
CUST001641,Individual,PA,Construction Worker,373793.3,2020-04-02,0,0,0,24071.47,LOW
CUST001642,Business,IL,Retail Worker,53418.67,2022-09-03,0,0,0,5733.02,LOW
CUST001643,Individual,MA,Sales Manager,65142.33,2021-05-19,0,0,0,6069.51,LOW
CUST001644,Individual,VA,Student,56769.26,2023-06-18,0,0,0,8416.52,LOW
CUST001645,Individual,IL,Small Business Owner,114946.36,2023-11-15,0,0,0,15647.88,LOW
CUST001646,Individual,IL,Lawyer,22362.79,2020-06-15,0,0,0,2454.52,LOW
CUST001647,Individual,NY,Trader,54207.23,2022-09-01,0,0,0,3128.26,LOW
CUST001648,Business,MA,Consultant,62779.0,2023-02-06,0,0,0,3624.77,LOW
CUST001649,Individual,IL,Lawyer,59309.93,2022-01-16,0,0,1,8023.48,MEDIUM
CUST001650,Individual,NJ,Software Engineer,58923.06,2021-05-02,0,0,0,5784.34,LOW
CUST001651,Individual,CO,Sales Manager,54569.19,2024-10-09,0,0,0,6748.04,LOW
CUST001652,Individual,NC,Small Business Owner,124311.29,2021-10-26,0,0,0,10098.18,LOW
CUST001653,Individual,VA,Sales Manager,106415.03,2018-12-31,0,0,0,4031.45,LOW
CUST001654,Individual,NY,Real Estate Agent,226942.96,2021-02-07,0,0,0,15111.18,LOW
CUST001655,Individual,OH,Doctor,124517.32,2019-01-19,0,0,0,5621.17,LOW
CUST001656,Business,GA,Doctor,36746.95,2018-12-17,0,0,0,4509.92,LOW
CUST001657,Individual,NY,Teacher,67152.36,2023-07-15,0,0,0,7558.94,LOW
CUST001658,Individual,OH,Restaurant Owner,62673.42,2018-06-15,0,0,0,2259.48,LOW
CUST001659,Individual,CA,Sales Manager,88534.56,2018-11-23,0,0,0,9090.12,LOW
CUST001660,Individual,CA,Teacher,152642.77,2023-01-19,0,0,0,20494.88,LOW
CUST001661,Individual,IL,Lawyer,84629.33,2025-07-30,0,0,0,9492.92,LOW
CUST001662,Individual,MD,Real Estate Agent,84775.6,2020-01-14,0,0,0,7535.62,LOW
CUST001663,Business,MA,Sales Manager,75491.14,2021-04-20,0,0,1,4830.14,MEDIUM
CUST001664,Individual,NC,Student,127022.94,2018-05-05,0,0,0,17260.78,LOW
CUST001665,Business,GA,Accountant,51816.04,2017-01-05,0,0,0,4033.91,LOW
CUST001666,Business,NY,Construction Worker,29091.08,2017-03-17,0,0,0,3837.82,LOW
CUST001667,Individual,MA,Doctor,114030.33,2020-06-30,0,0,0,14011.47,LOW
CUST001668,Business,NY,Retail Worker,95712.29,2022-08-17,1,0,0,12158.18,HIGH
CUST001669,Individual,NY,Student,177276.38,2024-06-21,0,0,0,26365.37,LOW
CUST001670,Individual,NJ,Retail Worker,15476.85,2018-04-18,0,0,0,1835.47,LOW
CUST001671,Individual,CA,Lawyer,70264.1,2025-10-15,0,0,0,2055.58,LOW
CUST001672,Business,NY,Software Engineer,80386.96,2020-10-13,0,0,0,4073.95,LOW
CUST001673,Business,NJ,Retail Worker,28090.11,2024-10-30,1,0,0,825.83,HIGH
CUST001674,Individual,MD,Lawyer,70895.04,2019-04-18,0,0,0,3455.37,LOW
CUST001675,Individual,CA,Trader,162225.58,2018-08-26,0,0,0,5301.52,LOW
CUST001676,Individual,NJ,Doctor,291040.57,2020-04-01,0,0,0,25524.88,LOW
CUST001677,Individual,MA,Small Business Owner,142032.03,2023-06-24,0,0,0,4051.57,LOW
CUST001678,Individual,PA,Doctor,60738.74,2021-01-21,0,0,0,5106.45,LOW
CUST001679,Individual,CA,Doctor,170284.91,2025-12-17,0,0,0,23389.5,LOW
CUST001680,Individual,OH,Student,135625.83,2021-10-31,0,0,0,16081.43,LOW
CUST001681,Individual,WA,Small Business Owner,54742.16,2021-08-26,0,0,0,7827.83,LOW
CUST001682,Business,PA,Small Business Owner,51383.68,2025-11-11,0,0,0,2740.34,LOW
CUST001683,Individual,VA,Student,67219.39,2017-08-20,0,0,0,6142.89,LOW
CUST001684,Business,MA,Small Business Owner,37880.49,2017-11-24,0,0,0,2455.51,LOW
CUST001685,Individual,NY,Construction Worker,61281.22,2023-04-05,0,0,0,5314.77,LOW
CUST001686,Business,GA,Lawyer,102912.34,2020-02-18,0,0,0,9739.06,LOW
CUST001687,Business,MD,Consultant,147306.85,2019-08-08,0,0,0,4348.98,LOW
CUST001688,Individual,NC,Restaurant Owner,58629.28,2022-03-02,0,0,0,3175.19,LOW
CUST001689,Individual,MA,Lawyer,184927.1,2025-01-21,0,0,0,20914.63,LOW
CUST001690,Individual,NJ,Real Estate Agent,114440.69,2024-04-20,0,0,0,13917.82,LOW
CUST001691,Individual,MD,Real Estate Agent,117879.46,2023-04-17,0,0,0,11337.81,LOW
CUST001692,Individual,NJ,Software Engineer,41269.78,2020-09-21,0,0,0,2428.88,LOW
CUST001693,Individual,NJ,Teacher,242871.44,2020-07-31,0,0,0,18369.71,LOW
CUST001694,Individual,NJ,Construction Worker,107466.05,2017-07-17,0,0,0,3976.74,LOW
CUST001695,Individual,MA,Consultant,60416.02,2018-02-20,0,0,0,8708.82,LOW
CUST001696,Individual,GA,Accountant,53869.36,2024-08-11,0,0,0,7196.12,LOW
CUST001697,Individual,VA,Software Engineer,61294.75,2020-11-19,0,0,1,2035.0,MEDIUM
CUST001698,Individual,TX,Sales Manager,38689.52,2019-07-27,0,0,0,1772.42,LOW
CUST001699,Business,MD,Student,142577.18,2025-10-28,0,0,0,13920.78,LOW
CUST001700,Individual,NJ,Sales Manager,41352.74,2020-05-28,0,0,0,2235.27,LOW
CUST001701,Business,TX,Consultant,90547.47,2020-05-24,0,0,0,12839.64,LOW
CUST001702,Individual,GA,Small Business Owner,55982.65,2020-08-31,0,0,1,6687.06,MEDIUM
CUST001703,Individual,GA,Sales Manager,115990.21,2021-08-19,0,0,1,6862.15,MEDIUM
CUST001704,Individual,PA,Doctor,126703.06,2017-08-04,0,0,0,3264.21,LOW
CUST001705,Individual,CA,Student,49350.6,2021-07-08,0,0,0,6165.42,LOW
CUST001706,Individual,WA,Sales Manager,73366.71,2020-03-30,0,0,0,5723.43,LOW
CUST001707,Individual,NC,Sales Manager,29349.74,2024-11-02,0,0,0,3090.45,LOW
CUST001708,Individual,IL,Trader,226521.8,2018-09-02,0,0,0,13788.8,LOW
CUST001709,Individual,WA,Teacher,150158.31,2024-01-03,0,0,0,6435.66,LOW
CUST001710,Individual,MA,Teacher,30276.98,2019-07-07,0,0,0,3312.72,LOW
CUST001711,Individual,IL,Real Estate Agent,42691.52,2017-06-06,0,0,0,3470.42,LOW
CUST001712,Individual,GA,Lawyer,68707.35,2017-06-11,0,0,0,3737.42,LOW
CUST001713,Individual,OH,Restaurant Owner,76913.59,2017-02-11,0,0,0,3246.02,LOW
CUST001714,Individual,WA,Restaurant Owner,48016.98,2025-11-26,0,0,0,4684.53,LOW
CUST001715,Individual,CO,Accountant,35633.45,2023-06-09,0,0,0,4122.57,LOW
CUST001716,Business,FL,Student,96956.12,2020-09-15,0,0,0,5864.48,LOW
CUST001717,Individual,CA,Student,232328.66,2021-05-06,0,0,0,27157.55,LOW
CUST001718,Individual,WA,Lawyer,77712.85,2025-05-20,0,0,0,3721.69,LOW
CUST001719,Business,NC,Teacher,62045.95,2024-09-12,0,0,0,4175.81,LOW
CUST001720,Individual,CA,Doctor,57947.79,2020-12-23,0,0,0,6844.23,LOW
CUST001721,Individual,TX,Doctor,36767.63,2017-04-30,0,0,0,3953.18,LOW
CUST001722,Individual,MA,Retail Worker,48458.03,2020-01-04,0,0,0,2850.08,LOW
CUST001723,Individual,CA,Doctor,156955.18,2022-07-31,1,0,0,6320.09,HIGH
CUST001724,Individual,TX,Small Business Owner,19519.92,2024-06-14,0,0,0,591.63,LOW
CUST001725,Individual,NJ,Consultant,78496.6,2024-06-01,0,0,0,10184.1,LOW
CUST001726,Individual,TX,Restaurant Owner,76375.25,2017-05-03,0,0,0,2626.75,LOW
CUST001727,Individual,CO,Doctor,80999.88,2024-05-24,0,0,0,3187.8,LOW
CUST001728,Business,MA,Construction Worker,120338.62,2025-11-28,0,0,0,6584.19,LOW
CUST001729,Individual,PA,Trader,78041.67,2025-02-16,1,0,0,6298.64,HIGH
CUST001730,Individual,OH,Student,55835.76,2025-05-20,0,0,0,6908.19,LOW
CUST001731,Individual,NJ,Doctor,48944.32,2019-02-28,0,0,0,2737.7,LOW
CUST001732,Individual,GA,Retail Worker,174410.47,2017-09-14,0,0,0,16209.45,LOW
CUST001733,Individual,NY,Lawyer,147550.71,2022-02-04,0,0,1,5355.58,MEDIUM
CUST001734,Individual,TX,Accountant,486848.26,2024-09-05,0,0,0,40439.5,LOW
CUST001735,Individual,TX,Accountant,62479.95,2024-03-30,0,0,0,2949.36,LOW
CUST001736,Business,CA,Teacher,49533.52,2020-07-16,0,0,0,2545.97,LOW
CUST001737,Individual,GA,Trader,100690.01,2025-11-26,0,0,0,7134.25,LOW
CUST001738,Individual,WA,Doctor,99121.74,2024-10-09,0,0,0,11911.31,LOW
CUST001739,Individual,FL,Sales Manager,113422.4,2020-03-18,0,0,0,13383.65,LOW
CUST001740,Individual,VA,Student,130076.56,2020-03-17,0,0,0,9999.2,LOW
CUST001741,Business,IL,Student,112710.88,2018-11-11,0,0,0,4489.71,LOW
CUST001742,Individual,TX,Restaurant Owner,150845.88,2025-06-08,0,0,0,9063.79,LOW
CUST001743,Individual,OH,Accountant,164463.98,2020-04-16,0,0,0,14500.7,LOW
CUST001744,Individual,WA,Teacher,166382.14,2024-10-14,0,0,0,22241.38,LOW
CUST001745,Individual,MD,Doctor,17246.66,2018-08-31,0,0,0,2518.56,LOW
CUST001746,Individual,FL,Accountant,87228.9,2017-11-27,0,0,0,9131.46,LOW
CUST001747,Individual,IL,Accountant,41157.31,2022-10-05,0,0,0,2833.1,LOW
CUST001748,Individual,NY,Student,148937.86,2020-05-15,0,0,0,16633.63,LOW
CUST001749,Individual,OH,Doctor,17013.24,2022-11-23,0,0,0,1140.38,LOW
CUST001750,Individual,VA,Sales Manager,194899.6,2018-07-01,0,0,0,20110.56,LOW
CUST001751,Individual,CO,Software Engineer,42752.74,2019-03-04,0,0,0,2371.53,LOW
CUST001752,Individual,NC,Sales Manager,36836.04,2022-03-20,0,0,0,2150.25,LOW
CUST001753,Individual,CA,Doctor,94542.57,2020-10-10,0,0,0,3252.57,LOW
CUST001754,Individual,VA,Consultant,58842.37,2021-08-10,0,0,0,4561.32,LOW
CUST001755,Business,NC,Accountant,238433.67,2018-05-04,0,0,0,24385.04,LOW
CUST001756,Individual,WA,Restaurant Owner,181900.47,2021-12-28,0,0,1,22482.78,MEDIUM
CUST001757,Business,CA,Lawyer,53809.26,2021-03-07,0,0,0,6795.76,LOW
CUST001758,Individual,IL,Lawyer,147688.21,2025-07-19,0,0,0,22013.75,LOW
CUST001759,Individual,NC,Small Business Owner,52617.65,2025-08-25,1,0,0,1892.63,HIGH
CUST001760,Individual,PA,Small Business Owner,52323.4,2023-06-09,0,0,0,4533.41,LOW
CUST001761,Individual,TX,Software Engineer,119307.98,2025-05-31,0,0,0,10758.22,LOW
CUST001762,Business,NJ,Retail Worker,193211.38,2018-10-12,0,0,0,24260.91,LOW
CUST001763,Individual,FL,Teacher,56305.43,2018-10-10,0,0,0,3282.31,LOW
CUST001764,Individual,OH,Sales Manager,59162.29,2020-10-17,0,0,1,1992.09,MEDIUM
CUST001765,Individual,GA,Doctor,91219.73,2018-01-16,0,0,0,5858.12,LOW
CUST001766,Individual,MA,Restaurant Owner,41946.47,2023-01-19,0,0,0,6207.7,LOW
CUST001767,Individual,MD,Retail Worker,207473.76,2022-08-29,0,0,0,28513.15,LOW
CUST001768,Individual,NC,Retail Worker,41686.57,2025-04-10,0,0,0,3101.73,LOW
CUST001769,Individual,TX,Accountant,49695.39,2022-02-07,0,0,0,6685.72,LOW
CUST001770,Individual,NJ,Consultant,236558.02,2023-04-10,0,0,0,6882.49,LOW
CUST001771,Individual,CO,Accountant,86225.9,2017-05-09,0,0,0,5542.21,LOW
CUST001772,Individual,VA,Teacher,265288.35,2020-04-14,0,0,0,30734.05,LOW
CUST001773,Business,CO,Software Engineer,65037.09,2018-02-13,1,0,0,3426.25,HIGH
CUST001774,Business,MA,Sales Manager,385744.54,2019-03-03,0,0,0,19209.64,LOW
CUST001775,Individual,WA,Student,111906.15,2025-03-10,0,0,0,14852.85,LOW
CUST001776,Individual,OH,Construction Worker,45989.12,2020-01-13,0,0,0,4690.63,LOW
CUST001777,Individual,MA,Software Engineer,45531.01,2017-08-10,0,0,1,6767.18,MEDIUM
CUST001778,Individual,NY,Sales Manager,29087.34,2020-12-10,0,0,0,1216.83,LOW
CUST001779,Individual,TX,Teacher,31230.91,2023-10-29,0,0,0,2171.05,LOW
CUST001780,Business,CA,Small Business Owner,48851.87,2018-09-10,0,0,0,3121.72,LOW
CUST001781,Individual,PA,Sales Manager,39367.84,2020-09-10,0,0,0,5315.31,LOW
CUST001782,Business,GA,Student,14038.91,2024-01-15,0,0,0,798.98,LOW
CUST001783,Individual,CA,Retail Worker,129603.11,2023-01-23,0,0,0,8966.28,LOW
CUST001784,Individual,NJ,Software Engineer,124145.92,2024-07-18,0,0,0,5320.18,LOW
CUST001785,Individual,CO,Student,91645.98,2024-08-22,0,0,0,11173.95,LOW
CUST001786,Business,TX,Doctor,35864.93,2025-05-15,0,0,0,1962.27,LOW
CUST001787,Individual,PA,Accountant,218744.19,2025-02-08,0,0,0,7336.69,LOW
CUST001788,Individual,MA,Sales Manager,66798.38,2019-11-03,0,0,0,5303.03,LOW
CUST001789,Individual,NC,Construction Worker,43636.19,2025-12-26,0,0,0,3226.12,LOW
CUST001790,Individual,TX,Restaurant Owner,87240.54,2023-08-10,0,0,0,4117.85,LOW
CUST001791,Individual,MA,Sales Manager,84048.46,2017-08-13,0,0,0,3504.8,LOW
CUST001792,Individual,MD,Doctor,14742.0,2025-05-02,0,0,0,2020.68,LOW
CUST001793,Individual,WA,Software Engineer,73506.48,2023-02-20,1,0,0,2461.04,HIGH
CUST001794,Individual,NY,Sales Manager,81112.61,2025-12-12,1,0,0,3034.74,HIGH
CUST001795,Individual,IL,Real Estate Agent,58633.51,2017-02-26,0,0,0,3261.84,LOW
CUST001796,Individual,TX,Student,31770.64,2023-03-11,0,0,0,4578.3,LOW
CUST001797,Individual,NJ,Retail Worker,32384.88,2020-11-04,0,0,0,1155.27,LOW
CUST001798,Individual,MA,Retail Worker,104755.67,2017-04-27,0,0,0,13304.16,LOW
CUST001799,Individual,CA,Real Estate Agent,123042.37,2024-03-31,1,0,0,16796.09,HIGH
CUST001800,Individual,WA,Software Engineer,56052.12,2018-02-14,0,0,0,4048.84,LOW
CUST001801,Business,NJ,Retail Worker,96158.19,2022-04-01,0,0,0,5936.5,LOW
CUST001802,Individual,GA,Sales Manager,55692.26,2024-10-30,0,0,0,6107.89,LOW
CUST001803,Individual,IL,Consultant,43072.41,2025-02-24,0,0,0,4859.83,LOW
CUST001804,Individual,WA,Lawyer,86220.77,2025-09-20,1,0,0,10561.8,HIGH
CUST001805,Individual,NY,Small Business Owner,35537.07,2022-06-07,0,0,0,4577.92,LOW
CUST001806,Individual,IL,Retail Worker,256838.57,2025-11-10,0,0,0,15037.75,LOW
CUST001807,Individual,OH,Trader,29462.09,2022-08-14,0,0,0,3266.47,LOW
CUST001808,Individual,MA,Small Business Owner,90195.17,2017-01-23,0,0,0,3775.86,LOW
CUST001809,Individual,OH,Construction Worker,82693.72,2025-02-16,0,0,0,7346.63,LOW
CUST001810,Individual,NJ,Consultant,78057.62,2019-01-15,1,0,0,7931.5,HIGH
CUST001811,Individual,GA,Teacher,196702.77,2018-08-25,0,0,0,8894.21,LOW
CUST001812,Individual,VA,Sales Manager,13084.79,2025-04-24,0,0,0,452.25,LOW
CUST001813,Individual,FL,Sales Manager,98014.36,2025-08-30,0,0,0,4836.35,LOW
CUST001814,Individual,VA,Teacher,62789.81,2023-11-22,0,0,0,4870.83,LOW
CUST001815,Individual,NC,Student,109625.76,2019-08-28,0,0,0,14906.92,LOW
CUST001816,Business,NY,Consultant,77713.7,2020-03-24,0,0,1,7109.97,MEDIUM
CUST001817,Individual,CO,Doctor,71430.49,2022-01-17,0,0,0,8468.91,LOW
CUST001818,Individual,OH,Student,34217.38,2024-04-28,0,0,0,1600.28,LOW
CUST001819,Individual,PA,Doctor,48421.73,2023-03-05,0,0,0,1852.0,LOW
CUST001820,Individual,MA,Construction Worker,574195.27,2025-05-20,0,0,0,31553.28,LOW
CUST001821,Individual,FL,Accountant,110278.0,2017-03-22,0,0,0,7083.71,LOW
CUST001822,Individual,TX,Software Engineer,148661.76,2024-04-16,0,0,0,13901.77,LOW
CUST001823,Individual,VA,Sales Manager,59665.57,2018-04-28,0,0,0,8064.12,LOW
CUST001824,Individual,GA,Lawyer,43006.1,2024-03-24,0,0,0,3365.73,LOW
CUST001825,Individual,VA,Sales Manager,124233.91,2020-12-01,0,0,0,11162.39,LOW
CUST001826,Individual,CA,Consultant,21759.95,2025-09-10,0,0,0,556.55,LOW
CUST001827,Individual,PA,Real Estate Agent,49131.88,2017-02-02,0,0,0,1432.88,LOW
CUST001828,Business,MD,Restaurant Owner,59561.78,2022-09-14,0,0,0,2112.72,LOW
CUST001829,Individual,NJ,Software Engineer,138619.26,2020-06-26,0,0,0,15577.24,LOW
CUST001830,Individual,GA,Construction Worker,98140.62,2025-05-06,0,0,0,8417.91,LOW
CUST001831,Business,MD,Consultant,55152.57,2025-07-19,0,0,0,2709.1,LOW
CUST001832,Individual,IL,Teacher,95327.71,2017-10-07,0,0,0,9444.59,LOW
CUST001833,Individual,WA,Sales Manager,61586.3,2022-07-01,0,0,0,5732.24,LOW
CUST001834,Individual,IL,Software Engineer,150357.03,2023-01-09,0,0,0,5427.88,LOW
CUST001835,Individual,OH,Trader,87443.25,2021-08-10,0,0,0,9186.05,LOW
CUST001836,Individual,IL,Sales Manager,231869.78,2021-04-24,0,0,0,28031.75,LOW
CUST001837,Individual,TX,Sales Manager,62609.8,2018-12-02,0,0,0,3807.88,LOW
CUST001838,Individual,OH,Sales Manager,166333.53,2021-11-15,0,0,0,18452.39,LOW
CUST001839,Business,NY,Doctor,79539.77,2024-08-14,0,0,0,3974.2,LOW
CUST001840,Individual,CA,Real Estate Agent,47668.93,2019-10-16,0,0,0,5700.78,LOW
CUST001841,Individual,PA,Software Engineer,406877.25,2020-06-07,0,0,0,56544.45,LOW
CUST001842,Individual,CO,Restaurant Owner,175703.66,2018-10-27,0,0,0,14097.3,LOW
CUST001843,Individual,NY,Construction Worker,87339.1,2025-02-18,0,0,0,4854.11,LOW
CUST001844,Individual,GA,Construction Worker,123394.4,2020-08-04,0,0,0,9241.88,LOW
CUST001845,Business,MD,Student,37120.74,2020-11-19,0,0,1,2088.4,MEDIUM
CUST001846,Individual,MD,Sales Manager,37980.04,2023-11-06,1,0,0,955.38,HIGH
CUST001847,Individual,IL,Small Business Owner,154724.61,2024-04-21,0,0,0,16448.32,LOW
CUST001848,Individual,TX,Lawyer,75234.24,2019-11-23,0,0,0,2280.79,LOW
CUST001849,Business,VA,Small Business Owner,67775.9,2022-04-23,0,0,0,3476.83,LOW
CUST001850,Individual,VA,Construction Worker,62198.36,2020-10-18,0,0,0,7171.86,LOW
CUST001851,Individual,CO,Student,82792.04,2020-02-09,0,0,0,8959.39,LOW
CUST001852,Individual,OH,Construction Worker,63575.36,2020-02-19,0,0,0,2172.12,LOW
CUST001853,Business,GA,Restaurant Owner,20017.29,2022-08-26,0,0,0,2152.0,LOW
CUST001854,Business,WA,Construction Worker,188256.81,2019-01-09,0,0,0,26604.8,LOW
CUST001855,Business,CA,Real Estate Agent,69799.29,2021-03-27,0,0,0,2395.01,LOW
CUST001856,Individual,PA,Accountant,246652.81,2024-07-25,0,0,0,18982.65,LOW
CUST001857,Individual,WA,Trader,23856.59,2024-07-24,0,0,0,2771.64,LOW
CUST001858,Individual,OH,Sales Manager,23795.83,2022-11-16,0,0,0,2581.02,LOW
CUST001859,Business,TX,Teacher,62706.76,2022-12-04,0,0,0,3343.14,LOW
CUST001860,Individual,CA,Real Estate Agent,141582.26,2025-04-01,0,0,0,6425.49,LOW
CUST001861,Individual,GA,Small Business Owner,33943.74,2021-02-03,1,0,0,4176.13,HIGH
CUST001862,Individual,IL,Construction Worker,33098.15,2021-01-02,0,0,0,4783.69,LOW
CUST001863,Individual,IL,Lawyer,95512.5,2017-12-15,1,0,0,11552.04,HIGH
CUST001864,Individual,MA,Consultant,61198.35,2017-08-20,0,0,0,8898.27,LOW
CUST001865,Business,IL,Sales Manager,106819.45,2022-06-20,0,0,0,10748.65,LOW
CUST001866,Business,FL,Doctor,61915.51,2025-09-18,0,0,0,8738.59,LOW
CUST001867,Individual,NC,Accountant,96334.58,2025-06-11,0,0,0,10722.47,LOW
CUST001868,Individual,IL,Trader,182267.38,2025-04-20,0,0,0,25264.19,LOW
CUST001869,Individual,NC,Trader,33990.56,2021-04-06,0,0,0,1536.33,LOW
CUST001870,Individual,FL,Teacher,162000.54,2024-05-10,0,0,0,20565.26,LOW
CUST001871,Individual,CO,Lawyer,24773.94,2023-05-22,0,0,0,1228.62,LOW
CUST001872,Individual,NC,Doctor,111447.86,2022-05-25,0,0,0,3168.31,LOW
CUST001873,Individual,NJ,Sales Manager,188672.57,2021-07-15,0,0,0,16923.6,LOW
CUST001874,Business,FL,Real Estate Agent,53348.4,2024-05-07,0,0,0,3455.99,LOW
CUST001875,Individual,CA,Restaurant Owner,114028.56,2022-04-27,0,0,0,3471.19,LOW
CUST001876,Individual,WA,Restaurant Owner,54646.08,2018-06-29,0,0,0,8062.38,LOW
CUST001877,Individual,CA,Doctor,109725.95,2018-01-27,0,0,0,11884.23,LOW
CUST001878,Individual,WA,Consultant,17278.51,2020-04-08,0,0,0,2379.71,LOW
CUST001879,Individual,MA,Doctor,83336.78,2022-10-26,0,0,1,12490.96,MEDIUM
CUST001880,Individual,NJ,Real Estate Agent,96978.78,2022-06-12,0,0,0,7176.03,LOW
CUST001881,Individual,WA,Doctor,179743.6,2017-10-24,0,0,0,10217.01,LOW
CUST001882,Business,WA,Teacher,136852.57,2023-07-06,0,0,0,6566.95,LOW
CUST001883,Individual,TX,Sales Manager,67537.61,2019-12-23,0,0,0,6037.75,LOW
CUST001884,Individual,NY,Consultant,89275.78,2017-09-27,0,0,0,8995.44,LOW
CUST001885,Individual,NY,Retail Worker,29297.8,2023-03-14,0,0,0,2462.56,LOW
CUST001886,Individual,TX,Software Engineer,218358.2,2025-12-06,0,0,0,16028.91,LOW
CUST001887,Individual,IL,Trader,117535.65,2020-01-04,0,0,0,5410.64,LOW
CUST001888,Individual,NC,Sales Manager,22374.07,2021-09-06,0,0,0,1795.13,LOW
CUST001889,Individual,TX,Small Business Owner,88003.77,2018-05-25,0,0,0,3137.81,LOW
CUST001890,Business,VA,Retail Worker,92481.57,2024-03-11,0,0,0,12312.16,LOW
CUST001891,Individual,WA,Student,45350.65,2020-01-22,0,0,0,1399.65,LOW
CUST001892,Individual,WA,Doctor,79874.03,2019-12-13,0,0,0,5797.32,LOW
CUST001893,Individual,TX,Restaurant Owner,42481.81,2018-05-11,1,0,0,1593.8,HIGH
CUST001894,Individual,TX,Retail Worker,30099.23,2025-03-15,0,0,0,3668.27,LOW
CUST001895,Individual,VA,Construction Worker,50340.63,2017-04-04,0,0,0,3226.44,LOW
CUST001896,Individual,MD,Real Estate Agent,83849.35,2018-09-17,0,0,0,3281.71,LOW
CUST001897,Individual,IL,Retail Worker,137126.48,2017-08-17,0,0,0,12538.35,LOW
CUST001898,Individual,CA,Accountant,78482.06,2023-04-17,0,0,0,10950.96,LOW
CUST001899,Individual,NJ,Trader,137999.15,2020-11-15,0,0,0,19124.01,LOW
CUST001900,Individual,GA,Consultant,114336.42,2018-12-22,0,0,0,6426.44,LOW
CUST001901,Individual,NC,Trader,38262.85,2019-09-07,0,0,0,4398.6,LOW
CUST001902,Individual,WA,Sales Manager,113772.98,2023-02-08,0,0,0,3275.01,LOW
CUST001903,Individual,CO,Real Estate Agent,115835.53,2017-09-24,0,0,0,4805.03,LOW
CUST001904,Individual,NJ,Restaurant Owner,232678.76,2019-10-01,0,0,0,20344.05,LOW
CUST001905,Individual,TX,Student,97945.72,2017-10-08,0,0,0,5249.36,LOW
CUST001906,Individual,VA,Small Business Owner,33614.25,2019-08-20,0,0,0,4194.48,LOW
CUST001907,Business,IL,Retail Worker,52317.74,2024-06-07,0,0,0,7396.89,LOW
CUST001908,Individual,FL,Consultant,22495.74,2020-01-12,0,0,0,574.58,LOW
CUST001909,Individual,CO,Software Engineer,104511.65,2020-04-24,0,0,0,5655.59,LOW
CUST001910,Individual,IL,Consultant,219766.81,2024-01-23,0,0,0,17569.07,LOW
CUST001911,Individual,PA,Lawyer,15851.15,2020-10-03,0,0,1,1511.96,MEDIUM
CUST001912,Business,PA,Consultant,225887.67,2018-02-27,0,0,0,31508.58,LOW
CUST001913,Business,NJ,Trader,103616.08,2025-04-17,0,0,0,14142.09,LOW
CUST001914,Individual,NY,Real Estate Agent,37252.16,2022-06-29,0,0,0,3898.3,LOW
CUST001915,Individual,PA,Software Engineer,88618.41,2018-03-30,0,0,0,5066.62,LOW
CUST001916,Individual,PA,Consultant,38041.4,2023-05-04,0,0,0,4675.71,LOW
CUST001917,Business,CA,Accountant,99859.18,2018-05-22,0,0,0,5026.06,LOW
CUST001918,Individual,FL,Small Business Owner,78153.34,2020-03-11,0,0,0,11382.76,LOW
CUST001919,Individual,VA,Retail Worker,92903.51,2017-11-12,0,0,0,2390.41,LOW
CUST001920,Individual,CA,Retail Worker,41271.72,2021-08-27,1,0,0,3971.22,HIGH
CUST001921,Individual,FL,Sales Manager,45369.03,2019-02-03,0,0,0,1635.54,LOW
CUST001922,Individual,VA,Accountant,103925.26,2020-06-09,0,0,0,7893.12,LOW
CUST001923,Individual,NC,Retail Worker,54093.61,2019-06-17,0,0,0,5645.57,LOW
CUST001924,Individual,NC,Consultant,82628.09,2019-08-11,0,0,0,9188.23,LOW
CUST001925,Individual,MA,Student,100678.01,2025-01-01,0,0,0,12403.15,LOW
CUST001926,Individual,GA,Consultant,64907.09,2021-05-15,0,0,0,6436.57,LOW
CUST001927,Individual,WA,Real Estate Agent,158904.58,2025-02-11,0,0,0,8964.59,LOW
CUST001928,Individual,MD,Trader,66478.61,2022-09-01,0,0,0,9051.51,LOW
CUST001929,Individual,MD,Construction Worker,65193.78,2018-01-19,0,0,0,8239.74,LOW
CUST001930,Individual,PA,Trader,49743.5,2025-10-03,0,0,0,2238.78,LOW
CUST001931,Individual,CO,Sales Manager,147448.13,2017-04-13,0,0,0,18919.64,LOW
CUST001932,Individual,VA,Student,47361.17,2019-06-19,0,0,0,6942.23,LOW
CUST001933,Individual,WA,Trader,169509.12,2024-08-12,0,0,0,17739.53,LOW
CUST001934,Individual,PA,Restaurant Owner,83388.58,2017-04-20,0,0,0,5022.13,LOW
CUST001935,Individual,CA,Restaurant Owner,428739.6,2025-08-03,0,0,0,43227.34,LOW
CUST001936,Individual,GA,Student,48822.4,2021-02-04,0,0,0,3310.98,LOW
CUST001937,Individual,CA,Consultant,171805.69,2018-11-01,0,0,0,18811.57,LOW
CUST001938,Business,NC,Lawyer,104495.65,2025-08-14,0,0,0,9728.54,LOW
CUST001939,Individual,VA,Lawyer,53707.24,2025-06-18,0,0,0,7582.73,LOW
CUST001940,Individual,OH,Doctor,105412.36,2018-01-19,0,0,0,10777.21,LOW
CUST001941,Individual,CA,Construction Worker,102126.09,2022-07-14,0,0,0,5284.79,LOW
CUST001942,Individual,CO,Accountant,60444.65,2023-02-16,0,0,0,6989.74,LOW
CUST001943,Individual,FL,Consultant,99074.36,2019-02-01,0,0,0,6203.02,LOW
CUST001944,Individual,NY,Student,159768.38,2023-08-05,0,0,0,9434.14,LOW
CUST001945,Individual,CO,Doctor,104571.21,2025-01-01,0,0,0,7735.35,LOW
CUST001946,Individual,IL,Consultant,57112.2,2019-06-05,0,0,0,1513.45,LOW
CUST001947,Individual,NJ,Doctor,55059.34,2022-10-28,0,0,0,8046.51,LOW
CUST001948,Individual,WA,Student,70857.56,2024-03-28,0,0,0,6486.4,LOW
CUST001949,Individual,MA,Consultant,154560.94,2025-11-18,0,0,0,18808.02,LOW
CUST001950,Individual,PA,Software Engineer,45948.68,2020-05-20,0,0,0,2629.71,LOW
CUST001951,Individual,CA,Retail Worker,96773.52,2025-01-12,0,0,0,11450.95,LOW
CUST001952,Individual,NY,Student,27163.77,2019-10-12,0,0,0,2604.91,LOW
CUST001953,Individual,CA,Restaurant Owner,110386.25,2021-01-08,0,0,0,8612.12,LOW
CUST001954,Individual,GA,Restaurant Owner,122258.69,2023-01-06,0,0,0,17890.56,LOW
CUST001955,Business,FL,Construction Worker,280182.75,2017-01-10,0,0,0,24300.38,LOW
CUST001956,Business,MA,Teacher,136855.91,2021-04-15,0,0,0,14668.53,LOW
CUST001957,Individual,IL,Restaurant Owner,57783.75,2019-03-03,0,0,0,1555.41,LOW
CUST001958,Individual,VA,Teacher,27660.67,2022-05-22,0,0,0,1733.82,LOW
CUST001959,Individual,GA,Software Engineer,104764.59,2019-12-15,0,0,0,14257.04,LOW
CUST001960,Individual,TX,Student,60630.23,2024-12-29,0,0,0,7267.74,LOW
CUST001961,Individual,MA,Lawyer,93191.33,2021-07-21,0,0,0,8582.39,LOW
CUST001962,Individual,CA,Lawyer,46963.36,2023-02-06,0,0,1,6458.4,MEDIUM
CUST001963,Business,NC,Doctor,67014.6,2019-01-14,0,0,0,5748.35,LOW
CUST001964,Individual,GA,Sales Manager,24841.05,2023-08-26,0,0,0,2380.11,LOW
CUST001965,Individual,IL,Construction Worker,37994.98,2018-03-27,0,0,0,2764.86,LOW
CUST001966,Individual,MD,Retail Worker,34666.11,2020-01-22,0,0,0,3553.45,LOW
CUST001967,Individual,CO,Sales Manager,132264.21,2023-09-08,0,0,0,8580.67,LOW
CUST001968,Individual,NY,Accountant,43805.81,2025-04-01,0,0,0,3205.99,LOW
CUST001969,Individual,NY,Teacher,183670.37,2020-09-16,0,0,1,26777.45,MEDIUM
CUST001970,Individual,WA,Retail Worker,44086.32,2021-09-28,0,0,0,1715.56,LOW
CUST001971,Individual,IL,Trader,292904.86,2023-10-17,0,0,0,11176.35,LOW
CUST001972,Business,NY,Construction Worker,21131.1,2025-03-21,0,0,0,642.69,LOW
CUST001973,Individual,GA,Construction Worker,98818.45,2020-04-01,0,0,0,6423.75,LOW
CUST001974,Individual,WA,Restaurant Owner,76905.46,2025-03-13,0,0,0,5750.89,LOW
CUST001975,Individual,OH,Retail Worker,34125.71,2025-07-09,0,0,0,1256.32,LOW
CUST001976,Business,NY,Trader,52424.95,2024-09-14,0,0,0,4909.14,LOW
CUST001977,Individual,MA,Consultant,63285.43,2019-06-27,0,0,0,6196.45,LOW
CUST001978,Individual,MD,Real Estate Agent,88222.51,2022-11-03,0,0,0,10487.75,LOW
CUST001979,Business,NC,Construction Worker,40805.52,2024-10-02,0,0,0,5998.25,LOW
CUST001980,Business,FL,Teacher,98883.89,2021-10-15,0,0,0,10127.59,LOW
CUST001981,Individual,MD,Sales Manager,81069.65,2024-11-03,0,0,0,3158.18,LOW
CUST001982,Individual,TX,Lawyer,124456.74,2020-01-20,0,0,0,4488.6,LOW
CUST001983,Individual,IL,Accountant,42817.75,2021-02-16,0,0,0,5232.04,LOW
CUST001984,Individual,GA,Accountant,57479.11,2025-12-09,0,0,0,6109.56,LOW
CUST001985,Individual,PA,Small Business Owner,191495.64,2020-06-30,0,0,0,8663.13,LOW
CUST001986,Individual,NC,Trader,41619.26,2021-12-19,0,0,0,2358.56,LOW
CUST001987,Individual,CA,Trader,30337.31,2021-08-06,1,0,0,3603.47,HIGH
CUST001988,Individual,GA,Sales Manager,49767.75,2020-06-21,0,0,0,4766.23,LOW
CUST001989,Individual,MD,Software Engineer,23644.27,2024-07-17,0,0,0,2320.09,LOW
CUST001990,Individual,MD,Software Engineer,222487.04,2023-05-07,0,0,0,11402.7,LOW
CUST001991,Individual,NY,Sales Manager,62407.9,2024-11-28,0,0,0,6467.47,LOW
CUST001992,Individual,GA,Restaurant Owner,62800.91,2025-06-18,0,0,0,7619.54,LOW
CUST001993,Individual,PA,Consultant,121526.29,2019-11-30,0,0,0,16485.83,LOW
CUST001994,Individual,CA,Restaurant Owner,46799.67,2021-06-22,0,0,0,5479.76,LOW
CUST001995,Individual,WA,Accountant,65178.74,2024-01-08,0,0,0,6325.4,LOW
CUST001996,Individual,NY,Doctor,46003.83,2019-11-23,0,0,0,5021.66,LOW
CUST001997,Business,NC,Accountant,23967.96,2018-03-26,0,0,0,2052.59,LOW
CUST001998,Individual,NJ,Lawyer,77515.72,2024-06-25,0,0,0,4136.42,LOW
CUST001999,Individual,NY,Construction Worker,146088.26,2022-02-16,0,0,0,19762.22,LOW
CUST002000,Individual,TX,Retail Worker,78966.98,2018-09-17,0,0,0,7231.62,LOW
CUST002001,Individual,OH,Retail Worker,136367.37,2022-05-24,1,0,0,13539.89,HIGH
CUST002002,Individual,NJ,Construction Worker,36789.9,2019-06-04,0,0,0,5473.0,LOW
CUST002003,Business,TX,Construction Worker,45941.21,2017-11-15,0,0,0,6805.13,LOW
CUST002004,Individual,PA,Accountant,32336.45,2025-10-01,0,0,0,3178.31,LOW
CUST002005,Individual,IL,Retail Worker,95178.16,2020-10-27,0,0,0,2783.45,LOW
CUST002006,Individual,CA,Retail Worker,61010.29,2020-10-06,0,0,0,4546.39,LOW
CUST002007,Individual,FL,Student,59543.08,2020-09-08,0,0,0,8464.74,LOW
CUST002008,Individual,WA,Small Business Owner,115853.81,2018-05-03,0,0,0,7071.52,LOW
CUST002009,Individual,FL,Lawyer,55149.58,2018-03-27,0,0,0,8267.4,LOW
CUST002010,Individual,MA,Lawyer,151301.53,2017-12-19,0,0,1,5377.21,MEDIUM
CUST002011,Individual,MA,Retail Worker,87414.88,2020-02-14,0,0,0,8393.08,LOW
CUST002012,Individual,PA,Construction Worker,59115.43,2025-03-22,0,0,0,5286.76,LOW
CUST002013,Business,IL,Software Engineer,27356.28,2025-06-12,0,0,0,1557.1,LOW
CUST002014,Individual,OH,Consultant,115424.47,2022-04-25,0,0,1,16572.17,MEDIUM
CUST002015,Individual,OH,Doctor,90142.91,2023-06-26,0,0,0,9230.31,LOW
CUST002016,Individual,MA,Sales Manager,93007.73,2025-11-11,0,0,0,5001.82,LOW
CUST002017,Individual,NC,Construction Worker,94956.08,2022-11-03,0,0,0,6932.37,LOW
CUST002018,Business,NC,Small Business Owner,53174.67,2017-09-05,0,0,0,6123.26,LOW
CUST002019,Individual,MD,Retail Worker,67971.94,2018-07-22,0,0,0,4228.68,LOW
CUST002020,Individual,CO,Trader,55669.35,2018-11-15,0,0,0,7512.62,LOW
CUST002021,Business,NY,Teacher,169022.19,2018-10-06,0,0,0,7725.88,LOW
CUST002022,Individual,GA,Lawyer,62718.72,2018-04-24,0,0,0,3641.65,LOW
CUST002023,Business,TX,Accountant,50148.17,2024-07-23,0,0,0,2162.0,LOW
CUST002024,Individual,MA,Accountant,176740.89,2018-01-03,0,0,0,6720.1,LOW
CUST002025,Individual,PA,Lawyer,164674.27,2022-01-19,0,0,0,10298.63,LOW
CUST002026,Individual,MD,Consultant,87455.61,2017-12-23,0,0,0,13109.36,LOW
CUST002027,Individual,VA,Construction Worker,68928.77,2023-09-22,0,0,0,2535.97,LOW
CUST002028,Business,TX,Trader,58602.71,2020-09-30,0,0,0,3025.38,LOW
CUST002029,Individual,NY,Consultant,72886.61,2023-02-05,0,0,0,4296.82,LOW
CUST002030,Individual,IL,Software Engineer,42475.42,2021-01-06,0,0,0,4349.11,LOW
CUST002031,Individual,CA,Real Estate Agent,102686.09,2022-01-17,0,0,0,12134.23,LOW
CUST002032,Individual,OH,Restaurant Owner,219557.69,2023-08-12,0,0,0,26125.54,LOW
CUST002033,Individual,FL,Lawyer,108114.52,2019-11-26,0,0,0,2819.57,LOW
CUST002034,Business,NY,Teacher,36612.31,2023-11-16,0,0,0,3898.53,LOW
CUST002035,Individual,WA,Restaurant Owner,100816.66,2021-07-03,0,0,0,10469.01,LOW
CUST002036,Individual,NJ,Trader,85109.46,2019-04-08,0,0,0,7634.9,LOW
CUST002037,Individual,PA,Lawyer,100241.25,2020-03-15,0,0,0,7257.57,LOW
CUST002038,Individual,OH,Real Estate Agent,44025.47,2021-12-17,1,0,0,5489.12,HIGH
CUST002039,Individual,FL,Teacher,75163.85,2022-04-09,0,0,0,5110.02,LOW
CUST002040,Individual,WA,Restaurant Owner,133153.47,2023-01-03,0,0,0,7157.2,LOW
CUST002041,Business,CA,Teacher,37411.92,2023-08-25,0,0,0,2385.45,LOW
CUST002042,Individual,WA,Consultant,56011.56,2017-06-17,0,0,0,4478.46,LOW
CUST002043,Individual,VA,Doctor,62201.76,2017-03-28,0,0,0,3219.39,LOW
CUST002044,Individual,IL,Student,143513.16,2017-06-03,0,0,0,14487.14,LOW
CUST002045,Business,NC,Teacher,158121.33,2023-12-20,0,0,0,21429.58,LOW
CUST002046,Individual,NJ,Trader,21599.11,2017-11-11,0,0,1,2147.65,MEDIUM
CUST002047,Individual,TX,Real Estate Agent,143433.11,2022-01-29,0,0,0,11594.21,LOW
CUST002048,Individual,FL,Consultant,161387.6,2018-12-24,0,0,0,20110.28,LOW
CUST002049,Individual,NJ,Student,154784.67,2022-06-05,0,0,0,18342.73,LOW
CUST002050,Individual,GA,Consultant,53155.97,2022-01-28,0,0,0,3767.82,LOW
CUST002051,Individual,NY,Software Engineer,64593.7,2021-09-26,0,0,0,6492.91,LOW
CUST002052,Individual,GA,Retail Worker,27076.45,2024-09-12,0,0,0,3147.11,LOW
CUST002053,Individual,NY,Lawyer,19216.49,2023-04-29,0,0,0,1070.03,LOW
CUST002054,Business,IL,Accountant,59293.74,2023-12-10,0,0,0,4197.06,LOW
CUST002055,Business,NJ,Software Engineer,78822.05,2023-11-07,0,0,0,3012.74,LOW
CUST002056,Individual,NC,Real Estate Agent,84132.11,2023-10-27,0,1,0,12490.26,HIGH
CUST002057,Individual,CA,Construction Worker,127897.47,2024-02-04,0,0,0,4570.38,LOW
CUST002058,Individual,CO,Sales Manager,548521.44,2020-02-03,0,0,0,25273.55,LOW
CUST002059,Individual,CO,Trader,57979.77,2022-07-17,0,0,1,4927.06,MEDIUM
CUST002060,Individual,NC,Trader,37764.45,2017-12-16,0,0,0,5028.68,LOW
CUST002061,Individual,MA,Construction Worker,106962.22,2019-04-04,1,0,0,7432.3,HIGH
CUST002062,Individual,WA,Accountant,86655.95,2018-03-14,0,0,0,10491.83,LOW
CUST002063,Individual,MD,Consultant,51627.23,2022-06-28,0,0,0,5653.4,LOW
CUST002064,Individual,MA,Doctor,135577.31,2017-06-18,0,0,0,14212.98,LOW
CUST002065,Individual,NJ,Sales Manager,44244.47,2017-01-23,0,0,0,5779.53,LOW
CUST002066,Individual,GA,Trader,68987.11,2025-04-24,0,0,0,1846.87,LOW
CUST002067,Individual,MD,Real Estate Agent,71621.23,2024-06-16,0,0,0,10108.92,LOW
CUST002068,Individual,CO,Trader,40507.0,2017-10-08,0,0,0,5211.36,LOW
CUST002069,Individual,MA,Accountant,24684.61,2024-08-01,0,0,0,3510.98,LOW
CUST002070,Individual,CO,Small Business Owner,86470.7,2023-04-20,0,0,0,10739.53,LOW
CUST002071,Individual,PA,Student,182573.56,2018-02-08,0,0,0,24615.28,LOW
CUST002072,Individual,OH,Student,140060.48,2022-12-21,0,0,0,7056.91,LOW
CUST002073,Individual,CO,Construction Worker,146285.16,2024-04-19,0,0,0,9494.44,LOW
CUST002074,Business,NC,Trader,44619.49,2017-08-20,0,0,0,2873.61,LOW
CUST002075,Business,MA,Retail Worker,86196.82,2024-02-06,0,0,0,3331.15,LOW
CUST002076,Business,NY,Sales Manager,29718.93,2017-03-20,0,0,0,3453.26,LOW
CUST002077,Individual,MD,Trader,83703.67,2019-11-25,0,0,0,3517.34,LOW
CUST002078,Individual,PA,Small Business Owner,184970.81,2023-12-18,0,0,0,5838.35,LOW
CUST002079,Business,FL,Trader,188742.23,2020-02-08,0,0,0,23013.5,LOW
CUST002080,Individual,MA,Consultant,280698.11,2020-09-06,0,0,0,38759.61,LOW
CUST002081,Individual,PA,Construction Worker,142658.52,2023-07-04,0,0,0,17192.55,LOW
CUST002082,Individual,NC,Doctor,102178.88,2025-04-03,0,0,0,13096.17,LOW
CUST002083,Individual,CO,Sales Manager,132430.53,2024-06-30,0,0,0,13170.58,LOW
CUST002084,Business,NJ,Lawyer,116729.74,2023-08-29,0,0,0,15871.54,LOW
CUST002085,Individual,OH,Lawyer,44379.29,2020-10-19,0,0,0,3864.9,LOW
CUST002086,Individual,WA,Accountant,28008.94,2021-06-28,0,0,0,4160.46,LOW
CUST002087,Individual,OH,Teacher,133124.03,2020-12-08,0,0,0,5048.98,LOW
CUST002088,Individual,FL,Doctor,292412.21,2018-07-01,0,0,0,36887.1,LOW
CUST002089,Business,CA,Lawyer,136738.39,2021-09-26,0,0,0,14381.28,LOW
CUST002090,Individual,MD,Sales Manager,21973.07,2025-11-20,0,0,0,2144.15,LOW
CUST002091,Individual,CA,Teacher,53513.93,2023-09-06,0,0,0,6192.97,LOW
CUST002092,Business,IL,Consultant,65998.88,2025-09-09,0,0,0,8582.26,LOW
CUST002093,Individual,MA,Accountant,22444.82,2020-08-09,0,0,0,2982.03,LOW
CUST002094,Individual,WA,Small Business Owner,30646.09,2020-01-14,0,0,0,1437.99,LOW
CUST002095,Individual,VA,Student,73214.17,2019-06-28,0,0,0,3633.58,LOW
CUST002096,Individual,TX,Small Business Owner,88903.41,2020-05-09,0,0,0,2402.24,LOW
CUST002097,Individual,PA,Small Business Owner,39510.99,2018-11-16,0,0,0,1638.93,LOW
CUST002098,Individual,FL,Small Business Owner,29742.51,2024-02-02,0,0,0,1724.63,LOW
CUST002099,Individual,NJ,Student,162900.07,2023-06-03,0,0,0,18754.6,LOW
CUST002100,Individual,MA,Lawyer,58489.33,2022-10-05,0,0,0,4940.65,LOW
CUST002101,Business,NJ,Trader,64191.46,2025-06-15,0,0,0,7686.15,LOW
CUST002102,Individual,TX,Software Engineer,52570.36,2021-08-03,0,0,0,4511.43,LOW
CUST002103,Individual,MD,Lawyer,45432.34,2022-10-15,0,0,0,4291.07,LOW
CUST002104,Individual,IL,Student,174914.49,2019-08-16,0,0,0,6801.26,LOW
CUST002105,Individual,VA,Real Estate Agent,42335.27,2021-08-10,0,0,0,5167.86,LOW
CUST002106,Individual,TX,Software Engineer,84291.61,2022-04-17,0,0,0,10095.25,LOW
CUST002107,Business,OH,Software Engineer,75425.54,2021-05-24,0,0,0,4785.39,LOW
CUST002108,Business,CO,Trader,21140.17,2025-06-22,0,0,0,1396.78,LOW
CUST002109,Individual,OH,Sales Manager,87715.94,2018-12-03,0,0,1,4601.59,MEDIUM
CUST002110,Business,CO,Student,27492.36,2024-09-08,0,0,0,3484.11,LOW
CUST002111,Individual,NY,Construction Worker,113356.44,2023-12-09,0,0,0,13418.66,LOW
CUST002112,Individual,GA,Retail Worker,34685.35,2019-04-01,0,0,0,3508.2,LOW
CUST002113,Individual,FL,Retail Worker,105298.61,2019-06-07,0,0,0,5775.92,LOW
CUST002114,Business,MD,Sales Manager,56730.35,2022-04-04,0,0,0,2636.92,LOW
CUST002115,Individual,GA,Real Estate Agent,48384.38,2020-08-21,0,0,0,1513.64,LOW
CUST002116,Individual,TX,Restaurant Owner,86000.78,2023-02-03,0,0,0,2640.35,LOW
CUST002117,Individual,VA,Construction Worker,28811.65,2023-02-21,0,0,0,1394.25,LOW
CUST002118,Individual,CO,Restaurant Owner,71700.28,2025-06-12,0,0,0,2693.53,LOW
CUST002119,Individual,CO,Trader,124704.96,2019-05-26,0,0,0,11786.3,LOW
CUST002120,Business,OH,Teacher,147699.68,2017-06-15,0,0,0,10303.72,LOW
CUST002121,Individual,IL,Small Business Owner,55521.93,2020-03-19,0,0,0,4476.08,LOW
CUST002122,Individual,IL,Construction Worker,61048.22,2018-07-11,0,0,0,6059.55,LOW
CUST002123,Business,CO,Sales Manager,28438.72,2020-04-12,0,0,0,3053.97,LOW
CUST002124,Individual,NC,Accountant,46040.64,2023-01-24,0,0,0,4881.47,LOW
CUST002125,Business,CA,Restaurant Owner,27205.42,2018-12-10,0,0,0,1567.22,LOW
CUST002126,Individual,OH,Real Estate Agent,99836.71,2018-12-19,0,0,0,12599.73,LOW
CUST002127,Individual,MA,Real Estate Agent,129657.52,2021-05-23,0,0,0,18114.93,LOW
CUST002128,Individual,VA,Construction Worker,55826.15,2022-11-15,0,0,0,3600.36,LOW
CUST002129,Business,CA,Trader,37699.14,2024-06-19,0,0,0,1022.9,LOW
CUST002130,Individual,FL,Software Engineer,91634.95,2023-09-18,0,0,0,12590.12,LOW
CUST002131,Individual,CO,Accountant,42662.08,2020-01-06,0,0,0,5991.62,LOW
CUST002132,Individual,FL,Consultant,116076.37,2022-07-13,0,0,0,3641.12,LOW
CUST002133,Individual,FL,Accountant,263886.16,2020-06-14,0,0,0,6760.65,LOW
CUST002134,Individual,NJ,Sales Manager,42207.87,2017-10-18,0,0,0,5362.54,LOW
CUST002135,Individual,CA,Real Estate Agent,46311.9,2022-12-24,0,0,1,2902.97,MEDIUM
CUST002136,Business,NJ,Teacher,29042.7,2025-01-15,0,0,0,4046.31,LOW
CUST002137,Individual,GA,Lawyer,82472.02,2025-01-07,0,0,0,4296.21,LOW
CUST002138,Individual,OH,Trader,78906.91,2023-08-12,0,0,0,10466.55,LOW
CUST002139,Individual,MA,Small Business Owner,62904.93,2024-02-09,0,0,0,2112.38,LOW
CUST002140,Business,TX,Restaurant Owner,75791.31,2025-01-28,0,1,0,4364.03,HIGH
CUST002141,Individual,OH,Restaurant Owner,38057.55,2023-04-15,0,0,0,5580.8,LOW
CUST002142,Individual,VA,Teacher,25442.18,2024-09-14,0,0,0,1371.32,LOW
CUST002143,Individual,PA,Doctor,45791.24,2020-05-22,1,0,0,1906.13,HIGH
CUST002144,Individual,CA,Small Business Owner,21593.63,2022-10-19,0,0,0,2853.21,LOW
CUST002145,Individual,OH,Trader,42205.26,2019-01-16,0,0,0,1676.61,LOW
CUST002146,Business,PA,Trader,91726.47,2025-05-02,0,0,0,3410.57,LOW
CUST002147,Individual,NC,Lawyer,77965.82,2023-07-05,0,0,0,5101.16,LOW
CUST002148,Individual,OH,Construction Worker,23677.6,2025-06-15,0,0,0,2472.32,LOW
CUST002149,Individual,IL,Sales Manager,148348.37,2020-04-12,0,0,0,16888.47,LOW
CUST002150,Business,CA,Real Estate Agent,66089.97,2018-11-30,0,0,0,8932.38,LOW
CUST002151,Individual,GA,Retail Worker,32230.97,2024-10-24,0,0,0,2985.04,LOW
CUST002152,Individual,MD,Student,59184.37,2023-05-11,0,0,0,4390.13,LOW
CUST002153,Individual,CA,Teacher,51343.1,2018-06-08,0,0,0,3586.53,LOW
CUST002154,Business,MD,Teacher,42668.37,2022-01-20,0,0,0,5583.7,LOW
CUST002155,Individual,NJ,Accountant,127188.9,2023-03-17,0,0,0,14687.38,LOW
CUST002156,Individual,MA,Construction Worker,36538.88,2019-10-21,0,0,0,5048.89,LOW
CUST002157,Individual,TX,Construction Worker,84563.96,2024-01-05,0,0,0,12304.43,LOW
CUST002158,Individual,WA,Trader,31363.08,2025-09-18,0,0,0,1960.39,LOW
CUST002159,Individual,TX,Retail Worker,73222.71,2022-07-04,0,0,0,6678.59,LOW
CUST002160,Individual,OH,Student,89122.59,2018-04-09,0,0,0,9266.75,LOW
CUST002161,Individual,CO,Construction Worker,89233.63,2021-07-23,0,0,0,4058.45,LOW
CUST002162,Individual,VA,Trader,79044.59,2025-08-31,0,0,0,2503.21,LOW
CUST002163,Individual,VA,Software Engineer,64208.02,2018-03-27,0,0,0,8569.88,LOW
CUST002164,Business,TX,Real Estate Agent,37555.77,2020-11-20,0,0,0,3452.89,LOW
CUST002165,Individual,IL,Lawyer,37838.59,2022-03-31,0,0,0,3645.63,LOW
CUST002166,Business,GA,Sales Manager,91078.96,2019-07-13,0,0,1,8594.6,MEDIUM
CUST002167,Individual,MD,Software Engineer,33035.16,2025-02-28,0,0,0,3943.41,LOW
CUST002168,Individual,PA,Lawyer,28460.82,2023-12-02,0,0,0,1229.16,LOW
CUST002169,Individual,VA,Doctor,189964.74,2017-11-12,0,0,0,19330.06,LOW
CUST002170,Individual,OH,Sales Manager,63349.82,2018-11-02,0,0,0,5301.43,LOW
CUST002171,Individual,GA,Real Estate Agent,113323.62,2018-11-29,0,0,0,15538.91,LOW
CUST002172,Individual,WA,Small Business Owner,132324.26,2019-09-20,1,0,0,11902.91,HIGH
CUST002173,Individual,IL,Consultant,77534.32,2020-10-08,0,0,0,11077.09,LOW
CUST002174,Business,MA,Real Estate Agent,58708.43,2024-09-16,0,0,1,4060.08,MEDIUM
CUST002175,Individual,OH,Real Estate Agent,59360.42,2020-06-16,0,0,0,8658.42,LOW
CUST002176,Business,CO,Retail Worker,213301.78,2020-02-02,0,0,0,28666.64,LOW
CUST002177,Individual,TX,Small Business Owner,52157.24,2019-06-26,0,0,0,5113.13,LOW
CUST002178,Individual,NJ,Software Engineer,84113.65,2025-01-04,0,0,0,5821.82,LOW
CUST002179,Individual,IL,Student,116483.03,2019-11-19,0,0,0,8385.66,LOW
CUST002180,Individual,VA,Accountant,88274.34,2017-03-30,0,0,0,10733.63,LOW
CUST002181,Individual,FL,Trader,151765.64,2023-08-20,0,0,0,14809.13,LOW
CUST002182,Individual,VA,Retail Worker,58334.15,2021-05-06,1,0,0,4386.64,HIGH
CUST002183,Individual,CA,Real Estate Agent,116182.91,2017-12-30,0,0,1,12141.91,MEDIUM
CUST002184,Individual,GA,Accountant,23359.24,2023-01-04,0,0,0,2724.95,LOW
CUST002185,Individual,NC,Trader,180004.74,2017-11-10,0,0,0,5015.39,LOW
CUST002186,Business,IL,Sales Manager,155638.45,2018-07-02,0,0,0,5639.22,LOW
CUST002187,Business,FL,Small Business Owner,61535.31,2019-03-07,0,0,0,2265.16,LOW
CUST002188,Individual,VA,Sales Manager,99756.59,2025-01-25,0,0,0,5386.03,LOW
CUST002189,Individual,MD,Lawyer,133844.72,2021-03-10,0,0,0,10489.92,LOW
CUST002190,Individual,PA,Restaurant Owner,38204.32,2021-02-18,0,0,0,4792.97,LOW
CUST002191,Individual,WA,Accountant,68275.17,2022-11-19,0,0,0,4703.3,LOW
CUST002192,Business,WA,Teacher,32096.62,2017-04-17,0,0,0,872.54,LOW
CUST002193,Individual,TX,Retail Worker,157190.55,2019-05-07,0,0,0,13427.25,LOW
CUST002194,Individual,TX,Retail Worker,128032.29,2025-03-04,0,0,0,19150.89,LOW
CUST002195,Individual,IL,Teacher,62481.55,2017-10-18,0,0,0,4287.96,LOW
CUST002196,Individual,IL,Trader,57945.01,2020-10-04,0,0,0,8411.11,LOW
CUST002197,Individual,MA,Restaurant Owner,68078.83,2018-09-09,0,0,0,2564.4,LOW
CUST002198,Business,CA,Construction Worker,41857.49,2021-10-23,0,0,0,1952.13,LOW
CUST002199,Individual,NY,Construction Worker,66977.97,2024-03-20,0,0,0,7736.98,LOW
CUST002200,Individual,PA,Lawyer,38204.87,2020-06-04,0,0,0,3348.72,LOW
CUST002201,Business,TX,Construction Worker,134478.37,2024-03-28,0,0,0,16223.5,LOW
CUST002202,Individual,NY,Construction Worker,157039.34,2019-09-04,0,0,0,20877.56,LOW
CUST002203,Individual,NY,Software Engineer,138637.63,2022-07-30,0,0,0,7817.17,LOW
CUST002204,Individual,OH,Teacher,34510.31,2021-05-31,0,0,0,3808.34,LOW
CUST002205,Individual,CO,Sales Manager,65496.4,2021-11-26,0,0,0,6611.87,LOW
CUST002206,Business,CA,Restaurant Owner,109679.45,2025-07-19,0,0,0,14553.57,LOW
CUST002207,Individual,NJ,Sales Manager,123616.11,2019-05-18,0,0,0,9736.37,LOW
CUST002208,Business,NJ,Real Estate Agent,22696.85,2025-04-06,0,1,0,714.58,HIGH
CUST002209,Individual,MD,Doctor,121365.46,2024-08-01,0,0,0,11744.93,LOW
CUST002210,Business,TX,Trader,33426.99,2017-06-07,0,0,0,4842.23,LOW
CUST002211,Individual,VA,Retail Worker,67857.59,2017-11-24,0,0,0,1820.54,LOW
CUST002212,Individual,FL,Accountant,169839.71,2025-08-15,0,0,0,9346.66,LOW
CUST002213,Individual,VA,Construction Worker,155529.25,2024-08-14,0,0,0,10032.95,LOW
CUST002214,Business,NC,Lawyer,177589.15,2024-05-04,0,0,0,21440.31,LOW
CUST002215,Individual,CA,Accountant,37502.68,2021-01-17,0,0,0,2453.04,LOW
CUST002216,Individual,CA,Doctor,44033.44,2023-07-03,0,0,0,2416.8,LOW
CUST002217,Business,CO,Retail Worker,52022.04,2023-12-31,0,0,0,5517.96,LOW
CUST002218,Individual,GA,Consultant,68190.26,2019-05-20,0,0,0,2100.31,LOW
CUST002219,Business,NC,Lawyer,86344.39,2020-02-05,0,0,0,3999.87,LOW
CUST002220,Individual,NY,Sales Manager,172036.01,2017-08-29,0,0,0,13075.39,LOW
CUST002221,Individual,GA,Student,41013.05,2023-10-19,0,0,0,2848.36,LOW
CUST002222,Individual,MD,Restaurant Owner,49835.8,2025-06-27,0,0,0,3408.56,LOW
CUST002223,Individual,VA,Software Engineer,189209.49,2024-07-14,0,0,0,7297.69,LOW
CUST002224,Individual,MD,Trader,35307.91,2020-10-19,0,0,0,2475.26,LOW
CUST002225,Individual,VA,Lawyer,120294.42,2021-10-15,0,0,0,15006.62,LOW
CUST002226,Individual,MD,Accountant,70800.57,2021-04-06,0,0,0,5432.56,LOW
CUST002227,Individual,NY,Construction Worker,96518.63,2021-08-18,0,0,0,9485.02,LOW
CUST002228,Individual,MD,Teacher,44260.69,2021-04-12,0,0,0,2011.53,LOW
CUST002229,Individual,NJ,Accountant,118765.71,2024-03-21,0,0,0,4004.06,LOW
CUST002230,Individual,TX,Retail Worker,49021.19,2018-02-17,0,0,0,6617.59,LOW
CUST002231,Individual,PA,Consultant,29807.16,2022-05-13,0,0,0,1979.84,LOW
CUST002232,Individual,NJ,Lawyer,102464.21,2018-07-23,0,0,0,7048.73,LOW
CUST002233,Business,OH,Restaurant Owner,14738.76,2021-07-13,0,0,0,1985.47,LOW
CUST002234,Business,CA,Teacher,51846.47,2025-11-11,0,0,0,5883.09,LOW
CUST002235,Individual,PA,Student,90624.8,2025-04-25,0,0,0,10832.64,LOW
CUST002236,Individual,IL,Retail Worker,122737.17,2021-05-19,0,0,0,13531.83,LOW
CUST002237,Business,PA,Consultant,166455.1,2025-07-17,0,0,0,6362.58,LOW
CUST002238,Individual,PA,Teacher,238147.99,2023-12-07,0,0,0,34471.8,LOW
CUST002239,Individual,NJ,Student,195219.48,2025-11-04,0,0,0,27065.63,LOW
CUST002240,Individual,CA,Accountant,84944.18,2024-06-08,0,0,0,4631.8,LOW
CUST002241,Individual,PA,Retail Worker,155888.29,2017-05-31,0,0,0,19563.87,LOW
CUST002242,Individual,CO,Sales Manager,84096.22,2023-03-23,0,0,0,6405.99,LOW
CUST002243,Individual,CO,Small Business Owner,117134.96,2020-07-07,0,0,0,12940.0,LOW
CUST002244,Business,OH,Real Estate Agent,50800.84,2017-09-13,0,0,0,2321.62,LOW
CUST002245,Business,NJ,Small Business Owner,101274.78,2022-10-10,0,0,0,9349.61,LOW
CUST002246,Individual,NJ,Student,55140.15,2021-12-01,0,0,0,2251.21,LOW
CUST002247,Individual,PA,Consultant,66999.45,2023-09-10,0,0,0,6165.35,LOW
CUST002248,Business,NY,Real Estate Agent,101482.55,2020-11-21,0,0,0,5627.13,LOW
CUST002249,Individual,CA,Real Estate Agent,292038.17,2020-03-31,0,0,0,23818.14,LOW
CUST002250,Individual,VA,Lawyer,96939.67,2023-08-25,0,0,0,10517.58,LOW
CUST002251,Individual,VA,Software Engineer,74431.4,2017-12-15,0,0,0,10021.02,LOW
CUST002252,Business,WA,Consultant,43677.52,2022-09-10,0,0,0,1994.36,LOW
CUST002253,Individual,OH,Real Estate Agent,134292.35,2022-10-20,0,0,0,18352.21,LOW
CUST002254,Business,VA,Accountant,60306.45,2018-02-01,0,0,0,4447.88,LOW
CUST002255,Business,PA,Retail Worker,95649.2,2022-08-12,0,0,0,12479.79,LOW
CUST002256,Individual,VA,Retail Worker,118362.34,2025-02-24,0,0,0,10542.35,LOW
CUST002257,Individual,GA,Small Business Owner,170572.26,2024-02-23,0,1,0,22647.91,HIGH
CUST002258,Individual,GA,Accountant,129674.86,2020-03-04,0,0,0,13985.82,LOW
CUST002259,Individual,IL,Software Engineer,33860.2,2017-05-26,0,0,0,2999.66,LOW
CUST002260,Individual,CA,Restaurant Owner,24564.67,2023-02-05,0,0,0,1573.79,LOW
CUST002261,Individual,OH,Lawyer,118326.14,2017-09-21,0,0,0,17289.06,LOW
CUST002262,Individual,NJ,Software Engineer,79312.12,2020-08-27,0,0,0,9922.91,LOW
CUST002263,Business,MA,Retail Worker,96731.91,2017-07-23,0,0,0,7027.42,LOW
CUST002264,Individual,TX,Trader,229368.65,2022-01-09,0,0,0,10514.36,LOW
CUST002265,Individual,FL,Lawyer,50234.69,2024-07-09,0,0,0,6150.83,LOW
CUST002266,Individual,NC,Restaurant Owner,173626.1,2025-06-29,0,0,0,25825.67,LOW
CUST002267,Individual,MA,Software Engineer,50559.81,2022-10-08,0,0,0,3027.11,LOW
CUST002268,Individual,VA,Real Estate Agent,207454.66,2025-06-08,0,0,0,28936.37,LOW
CUST002269,Individual,OH,Sales Manager,122159.2,2019-09-15,0,0,0,4968.38,LOW
CUST002270,Individual,CA,Restaurant Owner,28158.66,2020-09-09,0,0,0,4055.57,LOW
CUST002271,Individual,MD,Sales Manager,57183.02,2023-01-24,0,0,0,6757.17,LOW
CUST002272,Individual,CA,Retail Worker,260518.1,2020-09-22,0,0,0,17799.78,LOW
CUST002273,Individual,VA,Lawyer,240113.76,2025-02-02,0,0,0,15146.13,LOW
CUST002274,Individual,PA,Accountant,111077.93,2025-01-24,0,1,0,11710.88,HIGH
CUST002275,Business,PA,Construction Worker,94418.85,2024-10-09,0,0,0,9365.25,LOW
CUST002276,Individual,MA,Sales Manager,87646.85,2021-09-23,0,0,0,12258.91,LOW
CUST002277,Individual,NJ,Lawyer,99639.24,2023-04-09,0,0,0,12034.47,LOW
CUST002278,Individual,NC,Small Business Owner,68440.71,2022-06-04,0,0,0,6333.89,LOW
CUST002279,Individual,IL,Real Estate Agent,164786.49,2021-08-17,0,0,0,23225.95,LOW
CUST002280,Individual,PA,Real Estate Agent,109190.11,2019-06-27,0,0,0,10819.79,LOW
CUST002281,Individual,FL,Construction Worker,40045.13,2020-03-29,0,0,0,5254.35,LOW
CUST002282,Individual,OH,Student,114804.74,2024-09-25,0,0,0,14938.14,LOW
CUST002283,Individual,FL,Small Business Owner,83490.08,2020-06-12,0,0,0,11680.21,LOW
CUST002284,Individual,IL,Sales Manager,61214.73,2021-01-16,0,0,0,2047.65,LOW
CUST002285,Individual,NY,Sales Manager,257631.58,2017-07-18,0,0,0,25242.09,LOW
CUST002286,Individual,NY,Trader,80233.32,2021-02-09,0,0,0,6703.42,LOW
CUST002287,Business,CA,Doctor,21021.43,2019-11-23,0,0,0,1814.52,LOW
CUST002288,Individual,MD,Sales Manager,64111.16,2023-09-22,0,0,0,5288.45,LOW
CUST002289,Individual,PA,Teacher,143058.78,2020-01-18,0,0,0,18552.34,LOW
CUST002290,Individual,GA,Consultant,41070.06,2023-03-19,0,0,0,2661.51,LOW
CUST002291,Individual,CO,Software Engineer,139933.38,2025-08-07,0,0,0,11592.62,LOW
CUST002292,Individual,CO,Doctor,39212.3,2020-06-14,0,0,0,1963.96,LOW
CUST002293,Individual,MA,Software Engineer,178810.39,2020-03-29,0,0,0,10096.45,LOW
CUST002294,Individual,WA,Lawyer,51692.86,2022-01-30,0,0,0,5559.7,LOW
CUST002295,Individual,IL,Doctor,59669.67,2024-11-27,0,0,0,2363.93,LOW
CUST002296,Individual,CA,Lawyer,56862.55,2024-10-06,0,0,0,2756.57,LOW
CUST002297,Individual,GA,Restaurant Owner,110590.3,2020-08-06,0,0,0,10064.2,LOW
CUST002298,Individual,CO,Accountant,248679.72,2022-03-18,0,0,0,7577.68,LOW
CUST002299,Individual,PA,Sales Manager,75726.62,2024-02-15,0,0,0,3094.63,LOW
CUST002300,Individual,VA,Sales Manager,74470.3,2018-08-01,0,0,1,9898.53,MEDIUM
CUST002301,Individual,GA,Consultant,51669.29,2024-01-25,0,0,0,6756.71,LOW
CUST002302,Individual,MD,Consultant,26042.06,2017-12-01,0,0,0,1783.15,LOW
CUST002303,Individual,GA,Lawyer,55130.23,2019-10-18,0,0,0,3776.36,LOW
CUST002304,Individual,VA,Software Engineer,33086.87,2023-04-13,0,0,0,4700.47,LOW
CUST002305,Business,CO,Construction Worker,21993.19,2020-09-08,1,0,0,620.87,HIGH
CUST002306,Individual,MD,Lawyer,71338.81,2022-05-17,0,0,0,6958.17,LOW
CUST002307,Individual,IL,Restaurant Owner,52709.79,2018-09-03,0,0,0,5253.79,LOW
CUST002308,Individual,CA,Student,183508.35,2017-11-25,0,0,0,22660.69,LOW
CUST002309,Individual,NJ,Consultant,43006.3,2018-07-01,0,0,0,6191.57,LOW
CUST002310,Individual,FL,Teacher,115957.87,2017-12-05,0,0,0,8056.57,LOW
CUST002311,Individual,MA,Sales Manager,114494.05,2025-11-17,0,0,0,9128.52,LOW
CUST002312,Business,CA,Lawyer,178863.8,2025-09-17,0,0,0,19480.47,LOW
CUST002313,Individual,VA,Software Engineer,66535.88,2025-04-30,0,0,0,9708.18,LOW
CUST002314,Individual,WA,Real Estate Agent,176772.87,2019-03-18,0,0,0,24102.81,LOW
CUST002315,Business,GA,Teacher,107997.0,2019-10-31,0,0,0,11704.89,LOW
CUST002316,Individual,NJ,Retail Worker,157279.29,2025-12-18,0,0,0,20775.09,LOW
CUST002317,Individual,VA,Software Engineer,355558.57,2024-07-03,0,0,1,12675.86,MEDIUM
CUST002318,Individual,IL,Software Engineer,69227.13,2018-03-06,0,0,0,4994.11,LOW
CUST002319,Individual,TX,Real Estate Agent,83806.81,2021-03-11,0,0,0,2232.33,LOW
CUST002320,Individual,VA,Restaurant Owner,59282.11,2025-08-04,0,0,0,2797.17,LOW
CUST002321,Business,CO,Real Estate Agent,204381.71,2019-03-17,0,0,0,21217.19,LOW
CUST002322,Individual,CO,Small Business Owner,407692.17,2021-08-24,0,0,0,55321.87,LOW
CUST002323,Individual,MA,Consultant,120867.56,2024-04-13,0,0,0,12582.02,LOW
CUST002324,Individual,MA,Accountant,26335.96,2021-06-01,0,0,0,2844.74,LOW
CUST002325,Business,FL,Software Engineer,42244.18,2022-09-14,0,0,0,1604.34,LOW
CUST002326,Business,TX,Retail Worker,159368.89,2022-06-22,0,0,0,17228.98,LOW
CUST002327,Business,VA,Construction Worker,35646.7,2018-07-11,0,0,0,2915.66,LOW
CUST002328,Individual,OH,Trader,50761.69,2021-08-13,0,0,0,5402.57,LOW
CUST002329,Individual,PA,Software Engineer,49617.48,2018-05-06,0,0,0,3263.42,LOW
CUST002330,Individual,TX,Real Estate Agent,71331.66,2021-05-23,0,0,0,6968.09,LOW
CUST002331,Individual,GA,Doctor,88619.31,2017-09-11,0,0,0,6913.07,LOW
CUST002332,Individual,GA,Software Engineer,21962.97,2017-01-17,0,0,0,2082.74,LOW
CUST002333,Individual,GA,Software Engineer,27789.35,2017-09-18,0,0,0,1205.67,LOW
CUST002334,Individual,NC,Lawyer,28223.8,2022-01-23,0,0,0,2102.06,LOW
CUST002335,Individual,GA,Trader,30504.38,2020-07-03,0,0,1,2189.75,MEDIUM
CUST002336,Individual,MD,Small Business Owner,75784.41,2024-08-07,1,0,0,8870.51,HIGH
CUST002337,Individual,CA,Retail Worker,85111.64,2022-03-02,0,0,0,9643.25,LOW
CUST002338,Individual,MA,Small Business Owner,144902.03,2020-12-18,0,0,0,20084.48,LOW
CUST002339,Individual,TX,Retail Worker,107575.43,2018-05-16,0,0,0,11188.59,LOW
CUST002340,Individual,MA,Software Engineer,51368.28,2019-10-13,0,0,0,3303.93,LOW
CUST002341,Individual,WA,Trader,87089.95,2023-05-23,0,0,0,10703.62,LOW
CUST002342,Individual,TX,Trader,148819.84,2022-08-17,1,0,0,12965.88,HIGH
CUST002343,Individual,CA,Doctor,64695.35,2020-05-07,0,0,0,3182.15,LOW
CUST002344,Individual,WA,Accountant,61296.09,2024-05-30,0,0,0,7259.08,LOW
CUST002345,Business,NC,Student,40579.62,2025-03-04,0,0,0,1686.75,LOW
CUST002346,Individual,MA,Doctor,44449.39,2022-08-02,0,0,0,2101.09,LOW
CUST002347,Individual,WA,Doctor,117109.73,2021-08-13,0,0,0,14034.96,LOW
CUST002348,Individual,FL,Doctor,74813.79,2022-10-01,0,0,0,9072.53,LOW
CUST002349,Individual,MD,Sales Manager,267854.06,2023-04-10,1,0,0,33173.1,HIGH
CUST002350,Individual,VA,Accountant,48309.51,2020-05-27,0,0,0,2979.04,LOW
CUST002351,Individual,WA,Restaurant Owner,123024.15,2024-01-10,0,0,0,16402.0,LOW
CUST002352,Business,TX,Restaurant Owner,96414.25,2025-04-06,0,0,0,11119.79,LOW
CUST002353,Individual,GA,Doctor,70767.14,2017-04-19,0,0,0,9146.36,LOW
CUST002354,Business,GA,Student,56509.67,2019-07-10,0,0,0,6418.12,LOW
CUST002355,Individual,CO,Small Business Owner,110780.89,2017-03-07,0,0,0,10795.55,LOW
CUST002356,Individual,OH,Real Estate Agent,106721.87,2025-06-09,0,0,0,4127.4,LOW
CUST002357,Business,PA,Teacher,85522.6,2017-07-21,0,0,0,9738.2,LOW
CUST002358,Individual,MA,Restaurant Owner,98904.08,2021-12-23,0,0,0,11008.78,LOW
CUST002359,Individual,CO,Construction Worker,76799.99,2025-01-27,0,0,0,4919.91,LOW
CUST002360,Individual,FL,Retail Worker,25808.93,2017-08-02,0,0,0,3019.06,LOW
CUST002361,Individual,TX,Trader,79228.09,2022-10-17,0,0,0,7432.14,LOW
CUST002362,Individual,TX,Accountant,62987.13,2024-09-07,1,0,0,5979.1,HIGH
CUST002363,Individual,CO,Lawyer,265747.44,2024-12-23,0,0,0,18854.94,LOW
CUST002364,Individual,VA,Accountant,113203.69,2017-11-23,0,0,0,4482.65,LOW
CUST002365,Individual,IL,Teacher,85495.95,2019-12-10,0,0,0,4455.71,LOW
CUST002366,Individual,OH,Restaurant Owner,101324.44,2019-11-07,0,0,0,12270.79,LOW
CUST002367,Individual,CO,Student,38569.48,2018-06-07,0,0,0,2272.91,LOW
CUST002368,Individual,MD,Student,50457.86,2019-09-15,0,0,0,1275.66,LOW
CUST002369,Individual,NY,Retail Worker,60332.76,2025-10-01,0,0,0,9027.42,LOW
CUST002370,Individual,MA,Doctor,96540.51,2019-10-01,0,0,0,4955.93,LOW
CUST002371,Individual,TX,Real Estate Agent,56537.22,2018-05-19,0,0,0,6045.12,LOW
CUST002372,Business,MD,Lawyer,54138.91,2020-06-02,0,0,0,7626.29,LOW
CUST002373,Individual,NJ,Restaurant Owner,37463.86,2019-01-26,0,0,0,3745.04,LOW
CUST002374,Individual,TX,Student,76234.71,2020-09-03,0,0,0,9520.1,LOW
CUST002375,Individual,IL,Lawyer,83521.67,2023-11-26,0,0,0,12281.57,LOW
CUST002376,Individual,WA,Teacher,99089.97,2022-02-11,0,0,0,13133.92,LOW
CUST002377,Individual,CA,Retail Worker,47706.97,2022-03-30,0,0,0,4519.66,LOW
CUST002378,Individual,OH,Software Engineer,95439.48,2024-12-15,0,0,0,6724.94,LOW
CUST002379,Individual,CA,Retail Worker,38141.76,2024-02-02,0,0,0,3253.8,LOW
CUST002380,Individual,VA,Lawyer,65046.13,2020-10-13,0,0,0,8470.85,LOW
CUST002381,Business,NJ,Sales Manager,91241.52,2021-02-15,0,0,0,12013.71,LOW
CUST002382,Business,NJ,Student,63391.21,2024-12-26,0,0,0,8287.25,LOW
CUST002383,Business,OH,Software Engineer,27174.78,2025-01-04,0,0,0,2708.05,LOW
CUST002384,Individual,OH,Trader,29364.22,2025-03-07,0,0,0,2484.79,LOW
CUST002385,Individual,PA,Construction Worker,86580.08,2025-01-03,0,0,0,5533.96,LOW
CUST002386,Individual,VA,Consultant,109318.05,2020-12-23,1,0,0,2778.88,HIGH
CUST002387,Individual,NC,Retail Worker,93507.72,2024-10-15,0,0,0,11273.35,LOW
CUST002388,Individual,OH,Teacher,111043.34,2021-03-01,0,0,0,6620.94,LOW
CUST002389,Individual,MD,Teacher,62498.06,2023-11-25,0,0,0,4137.98,LOW
CUST002390,Individual,CA,Sales Manager,121204.03,2021-05-14,0,0,0,15809.27,LOW
CUST002391,Individual,WA,Real Estate Agent,93309.99,2024-11-25,0,0,0,2942.19,LOW
CUST002392,Individual,CO,Doctor,49493.49,2022-03-03,0,0,0,6976.23,LOW
CUST002393,Individual,CA,Retail Worker,104782.11,2020-08-16,0,0,0,2637.39,LOW
CUST002394,Individual,NC,Student,90914.61,2022-11-02,0,0,0,12945.89,LOW
CUST002395,Business,NY,Consultant,222429.29,2023-08-22,0,0,0,18204.68,LOW
CUST002396,Individual,MA,Trader,183836.37,2021-07-11,0,0,0,6942.64,LOW
CUST002397,Individual,CA,Sales Manager,70632.53,2020-09-05,0,0,0,7718.03,LOW
CUST002398,Individual,VA,Restaurant Owner,57168.08,2023-03-02,0,0,0,7831.0,LOW
CUST002399,Individual,GA,Student,206626.01,2020-10-10,0,0,0,16480.31,LOW
CUST002400,Individual,PA,Teacher,107338.65,2019-10-06,0,0,1,11959.64,MEDIUM
CUST002401,Individual,IL,Construction Worker,66973.17,2020-08-10,0,0,0,9873.21,LOW
CUST002402,Individual,NJ,Student,20585.73,2023-12-27,0,0,0,1134.02,LOW
CUST002403,Individual,VA,Accountant,45897.63,2025-10-22,0,0,0,5854.53,LOW
CUST002404,Individual,NY,Small Business Owner,43869.52,2018-06-23,0,0,0,2715.73,LOW
CUST002405,Individual,CO,Teacher,68192.92,2017-01-17,0,0,0,5338.97,LOW
CUST002406,Individual,NJ,Retail Worker,112114.99,2018-07-29,0,0,0,6751.65,LOW
CUST002407,Individual,VA,Trader,123816.76,2021-12-08,0,0,0,9998.39,LOW
CUST002408,Individual,CO,Construction Worker,198842.15,2024-03-08,0,0,0,5097.54,LOW
CUST002409,Business,PA,Accountant,137399.87,2025-05-21,0,0,0,8646.55,LOW
CUST002410,Individual,NC,Software Engineer,32207.0,2019-11-29,0,0,0,2597.87,LOW
CUST002411,Individual,TX,Consultant,146495.26,2017-05-10,0,0,0,15239.91,LOW
CUST002412,Individual,OH,Teacher,231400.31,2022-12-03,0,0,0,24220.71,LOW
CUST002413,Individual,NY,Retail Worker,224071.09,2021-01-13,0,0,0,21952.96,LOW
CUST002414,Individual,OH,Accountant,34094.19,2019-08-08,0,0,1,2101.19,MEDIUM
CUST002415,Individual,FL,Trader,66239.39,2019-12-05,0,0,0,9500.42,LOW
CUST002416,Business,NY,Trader,140067.02,2017-08-04,0,0,1,10364.43,MEDIUM
CUST002417,Individual,MD,Accountant,35324.09,2021-06-12,0,0,0,1840.8,LOW
CUST002418,Individual,PA,Doctor,24441.77,2024-12-05,0,0,0,2305.2,LOW
CUST002419,Individual,IL,Accountant,91978.91,2020-12-09,0,0,0,10910.18,LOW
CUST002420,Individual,NY,Consultant,48344.56,2024-06-29,0,0,0,1282.54,LOW
CUST002421,Individual,MD,Construction Worker,25972.67,2019-09-30,0,0,0,1546.49,LOW
CUST002422,Individual,PA,Sales Manager,166780.14,2023-05-02,0,0,0,21368.24,LOW
CUST002423,Individual,WA,Construction Worker,83453.65,2022-05-01,0,0,0,7375.44,LOW
CUST002424,Individual,MA,Accountant,53465.58,2021-01-03,0,0,0,4066.65,LOW
CUST002425,Individual,CA,Retail Worker,40088.66,2018-09-09,0,0,0,5667.04,LOW
CUST002426,Business,WA,Teacher,84011.7,2022-02-13,1,0,0,3040.54,HIGH
CUST002427,Individual,PA,Retail Worker,104847.75,2017-10-28,0,0,0,10688.84,LOW
CUST002428,Business,GA,Lawyer,92697.76,2019-09-12,0,0,0,6282.46,LOW
CUST002429,Individual,TX,Sales Manager,27943.77,2020-04-09,0,0,0,945.98,LOW
CUST002430,Business,CA,Small Business Owner,102252.16,2018-02-10,0,0,0,5288.28,LOW
CUST002431,Individual,GA,Real Estate Agent,117787.28,2017-06-10,0,0,0,12190.0,LOW
CUST002432,Business,CO,Teacher,59995.85,2021-12-24,0,0,0,1711.96,LOW
CUST002433,Business,IL,Software Engineer,147412.51,2021-04-25,0,0,1,14598.42,MEDIUM
CUST002434,Individual,NJ,Small Business Owner,43109.43,2017-01-26,0,0,0,6233.9,LOW
CUST002435,Business,FL,Lawyer,173533.08,2017-03-24,0,0,0,21585.26,LOW
CUST002436,Individual,CA,Consultant,81735.9,2017-06-22,0,0,0,5574.36,LOW
CUST002437,Individual,WA,Small Business Owner,54324.64,2019-09-26,0,0,0,2296.63,LOW
CUST002438,Individual,TX,Retail Worker,60976.99,2021-09-05,0,0,1,5069.2,MEDIUM
CUST002439,Individual,VA,Doctor,143598.8,2024-10-12,0,0,0,10643.37,LOW
CUST002440,Individual,MD,Construction Worker,87504.97,2025-08-08,0,0,0,12816.56,LOW
CUST002441,Individual,GA,Accountant,114066.53,2024-11-22,0,0,0,16965.52,LOW
CUST002442,Individual,MD,Teacher,150810.36,2017-01-06,0,0,1,11510.31,MEDIUM
CUST002443,Individual,PA,Sales Manager,53282.24,2024-10-14,0,0,0,2323.0,LOW
CUST002444,Business,CA,Accountant,81469.77,2025-12-11,1,0,0,11310.14,HIGH
CUST002445,Individual,MD,Software Engineer,64818.54,2018-06-09,0,0,0,8049.99,LOW
CUST002446,Individual,NJ,Real Estate Agent,145267.34,2022-10-12,0,0,0,12915.61,LOW
CUST002447,Individual,OH,Lawyer,58492.12,2025-06-12,0,0,0,4133.6,LOW
CUST002448,Individual,PA,Accountant,77368.43,2022-08-08,0,0,0,6268.45,LOW
CUST002449,Individual,GA,Retail Worker,333522.09,2019-01-31,0,0,0,45937.71,LOW
CUST002450,Individual,OH,Lawyer,172917.34,2017-07-24,0,0,0,8313.94,LOW
CUST002451,Individual,TX,Teacher,38267.07,2019-06-16,0,0,1,4815.83,MEDIUM
CUST002452,Business,NY,Doctor,134797.36,2021-11-24,0,0,0,3676.44,LOW
CUST002453,Individual,MD,Software Engineer,117353.2,2022-09-19,0,0,0,16437.84,LOW
CUST002454,Individual,NJ,Student,36674.24,2020-04-03,0,0,0,3210.36,LOW
CUST002455,Individual,PA,Lawyer,69822.19,2025-06-30,0,0,0,3724.56,LOW
CUST002456,Individual,NJ,Consultant,40507.26,2022-07-29,0,0,0,1027.15,LOW
CUST002457,Individual,IL,Real Estate Agent,15836.18,2021-04-02,0,0,0,1503.54,LOW
CUST002458,Individual,OH,Lawyer,68211.05,2019-05-27,0,0,0,3789.87,LOW
CUST002459,Individual,VA,Retail Worker,53975.46,2019-04-05,0,0,0,5608.48,LOW
CUST002460,Individual,PA,Consultant,36667.89,2025-02-04,0,0,0,2205.43,LOW
CUST002461,Business,CA,Sales Manager,74534.12,2023-09-12,0,0,0,2683.45,LOW
CUST002462,Business,CO,Doctor,18898.64,2021-01-22,0,0,0,1665.56,LOW
CUST002463,Individual,VA,Consultant,77039.39,2021-12-22,0,0,0,7361.94,LOW
CUST002464,Individual,CO,Construction Worker,75754.43,2024-05-05,0,0,0,6179.57,LOW
CUST002465,Individual,NY,Sales Manager,116590.62,2020-01-07,1,0,1,9590.1,HIGH
CUST002466,Individual,NY,Teacher,26454.38,2019-04-19,0,0,0,2611.21,LOW
CUST002467,Individual,CO,Consultant,301302.24,2018-08-23,0,0,0,27356.49,LOW
CUST002468,Individual,MD,Retail Worker,234805.98,2024-04-26,0,0,0,9761.11,LOW
CUST002469,Individual,FL,Student,45372.15,2022-05-16,0,0,0,2252.08,LOW
CUST002470,Individual,NJ,Construction Worker,193701.51,2019-07-27,0,0,0,8275.68,LOW
CUST002471,Individual,NC,Construction Worker,130919.81,2025-01-10,0,0,0,14618.76,LOW
CUST002472,Business,WA,Consultant,56365.75,2018-03-01,0,0,0,5133.5,LOW
CUST002473,Business,NY,Real Estate Agent,50553.57,2023-09-01,0,0,0,3980.18,LOW
CUST002474,Individual,VA,Restaurant Owner,53100.81,2025-05-10,0,0,0,6626.58,LOW
CUST002475,Individual,NY,Sales Manager,470891.58,2024-12-15,0,0,0,30949.03,LOW
CUST002476,Business,NC,Real Estate Agent,181556.29,2024-04-24,1,0,0,17431.82,HIGH
CUST002477,Individual,NC,Small Business Owner,65738.56,2022-11-08,0,0,0,2254.9,LOW
CUST002478,Individual,IL,Accountant,69533.84,2023-08-30,0,0,0,8208.51,LOW
CUST002479,Individual,MA,Retail Worker,130103.39,2025-10-16,0,0,0,14558.45,LOW
CUST002480,Individual,IL,Restaurant Owner,126451.25,2019-09-24,0,0,0,15844.02,LOW
CUST002481,Individual,IL,Teacher,40266.45,2024-05-18,0,0,0,5458.5,LOW
CUST002482,Business,MA,Construction Worker,91002.61,2020-06-21,0,0,0,10897.88,LOW
CUST002483,Business,NJ,Retail Worker,52370.05,2018-02-26,0,0,0,6837.5,LOW
CUST002484,Individual,PA,Sales Manager,82799.16,2020-04-20,0,0,0,5647.47,LOW
CUST002485,Individual,TX,Doctor,72695.51,2025-12-11,0,0,0,4937.27,LOW
CUST002486,Business,WA,Accountant,145322.73,2024-12-31,0,0,0,20786.61,LOW
CUST002487,Individual,NC,Student,62998.32,2021-07-16,1,0,0,8777.04,HIGH
CUST002488,Business,NY,Accountant,80995.57,2022-10-02,0,0,0,7578.12,LOW
CUST002489,Individual,FL,Retail Worker,22125.45,2025-04-22,0,0,0,1566.92,LOW
CUST002490,Individual,WA,Teacher,92560.5,2019-10-11,0,0,0,12333.7,LOW
CUST002491,Individual,CO,Construction Worker,45215.91,2018-11-16,0,0,0,2958.31,LOW
CUST002492,Individual,MD,Software Engineer,27976.09,2023-02-05,0,0,0,1236.67,LOW
CUST002493,Individual,PA,Lawyer,156242.98,2017-10-20,0,0,0,16395.6,LOW
CUST002494,Individual,MA,Software Engineer,72991.14,2023-08-20,0,0,0,2213.66,LOW
CUST002495,Individual,WA,Retail Worker,19440.04,2025-07-28,0,0,0,1407.22,LOW
CUST002496,Individual,NY,Consultant,45066.21,2019-12-14,0,0,0,5676.45,LOW
CUST002497,Individual,WA,Real Estate Agent,75244.23,2025-10-26,0,0,0,4657.77,LOW
CUST002498,Business,TX,Lawyer,76713.3,2024-10-14,0,0,0,10848.37,LOW
CUST002499,Business,OH,Sales Manager,54210.49,2017-01-16,0,0,0,7832.23,LOW
CUST002500,Individual,VA,Accountant,8415.25,2017-06-25,0,0,0,1068.54,LOW
CUST002501,Business,MA,Teacher,52391.54,2021-04-13,0,0,0,7777.81,LOW
CUST002502,Individual,WA,Lawyer,150454.36,2020-11-30,0,0,0,13743.33,LOW
CUST002503,Individual,NY,Sales Manager,186614.41,2021-01-30,0,0,0,17942.97,LOW
CUST002504,Business,NY,Accountant,50532.62,2022-03-19,0,0,0,6545.03,LOW
CUST002505,Individual,WA,Doctor,255099.91,2017-05-09,0,0,0,22091.82,LOW
CUST002506,Individual,OH,Software Engineer,26217.6,2019-06-03,0,0,0,1988.34,LOW
CUST002507,Business,MD,Small Business Owner,44299.24,2020-06-21,0,0,0,4511.62,LOW
CUST002508,Individual,NJ,Construction Worker,133882.24,2018-03-02,0,0,0,14353.17,LOW
CUST002509,Business,FL,Trader,120858.93,2023-07-30,0,0,0,14365.53,LOW
CUST002510,Business,GA,Sales Manager,74532.53,2019-01-20,0,0,0,8088.65,LOW
CUST002511,Individual,IL,Doctor,36236.12,2019-01-14,0,0,0,4283.66,LOW
CUST002512,Business,MA,Small Business Owner,36173.23,2019-10-24,0,0,0,3954.46,LOW
CUST002513,Individual,MD,Construction Worker,46795.81,2018-04-24,0,0,0,3980.25,LOW
CUST002514,Individual,GA,Accountant,37209.58,2019-09-03,0,0,0,1557.85,LOW
CUST002515,Individual,PA,Sales Manager,81650.27,2025-08-19,0,0,0,10057.71,LOW
CUST002516,Business,PA,Teacher,70634.19,2017-02-13,0,0,0,2037.61,LOW
CUST002517,Individual,NY,Lawyer,35254.84,2023-01-12,0,0,0,5255.17,LOW
CUST002518,Individual,PA,Trader,59549.88,2019-08-05,0,0,0,7655.57,LOW
CUST002519,Individual,NJ,Trader,13401.34,2021-04-09,0,0,0,1458.92,LOW
CUST002520,Individual,FL,Software Engineer,93501.87,2022-04-24,0,0,0,13634.99,LOW
CUST002521,Individual,NC,Accountant,119505.18,2025-02-23,0,0,0,12136.8,LOW
CUST002522,Individual,MD,Lawyer,41463.42,2017-04-09,0,0,0,1329.07,LOW
CUST002523,Individual,VA,Software Engineer,44985.66,2017-06-20,0,0,0,4270.16,LOW
CUST002524,Individual,PA,Retail Worker,88687.22,2017-05-28,0,0,0,5290.24,LOW
CUST002525,Individual,TX,Lawyer,80363.58,2022-12-11,1,0,0,5720.66,HIGH
CUST002526,Individual,NC,Small Business Owner,123966.96,2017-04-22,0,0,0,10220.85,LOW
CUST002527,Individual,FL,Student,45270.08,2019-10-20,0,0,0,5515.03,LOW
CUST002528,Business,CO,Small Business Owner,48819.31,2025-05-18,0,0,0,4289.56,LOW
CUST002529,Individual,NJ,Student,64977.05,2025-10-07,0,0,0,5479.84,LOW
CUST002530,Business,OH,Construction Worker,37506.29,2017-03-09,0,0,0,2353.39,LOW
CUST002531,Individual,GA,Accountant,64063.62,2019-04-08,0,0,0,5924.86,LOW
CUST002532,Business,FL,Restaurant Owner,37906.99,2021-10-19,0,0,0,2124.64,LOW
CUST002533,Individual,FL,Software Engineer,98387.01,2025-01-18,0,0,0,5669.48,LOW
CUST002534,Individual,GA,Software Engineer,40834.99,2021-06-20,0,0,0,4886.21,LOW
CUST002535,Individual,NJ,Restaurant Owner,88399.68,2020-08-02,0,0,0,5995.13,LOW
CUST002536,Business,NC,Consultant,193308.75,2025-06-04,0,0,0,6074.72,LOW
CUST002537,Individual,OH,Sales Manager,99070.71,2025-09-25,0,0,0,6732.81,LOW
CUST002538,Individual,PA,Accountant,84083.81,2023-03-28,0,0,0,8813.79,LOW
CUST002539,Individual,NY,Trader,30911.31,2017-06-09,0,0,0,3917.95,LOW
CUST002540,Individual,MA,Restaurant Owner,185000.88,2021-11-20,1,0,0,26869.91,HIGH
CUST002541,Individual,NC,Student,154889.42,2021-12-14,0,0,0,18319.94,LOW
CUST002542,Individual,OH,Trader,67752.66,2023-02-12,0,0,0,5325.8,LOW
CUST002543,Business,GA,Sales Manager,58428.98,2019-10-11,0,0,0,3645.38,LOW
CUST002544,Individual,VA,Software Engineer,44185.69,2019-05-27,0,0,0,1820.62,LOW
CUST002545,Individual,GA,Small Business Owner,239986.61,2018-07-06,0,0,0,24829.21,LOW
CUST002546,Individual,OH,Student,124844.02,2020-03-21,0,0,0,11078.09,LOW
CUST002547,Individual,GA,Accountant,45810.95,2020-03-09,0,0,0,5026.04,LOW
CUST002548,Individual,GA,Teacher,153241.24,2020-10-22,0,0,0,8373.35,LOW
CUST002549,Individual,MA,Lawyer,179098.29,2020-02-26,0,0,0,11722.97,LOW
CUST002550,Individual,MD,Small Business Owner,73972.96,2023-01-04,0,0,0,4550.22,LOW
CUST002551,Individual,MA,Teacher,59959.08,2020-08-01,0,0,0,7477.29,LOW
CUST002552,Individual,PA,Construction Worker,39329.85,2021-02-01,0,0,0,1825.05,LOW
CUST002553,Individual,WA,Sales Manager,118785.18,2020-05-26,0,0,0,12004.31,LOW
CUST002554,Business,WA,Student,56820.03,2018-03-12,0,0,0,1785.25,LOW
CUST002555,Individual,CA,Student,55313.25,2019-01-02,0,0,0,5182.35,LOW
CUST002556,Business,NC,Student,74440.06,2020-03-14,0,0,0,2455.72,LOW
CUST002557,Individual,NC,Consultant,44070.18,2022-02-08,0,0,0,2070.62,LOW
CUST002558,Individual,GA,Student,202545.24,2020-07-24,0,0,0,7925.22,LOW
CUST002559,Individual,GA,Teacher,140700.11,2021-11-13,0,0,0,9615.54,LOW
CUST002560,Individual,FL,Consultant,78826.59,2017-03-01,0,0,0,5357.56,LOW
CUST002561,Individual,WA,Construction Worker,43128.23,2021-06-22,0,0,1,5533.46,MEDIUM
CUST002562,Individual,PA,Retail Worker,44668.57,2024-11-30,0,0,0,2376.86,LOW
CUST002563,Individual,VA,Doctor,43406.32,2023-09-18,0,0,0,1553.87,LOW
CUST002564,Individual,NY,Construction Worker,33701.25,2025-01-07,0,0,0,3384.92,LOW
CUST002565,Individual,CA,Trader,92502.34,2020-02-12,0,0,0,10261.41,LOW
CUST002566,Individual,NC,Real Estate Agent,49397.69,2021-02-27,0,0,0,3055.39,LOW
CUST002567,Individual,CO,Consultant,47597.48,2024-04-16,0,0,0,4776.49,LOW
CUST002568,Individual,NC,Lawyer,44186.93,2017-12-02,0,0,0,5391.12,LOW
CUST002569,Individual,CA,Teacher,144000.13,2019-04-11,0,0,0,9855.96,LOW
CUST002570,Business,VA,Teacher,45805.98,2021-05-12,0,0,0,4153.19,LOW
CUST002571,Individual,VA,Accountant,171120.34,2017-10-12,0,0,0,7414.5,LOW
CUST002572,Business,OH,Software Engineer,62208.22,2022-12-17,0,0,0,1739.08,LOW
CUST002573,Individual,CO,Student,33387.63,2022-03-31,0,0,0,4930.38,LOW
CUST002574,Individual,CO,Sales Manager,101749.32,2022-06-25,0,0,0,6355.91,LOW
CUST002575,Individual,PA,Teacher,133515.51,2023-06-21,0,0,0,7992.61,LOW
CUST002576,Individual,CO,Student,42938.4,2019-08-18,0,0,0,6297.16,LOW
CUST002577,Business,NY,Restaurant Owner,78147.22,2021-06-10,0,0,0,9067.36,LOW
CUST002578,Individual,FL,Software Engineer,92248.77,2017-03-12,0,0,0,9055.35,LOW
CUST002579,Individual,MA,Restaurant Owner,79810.1,2023-07-21,0,0,0,8971.89,LOW
CUST002580,Individual,VA,Lawyer,55684.08,2020-01-27,0,0,0,6333.55,LOW
CUST002581,Individual,IL,Sales Manager,133025.57,2020-08-16,0,0,0,16018.54,LOW
CUST002582,Business,WA,Small Business Owner,63704.94,2023-02-02,0,0,0,2127.66,LOW
CUST002583,Individual,GA,Lawyer,50592.14,2019-06-03,0,0,1,3875.56,MEDIUM
CUST002584,Individual,PA,Student,23811.87,2020-01-04,0,0,0,1473.75,LOW
CUST002585,Individual,MD,Consultant,23956.64,2017-05-23,0,0,0,810.24,LOW
CUST002586,Individual,OH,Real Estate Agent,86299.66,2025-02-26,0,0,0,6608.39,LOW
CUST002587,Individual,WA,Software Engineer,71336.33,2019-11-13,0,0,0,7277.85,LOW
CUST002588,Individual,NC,Sales Manager,133530.16,2023-02-07,0,0,0,6317.61,LOW
CUST002589,Individual,GA,Consultant,156361.86,2019-12-05,0,0,1,9870.87,MEDIUM
CUST002590,Individual,IL,Teacher,63954.43,2017-04-02,0,0,0,6708.59,LOW
CUST002591,Business,NC,Real Estate Agent,138949.5,2022-09-13,0,0,0,13535.85,LOW
CUST002592,Individual,CO,Retail Worker,52054.34,2018-11-09,0,0,1,6954.37,MEDIUM
CUST002593,Individual,IL,Teacher,68037.55,2025-10-10,0,0,0,8430.12,LOW
CUST002594,Individual,MA,Trader,66784.63,2024-09-07,0,0,0,9730.61,LOW
CUST002595,Individual,OH,Doctor,209323.05,2018-01-17,0,0,0,20858.87,LOW
CUST002596,Individual,NJ,Trader,32670.49,2021-08-31,0,0,0,3669.17,LOW
CUST002597,Individual,IL,Construction Worker,77939.09,2019-08-24,0,0,1,10331.86,MEDIUM
CUST002598,Individual,NC,Software Engineer,47706.39,2020-03-25,0,0,0,6201.79,LOW
CUST002599,Individual,VA,Sales Manager,61752.12,2023-09-01,1,0,0,7091.63,HIGH
CUST002600,Individual,OH,Doctor,60059.12,2024-01-27,0,0,0,5257.1,LOW
CUST002601,Individual,WA,Lawyer,78596.7,2023-02-26,0,0,0,4649.06,LOW
CUST002602,Individual,TX,Student,180004.98,2023-05-12,0,0,0,24238.03,LOW
CUST002603,Individual,TX,Software Engineer,258213.91,2018-05-16,0,0,0,31523.25,LOW
CUST002604,Individual,CO,Small Business Owner,114922.68,2018-04-04,0,0,0,14909.88,LOW
CUST002605,Individual,GA,Small Business Owner,39688.11,2017-02-19,0,0,0,1690.66,LOW
CUST002606,Individual,GA,Construction Worker,66952.32,2019-08-28,0,0,0,4308.49,LOW
CUST002607,Individual,NJ,Software Engineer,88843.78,2019-09-15,0,0,0,6939.64,LOW
CUST002608,Individual,TX,Lawyer,57569.22,2018-06-16,0,0,0,7472.14,LOW
CUST002609,Individual,MD,Consultant,62639.08,2019-10-01,0,0,0,8557.18,LOW
CUST002610,Individual,NC,Restaurant Owner,71609.93,2024-04-29,0,0,0,4340.39,LOW
CUST002611,Business,GA,Accountant,123893.96,2020-01-21,0,0,0,13727.9,LOW
CUST002612,Individual,IL,Trader,105858.81,2021-01-19,0,0,0,3676.14,LOW
CUST002613,Individual,GA,Consultant,50444.84,2017-12-05,0,0,0,3843.73,LOW
CUST002614,Individual,CA,Construction Worker,110258.8,2025-07-22,0,0,0,9463.91,LOW
CUST002615,Individual,NJ,Sales Manager,230056.06,2021-07-17,0,0,0,27768.71,LOW
CUST002616,Individual,MD,Trader,28052.33,2022-02-20,0,0,0,3829.05,LOW
CUST002617,Individual,PA,Small Business Owner,56442.58,2022-02-17,1,0,0,3790.71,HIGH
CUST002618,Individual,NY,Software Engineer,53721.17,2022-08-14,0,0,0,4886.87,LOW
CUST002619,Business,FL,Consultant,78998.9,2021-09-01,1,0,0,8368.43,HIGH
CUST002620,Individual,OH,Restaurant Owner,22919.07,2017-10-08,0,0,1,1514.63,MEDIUM
CUST002621,Individual,NY,Doctor,181670.54,2020-08-06,0,0,0,26922.17,LOW
CUST002622,Business,MD,Consultant,77316.14,2022-10-22,0,0,0,10396.84,LOW
CUST002623,Individual,NY,Student,91037.8,2020-03-06,0,0,0,5648.93,LOW
CUST002624,Business,MA,Doctor,84435.99,2024-09-16,0,0,1,7472.02,MEDIUM
CUST002625,Individual,VA,Construction Worker,53610.34,2019-08-29,0,0,0,2887.19,LOW
CUST002626,Business,MD,Lawyer,118109.66,2019-09-25,0,0,0,10548.73,LOW
CUST002627,Individual,MD,Doctor,75255.4,2020-11-17,0,0,0,8309.44,LOW
CUST002628,Individual,OH,Software Engineer,19345.42,2017-07-27,0,0,0,690.44,LOW
CUST002629,Individual,PA,Real Estate Agent,69908.12,2017-09-17,1,0,0,9351.24,HIGH
CUST002630,Individual,GA,Real Estate Agent,62618.84,2019-07-19,0,0,0,6212.93,LOW
CUST002631,Individual,VA,Retail Worker,117962.9,2017-09-20,0,0,0,17541.13,LOW
CUST002632,Individual,MA,Student,434157.17,2019-02-22,0,0,0,12242.77,LOW
CUST002633,Individual,NC,Software Engineer,95869.08,2018-05-20,1,0,0,12361.1,HIGH
CUST002634,Individual,NY,Construction Worker,297483.03,2021-04-23,0,0,0,36886.52,LOW
CUST002635,Individual,OH,Teacher,48011.52,2017-07-22,1,0,0,1997.59,HIGH
CUST002636,Individual,MD,Real Estate Agent,50054.26,2021-10-26,0,0,0,3349.29,LOW
CUST002637,Business,NC,Trader,63899.15,2022-07-07,0,0,1,8664.69,MEDIUM
CUST002638,Individual,CA,Construction Worker,98875.65,2022-10-01,0,0,0,8879.7,LOW
CUST002639,Business,FL,Doctor,49456.64,2020-10-11,0,0,0,3717.17,LOW
CUST002640,Individual,NY,Lawyer,26305.76,2023-08-08,0,0,0,3635.12,LOW
CUST002641,Individual,TX,Consultant,76132.4,2017-02-14,0,0,0,2791.63,LOW
CUST002642,Individual,PA,Real Estate Agent,35678.28,2024-11-14,0,0,0,3001.98,LOW
CUST002643,Individual,PA,Lawyer,154899.57,2020-11-02,0,0,0,16504.05,LOW
CUST002644,Individual,PA,Software Engineer,113977.81,2019-02-28,0,0,0,11519.47,LOW
CUST002645,Individual,NJ,Real Estate Agent,45777.7,2020-12-06,0,0,0,2656.69,LOW
CUST002646,Individual,NJ,Restaurant Owner,100861.97,2024-09-19,0,0,0,9623.66,LOW
CUST002647,Business,IL,Restaurant Owner,52519.53,2022-12-30,0,0,0,5964.65,LOW
CUST002648,Individual,NC,Restaurant Owner,72498.31,2024-10-15,0,0,0,7112.86,LOW
CUST002649,Individual,WA,Student,72995.78,2022-09-16,0,0,0,8070.25,LOW
CUST002650,Individual,FL,Sales Manager,60299.77,2022-09-24,0,0,0,3437.68,LOW
CUST002651,Individual,MA,Real Estate Agent,128693.04,2025-02-15,0,0,0,16615.06,LOW
CUST002652,Individual,CO,Trader,36235.22,2021-07-14,0,0,0,2942.71,LOW
CUST002653,Individual,VA,Retail Worker,106327.36,2019-12-06,0,0,0,15779.3,LOW
CUST002654,Individual,VA,Small Business Owner,91417.05,2021-08-03,0,0,0,2551.51,LOW
CUST002655,Individual,VA,Construction Worker,30099.69,2024-02-26,0,0,0,2183.41,LOW
CUST002656,Individual,GA,Sales Manager,44751.03,2017-10-28,0,0,0,2128.33,LOW
CUST002657,Business,NY,Trader,36835.67,2017-10-15,0,0,0,3479.17,LOW
CUST002658,Business,CO,Restaurant Owner,59104.72,2019-02-25,0,0,0,3274.44,LOW
CUST002659,Individual,WA,Doctor,77398.34,2023-05-06,0,0,0,9069.9,LOW
CUST002660,Individual,GA,Trader,41019.06,2024-10-09,1,0,0,5547.14,HIGH
CUST002661,Individual,MA,Software Engineer,140811.44,2025-07-31,0,0,0,7232.15,LOW
CUST002662,Business,VA,Student,149164.06,2024-03-13,0,0,0,6725.02,LOW
CUST002663,Individual,WA,Accountant,167312.09,2020-06-19,0,0,0,22490.03,LOW
CUST002664,Individual,GA,Restaurant Owner,12816.82,2025-03-03,0,0,0,899.22,LOW
CUST002665,Individual,CA,Trader,266080.12,2021-12-11,0,0,0,21106.26,LOW
CUST002666,Individual,CO,Construction Worker,83548.18,2023-07-30,0,0,0,4396.4,LOW
CUST002667,Individual,NJ,Trader,77341.66,2021-12-25,0,0,0,6045.36,LOW
CUST002668,Individual,MA,Doctor,70194.51,2025-04-04,0,0,0,3784.36,LOW
CUST002669,Individual,VA,Software Engineer,31774.89,2017-03-12,0,0,0,3439.34,LOW
CUST002670,Individual,OH,Consultant,94758.44,2019-04-15,0,0,0,8278.05,LOW
CUST002671,Individual,FL,Trader,213845.1,2023-09-27,0,0,0,26411.49,LOW
CUST002672,Individual,TX,Teacher,82897.39,2018-09-04,0,0,0,5312.98,LOW
CUST002673,Individual,CA,Doctor,36331.14,2025-07-30,0,0,0,3204.38,LOW
CUST002674,Individual,NJ,Trader,27827.89,2024-04-16,1,0,0,1598.45,HIGH
CUST002675,Business,PA,Retail Worker,61952.79,2020-11-17,0,0,0,8785.48,LOW
CUST002676,Individual,NJ,Doctor,46241.18,2024-01-21,0,0,0,4172.89,LOW
CUST002677,Individual,WA,Doctor,118411.01,2020-08-21,0,0,0,5527.76,LOW
CUST002678,Individual,MD,Sales Manager,182775.81,2017-07-10,0,0,0,10801.27,LOW
CUST002679,Individual,IL,Retail Worker,101774.7,2021-10-14,0,0,0,3599.03,LOW
CUST002680,Individual,CA,Consultant,70964.39,2022-10-27,0,0,0,2020.85,LOW
CUST002681,Individual,PA,Student,68809.55,2021-05-01,0,0,0,6243.79,LOW
CUST002682,Business,WA,Real Estate Agent,78546.63,2021-06-17,0,0,0,5273.65,LOW
CUST002683,Individual,MD,Software Engineer,35287.43,2019-06-08,0,0,1,5133.32,MEDIUM
CUST002684,Individual,MA,Lawyer,110936.78,2025-03-16,0,0,0,5149.29,LOW
CUST002685,Individual,FL,Doctor,37149.75,2017-01-17,0,0,0,4615.45,LOW
CUST002686,Individual,NJ,Doctor,154933.79,2019-03-26,0,0,0,9992.68,LOW
CUST002687,Individual,CO,Small Business Owner,59227.0,2021-05-17,0,0,0,3135.61,LOW
CUST002688,Individual,OH,Retail Worker,128703.85,2023-10-18,1,0,0,18817.1,HIGH
CUST002689,Individual,MA,Construction Worker,28785.25,2019-12-03,0,0,0,3607.43,LOW
CUST002690,Individual,PA,Doctor,128115.46,2025-08-06,0,0,0,13301.92,LOW
CUST002691,Individual,WA,Doctor,181840.68,2023-03-10,0,0,0,20391.64,LOW
CUST002692,Individual,VA,Retail Worker,32604.91,2023-03-01,0,0,0,4855.61,LOW
CUST002693,Individual,IL,Construction Worker,69665.89,2022-07-19,0,0,0,6907.44,LOW
CUST002694,Individual,VA,Retail Worker,93238.81,2024-08-05,0,0,0,3518.6,LOW
CUST002695,Business,NJ,Lawyer,96255.13,2017-04-19,0,0,0,3186.84,LOW
CUST002696,Individual,OH,Sales Manager,60146.22,2025-04-04,0,0,0,6515.39,LOW
CUST002697,Individual,FL,Trader,53634.64,2017-10-11,0,0,0,5749.64,LOW
CUST002698,Individual,IL,Student,88420.96,2025-03-08,1,0,0,10479.8,HIGH
CUST002699,Individual,GA,Doctor,94315.75,2022-05-15,0,0,0,3640.34,LOW
CUST002700,Individual,WA,Restaurant Owner,49882.73,2021-06-18,0,0,0,7138.86,LOW
CUST002701,Individual,MA,Software Engineer,43869.13,2019-01-07,0,0,0,4119.08,LOW
CUST002702,Business,OH,Lawyer,164824.67,2020-02-16,0,0,0,17503.46,LOW
CUST002703,Individual,NC,Construction Worker,80436.88,2019-07-21,0,0,0,2361.35,LOW
CUST002704,Individual,NJ,Restaurant Owner,17130.84,2018-08-26,0,0,0,2486.06,LOW
CUST002705,Individual,MD,Retail Worker,165483.3,2020-09-25,0,0,0,15774.53,LOW
CUST002706,Individual,NJ,Small Business Owner,50873.65,2021-12-30,0,0,0,4854.38,LOW
CUST002707,Individual,PA,Doctor,78325.19,2018-05-06,0,0,0,11196.15,LOW
CUST002708,Individual,OH,Small Business Owner,95693.45,2022-08-29,0,0,0,13508.93,LOW
CUST002709,Individual,FL,Sales Manager,28591.05,2020-04-13,0,0,0,1502.1,LOW
CUST002710,Individual,TX,Small Business Owner,62163.41,2021-06-30,0,0,0,8789.12,LOW
CUST002711,Individual,MD,Retail Worker,176604.24,2019-03-12,0,0,0,20676.41,LOW
CUST002712,Individual,GA,Sales Manager,152257.28,2019-01-30,0,0,0,4166.15,LOW
CUST002713,Individual,IL,Small Business Owner,62100.53,2020-03-11,0,0,0,3414.31,LOW
CUST002714,Individual,CA,Real Estate Agent,119435.93,2021-01-26,0,0,0,9151.48,LOW
CUST002715,Individual,CA,Real Estate Agent,130109.88,2025-02-24,0,0,0,12731.62,LOW
CUST002716,Individual,OH,Student,125865.52,2023-06-04,0,0,0,14180.79,LOW
CUST002717,Individual,NJ,Doctor,35608.04,2021-02-02,0,0,0,1825.85,LOW
CUST002718,Business,PA,Doctor,217943.49,2018-12-06,0,0,0,28242.77,LOW
CUST002719,Business,NY,Restaurant Owner,55478.21,2019-03-26,1,0,0,7251.8,HIGH
CUST002720,Individual,CO,Sales Manager,80524.14,2019-03-14,0,0,1,8404.7,MEDIUM
CUST002721,Business,OH,Accountant,59689.47,2018-01-08,0,0,0,8364.69,LOW
CUST002722,Individual,NJ,Doctor,87080.49,2021-01-31,0,0,0,11026.38,LOW
CUST002723,Individual,VA,Student,42764.84,2025-02-23,0,0,0,2253.83,LOW
CUST002724,Individual,CA,Construction Worker,64790.45,2025-03-18,0,0,0,8088.09,LOW
CUST002725,Individual,CA,Small Business Owner,84460.19,2021-01-01,0,0,0,12174.96,LOW
CUST002726,Individual,GA,Construction Worker,166252.87,2024-12-01,0,0,0,7016.01,LOW
CUST002727,Individual,MA,Retail Worker,153705.99,2025-03-14,0,0,0,22646.62,LOW
CUST002728,Individual,NY,Restaurant Owner,158847.97,2023-10-27,0,0,0,4467.46,LOW
CUST002729,Individual,NJ,Small Business Owner,131908.97,2022-12-30,0,0,0,11907.54,LOW
CUST002730,Individual,MD,Sales Manager,249093.19,2023-09-16,0,0,0,30323.77,LOW
CUST002731,Individual,GA,Small Business Owner,62109.35,2019-04-03,1,0,0,7689.43,HIGH
CUST002732,Individual,MD,Consultant,67690.02,2017-08-10,0,0,0,7908.5,LOW
CUST002733,Individual,PA,Sales Manager,65902.42,2024-08-16,0,0,0,6008.25,LOW
CUST002734,Business,GA,Teacher,72078.31,2025-11-30,0,0,0,7667.01,LOW
CUST002735,Business,NJ,Lawyer,29486.86,2020-10-19,0,0,0,3317.02,LOW
CUST002736,Individual,WA,Retail Worker,89084.26,2019-09-21,0,0,0,7734.06,LOW
CUST002737,Business,NC,Doctor,103536.47,2020-04-26,0,0,0,10297.8,LOW
CUST002738,Individual,TX,Retail Worker,63445.02,2022-12-01,0,0,0,8298.36,LOW
CUST002739,Business,OH,Sales Manager,23932.01,2020-04-19,0,0,0,1534.28,LOW
CUST002740,Individual,NJ,Consultant,76052.05,2025-12-15,0,0,0,6875.17,LOW
CUST002741,Individual,FL,Trader,32327.84,2022-04-10,0,0,0,842.46,LOW
CUST002742,Individual,CA,Teacher,99011.93,2025-08-08,0,0,0,10983.35,LOW
CUST002743,Individual,NY,Sales Manager,81047.93,2018-08-21,0,0,0,4005.65,LOW
CUST002744,Individual,VA,Lawyer,86382.06,2025-01-30,0,0,0,7353.29,LOW
CUST002745,Individual,VA,Trader,37630.48,2018-04-30,0,0,0,1929.53,LOW
CUST002746,Individual,MD,Consultant,170292.5,2024-02-12,0,0,0,4758.26,LOW
CUST002747,Individual,NY,Consultant,83774.12,2021-07-25,0,0,0,7154.53,LOW
CUST002748,Individual,OH,Trader,41398.05,2025-06-09,0,0,0,3233.36,LOW
CUST002749,Individual,MA,Real Estate Agent,109317.36,2022-08-13,0,0,0,8542.46,LOW
CUST002750,Individual,TX,Small Business Owner,79919.2,2021-02-10,0,0,0,4083.93,LOW
CUST002751,Individual,FL,Construction Worker,247518.21,2018-10-24,0,0,0,35494.25,LOW
CUST002752,Individual,CA,Sales Manager,52358.78,2022-10-16,0,0,0,1331.92,LOW
CUST002753,Individual,NC,Sales Manager,33334.45,2024-07-15,0,0,0,4548.26,LOW
CUST002754,Individual,VA,Accountant,90519.34,2025-09-04,0,0,0,10600.97,LOW
CUST002755,Business,OH,Sales Manager,144811.79,2021-04-04,0,0,0,6735.05,LOW
CUST002756,Individual,OH,Lawyer,339481.0,2022-07-13,0,0,0,28524.55,LOW
CUST002757,Individual,MD,Trader,692000.05,2020-09-03,0,0,0,102835.54,LOW
CUST002758,Business,OH,Doctor,27348.36,2022-11-16,0,0,0,2884.22,LOW
CUST002759,Individual,NY,Student,68688.63,2019-12-17,0,0,0,2810.88,LOW
CUST002760,Individual,FL,Restaurant Owner,33406.48,2025-09-14,0,0,0,2746.19,LOW
CUST002761,Individual,CO,Retail Worker,63859.71,2017-03-29,0,0,0,5333.91,LOW
CUST002762,Individual,GA,Doctor,375289.06,2025-04-08,0,0,0,47017.31,LOW
CUST002763,Individual,MA,Small Business Owner,44021.39,2024-05-24,0,0,0,6141.88,LOW
CUST002764,Individual,OH,Real Estate Agent,73937.47,2024-05-27,0,0,0,2608.53,LOW
CUST002765,Individual,NJ,Construction Worker,51414.91,2025-02-07,0,0,0,3303.65,LOW
CUST002766,Business,NJ,Retail Worker,39069.65,2023-08-16,0,0,0,2434.23,LOW
CUST002767,Individual,OH,Restaurant Owner,240519.61,2023-08-20,0,0,0,35959.13,LOW
CUST002768,Individual,WA,Accountant,27576.69,2017-02-21,0,0,0,2617.12,LOW
CUST002769,Individual,MD,Lawyer,71083.42,2021-10-14,0,0,0,9594.76,LOW
CUST002770,Individual,CO,Small Business Owner,79413.17,2017-02-10,0,0,0,6214.41,LOW
CUST002771,Individual,CA,Doctor,73406.0,2024-11-03,0,0,0,8466.68,LOW
CUST002772,Individual,FL,Student,61085.67,2022-11-09,0,0,0,3715.43,LOW
CUST002773,Individual,IL,Construction Worker,214178.76,2017-02-08,0,0,0,29765.12,LOW
CUST002774,Individual,NY,Software Engineer,19006.2,2025-06-12,0,0,0,1556.48,LOW
CUST002775,Individual,PA,Doctor,99601.95,2025-01-26,0,0,0,12496.63,LOW
CUST002776,Individual,PA,Small Business Owner,102528.18,2024-04-22,0,0,0,5841.76,LOW
CUST002777,Individual,NJ,Consultant,90380.76,2022-11-22,0,0,0,10095.58,LOW
CUST002778,Individual,VA,Consultant,43704.0,2024-08-22,0,0,0,3305.98,LOW
CUST002779,Individual,IL,Student,164146.33,2022-09-22,0,0,0,4748.74,LOW
CUST002780,Individual,PA,Trader,158892.09,2017-07-28,0,0,0,12175.27,LOW
CUST002781,Individual,TX,Teacher,42714.16,2018-08-23,0,0,0,4004.57,LOW
CUST002782,Business,TX,Student,34427.8,2018-08-28,1,0,0,1513.8,HIGH
CUST002783,Business,CA,Construction Worker,30364.42,2021-09-06,0,0,0,1457.16,LOW
CUST002784,Individual,IL,Consultant,86834.28,2023-11-29,0,0,0,7216.61,LOW
CUST002785,Business,TX,Accountant,77315.65,2022-11-27,1,0,0,5245.19,HIGH
CUST002786,Individual,TX,Accountant,59309.41,2017-08-02,0,0,0,4750.24,LOW
CUST002787,Business,CO,Trader,290134.43,2021-06-16,0,0,0,23966.08,LOW
CUST002788,Individual,NJ,Consultant,55577.77,2021-09-13,0,0,0,2362.58,LOW
CUST002789,Business,PA,Construction Worker,84720.96,2023-09-23,0,0,0,4036.9,LOW
CUST002790,Business,CA,Real Estate Agent,66101.37,2021-04-26,0,0,0,8660.65,LOW
CUST002791,Individual,FL,Restaurant Owner,268678.32,2024-09-19,0,0,0,12181.83,LOW
CUST002792,Business,OH,Restaurant Owner,20577.63,2024-05-04,0,0,0,2227.31,LOW
CUST002793,Individual,GA,Construction Worker,61316.36,2022-10-26,0,0,0,4740.74,LOW
CUST002794,Individual,NY,Software Engineer,111804.77,2022-11-13,0,0,1,16326.8,MEDIUM
CUST002795,Individual,NY,Restaurant Owner,64905.72,2017-09-26,0,0,0,2158.96,LOW
CUST002796,Individual,VA,Retail Worker,32126.2,2023-08-06,0,0,0,4137.81,LOW
CUST002797,Individual,NC,Lawyer,84122.68,2024-01-22,0,0,0,7270.82,LOW
CUST002798,Individual,MA,Restaurant Owner,26144.21,2018-11-14,0,0,0,671.1,LOW
CUST002799,Business,GA,Retail Worker,115947.88,2017-06-11,0,0,0,6720.05,LOW
CUST002800,Individual,MD,Consultant,57332.47,2018-04-10,0,0,0,4355.1,LOW
CUST002801,Individual,GA,Trader,51394.51,2019-04-03,0,0,0,3303.35,LOW
CUST002802,Business,NY,Real Estate Agent,148041.05,2022-06-28,0,0,0,10408.2,LOW
CUST002803,Business,NY,Student,39071.46,2024-02-09,0,0,0,5453.75,LOW
CUST002804,Business,FL,Real Estate Agent,27519.23,2025-12-03,0,0,0,1929.56,LOW
CUST002805,Individual,IL,Restaurant Owner,41499.21,2022-10-01,0,0,0,3210.12,LOW
CUST002806,Business,IL,Lawyer,283734.39,2018-05-03,0,0,0,34088.26,LOW
CUST002807,Individual,FL,Trader,39059.7,2022-11-10,0,0,1,4852.36,MEDIUM
CUST002808,Individual,PA,Restaurant Owner,95114.2,2018-10-13,0,0,0,3377.62,LOW
CUST002809,Individual,GA,Sales Manager,129757.56,2023-08-02,0,0,0,14663.74,LOW
CUST002810,Individual,WA,Construction Worker,40717.2,2021-10-22,0,0,0,3474.05,LOW
CUST002811,Individual,GA,Student,40751.5,2021-06-23,0,0,0,1700.63,LOW
CUST002812,Individual,CO,Restaurant Owner,84317.65,2021-11-07,0,0,0,4897.91,LOW
CUST002813,Individual,MA,Teacher,86829.6,2018-12-20,0,0,0,2659.54,LOW
CUST002814,Individual,NY,Lawyer,180086.85,2020-03-13,0,0,0,12611.42,LOW
CUST002815,Individual,NC,Lawyer,45489.78,2017-07-18,0,0,0,2589.54,LOW
CUST002816,Individual,MD,Trader,58690.23,2024-11-02,0,0,0,4270.47,LOW
CUST002817,Individual,GA,Teacher,474587.38,2020-09-08,0,0,0,46292.47,LOW
CUST002818,Individual,NY,Software Engineer,23389.37,2021-12-28,0,0,0,2725.85,LOW
CUST002819,Individual,GA,Consultant,20470.62,2020-09-17,0,0,0,2060.76,LOW
CUST002820,Individual,MA,Retail Worker,30523.95,2023-03-15,0,0,0,3351.44,LOW
CUST002821,Business,PA,Real Estate Agent,153474.08,2021-09-21,0,0,0,20443.5,LOW
CUST002822,Individual,OH,Consultant,56407.54,2024-02-17,0,0,0,7571.47,LOW
CUST002823,Individual,WA,Lawyer,56394.28,2019-03-14,0,0,0,7477.31,LOW
CUST002824,Individual,VA,Retail Worker,40048.59,2018-12-02,0,0,0,1767.99,LOW
CUST002825,Individual,TX,Retail Worker,136245.72,2018-05-18,0,0,0,7682.03,LOW
CUST002826,Business,CO,Doctor,30832.77,2018-04-14,0,0,0,2706.83,LOW
CUST002827,Individual,FL,Sales Manager,51393.51,2022-07-03,0,0,0,3589.45,LOW
CUST002828,Individual,FL,Restaurant Owner,41092.29,2022-05-29,0,0,0,1703.63,LOW
CUST002829,Individual,VA,Software Engineer,13203.88,2021-09-26,0,0,0,805.02,LOW
CUST002830,Individual,WA,Restaurant Owner,54961.49,2023-08-11,0,0,0,8075.41,LOW
CUST002831,Individual,NC,Software Engineer,72169.8,2022-04-21,0,0,0,4933.95,LOW
CUST002832,Individual,GA,Consultant,45304.16,2018-09-16,0,0,0,3504.92,LOW
CUST002833,Individual,TX,Small Business Owner,62998.4,2025-02-15,0,0,0,1625.37,LOW
CUST002834,Individual,MA,Small Business Owner,64057.5,2024-02-22,0,0,0,7361.93,LOW
CUST002835,Individual,IL,Construction Worker,68787.46,2024-11-10,0,0,0,5275.57,LOW
CUST002836,Business,GA,Construction Worker,37801.8,2019-08-25,0,0,0,1432.41,LOW
CUST002837,Business,PA,Consultant,36416.42,2018-10-25,0,0,0,5319.33,LOW
CUST002838,Individual,NY,Trader,77323.92,2019-01-21,0,0,0,9447.37,LOW
CUST002839,Individual,VA,Student,28732.57,2022-02-16,0,0,0,3326.33,LOW
CUST002840,Individual,CA,Teacher,65255.27,2020-11-19,0,0,0,9444.66,LOW
CUST002841,Individual,GA,Sales Manager,217143.19,2020-01-04,0,0,0,16488.77,LOW
CUST002842,Individual,OH,Retail Worker,73131.04,2025-09-05,0,0,0,8396.66,LOW
CUST002843,Business,CO,Software Engineer,22879.01,2018-01-18,0,0,0,1161.7,LOW
CUST002844,Business,NC,Accountant,84299.0,2020-10-25,0,0,0,9453.3,LOW
CUST002845,Individual,MD,Small Business Owner,127677.41,2023-06-15,0,0,0,3416.63,LOW
CUST002846,Individual,NC,Restaurant Owner,44724.97,2021-07-11,0,0,1,1824.25,MEDIUM
CUST002847,Individual,CO,Consultant,61754.6,2017-06-25,0,0,0,4826.58,LOW
CUST002848,Individual,CA,Retail Worker,42393.3,2017-08-16,0,0,0,1123.91,LOW
CUST002849,Individual,GA,Small Business Owner,55538.14,2023-07-23,0,0,0,4595.54,LOW
CUST002850,Individual,CO,Software Engineer,48661.25,2022-08-01,0,0,0,4396.49,LOW
CUST002851,Individual,WA,Real Estate Agent,99551.26,2020-09-27,0,0,0,10224.0,LOW
CUST002852,Individual,OH,Student,220381.17,2022-06-09,0,0,0,8274.95,LOW
CUST002853,Individual,CA,Restaurant Owner,77841.77,2020-06-16,0,0,0,3707.33,LOW
CUST002854,Business,GA,Construction Worker,27532.18,2021-06-24,0,0,0,2798.93,LOW
CUST002855,Individual,FL,Consultant,388238.47,2019-10-18,0,0,0,41647.69,LOW
CUST002856,Individual,OH,Small Business Owner,109549.03,2021-09-08,0,0,0,3093.39,LOW
CUST002857,Individual,NC,Construction Worker,125047.53,2017-12-16,0,0,0,11572.64,LOW
CUST002858,Individual,CA,Software Engineer,71956.81,2023-11-08,0,0,0,8859.52,LOW
CUST002859,Individual,NC,Construction Worker,87248.65,2018-03-17,0,0,0,2934.84,LOW
CUST002860,Individual,GA,Small Business Owner,60057.43,2024-09-09,0,0,0,4603.2,LOW
CUST002861,Business,NC,Lawyer,134948.13,2021-05-31,0,0,0,8881.46,LOW
CUST002862,Individual,IL,Small Business Owner,54991.35,2024-01-07,0,0,0,7655.25,LOW
CUST002863,Business,NY,Restaurant Owner,103087.84,2025-08-19,0,0,0,4971.44,LOW
CUST002864,Individual,IL,Teacher,140836.62,2020-10-16,0,0,0,9125.52,LOW
CUST002865,Individual,VA,Small Business Owner,168569.11,2017-10-15,0,0,0,23145.48,LOW
CUST002866,Individual,VA,Retail Worker,146679.64,2022-08-18,0,0,0,9729.5,LOW
CUST002867,Individual,TX,Teacher,38557.43,2022-11-05,0,0,0,3524.86,LOW
CUST002868,Individual,GA,Consultant,208465.41,2019-09-25,1,0,0,6072.48,HIGH
CUST002869,Individual,NJ,Teacher,115498.37,2023-05-23,0,0,0,17106.79,LOW
CUST002870,Individual,PA,Doctor,91480.31,2020-11-23,0,0,0,11720.31,LOW
CUST002871,Business,NC,Small Business Owner,98598.69,2017-03-15,0,0,0,10283.86,LOW
CUST002872,Business,IL,Retail Worker,67662.67,2021-01-02,0,0,0,2205.42,LOW
CUST002873,Business,CA,Software Engineer,55378.08,2025-09-30,0,0,0,1902.72,LOW
CUST002874,Individual,WA,Retail Worker,59024.92,2024-10-24,0,0,0,5496.5,LOW
CUST002875,Individual,MD,Doctor,173256.1,2025-10-20,0,0,0,10505.05,LOW
CUST002876,Individual,OH,Accountant,79057.21,2023-01-15,0,0,0,8130.93,LOW
CUST002877,Individual,PA,Teacher,90071.58,2018-03-06,0,0,0,8986.81,LOW
CUST002878,Individual,NJ,Trader,77989.98,2021-01-11,0,0,0,10125.55,LOW
CUST002879,Individual,NC,Retail Worker,48586.07,2025-09-16,0,0,0,2923.53,LOW
CUST002880,Individual,MA,Construction Worker,18579.42,2019-04-26,0,0,0,1806.53,LOW
CUST002881,Individual,GA,Software Engineer,123613.06,2021-09-27,0,0,0,15101.86,LOW
CUST002882,Business,WA,Small Business Owner,115387.22,2017-02-05,0,0,0,9963.3,LOW
CUST002883,Individual,GA,Small Business Owner,74443.6,2020-01-19,0,0,0,9590.6,LOW
CUST002884,Individual,TX,Lawyer,36922.96,2019-10-18,0,0,1,1528.96,MEDIUM
CUST002885,Individual,NJ,Real Estate Agent,244941.74,2025-04-10,0,0,0,28593.82,LOW
CUST002886,Business,OH,Consultant,60083.75,2020-12-09,0,0,0,8584.33,LOW
CUST002887,Individual,NC,Consultant,88133.4,2022-06-21,0,0,0,5859.59,LOW
CUST002888,Individual,OH,Lawyer,47486.32,2025-05-24,0,0,0,3361.65,LOW
CUST002889,Individual,GA,Sales Manager,31192.29,2020-08-12,0,0,0,1105.57,LOW
CUST002890,Business,CA,Consultant,110029.61,2024-07-23,0,0,0,11573.64,LOW
CUST002891,Individual,TX,Retail Worker,28274.56,2025-07-15,0,0,0,2659.4,LOW
CUST002892,Individual,FL,Teacher,87039.59,2023-12-11,0,0,0,2614.95,LOW
CUST002893,Individual,MA,Retail Worker,87204.09,2018-09-11,0,0,0,10379.6,LOW
CUST002894,Individual,NJ,Trader,36221.11,2017-06-19,0,0,0,4660.23,LOW
CUST002895,Individual,NY,Small Business Owner,32291.92,2017-05-26,0,0,0,4468.88,LOW
CUST002896,Business,WA,Restaurant Owner,45454.19,2019-05-18,0,0,0,4237.09,LOW
CUST002897,Individual,IL,Construction Worker,49877.69,2018-02-24,0,0,1,4068.65,MEDIUM
CUST002898,Individual,NC,Lawyer,27747.92,2022-06-19,0,0,0,3732.57,LOW
CUST002899,Individual,VA,Small Business Owner,36094.71,2021-09-10,0,0,0,2701.22,LOW
CUST002900,Individual,MD,Real Estate Agent,78793.18,2018-07-27,0,0,0,8425.39,LOW
CUST002901,Individual,GA,Real Estate Agent,273347.33,2022-05-14,0,0,0,27859.64,LOW
CUST002902,Individual,WA,Construction Worker,144381.53,2019-10-24,0,0,0,10326.19,LOW
CUST002903,Individual,WA,Doctor,83248.15,2020-07-10,0,0,0,2985.38,LOW
CUST002904,Individual,NY,Student,156164.56,2024-10-17,0,1,0,4322.16,HIGH
CUST002905,Individual,CO,Small Business Owner,158942.0,2017-11-17,0,0,0,12481.67,LOW
CUST002906,Individual,NY,Small Business Owner,61513.16,2021-05-19,0,0,0,5237.86,LOW
CUST002907,Business,TX,Restaurant Owner,88687.63,2023-04-13,1,0,0,11337.36,HIGH
CUST002908,Individual,NJ,Software Engineer,141616.36,2021-06-01,0,0,0,10876.34,LOW
CUST002909,Individual,CA,Real Estate Agent,154763.05,2018-04-22,0,0,0,9308.22,LOW
CUST002910,Individual,MA,Consultant,155731.8,2025-08-31,0,0,0,12888.68,LOW
CUST002911,Individual,VA,Retail Worker,38472.02,2022-01-01,0,0,0,2106.3,LOW
CUST002912,Individual,OH,Doctor,160978.63,2019-02-22,1,0,0,5862.85,HIGH
CUST002913,Individual,NY,Small Business Owner,250946.08,2018-06-17,0,0,0,9819.62,LOW
CUST002914,Business,NY,Student,197989.93,2020-09-24,0,0,0,12848.42,LOW
CUST002915,Individual,NC,Construction Worker,37036.31,2022-05-02,0,0,0,984.59,LOW
CUST002916,Individual,IL,Accountant,31451.72,2023-04-04,0,0,0,1652.01,LOW
CUST002917,Individual,FL,Software Engineer,101482.34,2020-03-10,0,0,0,12527.02,LOW
CUST002918,Business,NY,Student,195611.43,2025-04-11,0,0,0,10627.01,LOW
CUST002919,Individual,FL,Sales Manager,86877.35,2022-05-25,0,0,0,3374.42,LOW
CUST002920,Individual,TX,Consultant,64376.75,2024-06-19,0,0,0,9246.76,LOW
CUST002921,Individual,CA,Student,70729.68,2018-08-02,0,0,0,7271.63,LOW
CUST002922,Individual,WA,Real Estate Agent,145591.98,2020-10-05,0,0,0,4732.21,LOW
CUST002923,Individual,MD,Sales Manager,60851.91,2021-05-13,0,0,0,1994.76,LOW
CUST002924,Individual,CO,Small Business Owner,102525.2,2021-10-14,0,0,0,10407.87,LOW
CUST002925,Individual,OH,Sales Manager,68906.61,2022-12-18,0,0,1,6374.97,MEDIUM
CUST002926,Business,NY,Retail Worker,42100.87,2022-07-27,0,0,1,1412.35,MEDIUM
CUST002927,Individual,GA,Construction Worker,40010.38,2022-08-21,0,0,0,2122.13,LOW
CUST002928,Business,MD,Student,105524.08,2017-09-14,0,0,0,14892.65,LOW
CUST002929,Individual,NC,Software Engineer,12922.57,2024-11-03,0,0,0,1247.05,LOW
CUST002930,Individual,FL,Student,102412.51,2023-08-14,0,0,0,8197.17,LOW
CUST002931,Individual,IL,Small Business Owner,67126.92,2025-03-11,0,0,0,3777.19,LOW
CUST002932,Individual,MA,Accountant,138717.87,2020-11-18,0,0,0,5786.24,LOW
CUST002933,Individual,IL,Doctor,110879.04,2020-12-13,0,0,0,8352.4,LOW
CUST002934,Individual,NY,Real Estate Agent,77207.12,2019-06-01,0,0,0,10831.84,LOW
CUST002935,Individual,NJ,Retail Worker,37476.01,2017-01-19,0,0,0,1165.09,LOW
CUST002936,Individual,NC,Consultant,38818.03,2017-04-20,0,0,0,5778.93,LOW
CUST002937,Individual,WA,Construction Worker,49316.6,2020-12-31,0,0,0,2513.99,LOW
CUST002938,Individual,CA,Construction Worker,131904.0,2023-12-28,0,0,0,10037.36,LOW
CUST002939,Business,GA,Sales Manager,236783.55,2019-11-24,0,0,0,7253.01,LOW
CUST002940,Individual,NJ,Sales Manager,92936.58,2020-08-04,0,0,0,9116.87,LOW
CUST002941,Individual,IL,Doctor,51136.36,2022-02-11,0,0,0,4369.32,LOW
CUST002942,Individual,FL,Teacher,54719.63,2019-09-30,0,0,0,5928.24,LOW
CUST002943,Individual,FL,Teacher,56381.01,2017-09-12,0,0,0,5234.12,LOW
CUST002944,Individual,NJ,Trader,147460.83,2018-09-30,1,0,0,11025.97,HIGH
CUST002945,Individual,FL,Consultant,55668.1,2022-08-05,0,0,0,6525.39,LOW
CUST002946,Individual,IL,Student,72900.22,2022-12-22,0,0,0,2050.51,LOW
CUST002947,Individual,NC,Sales Manager,179757.22,2023-12-22,0,0,0,16650.66,LOW
CUST002948,Individual,NJ,Accountant,51864.14,2018-02-01,0,0,0,2034.86,LOW
CUST002949,Individual,IL,Construction Worker,107724.55,2021-06-10,0,0,0,8564.21,LOW
CUST002950,Business,GA,Student,134664.14,2024-05-18,0,0,0,16683.63,LOW
CUST002951,Business,WA,Construction Worker,78157.45,2018-11-16,0,0,0,3345.73,LOW
CUST002952,Individual,MA,Lawyer,267111.1,2025-12-29,0,0,0,37923.44,LOW
CUST002953,Individual,GA,Sales Manager,221413.66,2022-01-31,0,0,0,30126.23,LOW
CUST002954,Individual,GA,Construction Worker,88987.97,2022-08-29,0,0,0,6839.89,LOW
CUST002955,Business,FL,Student,44478.55,2019-10-08,0,0,0,1145.18,LOW
CUST002956,Individual,NY,Sales Manager,45866.04,2022-12-07,0,0,0,5674.46,LOW
CUST002957,Individual,MD,Small Business Owner,86116.83,2017-10-29,0,0,1,11635.42,MEDIUM
CUST002958,Business,PA,Doctor,36927.93,2017-08-15,0,0,0,1729.79,LOW
CUST002959,Individual,FL,Trader,89326.7,2021-03-11,0,0,0,12463.22,LOW
CUST002960,Individual,NY,Small Business Owner,224696.41,2020-05-20,0,0,0,31291.71,LOW
CUST002961,Individual,IL,Teacher,78108.94,2017-12-22,0,0,0,6554.23,LOW
CUST002962,Individual,MD,Lawyer,74081.96,2018-12-02,0,0,0,9242.05,LOW
CUST002963,Individual,MD,Restaurant Owner,130590.13,2023-12-10,0,0,0,10527.98,LOW
CUST002964,Business,PA,Software Engineer,105491.59,2023-03-21,0,0,0,10075.06,LOW
CUST002965,Business,FL,Doctor,35555.19,2021-11-19,0,0,0,2310.37,LOW
CUST002966,Individual,NC,Small Business Owner,55789.51,2021-05-06,0,0,0,2506.83,LOW
CUST002967,Individual,VA,Real Estate Agent,256867.0,2020-04-29,0,0,0,30391.75,LOW
CUST002968,Individual,PA,Accountant,92668.4,2025-05-01,0,0,0,2332.84,LOW
CUST002969,Business,PA,Accountant,38990.05,2023-12-23,0,0,0,3799.35,LOW
CUST002970,Individual,TX,Software Engineer,66207.14,2019-11-12,0,0,0,8811.23,LOW
CUST002971,Individual,WA,Accountant,23542.48,2021-07-04,0,0,0,1239.74,LOW
CUST002972,Individual,TX,Student,22423.26,2020-09-12,0,0,0,1493.67,LOW
CUST002973,Individual,NY,Accountant,142019.51,2025-10-04,0,0,0,13979.79,LOW
CUST002974,Individual,CA,Restaurant Owner,74782.32,2017-12-31,0,0,0,4177.25,LOW
CUST002975,Individual,CO,Accountant,105083.8,2019-12-04,0,0,0,13759.24,LOW
CUST002976,Individual,NJ,Construction Worker,159192.36,2018-06-03,0,0,0,11274.86,LOW
CUST002977,Business,VA,Doctor,93517.27,2025-10-05,0,0,0,9136.8,LOW
CUST002978,Individual,MA,Lawyer,120784.08,2021-06-15,0,0,0,6433.58,LOW
CUST002979,Individual,CA,Student,88653.81,2025-10-07,0,0,0,2674.98,LOW
CUST002980,Business,NJ,Teacher,173061.47,2024-01-21,0,0,0,8084.14,LOW
CUST002981,Individual,MD,Accountant,237514.55,2020-09-06,0,0,0,7309.48,LOW
CUST002982,Individual,NY,Consultant,85388.3,2023-02-12,0,0,0,7136.37,LOW
CUST002983,Individual,OH,Consultant,83092.25,2021-07-04,0,0,0,8170.43,LOW
CUST002984,Individual,NC,Trader,92350.59,2024-10-16,0,0,0,2824.49,LOW
CUST002985,Individual,NY,Consultant,70028.1,2019-09-09,0,0,0,2542.74,LOW
CUST002986,Business,IL,Accountant,57818.33,2023-07-24,0,0,0,4954.49,LOW
CUST002987,Individual,MA,Real Estate Agent,148250.97,2022-07-30,0,0,0,18516.17,LOW
CUST002988,Individual,NC,Small Business Owner,57869.11,2019-07-11,0,0,0,5989.52,LOW
CUST002989,Individual,OH,Construction Worker,55739.83,2025-02-16,0,0,0,2123.06,LOW
CUST002990,Business,WA,Retail Worker,134481.79,2019-08-15,0,0,0,18281.83,LOW
CUST002991,Individual,MD,Accountant,141359.93,2017-12-27,0,0,0,19745.34,LOW
CUST002992,Individual,PA,Real Estate Agent,341806.44,2020-08-03,0,0,1,22429.2,MEDIUM
CUST002993,Individual,TX,Trader,165715.03,2017-07-01,0,0,0,16903.3,LOW
CUST002994,Individual,CO,Small Business Owner,128387.89,2021-01-14,0,0,0,11110.8,LOW
CUST002995,Individual,TX,Retail Worker,141014.38,2022-11-15,0,0,0,20130.22,LOW
CUST002996,Business,CO,Software Engineer,68126.33,2018-07-17,0,0,0,6035.55,LOW
CUST002997,Individual,NY,Restaurant Owner,108086.07,2017-11-10,0,0,0,15672.02,LOW
CUST002998,Individual,MD,Construction Worker,111469.99,2025-03-22,0,0,0,5564.34,LOW
CUST002999,Individual,TX,Accountant,52727.72,2022-08-31,0,0,0,3595.61,LOW
CUST003000,Business,CO,Doctor,72651.52,2024-10-23,0,0,0,8912.03,LOW
CUST003001,Individual,MD,Student,139287.92,2024-03-08,0,0,0,17125.64,LOW
CUST003002,Individual,VA,Doctor,74103.08,2018-02-07,0,0,0,8634.71,LOW
CUST003003,Individual,VA,Small Business Owner,111609.88,2020-02-22,1,0,0,14782.89,HIGH
CUST003004,Individual,VA,Doctor,134344.38,2018-09-05,0,0,0,15156.5,LOW
CUST003005,Individual,NC,Sales Manager,130331.52,2025-09-26,0,0,0,13621.03,LOW
CUST003006,Business,OH,Software Engineer,230998.41,2022-02-20,0,0,0,19026.33,LOW
CUST003007,Business,NY,Student,51400.87,2021-06-02,0,0,0,4286.11,LOW
CUST003008,Individual,PA,Software Engineer,218137.41,2025-04-06,0,0,0,16528.31,LOW
CUST003009,Individual,NY,Retail Worker,102081.11,2018-11-24,0,0,0,10466.02,LOW
CUST003010,Individual,IL,Trader,128975.1,2021-10-01,0,0,0,9780.57,LOW
CUST003011,Individual,WA,Trader,117979.01,2025-03-26,0,0,0,5124.63,LOW
CUST003012,Individual,GA,Software Engineer,114161.94,2024-12-29,0,0,0,4374.25,LOW
CUST003013,Individual,FL,Consultant,49560.64,2021-09-22,0,0,0,6966.2,LOW
CUST003014,Individual,OH,Restaurant Owner,125929.7,2019-04-20,0,0,0,3537.66,LOW
CUST003015,Individual,WA,Consultant,29436.86,2022-11-21,0,0,0,1124.0,LOW
CUST003016,Individual,WA,Accountant,292776.95,2023-07-09,0,0,0,23616.3,LOW
CUST003017,Individual,CA,Retail Worker,96127.06,2021-12-16,0,0,0,5562.47,LOW
CUST003018,Individual,MA,Sales Manager,159408.33,2025-10-07,0,0,0,12072.17,LOW
CUST003019,Individual,MA,Real Estate Agent,116824.1,2019-01-23,0,0,0,4635.69,LOW
CUST003020,Individual,OH,Retail Worker,76804.89,2022-12-22,0,0,0,3176.91,LOW
CUST003021,Individual,VA,Real Estate Agent,52773.06,2025-11-03,0,0,0,6600.97,LOW
CUST003022,Individual,NJ,Restaurant Owner,46654.48,2023-10-09,0,0,0,5593.34,LOW
CUST003023,Individual,FL,Software Engineer,124471.45,2020-12-29,0,0,0,4733.85,LOW
CUST003024,Individual,PA,Software Engineer,120305.34,2019-07-26,0,0,0,13049.98,LOW
CUST003025,Individual,VA,Student,107821.77,2020-09-03,0,0,0,10907.67,LOW
CUST003026,Individual,OH,Accountant,69473.13,2021-08-21,0,0,0,7931.77,LOW
CUST003027,Business,GA,Lawyer,98110.21,2018-05-20,0,0,0,8271.29,LOW
CUST003028,Individual,GA,Lawyer,56976.19,2024-12-28,0,0,0,3347.26,LOW
CUST003029,Individual,OH,Lawyer,48180.45,2023-02-16,0,0,0,5201.56,LOW
CUST003030,Individual,MA,Doctor,62628.91,2024-04-13,0,0,0,4472.94,LOW
CUST003031,Individual,WA,Teacher,64445.73,2022-05-24,0,0,0,3374.97,LOW
CUST003032,Individual,NC,Trader,194264.34,2017-02-21,0,0,0,14779.36,LOW
CUST003033,Individual,IL,Retail Worker,30883.39,2021-01-09,0,0,0,3718.63,LOW
CUST003034,Individual,NJ,Retail Worker,73406.91,2024-04-13,0,0,0,6200.99,LOW
CUST003035,Individual,NY,Lawyer,113127.25,2020-11-06,0,0,0,7068.53,LOW
CUST003036,Individual,NJ,Accountant,272621.82,2023-08-19,0,0,0,35163.74,LOW
CUST003037,Individual,CA,Consultant,50534.48,2022-06-23,0,0,0,6832.54,LOW
CUST003038,Business,NJ,Construction Worker,36311.76,2023-08-20,1,0,0,2874.3,HIGH
CUST003039,Individual,WA,Accountant,119993.46,2018-01-24,0,0,0,8619.85,LOW
CUST003040,Individual,PA,Teacher,83483.23,2021-07-31,0,0,0,8480.84,LOW
CUST003041,Individual,WA,Software Engineer,64972.84,2018-11-05,0,0,0,2095.17,LOW
CUST003042,Business,NC,Lawyer,99678.12,2022-03-05,0,0,0,11105.68,LOW
CUST003043,Individual,CO,Trader,131326.53,2024-10-22,0,0,0,16125.05,LOW
CUST003044,Individual,MA,Real Estate Agent,121093.64,2021-02-11,0,0,0,9043.3,LOW
CUST003045,Individual,PA,Consultant,91250.68,2023-09-18,0,0,0,4272.99,LOW
CUST003046,Individual,TX,Sales Manager,176516.03,2018-08-16,0,0,0,5048.76,LOW
CUST003047,Individual,PA,Small Business Owner,85267.64,2024-08-11,0,0,0,8923.74,LOW
CUST003048,Individual,NJ,Consultant,77131.88,2023-12-28,0,0,0,4521.79,LOW
CUST003049,Individual,NC,Sales Manager,119285.25,2017-03-24,0,0,0,9899.03,LOW
CUST003050,Individual,NJ,Student,33054.04,2023-06-25,0,0,0,2422.68,LOW
CUST003051,Individual,NJ,Restaurant Owner,111913.81,2025-08-05,0,0,0,5244.35,LOW
CUST003052,Individual,TX,Teacher,61583.61,2018-02-18,0,0,0,5452.99,LOW
CUST003053,Individual,MA,Consultant,31594.96,2023-11-06,0,0,0,2604.98,LOW
CUST003054,Individual,NY,Teacher,98875.16,2024-08-25,0,0,0,10185.97,LOW
CUST003055,Individual,VA,Sales Manager,55679.44,2017-07-17,0,0,0,3145.09,LOW
CUST003056,Business,MD,Accountant,26260.69,2023-04-26,0,0,0,1361.09,LOW
CUST003057,Individual,FL,Small Business Owner,42574.15,2021-09-09,0,0,0,5398.11,LOW
CUST003058,Individual,MA,Real Estate Agent,224923.75,2023-06-04,0,1,0,25365.56,HIGH
CUST003059,Individual,VA,Real Estate Agent,52228.9,2020-07-27,0,0,0,6347.16,LOW
CUST003060,Business,NJ,Small Business Owner,92519.33,2017-10-27,0,0,0,3738.82,LOW
CUST003061,Individual,OH,Retail Worker,37069.87,2017-05-09,0,0,0,1964.89,LOW
CUST003062,Individual,VA,Software Engineer,293856.54,2023-12-21,0,0,0,28486.88,LOW
CUST003063,Individual,MA,Lawyer,78457.5,2022-03-22,0,0,0,10368.17,LOW
CUST003064,Individual,CA,Retail Worker,48079.37,2023-10-22,0,0,0,6563.52,LOW
CUST003065,Individual,GA,Consultant,133326.29,2021-09-12,0,0,0,17197.59,LOW
CUST003066,Individual,GA,Restaurant Owner,284324.93,2017-07-26,0,0,0,8650.51,LOW
CUST003067,Individual,OH,Sales Manager,57519.24,2022-07-18,0,0,0,7340.02,LOW
CUST003068,Business,FL,Retail Worker,47458.66,2017-10-21,0,0,0,6520.17,LOW
CUST003069,Individual,FL,Retail Worker,333399.86,2022-05-18,0,0,0,10700.01,LOW
CUST003070,Individual,CO,Trader,69251.68,2022-02-17,0,0,0,5334.81,LOW
CUST003071,Individual,NY,Retail Worker,64308.8,2022-06-30,0,0,0,5921.32,LOW
CUST003072,Individual,NC,Teacher,18608.92,2022-09-08,0,0,0,1006.63,LOW
CUST003073,Individual,CA,Trader,73376.72,2023-02-05,0,0,0,6573.51,LOW
CUST003074,Individual,WA,Accountant,31066.29,2022-09-20,0,0,0,4217.08,LOW
CUST003075,Individual,MA,Trader,52113.69,2020-04-30,0,0,0,6950.29,LOW
CUST003076,Business,PA,Restaurant Owner,20250.75,2023-07-20,0,0,0,2885.32,LOW
CUST003077,Business,PA,Lawyer,167391.38,2021-11-08,0,0,0,14314.26,LOW
CUST003078,Individual,WA,Sales Manager,28910.1,2024-11-03,0,0,0,2206.44,LOW
CUST003079,Individual,CO,Real Estate Agent,21242.42,2024-08-16,0,0,0,2298.93,LOW
CUST003080,Business,GA,Student,41560.36,2018-09-18,0,0,0,3204.1,LOW
CUST003081,Individual,NC,Teacher,168722.75,2017-10-05,0,0,0,5102.69,LOW
CUST003082,Business,WA,Consultant,56162.13,2018-06-13,0,0,0,6458.09,LOW
CUST003083,Individual,MA,Trader,61262.62,2022-11-04,0,0,0,3683.29,LOW
CUST003084,Individual,VA,Restaurant Owner,102358.35,2022-04-09,0,0,0,3187.0,LOW
CUST003085,Individual,CA,Real Estate Agent,67959.39,2023-06-23,0,0,0,1874.16,LOW
CUST003086,Individual,NJ,Restaurant Owner,167697.43,2022-02-24,0,0,0,23715.8,LOW
CUST003087,Individual,CO,Construction Worker,64182.37,2022-04-10,0,0,0,3626.91,LOW
CUST003088,Individual,TX,Construction Worker,64869.45,2018-11-24,0,0,0,5253.61,LOW
CUST003089,Individual,OH,Retail Worker,326756.01,2020-09-22,0,0,0,46994.72,LOW
CUST003090,Individual,CO,Retail Worker,77738.11,2019-05-13,0,0,0,6486.44,LOW
CUST003091,Individual,NJ,Small Business Owner,87126.32,2025-10-22,0,0,0,3034.28,LOW
CUST003092,Business,TX,Construction Worker,65412.37,2023-06-21,0,0,0,6148.24,LOW
CUST003093,Individual,PA,Sales Manager,15473.61,2017-08-13,0,0,0,557.43,LOW
CUST003094,Business,CO,Lawyer,132271.13,2025-07-23,0,0,0,4878.95,LOW
CUST003095,Individual,OH,Sales Manager,220706.61,2022-04-02,0,0,0,29008.49,LOW
CUST003096,Individual,CO,Student,169644.16,2022-05-22,0,0,0,10378.44,LOW
CUST003097,Business,NC,Real Estate Agent,52181.87,2022-05-11,0,0,0,5731.33,LOW
CUST003098,Individual,FL,Consultant,67014.12,2022-01-14,0,0,0,5938.49,LOW
CUST003099,Individual,VA,Small Business Owner,94109.58,2017-03-09,0,0,0,4968.12,LOW
CUST003100,Individual,MA,Software Engineer,91977.69,2021-07-01,0,0,0,8252.93,LOW
CUST003101,Individual,NJ,Software Engineer,116759.76,2019-10-18,0,0,0,3925.95,LOW
CUST003102,Individual,CO,Teacher,85582.26,2020-01-06,0,0,0,5853.96,LOW
CUST003103,Business,WA,Student,59300.93,2021-04-12,0,0,0,5358.11,LOW
CUST003104,Individual,CA,Student,81982.25,2024-12-13,0,0,0,4390.09,LOW
CUST003105,Individual,CA,Consultant,143552.17,2025-11-01,0,0,0,15435.23,LOW
CUST003106,Individual,GA,Restaurant Owner,499231.1,2025-08-10,0,0,0,15714.04,LOW
CUST003107,Individual,CO,Software Engineer,54226.86,2021-03-05,0,0,0,4641.89,LOW
CUST003108,Individual,CA,Restaurant Owner,86879.41,2021-01-10,0,0,0,9936.79,LOW
CUST003109,Individual,CA,Restaurant Owner,59225.68,2021-09-12,0,0,0,4663.62,LOW
CUST003110,Individual,FL,Student,91596.83,2021-05-02,0,0,0,12303.59,LOW
CUST003111,Individual,WA,Restaurant Owner,141409.84,2020-10-14,0,0,0,14710.03,LOW
CUST003112,Individual,PA,Software Engineer,65510.32,2020-07-24,0,0,0,9486.66,LOW
CUST003113,Individual,CA,Real Estate Agent,19837.36,2025-01-09,0,0,0,1200.46,LOW
CUST003114,Individual,PA,Trader,146358.78,2020-08-29,0,0,0,20833.98,LOW
CUST003115,Individual,FL,Doctor,81635.2,2025-09-12,0,0,0,8233.14,LOW
CUST003116,Business,CA,Lawyer,60049.38,2025-04-07,0,0,0,7094.68,LOW
CUST003117,Individual,OH,Restaurant Owner,51938.03,2025-09-02,0,0,0,7155.51,LOW
CUST003118,Individual,MA,Consultant,91814.59,2020-05-27,0,0,1,8621.36,MEDIUM
CUST003119,Individual,GA,Lawyer,47711.41,2021-09-02,0,0,0,6334.77,LOW
CUST003120,Individual,NJ,Lawyer,51476.92,2022-03-17,0,0,0,4772.53,LOW
CUST003121,Individual,MD,Accountant,33310.94,2022-05-22,0,0,0,3327.76,LOW
CUST003122,Individual,MA,Retail Worker,48132.23,2025-10-05,0,0,0,3881.25,LOW
CUST003123,Individual,IL,Consultant,113018.28,2023-02-26,0,0,0,4882.93,LOW
CUST003124,Individual,OH,Construction Worker,30561.09,2023-07-08,0,0,0,2878.49,LOW
CUST003125,Individual,NY,Trader,158591.53,2024-02-08,0,0,0,23341.66,LOW
CUST003126,Individual,CA,Software Engineer,34854.02,2021-08-07,0,0,0,4300.93,LOW
CUST003127,Individual,PA,Accountant,82677.41,2020-08-08,0,0,0,9792.09,LOW
CUST003128,Individual,NY,Sales Manager,102791.72,2022-10-15,0,0,0,10835.65,LOW
CUST003129,Business,TX,Retail Worker,128188.95,2019-01-01,0,0,0,8779.48,LOW
CUST003130,Business,CA,Small Business Owner,128209.78,2018-07-22,0,0,0,5923.54,LOW
CUST003131,Individual,IL,Consultant,71013.55,2024-05-28,0,0,1,3768.61,MEDIUM
CUST003132,Business,FL,Accountant,67086.28,2023-09-18,0,0,0,1730.17,LOW
CUST003133,Business,NC,Doctor,110524.3,2021-10-15,0,0,0,12067.6,LOW
CUST003134,Individual,GA,Software Engineer,89855.77,2021-06-18,0,0,0,11365.38,LOW
CUST003135,Individual,IL,Real Estate Agent,59901.66,2024-04-19,0,0,0,3511.07,LOW
CUST003136,Individual,PA,Teacher,95451.69,2018-08-19,0,0,0,3482.2,LOW
CUST003137,Individual,FL,Lawyer,67279.46,2018-10-10,0,0,0,4505.43,LOW
CUST003138,Individual,CO,Student,50761.6,2023-01-03,0,0,0,3122.16,LOW
CUST003139,Individual,VA,Doctor,58648.78,2024-09-09,0,0,0,4771.64,LOW
CUST003140,Individual,NJ,Construction Worker,102889.99,2021-04-03,0,0,0,5968.93,LOW
CUST003141,Individual,FL,Sales Manager,41027.03,2017-05-05,0,0,1,2767.95,MEDIUM
CUST003142,Business,CA,Student,153946.68,2021-03-18,0,0,0,21313.05,LOW
CUST003143,Individual,NY,Real Estate Agent,52209.28,2020-09-17,0,0,0,3490.42,LOW
CUST003144,Individual,MD,Lawyer,17262.87,2018-04-25,0,0,0,2126.61,LOW
CUST003145,Individual,MD,Doctor,107408.64,2019-09-29,0,0,0,11087.71,LOW
CUST003146,Individual,NY,Retail Worker,12955.74,2018-12-13,0,0,0,870.53,LOW
CUST003147,Business,PA,Accountant,38851.27,2022-05-25,0,0,0,4942.8,LOW
CUST003148,Individual,MD,Software Engineer,362159.52,2024-07-25,0,0,0,35993.05,LOW
CUST003149,Individual,FL,Trader,149378.54,2020-11-22,0,0,0,3895.4,LOW
CUST003150,Individual,IL,Accountant,141568.31,2021-12-23,0,0,0,4755.42,LOW
CUST003151,Individual,OH,Restaurant Owner,36243.34,2019-03-26,0,0,0,4315.85,LOW
CUST003152,Individual,PA,Consultant,66431.96,2025-06-29,0,0,0,5368.76,LOW
CUST003153,Individual,VA,Construction Worker,168076.22,2017-02-25,0,0,0,12721.43,LOW
CUST003154,Individual,CO,Restaurant Owner,113664.66,2021-07-13,0,0,0,4913.54,LOW
CUST003155,Individual,GA,Restaurant Owner,156929.26,2017-05-12,0,0,0,7009.22,LOW
CUST003156,Individual,NC,Construction Worker,238766.47,2017-08-19,0,0,0,29778.73,LOW
CUST003157,Business,PA,Consultant,115187.3,2018-01-30,0,0,0,14816.21,LOW
CUST003158,Individual,NC,Lawyer,33701.54,2025-10-29,0,0,0,3201.66,LOW
CUST003159,Business,PA,Retail Worker,110657.11,2019-09-09,0,0,0,6848.68,LOW
CUST003160,Individual,NJ,Sales Manager,64353.61,2025-03-30,0,0,0,9111.67,LOW
CUST003161,Individual,MA,Small Business Owner,32408.78,2019-07-22,0,1,0,3337.95,HIGH
CUST003162,Individual,CA,Trader,134148.94,2021-03-10,1,0,0,16712.31,HIGH
CUST003163,Individual,NJ,Consultant,163831.01,2020-11-10,0,0,0,4163.01,LOW
CUST003164,Individual,MD,Software Engineer,70559.29,2025-02-03,0,0,0,5735.76,LOW
CUST003165,Individual,NY,Accountant,92369.57,2018-06-17,0,0,0,12365.39,LOW
CUST003166,Individual,NY,Retail Worker,19496.86,2019-08-23,0,0,0,1311.73,LOW
CUST003167,Business,OH,Teacher,155701.49,2023-11-01,0,0,0,18033.17,LOW
CUST003168,Individual,TX,Small Business Owner,125600.72,2022-12-14,0,0,0,13465.57,LOW
CUST003169,Individual,TX,Accountant,88246.47,2018-07-09,0,0,0,3885.25,LOW
CUST003170,Individual,OH,Retail Worker,33228.1,2024-07-04,0,0,0,4049.28,LOW
CUST003171,Individual,NC,Consultant,25755.41,2023-12-12,0,0,0,1006.16,LOW
CUST003172,Individual,IL,Construction Worker,279992.31,2024-04-13,0,0,0,32476.1,LOW
CUST003173,Individual,NY,Consultant,39164.37,2025-01-17,0,0,0,5830.44,LOW
CUST003174,Individual,MA,Small Business Owner,81835.23,2023-10-30,0,0,0,11845.46,LOW
CUST003175,Individual,NJ,Teacher,39958.37,2021-02-02,0,0,0,4996.0,LOW
CUST003176,Individual,GA,Retail Worker,16940.34,2023-12-31,1,0,0,1555.37,HIGH
CUST003177,Individual,MA,Trader,100352.87,2023-11-10,0,0,0,10973.89,LOW
CUST003178,Business,VA,Sales Manager,111051.88,2025-04-22,0,0,0,12883.52,LOW
CUST003179,Individual,NC,Software Engineer,25349.78,2018-01-20,0,0,0,660.37,LOW
CUST003180,Individual,OH,Consultant,154141.88,2018-12-13,0,0,0,5825.91,LOW
CUST003181,Individual,TX,Trader,53260.61,2025-02-24,0,0,0,5306.48,LOW
CUST003182,Individual,FL,Retail Worker,37106.95,2021-01-11,0,0,0,957.98,LOW
CUST003183,Individual,MA,Accountant,35558.18,2025-09-22,0,0,0,4928.83,LOW
CUST003184,Individual,OH,Trader,132129.85,2023-11-05,0,0,0,11390.63,LOW
CUST003185,Individual,MA,Teacher,21478.63,2018-10-16,0,0,0,1229.03,LOW
CUST003186,Individual,MD,Software Engineer,33450.82,2020-02-17,0,0,0,2482.98,LOW
CUST003187,Individual,VA,Retail Worker,99288.31,2020-01-22,0,0,0,13041.23,LOW
CUST003188,Individual,CO,Doctor,91070.01,2024-01-13,0,0,0,12831.68,LOW
CUST003189,Business,MA,Consultant,38597.98,2021-05-28,0,0,0,1525.75,LOW
CUST003190,Individual,MD,Sales Manager,173055.02,2018-06-22,0,0,0,21155.12,LOW
CUST003191,Individual,MA,Small Business Owner,36379.12,2020-12-27,0,0,0,3538.9,LOW
CUST003192,Business,MA,Lawyer,65492.28,2022-03-13,0,0,0,6430.55,LOW
CUST003193,Business,TX,Teacher,60092.46,2023-01-02,0,0,0,7357.21,LOW
CUST003194,Individual,NY,Software Engineer,60243.58,2019-12-28,0,0,0,3184.21,LOW
CUST003195,Individual,PA,Software Engineer,66057.34,2018-12-01,0,0,0,6036.36,LOW
CUST003196,Individual,NC,Lawyer,64787.27,2022-03-17,0,0,0,4205.93,LOW
CUST003197,Business,MA,Small Business Owner,64270.7,2022-12-19,0,0,0,2366.06,LOW
CUST003198,Business,MA,Restaurant Owner,66635.37,2019-01-03,0,0,0,2541.14,LOW
CUST003199,Individual,CA,Student,151861.7,2020-07-28,0,0,0,6387.14,LOW
CUST003200,Individual,NY,Lawyer,64484.14,2021-12-18,0,0,0,6568.51,LOW
CUST003201,Individual,MD,Teacher,117595.77,2021-08-03,0,0,0,4495.54,LOW
CUST003202,Individual,PA,Software Engineer,82612.24,2018-05-28,0,0,0,7952.5,LOW
CUST003203,Individual,GA,Retail Worker,95157.93,2024-05-11,0,0,0,9376.59,LOW
CUST003204,Business,GA,Trader,124353.76,2017-01-01,0,0,0,17159.21,LOW
CUST003205,Individual,FL,Restaurant Owner,35741.46,2022-05-20,0,0,0,3691.99,LOW
CUST003206,Business,OH,Student,112764.1,2018-03-08,0,0,0,16711.47,LOW
CUST003207,Business,WA,Lawyer,65338.93,2023-09-05,0,0,0,1886.6,LOW
CUST003208,Individual,NJ,Sales Manager,40158.5,2020-07-13,0,0,0,4538.64,LOW
CUST003209,Individual,CA,Accountant,124181.62,2018-02-03,0,0,0,3515.58,LOW
CUST003210,Individual,MD,Small Business Owner,56882.1,2019-03-19,0,0,0,6608.12,LOW
CUST003211,Individual,NY,Retail Worker,95857.21,2020-07-03,0,0,0,7019.75,LOW
CUST003212,Individual,NY,Consultant,12863.53,2023-09-09,0,0,0,1304.54,LOW
CUST003213,Individual,WA,Student,120234.25,2019-08-10,0,0,1,7657.99,MEDIUM
CUST003214,Individual,FL,Sales Manager,403851.82,2023-01-31,0,0,0,18128.15,LOW
CUST003215,Individual,IL,Lawyer,74627.27,2019-12-05,0,0,0,8614.9,LOW
CUST003216,Individual,TX,Sales Manager,63191.98,2019-05-05,0,0,0,8725.39,LOW
CUST003217,Individual,FL,Sales Manager,55570.3,2025-10-18,0,0,0,2664.47,LOW
CUST003218,Individual,VA,Sales Manager,107622.06,2024-01-31,0,0,0,15076.55,LOW
CUST003219,Individual,PA,Teacher,61548.12,2019-01-15,0,0,0,2617.2,LOW
CUST003220,Individual,NC,Consultant,114251.38,2024-07-31,0,0,0,13362.58,LOW
CUST003221,Individual,FL,Real Estate Agent,229770.13,2022-09-29,0,0,0,33300.73,LOW
CUST003222,Individual,WA,Real Estate Agent,129562.51,2025-07-30,0,0,0,5625.78,LOW
CUST003223,Individual,WA,Teacher,66950.6,2017-08-31,0,0,1,5314.96,MEDIUM
CUST003224,Individual,NJ,Accountant,36322.2,2020-03-09,0,0,0,2440.2,LOW
CUST003225,Individual,CA,Student,57520.76,2025-11-03,0,0,0,4231.21,LOW
CUST003226,Business,VA,Trader,67561.74,2024-03-29,0,0,0,8049.47,LOW
CUST003227,Individual,MA,Restaurant Owner,31829.66,2021-06-08,0,0,0,3426.42,LOW
CUST003228,Individual,OH,Lawyer,152017.55,2017-10-03,0,0,0,22207.62,LOW
CUST003229,Individual,GA,Lawyer,108569.9,2025-06-30,0,0,0,5231.43,LOW
CUST003230,Individual,WA,Doctor,37936.12,2017-01-08,0,0,0,3524.55,LOW
CUST003231,Individual,NJ,Small Business Owner,23594.13,2018-12-16,0,0,0,1914.45,LOW
CUST003232,Individual,TX,Software Engineer,119592.71,2022-05-13,0,0,0,16725.88,LOW
CUST003233,Individual,MD,Doctor,25772.69,2022-09-12,0,0,0,678.53,LOW
CUST003234,Individual,CO,Small Business Owner,79205.38,2019-03-21,0,0,0,11773.59,LOW
CUST003235,Individual,GA,Real Estate Agent,57472.15,2021-01-12,0,0,0,4883.22,LOW
CUST003236,Individual,IL,Trader,126150.23,2019-07-17,0,0,0,13017.75,LOW
CUST003237,Individual,NY,Real Estate Agent,127103.98,2019-05-12,0,0,1,8898.11,MEDIUM
CUST003238,Business,TX,Accountant,43976.65,2017-02-06,0,0,0,5785.82,LOW
CUST003239,Individual,IL,Doctor,133575.43,2022-09-13,0,0,0,12722.86,LOW
CUST003240,Individual,GA,Lawyer,62136.6,2018-03-31,0,0,0,6701.52,LOW
CUST003241,Individual,TX,Doctor,75930.21,2018-03-20,0,0,0,8057.19,LOW
CUST003242,Individual,NJ,Restaurant Owner,76948.54,2017-07-31,0,0,0,5424.7,LOW
CUST003243,Individual,IL,Accountant,323369.83,2025-10-17,0,0,0,11155.9,LOW
CUST003244,Individual,NC,Accountant,69399.52,2024-07-12,0,0,0,8741.79,LOW
CUST003245,Individual,NY,Sales Manager,25298.65,2024-04-09,0,0,0,1548.64,LOW
CUST003246,Individual,MA,Sales Manager,47130.69,2021-09-26,0,0,0,6179.6,LOW
CUST003247,Individual,NJ,Trader,121172.73,2019-09-09,0,0,0,12248.19,LOW
CUST003248,Individual,MD,Teacher,62355.0,2023-08-06,0,0,0,4315.78,LOW
CUST003249,Business,PA,Sales Manager,75732.67,2023-06-10,0,0,0,7518.81,LOW
CUST003250,Individual,NC,Consultant,56640.23,2017-10-23,0,0,0,5986.11,LOW
CUST003251,Individual,NC,Accountant,12021.45,2017-06-01,0,0,0,1362.46,LOW
CUST003252,Individual,NY,Accountant,45231.04,2022-05-24,0,0,0,5780.18,LOW
CUST003253,Individual,CA,Retail Worker,71325.09,2020-05-04,0,0,0,3207.44,LOW
CUST003254,Individual,MD,Student,23743.99,2018-08-23,0,0,0,3395.82,LOW
CUST003255,Individual,CO,Student,34856.53,2020-08-15,0,0,0,2661.47,LOW
CUST003256,Individual,FL,Sales Manager,60128.65,2021-04-02,0,0,0,7970.43,LOW
CUST003257,Individual,VA,Construction Worker,60469.15,2021-02-20,0,0,0,3178.26,LOW
CUST003258,Individual,CA,Doctor,96917.72,2023-03-09,0,0,0,2774.62,LOW
CUST003259,Individual,OH,Software Engineer,62647.95,2017-08-20,0,0,0,6056.05,LOW
CUST003260,Business,WA,Doctor,94627.68,2024-12-27,0,0,0,6205.99,LOW
CUST003261,Individual,MA,Small Business Owner,47582.33,2024-07-05,0,0,0,7044.93,LOW
CUST003262,Individual,PA,Teacher,86056.77,2018-01-02,0,0,0,3275.04,LOW
CUST003263,Individual,PA,Teacher,195139.16,2018-04-26,0,0,0,6032.31,LOW
CUST003264,Individual,FL,Trader,90496.98,2018-07-26,0,0,0,2771.67,LOW
CUST003265,Individual,IL,Trader,64375.16,2020-04-17,0,0,0,3354.54,LOW
CUST003266,Individual,FL,Teacher,40638.25,2021-02-16,0,0,0,3958.12,LOW
CUST003267,Individual,NC,Consultant,79362.2,2021-06-01,0,0,0,6999.38,LOW
CUST003268,Individual,WA,Lawyer,65091.35,2021-04-20,0,0,0,4475.65,LOW
CUST003269,Individual,NC,Software Engineer,108070.87,2019-07-19,0,0,0,3901.27,LOW
CUST003270,Individual,CA,Student,22948.29,2019-11-06,0,0,0,1244.19,LOW
CUST003271,Individual,NC,Restaurant Owner,66368.23,2023-11-19,0,0,0,3186.9,LOW
CUST003272,Individual,OH,Trader,98496.47,2020-11-26,0,0,0,11643.11,LOW
CUST003273,Individual,PA,Student,81580.21,2023-05-31,0,0,0,9993.03,LOW
CUST003274,Individual,CA,Consultant,60421.82,2017-06-20,0,0,1,7379.12,MEDIUM
CUST003275,Business,NY,Teacher,59880.96,2019-11-22,0,0,0,8750.41,LOW
CUST003276,Business,MA,Consultant,36716.92,2023-04-30,0,0,0,4976.23,LOW
CUST003277,Business,TX,Student,95943.06,2020-05-23,0,0,0,8368.69,LOW
CUST003278,Individual,WA,Restaurant Owner,98855.93,2022-06-30,0,0,0,7598.76,LOW
CUST003279,Individual,VA,Construction Worker,29933.25,2024-02-19,0,0,0,4174.82,LOW
CUST003280,Individual,TX,Software Engineer,123285.46,2017-07-08,0,0,0,12501.53,LOW
CUST003281,Individual,WA,Sales Manager,49008.44,2019-02-25,0,0,0,3028.71,LOW
CUST003282,Individual,GA,Consultant,58738.33,2018-08-06,0,0,0,5612.92,LOW
CUST003283,Business,NC,Trader,250265.11,2025-05-08,0,0,0,37294.18,LOW
CUST003284,Business,MA,Trader,212456.24,2022-01-06,0,0,1,27870.81,MEDIUM
CUST003285,Individual,NY,Small Business Owner,29288.64,2018-08-23,0,0,0,1762.0,LOW
CUST003286,Individual,MA,Sales Manager,32659.64,2019-04-26,0,0,0,4706.88,LOW
CUST003287,Individual,IL,Student,37877.01,2022-07-23,0,0,0,5593.78,LOW
CUST003288,Individual,WA,Software Engineer,210299.78,2020-04-20,1,0,0,11334.29,HIGH
CUST003289,Business,VA,Student,50541.88,2023-07-18,0,0,0,6921.66,LOW
CUST003290,Individual,CO,Student,28768.57,2019-08-12,0,0,0,3895.27,LOW
CUST003291,Individual,CO,Restaurant Owner,167097.65,2022-09-01,0,0,0,5007.78,LOW
CUST003292,Business,TX,Construction Worker,110338.13,2020-01-03,0,0,0,11994.98,LOW
CUST003293,Individual,WA,Software Engineer,323952.86,2021-06-14,0,0,0,20460.89,LOW
CUST003294,Individual,IL,Small Business Owner,110194.12,2022-02-14,0,0,0,12047.15,LOW
CUST003295,Business,WA,Teacher,73461.7,2017-06-15,0,0,0,10225.49,LOW
CUST003296,Individual,MA,Software Engineer,88388.67,2022-07-18,0,0,0,7720.52,LOW
CUST003297,Individual,NJ,Small Business Owner,55870.78,2017-08-22,0,0,0,4290.97,LOW
CUST003298,Individual,WA,Accountant,175223.17,2020-10-30,0,0,0,24564.78,LOW
CUST003299,Individual,GA,Teacher,181338.84,2020-12-27,0,0,0,26614.08,LOW
CUST003300,Individual,GA,Software Engineer,26805.03,2018-10-03,0,0,0,878.66,LOW
CUST003301,Individual,PA,Sales Manager,138397.61,2020-09-19,0,0,0,19424.94,LOW
CUST003302,Business,GA,Retail Worker,37385.89,2022-01-02,0,0,0,1321.44,LOW
CUST003303,Individual,VA,Retail Worker,360112.54,2018-08-30,0,0,0,24185.44,LOW
CUST003304,Individual,WA,Student,201052.51,2018-06-24,0,0,0,24190.99,LOW
CUST003305,Individual,OH,Teacher,35793.65,2025-07-04,0,0,0,4371.46,LOW
CUST003306,Individual,WA,Software Engineer,87604.93,2021-01-07,0,0,0,10138.32,LOW
CUST003307,Individual,NJ,Trader,143021.4,2023-06-24,0,0,0,4274.78,LOW
CUST003308,Individual,GA,Student,50003.25,2017-12-09,0,0,0,2081.17,LOW
CUST003309,Individual,CA,Doctor,30857.05,2025-04-15,0,0,1,4382.54,MEDIUM
CUST003310,Individual,CO,Student,80129.91,2018-09-29,0,0,0,2819.18,LOW
CUST003311,Individual,WA,Trader,67619.84,2017-03-20,0,0,0,2354.4,LOW
CUST003312,Individual,VA,Consultant,41396.89,2025-01-19,0,0,0,5359.07,LOW
CUST003313,Individual,NC,Retail Worker,167494.07,2024-03-05,0,0,0,17613.38,LOW
CUST003314,Individual,NY,Doctor,32448.94,2023-11-02,0,0,0,2237.58,LOW
CUST003315,Individual,NY,Real Estate Agent,69921.69,2023-05-19,0,0,0,3196.39,LOW
CUST003316,Individual,TX,Small Business Owner,84409.1,2024-06-15,0,0,0,11439.23,LOW
CUST003317,Individual,VA,Consultant,91681.46,2022-10-06,0,0,0,13620.86,LOW
CUST003318,Individual,NJ,Lawyer,156401.39,2017-07-10,0,0,0,4886.99,LOW
CUST003319,Individual,IL,Teacher,64165.42,2018-10-06,0,0,0,6048.5,LOW
CUST003320,Individual,CO,Student,13808.21,2021-01-26,0,0,0,796.22,LOW
CUST003321,Individual,CA,Retail Worker,58328.04,2022-09-21,0,0,0,7527.14,LOW
CUST003322,Individual,WA,Sales Manager,120201.47,2021-02-18,0,0,0,8204.85,LOW
CUST003323,Individual,MD,Construction Worker,68291.84,2025-11-19,0,0,0,7807.71,LOW
CUST003324,Individual,NC,Small Business Owner,68621.18,2024-06-19,0,0,0,6343.37,LOW
CUST003325,Individual,MA,Retail Worker,105586.1,2023-12-25,0,0,0,9786.82,LOW
CUST003326,Individual,MD,Restaurant Owner,115032.68,2020-05-01,0,0,1,15213.06,MEDIUM
CUST003327,Individual,FL,Retail Worker,23484.41,2019-03-01,0,0,0,1968.01,LOW
CUST003328,Individual,FL,Construction Worker,74094.66,2024-08-29,0,0,0,9684.17,LOW
CUST003329,Individual,IL,Construction Worker,66062.34,2019-01-12,0,0,0,4652.66,LOW
CUST003330,Individual,CO,Lawyer,78752.95,2023-01-22,0,0,0,3689.41,LOW
CUST003331,Individual,PA,Student,20845.68,2024-09-03,0,0,0,1707.98,LOW
CUST003332,Individual,MA,Teacher,177238.01,2017-03-31,0,0,0,15471.9,LOW
CUST003333,Individual,FL,Construction Worker,75328.5,2021-09-11,0,0,0,6387.7,LOW
CUST003334,Individual,IL,Retail Worker,98862.81,2019-09-14,1,0,0,12460.8,HIGH
CUST003335,Business,VA,Teacher,236365.15,2025-07-27,0,0,0,22592.93,LOW
CUST003336,Individual,FL,Software Engineer,99485.55,2018-10-10,0,0,0,13535.56,LOW
CUST003337,Business,MD,Retail Worker,27565.05,2024-08-29,0,0,0,2460.82,LOW
CUST003338,Individual,NJ,Lawyer,70902.08,2019-03-30,0,0,1,3764.15,MEDIUM
CUST003339,Individual,VA,Accountant,116299.11,2017-08-31,0,0,0,4790.01,LOW
CUST003340,Individual,TX,Trader,77812.09,2024-06-03,0,0,0,10391.44,LOW
CUST003341,Business,PA,Trader,227448.1,2024-12-15,0,0,0,7283.25,LOW
CUST003342,Individual,NJ,Student,42996.24,2022-03-15,0,0,0,1707.0,LOW
CUST003343,Individual,MA,Consultant,168480.12,2017-08-07,0,0,0,5552.65,LOW
CUST003344,Individual,IL,Trader,129396.58,2017-01-09,0,0,0,10088.63,LOW
CUST003345,Individual,NC,Student,79454.65,2018-03-06,0,0,0,7276.21,LOW
CUST003346,Individual,CO,Construction Worker,93023.5,2017-01-13,0,0,0,2556.69,LOW
CUST003347,Individual,CA,Small Business Owner,39725.39,2021-12-04,0,0,1,3553.37,MEDIUM
CUST003348,Individual,MA,Lawyer,61422.2,2025-02-02,0,0,0,4558.75,LOW
CUST003349,Individual,MA,Sales Manager,109138.15,2025-04-06,0,0,0,13282.73,LOW
CUST003350,Individual,GA,Real Estate Agent,68071.73,2018-11-21,0,0,0,8763.87,LOW
CUST003351,Individual,CA,Restaurant Owner,77994.89,2021-11-18,0,0,0,8627.87,LOW
CUST003352,Individual,NY,Accountant,142961.63,2025-08-05,0,0,0,12035.5,LOW
CUST003353,Business,GA,Construction Worker,21710.14,2018-11-08,0,0,1,1129.33,MEDIUM
CUST003354,Individual,IL,Lawyer,95353.23,2023-02-10,0,0,0,12480.72,LOW
CUST003355,Individual,NY,Retail Worker,237992.26,2019-10-02,0,0,0,16114.13,LOW
CUST003356,Individual,CO,Teacher,58704.99,2017-07-27,0,0,0,4082.14,LOW
CUST003357,Individual,FL,Accountant,33405.04,2024-01-20,0,0,0,4660.05,LOW
CUST003358,Individual,VA,Lawyer,58240.29,2020-08-16,0,0,0,8558.39,LOW
CUST003359,Business,NC,Real Estate Agent,27977.05,2024-11-05,0,0,0,3840.31,LOW
CUST003360,Individual,FL,Consultant,86850.08,2019-09-30,0,0,0,13008.35,LOW
CUST003361,Individual,MA,Teacher,71492.1,2023-11-08,0,0,0,9552.32,LOW
CUST003362,Individual,GA,Restaurant Owner,92264.9,2021-11-01,0,0,0,10430.06,LOW
CUST003363,Individual,WA,Doctor,68867.54,2025-01-28,0,0,0,4251.02,LOW
CUST003364,Individual,CA,Restaurant Owner,85184.54,2021-04-03,0,0,0,12276.76,LOW
CUST003365,Business,VA,Student,100514.57,2021-08-10,0,0,0,13527.09,LOW
CUST003366,Individual,MD,Accountant,34433.06,2023-04-11,0,0,0,1897.03,LOW
CUST003367,Individual,NY,Student,93920.0,2022-06-09,0,0,0,8090.77,LOW
CUST003368,Individual,CA,Construction Worker,192255.02,2019-02-10,0,0,0,6489.94,LOW
CUST003369,Individual,GA,Software Engineer,40139.81,2017-08-26,0,0,0,5786.7,LOW
CUST003370,Individual,NC,Lawyer,91642.98,2023-07-21,0,0,0,8852.35,LOW
CUST003371,Individual,MA,Construction Worker,173997.75,2023-06-16,0,0,0,9682.99,LOW
CUST003372,Individual,NJ,Consultant,35399.89,2021-05-04,0,0,0,2178.86,LOW
CUST003373,Individual,FL,Sales Manager,125976.28,2020-07-31,0,0,0,18591.84,LOW
CUST003374,Individual,NY,Accountant,64921.08,2022-09-17,0,0,0,6618.82,LOW
CUST003375,Individual,NC,Small Business Owner,144728.24,2021-12-25,0,0,0,11228.8,LOW
CUST003376,Individual,NY,Small Business Owner,43885.81,2017-02-01,0,0,0,3839.16,LOW
CUST003377,Individual,IL,Software Engineer,74559.86,2017-10-19,0,0,0,2782.48,LOW
CUST003378,Individual,CO,Teacher,27951.48,2017-10-19,0,0,0,960.91,LOW
CUST003379,Individual,NY,Software Engineer,99656.16,2021-07-01,0,0,0,9874.78,LOW
CUST003380,Individual,VA,Consultant,100400.48,2024-09-06,0,0,0,8935.69,LOW
CUST003381,Individual,CO,Trader,106592.13,2020-11-06,0,0,0,7450.17,LOW
CUST003382,Individual,GA,Trader,103237.06,2018-08-01,0,0,0,9886.42,LOW
CUST003383,Individual,NC,Retail Worker,70688.94,2020-03-07,0,0,0,2409.4,LOW
CUST003384,Individual,OH,Student,28703.78,2020-05-08,0,0,0,4104.61,LOW
CUST003385,Individual,NY,Real Estate Agent,142927.67,2024-04-06,0,0,0,8820.63,LOW
CUST003386,Business,NY,Construction Worker,73149.54,2018-03-23,0,0,0,2485.06,LOW
CUST003387,Individual,CA,Accountant,96858.65,2017-10-05,1,0,0,4473.71,HIGH
CUST003388,Individual,NC,Sales Manager,66493.08,2025-04-30,0,0,0,2455.87,LOW
CUST003389,Individual,MD,Consultant,267918.37,2024-01-24,0,0,1,12679.39,MEDIUM
CUST003390,Individual,OH,Trader,51858.38,2021-12-30,0,0,0,3997.98,LOW
CUST003391,Individual,VA,Doctor,50577.97,2020-11-23,1,0,0,5930.59,HIGH
CUST003392,Business,MA,Real Estate Agent,27178.32,2019-09-11,0,0,0,1604.7,LOW
CUST003393,Business,TX,Lawyer,80711.57,2024-04-03,0,0,0,6415.83,LOW
CUST003394,Individual,NC,Consultant,250999.94,2024-02-23,0,0,0,35414.75,LOW
CUST003395,Business,OH,Doctor,81350.14,2025-06-09,0,0,0,5041.9,LOW
CUST003396,Business,CO,Doctor,86930.86,2024-03-23,0,0,0,10808.98,LOW
CUST003397,Business,NY,Doctor,141185.87,2021-04-22,0,0,0,6314.84,LOW
CUST003398,Business,CO,Trader,83333.52,2017-02-28,0,0,0,3940.86,LOW
CUST003399,Individual,WA,Retail Worker,163534.89,2025-08-26,1,0,0,13412.99,HIGH
CUST003400,Individual,MA,Software Engineer,180101.52,2018-04-04,0,0,0,9772.81,LOW
CUST003401,Individual,PA,Small Business Owner,51011.1,2017-04-14,0,0,0,7033.33,LOW
CUST003402,Individual,IL,Restaurant Owner,29598.05,2019-04-11,0,0,0,927.72,LOW
CUST003403,Business,NC,Lawyer,117415.79,2019-02-28,0,0,1,11701.55,MEDIUM
CUST003404,Individual,OH,Construction Worker,92499.06,2022-11-22,0,0,0,9298.81,LOW
CUST003405,Individual,CA,Doctor,38003.53,2019-01-12,0,0,0,1263.74,LOW
CUST003406,Individual,IL,Consultant,48267.74,2021-04-22,0,0,0,5626.6,LOW
CUST003407,Business,NJ,Teacher,48170.41,2023-06-07,0,0,0,4027.63,LOW
CUST003408,Business,MD,Teacher,82544.37,2024-05-25,0,0,0,9524.31,LOW
CUST003409,Individual,CO,Small Business Owner,143421.58,2018-07-09,0,0,0,18410.4,LOW
CUST003410,Individual,NY,Lawyer,148737.15,2018-09-20,0,0,0,9721.82,LOW
CUST003411,Individual,OH,Accountant,125401.82,2020-01-13,0,0,0,10729.47,LOW
CUST003412,Individual,FL,Student,62030.81,2025-02-24,0,0,0,3572.67,LOW
CUST003413,Individual,WA,Doctor,317526.48,2023-08-05,0,0,0,15936.39,LOW
CUST003414,Individual,CA,Consultant,76637.11,2022-11-05,0,0,0,1921.63,LOW
CUST003415,Individual,IL,Doctor,58251.05,2018-03-04,1,0,0,8472.84,HIGH
CUST003416,Individual,NY,Retail Worker,30862.59,2023-08-12,0,0,0,2472.59,LOW
CUST003417,Individual,FL,Lawyer,59834.79,2023-07-19,0,0,0,1593.62,LOW
CUST003418,Individual,FL,Student,99752.37,2023-07-23,0,0,0,2605.26,LOW
CUST003419,Individual,NJ,Doctor,26747.28,2022-01-01,0,0,0,1632.76,LOW
CUST003420,Individual,MA,Construction Worker,40338.88,2022-04-29,0,0,0,1078.75,LOW
CUST003421,Individual,WA,Teacher,55352.2,2022-11-14,0,0,0,3975.08,LOW
CUST003422,Individual,TX,Doctor,45308.05,2022-02-21,0,0,0,1489.15,LOW
CUST003423,Individual,WA,Construction Worker,42942.9,2020-03-05,0,0,0,1284.27,LOW
CUST003424,Individual,NJ,Construction Worker,155786.63,2020-06-25,0,0,0,16929.75,LOW
CUST003425,Business,GA,Software Engineer,25650.07,2019-06-03,0,0,0,3548.82,LOW
CUST003426,Individual,VA,Construction Worker,84055.6,2018-05-01,0,0,0,6402.79,LOW
CUST003427,Individual,MA,Student,105097.57,2020-11-26,0,0,0,13620.26,LOW
CUST003428,Individual,CA,Teacher,54752.91,2018-08-27,0,0,0,1569.12,LOW
CUST003429,Business,OH,Sales Manager,64713.59,2018-02-16,0,0,0,7908.73,LOW
CUST003430,Individual,MA,Accountant,73049.16,2022-06-18,0,0,0,2399.66,LOW
CUST003431,Individual,MD,Retail Worker,113271.45,2022-04-16,0,0,0,14703.19,LOW
CUST003432,Business,NJ,Teacher,202844.03,2023-11-01,0,0,0,27443.94,LOW
CUST003433,Individual,NJ,Consultant,32543.11,2017-09-04,0,0,0,4010.83,LOW
CUST003434,Individual,CA,Accountant,41343.67,2024-09-18,0,0,0,5275.19,LOW
CUST003435,Individual,CA,Construction Worker,42719.15,2024-07-09,0,0,1,4066.25,MEDIUM
CUST003436,Individual,MD,Doctor,74389.87,2023-10-05,0,0,0,4322.84,LOW
CUST003437,Individual,CA,Software Engineer,57837.12,2022-12-12,0,0,0,6096.26,LOW
CUST003438,Individual,MA,Lawyer,115661.06,2025-11-15,0,0,0,9246.26,LOW
CUST003439,Business,VA,Accountant,48948.49,2025-03-08,0,0,0,1256.36,LOW
CUST003440,Business,NY,Lawyer,42103.27,2025-01-03,0,0,0,3562.07,LOW
CUST003441,Individual,IL,Consultant,45670.33,2025-09-18,0,0,0,4859.25,LOW
CUST003442,Individual,PA,Consultant,80857.3,2021-06-11,0,0,0,2161.76,LOW
CUST003443,Individual,CA,Accountant,140335.8,2022-08-23,0,0,0,14408.28,LOW
CUST003444,Business,NC,Software Engineer,72864.77,2019-03-11,0,0,0,7764.94,LOW
CUST003445,Business,CO,Construction Worker,52179.16,2025-06-22,0,0,1,2335.72,MEDIUM
CUST003446,Individual,IL,Sales Manager,38371.46,2019-08-03,0,0,0,3026.9,LOW
CUST003447,Individual,VA,Trader,193940.24,2023-02-26,0,0,0,28226.37,LOW
CUST003448,Individual,PA,Student,23875.69,2020-06-19,0,0,0,3235.72,LOW
CUST003449,Individual,MA,Consultant,66456.03,2020-06-16,0,0,0,5074.1,LOW
CUST003450,Individual,MD,Construction Worker,121305.15,2023-06-09,0,0,0,8337.4,LOW
CUST003451,Individual,IL,Student,65863.19,2020-04-03,0,0,0,2668.12,LOW
CUST003452,Individual,CA,Student,51903.12,2024-08-17,0,0,0,1525.88,LOW
CUST003453,Individual,TX,Consultant,106236.28,2017-06-25,0,0,0,6606.07,LOW
CUST003454,Individual,CO,Sales Manager,36838.0,2019-11-19,0,0,0,5250.72,LOW
CUST003455,Business,NJ,Accountant,24190.85,2024-06-17,0,0,0,3503.48,LOW
CUST003456,Individual,OH,Student,94353.17,2024-01-27,0,0,0,11941.8,LOW
CUST003457,Individual,OH,Doctor,39276.23,2020-08-10,0,0,0,2704.29,LOW
CUST003458,Individual,IL,Teacher,81704.19,2018-04-22,0,0,0,3509.46,LOW
CUST003459,Individual,OH,Retail Worker,69225.22,2023-08-28,0,0,0,6883.87,LOW
CUST003460,Individual,FL,Consultant,88869.38,2024-02-17,0,0,0,9403.55,LOW
CUST003461,Individual,FL,Real Estate Agent,64708.08,2021-09-12,0,0,0,5051.87,LOW
CUST003462,Individual,IL,Student,107337.2,2021-08-02,0,0,0,11963.36,LOW
CUST003463,Individual,CA,Restaurant Owner,47473.98,2017-11-30,0,0,0,5617.84,LOW
CUST003464,Individual,WA,Small Business Owner,124622.99,2020-06-25,0,0,0,15314.01,LOW
CUST003465,Individual,CA,Doctor,33988.86,2020-06-18,0,0,1,2983.79,MEDIUM
CUST003466,Individual,MA,Real Estate Agent,160724.82,2025-09-13,0,0,0,19922.66,LOW
CUST003467,Individual,CA,Construction Worker,284592.44,2025-01-24,0,0,0,8021.11,LOW
CUST003468,Individual,MA,Retail Worker,80460.03,2019-07-20,1,0,0,8854.67,HIGH
CUST003469,Business,MD,Software Engineer,207981.88,2018-11-16,0,0,0,11325.5,LOW
CUST003470,Individual,WA,Trader,246153.08,2018-07-15,1,0,0,14477.5,HIGH
CUST003471,Individual,MD,Student,60878.54,2017-05-03,0,0,0,2216.75,LOW
CUST003472,Individual,TX,Lawyer,77370.09,2019-11-25,0,0,0,3794.93,LOW
CUST003473,Individual,CO,Sales Manager,44181.75,2024-04-19,0,0,0,6583.13,LOW
CUST003474,Individual,MA,Small Business Owner,46073.73,2025-04-24,0,0,0,3544.16,LOW
CUST003475,Business,GA,Software Engineer,87256.64,2019-04-20,0,0,0,12300.63,LOW
CUST003476,Individual,FL,Sales Manager,25898.88,2018-02-20,0,0,0,1174.84,LOW
CUST003477,Business,NC,Retail Worker,129036.75,2018-12-09,0,0,1,6517.3,MEDIUM
CUST003478,Individual,NC,Lawyer,83615.02,2024-05-08,0,0,0,7920.57,LOW
CUST003479,Individual,NJ,Doctor,116787.24,2017-12-13,0,0,0,8022.3,LOW
CUST003480,Individual,MD,Doctor,66630.86,2022-09-16,0,0,0,7028.85,LOW
CUST003481,Individual,FL,Retail Worker,116120.75,2021-09-20,1,0,0,9029.06,HIGH
CUST003482,Individual,MA,Lawyer,88098.68,2024-01-04,0,0,0,11140.05,LOW
CUST003483,Individual,CO,Doctor,104290.93,2019-04-29,0,0,0,8233.24,LOW
CUST003484,Business,GA,Lawyer,134774.24,2018-06-19,0,0,0,13011.6,LOW
CUST003485,Individual,NY,Small Business Owner,32959.23,2025-02-05,0,0,0,2146.77,LOW
CUST003486,Individual,TX,Student,47488.6,2024-09-21,0,0,0,5366.46,LOW
CUST003487,Individual,NC,Retail Worker,337687.92,2021-09-26,0,0,0,36079.18,LOW
CUST003488,Individual,TX,Consultant,85816.84,2022-03-17,0,0,0,6404.09,LOW
CUST003489,Individual,NY,Restaurant Owner,24571.07,2018-10-26,0,0,0,1462.08,LOW
CUST003490,Individual,NJ,Construction Worker,24659.95,2019-11-08,0,0,0,2509.47,LOW
CUST003491,Individual,CO,Teacher,71431.84,2017-01-27,0,0,0,10207.18,LOW
CUST003492,Individual,NC,Sales Manager,53384.16,2024-01-28,0,0,0,2219.73,LOW
CUST003493,Business,OH,Trader,44404.75,2019-11-19,0,0,0,5545.69,LOW
CUST003494,Business,MD,Small Business Owner,240575.13,2021-08-02,0,0,0,22343.17,LOW
CUST003495,Individual,WA,Accountant,59001.61,2025-05-14,0,0,0,5351.15,LOW
CUST003496,Individual,PA,Restaurant Owner,127883.59,2024-05-29,0,0,0,18570.04,LOW
CUST003497,Business,OH,Teacher,88240.78,2021-07-17,0,0,0,8888.88,LOW
CUST003498,Business,GA,Accountant,61917.95,2018-10-02,0,0,0,7975.94,LOW
CUST003499,Individual,MA,Lawyer,35707.73,2025-09-24,0,0,0,3189.05,LOW
CUST003500,Individual,PA,Software Engineer,123654.16,2025-10-09,0,0,1,6953.28,MEDIUM
CUST003501,Individual,NJ,Restaurant Owner,16340.59,2021-10-08,0,0,0,1827.06,LOW
CUST003502,Individual,WA,Real Estate Agent,132082.73,2017-02-11,0,0,0,18544.03,LOW
CUST003503,Business,TX,Trader,82749.98,2025-11-06,0,0,0,10770.22,LOW
CUST003504,Individual,CO,Restaurant Owner,112119.25,2021-09-11,0,0,0,5583.03,LOW
CUST003505,Business,MA,Sales Manager,75379.4,2025-10-02,0,0,0,4870.35,LOW
CUST003506,Individual,MA,Lawyer,33621.46,2023-03-11,0,0,0,3012.82,LOW
CUST003507,Business,WA,Doctor,97367.6,2022-06-10,0,0,0,9391.15,LOW
CUST003508,Individual,FL,Student,130226.22,2024-11-23,0,0,0,6410.62,LOW
CUST003509,Business,GA,Student,54929.0,2018-12-03,0,0,0,2952.52,LOW
CUST003510,Individual,CO,Teacher,114983.99,2020-12-25,0,0,0,13781.28,LOW
CUST003511,Individual,NC,Trader,90944.25,2022-10-29,0,0,0,10575.88,LOW
CUST003512,Individual,WA,Doctor,100519.02,2025-03-22,0,0,0,13057.53,LOW
CUST003513,Business,CA,Software Engineer,42896.51,2020-06-05,0,0,0,6074.84,LOW
CUST003514,Individual,CA,Student,172585.69,2025-01-28,0,0,0,10964.82,LOW
CUST003515,Business,WA,Construction Worker,90913.48,2025-09-02,0,0,0,12041.43,LOW
CUST003516,Business,VA,Software Engineer,128779.22,2023-10-08,0,0,0,13940.54,LOW
CUST003517,Individual,NC,Doctor,58276.02,2022-06-20,0,0,0,8433.78,LOW
CUST003518,Individual,TX,Trader,142021.31,2019-07-08,0,0,0,8380.57,LOW
CUST003519,Individual,WA,Doctor,57009.94,2024-01-08,0,0,0,3346.99,LOW
CUST003520,Individual,NC,Lawyer,42007.43,2017-06-14,0,0,0,4748.38,LOW
CUST003521,Individual,CO,Teacher,237266.9,2020-12-20,0,0,0,33466.82,LOW
CUST003522,Individual,IL,Trader,16042.73,2025-05-03,1,0,0,2054.58,HIGH
CUST003523,Individual,NJ,Consultant,523698.53,2025-04-29,0,0,0,60686.16,LOW
CUST003524,Individual,CA,Student,118346.79,2025-01-19,0,0,0,8688.27,LOW
CUST003525,Individual,PA,Doctor,61121.42,2025-05-22,0,0,0,7011.91,LOW
CUST003526,Individual,OH,Doctor,92706.39,2019-12-02,0,0,0,11600.99,LOW
CUST003527,Business,WA,Construction Worker,118392.29,2021-12-26,0,0,0,14107.71,LOW
CUST003528,Individual,CA,Restaurant Owner,60424.55,2024-08-20,0,0,0,6622.61,LOW
CUST003529,Business,NJ,Restaurant Owner,281574.2,2024-09-03,0,0,0,8698.22,LOW
CUST003530,Individual,NJ,Doctor,195704.34,2023-09-30,0,0,0,21031.24,LOW
CUST003531,Individual,PA,Small Business Owner,441388.54,2025-07-24,0,0,0,37423.94,LOW
CUST003532,Individual,MA,Software Engineer,33904.62,2017-12-02,0,0,0,4922.82,LOW
CUST003533,Individual,VA,Construction Worker,86266.08,2022-04-09,0,0,0,8704.14,LOW
CUST003534,Individual,IL,Software Engineer,30445.25,2019-05-31,1,0,0,3075.84,HIGH
CUST003535,Individual,WA,Accountant,36893.34,2020-12-24,0,0,0,5506.59,LOW
CUST003536,Individual,NY,Consultant,60667.87,2019-08-30,0,0,0,2226.42,LOW
CUST003537,Individual,WA,Restaurant Owner,61385.4,2024-06-25,0,0,0,3654.86,LOW
CUST003538,Individual,MA,Restaurant Owner,95385.4,2024-08-20,0,0,0,10207.18,LOW
CUST003539,Individual,GA,Construction Worker,69794.86,2017-01-30,0,0,0,4495.11,LOW
CUST003540,Individual,FL,Small Business Owner,126149.99,2021-03-21,0,0,0,8612.1,LOW
CUST003541,Individual,TX,Small Business Owner,92275.29,2018-07-29,0,0,0,12603.02,LOW
CUST003542,Individual,MD,Lawyer,218849.58,2017-08-09,0,0,0,21320.16,LOW
CUST003543,Individual,MA,Trader,128536.18,2019-04-07,0,0,0,4866.15,LOW
CUST003544,Individual,CO,Retail Worker,34853.85,2022-07-07,0,0,0,2225.69,LOW
CUST003545,Business,OH,Trader,68232.49,2024-03-26,0,0,0,2354.52,LOW
CUST003546,Individual,MD,Sales Manager,71291.78,2021-02-26,0,0,0,6738.23,LOW
CUST003547,Individual,NJ,Software Engineer,99825.75,2019-01-24,0,0,0,4657.72,LOW
CUST003548,Individual,VA,Trader,150870.15,2020-06-30,0,0,0,19935.89,LOW
CUST003549,Individual,NC,Student,90123.49,2021-05-07,0,0,0,8756.78,LOW
CUST003550,Individual,NY,Construction Worker,109212.26,2025-07-08,0,0,0,3540.88,LOW
CUST003551,Individual,TX,Lawyer,35882.17,2019-10-18,0,0,0,2246.56,LOW
CUST003552,Individual,CA,Trader,55645.82,2021-01-28,0,0,0,5678.22,LOW
CUST003553,Individual,OH,Teacher,21641.41,2022-05-16,0,0,0,1448.62,LOW
CUST003554,Individual,NC,Retail Worker,99958.51,2022-02-06,0,0,0,8911.01,LOW
CUST003555,Individual,WA,Real Estate Agent,129601.16,2023-12-15,0,0,0,17971.83,LOW
CUST003556,Individual,TX,Software Engineer,31821.71,2018-03-14,0,0,0,2187.89,LOW
CUST003557,Individual,NC,Retail Worker,83136.12,2018-04-24,0,0,0,5568.8,LOW
CUST003558,Individual,CA,Construction Worker,70176.08,2019-02-22,0,0,1,8945.32,MEDIUM
CUST003559,Individual,FL,Student,224746.71,2025-03-16,0,0,0,14573.6,LOW
CUST003560,Individual,CO,Lawyer,41936.12,2019-10-05,0,0,0,1457.06,LOW
CUST003561,Individual,MD,Teacher,136222.62,2017-03-13,0,0,0,6486.66,LOW
CUST003562,Business,CA,Consultant,157666.99,2018-08-05,0,0,0,22640.98,LOW
CUST003563,Individual,NY,Retail Worker,66073.63,2017-08-08,0,0,0,9360.1,LOW
CUST003564,Individual,NJ,Consultant,90704.88,2019-10-25,0,0,0,4816.57,LOW
CUST003565,Individual,CO,Doctor,151083.87,2025-05-09,1,0,0,14230.25,HIGH
CUST003566,Individual,MA,Restaurant Owner,36701.26,2017-10-17,0,0,0,1547.73,LOW
CUST003567,Individual,PA,Accountant,56817.27,2018-01-15,0,0,0,6212.1,LOW
CUST003568,Individual,MA,Restaurant Owner,84651.54,2024-10-22,0,0,0,4077.09,LOW
CUST003569,Individual,MA,Real Estate Agent,286891.61,2020-10-10,0,0,0,8957.85,LOW
CUST003570,Business,CA,Small Business Owner,57837.48,2024-08-22,0,0,0,7409.68,LOW
CUST003571,Individual,MD,Sales Manager,62982.86,2022-05-13,0,0,0,4136.4,LOW
CUST003572,Individual,WA,Trader,205017.55,2022-10-29,0,0,0,7906.56,LOW
CUST003573,Business,CO,Lawyer,115402.32,2017-03-07,0,0,0,14914.36,LOW
CUST003574,Business,NC,Lawyer,309866.72,2022-12-24,0,0,0,37276.87,LOW
CUST003575,Business,TX,Student,152642.35,2018-02-03,0,0,0,16862.37,LOW
CUST003576,Individual,PA,Teacher,68209.5,2017-12-13,1,0,0,9474.71,HIGH
CUST003577,Individual,VA,Consultant,62185.48,2022-06-08,0,0,0,5357.48,LOW
CUST003578,Individual,PA,Construction Worker,43881.89,2022-10-08,0,0,0,1799.47,LOW
CUST003579,Individual,CO,Trader,32111.75,2019-02-17,0,0,0,1049.04,LOW
CUST003580,Individual,TX,Consultant,93598.87,2024-01-11,0,0,0,6065.69,LOW
CUST003581,Individual,TX,Student,112730.7,2022-03-19,0,0,0,4041.83,LOW
CUST003582,Business,VA,Sales Manager,121911.93,2024-07-24,0,0,0,11208.42,LOW
CUST003583,Individual,CO,Construction Worker,69215.71,2025-04-13,0,0,0,1855.84,LOW
CUST003584,Business,NJ,Construction Worker,262975.97,2017-03-20,0,0,0,21161.78,LOW
CUST003585,Individual,NY,Real Estate Agent,31015.87,2021-05-01,0,0,0,1467.28,LOW
CUST003586,Individual,FL,Student,28815.2,2021-11-14,0,0,1,2046.84,MEDIUM
CUST003587,Individual,NY,Retail Worker,44023.96,2022-12-03,0,0,0,4815.31,LOW
CUST003588,Individual,MD,Sales Manager,75290.82,2019-09-13,1,0,0,5185.31,HIGH
CUST003589,Individual,TX,Restaurant Owner,36758.25,2021-01-25,0,0,0,2487.34,LOW
CUST003590,Individual,WA,Sales Manager,180007.47,2021-07-08,0,0,0,26793.0,LOW
CUST003591,Business,MD,Small Business Owner,46393.56,2022-12-14,0,0,0,5328.39,LOW
CUST003592,Individual,MD,Doctor,41309.28,2021-06-14,0,0,0,3686.14,LOW
CUST003593,Individual,IL,Sales Manager,148902.16,2024-03-05,0,0,0,14506.34,LOW
CUST003594,Individual,VA,Trader,85825.95,2019-08-23,0,0,0,8799.12,LOW
CUST003595,Individual,IL,Consultant,124903.81,2023-12-23,0,0,0,3506.29,LOW
CUST003596,Individual,OH,Retail Worker,72715.42,2019-04-09,0,0,0,2547.44,LOW
CUST003597,Individual,FL,Doctor,89490.08,2025-09-09,0,0,0,9499.25,LOW
CUST003598,Individual,TX,Teacher,29538.1,2024-04-27,0,0,0,2084.17,LOW
CUST003599,Individual,IL,Accountant,68128.25,2020-04-12,0,0,0,2175.37,LOW
CUST003600,Individual,CO,Small Business Owner,37949.32,2023-11-05,1,0,0,2360.04,HIGH
CUST003601,Individual,MD,Consultant,267158.62,2025-08-30,0,0,0,11029.76,LOW
CUST003602,Individual,OH,Real Estate Agent,173785.54,2021-09-15,0,0,0,24249.9,LOW
CUST003603,Individual,FL,Doctor,49030.26,2023-08-30,0,0,0,2469.44,LOW
CUST003604,Individual,PA,Trader,65534.52,2020-05-13,0,0,0,2815.45,LOW
CUST003605,Individual,FL,Construction Worker,67573.49,2023-08-08,0,0,0,6978.39,LOW
CUST003606,Individual,OH,Retail Worker,304161.83,2022-01-15,0,0,0,27447.26,LOW
CUST003607,Business,VA,Restaurant Owner,97042.3,2018-05-13,0,0,0,9412.28,LOW
CUST003608,Individual,PA,Sales Manager,56790.79,2018-06-21,0,0,0,4514.5,LOW
CUST003609,Business,NJ,Sales Manager,82502.9,2022-08-26,1,0,0,6880.43,HIGH
CUST003610,Business,CO,Real Estate Agent,27617.34,2025-04-17,0,0,0,3378.97,LOW
CUST003611,Individual,MD,Consultant,71493.07,2020-03-10,0,0,0,3752.69,LOW
CUST003612,Individual,VA,Student,37147.89,2022-05-26,0,0,0,2769.98,LOW
CUST003613,Individual,OH,Retail Worker,22567.37,2024-04-21,0,0,0,3266.13,LOW
CUST003614,Individual,IL,Trader,272806.1,2017-10-27,0,0,0,13298.81,LOW
CUST003615,Individual,FL,Lawyer,73695.57,2023-07-15,0,0,0,4548.62,LOW
CUST003616,Individual,FL,Real Estate Agent,45420.2,2017-10-30,0,0,0,2223.13,LOW
CUST003617,Individual,VA,Accountant,24886.4,2018-08-15,0,0,0,685.92,LOW
CUST003618,Business,FL,Sales Manager,64959.42,2017-03-17,0,0,0,3814.98,LOW
CUST003619,Individual,OH,Consultant,68069.09,2019-07-03,0,0,0,2097.1,LOW
CUST003620,Individual,NC,Teacher,123318.66,2019-02-19,0,0,0,5467.41,LOW
CUST003621,Individual,NC,Restaurant Owner,40346.15,2019-07-10,0,0,0,2837.76,LOW
CUST003622,Individual,WA,Teacher,53013.43,2021-03-04,0,0,0,1462.65,LOW
CUST003623,Individual,FL,Doctor,41120.37,2025-08-13,0,0,0,4898.24,LOW
CUST003624,Business,VA,Student,65089.0,2021-10-16,0,0,0,8100.24,LOW
CUST003625,Individual,WA,Sales Manager,20533.18,2022-07-29,0,0,0,1569.28,LOW
CUST003626,Individual,NC,Doctor,44467.45,2023-08-11,0,0,0,6584.88,LOW
CUST003627,Individual,MA,Restaurant Owner,112934.01,2024-05-24,0,0,0,12408.54,LOW
CUST003628,Business,NJ,Retail Worker,33816.51,2019-10-03,0,0,1,3989.17,MEDIUM
CUST003629,Individual,MA,Sales Manager,143619.43,2021-08-29,0,0,0,7042.75,LOW
CUST003630,Individual,NC,Doctor,132313.39,2023-09-10,0,0,0,17158.36,LOW
CUST003631,Individual,GA,Student,139707.83,2019-03-15,0,0,0,19996.49,LOW
CUST003632,Individual,VA,Trader,74779.82,2019-11-18,0,0,0,4078.4,LOW
CUST003633,Individual,MA,Software Engineer,70536.34,2024-12-02,0,0,0,7815.99,LOW
CUST003634,Individual,TX,Software Engineer,92317.54,2019-05-22,0,0,0,10927.41,LOW
CUST003635,Individual,PA,Real Estate Agent,176913.62,2025-08-29,0,0,0,11171.41,LOW
CUST003636,Individual,TX,Real Estate Agent,166753.76,2017-04-25,0,0,0,14070.04,LOW
CUST003637,Business,NY,Consultant,25458.13,2025-11-05,0,0,0,946.85,LOW
CUST003638,Individual,NC,Real Estate Agent,42486.66,2018-01-08,0,0,0,1981.44,LOW
CUST003639,Individual,NC,Small Business Owner,37804.47,2019-04-30,0,0,0,1236.07,LOW
CUST003640,Individual,MA,Accountant,120288.2,2022-11-08,0,0,0,11429.87,LOW
CUST003641,Individual,VA,Real Estate Agent,48228.62,2019-01-27,0,0,0,4975.16,LOW
CUST003642,Business,IL,Sales Manager,65712.17,2020-08-14,0,0,1,9167.83,MEDIUM
CUST003643,Individual,CA,Accountant,227614.79,2017-01-31,0,0,0,21116.53,LOW
CUST003644,Individual,MA,Real Estate Agent,155409.06,2022-01-27,0,0,0,8947.9,LOW
CUST003645,Individual,MD,Teacher,183463.81,2023-08-03,0,0,0,5950.5,LOW
CUST003646,Individual,NJ,Small Business Owner,47062.1,2023-11-23,0,0,0,6382.52,LOW
CUST003647,Individual,NC,Small Business Owner,12379.79,2025-10-05,0,0,0,1050.52,LOW
CUST003648,Individual,MA,Construction Worker,57997.33,2021-12-11,0,0,0,6795.27,LOW
CUST003649,Individual,WA,Accountant,29415.49,2023-05-07,0,0,0,789.25,LOW
CUST003650,Business,NY,Retail Worker,21196.92,2020-12-07,0,0,0,1823.3,LOW
CUST003651,Individual,MD,Consultant,156198.16,2023-03-07,0,0,0,10264.61,LOW
CUST003652,Individual,NC,Restaurant Owner,42004.91,2018-11-21,0,0,0,1209.38,LOW
CUST003653,Business,FL,Accountant,44399.25,2020-04-29,0,0,0,5414.89,LOW
CUST003654,Individual,CO,Doctor,59130.19,2018-04-02,0,0,0,5269.25,LOW
CUST003655,Individual,NY,Construction Worker,218701.88,2018-03-25,0,0,0,14575.94,LOW
CUST003656,Individual,NY,Teacher,67521.01,2017-03-09,0,0,0,8489.07,LOW
CUST003657,Individual,PA,Software Engineer,139215.26,2022-02-06,0,0,0,11257.7,LOW
CUST003658,Individual,MD,Small Business Owner,61100.09,2021-12-08,0,0,0,1554.22,LOW
CUST003659,Individual,MD,Teacher,26847.91,2021-12-11,0,0,0,3840.75,LOW
CUST003660,Business,NC,Real Estate Agent,34608.34,2019-05-24,0,0,0,1971.3,LOW
CUST003661,Individual,MD,Consultant,74815.63,2018-04-12,0,0,0,9637.89,LOW
CUST003662,Individual,OH,Small Business Owner,80435.15,2017-05-08,0,0,0,10219.44,LOW
CUST003663,Individual,CO,Construction Worker,106724.37,2021-12-05,0,0,0,4834.27,LOW
CUST003664,Individual,CA,Doctor,106753.16,2019-01-03,1,0,0,8993.99,HIGH
CUST003665,Individual,NY,Accountant,134638.56,2020-06-21,0,0,0,4042.51,LOW
CUST003666,Individual,OH,Teacher,45492.13,2022-04-13,0,0,0,3153.47,LOW
CUST003667,Business,PA,Construction Worker,245962.8,2019-11-09,0,0,0,28623.27,LOW
CUST003668,Individual,FL,Trader,261041.79,2020-11-20,0,0,0,14261.67,LOW
CUST003669,Individual,TX,Accountant,53471.03,2018-01-03,0,0,0,2119.64,LOW
CUST003670,Individual,NC,Sales Manager,44765.63,2022-10-07,0,0,0,3956.85,LOW
CUST003671,Individual,VA,Consultant,23508.49,2024-02-18,0,0,0,2165.68,LOW
CUST003672,Individual,FL,Sales Manager,83811.15,2025-09-09,1,0,0,9175.53,HIGH
CUST003673,Individual,MD,Small Business Owner,100642.25,2022-09-27,0,0,0,12066.22,LOW
CUST003674,Individual,OH,Restaurant Owner,51466.22,2024-02-23,0,0,0,5762.99,LOW
CUST003675,Individual,IL,Software Engineer,90132.89,2024-03-25,0,0,0,11778.25,LOW
CUST003676,Individual,NY,Consultant,30429.4,2019-03-23,0,0,0,1608.6,LOW
CUST003677,Individual,CO,Sales Manager,140678.35,2017-02-28,0,0,0,13536.19,LOW
CUST003678,Individual,MD,Real Estate Agent,53109.32,2017-06-10,0,0,0,3718.29,LOW
CUST003679,Individual,OH,Student,90484.8,2017-04-13,0,0,0,13144.19,LOW
CUST003680,Individual,NY,Restaurant Owner,85977.89,2019-04-26,0,0,0,6881.24,LOW
CUST003681,Individual,TX,Lawyer,20972.27,2018-02-16,0,0,0,3040.23,LOW
CUST003682,Individual,NJ,Real Estate Agent,128973.79,2019-02-25,0,0,0,15623.01,LOW
CUST003683,Individual,NY,Sales Manager,45042.21,2017-07-02,0,0,0,5171.21,LOW
CUST003684,Individual,MD,Teacher,85551.3,2023-10-01,0,0,0,7395.52,LOW
CUST003685,Individual,OH,Restaurant Owner,29996.05,2025-09-23,0,0,0,2412.35,LOW
CUST003686,Individual,VA,Real Estate Agent,54920.84,2022-08-09,0,0,0,4987.83,LOW
CUST003687,Business,CO,Restaurant Owner,94973.69,2023-09-13,0,0,0,5860.27,LOW
CUST003688,Individual,CA,Consultant,37186.33,2019-08-15,0,0,0,5134.08,LOW
CUST003689,Individual,CO,Small Business Owner,38534.2,2024-09-27,0,0,0,4789.47,LOW
CUST003690,Individual,VA,Construction Worker,81351.75,2024-05-26,0,0,0,10183.16,LOW
CUST003691,Business,MD,Software Engineer,67262.56,2018-03-13,1,0,0,5323.44,HIGH
CUST003692,Individual,GA,Software Engineer,94116.76,2023-06-24,0,0,0,3189.25,LOW
CUST003693,Individual,MD,Real Estate Agent,59051.7,2022-01-14,0,0,0,6518.4,LOW
CUST003694,Individual,MD,Real Estate Agent,113802.24,2018-08-29,0,0,0,8171.19,LOW
CUST003695,Individual,NY,Restaurant Owner,51881.75,2025-02-06,0,0,0,6941.97,LOW
CUST003696,Individual,NC,Lawyer,110562.4,2021-01-10,0,0,0,13548.57,LOW
CUST003697,Business,MD,Teacher,41599.16,2018-05-12,0,0,0,1795.67,LOW
CUST003698,Individual,CO,Lawyer,50417.79,2020-09-28,0,0,0,5052.59,LOW
CUST003699,Business,GA,Real Estate Agent,120593.36,2023-10-11,0,0,0,13449.38,LOW
CUST003700,Individual,CO,Trader,53685.38,2024-11-05,0,0,0,5154.72,LOW
CUST003701,Individual,FL,Restaurant Owner,35029.42,2022-01-26,1,0,0,3126.56,HIGH
CUST003702,Individual,MA,Retail Worker,230918.18,2019-10-20,0,0,0,12350.17,LOW
CUST003703,Individual,MD,Sales Manager,73306.66,2023-04-07,0,0,0,3994.36,LOW
CUST003704,Business,NJ,Software Engineer,101893.89,2025-07-28,0,0,0,12329.26,LOW
CUST003705,Business,MD,Sales Manager,17238.34,2024-10-15,0,0,0,471.23,LOW
CUST003706,Business,PA,Real Estate Agent,178245.83,2023-03-01,0,0,0,21810.83,LOW
CUST003707,Individual,WA,Consultant,418860.62,2021-11-08,0,0,0,38053.42,LOW
CUST003708,Individual,NJ,Doctor,168158.45,2021-01-29,1,0,0,23883.18,HIGH
CUST003709,Individual,VA,Restaurant Owner,184480.7,2020-08-12,1,0,0,27610.34,HIGH
CUST003710,Business,OH,Software Engineer,57500.16,2023-05-24,0,0,0,6206.31,LOW
CUST003711,Individual,NC,Trader,88338.24,2022-10-22,0,0,0,6760.72,LOW
CUST003712,Individual,CO,Real Estate Agent,103000.96,2024-08-05,0,0,0,8691.81,LOW
CUST003713,Individual,MD,Trader,47657.57,2017-12-03,0,0,0,2407.99,LOW
CUST003714,Individual,WA,Construction Worker,69189.53,2017-07-22,0,0,0,2587.99,LOW
CUST003715,Business,FL,Restaurant Owner,39128.17,2017-08-19,0,0,0,3808.95,LOW
CUST003716,Individual,NJ,Teacher,57998.03,2025-01-30,0,0,0,7289.59,LOW
CUST003717,Individual,PA,Trader,129550.09,2025-07-26,0,0,0,7477.74,LOW
CUST003718,Individual,WA,Real Estate Agent,23801.35,2024-05-15,0,0,0,1843.57,LOW
CUST003719,Individual,TX,Restaurant Owner,139352.33,2025-02-10,0,0,1,13147.43,MEDIUM
CUST003720,Individual,CA,Real Estate Agent,26902.08,2023-05-17,0,0,0,3725.59,LOW
CUST003721,Individual,NJ,Student,77601.34,2019-03-20,1,0,0,3284.78,HIGH
CUST003722,Business,FL,Doctor,82328.8,2020-08-21,0,0,0,4496.01,LOW
CUST003723,Business,NY,Accountant,108833.44,2018-04-11,0,0,0,15216.69,LOW
CUST003724,Individual,PA,Accountant,66695.47,2024-08-16,0,0,0,1996.99,LOW
CUST003725,Individual,WA,Student,38032.33,2020-04-12,0,0,0,4070.01,LOW
CUST003726,Business,MD,Lawyer,84556.44,2019-03-15,0,0,0,8873.41,LOW
CUST003727,Individual,WA,Restaurant Owner,307851.26,2017-09-23,0,0,0,22444.45,LOW
CUST003728,Individual,CA,Teacher,74300.83,2023-04-14,0,0,0,6205.65,LOW
CUST003729,Individual,WA,Small Business Owner,42291.81,2022-10-27,0,0,0,5576.8,LOW
CUST003730,Individual,GA,Real Estate Agent,55359.31,2021-07-29,0,0,0,2525.64,LOW
CUST003731,Individual,IL,Restaurant Owner,82693.65,2024-12-11,0,0,0,4460.99,LOW
CUST003732,Business,GA,Construction Worker,62984.22,2023-04-20,0,0,0,5608.35,LOW
CUST003733,Individual,NC,Trader,57544.59,2023-11-28,0,0,0,4385.94,LOW
CUST003734,Individual,WA,Teacher,177739.5,2017-06-25,0,0,0,17204.57,LOW
CUST003735,Individual,PA,Construction Worker,104974.9,2020-12-15,1,0,0,14707.5,HIGH
CUST003736,Individual,NJ,Small Business Owner,69439.13,2025-04-07,0,0,0,9696.32,LOW
CUST003737,Individual,NC,Student,69785.76,2021-05-15,0,0,0,3751.14,LOW
CUST003738,Individual,FL,Consultant,83935.98,2017-09-11,0,0,0,5268.5,LOW
CUST003739,Individual,NC,Accountant,107952.62,2021-03-24,1,0,0,4885.78,HIGH
CUST003740,Individual,CO,Accountant,172602.77,2019-06-22,0,0,0,24332.47,LOW
CUST003741,Business,NY,Sales Manager,57382.83,2022-11-25,0,0,0,4288.39,LOW
CUST003742,Individual,NJ,Real Estate Agent,39295.67,2020-04-09,0,0,0,3191.32,LOW
CUST003743,Individual,TX,Doctor,52248.86,2022-10-07,0,0,0,6548.35,LOW
CUST003744,Individual,NJ,Student,42451.11,2020-09-22,0,0,0,3783.31,LOW
CUST003745,Individual,NJ,Restaurant Owner,27815.22,2025-03-09,0,0,0,1111.76,LOW
CUST003746,Individual,MD,Student,187612.33,2017-03-25,0,0,0,14958.54,LOW
CUST003747,Individual,FL,Restaurant Owner,130708.43,2020-02-15,0,0,0,13569.56,LOW
CUST003748,Individual,CA,Lawyer,16999.81,2018-12-13,0,0,0,1953.3,LOW
CUST003749,Individual,CO,Student,86414.34,2021-04-07,0,0,0,9131.32,LOW
CUST003750,Business,WA,Consultant,58710.03,2021-10-28,0,0,0,2342.39,LOW
CUST003751,Business,CA,Trader,54333.87,2022-04-25,0,0,0,3425.37,LOW
CUST003752,Business,TX,Retail Worker,14898.33,2021-12-12,0,0,0,1738.57,LOW
CUST003753,Individual,MA,Doctor,73779.42,2019-06-20,0,0,1,9961.98,MEDIUM
CUST003754,Individual,NY,Lawyer,78845.72,2025-09-09,0,0,0,2436.2,LOW
CUST003755,Individual,GA,Restaurant Owner,34900.67,2018-10-19,0,0,0,1056.74,LOW
CUST003756,Individual,CO,Doctor,215351.83,2023-11-09,0,0,0,22703.59,LOW
CUST003757,Individual,NY,Teacher,125444.7,2018-10-21,0,0,0,11729.8,LOW
CUST003758,Individual,OH,Student,37501.07,2024-09-21,0,0,0,1665.7,LOW
CUST003759,Individual,WA,Sales Manager,145834.27,2024-10-09,0,0,0,13640.82,LOW
CUST003760,Business,OH,Real Estate Agent,55416.54,2019-05-01,0,0,0,8135.75,LOW
CUST003761,Individual,OH,Software Engineer,148905.0,2024-01-18,0,0,0,15465.65,LOW
CUST003762,Individual,NY,Teacher,29359.16,2023-05-03,0,0,0,2382.28,LOW
CUST003763,Individual,IL,Construction Worker,83766.09,2017-05-21,0,0,0,10759.05,LOW
CUST003764,Individual,GA,Accountant,34018.78,2025-01-21,0,0,0,1755.46,LOW
CUST003765,Individual,TX,Sales Manager,43518.93,2023-09-20,0,0,0,3341.85,LOW
CUST003766,Individual,WA,Software Engineer,21368.25,2023-05-30,0,0,0,1943.89,LOW
CUST003767,Individual,PA,Consultant,33619.02,2022-04-14,0,0,0,2960.74,LOW
CUST003768,Individual,NC,Student,33491.63,2019-11-21,0,0,0,4692.9,LOW
CUST003769,Individual,CO,Retail Worker,30876.96,2025-11-17,0,0,1,1901.51,MEDIUM
CUST003770,Individual,TX,Consultant,84782.37,2023-07-31,0,0,0,2718.37,LOW
CUST003771,Individual,CO,Restaurant Owner,23794.75,2023-03-03,0,0,0,3320.49,LOW
CUST003772,Business,IL,Trader,91077.87,2021-02-10,0,0,0,4748.2,LOW
CUST003773,Individual,GA,Lawyer,144216.74,2025-04-30,0,0,0,10438.19,LOW
CUST003774,Individual,VA,Software Engineer,42081.25,2023-05-28,0,0,0,3844.6,LOW
CUST003775,Individual,MD,Accountant,70971.06,2017-04-21,0,0,0,10431.69,LOW
CUST003776,Business,FL,Real Estate Agent,60299.24,2019-12-28,0,0,0,5542.02,LOW
CUST003777,Business,IL,Retail Worker,57397.68,2021-09-15,0,0,0,4647.37,LOW
CUST003778,Individual,TX,Doctor,14245.18,2023-08-18,0,0,0,1395.38,LOW
CUST003779,Individual,WA,Student,36055.6,2017-07-15,0,0,0,5276.77,LOW
CUST003780,Business,MA,Trader,193914.06,2017-05-06,0,1,0,24674.22,HIGH
CUST003781,Individual,WA,Restaurant Owner,92571.98,2017-09-19,0,0,1,4269.51,MEDIUM
CUST003782,Individual,GA,Student,64109.61,2025-01-13,0,0,0,8039.83,LOW
CUST003783,Individual,MA,Consultant,20166.26,2019-07-13,0,0,0,2624.38,LOW
CUST003784,Business,CA,Sales Manager,110282.76,2021-12-27,0,0,1,12278.53,MEDIUM
CUST003785,Individual,GA,Sales Manager,41467.65,2023-01-12,0,0,0,4443.43,LOW
CUST003786,Individual,GA,Software Engineer,33553.25,2021-05-24,0,0,0,2687.94,LOW
CUST003787,Individual,OH,Consultant,35812.35,2017-04-18,0,0,0,3767.89,LOW
CUST003788,Individual,IL,Software Engineer,104523.19,2022-09-14,0,0,0,12249.79,LOW
CUST003789,Individual,WA,Real Estate Agent,71619.19,2025-07-13,0,0,0,2890.02,LOW
CUST003790,Business,NC,Accountant,131561.75,2018-10-17,1,0,0,7520.89,HIGH
CUST003791,Individual,VA,Doctor,155898.77,2024-08-02,0,0,0,7679.61,LOW
CUST003792,Individual,OH,Real Estate Agent,46378.41,2022-07-07,0,0,0,6036.22,LOW
CUST003793,Individual,TX,Teacher,72947.22,2019-09-25,0,0,0,8024.22,LOW
CUST003794,Individual,FL,Sales Manager,61591.73,2023-09-30,0,0,0,5010.32,LOW
CUST003795,Individual,NY,Accountant,30948.34,2025-05-06,0,0,0,3969.34,LOW
CUST003796,Individual,NJ,Real Estate Agent,33982.33,2017-10-12,0,0,0,3894.3,LOW
CUST003797,Individual,FL,Retail Worker,67408.85,2021-01-10,0,0,0,9383.25,LOW
CUST003798,Individual,NY,Student,72269.01,2024-01-10,0,0,0,2500.57,LOW
CUST003799,Individual,CA,Consultant,72371.61,2017-01-27,0,0,0,6415.36,LOW
CUST003800,Individual,CO,Sales Manager,72445.41,2023-03-25,0,0,0,8211.22,LOW
CUST003801,Individual,TX,Accountant,44127.88,2021-05-11,0,0,0,2247.73,LOW
CUST003802,Business,WA,Trader,297800.22,2020-10-23,0,0,0,19622.29,LOW
CUST003803,Individual,NC,Retail Worker,87196.16,2019-04-28,0,0,0,6746.54,LOW
CUST003804,Business,PA,Consultant,51593.49,2020-02-03,0,0,0,6412.59,LOW
CUST003805,Individual,GA,Trader,97416.32,2017-01-18,0,0,0,8445.71,LOW
CUST003806,Business,NC,Teacher,43128.85,2025-12-21,0,0,0,3735.34,LOW
CUST003807,Individual,CO,Construction Worker,76314.78,2022-09-22,0,0,0,6018.26,LOW
CUST003808,Individual,OH,Lawyer,97313.76,2022-11-07,0,0,1,5213.45,MEDIUM
CUST003809,Individual,VA,Accountant,107296.6,2024-03-18,0,0,0,15062.72,LOW
CUST003810,Individual,MD,Retail Worker,33123.16,2017-06-06,0,0,0,2143.9,LOW
CUST003811,Individual,FL,Consultant,537215.09,2020-07-13,0,0,0,51536.77,LOW
CUST003812,Individual,NY,Consultant,161686.51,2022-12-22,0,0,0,7049.12,LOW
CUST003813,Individual,PA,Real Estate Agent,281073.54,2023-11-17,1,0,0,22283.63,HIGH
CUST003814,Individual,FL,Software Engineer,63498.27,2021-06-13,0,0,1,8761.2,MEDIUM
CUST003815,Individual,TX,Real Estate Agent,88049.84,2021-11-07,0,0,0,13157.57,LOW
CUST003816,Individual,WA,Retail Worker,76798.62,2020-03-01,0,0,0,5392.72,LOW
CUST003817,Individual,MA,Restaurant Owner,52557.07,2024-08-20,0,0,0,2325.59,LOW
CUST003818,Business,FL,Student,122723.51,2019-11-24,0,0,0,7891.91,LOW
CUST003819,Business,FL,Trader,42229.32,2022-11-01,0,0,0,2783.13,LOW
CUST003820,Individual,MD,Accountant,118078.68,2025-02-24,0,0,0,12464.81,LOW
CUST003821,Individual,WA,Real Estate Agent,54256.82,2020-03-01,0,0,0,4721.41,LOW
CUST003822,Individual,NC,Consultant,97208.31,2024-12-23,0,0,0,11767.79,LOW
CUST003823,Individual,VA,Trader,193940.03,2017-07-23,0,0,0,21849.85,LOW
CUST003824,Individual,OH,Consultant,68788.0,2021-12-28,0,0,0,3880.58,LOW
CUST003825,Individual,VA,Construction Worker,124540.82,2020-09-21,0,0,0,15322.5,LOW
CUST003826,Individual,MD,Accountant,53876.83,2019-08-20,0,0,0,7054.24,LOW
CUST003827,Individual,CA,Lawyer,34800.13,2023-12-20,0,0,0,3473.01,LOW
CUST003828,Individual,MD,Lawyer,220878.34,2018-03-18,0,0,0,31134.67,LOW
CUST003829,Business,VA,Construction Worker,121936.33,2024-11-15,0,0,0,14982.14,LOW
CUST003830,Individual,IL,Small Business Owner,68725.12,2020-08-08,0,0,0,6832.96,LOW
CUST003831,Individual,CO,Sales Manager,117937.37,2020-02-23,0,0,0,16307.29,LOW
CUST003832,Individual,FL,Student,38738.4,2021-08-14,0,0,0,3875.58,LOW
CUST003833,Business,WA,Teacher,99977.37,2019-05-21,0,0,0,9012.85,LOW
CUST003834,Individual,VA,Real Estate Agent,86361.45,2020-04-13,0,0,0,6004.91,LOW
CUST003835,Individual,IL,Doctor,114473.32,2022-03-23,0,0,0,15494.87,LOW
CUST003836,Individual,WA,Retail Worker,218025.75,2021-02-24,0,0,0,8795.35,LOW
CUST003837,Business,OH,Retail Worker,192259.88,2024-12-26,0,0,0,16185.94,LOW
CUST003838,Individual,WA,Teacher,30409.12,2017-03-21,0,0,0,2803.01,LOW
CUST003839,Business,MD,Sales Manager,20503.14,2024-10-30,0,0,0,1934.34,LOW
CUST003840,Individual,CA,Lawyer,87987.92,2025-02-10,0,0,0,9369.5,LOW
CUST003841,Individual,MD,Accountant,83726.69,2020-08-21,0,0,0,7386.74,LOW
CUST003842,Individual,CO,Real Estate Agent,35837.13,2020-09-29,0,0,0,2046.38,LOW
CUST003843,Individual,WA,Sales Manager,40164.66,2018-07-24,0,0,0,5306.48,LOW
CUST003844,Individual,TX,Student,45456.62,2020-01-20,0,0,0,4872.53,LOW
CUST003845,Individual,FL,Small Business Owner,178619.3,2024-12-19,0,0,0,23626.6,LOW
CUST003846,Individual,NY,Software Engineer,55167.03,2023-01-26,0,0,0,3282.74,LOW
CUST003847,Business,MD,Construction Worker,28218.17,2025-05-18,0,0,0,2952.53,LOW
CUST003848,Individual,NY,Teacher,71923.82,2023-04-03,0,0,0,8218.86,LOW
CUST003849,Individual,NY,Trader,74867.11,2018-02-03,0,0,0,5459.73,LOW
CUST003850,Individual,WA,Software Engineer,38344.61,2024-03-20,0,0,0,4851.76,LOW
CUST003851,Individual,OH,Construction Worker,110083.68,2019-04-01,0,0,0,2786.61,LOW
CUST003852,Individual,PA,Teacher,157070.3,2025-05-19,0,0,0,15607.29,LOW
CUST003853,Individual,IL,Retail Worker,59530.83,2023-11-30,0,0,0,6054.05,LOW
CUST003854,Business,IL,Retail Worker,28217.62,2019-04-25,0,0,0,2588.41,LOW
CUST003855,Individual,WA,Consultant,62774.8,2024-03-17,0,0,0,6513.27,LOW
CUST003856,Individual,TX,Construction Worker,91247.51,2025-08-26,0,0,0,4188.57,LOW
CUST003857,Individual,TX,Doctor,18445.99,2024-04-16,1,0,0,2040.08,HIGH
CUST003858,Individual,GA,Lawyer,102562.68,2024-04-07,0,0,0,6868.99,LOW
CUST003859,Individual,WA,Student,58776.35,2025-03-28,0,0,0,4790.67,LOW
CUST003860,Business,NJ,Restaurant Owner,77161.8,2024-09-26,0,0,0,5141.96,LOW
CUST003861,Individual,MD,Accountant,62130.26,2020-06-30,0,0,0,5233.98,LOW
CUST003862,Individual,CA,Accountant,45959.12,2017-12-24,0,0,0,4719.82,LOW
CUST003863,Individual,NY,Lawyer,69779.73,2025-07-27,0,0,0,9056.92,LOW
CUST003864,Individual,CA,Sales Manager,53876.26,2020-11-23,0,0,0,4602.62,LOW
CUST003865,Individual,MD,Trader,59445.53,2018-06-05,0,0,0,3887.91,LOW
CUST003866,Individual,MD,Construction Worker,42318.16,2024-01-17,0,0,0,3639.05,LOW
CUST003867,Individual,NY,Teacher,106313.46,2018-01-28,0,0,0,11811.47,LOW
CUST003868,Individual,MA,Small Business Owner,167571.0,2021-07-25,0,0,0,11451.4,LOW
CUST003869,Individual,MA,Sales Manager,42515.03,2020-10-27,0,0,0,3264.53,LOW
CUST003870,Individual,WA,Teacher,69516.1,2023-01-10,0,0,0,6628.71,LOW
CUST003871,Individual,CO,Restaurant Owner,36804.2,2019-06-12,0,0,0,2272.7,LOW
CUST003872,Individual,MA,Lawyer,96516.12,2019-09-11,0,0,0,4935.41,LOW
CUST003873,Individual,CO,Student,86768.71,2023-12-03,0,0,0,3691.92,LOW
CUST003874,Business,VA,Lawyer,51478.41,2018-08-06,0,0,0,3555.94,LOW
CUST003875,Individual,MD,Real Estate Agent,71072.56,2022-05-10,0,0,0,2206.3,LOW
CUST003876,Individual,NC,Student,131619.77,2024-12-14,0,0,0,12890.22,LOW
CUST003877,Individual,PA,Sales Manager,26382.39,2017-01-20,0,0,1,1239.67,MEDIUM
CUST003878,Business,CO,Real Estate Agent,32388.49,2024-03-25,0,0,0,2337.62,LOW
CUST003879,Individual,GA,Lawyer,109473.29,2022-05-28,0,0,1,6420.92,MEDIUM
CUST003880,Individual,CO,Lawyer,77703.38,2023-03-26,0,0,0,8065.51,LOW
CUST003881,Individual,TX,Restaurant Owner,71656.21,2017-01-19,1,0,0,9407.97,HIGH
CUST003882,Individual,PA,Real Estate Agent,138438.88,2023-10-28,0,0,0,14420.16,LOW
CUST003883,Business,CA,Trader,118554.19,2023-08-13,0,0,0,11003.38,LOW
CUST003884,Individual,CA,Doctor,228675.91,2025-01-25,0,0,0,24842.31,LOW
CUST003885,Business,OH,Sales Manager,134181.98,2021-07-01,1,0,0,3857.57,HIGH
CUST003886,Business,MA,Consultant,105552.63,2019-06-08,0,0,0,4259.64,LOW
CUST003887,Business,TX,Student,72415.01,2022-02-27,0,0,0,2669.64,LOW
CUST003888,Individual,GA,Real Estate Agent,68291.27,2018-12-27,0,0,0,2545.53,LOW
CUST003889,Individual,NY,Retail Worker,74842.21,2017-05-27,0,0,0,4307.95,LOW
CUST003890,Individual,PA,Doctor,86697.5,2021-09-13,0,0,0,7933.39,LOW
CUST003891,Individual,VA,Student,34230.36,2021-03-08,0,0,0,1346.46,LOW
CUST003892,Individual,GA,Real Estate Agent,89016.72,2023-10-14,0,0,0,12630.54,LOW
CUST003893,Individual,FL,Retail Worker,64028.35,2019-04-28,0,0,0,8437.79,LOW
CUST003894,Individual,MD,Restaurant Owner,94591.83,2021-01-03,0,0,0,13853.5,LOW
CUST003895,Individual,CO,Trader,51521.5,2023-02-24,0,0,0,1561.75,LOW
CUST003896,Business,IL,Restaurant Owner,48855.25,2025-05-03,0,0,0,6420.82,LOW
CUST003897,Individual,MA,Construction Worker,87134.46,2020-08-03,0,0,0,10932.48,LOW
CUST003898,Business,NC,Accountant,102279.97,2018-07-19,0,0,0,14090.42,LOW
CUST003899,Individual,NY,Software Engineer,50649.58,2018-01-04,0,0,0,4608.76,LOW
CUST003900,Business,FL,Retail Worker,176791.8,2020-06-17,0,0,0,21831.34,LOW
CUST003901,Individual,CO,Construction Worker,176005.5,2024-10-20,0,0,0,5528.48,LOW
CUST003902,Individual,NY,Doctor,26815.39,2020-08-03,0,0,0,924.72,LOW
CUST003903,Business,NY,Trader,45259.86,2024-07-10,0,0,0,1802.09,LOW
CUST003904,Individual,MA,Real Estate Agent,80884.56,2025-05-02,0,0,0,11271.15,LOW
CUST003905,Business,NY,Student,95439.21,2024-01-10,0,0,0,3115.72,LOW
CUST003906,Individual,GA,Teacher,299918.0,2021-12-24,0,0,0,11252.53,LOW
CUST003907,Individual,GA,Trader,82192.94,2024-09-23,0,0,0,11613.97,LOW
CUST003908,Individual,FL,Retail Worker,69534.51,2024-02-22,0,0,0,2671.8,LOW
CUST003909,Individual,CO,Sales Manager,35793.46,2022-03-03,0,0,0,4786.28,LOW
CUST003910,Individual,NC,Software Engineer,26761.98,2017-03-01,0,0,0,3309.36,LOW
CUST003911,Individual,VA,Sales Manager,68758.55,2018-06-29,0,0,0,2065.18,LOW
CUST003912,Individual,CA,Small Business Owner,285656.06,2025-05-23,0,0,0,7921.51,LOW
CUST003913,Individual,VA,Teacher,65355.29,2023-06-09,0,0,0,5999.52,LOW
CUST003914,Business,TX,Lawyer,45386.4,2020-06-21,0,0,0,6791.94,LOW
CUST003915,Business,PA,Consultant,100618.21,2021-09-04,0,0,0,13568.74,LOW
CUST003916,Individual,NC,Software Engineer,20366.08,2020-05-15,0,0,0,1298.4,LOW
CUST003917,Individual,PA,Construction Worker,78966.74,2023-05-20,0,0,0,5787.37,LOW
CUST003918,Individual,OH,Software Engineer,128166.98,2023-12-01,0,0,0,9418.77,LOW
CUST003919,Individual,OH,Lawyer,40511.04,2019-11-12,0,0,0,4730.57,LOW
CUST003920,Individual,NJ,Real Estate Agent,182591.87,2018-07-13,0,0,0,12350.81,LOW
CUST003921,Business,CO,Student,115155.31,2023-07-25,0,0,0,5006.33,LOW
CUST003922,Individual,MA,Small Business Owner,183669.31,2021-02-21,0,0,0,21744.32,LOW
CUST003923,Individual,WA,Doctor,30657.73,2022-05-22,0,0,0,2521.66,LOW
CUST003924,Individual,OH,Sales Manager,66688.54,2018-11-01,0,0,0,2307.25,LOW
CUST003925,Business,VA,Teacher,136574.52,2017-09-15,0,0,0,16901.99,LOW
CUST003926,Individual,WA,Software Engineer,28328.83,2024-05-26,0,0,0,2780.87,LOW
CUST003927,Individual,FL,Real Estate Agent,138807.03,2019-12-07,1,0,0,11961.16,HIGH
CUST003928,Individual,VA,Restaurant Owner,66725.53,2019-11-17,0,0,0,7284.29,LOW
CUST003929,Individual,NY,Sales Manager,138137.13,2019-11-17,0,0,0,12179.68,LOW
CUST003930,Individual,NY,Software Engineer,86387.56,2022-06-28,0,0,0,9161.62,LOW
CUST003931,Business,CO,Software Engineer,187640.01,2017-05-25,0,0,0,25037.95,LOW
CUST003932,Individual,VA,Accountant,32386.66,2024-03-19,0,0,0,3293.38,LOW
CUST003933,Individual,MA,Teacher,92887.01,2024-01-14,0,0,0,9980.72,LOW
CUST003934,Individual,CO,Accountant,28077.56,2025-09-28,0,0,0,2856.39,LOW
CUST003935,Individual,IL,Sales Manager,98512.95,2019-03-12,0,0,0,9003.83,LOW
CUST003936,Individual,MD,Accountant,92811.55,2021-01-25,0,0,0,4315.42,LOW
CUST003937,Individual,NC,Student,62313.94,2023-08-27,0,0,0,4172.52,LOW
CUST003938,Individual,CA,Trader,45061.13,2024-09-24,1,0,0,5030.56,HIGH
CUST003939,Individual,CO,Real Estate Agent,60703.43,2018-11-04,0,0,0,4746.07,LOW
CUST003940,Individual,NJ,Lawyer,79914.9,2017-11-23,0,0,0,6054.84,LOW
CUST003941,Individual,GA,Accountant,90216.25,2020-11-15,0,0,0,10817.71,LOW
CUST003942,Business,NY,Lawyer,263352.52,2018-09-22,0,0,0,6767.13,LOW
CUST003943,Individual,NJ,Trader,132318.09,2022-07-13,0,0,0,14538.36,LOW
CUST003944,Individual,PA,Software Engineer,51213.6,2022-11-02,0,0,0,4412.22,LOW
CUST003945,Individual,VA,Sales Manager,109298.46,2023-01-03,0,0,0,7879.91,LOW
CUST003946,Individual,IL,Lawyer,132999.52,2022-07-22,0,0,0,8986.39,LOW
CUST003947,Individual,MD,Construction Worker,48965.19,2020-04-09,0,0,0,2282.24,LOW
CUST003948,Individual,VA,Construction Worker,118378.79,2022-07-18,0,0,0,7905.51,LOW
CUST003949,Individual,GA,Restaurant Owner,28534.42,2020-09-19,0,0,0,2109.47,LOW
CUST003950,Individual,MA,Lawyer,47819.41,2023-10-08,0,0,0,3810.3,LOW
CUST003951,Individual,NJ,Construction Worker,29717.56,2021-03-30,0,0,0,3240.33,LOW
CUST003952,Business,FL,Restaurant Owner,65385.53,2024-06-01,0,0,0,5341.76,LOW
CUST003953,Business,CO,Construction Worker,55125.84,2024-09-11,0,0,0,6865.13,LOW
CUST003954,Individual,CO,Consultant,57943.41,2018-07-23,0,0,0,6082.16,LOW
CUST003955,Individual,GA,Restaurant Owner,127427.49,2023-07-23,0,0,0,6205.67,LOW
CUST003956,Business,MA,Retail Worker,79548.48,2022-04-30,0,0,1,4744.8,MEDIUM
CUST003957,Business,WA,Teacher,126178.57,2017-12-13,0,0,0,4404.41,LOW
CUST003958,Individual,MA,Sales Manager,215856.92,2018-02-12,0,0,0,30914.0,LOW
CUST003959,Individual,MA,Teacher,292662.76,2017-05-13,0,0,0,39749.11,LOW
CUST003960,Individual,NC,Teacher,68485.05,2018-09-06,0,0,1,2438.04,MEDIUM
CUST003961,Individual,GA,Real Estate Agent,106173.29,2025-04-24,0,0,0,10273.27,LOW
CUST003962,Individual,VA,Trader,67822.55,2017-04-16,0,0,0,9837.68,LOW
CUST003963,Individual,MD,Student,144997.68,2023-01-28,0,0,0,17166.69,LOW
CUST003964,Individual,IL,Doctor,127777.02,2024-05-11,0,0,0,11049.71,LOW
CUST003965,Individual,GA,Student,48819.89,2017-09-19,0,0,0,2691.82,LOW
CUST003966,Individual,TX,Restaurant Owner,53720.64,2018-05-09,0,0,0,3216.77,LOW
CUST003967,Individual,CA,Student,184641.89,2021-01-14,0,0,0,21608.59,LOW
CUST003968,Individual,OH,Sales Manager,52485.01,2025-01-29,0,0,0,6433.19,LOW
CUST003969,Individual,CO,Construction Worker,69743.28,2017-10-17,1,0,0,6352.68,HIGH
CUST003970,Individual,IL,Restaurant Owner,116310.66,2022-02-12,0,0,0,4666.22,LOW
CUST003971,Business,FL,Small Business Owner,67347.38,2020-08-30,0,0,0,9545.38,LOW
CUST003972,Individual,IL,Student,203276.17,2022-11-03,0,0,0,26546.92,LOW
CUST003973,Individual,PA,Student,146790.59,2020-12-09,0,0,0,6248.49,LOW
CUST003974,Individual,VA,Lawyer,42215.1,2020-09-14,0,0,0,1354.72,LOW
CUST003975,Individual,FL,Accountant,51259.9,2017-02-14,0,0,0,4715.06,LOW
CUST003976,Business,CO,Consultant,109881.57,2019-03-26,0,0,0,6649.79,LOW
CUST003977,Individual,WA,Real Estate Agent,72506.24,2023-07-09,0,0,0,4379.83,LOW
CUST003978,Individual,GA,Restaurant Owner,21245.07,2018-04-10,0,0,0,762.76,LOW
CUST003979,Individual,MA,Doctor,39901.51,2017-07-19,0,0,0,5752.73,LOW
CUST003980,Individual,NC,Lawyer,87326.16,2025-12-17,0,0,0,11245.06,LOW
CUST003981,Business,VA,Teacher,133799.82,2017-11-25,0,0,1,5248.88,MEDIUM
CUST003982,Individual,GA,Software Engineer,135049.14,2023-04-07,0,0,0,18174.22,LOW
CUST003983,Individual,CO,Small Business Owner,268629.24,2022-03-23,0,0,0,29648.48,LOW
CUST003984,Individual,NC,Retail Worker,47848.44,2019-03-09,0,0,0,3142.69,LOW
CUST003985,Individual,NC,Student,49359.29,2018-12-03,0,0,0,6609.52,LOW
CUST003986,Business,PA,Teacher,73775.36,2024-03-15,0,0,0,7359.3,LOW
CUST003987,Individual,VA,Construction Worker,25231.8,2024-05-28,0,0,0,3307.48,LOW
CUST003988,Individual,NJ,Retail Worker,74850.23,2022-07-15,0,0,0,6261.86,LOW
CUST003989,Individual,PA,Sales Manager,66049.86,2022-04-09,0,0,0,5784.74,LOW
CUST003990,Business,TX,Sales Manager,125474.77,2024-07-31,0,0,0,7701.17,LOW
CUST003991,Individual,MA,Consultant,140116.82,2023-08-05,0,0,0,10293.2,LOW
CUST003992,Individual,MA,Lawyer,94605.53,2020-11-02,0,0,0,9079.2,LOW
CUST003993,Individual,MD,Teacher,75140.26,2023-08-30,0,0,0,10773.79,LOW
CUST003994,Individual,NY,Accountant,95021.02,2024-10-17,0,0,0,9503.5,LOW
CUST003995,Individual,NJ,Teacher,44797.4,2023-08-10,0,0,0,1945.2,LOW
CUST003996,Individual,NY,Lawyer,71075.89,2022-10-21,0,0,0,1839.05,LOW
CUST003997,Individual,WA,Trader,75821.81,2023-12-27,0,0,0,9960.98,LOW
CUST003998,Individual,MD,Consultant,71427.48,2020-12-08,1,0,0,5038.54,HIGH
CUST003999,Individual,CA,Teacher,67109.21,2017-05-07,0,0,0,4319.87,LOW
CUST004000,Individual,OH,Small Business Owner,50082.07,2021-02-19,0,0,0,6264.84,LOW
CUST004001,Individual,CA,Student,38507.25,2021-06-09,0,0,0,5513.1,LOW
CUST004002,Individual,GA,Small Business Owner,65639.62,2018-04-27,0,0,0,7778.66,LOW
CUST004003,Individual,CA,Small Business Owner,110367.47,2020-08-28,0,0,0,5157.57,LOW
CUST004004,Individual,MA,Teacher,24244.14,2017-10-10,0,0,0,1792.18,LOW
CUST004005,Individual,PA,Accountant,54285.39,2025-06-01,1,0,0,6510.17,HIGH
CUST004006,Individual,NJ,Real Estate Agent,287838.78,2022-10-23,0,0,0,39827.02,LOW
CUST004007,Individual,MD,Consultant,66158.49,2025-08-02,0,0,0,9912.2,LOW
CUST004008,Individual,GA,Accountant,82753.43,2024-09-21,0,0,0,7360.51,LOW
CUST004009,Individual,GA,Restaurant Owner,247809.88,2023-07-23,0,0,0,31673.97,LOW
CUST004010,Individual,NJ,Teacher,92307.1,2022-08-07,0,0,0,2845.73,LOW
CUST004011,Individual,MA,Doctor,93687.3,2023-06-30,0,0,0,5689.45,LOW
CUST004012,Individual,OH,Teacher,41508.27,2017-08-27,0,0,0,2965.32,LOW
CUST004013,Individual,WA,Consultant,91911.24,2020-11-21,0,0,0,13505.48,LOW
CUST004014,Individual,NC,Retail Worker,74282.1,2023-07-13,0,1,0,1888.56,HIGH
CUST004015,Individual,WA,Accountant,136822.15,2017-12-07,0,0,0,8688.56,LOW
CUST004016,Individual,CO,Doctor,172043.6,2025-03-13,0,0,0,24310.02,LOW
CUST004017,Business,GA,Restaurant Owner,76492.36,2019-06-11,0,0,0,4844.63,LOW
CUST004018,Business,WA,Construction Worker,96144.33,2021-01-26,0,0,0,5108.47,LOW
CUST004019,Individual,NC,Restaurant Owner,21956.64,2018-04-07,0,0,0,2552.7,LOW
CUST004020,Individual,MA,Accountant,17537.03,2020-08-09,0,0,0,2072.3,LOW
CUST004021,Individual,TX,Sales Manager,152637.07,2019-03-09,0,0,0,12824.91,LOW
CUST004022,Individual,TX,Retail Worker,14817.44,2019-01-03,0,0,0,2124.3,LOW
CUST004023,Individual,NY,Accountant,92782.37,2017-06-11,0,0,0,4670.51,LOW
CUST004024,Business,IL,Software Engineer,66994.62,2023-11-01,0,0,0,9324.11,LOW
CUST004025,Individual,CO,Doctor,166978.88,2021-01-18,0,0,0,19943.71,LOW
CUST004026,Business,FL,Retail Worker,73304.66,2023-05-02,0,0,0,5206.54,LOW
CUST004027,Individual,CA,Doctor,242003.69,2019-10-07,0,0,0,30459.45,LOW
CUST004028,Individual,WA,Trader,65690.49,2017-05-12,0,0,0,2736.03,LOW
CUST004029,Individual,TX,Trader,158003.14,2022-02-01,0,0,0,6537.03,LOW
CUST004030,Individual,CO,Accountant,28321.87,2022-12-08,0,0,0,4000.24,LOW
CUST004031,Individual,PA,Real Estate Agent,16796.38,2022-03-31,0,0,0,618.91,LOW
CUST004032,Individual,NJ,Doctor,73637.19,2020-05-27,1,0,0,1878.48,HIGH
CUST004033,Individual,MD,Trader,30177.62,2018-11-03,0,0,0,2221.94,LOW
CUST004034,Business,NC,Software Engineer,72134.75,2018-05-20,0,0,0,2739.78,LOW
CUST004035,Individual,IL,Student,57334.98,2022-11-27,0,0,0,7618.65,LOW
CUST004036,Business,NY,Lawyer,111144.51,2020-06-15,0,0,0,15597.65,LOW
CUST004037,Business,FL,Retail Worker,37548.94,2017-10-20,0,0,0,3203.05,LOW
CUST004038,Individual,TX,Sales Manager,98841.07,2022-07-04,0,0,0,7727.78,LOW
CUST004039,Individual,NY,Software Engineer,131506.36,2025-04-24,0,0,0,12148.55,LOW
CUST004040,Individual,VA,Software Engineer,65613.39,2019-04-08,0,0,0,3495.51,LOW
CUST004041,Business,CO,Trader,102343.86,2017-07-06,0,0,0,6370.47,LOW
CUST004042,Individual,IL,Construction Worker,39702.67,2019-11-26,0,0,0,1493.7,LOW
CUST004043,Individual,NJ,Real Estate Agent,58484.52,2023-04-23,0,0,0,4725.92,LOW
CUST004044,Individual,CA,Teacher,31347.75,2020-12-29,0,0,0,3180.59,LOW
CUST004045,Individual,CO,Real Estate Agent,342986.22,2021-07-01,0,0,0,48456.4,LOW
CUST004046,Individual,MD,Consultant,166701.39,2019-10-29,0,0,0,19568.1,LOW
CUST004047,Individual,TX,Lawyer,220647.33,2024-08-27,0,0,0,25458.94,LOW
CUST004048,Individual,OH,Construction Worker,165153.18,2020-04-16,0,0,0,10487.21,LOW
CUST004049,Business,MD,Accountant,48736.81,2022-09-20,0,0,0,6629.99,LOW
CUST004050,Individual,CO,Accountant,27661.71,2024-09-05,0,0,0,3965.84,LOW
CUST004051,Business,NJ,Restaurant Owner,56931.03,2022-12-01,0,0,0,8057.61,LOW
CUST004052,Individual,FL,Teacher,102149.52,2024-09-16,0,0,0,3049.2,LOW
CUST004053,Business,WA,Consultant,62104.83,2025-11-12,0,0,0,6244.26,LOW
CUST004054,Individual,IL,Trader,17546.81,2019-05-04,0,0,0,1849.49,LOW
CUST004055,Individual,FL,Small Business Owner,121886.08,2022-10-27,0,0,0,7542.69,LOW
CUST004056,Individual,CA,Small Business Owner,26539.96,2018-12-20,0,0,0,3955.82,LOW
CUST004057,Individual,NJ,Doctor,56995.21,2022-01-21,0,0,0,3499.42,LOW
CUST004058,Individual,MA,Trader,232978.91,2019-05-28,0,0,0,12132.72,LOW
CUST004059,Business,CA,Real Estate Agent,77430.56,2025-12-12,0,0,0,6621.72,LOW
CUST004060,Business,VA,Retail Worker,151005.53,2018-02-06,0,0,0,9874.77,LOW
CUST004061,Individual,NC,Software Engineer,93964.88,2024-11-20,0,0,0,13202.41,LOW
CUST004062,Individual,GA,Doctor,38927.52,2017-03-05,0,0,0,3114.57,LOW
CUST004063,Individual,TX,Sales Manager,120487.26,2024-05-23,0,0,0,9189.41,LOW
CUST004064,Individual,WA,Restaurant Owner,71980.23,2025-01-12,0,0,0,7430.72,LOW
CUST004065,Business,OH,Real Estate Agent,28551.18,2020-12-19,0,0,0,1003.27,LOW
CUST004066,Individual,IL,Small Business Owner,25600.38,2025-07-11,0,0,0,3061.59,LOW
CUST004067,Individual,PA,Retail Worker,96217.68,2018-01-08,0,0,0,11647.14,LOW
CUST004068,Business,OH,Restaurant Owner,301678.65,2017-11-02,0,0,0,25417.4,LOW
CUST004069,Individual,NJ,Software Engineer,37260.11,2023-03-07,0,0,0,5382.68,LOW
CUST004070,Business,MD,Construction Worker,40263.96,2023-11-20,1,0,0,3922.41,HIGH
CUST004071,Individual,VA,Trader,97130.53,2019-07-21,0,0,0,10869.35,LOW
CUST004072,Individual,MA,Small Business Owner,31926.46,2022-06-14,0,0,1,4487.04,MEDIUM
CUST004073,Individual,PA,Teacher,346408.88,2020-11-16,0,0,0,37513.72,LOW
CUST004074,Individual,NC,Small Business Owner,42725.76,2025-10-30,0,0,0,3374.41,LOW
CUST004075,Individual,NC,Small Business Owner,54226.82,2024-05-18,0,0,0,1523.58,LOW
CUST004076,Individual,OH,Construction Worker,44457.61,2017-12-28,0,0,0,5158.75,LOW
CUST004077,Individual,VA,Retail Worker,137700.72,2020-07-11,0,0,0,20050.36,LOW
CUST004078,Individual,TX,Construction Worker,305805.82,2024-07-31,0,0,0,25620.23,LOW
CUST004079,Individual,TX,Retail Worker,47483.36,2018-12-17,0,0,0,3203.75,LOW
CUST004080,Individual,IL,Consultant,131731.19,2021-07-04,0,0,0,11843.61,LOW
CUST004081,Individual,OH,Consultant,32093.34,2018-06-27,0,0,1,3724.58,MEDIUM
CUST004082,Individual,MA,Trader,139912.35,2021-03-28,0,0,0,3509.88,LOW
CUST004083,Individual,TX,Trader,235196.79,2021-07-21,0,0,0,31963.59,LOW
CUST004084,Individual,PA,Student,192774.24,2023-02-20,0,0,0,26177.85,LOW
CUST004085,Individual,MA,Student,81762.92,2018-10-14,0,0,0,7576.34,LOW
CUST004086,Individual,NC,Small Business Owner,38327.18,2019-11-17,0,0,0,1544.48,LOW
CUST004087,Individual,VA,Construction Worker,75037.61,2019-12-06,0,0,0,8177.28,LOW
CUST004088,Individual,MD,Accountant,61277.34,2018-10-09,0,0,0,2587.79,LOW
CUST004089,Business,PA,Construction Worker,56100.16,2022-01-27,0,0,0,4961.69,LOW
CUST004090,Individual,CA,Sales Manager,85776.54,2025-03-21,0,0,0,3148.32,LOW
CUST004091,Individual,VA,Construction Worker,71825.02,2019-12-18,0,0,0,7084.33,LOW
CUST004092,Individual,FL,Accountant,118817.25,2025-06-12,0,0,0,7694.45,LOW
CUST004093,Individual,MA,Teacher,119320.38,2019-08-07,0,0,0,15377.29,LOW
CUST004094,Business,NC,Small Business Owner,72000.21,2019-08-19,0,0,0,8999.54,LOW
CUST004095,Individual,NY,Real Estate Agent,99330.77,2022-09-28,0,0,0,14880.67,LOW
CUST004096,Individual,FL,Lawyer,177042.27,2019-03-14,0,0,0,10124.68,LOW
CUST004097,Individual,VA,Accountant,53087.83,2025-09-01,0,0,0,1737.31,LOW
CUST004098,Individual,NC,Sales Manager,75778.78,2024-04-08,0,0,0,6090.75,LOW
CUST004099,Individual,NC,Small Business Owner,38438.41,2021-08-08,0,0,0,1361.7,LOW
CUST004100,Individual,OH,Retail Worker,102452.55,2021-05-27,0,0,0,4847.28,LOW
CUST004101,Individual,NC,Real Estate Agent,85329.33,2020-11-03,0,0,0,8504.14,LOW
CUST004102,Individual,FL,Lawyer,101195.41,2022-08-20,0,0,0,10020.0,LOW
CUST004103,Individual,MA,Software Engineer,39437.99,2024-06-14,0,0,0,1199.54,LOW
CUST004104,Individual,WA,Small Business Owner,123359.86,2018-12-27,0,0,0,9913.58,LOW
CUST004105,Individual,CO,Teacher,80142.23,2024-01-08,0,0,0,7315.17,LOW
CUST004106,Individual,TX,Lawyer,146446.72,2023-03-22,0,0,0,8567.58,LOW
CUST004107,Business,CO,Software Engineer,56427.75,2020-11-05,0,0,0,7561.62,LOW
CUST004108,Individual,CA,Student,116869.15,2017-07-22,0,0,0,5275.16,LOW
CUST004109,Business,WA,Sales Manager,100158.96,2019-07-31,0,0,0,5682.79,LOW
CUST004110,Individual,WA,Doctor,202049.19,2018-08-12,0,0,0,9016.3,LOW
CUST004111,Individual,NY,Small Business Owner,69538.93,2018-07-25,0,0,0,2751.54,LOW
CUST004112,Individual,NJ,Consultant,52290.7,2025-03-24,1,0,0,7052.57,HIGH
CUST004113,Individual,MA,Software Engineer,54408.85,2017-07-15,0,0,0,3249.97,LOW
CUST004114,Individual,PA,Restaurant Owner,36491.53,2020-09-07,0,0,0,4208.04,LOW
CUST004115,Individual,TX,Trader,54081.46,2018-02-22,0,0,0,4245.28,LOW
CUST004116,Individual,OH,Lawyer,16380.69,2021-07-01,0,0,0,1711.52,LOW
CUST004117,Business,WA,Construction Worker,182579.59,2020-09-27,0,0,0,25747.74,LOW
CUST004118,Individual,CA,Retail Worker,263649.14,2017-01-09,0,0,0,34426.25,LOW
CUST004119,Individual,NJ,Lawyer,68139.54,2018-06-16,0,0,0,2291.08,LOW
CUST004120,Individual,NY,Software Engineer,99708.81,2017-05-29,0,0,1,13026.99,MEDIUM
CUST004121,Individual,NC,Sales Manager,83437.18,2023-08-28,0,0,0,6798.29,LOW
CUST004122,Individual,GA,Software Engineer,31944.49,2021-04-02,0,0,0,2196.77,LOW
CUST004123,Individual,TX,Doctor,146138.79,2019-11-02,0,0,0,15936.21,LOW
CUST004124,Business,GA,Trader,161020.38,2018-04-21,0,0,0,23150.86,LOW
CUST004125,Individual,FL,Student,38124.18,2021-06-06,0,0,0,1401.71,LOW
CUST004126,Individual,WA,Construction Worker,92936.48,2024-03-11,0,0,0,11246.21,LOW
CUST004127,Individual,IL,Small Business Owner,63224.59,2022-06-03,0,0,0,3188.95,LOW
CUST004128,Business,TX,Small Business Owner,162542.16,2019-12-13,0,0,0,11787.07,LOW
CUST004129,Individual,CO,Trader,71066.71,2017-07-25,0,0,0,9539.13,LOW
CUST004130,Individual,PA,Construction Worker,72328.82,2025-04-22,0,0,0,6742.85,LOW
CUST004131,Individual,NJ,Lawyer,244951.28,2025-02-10,0,0,0,8189.23,LOW
CUST004132,Individual,CA,Doctor,32523.66,2019-01-15,0,0,0,2878.54,LOW
CUST004133,Individual,TX,Accountant,88121.88,2019-07-02,0,0,0,10901.14,LOW
CUST004134,Individual,PA,Sales Manager,79448.67,2017-02-23,0,0,0,7238.57,LOW
CUST004135,Individual,CO,Doctor,50660.12,2025-05-08,0,0,0,2323.33,LOW
CUST004136,Individual,MA,Restaurant Owner,282413.41,2021-05-23,0,0,0,22771.03,LOW
CUST004137,Individual,GA,Real Estate Agent,93339.63,2022-01-01,0,0,0,13118.25,LOW
CUST004138,Individual,MA,Lawyer,116063.87,2017-12-10,0,0,0,12450.81,LOW
CUST004139,Individual,NJ,Restaurant Owner,127355.29,2020-04-07,0,0,0,14803.25,LOW
CUST004140,Individual,MD,Doctor,60881.71,2022-04-17,0,0,0,7503.19,LOW
CUST004141,Individual,NY,Consultant,168112.75,2020-03-30,0,0,0,6108.66,LOW
CUST004142,Individual,WA,Accountant,147501.08,2018-12-04,0,0,0,14409.69,LOW
CUST004143,Individual,TX,Consultant,69277.69,2024-01-19,0,0,0,4987.26,LOW
CUST004144,Business,MD,Restaurant Owner,138014.88,2020-08-03,0,0,0,5851.13,LOW
CUST004145,Business,IL,Construction Worker,167913.08,2022-03-14,0,0,0,8452.53,LOW
CUST004146,Individual,GA,Restaurant Owner,125750.52,2023-09-26,0,0,0,15422.68,LOW
CUST004147,Individual,CO,Teacher,43579.87,2024-03-01,0,0,0,1969.21,LOW
CUST004148,Individual,GA,Student,70630.18,2017-07-18,0,0,0,4524.03,LOW
CUST004149,Individual,TX,Lawyer,102153.74,2025-11-07,0,0,0,6191.45,LOW
CUST004150,Individual,CO,Trader,88355.32,2024-09-23,0,0,0,2745.98,LOW
CUST004151,Individual,FL,Retail Worker,46206.75,2018-01-24,0,0,0,3824.52,LOW
CUST004152,Individual,MA,Teacher,62253.94,2018-04-19,0,0,0,7516.62,LOW
CUST004153,Individual,GA,Doctor,94273.62,2020-11-05,0,0,0,2617.89,LOW
CUST004154,Individual,PA,Software Engineer,28120.49,2019-02-04,0,0,1,1098.64,MEDIUM
CUST004155,Individual,CA,Consultant,75948.29,2021-07-13,0,0,0,8735.83,LOW
CUST004156,Individual,WA,Real Estate Agent,117955.47,2018-08-15,0,0,0,11700.9,LOW
CUST004157,Individual,GA,Teacher,90143.05,2025-10-01,1,0,0,10312.9,HIGH
CUST004158,Business,NC,Sales Manager,42953.88,2022-01-23,0,0,0,2309.33,LOW
CUST004159,Business,PA,Accountant,48158.86,2020-01-01,0,0,0,6042.55,LOW
CUST004160,Individual,NJ,Consultant,197163.83,2019-09-09,0,0,0,16755.75,LOW
CUST004161,Individual,NJ,Teacher,40772.9,2025-04-30,0,0,0,4129.8,LOW
CUST004162,Individual,WA,Construction Worker,162093.32,2017-06-17,0,0,0,5919.51,LOW
CUST004163,Individual,FL,Small Business Owner,50080.57,2017-10-11,0,0,0,2535.53,LOW
CUST004164,Individual,OH,Lawyer,156350.66,2025-07-05,0,0,0,19023.14,LOW
CUST004165,Individual,OH,Lawyer,106613.03,2024-11-11,0,0,0,5649.27,LOW
CUST004166,Individual,IL,Retail Worker,59815.22,2020-04-13,0,0,0,2187.22,LOW
CUST004167,Individual,WA,Restaurant Owner,23789.48,2025-12-15,0,0,0,2370.63,LOW
CUST004168,Individual,NY,Lawyer,97179.24,2025-09-23,0,0,0,9085.49,LOW
CUST004169,Individual,FL,Restaurant Owner,84394.66,2020-05-28,0,0,0,8522.74,LOW
CUST004170,Individual,GA,Teacher,98153.39,2019-06-10,0,0,0,10039.93,LOW
CUST004171,Individual,OH,Doctor,106495.11,2022-12-22,0,0,0,9320.95,LOW
CUST004172,Business,CO,Accountant,31922.32,2021-07-13,0,0,0,2768.36,LOW
CUST004173,Individual,WA,Doctor,96845.29,2017-05-02,0,0,0,13608.77,LOW
CUST004174,Individual,CO,Lawyer,121527.38,2019-04-13,0,0,0,11148.34,LOW
CUST004175,Business,MD,Consultant,120598.98,2022-04-07,0,0,0,12320.7,LOW
CUST004176,Business,NC,Student,33214.99,2019-10-19,0,0,1,1938.8,MEDIUM
CUST004177,Individual,OH,Retail Worker,158821.72,2022-06-17,0,0,0,21264.11,LOW
CUST004178,Individual,VA,Retail Worker,99101.32,2019-06-14,0,0,0,2779.4,LOW
CUST004179,Individual,NC,Trader,107618.69,2021-02-24,0,0,0,10186.47,LOW
CUST004180,Individual,MA,Restaurant Owner,41899.88,2017-10-16,0,0,0,3057.91,LOW
CUST004181,Individual,NJ,Retail Worker,122682.29,2019-12-13,0,0,0,12328.1,LOW
CUST004182,Individual,VA,Doctor,24457.67,2025-12-21,0,0,0,1712.56,LOW
CUST004183,Individual,PA,Accountant,43213.81,2020-10-03,0,0,0,4957.1,LOW
CUST004184,Individual,NC,Accountant,170846.91,2019-12-11,0,0,0,4705.37,LOW
CUST004185,Individual,WA,Restaurant Owner,118875.24,2019-04-19,0,0,0,9003.16,LOW
CUST004186,Individual,MA,Teacher,90646.59,2025-02-07,0,0,0,11685.07,LOW
CUST004187,Individual,FL,Small Business Owner,138504.41,2017-02-09,0,0,0,7794.35,LOW
CUST004188,Individual,NY,Accountant,144902.83,2023-04-17,1,0,0,4578.04,HIGH
CUST004189,Individual,MD,Doctor,122747.94,2023-03-16,1,0,0,10687.11,HIGH
CUST004190,Individual,PA,Software Engineer,65115.33,2017-06-28,0,0,0,9576.3,LOW
CUST004191,Individual,CA,Teacher,42383.45,2017-07-02,0,0,0,1399.49,LOW
CUST004192,Business,OH,Student,48728.77,2021-10-26,0,0,0,1644.94,LOW
CUST004193,Individual,NY,Real Estate Agent,187610.9,2020-04-02,0,0,0,18646.57,LOW
CUST004194,Individual,NC,Sales Manager,32733.99,2021-11-05,0,0,0,1841.56,LOW
CUST004195,Individual,GA,Construction Worker,103184.98,2020-11-01,0,0,0,7870.84,LOW
CUST004196,Individual,VA,Trader,103288.04,2018-12-06,1,0,0,13304.88,HIGH
CUST004197,Individual,MA,Retail Worker,194751.67,2018-05-12,0,0,0,9709.56,LOW
CUST004198,Individual,WA,Trader,103100.22,2018-08-20,0,0,0,11847.5,LOW
CUST004199,Individual,OH,Retail Worker,56962.47,2023-11-14,0,0,0,5016.15,LOW
CUST004200,Individual,CO,Trader,57548.55,2018-04-19,0,0,0,7948.59,LOW
CUST004201,Business,VA,Software Engineer,74718.72,2018-11-16,0,0,0,10955.28,LOW
CUST004202,Individual,VA,Teacher,156604.44,2019-11-27,0,0,0,13408.49,LOW
CUST004203,Individual,WA,Restaurant Owner,126687.83,2021-06-11,0,0,0,12425.65,LOW
CUST004204,Business,TX,Doctor,37031.75,2021-07-23,0,0,0,4378.28,LOW
CUST004205,Individual,NJ,Trader,89892.9,2017-11-15,0,0,0,5828.14,LOW
CUST004206,Individual,GA,Software Engineer,128240.75,2020-12-06,0,0,0,6840.69,LOW
CUST004207,Individual,MD,Construction Worker,64284.86,2023-08-01,0,0,0,9358.95,LOW
CUST004208,Individual,MA,Accountant,18421.25,2021-08-22,0,0,0,1456.7,LOW
CUST004209,Individual,WA,Restaurant Owner,66008.31,2024-04-18,0,0,0,1663.33,LOW
CUST004210,Individual,CO,Sales Manager,28563.82,2022-06-12,0,0,0,3705.15,LOW
CUST004211,Individual,CA,Sales Manager,25770.81,2017-08-17,0,0,0,2576.0,LOW
CUST004212,Individual,PA,Real Estate Agent,149881.64,2018-12-30,0,0,0,6905.02,LOW
CUST004213,Individual,MD,Small Business Owner,386123.79,2020-07-11,1,0,0,11107.8,HIGH
CUST004214,Individual,GA,Trader,182048.6,2021-02-19,0,0,0,11184.21,LOW
CUST004215,Individual,FL,Restaurant Owner,13744.0,2018-07-15,0,0,1,1937.71,MEDIUM
CUST004216,Business,CA,Software Engineer,67022.6,2020-10-07,0,0,0,9496.19,LOW
CUST004217,Individual,PA,Student,51120.76,2021-01-05,0,0,0,3265.36,LOW
CUST004218,Individual,OH,Software Engineer,28829.2,2024-05-06,0,0,0,3733.13,LOW
CUST004219,Individual,IL,Software Engineer,101458.14,2023-11-12,0,0,0,8140.05,LOW
CUST004220,Individual,NJ,Software Engineer,66511.32,2017-01-25,0,0,0,7102.95,LOW
CUST004221,Individual,MD,Restaurant Owner,35192.39,2020-02-29,0,0,0,2351.04,LOW
CUST004222,Individual,OH,Software Engineer,19704.83,2018-01-05,0,0,0,1763.51,LOW
CUST004223,Business,GA,Teacher,50485.83,2020-12-30,0,0,0,3116.11,LOW
CUST004224,Individual,CO,Restaurant Owner,75386.46,2019-10-09,0,0,0,2460.56,LOW
CUST004225,Individual,CO,Accountant,69443.76,2018-09-03,0,0,0,2945.96,LOW
CUST004226,Individual,MA,Teacher,149649.61,2020-10-07,0,0,0,9178.66,LOW
CUST004227,Individual,NY,Construction Worker,93426.75,2021-12-31,0,0,0,13736.7,LOW
CUST004228,Individual,PA,Lawyer,59948.12,2022-07-29,0,0,0,8734.98,LOW
CUST004229,Individual,FL,Accountant,44092.52,2020-05-05,0,0,0,5664.03,LOW
CUST004230,Individual,NC,Real Estate Agent,23721.6,2022-11-27,1,0,0,1282.47,HIGH
CUST004231,Individual,WA,Trader,36898.05,2022-02-27,0,0,0,2959.23,LOW
CUST004232,Individual,NY,Retail Worker,181344.16,2022-05-01,0,0,0,14502.61,LOW
CUST004233,Individual,OH,Restaurant Owner,131568.23,2018-12-21,0,0,0,9653.38,LOW
CUST004234,Business,CA,Retail Worker,90485.31,2020-01-11,0,0,0,2769.76,LOW
CUST004235,Individual,MD,Restaurant Owner,54398.85,2021-04-10,0,0,0,4994.68,LOW
CUST004236,Individual,NJ,Accountant,168031.42,2023-10-16,0,0,0,5730.12,LOW
CUST004237,Individual,OH,Real Estate Agent,38871.54,2022-04-05,0,0,0,4868.27,LOW
CUST004238,Individual,MA,Doctor,39161.59,2025-06-07,0,0,0,4363.13,LOW
CUST004239,Individual,OH,Doctor,70578.65,2018-09-28,0,0,0,4876.43,LOW
CUST004240,Individual,MD,Teacher,18145.96,2020-03-18,0,0,0,1921.51,LOW
CUST004241,Individual,NY,Software Engineer,38161.54,2025-09-05,0,0,0,2065.67,LOW
CUST004242,Individual,FL,Trader,64324.43,2025-09-08,0,0,0,3740.87,LOW
CUST004243,Individual,PA,Software Engineer,55572.36,2021-10-20,0,0,0,3571.45,LOW
CUST004244,Individual,CO,Lawyer,39453.48,2023-08-12,0,0,0,4916.95,LOW
CUST004245,Individual,MA,Doctor,281602.39,2025-02-20,0,0,0,14456.46,LOW
CUST004246,Business,IL,Trader,181927.32,2023-09-28,0,0,0,17346.34,LOW
CUST004247,Individual,NC,Accountant,228601.23,2022-04-11,0,0,0,11443.41,LOW
CUST004248,Individual,WA,Small Business Owner,70323.73,2017-12-22,0,0,0,4263.71,LOW
CUST004249,Individual,OH,Real Estate Agent,54593.08,2022-08-21,0,0,0,2971.78,LOW
CUST004250,Business,OH,Trader,212420.83,2020-12-10,0,0,0,22437.07,LOW
CUST004251,Individual,NJ,Teacher,79270.99,2021-05-14,0,0,0,7201.07,LOW
CUST004252,Individual,NY,Accountant,37643.86,2021-08-03,0,0,0,4335.16,LOW
CUST004253,Individual,NJ,Software Engineer,39382.36,2022-02-14,0,0,0,2067.3,LOW
CUST004254,Individual,NJ,Teacher,60740.46,2020-02-20,0,0,0,1587.97,LOW
CUST004255,Individual,NC,Retail Worker,73934.15,2022-10-14,0,0,0,8137.47,LOW
CUST004256,Individual,NJ,Small Business Owner,79078.24,2017-05-05,0,0,0,3112.26,LOW
CUST004257,Business,PA,Consultant,66563.61,2017-11-08,0,0,0,3713.46,LOW
CUST004258,Individual,CO,Construction Worker,343171.67,2025-12-07,0,0,0,21692.15,LOW
CUST004259,Individual,NJ,Sales Manager,31123.38,2019-02-14,0,0,0,3683.46,LOW
CUST004260,Individual,IL,Small Business Owner,116134.67,2025-05-08,0,0,0,11989.33,LOW
CUST004261,Individual,CO,Teacher,54989.59,2024-12-30,0,0,0,2641.32,LOW
CUST004262,Business,OH,Software Engineer,73132.84,2021-01-13,0,0,0,7293.98,LOW
CUST004263,Individual,CA,Accountant,138214.96,2022-01-06,0,0,0,15689.95,LOW
CUST004264,Individual,FL,Retail Worker,23540.01,2018-11-25,0,0,0,1732.83,LOW
CUST004265,Individual,MD,Construction Worker,40555.54,2020-03-28,0,0,0,2260.73,LOW
CUST004266,Individual,CO,Small Business Owner,68759.13,2020-10-08,0,0,0,7554.76,LOW
CUST004267,Individual,MA,Lawyer,195791.78,2022-01-18,0,0,0,19845.73,LOW
CUST004268,Individual,IL,Trader,195121.98,2019-09-17,0,0,0,6778.35,LOW
CUST004269,Individual,MA,Construction Worker,172041.21,2024-10-17,0,0,0,18638.08,LOW
CUST004270,Business,FL,Teacher,18025.48,2024-06-14,0,0,0,1551.36,LOW
CUST004271,Individual,CA,Trader,37907.09,2021-10-19,0,0,0,4517.43,LOW
CUST004272,Business,GA,Construction Worker,38934.29,2025-02-07,0,0,1,1901.54,MEDIUM
CUST004273,Individual,MA,Retail Worker,72355.05,2023-09-20,0,0,0,4144.28,LOW
CUST004274,Individual,MA,Real Estate Agent,22488.88,2025-05-02,0,0,0,2089.53,LOW
CUST004275,Individual,CA,Sales Manager,153104.53,2021-09-13,0,0,0,13047.06,LOW
CUST004276,Individual,NY,Accountant,20514.59,2021-06-15,0,0,0,1503.63,LOW
CUST004277,Individual,MD,Teacher,146735.25,2025-06-16,0,0,0,17352.05,LOW
CUST004278,Individual,IL,Construction Worker,132096.58,2024-05-08,0,0,0,12627.63,LOW
CUST004279,Individual,VA,Real Estate Agent,36823.56,2019-06-09,0,0,0,4189.93,LOW
CUST004280,Individual,NC,Accountant,170333.55,2020-10-10,0,0,0,7521.4,LOW
CUST004281,Individual,NY,Restaurant Owner,60394.69,2018-05-04,0,0,0,7013.25,LOW
CUST004282,Individual,NY,Real Estate Agent,51020.82,2025-12-30,0,0,0,4218.96,LOW
CUST004283,Individual,CO,Restaurant Owner,57028.28,2023-04-06,0,0,0,1666.42,LOW
CUST004284,Individual,NY,Sales Manager,60297.73,2017-06-29,0,0,0,3274.86,LOW
CUST004285,Individual,NJ,Restaurant Owner,64013.89,2020-12-13,0,0,0,1806.44,LOW
CUST004286,Individual,WA,Real Estate Agent,64965.44,2021-09-04,0,0,0,5334.27,LOW
CUST004287,Business,MA,Trader,42046.78,2025-10-20,0,0,0,2763.94,LOW
CUST004288,Individual,NC,Construction Worker,48894.29,2023-06-23,0,0,0,7257.44,LOW
CUST004289,Individual,OH,Restaurant Owner,51725.27,2020-06-21,0,0,0,6908.58,LOW
CUST004290,Individual,VA,Trader,222463.45,2017-08-20,0,0,0,28521.78,LOW
CUST004291,Individual,NY,Construction Worker,51740.4,2021-12-18,0,0,0,4534.51,LOW
CUST004292,Individual,IL,Construction Worker,49625.32,2021-06-01,0,0,0,6247.13,LOW
CUST004293,Individual,CO,Accountant,200959.19,2020-08-19,0,0,0,11727.72,LOW
CUST004294,Business,WA,Student,60836.04,2017-11-27,1,0,0,5784.36,HIGH
CUST004295,Individual,MD,Lawyer,42049.08,2018-07-15,0,0,0,3116.46,LOW
CUST004296,Individual,WA,Retail Worker,36523.87,2025-03-16,0,0,0,1695.36,LOW
CUST004297,Individual,NY,Construction Worker,29796.29,2017-09-05,0,0,0,1015.36,LOW
CUST004298,Individual,PA,Accountant,106618.64,2017-10-10,0,0,0,10105.03,LOW
CUST004299,Individual,NY,Consultant,23211.78,2020-08-03,0,0,0,863.59,LOW
CUST004300,Individual,CO,Sales Manager,179937.15,2019-07-29,0,0,1,20647.86,MEDIUM
CUST004301,Individual,PA,Lawyer,70677.18,2022-09-11,0,0,0,9907.78,LOW
CUST004302,Business,NY,Lawyer,56451.95,2021-03-04,0,0,0,2555.2,LOW
CUST004303,Individual,VA,Restaurant Owner,64654.46,2018-06-14,0,0,0,5422.4,LOW
CUST004304,Individual,IL,Trader,101339.37,2018-01-16,0,0,0,11891.85,LOW
CUST004305,Business,PA,Sales Manager,55262.4,2017-03-04,0,0,0,3362.99,LOW
CUST004306,Individual,NJ,Teacher,66210.33,2017-05-08,0,0,0,9275.77,LOW
CUST004307,Individual,WA,Small Business Owner,148708.79,2021-04-01,0,0,0,20233.05,LOW
CUST004308,Individual,NY,Construction Worker,93970.11,2023-01-20,0,0,0,3567.98,LOW
CUST004309,Business,WA,Real Estate Agent,33281.87,2025-03-25,0,0,0,946.04,LOW
CUST004310,Individual,NY,Restaurant Owner,47344.55,2017-10-22,0,0,0,6962.36,LOW
CUST004311,Individual,MA,Restaurant Owner,23560.4,2017-06-28,0,0,0,3405.88,LOW
CUST004312,Business,MA,Consultant,111876.81,2017-08-17,0,0,0,8702.42,LOW
CUST004313,Individual,TX,Teacher,119915.58,2019-06-02,0,0,0,3755.81,LOW
CUST004314,Business,NY,Accountant,40859.96,2018-01-29,0,0,0,4182.4,LOW
CUST004315,Business,TX,Consultant,335506.77,2024-07-02,0,0,0,20692.8,LOW
CUST004316,Individual,VA,Retail Worker,365809.99,2017-03-13,0,0,0,51978.08,LOW
CUST004317,Individual,OH,Restaurant Owner,76120.25,2017-11-14,0,0,0,9464.24,LOW
CUST004318,Individual,NC,Construction Worker,44665.4,2018-08-18,0,0,0,4743.43,LOW
CUST004319,Individual,CA,Construction Worker,89609.28,2018-01-14,0,0,0,5427.01,LOW
CUST004320,Individual,CA,Sales Manager,43983.62,2019-06-26,0,0,0,4955.13,LOW
CUST004321,Individual,WA,Consultant,139074.41,2017-05-16,0,0,0,8503.85,LOW
CUST004322,Business,PA,Sales Manager,83564.74,2024-08-09,0,0,0,2482.2,LOW
CUST004323,Individual,NY,Retail Worker,87563.65,2020-11-02,0,0,0,7754.14,LOW
CUST004324,Individual,VA,Doctor,235319.91,2020-02-17,0,0,0,20257.65,LOW
CUST004325,Individual,MD,Software Engineer,50155.24,2019-06-25,0,0,0,6037.47,LOW
CUST004326,Business,FL,Real Estate Agent,51477.46,2018-06-14,0,0,0,6857.27,LOW
CUST004327,Individual,NC,Real Estate Agent,131030.34,2025-03-02,0,0,0,9081.52,LOW
CUST004328,Business,NY,Doctor,57007.9,2024-06-06,1,0,0,4628.14,HIGH
CUST004329,Individual,NY,Restaurant Owner,212720.38,2018-06-07,0,0,0,17825.98,LOW
CUST004330,Individual,VA,Lawyer,143711.95,2018-01-22,0,0,0,9417.16,LOW
CUST004331,Individual,VA,Accountant,58915.45,2024-03-06,0,0,0,6947.51,LOW
CUST004332,Individual,FL,Teacher,23103.17,2024-03-15,0,0,0,2085.35,LOW
CUST004333,Individual,CA,Sales Manager,29181.35,2018-07-27,0,0,0,4063.34,LOW
CUST004334,Individual,TX,Doctor,54835.63,2018-10-06,0,0,0,5828.42,LOW
CUST004335,Individual,OH,Retail Worker,97568.0,2024-03-05,0,0,0,5023.49,LOW
CUST004336,Individual,WA,Small Business Owner,153541.09,2024-12-27,0,0,0,7001.64,LOW
CUST004337,Individual,CA,Construction Worker,65121.27,2020-07-16,0,0,0,4659.3,LOW
CUST004338,Business,FL,Software Engineer,42085.81,2018-07-01,0,0,0,2877.23,LOW
CUST004339,Individual,NY,Restaurant Owner,68443.32,2021-02-18,0,0,0,5194.26,LOW
CUST004340,Individual,CA,Software Engineer,75999.61,2023-10-22,0,0,0,3644.1,LOW
CUST004341,Individual,IL,Teacher,175160.48,2021-05-06,0,0,0,25797.26,LOW
CUST004342,Individual,MD,Construction Worker,168951.86,2018-07-09,0,0,0,7301.04,LOW
CUST004343,Business,MA,Retail Worker,39105.05,2021-10-30,0,0,0,4167.86,LOW
CUST004344,Business,CO,Real Estate Agent,100750.56,2022-11-29,0,0,0,2683.36,LOW
CUST004345,Individual,NY,Teacher,43055.42,2024-01-19,0,0,0,3266.62,LOW
CUST004346,Individual,OH,Doctor,43853.17,2023-02-03,0,0,0,2791.16,LOW
CUST004347,Individual,GA,Real Estate Agent,147322.96,2024-06-14,0,0,0,10718.2,LOW
CUST004348,Individual,FL,Real Estate Agent,65886.81,2021-04-24,0,0,0,5749.26,LOW
CUST004349,Business,NJ,Lawyer,113681.22,2018-09-16,0,0,0,11373.45,LOW
CUST004350,Individual,PA,Retail Worker,106172.55,2022-06-12,0,0,0,10398.42,LOW
CUST004351,Individual,NC,Trader,71223.49,2019-08-02,0,0,0,7395.79,LOW
CUST004352,Individual,NJ,Doctor,93123.83,2018-04-18,0,0,0,12159.04,LOW
CUST004353,Individual,MD,Consultant,85626.33,2021-05-06,0,0,0,11631.45,LOW
CUST004354,Business,CA,Teacher,35505.79,2019-09-21,0,0,0,4159.73,LOW
CUST004355,Individual,NY,Accountant,102950.65,2025-01-05,0,0,0,3589.66,LOW
CUST004356,Individual,PA,Student,47398.46,2020-01-27,0,0,1,6880.43,MEDIUM
CUST004357,Individual,PA,Small Business Owner,37433.89,2020-12-05,0,0,0,5368.95,LOW
CUST004358,Individual,WA,Construction Worker,130713.3,2017-06-19,0,0,0,14896.48,LOW
CUST004359,Individual,NJ,Retail Worker,51066.59,2019-10-11,0,0,0,4579.65,LOW
CUST004360,Individual,VA,Construction Worker,154382.83,2017-02-25,0,0,0,8695.97,LOW
CUST004361,Individual,NY,Teacher,153150.63,2021-10-23,0,0,0,18308.22,LOW
CUST004362,Individual,MD,Doctor,55014.67,2023-07-01,0,0,0,7412.27,LOW
CUST004363,Individual,WA,Accountant,150191.29,2018-10-20,0,0,0,16242.96,LOW
CUST004364,Individual,VA,Student,58231.52,2019-08-15,0,0,0,6034.77,LOW
CUST004365,Individual,NC,Sales Manager,71739.02,2017-09-17,0,0,0,3524.22,LOW
CUST004366,Individual,CO,Software Engineer,103383.88,2018-10-03,0,0,0,7208.4,LOW
CUST004367,Individual,MD,Accountant,282335.42,2024-02-23,0,0,0,32579.26,LOW
CUST004368,Individual,TX,Retail Worker,138251.05,2023-07-16,0,0,0,3748.31,LOW
CUST004369,Individual,OH,Construction Worker,72235.02,2018-02-08,0,0,0,7596.09,LOW
CUST004370,Individual,NJ,Accountant,80208.91,2024-01-24,0,0,0,9691.95,LOW
CUST004371,Individual,MA,Restaurant Owner,26801.52,2025-11-20,0,0,0,1791.36,LOW
CUST004372,Individual,NC,Doctor,144114.64,2019-03-06,0,0,0,4974.98,LOW
CUST004373,Individual,MA,Doctor,134391.48,2021-04-11,0,0,0,17120.12,LOW
CUST004374,Individual,CO,Restaurant Owner,90175.53,2020-03-29,0,0,0,3853.16,LOW
CUST004375,Individual,OH,Real Estate Agent,119585.26,2025-06-09,0,0,0,8532.42,LOW
CUST004376,Individual,VA,Real Estate Agent,20107.97,2024-03-26,0,0,0,2280.38,LOW
CUST004377,Individual,MD,Lawyer,37126.85,2024-04-18,0,0,0,4719.69,LOW
CUST004378,Business,CO,Teacher,241881.02,2024-05-23,0,0,0,32121.25,LOW
CUST004379,Individual,WA,Consultant,63431.8,2018-12-15,0,0,0,5791.46,LOW
CUST004380,Individual,OH,Software Engineer,122709.47,2023-07-20,0,0,0,10366.98,LOW
CUST004381,Individual,NC,Restaurant Owner,46162.71,2020-10-28,0,0,0,6049.15,LOW
CUST004382,Individual,TX,Teacher,56265.36,2022-05-12,0,0,0,5366.85,LOW
CUST004383,Individual,IL,Construction Worker,250393.06,2022-09-25,1,0,0,24371.09,HIGH
CUST004384,Individual,NC,Restaurant Owner,67703.94,2021-10-19,0,0,0,5365.31,LOW
CUST004385,Business,MD,Consultant,105404.17,2019-06-23,0,0,0,7547.12,LOW
CUST004386,Individual,IL,Small Business Owner,81637.15,2022-10-04,0,0,0,6944.68,LOW
CUST004387,Business,MA,Restaurant Owner,88028.38,2020-01-07,0,0,0,6215.33,LOW
CUST004388,Individual,GA,Consultant,86093.66,2021-08-22,0,0,0,5849.49,LOW
CUST004389,Individual,FL,Consultant,20739.62,2019-05-06,0,0,0,3094.52,LOW
CUST004390,Individual,OH,Consultant,102266.37,2020-07-19,0,0,0,6854.58,LOW
CUST004391,Individual,FL,Small Business Owner,52880.2,2018-10-22,0,0,0,3016.71,LOW
CUST004392,Individual,GA,Doctor,238461.24,2017-04-21,0,0,0,16511.18,LOW
CUST004393,Individual,WA,Accountant,45389.1,2019-11-05,0,0,0,4486.61,LOW
CUST004394,Individual,CO,Doctor,55199.13,2022-10-27,0,0,0,7665.71,LOW
CUST004395,Business,OH,Teacher,367771.64,2018-05-16,0,0,0,45413.56,LOW
CUST004396,Business,FL,Doctor,120025.15,2024-03-20,0,0,0,15636.89,LOW
CUST004397,Individual,FL,Small Business Owner,39577.7,2018-02-22,0,0,0,5239.14,LOW
CUST004398,Individual,NJ,Doctor,84112.52,2022-02-07,0,0,0,11781.31,LOW
CUST004399,Individual,NJ,Construction Worker,33927.7,2017-10-02,0,0,0,1845.12,LOW
CUST004400,Individual,GA,Restaurant Owner,88669.81,2020-05-05,0,0,0,7297.15,LOW
CUST004401,Individual,CO,Doctor,44462.32,2021-10-21,0,0,0,3252.41,LOW
CUST004402,Individual,NY,Student,252053.06,2025-08-01,0,0,0,18332.98,LOW
CUST004403,Individual,NC,Consultant,98599.19,2025-04-09,0,0,0,10504.31,LOW
CUST004404,Individual,OH,Restaurant Owner,105678.03,2025-04-27,0,0,0,7949.67,LOW
CUST004405,Business,MD,Real Estate Agent,139049.01,2021-11-04,0,0,0,14188.74,LOW
CUST004406,Individual,TX,Construction Worker,149536.9,2020-02-08,0,0,0,10884.03,LOW
CUST004407,Business,WA,Small Business Owner,47922.86,2023-02-20,0,0,0,3061.84,LOW
CUST004408,Individual,NJ,Accountant,79775.61,2021-03-23,0,0,0,5515.26,LOW
CUST004409,Individual,NJ,Construction Worker,56144.39,2022-05-22,0,0,0,7044.42,LOW
CUST004410,Individual,IL,Lawyer,292550.01,2024-12-12,0,0,0,29293.44,LOW
CUST004411,Individual,OH,Consultant,16980.5,2019-03-10,0,0,0,2491.88,LOW
CUST004412,Individual,TX,Restaurant Owner,51607.48,2022-05-18,0,0,0,6661.6,LOW
CUST004413,Individual,OH,Accountant,71201.45,2023-06-07,0,0,0,6103.57,LOW
CUST004414,Individual,IL,Software Engineer,81981.73,2025-04-04,0,0,0,4533.35,LOW
CUST004415,Individual,MD,Retail Worker,80900.93,2024-02-29,0,0,0,8837.51,LOW
CUST004416,Individual,NY,Construction Worker,72783.51,2024-06-12,1,0,0,8430.57,HIGH
CUST004417,Individual,TX,Accountant,67485.75,2023-01-06,0,0,0,5602.8,LOW
CUST004418,Individual,FL,Teacher,87735.9,2019-02-08,0,0,0,4714.95,LOW
CUST004419,Individual,IL,Trader,101237.08,2021-01-24,0,0,0,9582.57,LOW
CUST004420,Individual,MA,Lawyer,240194.47,2017-05-19,0,0,0,13625.91,LOW
CUST004421,Individual,WA,Trader,238816.94,2019-05-11,0,0,0,34031.36,LOW
CUST004422,Business,FL,Accountant,91207.4,2022-02-03,0,0,0,9450.05,LOW
CUST004423,Individual,TX,Lawyer,54353.74,2023-05-29,0,0,0,3342.29,LOW
CUST004424,Individual,MA,Retail Worker,56882.42,2017-12-01,0,0,1,2955.97,MEDIUM
CUST004425,Individual,NY,Lawyer,31923.06,2024-07-09,0,0,0,3658.08,LOW
CUST004426,Individual,NC,Consultant,139364.18,2022-02-02,0,0,0,15814.23,LOW
CUST004427,Individual,MA,Restaurant Owner,72850.59,2020-04-22,0,0,0,7258.94,LOW
CUST004428,Individual,NJ,Software Engineer,99654.39,2023-06-13,0,0,0,10143.58,LOW
CUST004429,Individual,GA,Lawyer,93169.82,2019-07-14,0,0,0,9362.04,LOW
CUST004430,Individual,MA,Teacher,47657.25,2019-09-08,0,0,0,3336.62,LOW
CUST004431,Individual,CO,Accountant,43982.19,2025-01-24,0,0,0,6253.25,LOW
CUST004432,Individual,PA,Student,55873.77,2020-07-09,0,0,0,4744.23,LOW
CUST004433,Individual,VA,Doctor,102843.69,2025-02-22,0,0,0,2832.42,LOW
CUST004434,Business,NY,Consultant,71164.89,2020-08-26,1,0,0,4878.01,HIGH
CUST004435,Individual,VA,Construction Worker,23808.35,2017-12-10,1,1,0,982.94,HIGH
CUST004436,Individual,FL,Lawyer,38543.72,2018-10-19,0,0,0,2714.36,LOW
CUST004437,Individual,OH,Lawyer,63035.4,2021-12-02,0,0,0,6368.64,LOW
CUST004438,Individual,IL,Construction Worker,73532.05,2022-01-24,0,0,0,2046.62,LOW
CUST004439,Business,CA,Retail Worker,104851.99,2017-09-18,0,0,0,14026.58,LOW
CUST004440,Individual,NY,Consultant,76938.6,2020-10-17,0,0,0,7793.01,LOW
CUST004441,Business,PA,Lawyer,59247.59,2017-06-18,0,0,0,3668.7,LOW
CUST004442,Business,NJ,Teacher,57938.49,2018-10-22,0,0,0,3702.31,LOW
CUST004443,Individual,IL,Real Estate Agent,85493.36,2017-07-19,0,0,0,7113.78,LOW
CUST004444,Individual,NC,Software Engineer,98417.63,2020-11-09,0,0,0,5512.52,LOW
CUST004445,Individual,WA,Small Business Owner,60528.62,2018-08-05,0,0,0,1546.07,LOW
CUST004446,Business,NC,Teacher,37225.24,2018-07-20,0,0,0,1054.21,LOW
CUST004447,Individual,OH,Lawyer,70343.8,2023-09-09,0,0,0,4904.2,LOW
CUST004448,Individual,NC,Software Engineer,49159.89,2023-07-27,0,0,0,1992.34,LOW
CUST004449,Individual,OH,Sales Manager,90415.46,2017-01-28,0,0,0,2513.14,LOW
CUST004450,Individual,CA,Restaurant Owner,196364.79,2022-03-14,0,0,0,26000.4,LOW
CUST004451,Individual,MA,Restaurant Owner,31154.89,2018-09-24,0,0,0,1846.46,LOW
CUST004452,Individual,VA,Consultant,158450.3,2025-10-10,0,0,0,13926.25,LOW
CUST004453,Business,PA,Consultant,101734.23,2023-08-25,0,0,0,4824.86,LOW
CUST004454,Individual,OH,Construction Worker,153597.35,2021-06-14,0,0,0,4737.04,LOW
CUST004455,Business,MD,Small Business Owner,56500.77,2024-01-20,0,0,0,6673.21,LOW
CUST004456,Individual,MA,Small Business Owner,29299.49,2022-07-30,0,0,0,1190.13,LOW
CUST004457,Individual,NC,Doctor,84292.29,2020-08-03,0,0,0,2378.27,LOW
CUST004458,Individual,WA,Retail Worker,186286.08,2025-01-29,0,0,0,18331.26,LOW
CUST004459,Individual,NY,Sales Manager,37643.08,2021-11-01,0,0,0,1004.45,LOW
CUST004460,Individual,GA,Lawyer,41503.81,2019-03-18,0,0,0,3301.04,LOW
CUST004461,Individual,PA,Sales Manager,109855.65,2023-03-25,0,0,0,6712.68,LOW
CUST004462,Individual,TX,Doctor,53761.29,2022-09-06,0,0,0,3490.57,LOW
CUST004463,Business,MD,Lawyer,221504.61,2020-02-15,0,0,0,5645.57,LOW
CUST004464,Individual,FL,Teacher,114587.34,2017-03-30,0,0,0,16677.42,LOW
CUST004465,Individual,NC,Construction Worker,46992.73,2024-04-20,0,0,0,4211.51,LOW
CUST004466,Individual,TX,Software Engineer,51959.68,2021-10-25,0,0,0,5017.44,LOW
CUST004467,Individual,GA,Real Estate Agent,53312.41,2017-05-02,0,0,0,5771.88,LOW
CUST004468,Individual,WA,Small Business Owner,72936.55,2022-04-02,0,0,0,9094.47,LOW
CUST004469,Business,TX,Accountant,91412.43,2019-05-16,0,0,0,9231.62,LOW
CUST004470,Business,NC,Sales Manager,87175.05,2017-02-02,0,0,0,10484.96,LOW
CUST004471,Business,NJ,Student,36104.96,2018-08-26,0,0,0,2927.82,LOW
CUST004472,Business,PA,Lawyer,134788.55,2018-11-27,0,0,0,9625.17,LOW
CUST004473,Individual,NJ,Sales Manager,62111.76,2025-01-14,0,0,0,7943.58,LOW
CUST004474,Individual,CA,Small Business Owner,41041.76,2018-06-09,0,0,0,5465.28,LOW
CUST004475,Individual,NC,Restaurant Owner,55506.98,2019-11-14,0,0,0,2343.83,LOW
CUST004476,Individual,GA,Doctor,145007.89,2020-09-10,0,0,0,13461.45,LOW
CUST004477,Individual,CA,Retail Worker,84876.59,2022-09-13,0,0,0,9375.07,LOW
CUST004478,Individual,CA,Real Estate Agent,89828.57,2017-09-04,0,0,0,3184.41,LOW
CUST004479,Individual,CA,Real Estate Agent,35057.72,2025-06-18,0,0,0,4950.14,LOW
CUST004480,Individual,OH,Restaurant Owner,81731.51,2025-06-29,0,0,0,7356.96,LOW
CUST004481,Individual,CO,Student,143435.26,2022-09-28,0,0,0,15158.55,LOW
CUST004482,Individual,NY,Consultant,23232.48,2022-05-17,0,0,0,1098.44,LOW
CUST004483,Individual,MD,Small Business Owner,58245.73,2025-02-07,0,0,0,3381.42,LOW
CUST004484,Individual,OH,Lawyer,112455.3,2023-02-06,0,0,0,4512.29,LOW
CUST004485,Individual,NY,Real Estate Agent,83125.11,2020-10-25,0,0,0,4821.24,LOW
CUST004486,Individual,MD,Teacher,38677.76,2022-03-23,0,0,0,3347.54,LOW
CUST004487,Individual,GA,Teacher,97159.99,2022-07-17,0,0,0,12553.43,LOW
CUST004488,Individual,CO,Consultant,35116.49,2019-01-08,0,0,0,3220.72,LOW
CUST004489,Individual,NC,Software Engineer,42673.69,2022-05-23,0,0,0,2370.86,LOW
CUST004490,Individual,MD,Construction Worker,45687.54,2024-03-22,0,0,0,1397.02,LOW
CUST004491,Individual,MD,Consultant,204525.04,2023-12-19,0,0,0,21014.18,LOW
CUST004492,Individual,CO,Sales Manager,25334.74,2023-10-15,0,0,0,1963.95,LOW
CUST004493,Individual,MD,Student,26579.92,2025-12-23,0,0,0,3935.0,LOW
CUST004494,Individual,VA,Teacher,90165.53,2025-07-04,0,0,0,11042.57,LOW
CUST004495,Individual,IL,Sales Manager,80287.18,2020-12-07,0,0,0,10119.83,LOW
CUST004496,Individual,OH,Real Estate Agent,55259.0,2017-12-30,0,0,0,1465.99,LOW
CUST004497,Individual,TX,Teacher,75677.02,2023-06-16,0,0,0,9249.58,LOW
CUST004498,Individual,NY,Accountant,37544.88,2019-09-09,0,0,0,1851.96,LOW
CUST004499,Individual,OH,Construction Worker,79628.37,2020-07-26,0,0,0,7821.46,LOW
CUST004500,Individual,MA,Trader,85946.18,2025-10-29,0,0,0,6955.43,LOW
CUST004501,Individual,NJ,Retail Worker,165181.22,2017-08-15,0,0,0,15931.81,LOW
CUST004502,Individual,OH,Trader,259101.59,2020-06-20,0,0,0,10799.47,LOW
CUST004503,Individual,NY,Small Business Owner,63025.4,2022-08-20,0,0,0,5175.11,LOW
CUST004504,Individual,WA,Accountant,32780.53,2020-11-16,0,0,0,970.9,LOW
CUST004505,Individual,CA,Small Business Owner,96324.38,2022-09-27,0,0,0,2901.76,LOW
CUST004506,Individual,NY,Software Engineer,68752.54,2021-07-06,0,0,0,7371.46,LOW
CUST004507,Individual,CO,Restaurant Owner,66801.94,2023-03-02,0,0,0,9616.96,LOW
CUST004508,Individual,VA,Lawyer,26318.98,2025-04-25,0,0,0,3215.5,LOW
CUST004509,Individual,GA,Accountant,79964.93,2025-01-20,0,0,0,6688.62,LOW
CUST004510,Business,NJ,Software Engineer,98725.81,2017-06-06,0,0,0,3157.63,LOW
CUST004511,Individual,NJ,Lawyer,143051.0,2024-12-12,0,0,0,4381.3,LOW
CUST004512,Individual,MD,Software Engineer,53996.66,2022-09-05,0,0,0,2415.62,LOW
CUST004513,Individual,IL,Small Business Owner,43859.41,2023-10-05,0,0,0,6446.29,LOW
CUST004514,Individual,OH,Retail Worker,53717.24,2021-08-29,0,0,0,4019.8,LOW
CUST004515,Individual,FL,Restaurant Owner,137603.95,2019-01-31,0,0,0,17947.12,LOW
CUST004516,Individual,OH,Doctor,184649.32,2019-02-13,0,0,0,20891.74,LOW
CUST004517,Individual,FL,Sales Manager,155420.11,2023-05-01,1,0,0,15647.48,HIGH
CUST004518,Business,TX,Consultant,114261.05,2021-04-02,0,0,0,16393.98,LOW
CUST004519,Individual,MA,Real Estate Agent,73447.49,2024-03-20,0,0,0,3951.58,LOW
CUST004520,Individual,PA,Student,81281.29,2019-08-16,0,0,0,6653.78,LOW
CUST004521,Business,GA,Student,89361.51,2023-11-23,0,0,0,11893.16,LOW
CUST004522,Individual,WA,Sales Manager,63663.52,2017-09-11,0,0,1,5982.47,MEDIUM
CUST004523,Business,NY,Trader,133680.92,2021-04-19,0,0,1,7460.15,MEDIUM
CUST004524,Individual,GA,Trader,25615.25,2025-10-24,0,0,0,1309.31,LOW
CUST004525,Individual,MA,Sales Manager,28889.19,2024-08-19,0,0,0,3441.0,LOW
CUST004526,Individual,FL,Small Business Owner,25585.97,2017-04-28,0,0,0,680.55,LOW
CUST004527,Individual,GA,Student,44525.57,2025-11-11,0,0,0,6201.25,LOW
CUST004528,Business,NC,Doctor,179920.04,2018-07-04,0,0,0,4912.22,LOW
CUST004529,Individual,VA,Consultant,34628.13,2019-06-30,0,0,0,3596.95,LOW
CUST004530,Individual,NY,Student,35466.8,2019-05-20,0,0,0,3567.73,LOW
CUST004531,Individual,IL,Consultant,43859.85,2019-03-19,0,0,0,4267.62,LOW
CUST004532,Individual,TX,Real Estate Agent,154064.6,2021-07-31,0,0,0,12986.55,LOW
CUST004533,Individual,IL,Small Business Owner,190647.32,2019-04-01,0,0,0,25080.38,LOW
CUST004534,Individual,FL,Sales Manager,145078.43,2021-11-17,0,0,0,15583.83,LOW
CUST004535,Individual,CA,Student,151043.18,2020-05-06,0,0,0,18537.95,LOW
CUST004536,Individual,OH,Small Business Owner,219471.96,2021-05-21,0,0,0,8656.02,LOW
CUST004537,Individual,FL,Restaurant Owner,23330.56,2024-02-25,0,0,0,728.78,LOW
CUST004538,Individual,TX,Software Engineer,33828.75,2025-10-06,0,0,0,966.35,LOW
CUST004539,Individual,NC,Student,47560.87,2023-09-28,0,0,0,2064.18,LOW
CUST004540,Individual,NY,Consultant,80231.12,2019-05-30,0,0,0,8695.13,LOW
CUST004541,Individual,VA,Software Engineer,80062.32,2019-09-20,0,0,0,6945.62,LOW
CUST004542,Individual,MA,Retail Worker,80878.32,2017-01-01,0,0,0,9627.07,LOW
CUST004543,Individual,PA,Sales Manager,128989.45,2017-06-16,0,0,1,6316.14,MEDIUM
CUST004544,Individual,CO,Student,21561.04,2022-08-26,0,0,0,1528.04,LOW
CUST004545,Individual,IL,Student,68461.55,2024-05-28,0,0,0,9315.03,LOW
CUST004546,Individual,FL,Accountant,89133.4,2017-04-22,0,0,0,12653.76,LOW
CUST004547,Individual,MA,Software Engineer,60697.91,2020-01-31,0,0,0,8510.83,LOW
CUST004548,Individual,VA,Student,84811.13,2024-03-26,0,0,0,10795.45,LOW
CUST004549,Individual,IL,Restaurant Owner,145754.74,2020-11-30,0,0,0,16183.07,LOW
CUST004550,Individual,FL,Real Estate Agent,78095.49,2022-06-29,0,0,0,10871.65,LOW
CUST004551,Business,TX,Lawyer,300981.36,2022-08-06,0,0,0,34393.95,LOW
CUST004552,Individual,IL,Software Engineer,139151.72,2018-05-22,0,0,0,20071.53,LOW
CUST004553,Individual,FL,Real Estate Agent,89163.38,2021-06-23,0,0,0,2505.36,LOW
CUST004554,Business,CO,Construction Worker,104054.28,2018-11-02,0,0,0,14588.96,LOW
CUST004555,Individual,NY,Consultant,121588.82,2025-07-09,0,0,0,11486.2,LOW
CUST004556,Individual,VA,Retail Worker,224306.26,2021-08-18,0,0,0,8742.27,LOW
CUST004557,Individual,TX,Accountant,160898.87,2024-09-07,0,0,0,8344.84,LOW
CUST004558,Individual,MA,Restaurant Owner,104765.22,2023-12-20,0,0,0,13778.71,LOW
CUST004559,Business,CO,Trader,46705.56,2019-08-23,0,0,0,4122.45,LOW
CUST004560,Business,MA,Trader,98218.15,2017-10-08,0,0,0,14521.77,LOW
CUST004561,Individual,PA,Retail Worker,109267.15,2017-12-17,0,0,0,4336.96,LOW
CUST004562,Individual,GA,Accountant,124349.05,2023-07-10,0,0,0,9520.53,LOW
CUST004563,Business,CA,Small Business Owner,46546.58,2022-05-04,0,0,0,3094.62,LOW
CUST004564,Individual,NY,Retail Worker,121174.85,2022-05-21,0,0,0,10847.2,LOW
CUST004565,Individual,TX,Small Business Owner,126194.07,2024-09-09,0,0,0,13146.86,LOW
CUST004566,Business,IL,Lawyer,34160.68,2021-03-28,0,0,0,3679.23,LOW
CUST004567,Individual,MA,Sales Manager,34348.48,2020-07-30,0,0,0,864.28,LOW
CUST004568,Individual,CO,Retail Worker,155119.86,2022-05-19,0,0,0,5602.94,LOW
CUST004569,Individual,OH,Teacher,43018.46,2018-12-29,0,0,0,1264.01,LOW
CUST004570,Business,VA,Consultant,203774.92,2019-04-03,0,0,1,27117.33,MEDIUM
CUST004571,Individual,NY,Doctor,62563.28,2020-12-08,0,0,0,4014.16,LOW
CUST004572,Individual,TX,Accountant,96317.84,2022-08-24,0,0,0,6827.29,LOW
CUST004573,Individual,TX,Restaurant Owner,93324.31,2019-12-16,0,0,1,7586.93,MEDIUM
CUST004574,Individual,IL,Software Engineer,47138.16,2023-07-18,0,0,0,6182.78,LOW
CUST004575,Individual,TX,Sales Manager,185171.93,2017-07-18,0,0,0,4957.2,LOW
CUST004576,Individual,NC,Sales Manager,62602.41,2022-02-27,0,0,0,2493.28,LOW
CUST004577,Individual,WA,Retail Worker,77921.42,2018-11-09,0,0,0,8621.65,LOW
CUST004578,Individual,NY,Retail Worker,20678.21,2024-05-29,0,0,0,3008.4,LOW
CUST004579,Business,FL,Accountant,31463.69,2021-01-04,0,0,1,3314.65,MEDIUM
CUST004580,Individual,NC,Small Business Owner,156041.47,2017-03-19,0,0,1,8994.3,MEDIUM
CUST004581,Business,NC,Construction Worker,74730.78,2022-11-30,0,0,0,6724.5,LOW
CUST004582,Individual,MA,Doctor,51257.91,2018-06-19,0,0,0,7528.38,LOW
CUST004583,Individual,MA,Trader,51796.23,2020-10-30,0,0,0,4713.95,LOW
CUST004584,Individual,FL,Retail Worker,107132.85,2025-09-23,0,0,0,7680.19,LOW
CUST004585,Individual,NY,Student,170158.32,2020-03-11,0,0,0,12409.34,LOW
CUST004586,Business,MD,Teacher,52058.22,2025-04-28,0,0,0,7594.21,LOW
CUST004587,Individual,CA,Lawyer,152902.17,2020-05-05,0,0,0,17563.04,LOW
CUST004588,Individual,OH,Trader,67588.57,2019-03-01,0,0,0,7495.34,LOW
CUST004589,Individual,NY,Real Estate Agent,103846.13,2021-04-13,0,0,0,5608.4,LOW
CUST004590,Individual,NJ,Teacher,23658.27,2020-08-15,0,0,0,2246.01,LOW
CUST004591,Individual,TX,Doctor,26445.82,2020-01-05,0,0,0,1840.45,LOW
CUST004592,Individual,GA,Sales Manager,127809.88,2024-01-22,0,0,0,7032.76,LOW
CUST004593,Individual,IL,Lawyer,89675.81,2022-11-18,0,0,0,12280.57,LOW
CUST004594,Individual,WA,Student,97502.53,2021-02-11,0,0,0,7107.4,LOW
CUST004595,Individual,GA,Sales Manager,37199.24,2025-04-09,1,0,0,2244.91,HIGH
CUST004596,Individual,FL,Sales Manager,56999.1,2021-01-31,1,0,0,8063.38,HIGH
CUST004597,Individual,IL,Teacher,25292.98,2021-07-18,0,0,0,1256.26,LOW
CUST004598,Individual,IL,Real Estate Agent,43234.85,2022-03-16,0,0,0,5109.84,LOW
CUST004599,Individual,OH,Software Engineer,73893.72,2020-08-08,0,0,0,7876.58,LOW
CUST004600,Individual,CO,Consultant,92811.97,2025-05-21,0,0,0,12999.3,LOW
CUST004601,Individual,IL,Software Engineer,47185.36,2017-05-05,0,0,0,6087.19,LOW
CUST004602,Individual,MA,Consultant,107381.5,2025-05-21,0,0,0,12151.49,LOW
CUST004603,Business,WA,Construction Worker,73156.86,2018-06-03,0,0,0,4705.56,LOW
CUST004604,Individual,MA,Construction Worker,64756.48,2022-09-02,0,0,0,5630.33,LOW
CUST004605,Individual,TX,Small Business Owner,79189.87,2017-06-11,0,0,0,11329.06,LOW
CUST004606,Business,NJ,Construction Worker,293606.55,2024-04-30,0,0,0,8191.72,LOW
CUST004607,Business,PA,Teacher,67547.68,2023-12-29,0,0,0,8395.6,LOW
CUST004608,Individual,OH,Construction Worker,139274.45,2019-06-01,0,0,0,7865.7,LOW
CUST004609,Business,WA,Sales Manager,106972.69,2019-11-11,0,0,0,5148.29,LOW
CUST004610,Individual,NC,Consultant,63827.52,2021-11-23,0,0,0,3448.48,LOW
CUST004611,Individual,CO,Software Engineer,27379.71,2022-02-05,0,0,0,888.99,LOW
CUST004612,Individual,GA,Accountant,49888.49,2018-04-28,0,0,0,7433.26,LOW
CUST004613,Individual,VA,Lawyer,78817.68,2021-03-06,0,0,0,10540.58,LOW
CUST004614,Individual,TX,Retail Worker,70062.19,2022-05-21,0,0,0,6314.85,LOW
CUST004615,Individual,NY,Consultant,174216.66,2023-06-15,0,0,0,19928.28,LOW
CUST004616,Individual,FL,Software Engineer,46558.61,2019-05-24,0,0,0,4403.25,LOW
CUST004617,Individual,NC,Trader,68173.83,2021-04-26,0,0,0,8620.4,LOW
CUST004618,Business,NJ,Trader,106285.09,2023-03-01,0,0,0,13880.37,LOW
CUST004619,Individual,TX,Software Engineer,62595.88,2024-05-11,0,0,0,3386.36,LOW
CUST004620,Business,MD,Retail Worker,141228.04,2017-05-22,0,0,0,11646.86,LOW
CUST004621,Business,NY,Student,36987.1,2022-02-23,0,0,0,3859.82,LOW
CUST004622,Individual,NJ,Sales Manager,27928.27,2019-10-01,0,0,0,4113.98,LOW
CUST004623,Individual,MD,Accountant,62259.72,2024-04-16,0,0,0,6869.5,LOW
CUST004624,Individual,NY,Student,71615.69,2022-11-25,0,0,0,9825.99,LOW
CUST004625,Business,WA,Student,86422.99,2022-07-08,0,0,0,11301.02,LOW
CUST004626,Individual,OH,Software Engineer,82062.71,2018-06-13,0,0,0,8022.28,LOW
CUST004627,Individual,MD,Real Estate Agent,57514.12,2024-03-08,0,0,0,7862.58,LOW
CUST004628,Individual,VA,Restaurant Owner,28143.29,2019-08-27,0,0,0,2031.32,LOW
CUST004629,Individual,NY,Consultant,69430.58,2021-11-08,0,0,0,5027.5,LOW
CUST004630,Individual,NC,Teacher,38167.3,2024-06-28,0,0,0,4680.1,LOW
CUST004631,Individual,NJ,Trader,78519.71,2023-05-28,0,0,0,3283.53,LOW
CUST004632,Individual,NY,Sales Manager,36499.3,2019-03-16,0,0,0,2307.78,LOW
CUST004633,Individual,VA,Student,95964.15,2020-08-27,0,0,0,9699.25,LOW
CUST004634,Business,GA,Lawyer,221767.79,2018-10-30,0,0,0,17188.82,LOW
CUST004635,Individual,TX,Construction Worker,46787.05,2018-01-20,0,0,0,6671.39,LOW
CUST004636,Business,NJ,Trader,32955.89,2025-07-22,0,0,0,4772.45,LOW
CUST004637,Individual,GA,Teacher,157814.41,2021-05-28,0,0,0,13859.68,LOW
CUST004638,Individual,NY,Doctor,236521.4,2025-11-29,0,0,0,21850.49,LOW
CUST004639,Individual,NY,Sales Manager,33376.79,2024-07-11,0,0,0,3857.64,LOW
CUST004640,Individual,NC,Real Estate Agent,70667.94,2017-01-13,0,0,0,5805.94,LOW
CUST004641,Business,IL,Teacher,102912.58,2025-03-27,0,0,0,5018.25,LOW
CUST004642,Individual,NJ,Trader,63327.6,2023-01-17,0,0,0,7496.16,LOW
CUST004643,Business,CO,Retail Worker,24021.3,2020-07-31,0,0,0,2815.85,LOW
CUST004644,Individual,CO,Sales Manager,30725.58,2024-02-26,0,0,0,1709.04,LOW
CUST004645,Individual,WA,Restaurant Owner,32898.35,2022-08-18,0,0,0,4247.66,LOW
CUST004646,Individual,MD,Accountant,38145.98,2017-03-13,0,0,0,3879.68,LOW
CUST004647,Individual,NY,Trader,79355.79,2025-01-18,0,0,0,4327.88,LOW
CUST004648,Individual,NC,Trader,153087.94,2022-11-16,0,0,0,16304.61,LOW
CUST004649,Business,FL,Retail Worker,31035.71,2022-11-05,0,0,0,1682.17,LOW
CUST004650,Individual,MA,Student,44999.27,2022-02-09,0,0,0,2616.89,LOW
CUST004651,Individual,PA,Trader,36452.63,2017-04-11,0,0,0,4775.34,LOW
CUST004652,Individual,MA,Real Estate Agent,90464.47,2017-10-08,0,0,0,12772.36,LOW
CUST004653,Individual,WA,Trader,43958.12,2019-06-02,0,0,0,2510.46,LOW
CUST004654,Business,CO,Real Estate Agent,38881.55,2020-08-05,0,0,0,5482.55,LOW
CUST004655,Individual,NC,Student,26559.78,2024-08-28,0,0,0,1456.8,LOW
CUST004656,Individual,TX,Restaurant Owner,181508.66,2023-02-22,0,0,0,7198.35,LOW
CUST004657,Business,OH,Software Engineer,311283.33,2023-09-05,0,0,0,10047.6,LOW
CUST004658,Individual,CA,Teacher,79217.78,2018-09-01,0,0,0,4377.9,LOW
CUST004659,Individual,FL,Construction Worker,196984.51,2018-03-26,0,0,0,14410.56,LOW
CUST004660,Individual,CA,Trader,51883.24,2025-09-03,0,0,1,7312.61,MEDIUM
CUST004661,Individual,NY,Student,74956.28,2020-07-08,0,0,0,4142.81,LOW
CUST004662,Individual,VA,Construction Worker,114527.58,2021-03-16,0,0,0,8095.17,LOW
CUST004663,Individual,TX,Trader,46009.1,2017-05-01,0,0,0,5372.46,LOW
CUST004664,Business,GA,Teacher,67616.01,2023-07-08,0,0,0,4243.53,LOW
CUST004665,Business,NC,Restaurant Owner,62402.99,2019-12-12,0,0,0,6898.4,LOW
CUST004666,Individual,NC,Software Engineer,99685.3,2017-11-14,0,0,0,7876.11,LOW
CUST004667,Individual,NY,Accountant,78087.42,2024-06-15,0,0,0,3869.67,LOW
CUST004668,Business,CA,Restaurant Owner,46743.47,2018-12-03,0,0,1,5457.64,MEDIUM
CUST004669,Individual,NY,Small Business Owner,61676.88,2025-12-10,0,0,0,1750.38,LOW
CUST004670,Individual,PA,Trader,154790.32,2024-07-03,0,0,0,9526.08,LOW
CUST004671,Individual,IL,Construction Worker,107151.55,2019-10-14,0,0,0,7449.46,LOW
CUST004672,Business,PA,Real Estate Agent,101259.65,2017-01-21,0,0,0,8331.37,LOW
CUST004673,Individual,TX,Sales Manager,325020.72,2023-09-13,0,0,0,35746.97,LOW
CUST004674,Individual,NC,Real Estate Agent,35958.68,2021-10-05,0,0,0,2963.92,LOW
CUST004675,Individual,VA,Doctor,118965.28,2023-02-28,0,0,0,11812.12,LOW
CUST004676,Business,GA,Consultant,77719.84,2023-11-19,0,0,0,7730.98,LOW
CUST004677,Individual,PA,Retail Worker,93781.61,2025-10-28,0,0,0,6720.29,LOW
CUST004678,Business,CO,Retail Worker,84434.14,2019-06-15,0,0,0,11968.24,LOW
CUST004679,Individual,NJ,Student,47537.05,2020-03-28,0,0,0,6868.24,LOW
CUST004680,Individual,NC,Construction Worker,38271.47,2023-06-16,0,0,0,3740.32,LOW
CUST004681,Individual,NC,Retail Worker,74991.82,2023-12-27,0,0,0,2546.82,LOW
CUST004682,Individual,GA,Retail Worker,45108.66,2022-09-05,0,0,0,3896.98,LOW
CUST004683,Business,MD,Restaurant Owner,58982.74,2017-03-07,0,0,0,2834.26,LOW
CUST004684,Individual,VA,Accountant,126001.31,2017-09-20,1,0,0,10760.74,HIGH
CUST004685,Individual,CA,Trader,33784.87,2018-04-17,0,0,0,1640.61,LOW
CUST004686,Individual,PA,Trader,66212.89,2023-01-24,0,0,0,7480.86,LOW
CUST004687,Individual,IL,Construction Worker,148847.69,2024-10-18,0,0,0,5217.65,LOW
CUST004688,Individual,GA,Doctor,53937.41,2025-10-31,0,0,0,7775.78,LOW
CUST004689,Individual,NY,Accountant,194928.73,2017-12-09,1,0,0,9633.76,HIGH
CUST004690,Business,IL,Doctor,27370.67,2018-12-19,0,0,0,2944.59,LOW
CUST004691,Individual,NY,Construction Worker,244713.48,2023-09-27,0,0,0,34166.97,LOW
CUST004692,Individual,VA,Software Engineer,75881.83,2025-11-30,0,0,0,4248.3,LOW
CUST004693,Individual,NC,Software Engineer,31622.61,2021-08-22,0,0,0,4483.68,LOW
CUST004694,Individual,PA,Trader,128902.15,2025-12-10,0,0,0,9485.18,LOW
CUST004695,Individual,CO,Retail Worker,99238.99,2025-06-01,0,0,0,14396.24,LOW
CUST004696,Business,FL,Student,184174.59,2020-05-23,0,0,0,26966.93,LOW
CUST004697,Individual,FL,Real Estate Agent,27634.4,2024-06-27,0,0,0,1340.54,LOW
CUST004698,Individual,CA,Sales Manager,36782.14,2024-10-15,0,0,0,4740.7,LOW
CUST004699,Individual,IL,Trader,123720.1,2022-07-19,0,0,0,6084.26,LOW
CUST004700,Business,NY,Restaurant Owner,393344.76,2023-12-06,0,0,0,20967.27,LOW
CUST004701,Individual,WA,Retail Worker,109005.65,2019-11-22,0,0,0,3871.42,LOW
CUST004702,Individual,IL,Sales Manager,120547.58,2017-01-15,0,0,0,5372.46,LOW
CUST004703,Individual,NJ,Consultant,45725.96,2022-02-13,0,0,0,4756.75,LOW
CUST004704,Individual,CA,Sales Manager,66638.72,2017-01-17,0,0,0,5408.17,LOW
CUST004705,Individual,MA,Software Engineer,50128.8,2024-01-26,0,0,0,6209.36,LOW
CUST004706,Individual,MA,Retail Worker,103960.49,2021-11-15,0,0,0,6913.33,LOW
CUST004707,Individual,NY,Real Estate Agent,137232.94,2022-05-04,0,0,0,20046.72,LOW
CUST004708,Individual,FL,Sales Manager,84622.82,2017-03-22,0,0,0,2643.11,LOW
CUST004709,Business,GA,Doctor,125778.66,2024-05-27,1,0,0,4133.97,HIGH
CUST004710,Individual,NJ,Small Business Owner,73611.69,2023-10-20,0,0,0,8293.97,LOW
CUST004711,Individual,MA,Doctor,177418.99,2025-06-07,0,0,0,24118.76,LOW
CUST004712,Individual,NY,Trader,42840.34,2019-10-16,0,0,0,5330.95,LOW
CUST004713,Individual,NY,Teacher,188264.28,2024-06-19,0,0,0,16233.49,LOW
CUST004714,Individual,PA,Lawyer,47086.92,2019-02-19,0,0,0,2764.25,LOW
CUST004715,Individual,FL,Restaurant Owner,75803.13,2021-12-30,0,0,0,2022.54,LOW
CUST004716,Individual,IL,Student,34508.27,2023-02-12,0,0,0,3060.24,LOW
CUST004717,Individual,NC,Doctor,104205.78,2023-10-06,0,0,0,8800.65,LOW
CUST004718,Business,GA,Sales Manager,81691.78,2023-11-19,0,0,0,5557.55,LOW
CUST004719,Individual,PA,Teacher,121220.14,2022-11-01,0,0,0,11789.76,LOW
CUST004720,Business,CO,Software Engineer,24301.22,2024-02-28,0,0,0,2821.42,LOW
CUST004721,Individual,MA,Doctor,81817.73,2024-05-14,0,0,0,9213.58,LOW
CUST004722,Individual,GA,Student,97490.08,2017-11-21,0,0,0,5645.32,LOW
CUST004723,Individual,CA,Retail Worker,39445.17,2022-09-30,0,0,0,3872.05,LOW
CUST004724,Individual,MD,Real Estate Agent,106054.01,2019-11-17,0,0,0,4623.62,LOW
CUST004725,Individual,CO,Small Business Owner,16849.5,2018-11-08,0,0,0,677.35,LOW
CUST004726,Individual,FL,Consultant,69024.85,2022-07-23,0,0,0,8506.07,LOW
CUST004727,Business,MA,Doctor,187843.75,2025-04-17,0,0,1,20985.57,MEDIUM
CUST004728,Business,VA,Trader,68638.15,2022-07-05,0,0,0,8304.61,LOW
CUST004729,Individual,NY,Consultant,46997.58,2019-03-04,1,0,0,2070.61,HIGH
CUST004730,Individual,MA,Consultant,71913.8,2025-07-31,0,0,0,10019.56,LOW
CUST004731,Individual,WA,Consultant,79987.77,2024-05-28,0,0,0,3330.61,LOW
CUST004732,Individual,TX,Sales Manager,134305.62,2020-04-09,0,0,0,17964.0,LOW
CUST004733,Individual,VA,Sales Manager,81606.97,2022-12-05,0,0,0,5634.75,LOW
CUST004734,Business,TX,Accountant,123076.67,2025-06-03,0,0,0,4698.98,LOW
CUST004735,Individual,MA,Consultant,79624.53,2025-08-04,0,0,0,4844.84,LOW
CUST004736,Individual,WA,Accountant,46082.4,2025-07-29,0,1,0,2197.25,HIGH
CUST004737,Individual,MA,Real Estate Agent,30152.92,2019-06-24,0,0,0,2603.21,LOW
CUST004738,Individual,TX,Consultant,95495.79,2018-05-17,0,0,0,13724.48,LOW
CUST004739,Individual,PA,Teacher,15047.11,2019-03-10,0,0,0,992.87,LOW
CUST004740,Individual,CA,Consultant,23810.03,2024-12-14,0,0,0,2417.01,LOW
CUST004741,Individual,MD,Construction Worker,30227.91,2020-01-29,0,0,0,4125.06,LOW
CUST004742,Individual,NC,Sales Manager,119341.91,2020-02-17,0,0,0,12382.83,LOW
CUST004743,Individual,TX,Restaurant Owner,28477.74,2022-10-18,0,0,0,2001.27,LOW
CUST004744,Business,CA,Teacher,101806.87,2024-06-04,0,0,0,15154.45,LOW
CUST004745,Individual,NY,Student,38348.02,2024-10-10,0,0,0,1857.07,LOW
CUST004746,Individual,CA,Doctor,68188.37,2017-08-09,0,0,0,6164.71,LOW
CUST004747,Individual,PA,Real Estate Agent,72009.34,2025-05-16,0,0,0,8971.51,LOW
CUST004748,Individual,WA,Real Estate Agent,67528.12,2023-03-21,0,0,0,1693.68,LOW
CUST004749,Individual,NC,Construction Worker,49262.63,2024-06-17,0,0,0,5554.63,LOW
CUST004750,Individual,CA,Construction Worker,27094.9,2023-03-09,0,0,0,1579.97,LOW
CUST004751,Individual,GA,Construction Worker,76319.57,2019-07-20,0,0,0,3527.17,LOW
CUST004752,Individual,CO,Construction Worker,107766.12,2019-06-05,0,0,0,6387.76,LOW
CUST004753,Individual,IL,Construction Worker,116626.09,2025-01-08,0,0,0,17010.15,LOW
CUST004754,Individual,TX,Software Engineer,79095.09,2017-09-19,0,0,0,10795.84,LOW
CUST004755,Business,WA,Retail Worker,88670.76,2024-01-10,0,0,0,4585.99,LOW
CUST004756,Business,CO,Sales Manager,45434.32,2020-06-25,0,0,0,1800.49,LOW
CUST004757,Individual,NJ,Real Estate Agent,100448.32,2019-03-09,0,0,0,7083.52,LOW
CUST004758,Individual,OH,Construction Worker,98074.04,2020-07-04,0,0,0,9713.45,LOW
CUST004759,Individual,NY,Doctor,61800.8,2025-08-01,0,0,0,8243.8,LOW
CUST004760,Business,IL,Small Business Owner,77381.13,2024-02-01,0,0,0,11279.17,LOW
CUST004761,Individual,GA,Software Engineer,73705.03,2018-02-21,0,0,0,8763.1,LOW
CUST004762,Business,FL,Teacher,100911.17,2022-10-02,0,0,0,10078.59,LOW
CUST004763,Individual,PA,Small Business Owner,27494.89,2021-11-23,0,0,0,1176.55,LOW
CUST004764,Individual,MA,Teacher,27141.87,2017-02-07,0,0,0,929.71,LOW
CUST004765,Individual,IL,Accountant,28073.13,2023-06-14,0,0,0,2793.37,LOW
CUST004766,Business,WA,Sales Manager,56170.41,2019-04-26,1,0,0,5189.19,HIGH
CUST004767,Business,WA,Retail Worker,100830.21,2019-06-17,0,0,0,13184.66,LOW
CUST004768,Individual,WA,Small Business Owner,17419.59,2017-02-22,0,0,0,1137.95,LOW
CUST004769,Individual,NY,Teacher,79725.73,2018-08-29,0,0,0,2388.69,LOW
CUST004770,Individual,CA,Construction Worker,162947.13,2018-03-28,0,0,0,12703.93,LOW
CUST004771,Individual,TX,Real Estate Agent,89571.39,2018-04-06,0,0,0,13090.66,LOW
CUST004772,Individual,MD,Accountant,20190.43,2019-02-14,0,0,0,2512.64,LOW
CUST004773,Individual,FL,Restaurant Owner,105233.45,2022-02-02,0,0,0,3075.08,LOW
CUST004774,Individual,MA,Lawyer,87792.05,2020-03-06,0,0,0,11793.53,LOW
CUST004775,Individual,WA,Lawyer,60025.79,2020-10-27,0,0,0,5039.84,LOW
CUST004776,Business,MA,Software Engineer,84406.41,2023-09-09,0,0,0,5958.76,LOW
CUST004777,Individual,NC,Restaurant Owner,30270.56,2019-11-27,0,0,0,2068.76,LOW
CUST004778,Individual,NJ,Restaurant Owner,77527.35,2021-08-05,0,0,0,7705.68,LOW
CUST004779,Individual,NY,Construction Worker,102367.9,2025-10-24,0,0,0,9348.74,LOW
CUST004780,Individual,VA,Restaurant Owner,47802.89,2025-06-07,0,0,0,5118.66,LOW
CUST004781,Individual,WA,Restaurant Owner,55226.98,2024-05-18,0,0,0,5340.74,LOW
CUST004782,Individual,NJ,Lawyer,51859.18,2023-04-30,0,0,0,2229.59,LOW
CUST004783,Individual,FL,Teacher,55067.2,2024-05-03,0,0,0,3147.34,LOW
CUST004784,Individual,MD,Sales Manager,43723.87,2020-07-06,0,0,0,5689.73,LOW
CUST004785,Individual,FL,Student,45448.34,2020-09-08,0,0,0,4904.21,LOW
CUST004786,Individual,TX,Accountant,104893.65,2024-01-22,0,0,0,8501.64,LOW
CUST004787,Business,GA,Restaurant Owner,24160.94,2023-06-07,0,0,0,1155.5,LOW
CUST004788,Business,TX,Small Business Owner,84473.03,2022-03-04,0,0,0,2193.04,LOW
CUST004789,Individual,CA,Retail Worker,104761.13,2018-04-30,0,0,0,6703.24,LOW
CUST004790,Individual,MA,Doctor,31131.89,2017-04-02,0,0,0,991.73,LOW
CUST004791,Individual,PA,Accountant,71359.01,2020-04-02,0,0,0,6085.89,LOW
CUST004792,Business,FL,Retail Worker,41336.14,2020-09-20,0,0,0,5279.67,LOW
CUST004793,Individual,PA,Doctor,156977.31,2023-06-21,0,0,0,9524.57,LOW
CUST004794,Individual,NY,Restaurant Owner,65616.58,2022-04-22,0,0,0,8593.76,LOW
CUST004795,Individual,CO,Student,195393.39,2025-03-12,0,0,0,22093.24,LOW
CUST004796,Individual,IL,Trader,177144.97,2023-04-05,0,0,0,7202.32,LOW
CUST004797,Individual,NC,Consultant,91583.59,2021-09-06,1,0,0,9668.5,HIGH
CUST004798,Individual,WA,Real Estate Agent,301945.96,2022-11-01,0,0,0,13273.54,LOW
CUST004799,Individual,NY,Trader,26952.51,2024-06-09,0,0,0,2879.85,LOW
CUST004800,Individual,OH,Retail Worker,191906.7,2022-06-13,0,0,0,8221.15,LOW
CUST004801,Individual,NC,Lawyer,63006.62,2025-09-16,0,0,0,4666.52,LOW
CUST004802,Individual,FL,Restaurant Owner,69071.41,2017-06-27,0,0,0,6618.72,LOW
CUST004803,Business,NJ,Small Business Owner,55572.52,2017-09-07,0,0,1,1739.24,MEDIUM
CUST004804,Individual,MA,Small Business Owner,29222.96,2019-02-04,0,0,0,1290.59,LOW
CUST004805,Business,PA,Accountant,108605.91,2024-06-07,0,0,0,7064.93,LOW
CUST004806,Individual,MD,Teacher,33482.48,2025-01-29,0,0,0,2772.01,LOW
CUST004807,Individual,TX,Restaurant Owner,51077.25,2017-04-01,0,0,0,6758.08,LOW
CUST004808,Business,IL,Consultant,52568.24,2017-12-05,0,0,0,2544.78,LOW
CUST004809,Individual,GA,Restaurant Owner,143253.08,2021-07-20,0,0,0,9803.36,LOW
CUST004810,Business,NY,Restaurant Owner,71492.91,2022-02-16,0,0,0,6039.15,LOW
CUST004811,Individual,CO,Small Business Owner,15318.42,2017-06-18,0,0,0,949.32,LOW
CUST004812,Business,GA,Lawyer,41809.09,2025-10-16,0,0,0,4315.47,LOW
CUST004813,Individual,NC,Real Estate Agent,27169.42,2024-03-10,0,0,0,1550.7,LOW
CUST004814,Individual,VA,Trader,103969.9,2025-11-30,0,0,0,12636.9,LOW
CUST004815,Individual,OH,Small Business Owner,34764.9,2019-02-19,0,0,0,3064.33,LOW
CUST004816,Business,PA,Lawyer,50587.02,2017-06-19,0,0,0,1810.41,LOW
CUST004817,Business,PA,Teacher,233973.29,2023-08-07,0,0,0,24186.96,LOW
CUST004818,Individual,WA,Retail Worker,113453.44,2023-04-11,0,0,0,10909.17,LOW
CUST004819,Business,NJ,Trader,35181.02,2017-05-18,0,0,0,2368.55,LOW
CUST004820,Individual,VA,Construction Worker,128222.83,2025-06-27,0,0,0,3384.39,LOW
CUST004821,Individual,NJ,Construction Worker,47035.26,2018-06-03,0,0,0,2355.89,LOW
CUST004822,Individual,CA,Small Business Owner,128014.76,2020-11-22,0,0,0,9692.47,LOW
CUST004823,Individual,TX,Accountant,57367.18,2023-07-09,0,0,0,2867.74,LOW
CUST004824,Individual,FL,Student,40184.05,2025-04-01,0,0,0,3905.34,LOW
CUST004825,Individual,FL,Small Business Owner,37816.05,2024-02-24,1,0,0,4312.57,HIGH
CUST004826,Individual,PA,Restaurant Owner,90418.27,2023-10-10,0,0,0,11935.41,LOW
CUST004827,Individual,MD,Accountant,135768.6,2020-03-05,0,0,0,14374.21,LOW
CUST004828,Individual,NY,Lawyer,95540.32,2024-05-12,0,0,0,10617.03,LOW
CUST004829,Individual,MA,Student,56614.87,2018-12-10,0,0,0,5721.23,LOW
CUST004830,Individual,MD,Retail Worker,23317.75,2020-07-14,0,0,0,3455.36,LOW
CUST004831,Individual,FL,Small Business Owner,49496.9,2022-07-29,1,0,0,2852.26,HIGH
CUST004832,Individual,OH,Retail Worker,33237.09,2017-04-17,0,0,1,1937.14,MEDIUM
CUST004833,Individual,VA,Teacher,182556.22,2024-02-21,0,0,1,7446.78,MEDIUM
CUST004834,Individual,NC,Construction Worker,57885.89,2022-12-26,0,0,0,4961.43,LOW
CUST004835,Individual,OH,Construction Worker,91170.85,2024-04-16,0,0,0,3375.16,LOW
CUST004836,Individual,OH,Trader,59986.02,2022-09-26,0,0,0,3525.28,LOW
CUST004837,Individual,FL,Small Business Owner,99164.86,2022-07-06,0,0,0,8462.24,LOW
CUST004838,Individual,NY,Accountant,119617.75,2021-08-16,0,0,0,17308.62,LOW
CUST004839,Individual,TX,Small Business Owner,340693.65,2023-08-13,0,0,0,49562.96,LOW
CUST004840,Individual,IL,Real Estate Agent,55764.45,2017-01-06,0,0,0,6578.39,LOW
CUST004841,Business,NJ,Construction Worker,147747.8,2018-06-07,0,0,1,10882.55,MEDIUM
CUST004842,Business,WA,Trader,89849.33,2024-01-21,0,0,0,11963.0,LOW
CUST004843,Individual,WA,Real Estate Agent,51506.49,2021-08-06,0,0,0,6924.12,LOW
CUST004844,Individual,WA,Real Estate Agent,53952.53,2017-03-07,0,0,0,7487.24,LOW
CUST004845,Individual,OH,Retail Worker,101857.49,2023-10-04,0,0,0,10695.36,LOW
CUST004846,Individual,NY,Teacher,61849.05,2025-03-01,0,0,0,3106.31,LOW
CUST004847,Business,VA,Sales Manager,80294.1,2018-05-13,0,0,0,2921.51,LOW
CUST004848,Individual,WA,Accountant,115527.4,2021-02-01,0,0,0,16098.39,LOW
CUST004849,Individual,NC,Doctor,379720.2,2023-07-07,0,0,0,12129.5,LOW
CUST004850,Individual,PA,Lawyer,76600.45,2024-09-16,0,0,0,4748.18,LOW
CUST004851,Business,CA,Accountant,36023.64,2019-09-28,0,0,0,3093.36,LOW
CUST004852,Individual,NC,Real Estate Agent,97142.71,2021-07-21,0,0,0,2695.43,LOW
CUST004853,Individual,OH,Student,54755.02,2025-10-08,0,0,1,7576.13,MEDIUM
CUST004854,Individual,NY,Trader,256809.18,2022-07-11,0,0,0,15637.14,LOW
CUST004855,Individual,NY,Student,54291.34,2024-01-22,0,0,0,1550.73,LOW
CUST004856,Individual,VA,Teacher,75902.24,2021-10-09,1,0,0,11324.52,HIGH
CUST004857,Individual,NJ,Trader,112435.77,2021-06-13,0,0,0,7187.36,LOW
CUST004858,Business,WA,Lawyer,103217.0,2023-04-10,0,0,0,13892.56,LOW
CUST004859,Business,GA,Retail Worker,185140.18,2023-07-26,0,0,0,15123.05,LOW
CUST004860,Business,IL,Lawyer,115740.71,2019-11-07,0,0,0,12487.35,LOW
CUST004861,Individual,OH,Retail Worker,343918.08,2021-01-29,0,0,0,18962.36,LOW
CUST004862,Individual,CA,Real Estate Agent,100449.81,2024-08-14,0,0,0,8825.46,LOW
CUST004863,Individual,NY,Lawyer,174496.63,2025-01-08,0,0,0,9982.32,LOW
CUST004864,Individual,CA,Real Estate Agent,55283.53,2017-12-29,0,0,0,7954.5,LOW
CUST004865,Individual,NY,Lawyer,270730.39,2025-12-26,0,0,0,8830.73,LOW
CUST004866,Individual,TX,Consultant,59828.71,2025-05-21,0,0,0,3549.89,LOW
CUST004867,Individual,NJ,Trader,197040.6,2021-06-23,0,0,0,26923.35,LOW
CUST004868,Individual,NC,Consultant,133919.02,2018-06-09,0,0,0,11383.72,LOW
CUST004869,Individual,PA,Real Estate Agent,78321.59,2019-04-11,0,0,0,7832.98,LOW
CUST004870,Individual,TX,Construction Worker,198278.85,2024-09-30,0,0,0,21109.1,LOW
CUST004871,Individual,MA,Accountant,74417.84,2021-09-19,0,0,0,2520.23,LOW
CUST004872,Individual,WA,Construction Worker,182534.44,2018-02-24,0,0,0,4968.1,LOW
CUST004873,Individual,MA,Retail Worker,95891.77,2024-10-04,0,0,0,13638.7,LOW
CUST004874,Individual,IL,Doctor,58691.65,2017-05-13,0,0,0,3459.16,LOW
CUST004875,Individual,GA,Accountant,92357.08,2022-08-24,0,0,0,6699.5,LOW
CUST004876,Individual,PA,Construction Worker,76681.12,2019-12-04,0,0,0,8454.99,LOW
CUST004877,Individual,TX,Construction Worker,56252.6,2020-11-01,0,0,0,3067.9,LOW
CUST004878,Individual,CA,Software Engineer,87263.21,2023-06-01,0,0,0,10177.85,LOW
CUST004879,Individual,CA,Accountant,97503.13,2020-11-20,0,0,0,8022.58,LOW
CUST004880,Business,IL,Doctor,15211.33,2025-09-11,0,0,0,2009.06,LOW
CUST004881,Individual,CO,Teacher,103894.34,2023-10-29,0,0,0,6214.71,LOW
CUST004882,Individual,NY,Trader,121414.0,2025-07-31,0,0,0,6128.71,LOW
CUST004883,Individual,CO,Teacher,192685.21,2022-01-19,0,0,0,24848.89,LOW
CUST004884,Individual,CA,Trader,33585.27,2023-09-26,0,0,0,2209.6,LOW
CUST004885,Individual,NC,Trader,38710.49,2018-09-22,0,0,0,2960.72,LOW
CUST004886,Business,WA,Construction Worker,85928.51,2017-11-17,0,0,0,10673.48,LOW
CUST004887,Individual,GA,Real Estate Agent,47185.48,2020-02-29,0,0,0,4928.38,LOW
CUST004888,Individual,CO,Doctor,34610.08,2022-01-09,0,0,0,2776.27,LOW
CUST004889,Individual,CO,Trader,57327.16,2024-11-05,0,0,0,3223.87,LOW
CUST004890,Individual,NJ,Doctor,59359.08,2020-05-07,0,0,0,7154.26,LOW
CUST004891,Individual,WA,Retail Worker,38757.17,2019-06-24,0,0,0,1843.05,LOW
CUST004892,Individual,GA,Small Business Owner,38589.48,2017-02-05,0,0,0,5442.47,LOW
CUST004893,Individual,MD,Student,69312.89,2024-10-09,0,0,0,3035.18,LOW
CUST004894,Individual,OH,Software Engineer,29250.02,2024-03-18,0,0,0,3674.29,LOW
CUST004895,Individual,IL,Retail Worker,28945.7,2023-06-12,1,0,0,2258.67,HIGH
CUST004896,Individual,CO,Sales Manager,78568.34,2021-05-10,0,0,0,3790.98,LOW
CUST004897,Individual,WA,Doctor,199568.23,2025-05-14,1,0,0,15026.96,HIGH
CUST004898,Individual,NJ,Small Business Owner,120779.31,2025-01-19,0,0,0,6364.34,LOW
CUST004899,Individual,NJ,Restaurant Owner,166033.61,2017-01-12,0,0,0,6973.28,LOW
CUST004900,Business,OH,Real Estate Agent,23201.08,2022-11-01,0,0,0,1273.61,LOW
CUST004901,Individual,FL,Doctor,30021.01,2025-07-01,0,0,0,4005.55,LOW
CUST004902,Individual,NC,Software Engineer,75521.0,2020-12-02,0,0,0,2888.13,LOW
CUST004903,Individual,VA,Doctor,129157.48,2025-08-24,0,0,0,18930.28,LOW
CUST004904,Individual,NY,Accountant,113546.98,2022-06-10,1,0,0,2909.62,HIGH
CUST004905,Business,IL,Lawyer,31305.09,2021-11-03,0,0,0,3358.4,LOW
CUST004906,Individual,OH,Accountant,156913.97,2020-12-05,0,0,0,20722.69,LOW
CUST004907,Business,WA,Small Business Owner,71137.27,2019-08-15,0,0,0,10083.33,LOW
CUST004908,Individual,NC,Consultant,124338.93,2018-12-14,0,0,0,5346.35,LOW
CUST004909,Individual,PA,Trader,50611.95,2022-08-05,0,1,1,5682.51,HIGH
CUST004910,Individual,PA,Software Engineer,27496.5,2020-07-03,0,0,0,1056.38,LOW
CUST004911,Business,IL,Small Business Owner,129967.9,2017-08-29,0,0,0,8977.72,LOW
CUST004912,Individual,VA,Construction Worker,101774.4,2025-01-24,0,0,0,11855.78,LOW
CUST004913,Individual,WA,Student,33375.84,2022-05-10,0,0,0,2277.79,LOW
CUST004914,Individual,TX,Construction Worker,48578.25,2022-07-06,0,0,0,3117.36,LOW
CUST004915,Individual,TX,Student,117148.78,2019-06-15,0,0,0,4628.18,LOW
CUST004916,Business,NY,Sales Manager,85747.87,2025-02-02,0,0,0,2855.81,LOW
CUST004917,Individual,WA,Student,103916.53,2021-01-15,0,0,0,4095.32,LOW
CUST004918,Individual,NJ,Lawyer,53338.5,2024-09-04,0,0,0,7170.53,LOW
CUST004919,Individual,CA,Student,189146.27,2019-10-22,0,0,0,4993.43,LOW
CUST004920,Individual,PA,Teacher,69772.53,2018-08-24,0,0,0,7787.19,LOW
CUST004921,Business,VA,Student,16097.12,2023-05-19,0,0,0,1949.01,LOW
CUST004922,Individual,WA,Doctor,80398.73,2024-05-22,0,0,0,7717.16,LOW
CUST004923,Individual,WA,Restaurant Owner,111130.02,2018-08-22,0,0,0,12929.64,LOW
CUST004924,Business,CA,Software Engineer,90975.29,2025-04-15,0,0,0,9691.94,LOW
CUST004925,Individual,CA,Restaurant Owner,56836.27,2022-02-28,0,0,0,4657.44,LOW
CUST004926,Individual,NC,Consultant,21064.12,2020-02-17,0,0,0,1534.29,LOW
CUST004927,Individual,GA,Doctor,49156.34,2019-10-09,0,0,0,7012.96,LOW
CUST004928,Individual,OH,Trader,52267.77,2025-01-26,0,0,1,7656.82,MEDIUM
CUST004929,Individual,FL,Small Business Owner,48862.68,2021-03-09,0,0,0,5199.43,LOW
CUST004930,Business,NC,Student,111638.33,2020-01-09,0,0,0,5544.22,LOW
CUST004931,Individual,NY,Teacher,60386.35,2021-07-05,0,0,0,4890.53,LOW
CUST004932,Individual,PA,Lawyer,184118.01,2021-08-28,0,0,1,16030.64,MEDIUM
CUST004933,Business,CA,Retail Worker,64772.06,2025-01-20,0,0,0,7756.21,LOW
CUST004934,Individual,MD,Construction Worker,165308.4,2019-08-15,1,0,0,17931.36,HIGH
CUST004935,Individual,TX,Accountant,86218.98,2017-08-07,0,0,0,7703.82,LOW
CUST004936,Individual,IL,Small Business Owner,89029.33,2018-12-28,0,0,0,9797.28,LOW
CUST004937,Business,MD,Trader,48116.54,2025-05-15,0,0,0,1347.61,LOW
CUST004938,Individual,TX,Software Engineer,31173.74,2021-09-27,0,0,0,3805.67,LOW
CUST004939,Individual,GA,Restaurant Owner,71509.17,2021-01-29,0,0,0,3679.43,LOW
CUST004940,Individual,GA,Doctor,224514.09,2021-12-23,0,0,0,24034.49,LOW
CUST004941,Individual,MD,Retail Worker,55664.08,2018-06-02,0,0,0,2184.63,LOW
CUST004942,Individual,CA,Real Estate Agent,50209.15,2019-03-23,0,0,0,1973.6,LOW
CUST004943,Business,NC,Real Estate Agent,67070.23,2023-12-25,0,0,0,1975.7,LOW
CUST004944,Individual,NC,Accountant,236703.97,2022-10-07,0,0,0,32849.56,LOW
CUST004945,Individual,GA,Sales Manager,125085.45,2020-09-22,0,0,0,12579.82,LOW
CUST004946,Business,OH,Real Estate Agent,165134.29,2019-03-25,0,0,0,11599.9,LOW
CUST004947,Individual,NJ,Construction Worker,20702.77,2018-09-06,0,0,1,2556.22,MEDIUM
CUST004948,Individual,MA,Consultant,43880.86,2018-03-02,1,0,0,4531.15,HIGH
CUST004949,Individual,WA,Real Estate Agent,44881.73,2021-05-03,0,0,0,4600.83,LOW
CUST004950,Business,NC,Trader,156952.78,2020-12-05,0,0,0,13479.16,LOW
CUST004951,Individual,WA,Accountant,115170.1,2021-12-17,1,0,0,2993.37,HIGH
CUST004952,Individual,CA,Consultant,148980.76,2019-06-02,0,0,0,8537.76,LOW
CUST004953,Individual,GA,Construction Worker,22161.49,2021-08-26,0,0,0,856.2,LOW
CUST004954,Individual,IL,Accountant,154347.69,2018-03-08,0,0,0,16638.87,LOW
CUST004955,Individual,NC,Real Estate Agent,115128.66,2025-12-12,0,0,0,6456.14,LOW
CUST004956,Individual,NJ,Student,41133.67,2020-11-01,0,0,0,3342.97,LOW
CUST004957,Individual,NY,Software Engineer,65988.91,2019-08-06,0,0,0,4565.03,LOW
CUST004958,Individual,GA,Lawyer,41957.5,2020-10-20,0,0,0,1799.97,LOW
CUST004959,Individual,NJ,Real Estate Agent,70435.15,2021-07-26,0,0,0,10198.75,LOW
CUST004960,Individual,FL,Accountant,100440.87,2025-03-02,0,0,0,14230.2,LOW
CUST004961,Individual,NY,Software Engineer,186835.93,2023-09-19,0,0,0,6646.88,LOW
CUST004962,Individual,WA,Software Engineer,40725.95,2023-12-15,0,0,0,5230.05,LOW
CUST004963,Individual,FL,Consultant,55284.77,2022-10-15,0,0,0,4757.07,LOW
CUST004964,Individual,CA,Construction Worker,36619.62,2019-07-01,0,0,1,4457.23,MEDIUM
CUST004965,Individual,PA,Real Estate Agent,123439.89,2018-01-26,0,0,0,5418.35,LOW
CUST004966,Individual,CA,Sales Manager,26933.21,2017-03-24,0,0,0,1118.65,LOW
CUST004967,Business,IL,Retail Worker,84145.47,2019-09-30,0,0,0,11472.79,LOW
CUST004968,Individual,OH,Sales Manager,33808.96,2018-04-26,0,0,0,4639.52,LOW
CUST004969,Business,NJ,Lawyer,77266.92,2019-02-16,0,0,0,6431.62,LOW
CUST004970,Individual,OH,Student,158988.32,2024-10-03,0,0,0,21267.82,LOW
CUST004971,Individual,NC,Sales Manager,53794.29,2021-10-21,1,0,0,5833.04,HIGH
CUST004972,Business,PA,Construction Worker,86578.68,2020-06-02,0,0,0,4166.7,LOW
CUST004973,Individual,OH,Retail Worker,41968.95,2020-02-11,0,0,0,2774.96,LOW
CUST004974,Individual,NY,Small Business Owner,69714.48,2024-05-23,0,0,0,2928.54,LOW
CUST004975,Individual,NY,Retail Worker,27244.55,2025-12-01,0,0,0,3316.85,LOW
CUST004976,Individual,VA,Restaurant Owner,118807.37,2021-03-16,0,0,0,17602.07,LOW
CUST004977,Individual,FL,Small Business Owner,57250.51,2025-11-19,0,0,0,5341.32,LOW
CUST004978,Individual,IL,Consultant,65480.29,2022-03-27,0,0,0,7005.28,LOW
CUST004979,Individual,NC,Trader,78450.72,2018-06-07,0,0,0,9277.71,LOW
CUST004980,Individual,CO,Teacher,20886.53,2022-04-17,0,0,0,1107.66,LOW
CUST004981,Business,NC,Doctor,47824.45,2021-08-22,0,0,0,3204.25,LOW
CUST004982,Individual,WA,Doctor,81891.45,2023-03-03,0,0,0,6267.98,LOW
CUST004983,Individual,OH,Trader,67595.42,2019-01-12,0,0,0,6713.82,LOW
CUST004984,Business,MD,Sales Manager,308821.27,2023-06-25,0,0,0,40551.81,LOW
CUST004985,Individual,GA,Small Business Owner,169975.54,2025-11-05,1,0,0,9650.44,HIGH
CUST004986,Individual,GA,Consultant,82123.55,2017-10-05,0,0,0,6886.97,LOW
CUST004987,Individual,PA,Trader,38585.0,2025-01-28,0,0,0,4589.37,LOW
CUST004988,Individual,CO,Consultant,54368.27,2017-05-28,0,0,0,1953.08,LOW
CUST004989,Individual,IL,Retail Worker,115039.53,2019-02-17,0,0,0,10251.37,LOW
CUST004990,Individual,IL,Consultant,78829.86,2020-01-12,0,0,0,3393.43,LOW
CUST004991,Business,NY,Sales Manager,171907.38,2018-02-23,0,0,1,15883.14,MEDIUM
CUST004992,Individual,MD,Retail Worker,78425.2,2024-01-30,0,0,1,9487.71,MEDIUM
CUST004993,Individual,WA,Construction Worker,80864.94,2023-09-06,0,0,0,4416.72,LOW
CUST004994,Individual,NJ,Teacher,215557.14,2020-03-02,0,0,0,28277.82,LOW
CUST004995,Individual,WA,Restaurant Owner,36771.44,2019-07-29,0,0,0,2458.19,LOW
CUST004996,Business,TX,Lawyer,231480.47,2022-07-13,0,0,0,11307.38,LOW
CUST004997,Individual,IL,Retail Worker,123686.41,2021-06-16,0,0,0,10286.43,LOW
CUST004998,Individual,CA,Sales Manager,614337.07,2017-08-30,0,0,0,82634.1,LOW
CUST004999,Individual,MA,Consultant,47539.32,2019-09-26,0,0,0,1598.11,LOW
CUST005000,Individual,IL,Software Engineer,216285.77,2020-05-08,0,0,0,14263.28,LOW
