customer_id,transaction_count,alert_count,maximum_aml_risk_score,average_aml_risk_score,maximum_ml_score,maximum_rule_score,pep_indicator,sanctions_indicator,adverse_media_indicator,customer_alert_rate,customer_risk_level
CUST000079,43,32,82.49999995751091,49.91275402458534,99.99999989377724,100,0,0,1,0.7441860465116279,CRITICAL
CUST000064,45,36,82.4999998597257,46.61268509489157,99.99999964931425,100,0,0,1,0.8,CRITICAL
CUST000042,51,20,74.99999999756989,36.17156591527174,99.99999999392472,100,0,0,0,0.39215686274509803,HIGH
CUST000041,52,20,74.99999998913921,35.74747457042034,99.999999972848,100,0,0,0,0.38461538461538464,HIGH
CUST000128,46,20,74.99999998808914,35.58439503492815,99.99999997022287,100,0,0,0,0.43478260869565216,HIGH
CUST000152,39,20,74.9999999833972,38.19176870867854,99.99999995849302,100,0,0,0,0.5128205128205128,HIGH
CUST000082,36,20,74.9999999768263,41.569346006139725,99.99999994206574,100,0,0,0,0.5555555555555556,HIGH
CUST000080,42,20,74.99999994569009,39.63333019489494,99.99999986422525,100,0,0,0,0.47619047619047616,HIGH
CUST000126,44,20,74.99999993312002,35.24410751359749,99.99999986911132,100,0,0,0,0.45454545454545453,HIGH
CUST000157,45,21,74.99999991499287,35.999770038177125,99.99999984124064,100,0,0,0,0.4666666666666667,HIGH
CUST000135,40,21,74.99999904349431,39.394280933384735,99.9999995009608,100,0,0,0,0.525,HIGH
CUST000010,42,20,74.99999785358497,41.54744646740448,99.99999463396244,100,0,0,0,0.47619047619047616,HIGH
CUST000048,44,20,74.99999415214694,39.77829246088883,99.99998538036732,100,0,0,0,0.45454545454545453,HIGH
CUST000029,40,21,60.17709273680927,24.867072573868647,80.44273184202318,100,0,0,0,0.525,HIGH
CUST004909,27,27,53.5000000015232,52.78703703725368,1.081557688994818e-08,100,0,1,1,1.0,HIGH
CUST004435,20,20,53.5,50.787500046811275,1.7151592823321782e-06,100,1,1,0,1.0,HIGH
CUST001186,16,16,53.5,51.09375000653375,2.612912195043014e-07,100,1,1,0,1.0,HIGH
CUST001343,29,29,51.00000844793422,45.26724167462757,2.1119835560307195e-05,100,0,1,0,1.0,HIGH
CUST002257,25,25,51.00000000016051,45.47000001827393,1.13152692579005e-06,100,0,1,0,1.0,HIGH
CUST002274,27,27,51.0,45.425925928447725,1.6991268378051887e-07,100,0,1,0,1.0,HIGH
CUST002904,23,23,51.0,46.13043478260942,3.436562010472445e-11,100,0,1,0,1.0,HIGH
CUST000159,42,13,49.499954428996006,18.96082408688512,97.49988607249,100,0,0,0,0.30952380952380953,MEDIUM
CUST000139,48,15,49.0135925671853,19.251068999681415,96.28398141796323,100,0,0,0,0.3125,MEDIUM
CUST001070,15,15,48.2500000000415,36.58333333361563,1.0482129936469276e-08,95,1,0,1,1.0,MEDIUM
CUST002465,22,22,48.25,36.87500001487773,7.974836177514403e-07,95,1,0,1,1.0,MEDIUM
CUST001602,19,19,48.25,36.36842137191469,1.0723929787515157e-05,95,1,0,1,1.0,MEDIUM
CUST000144,39,6,47.76731840851923,16.302344339493672,93.16829602129808,85,0,0,0,0.15384615384615385,MEDIUM
CUST004736,22,22,47.500000019044855,45.511363637544044,4.761214709229085e-08,90,0,1,0,1.0,MEDIUM
CUST000045,51,51,47.5,35.363276510480304,1.31747890594967,100,1,0,0,1.0,MEDIUM
CUST000946,27,27,47.49999999999999,45.36111111115074,2.218907351009938e-09,90,0,1,0,1.0,MEDIUM
CUST002140,22,22,47.49999999999999,45.27272763911867,1.7863143417865818e-05,90,0,1,0,1.0,MEDIUM
CUST003161,22,22,47.49999999999999,45.1136363636639,1.510332241991152e-09,90,0,1,0,1.0,MEDIUM
CUST001003,21,21,47.49999999999999,44.83333333469175,7.102297598531767e-08,90,0,1,0,1.0,MEDIUM
CUST002056,18,18,47.49999999999999,44.48611111141642,8.391519017893232e-09,90,0,1,0,1.0,MEDIUM
CUST001495,17,17,47.49999999999999,45.544117647066564,3.2914447120794107e-10,90,0,1,0,1.0,MEDIUM
CUST002208,17,17,47.49999999999999,45.02941177284922,3.440746754353108e-07,90,0,1,0,1.0,MEDIUM
CUST004014,17,17,47.49999999999999,45.13235299007484,1.248114983537747e-06,90,0,1,0,1.0,MEDIUM
CUST003058,16,16,47.49999999999999,44.98437501535338,2.483838740099246e-07,90,0,1,0,1.0,MEDIUM
CUST003780,19,19,45.750000211135415,44.73684211731181,5.278385438972587e-07,85,0,1,0,1.0,MEDIUM
CUST003038,24,24,45.75000006715772,28.39583334620454,4.888411048308851e-07,95,1,0,0,1.0,MEDIUM
CUST001440,20,20,45.750000004829,44.875000033030034,1.6394096282972075e-06,85,0,1,0,1.0,MEDIUM
CUST000756,38,38,45.75,28.526318445196537,0.00025213804635745076,95,1,0,0,1.0,MEDIUM
CUST000607,20,20,45.74999999999999,44.87500000006613,1.7194679784920363e-09,85,0,1,0,1.0,MEDIUM
CUST002782,30,30,43.99999999999999,28.366666671851917,3.8850113349405086e-07,90,1,0,0,1.0,MEDIUM
CUST004328,21,21,43.99999999999999,28.583333336006575,7.091249881233845e-08,90,1,0,0,1.0,MEDIUM
CUST000030,44,38,42.5,33.03523250853317,0.12531209796485002,100,0,0,1,0.8636363636363636,MEDIUM
CUST000060,45,35,42.5,31.71512315951316,27.77186762721751,100,0,0,1,0.7777777777777778,MEDIUM
CUST000097,43,33,42.5,32.69186550801431,0.000541327724700597,100,0,0,1,0.7674418604651163,MEDIUM
CUST000062,40,31,42.5,31.253979003072725,5.37657716748821,100,0,0,1,0.775,MEDIUM
CUST000081,38,30,42.5,30.572402468158703,0.003234475077134428,100,0,0,1,0.7894736842105263,MEDIUM
CUST002926,21,14,42.5,25.41666667153934,2.4833257873886126e-07,100,0,0,1,0.6666666666666666,MEDIUM
CUST000046,48,20,42.120211353201945,21.184878318865326,79.05052838300486,100,0,0,0,0.4166666666666667,MEDIUM
CUST004424,30,13,40.750001570380604,24.650000580142684,3.858898882902738e-05,95,0,0,1,0.43333333333333335,MEDIUM
CUST003118,20,11,40.75,25.43754284529198,0.002141741825445777,95,0,0,1,0.55,MEDIUM
CUST002349,25,25,40.50000000073437,28.040000000055496,1.8359303902898048e-09,80,1,0,0,1.0,MEDIUM
CUST002674,24,24,40.50000000000383,28.32291666777819,6.444998009348884e-08,80,1,0,0,1.0,MEDIUM
CUST003600,32,32,40.5,27.976562642133732,8.677880331849844e-06,80,1,0,0,1.0,MEDIUM
CUST004434,24,24,40.5,28.76041666860857,9.86153836523775e-08,80,1,0,0,1.0,MEDIUM
CUST000257,22,22,40.5,28.40909090946774,1.8115359064377173e-08,80,1,0,0,1.0,MEDIUM
CUST003176,21,21,40.5,28.083333333418306,2.355346004630061e-09,80,1,0,0,1.0,MEDIUM
CUST002635,18,18,40.5,28.833333333347998,6.600035021155506e-10,80,1,0,0,1.0,MEDIUM
CUST004803,24,11,38.99999999999999,24.781256181689916,0.0002941021113178502,90,0,0,1,0.4583333333333333,MEDIUM
CUST003387,28,28,38.75,28.0000000003861,1.9784122554171993e-08,75,1,0,0,1.0,MEDIUM
CUST001549,23,23,38.75,28.478260869959474,1.2364586701670897e-08,75,1,0,0,1.0,MEDIUM
CUST004188,15,15,38.75,29.41666666666804,5.128300165393767e-11,75,1,0,0,1.0,MEDIUM
CUST001114,27,27,37.75,35.416666667829105,4.299445184188025e-08,65,1,0,1,1.0,MEDIUM
CUST002014,25,16,37.25112108366856,25.490044851257768,0.002802709171398964,85,0,0,1,0.64,MEDIUM
CUST003213,33,22,37.25000046049021,25.371212147151535,1.1512255528521772e-06,85,0,0,1,0.6666666666666666,MEDIUM
CUST003781,30,23,37.24999999999999,25.583333335251464,6.670625457292566e-08,85,0,0,1,0.7666666666666667,MEDIUM
CUST002166,32,19,37.24999999999999,24.835937676990774,1.1976204350487297e-05,85,0,0,1,0.59375,MEDIUM
CUST003628,29,16,37.24999999999999,24.879311798479435,9.881669269547228e-05,85,0,0,1,0.5517241379310345,MEDIUM
CUST002846,23,15,37.24999999999999,25.07608695707163,1.3176179193665895e-08,85,0,0,1,0.6521739130434783,MEDIUM
CUST003347,22,13,37.24999999999999,25.07954545513593,3.247517852561534e-08,85,0,0,1,0.5909090909090909,MEDIUM
CUST003500,21,10,37.24999999999999,24.75000000007126,3.741197153848054e-09,85,0,0,1,0.47619047619047616,MEDIUM
CUST001668,26,26,37.00000000000017,28.115384635078605,1.2622354110859673e-06,70,1,0,0,1.0,MEDIUM
CUST002868,31,31,37.0,27.911290446568184,9.531600137120045e-06,70,1,0,0,1.0,MEDIUM
CUST003739,25,25,37.0,28.390000000621924,3.704622734995188e-08,70,1,0,0,1.0,MEDIUM
CUST002698,23,23,37.0,28.402173913043953,2.3461287449701253e-11,70,1,0,0,1.0,MEDIUM
CUST000721,22,22,37.0,27.931818181900884,3.5687096060311257e-09,70,1,0,0,1.0,MEDIUM
CUST004689,20,20,37.0,28.16250000000003,1.0808921724904478e-12,70,1,0,0,1.0,MEDIUM
CUST000732,28,18,35.5,24.8750000002315,1.4205104597014631e-08,80,0,0,1,0.6428571428571429,MEDIUM
CUST001911,26,17,35.5,24.932692313672966,3.689939964832621e-07,80,0,0,1,0.6538461538461539,MEDIUM
CUST002174,22,16,35.5,25.159090926999387,5.067022778531855e-07,80,0,0,1,0.7272727272727273,MEDIUM
CUST001019,24,15,35.5,25.072916747300713,2.7256315753818654e-06,80,0,0,1,0.625,MEDIUM
CUST001697,22,15,35.5,25.079545496797774,2.2790340067070976e-06,80,0,0,1,0.6818181818181818,MEDIUM
CUST001773,24,24,35.25000000568498,28.614583333705287,1.421246012762301e-08,65,1,0,0,1.0,MEDIUM
CUST001296,30,30,35.25000000182217,27.725008826338367,0.0006612440968685409,65,1,0,0,1.0,MEDIUM
CUST002660,20,20,35.250000001510294,28.250000000086523,3.775734418391293e-09,65,1,0,0,1.0,MEDIUM
CUST000974,23,23,35.250000000318074,27.869565217500334,4.398880456946675e-09,65,1,0,0,1.0,MEDIUM
CUST002629,28,28,35.250000000003176,27.875000001141125,4.531055239818488e-08,65,1,0,0,1.0,MEDIUM
CUST000211,24,24,35.25000000000079,27.812500006173057,2.0736062173175401e-07,65,1,0,0,1.0,MEDIUM
CUST003969,26,26,35.2500000000006,27.84615384618746,2.1827116536284186e-09,65,1,0,0,1.0,MEDIUM
CUST000388,31,31,35.25,27.798387113207912,9.105111300950717e-07,65,1,0,0,1.0,MEDIUM
CUST002719,27,27,35.25,27.990740753233577,4.0697917359047553e-07,65,1,0,0,1.0,MEDIUM
CUST002731,27,27,35.25,27.666666667400023,3.485144421453566e-08,65,1,0,0,1.0,MEDIUM
CUST000198,26,26,35.25,28.317307702402747,6.189348443277637e-07,65,1,0,0,1.0,MEDIUM
CUST001804,26,26,35.25,27.778846154146667,1.942695467068724e-08,65,1,0,0,1.0,MEDIUM
CUST002619,24,24,35.25,27.958333352690833,1.151220660329723e-06,65,1,0,0,1.0,MEDIUM
CUST001340,23,23,35.25,28.630434782622693,8.043895535083814e-10,65,1,0,0,1.0,MEDIUM
CUST002336,22,22,35.25,27.931818181819814,4.9431783001322655e-11,65,1,0,0,1.0,MEDIUM
CUST000540,21,21,35.25,28.16666780784624,5.460746882638341e-05,65,1,0,0,1.0,MEDIUM
CUST002038,20,20,35.25,27.900000009476507,4.7369697323038496e-07,65,1,0,0,1.0,MEDIUM
CUST000011,53,22,35.0,20.88838305226824,2.6745144567664103,100,0,0,0,0.41509433962264153,MEDIUM
CUST000088,36,21,35.0,25.180555563778604,6.889423729686713e-07,100,0,0,0,0.5833333333333334,MEDIUM
CUST000013,47,20,35.0,21.657681915055594,50.98358006323136,100,0,0,0,0.425531914893617,MEDIUM
CUST000014,46,20,35.0,21.995251060591315,0.70373383843118,100,0,0,0,0.43478260869565216,MEDIUM
CUST000017,42,20,35.0,22.333346821662023,0.0013797944088153556,100,0,0,0,0.47619047619047616,MEDIUM
CUST000023,50,20,35.0,20.96519437888595,0.01567733271312,100,0,0,0,0.4,MEDIUM
CUST000028,44,20,35.0,22.331291409064107,15.16738054462442,100,0,0,0,0.45454545454545453,MEDIUM
CUST000031,43,20,35.0,22.54779756563557,0.13300455497321,100,0,0,0,0.46511627906976744,MEDIUM
CUST000032,42,20,35.0,22.833333333452078,1.2468026838938083e-08,100,0,0,0,0.47619047619047616,MEDIUM
CUST000036,45,20,35.0,22.088935831208612,0.005185995994678559,100,0,0,0,0.4444444444444444,MEDIUM
CUST000037,44,20,35.0,21.556819014716385,8.962739398480049e-05,100,0,0,0,0.45454545454545453,MEDIUM
CUST000039,47,20,35.0,21.521285873389402,0.0008822817833908524,100,0,0,0,0.425531914893617,MEDIUM
CUST000043,46,20,35.0,21.30434794537817,1.0947448329715155e-05,100,0,0,0,0.43478260869565216,MEDIUM
CUST000047,46,20,35.0,21.686133507005977,0.15310867545091,100,0,0,0,0.43478260869565216,MEDIUM
CUST000049,38,20,35.0,23.440798580240358,0.0006400449628032764,100,0,0,0,0.5263157894736842,MEDIUM
CUST000050,46,20,35.0,21.798914637749448,0.0001678540577047322,100,0,0,0,0.43478260869565216,MEDIUM
CUST000051,41,20,35.0,22.664634188951613,4.353977015568821e-06,100,0,0,0,0.4878048780487805,MEDIUM
CUST000052,45,20,35.0,22.205555627675544,7.536444413620711e-06,100,0,0,0,0.4444444444444444,MEDIUM
CUST000054,45,20,35.0,21.897139707793535,0.30119224695632,100,0,0,0,0.4444444444444444,MEDIUM
CUST000058,42,20,35.0,22.79166904388211,0.00014548940228976867,100,0,0,0,0.47619047619047616,MEDIUM
CUST000059,50,20,35.0,20.860000420436137,2.0040813400016837e-05,100,0,0,0,0.4,MEDIUM
CUST000092,39,20,35.0,23.96172567949119,0.01659897674478,100,0,0,0,0.5128205128205128,MEDIUM
CUST000095,52,20,35.0,20.645855549702503,2.05138162936607,100,0,0,0,0.38461538461538464,MEDIUM
CUST000102,41,20,35.0,22.71169688948792,0.44320912111121996,100,0,0,0,0.4878048780487805,MEDIUM
CUST000108,47,20,35.0,21.11171517554214,0.0015114104600563551,100,0,0,0,0.425531914893617,MEDIUM
CUST000012,46,19,35.0,21.646746116321935,0.0007277732562138787,100,0,0,0,0.41304347826086957,MEDIUM
CUST000015,44,19,35.0,21.994320529119786,0.00011356354799813366,100,0,0,0,0.4318181818181818,MEDIUM
CUST000016,44,19,35.0,22.19381618207214,0.06975366591234,100,0,0,0,0.4318181818181818,MEDIUM
CUST000018,44,19,35.0,22.128663715392758,3.2539931913784903,100,0,0,0,0.4318181818181818,MEDIUM
CUST000019,41,19,35.0,22.62211618661992,0.01686428876818,100,0,0,0,0.4634146341463415,MEDIUM
CUST000020,50,19,35.0,20.86024631397304,0.0276471327323,100,0,0,0,0.38,MEDIUM
CUST000021,41,19,35.0,23.2223378749068,0.28962928379794,100,0,0,0,0.4634146341463415,MEDIUM
CUST000022,43,19,35.0,22.47578688989131,1.1470906229803302,100,0,0,0,0.4418604651162791,MEDIUM
CUST000024,38,19,35.0,23.58000548990554,0.10035783361629,100,0,0,0,0.5,MEDIUM
CUST000025,45,19,35.0,21.740018458766908,0.12703133673923,100,0,0,0,0.4222222222222222,MEDIUM
CUST000026,40,19,35.0,23.143750202541938,1.1016349915584436e-05,100,0,0,0,0.475,MEDIUM
CUST000027,47,19,35.0,21.37295688028521,0.06576107922127,100,0,0,0,0.40425531914893614,MEDIUM
CUST000033,39,19,35.0,23.42307722081631,2.9029590506720866e-05,100,0,0,0,0.48717948717948717,MEDIUM
CUST000034,41,19,35.0,22.878178366525322,0.007595350654662536,100,0,0,0,0.4634146341463415,MEDIUM
CUST000035,44,19,35.0,21.71591000129407,0.00010006839780521004,100,0,0,0,0.4318181818181818,MEDIUM
CUST000038,48,19,35.0,21.40104167186215,5.720027812607224e-07,100,0,0,0,0.3958333333333333,MEDIUM
CUST000040,45,19,35.0,21.35004059389488,0.0028714804392732736,100,0,0,0,0.4222222222222222,MEDIUM
CUST000044,51,19,35.0,20.039215812981404,1.588486066069913e-05,100,0,0,0,0.37254901960784315,MEDIUM
CUST000053,41,19,35.0,22.79268292689541,6.779377205475213e-09,100,0,0,0,0.4634146341463415,MEDIUM
CUST000055,44,19,35.0,22.073875868839984,0.0011436500579277019,100,0,0,0,0.4318181818181818,MEDIUM
CUST000056,52,19,35.0,20.158685047925115,0.002644194875839176,100,0,0,0,0.36538461538461536,MEDIUM
CUST000057,46,19,35.0,20.69686880524313,0.09681575176398001,100,0,0,0,0.41304347826086957,MEDIUM
CUST000063,40,19,35.0,23.015495679200306,11.01715508942648,100,0,0,0,0.475,MEDIUM
CUST000068,39,19,35.0,22.391025642045296,5.736213018715853e-08,100,0,0,0,0.48717948717948717,MEDIUM
CUST000077,38,19,35.0,22.01434478652467,0.06580564659714,100,0,0,0,0.5,MEDIUM
CUST000085,42,19,35.0,22.70833407195826,7.751389717096256e-05,100,0,0,0,0.4523809523809524,MEDIUM
CUST000086,45,19,35.0,22.244448588602594,0.0004498984165556016,100,0,0,0,0.4222222222222222,MEDIUM
CUST000087,43,19,35.0,21.653646200803387,0.26692931564839,100,0,0,0,0.4418604651162791,MEDIUM
CUST000089,39,19,35.0,23.01992169892062,13.175729174924319,100,0,0,0,0.48717948717948717,MEDIUM
CUST000090,50,19,35.0,20.65012694282828,0.014906652209269998,100,0,0,0,0.38,MEDIUM
CUST000091,47,19,35.0,21.446809086892895,6.770991509162949e-05,100,0,0,0,0.40425531914893614,MEDIUM
CUST000093,38,19,35.0,23.383939253037394,25.22318040938182,100,0,0,0,0.5,MEDIUM
CUST000094,36,19,35.0,23.57638906207289,8.916153683960339e-06,100,0,0,0,0.5277777777777778,MEDIUM
CUST000096,50,19,35.0,20.8384373590893,1.6785362865813998,100,0,0,0,0.38,MEDIUM
CUST000098,45,19,35.0,21.233333461482257,1.24111104338152e-05,100,0,0,0,0.4222222222222222,MEDIUM
CUST000099,39,19,35.0,18.66679052109981,0.01205913591657,100,0,0,0,0.48717948717948717,MEDIUM
CUST000100,45,19,35.0,21.50555734849829,0.00014935647574442076,100,0,0,0,0.4222222222222222,MEDIUM
CUST000101,40,19,35.0,22.972169379789175,0.32042261813314,100,0,0,0,0.475,MEDIUM
CUST000103,44,19,35.0,22.123784751311526,0.97682420904252,100,0,0,0,0.4318181818181818,MEDIUM
CUST000104,44,19,35.0,21.954546274892976,6.32137876727152e-05,100,0,0,0,0.4318181818181818,MEDIUM
CUST000105,45,19,35.0,21.38913963171846,0.01789253940012,100,0,0,0,0.4222222222222222,MEDIUM
CUST000106,51,19,35.0,20.60061882070094,23.450414094025753,100,0,0,0,0.37254901960784315,MEDIUM
CUST000107,49,19,35.0,20.607214360358515,0.004922688476252141,100,0,0,0,0.3877551020408163,MEDIUM
CUST000109,40,19,35.0,22.968791477621846,0.0041220047908626005,100,0,0,0,0.475,MEDIUM
CUST000061,42,17,35.0,20.916666703305047,3.4077604839353485e-06,100,0,0,0,0.40476190476190477,MEDIUM
CUST000073,41,17,35.0,20.920865535696564,0.36495412764164,100,0,0,0,0.4146341463414634,MEDIUM
CUST000076,35,17,35.0,21.65002741889911,0.002396842338076637,100,0,0,0,0.4857142857142857,MEDIUM
CUST000143,45,17,35.0,20.06869016227355,0.14021793107229,100,0,0,0,0.37777777777777777,MEDIUM
CUST000070,51,16,35.0,18.906863707739898,6.7665674640649e-05,100,0,0,0,0.3137254901960784,MEDIUM
CUST000138,37,16,35.0,21.483893448794394,0.9464706058564201,100,0,0,0,0.43243243243243246,MEDIUM
CUST000074,50,15,35.0,18.65888746752484,34.80871635123406,100,0,0,0,0.3,MEDIUM
CUST000125,49,14,35.0,18.97369653492614,27.39822854582521,100,0,0,0,0.2857142857142857,MEDIUM
CUST000137,44,14,35.0,19.09097297953934,0.0070277316366387284,100,0,0,0,0.3181818181818182,MEDIUM
CUST000066,43,13,35.0,18.562934028031474,0.40074956455645,100,0,0,0,0.3023255813953488,MEDIUM
CUST000071,38,13,35.0,19.543182131837302,1.5077129540657,100,0,0,0,0.34210526315789475,MEDIUM
CUST000075,44,13,35.0,19.17045459396898,3.995741511072915e-06,100,0,0,0,0.29545454545454547,MEDIUM
CUST000078,43,13,35.0,18.690660656002596,1.11963331081132,100,0,0,0,0.3023255813953488,MEDIUM
CUST000083,47,13,35.0,18.246617734371014,0.17504141376276,100,0,0,0,0.2765957446808511,MEDIUM
CUST000147,47,13,35.0,19.2216057009663,0.9872360579264701,100,0,0,0,0.2765957446808511,MEDIUM
CUST000065,47,12,35.0,18.297303366090134,1.2330790471087099,100,0,0,0,0.2553191489361702,MEDIUM
CUST000067,54,12,35.0,16.885724721853013,0.09767488338991001,100,0,0,0,0.2222222222222222,MEDIUM
CUST000069,44,12,35.0,18.51123507685313,1.40622658885311,100,0,0,0,0.2727272727272727,MEDIUM
CUST000140,40,12,35.0,18.288204941938474,0.03628219213101,100,0,0,0,0.3,MEDIUM
CUST000084,41,11,35.0,18.567073170731707,0.0,100,0,0,0,0.2682926829268293,MEDIUM
CUST000119,44,11,35.0,17.659238390465276,0.0134438006247,100,0,0,0,0.25,MEDIUM
CUST000120,38,11,35.0,18.88166393190147,0.007599440517709519,100,0,0,0,0.2894736842105263,MEDIUM
CUST000122,42,11,35.0,17.711693176521543,0.32275562443857,100,0,0,0,0.2619047619047619,MEDIUM
CUST000129,39,11,35.0,18.49119637982477,0.27631157053117,100,0,0,0,0.28205128205128205,MEDIUM
CUST000131,45,11,35.0,17.111197270420938,0.008723547664687806,100,0,0,0,0.24444444444444444,MEDIUM
CUST000156,53,11,35.0,16.8067576326008,0.01972274592937,100,0,0,0,0.20754716981132076,MEDIUM
CUST000124,46,10,35.0,17.343483969984856,16.9941304035727,100,0,0,0,0.21739130434782608,MEDIUM
CUST000127,42,10,35.0,17.000944400765984,0.09358194492819001,100,0,0,0,0.23809523809523808,MEDIUM
CUST000146,43,10,35.0,17.41860849191538,0.0003183149472395516,100,0,0,0,0.23255813953488372,MEDIUM
CUST000148,42,10,35.0,17.665354518725312,7.88557327663305,100,0,0,0,0.23809523809523808,MEDIUM
CUST000150,40,10,35.0,18.447776274855332,7.2765877496211395,100,0,0,0,0.25,MEDIUM
CUST000155,41,10,35.0,17.542750968950415,0.006892195834399393,100,0,0,0,0.24390243902439024,MEDIUM
CUST000072,43,9,35.0,17.716666810502037,1.4036271000238199,100,0,0,0,0.20930232558139536,MEDIUM
CUST000112,41,9,35.0,17.329274851540447,0.0005760050025331711,100,0,0,0,0.21951219512195122,MEDIUM
CUST000115,46,9,35.0,16.778472980664766,0.07925345241904,100,0,0,0,0.1956521739130435,MEDIUM
CUST000116,40,9,35.0,17.17385208984151,59.2566012815893,100,0,0,0,0.225,MEDIUM
CUST000141,41,9,35.0,17.2076671410197,0.34051476825235,100,0,0,0,0.21951219512195122,MEDIUM
CUST000114,39,8,35.0,16.692491308099804,0.017879080553650003,100,0,0,0,0.20512820512820512,MEDIUM
CUST000117,38,8,35.0,17.03964559223191,0.01314478434918,100,0,0,0,0.21052631578947367,MEDIUM
CUST000118,40,8,35.0,17.456284514024947,0.0030075014984120513,100,0,0,0,0.2,MEDIUM
CUST000134,46,8,35.0,15.560940373937502,0.13140489133046002,100,0,0,0,0.17391304347826086,MEDIUM
CUST000142,41,8,35.0,16.81745262995123,0.02875468308772,100,0,0,0,0.1951219512195122,MEDIUM
CUST000145,45,8,35.0,16.41111556509678,0.00036388184433272974,100,0,0,0,0.17777777777777778,MEDIUM
CUST000149,43,8,35.0,16.319868131052406,0.01065219899337,100,0,0,0,0.18604651162790697,MEDIUM
CUST000158,43,8,35.0,16.467268807897426,1.40469433325311,100,0,0,0,0.18604651162790697,MEDIUM
CUST000110,45,7,35.0,15.947678763358105,0.22468157873224998,100,0,0,0,0.15555555555555556,MEDIUM
CUST000123,41,7,35.0,16.449314821650642,1.6793318241082302,100,0,0,0,0.17073170731707318,MEDIUM
CUST000132,38,7,35.0,16.44116875318473,0.0360285060757,100,0,0,0,0.18421052631578946,MEDIUM
CUST000133,45,7,35.0,15.345140323010947,1.97077372716058,100,0,0,0,0.15555555555555556,MEDIUM
CUST000136,37,6,35.0,16.6499079863309,0.061104828243799994,100,0,0,0,0.16216216216216217,MEDIUM
CUST000130,51,5,35.0,15.2009872361712,0.00043923188958149267,100,0,0,0,0.09803921568627451,MEDIUM
CUST000111,54,4,35.0,14.162130367316081,0.01141485487892,100,0,0,0,0.07407407407407407,MEDIUM
CUST000113,35,2,35.0,14.901079388382975,0.09443955494444001,100,0,0,0,0.05714285714285714,MEDIUM
CUST003784,29,20,33.75011378539169,25.1206936111178,0.00028446347921757707,75,0,0,1,0.6896551724137931,MEDIUM
CUST004727,16,10,33.75000000000512,24.890625440148035,1.7598842364562516e-05,75,0,0,1,0.625,MEDIUM
CUST002540,33,33,33.500035930022044,28.40909200151269,8.982505510837873e-05,60,1,0,0,1.0,MEDIUM
CUST000391,25,25,33.50000000530514,27.900000003781688,2.2210822881648023e-07,60,1,0,0,1.0,MEDIUM
CUST002599,26,26,33.50000000030369,28.250000032241243,1.3951520041866288e-06,60,1,0,0,1.0,MEDIUM
CUST003391,31,31,33.5,27.967741936308137,6.210409129240265e-08,60,1,0,0,1.0,MEDIUM
CUST000368,28,28,33.5,28.00000003062522,2.136846665669264e-06,60,1,0,0,1.0,MEDIUM
CUST001375,27,27,33.5,27.990740793351808,2.296482793354709e-06,60,1,0,0,1.0,MEDIUM
CUST001673,27,27,33.5,28.055555556385578,4.5423213891484754e-08,60,1,0,0,1.0,MEDIUM
CUST003790,26,26,33.5,27.778846154011756,6.9113811436597695e-09,60,1,0,0,1.0,MEDIUM
CUST004797,25,25,33.5,27.830000212697115,8.788154700148216e-06,60,1,0,0,1.0,MEDIUM
CUST003664,23,23,33.5,28.250000000058115,2.8938965248149955e-09,60,1,0,0,1.0,MEDIUM
CUST003721,23,23,33.5,27.7173913375788,1.6975869979985674e-06,60,1,0,0,1.0,MEDIUM
CUST004895,23,23,33.5,28.173913073721703,1.7389606986353424e-06,60,1,0,0,1.0,MEDIUM
CUST004951,22,22,33.5,28.17045454936946,1.1971232169982427e-07,60,1,0,0,1.0,MEDIUM
CUST002386,21,21,33.5,28.083333334101162,3.8269642766943854e-08,60,1,0,0,1.0,MEDIUM
CUST004971,21,21,33.5,27.83333333333361,1.2546613163708337e-11,60,1,0,0,1.0,MEDIUM
CUST003709,20,20,33.5,27.987500000039528,1.438881580322945e-09,60,1,0,0,1.0,MEDIUM
CUST003938,20,20,33.5,28.600000000158026,7.884807797699831e-09,60,1,0,0,1.0,MEDIUM
CUST000857,18,18,33.5,28.05555555568937,4.392894818738121e-09,60,1,0,0,1.0,MEDIUM
CUST000151,57,11,33.25,16.631016463918144,20.17258363485887,95,0,0,0,0.19298245614035087,MEDIUM
CUST000153,49,11,33.25,17.041326102462698,0.68733663215299,95,0,0,0,0.22448979591836735,MEDIUM
CUST000121,37,8,33.25,16.757784981477947,40.71679405865668,95,0,0,0,0.21621621621621623,MEDIUM
CUST000154,44,8,33.25,16.466260162222525,0.03512016094102,95,0,0,0,0.18181818181818182,MEDIUM
CUST004522,22,16,32.00006575168324,25.318184810191827,0.00016437920808197378,70,0,0,1,0.7272727272727273,MEDIUM
CUST002561,25,15,32.00000223359125,24.720001105963952,6.332959811763259e-05,70,0,0,1,0.6,MEDIUM
CUST001393,25,14,32.00000000023744,24.510001143391378,7.145339811579857e-05,70,0,0,1,0.56,MEDIUM
CUST000001,31,23,32.0,25.05645162930194,7.112278089891334e-07,70,0,0,1,0.7419354838709677,MEDIUM
CUST003960,23,17,32.0,24.923913059591975,6.307495352910061e-07,70,0,0,1,0.7391304347826086,MEDIUM
CUST004081,20,17,32.0,25.61250000103372,2.7497590585379885e-08,70,0,0,1,0.85,MEDIUM
CUST001093,23,16,32.0,24.923913095162135,2.9718228275262183e-06,70,0,0,1,0.6956521739130435,MEDIUM
CUST004841,23,15,32.0,24.92770343021867,0.21794704355780997,70,0,0,1,0.6521739130434783,MEDIUM
CUST004932,23,15,32.0,24.771763758449246,0.001414490733638408,70,0,0,1,0.6521739130434783,MEDIUM
CUST001134,20,14,32.0,25.00000000227315,1.0748085092737931e-07,70,0,0,1,0.7,MEDIUM
CUST001764,22,14,32.0,24.68181823133222,2.2743475264137737e-06,70,0,0,1,0.6363636363636364,MEDIUM
CUST003284,24,14,32.0,24.635417147901503,2.7776111645407732e-05,70,0,0,1,0.5833333333333334,MEDIUM
CUST003435,25,14,32.0,24.930000000010455,6.535812177373106e-10,70,0,0,1,0.56,MEDIUM
CUST003389,21,13,32.0,24.66666666671394,1.7135848011596697e-09,70,0,0,1,0.6190476190476191,MEDIUM
CUST002442,25,12,32.0,24.580000014906094,4.346666531160394e-07,70,0,0,1,0.48,MEDIUM
CUST004580,21,12,32.0,24.750000000103352,5.4260706981156125e-09,70,0,0,1,0.5714285714285714,MEDIUM
CUST004992,17,11,32.0,25.00000000000555,2.1698448975924536e-10,70,0,0,1,0.6470588235294118,MEDIUM
CUST000579,19,9,32.0,24.63157895120767,1.2357422576303697e-07,70,0,0,1,0.47368421052631576,MEDIUM
CUST001305,29,1,31.500004208553076,12.793103791375126,1.3550542252074525e-05,90,0,0,0,0.034482758620689655,MEDIUM
CUST000822,25,2,31.499999999999996,13.16000000491599,2.321145053091553e-07,90,0,0,0,0.08,MEDIUM
CUST004768,32,2,31.499999999999996,12.960937582624624,3.4451977122781316e-06,90,0,0,0,0.0625,MEDIUM
CUST001110,23,1,31.499999999999996,12.021739320826487,1.0895405202546514e-05,90,0,0,0,0.043478260869565216,MEDIUM
CUST001878,18,1,31.499999999999996,12.63889134089337,0.00011018100257352354,90,0,0,0,0.05555555555555555,MEDIUM
CUST004072,19,13,30.250067446339305,24.9078983955744,0.0001686158482581257,65,0,0,1,0.6842105263157895,MEDIUM
CUST001777,28,16,30.250014247459088,24.687500827897107,3.5618647719463294e-05,65,0,0,1,0.5714285714285714,MEDIUM
CUST001879,21,17,30.250001885634454,25.08333346574527,4.71408613257038e-06,65,0,0,1,0.8095238095238095,MEDIUM
CUST003353,25,13,30.25000002351482,24.510000685826135,2.2340354144779386e-05,65,0,0,1,0.52,MEDIUM
CUST002438,28,16,30.250000008074785,24.687500060146704,3.1105862632865705e-06,65,0,0,1,0.5714285714285714,MEDIUM
CUST003956,29,18,30.25,24.75863679054005,0.0011647313973849984,65,0,0,1,0.6206896551724138,MEDIUM
CUST000481,26,15,30.25,24.59615402869954,5.51629242974378e-06,65,0,0,1,0.5769230769230769,MEDIUM
CUST004573,22,15,30.25,24.681860316388953,0.002182543415568668,65,0,0,1,0.6818181818181818,MEDIUM
CUST001413,27,14,30.25,24.416702775482772,0.0021020142172403313,65,0,0,1,0.5185185185185185,MEDIUM
CUST002957,24,14,30.25,24.70833337623237,2.551433143441384e-06,65,0,0,1,0.5833333333333334,MEDIUM
CUST004300,19,14,30.25,24.81578947369086,3.1586637032034454e-10,65,0,0,1,0.7368421052631579,MEDIUM
CUST000785,23,12,30.25,24.69565217485402,5.3457811027825705e-08,65,0,0,1,0.5217391304347826,MEDIUM
CUST000842,21,12,30.25,24.583333333939187,2.2688942836116063e-08,65,0,0,1,0.5714285714285714,MEDIUM
CUST003588,25,25,30.000000068078172,28.110000004111235,1.7019543114769764e-07,50,1,0,0,1.0,MEDIUM
CUST003565,26,26,30.000000013033315,27.711538462070315,3.258329756119887e-08,50,1,0,0,1.0,MEDIUM
CUST001202,31,31,30.000000009049074,27.572580661798884,1.022598431749597e-06,50,1,0,0,1.0,MEDIUM
CUST002907,26,26,30.000000002859124,27.77884615441784,2.835620989544246e-08,50,1,0,0,1.0,MEDIUM
CUST003399,22,22,30.000000001196554,27.613636364635134,5.162639282005331e-08,50,1,0,0,1.0,MEDIUM
CUST001863,24,24,30.00000000068595,28.250000000237915,1.2373046798381943e-08,50,1,0,0,1.0,MEDIUM
CUST000645,27,27,30.000000000604928,27.601851855050327,2.1185134338906958e-07,50,1,0,0,1.0,MEDIUM
CUST002912,29,29,30.000000000594227,28.129310344870156,1.5186988019537896e-09,50,1,0,0,1.0,MEDIUM
CUST003470,21,21,30.000000000530513,27.66666666710061,1.1680375297947834e-08,50,1,0,0,1.0,MEDIUM
CUST002061,22,22,30.000000000529788,27.693181818210494,1.3244665683828165e-09,50,1,0,0,1.0,MEDIUM
CUST004032,25,25,30.00000000046372,27.480000000019153,1.1593090723727847e-09,50,1,0,0,1.0,MEDIUM
CUST003481,21,21,30.000000000446597,27.416666666698006,1.116501789804238e-09,50,1,0,0,1.0,MEDIUM
CUST001433,29,29,30.000000000324533,27.646551724358815,8.501117059654041e-09,50,1,0,0,1.0,MEDIUM
CUST002617,20,20,30.00000000014019,27.900000029267023,9.746516634426057e-07,50,1,0,0,1.0,MEDIUM
CUST004213,25,25,30.00000000008182,27.55000001196498,7.413705331838622e-07,50,1,0,0,1.0,MEDIUM
CUST002182,24,24,30.000000000077385,27.666666666730364,3.5650762783856894e-09,50,1,0,0,1.0,MEDIUM
CUST004709,21,21,30.00000000006642,27.666667177800864,2.6725264313733202e-05,50,1,0,0,1.0,MEDIUM
CUST003885,25,25,30.000000000064354,27.550000002873222,1.7708829320474336e-07,50,1,0,0,1.0,MEDIUM
CUST003522,34,34,30.000000000063736,27.786764722670085,1.4116041095897104e-06,50,1,0,0,1.0,MEDIUM
CUST004517,29,29,30.00000000003118,27.646551742597868,1.3374773287687798e-06,50,1,0,0,1.0,MEDIUM
CUST000554,26,26,30.000000000027896,27.778846158797382,1.552689718657455e-07,50,1,0,0,1.0,MEDIUM
CUST001846,20,20,30.000000000011447,27.46250000055206,2.7241302885096433e-08,50,1,0,0,1.0,MEDIUM
CUST002785,23,23,30.00000000000948,27.79347826186583,5.559954147364693e-08,50,1,0,0,1.0,MEDIUM
CUST003576,21,21,30.000000000005734,27.75000000276802,1.4132543664914995e-07,50,1,0,0,1.0,MEDIUM
CUST002342,27,27,30.000000000004874,27.731481483220865,1.135086319159551e-07,50,1,0,0,1.0,MEDIUM
CUST004157,25,25,30.000000000003084,27.620000000031123,8.953222570777936e-10,50,1,0,0,1.0,MEDIUM
CUST003672,28,28,30.00000000000157,27.625000001448225,9.87673064191851e-08,50,1,0,0,1.0,MEDIUM
CUST002305,26,26,30.000000000001535,27.442307692750305,1.9975132838296985e-08,50,1,0,0,1.0,MEDIUM
CUST001176,30,30,30.00000000000076,27.550000032414705,1.768939865905268e-06,50,1,0,0,1.0,MEDIUM
CUST001799,23,23,30.00000000000044,27.793478603876885,1.950045568499009e-05,50,1,0,0,1.0,MEDIUM
CUST001164,28,28,30.000000000000355,27.625000000320064,2.1179495399331936e-08,50,1,0,0,1.0,MEDIUM
CUST004595,18,18,30.000000000000178,27.666666666677038,4.663335296278812e-10,50,1,0,0,1.0,MEDIUM
CUST001861,30,30,30.00000000000017,27.550000065313892,4.553148663242539e-06,50,1,0,0,1.0,MEDIUM
CUST002688,25,25,30.000000000000064,28.180000011945367,7.465345973563984e-07,50,1,0,0,1.0,MEDIUM
CUST001723,30,30,30.000000000000007,27.375000061426377,3.94373778228693e-06,50,1,0,0,1.0,MEDIUM
CUST000803,34,34,30.0,27.37500000016375,1.1686778701168281e-08,50,1,0,0,1.0,MEDIUM
CUST000733,31,31,30.0,27.85483870989315,1.401485187355306e-08,50,1,0,0,1.0,MEDIUM
CUST004189,31,31,30.0,27.572580952735947,2.04469779726945e-05,50,1,0,0,1.0,MEDIUM
CUST004112,30,30,30.0,27.841666667604624,3.747591717130225e-08,50,1,0,0,1.0,MEDIUM
CUST001794,29,29,30.0,27.646551725123715,7.144362433644556e-08,50,1,0,0,1.0,MEDIUM
CUST001987,29,29,30.0,27.586207034379992,8.88493248636925e-06,50,1,0,0,1.0,MEDIUM
CUST002143,29,29,30.0,27.64655181113389,6.208754223398471e-06,50,1,0,0,1.0,MEDIUM
CUST003334,28,28,30.0,27.750000000476195,2.3995121498123658e-08,50,1,0,0,1.0,MEDIUM
CUST000555,26,26,30.0,27.84615384644818,1.1703338773010211e-08,50,1,0,0,1.0,MEDIUM
CUST001287,26,26,30.0,27.307692976655094,4.348033706590201e-05,50,1,0,0,1.0,MEDIUM
CUST003415,26,26,30.0,27.375000000005887,3.2611175935545767e-10,50,1,0,0,1.0,MEDIUM
CUST004934,26,26,30.0,27.375000065998115,4.287063662651775e-06,50,1,0,0,1.0,MEDIUM
CUST000627,25,25,30.0,27.830000000139577,4.631499843847765e-09,50,1,0,0,1.0,MEDIUM
CUST000664,25,25,30.0,27.690000006020068,1.68937126344006e-07,50,1,0,0,1.0,MEDIUM
CUST001729,25,25,30.0,27.69000017040119,1.063382921623801e-05,50,1,0,0,1.0,MEDIUM
CUST003609,25,25,30.0,27.83000000169552,1.0534320575884599e-07,50,1,0,0,1.0,MEDIUM
CUST004985,25,25,30.0,27.62000002169736,1.336359992875045e-06,50,1,0,0,1.0,MEDIUM
CUST000347,24,24,30.0,28.031250021993646,1.2355831449308957e-06,50,1,0,0,1.0,MEDIUM
CUST000492,24,24,30.0,27.59375000116921,6.22832188092041e-08,50,1,0,0,1.0,MEDIUM
CUST000939,24,24,30.0,27.447916668482378,9.09721491030958e-08,50,1,0,0,1.0,MEDIUM
CUST001626,24,24,30.0,27.812500184265033,1.0492113080277075e-05,50,1,0,0,1.0,MEDIUM
CUST001793,24,24,30.0,27.88541667762421,6.56446473377529e-07,50,1,0,0,1.0,MEDIUM
CUST001920,24,24,30.0,27.666666666754015,4.4673246145747955e-09,50,1,0,0,1.0,MEDIUM
CUST002487,24,24,30.0,27.593750017486162,1.0463237920870207e-06,50,1,0,0,1.0,MEDIUM
CUST003003,24,24,30.0,27.81250000221132,9.74497830825541e-08,50,1,0,0,1.0,MEDIUM
CUST003288,24,24,30.0,27.958333388251123,3.2950656523029286e-06,50,1,0,0,1.0,MEDIUM
CUST004070,24,24,30.0,27.739583340233096,4.131640079394844e-07,50,1,0,0,1.0,MEDIUM
CUST004196,24,24,30.0,28.250000000000483,2.3336195292703108e-11,50,1,0,0,1.0,MEDIUM
CUST004294,24,24,30.0,27.44791666866121,1.1841921575290645e-07,50,1,0,0,1.0,MEDIUM
CUST000871,23,23,30.0,27.717391304364117,9.22279183057434e-10,50,1,0,0,1.0,MEDIUM
CUST002001,23,23,30.0,28.097826109479193,1.2479565254320411e-06,50,1,0,0,1.0,MEDIUM
CUST002172,23,23,30.0,27.945652175097408,4.045099404493125e-08,50,1,0,0,1.0,MEDIUM
CUST003691,23,23,30.0,27.793478260871034,8.330967838501728e-11,50,1,0,0,1.0,MEDIUM
CUST003998,23,23,30.0,27.489130436198405,7.566575672391965e-08,50,1,0,0,1.0,MEDIUM
CUST004230,23,23,30.0,27.641304419607778,2.33553947221357e-06,50,1,0,0,1.0,MEDIUM
CUST004416,23,23,30.0,27.56521740928832,9.609833346235898e-07,50,1,0,0,1.0,MEDIUM
CUST000301,22,22,30.0,28.090909090928736,1.053009063649663e-09,50,1,0,0,1.0,MEDIUM
CUST003813,22,22,30.0,27.693181836824976,9.807378991377648e-07,50,1,0,0,1.0,MEDIUM
CUST003857,22,22,30.0,27.85227272727281,4.108973193222374e-12,50,1,0,0,1.0,MEDIUM
CUST004948,22,22,30.0,27.2954545471733,9.432945933074818e-08,50,1,0,0,1.0,MEDIUM
CUST002362,21,21,30.0,27.833333333333332,0.0,50,1,0,0,1.0,MEDIUM
CUST002444,21,21,30.0,27.83333333367349,1.0433997610486966e-08,50,1,0,0,1.0,MEDIUM
CUST004684,21,21,30.0,27.333333388636145,2.865925224814684e-06,50,1,0,0,1.0,MEDIUM
CUST004766,21,21,30.0,27.33333333623507,1.420438796145531e-07,50,1,0,0,1.0,MEDIUM
CUST000726,20,20,30.0,27.72500012900149,6.449954817701246e-06,50,1,0,0,1.0,MEDIUM
CUST002525,20,20,30.0,27.55000095766473,4.788323328831947e-05,50,1,0,0,1.0,MEDIUM
CUST004856,20,20,30.0,27.287500000313322,1.551867958981731e-08,50,1,0,0,1.0,MEDIUM
CUST000978,19,19,30.0,27.513157894737095,1.1907784297816516e-11,50,1,0,0,1.0,MEDIUM
CUST000983,19,19,30.0,27.97368432903985,5.616280944205914e-06,50,1,0,0,1.0,MEDIUM
CUST001445,19,19,30.0,27.513157894741695,2.3028638076686277e-10,50,1,0,0,1.0,MEDIUM
CUST001759,19,19,30.0,27.78947368443061,1.035435568447963e-08,50,1,0,0,1.0,MEDIUM
CUST002633,19,19,30.0,27.697368421127994,3.5626813487350725e-09,50,1,0,0,1.0,MEDIUM
CUST003162,19,19,30.0,27.60526316885139,4.325695706853348e-07,50,1,0,0,1.0,MEDIUM
CUST003468,19,19,30.0,27.605263234662814,3.6424463522108283e-06,50,1,0,0,1.0,MEDIUM
CUST003534,19,19,30.0,27.88157894742284,2.5843877203141915e-09,50,1,0,0,1.0,MEDIUM
CUST003701,19,19,30.0,27.78947368534439,4.2409077359333036e-08,50,1,0,0,1.0,MEDIUM
CUST003708,19,19,30.0,28.065789473700324,7.170307359230805e-10,50,1,0,0,1.0,MEDIUM
CUST004005,19,19,30.0,27.14473684241591,1.453784208571753e-08,50,1,0,0,1.0,MEDIUM
CUST004831,19,19,30.0,27.605263159215358,6.272877411510473e-08,50,1,0,0,1.0,MEDIUM
CUST000247,18,18,30.0,28.347222222226097,1.7345766788540618e-10,50,1,0,0,1.0,MEDIUM
CUST001810,18,18,30.0,28.152777777786152,1.98880162245913e-10,50,1,0,0,1.0,MEDIUM
CUST002426,18,18,30.0,27.180555559879295,1.904407362075811e-07,50,1,0,0,1.0,MEDIUM
CUST000979,17,17,30.0,28.147058823533378,8.921564221748467e-11,50,1,0,0,1.0,MEDIUM
CUST001245,17,17,30.0,27.83823529412329,2.337300156642028e-10,50,1,0,0,1.0,MEDIUM
CUST003881,17,17,30.0,27.632352941399887,9.494011926473308e-09,50,1,0,0,1.0,MEDIUM
CUST002476,16,16,30.0,27.703125004112792,1.6451182149577775e-07,50,1,0,0,1.0,MEDIUM
CUST003735,16,16,30.0,27.92187500066998,2.0664670025618678e-08,50,1,0,0,1.0,MEDIUM
CUST004383,16,16,30.0,27.593750000003126,1.2514983592908662e-10,50,1,0,0,1.0,MEDIUM
CUST000518,15,15,30.0,27.666666672157653,2.0587774033459148e-07,50,1,0,0,1.0,MEDIUM
CUST000773,14,14,30.0,27.875000000000142,4.418424989010325e-12,50,1,0,0,1.0,MEDIUM
CUST004020,27,2,29.763170550177772,13.481969283342291,0.03292637544444,85,0,0,0,0.07407407407407407,MEDIUM
CUST004276,27,1,29.750087742468395,12.379635856409678,0.0002193561709957714,85,0,0,0,0.037037037037037035,MEDIUM
CUST000739,22,1,29.750000295359683,12.32954628486139,4.492372845595754e-05,85,0,0,0,0.045454545454545456,MEDIUM
CUST004338,19,1,29.750000014385858,12.986843100306281,4.615125341849834e-05,85,0,0,0,0.05263157894736842,MEDIUM
CUST001107,15,2,29.749999999999996,13.883333357359103,6.058309325432457e-07,85,0,0,0,0.13333333333333333,MEDIUM
CUST004816,29,2,29.749999999999996,13.155180845786049,0.0006106245896304644,85,0,0,0,0.06896551724137931,MEDIUM
CUST004913,31,2,29.749999999999996,13.266420075011187,0.02255074987714,85,0,0,0,0.06451612903225806,MEDIUM
CUST000251,23,1,29.749999999999996,13.239130487486658,2.0617385115221765e-06,85,0,0,0,0.043478260869565216,MEDIUM
CUST000535,26,1,29.749999999999996,12.250000027353114,8.953513251233426e-07,85,0,0,0,0.038461538461538464,MEDIUM
CUST000622,21,1,29.749999999999996,12.833333338919617,1.2151981271222456e-07,85,0,0,0,0.047619047619047616,MEDIUM
CUST001112,22,1,29.749999999999996,12.647727277671713,1.1798429988176395e-07,85,0,0,0,0.045454545454545456,MEDIUM
CUST001129,29,1,29.749999999999996,12.129316952242913,0.0004588024677575777,85,0,0,0,0.034482758620689655,MEDIUM
CUST001311,26,1,29.749999999999996,12.721153849563612,2.1475427886833503e-07,85,0,0,0,0.038461538461538464,MEDIUM
CUST001327,24,1,29.749999999999996,12.395836483881089,0.00018578608956913476,85,0,0,0,0.041666666666666664,MEDIUM
CUST001388,35,1,29.749999999999996,12.95000024283203,1.4000508586144617e-05,85,0,0,0,0.02857142857142857,MEDIUM
CUST001946,29,1,29.749999999999996,12.008620843269103,1.050860003782829e-05,85,0,0,0,0.034482758620689655,MEDIUM
CUST002098,23,1,29.749999999999996,12.326087181566248,1.118888195254289e-05,85,0,0,0,0.043478260869565216,MEDIUM
CUST002192,22,1,29.749999999999996,12.806818184998287,1.322107879553417e-07,85,0,0,0,0.045454545454545456,MEDIUM
CUST002741,18,1,29.749999999999996,12.347222222368943,6.6024346762951524e-09,85,0,0,0,0.05555555555555555,MEDIUM
CUST002848,20,1,29.749999999999996,12.775001044172935,5.061395490020225e-05,85,0,0,0,0.05,MEDIUM
CUST003181,29,1,29.749999999999996,12.250000039277342,2.7008098991769126e-06,85,0,0,0,0.034482758620689655,MEDIUM
CUST003198,16,1,29.749999999999996,12.90625003366296,1.3463780269572477e-06,85,0,0,0,0.0625,MEDIUM
CUST003439,22,1,29.749999999999996,12.40909102957091,3.7715114761879773e-06,85,0,0,0,0.045454545454545456,MEDIUM
CUST003869,43,1,29.749999999999996,12.046513658015757,8.531942069801696e-05,85,0,0,0,0.023255813953488372,MEDIUM
CUST003911,21,1,29.749999999999996,12.416679011378365,0.0006468959236399126,85,0,0,0,0.047619047619047616,MEDIUM
CUST004012,23,1,29.749999999999996,12.706540367297425,0.000988090538170247,85,0,0,0,0.043478260869565216,MEDIUM
CUST004632,22,1,29.749999999999996,12.727272761962602,1.27612500191573e-06,85,0,0,0,0.045454545454545456,MEDIUM
CUST004748,23,1,29.749999999999996,12.17391304591297,1.1307914138866171e-07,85,0,0,0,0.043478260869565216,MEDIUM
CUST004941,15,1,29.749999999999996,12.600000108826727,4.050017999994203e-06,85,0,0,0,0.06666666666666667,MEDIUM
CUST002840,29,1,28.973482455395718,12.585369096606325,15.55870613848929,65,0,0,0,0.034482758620689655,MEDIUM
CUST004825,33,33,28.250007737134073,27.29545489855683,1.934283519201806e-05,45,1,0,0,1.0,MEDIUM
CUST004904,21,21,28.25000002358649,27.166666674818018,3.6852345052187806e-07,45,1,0,0,1.0,MEDIUM
CUST001071,23,23,28.250000014886137,27.336956545827178,9.175520391155376e-07,45,1,0,0,1.0,MEDIUM
CUST001893,25,25,28.25000000287843,27.480000000131295,7.1960855022004166e-09,45,1,0,0,1.0,MEDIUM
CUST001625,28,28,28.250000001299146,27.500000000840423,4.576994769312912e-08,45,1,0,0,1.0,MEDIUM
CUST002944,26,26,28.25000000063204,27.644235172435682,0.00028619166483017316,45,1,0,0,1.0,MEDIUM
CUST004729,22,22,28.25000000024461,27.772727357977477,4.684088897344317e-06,45,1,0,0,1.0,MEDIUM
CUST004596,23,23,28.25000000023536,27.64130434867738,4.7633040736677114e-08,45,1,0,0,1.0,MEDIUM
CUST004897,16,16,28.250000000144805,27.59375000014425,5.326456010053042e-09,45,1,0,0,1.0,MEDIUM
CUST000860,18,18,28.25000000000543,27.763888888899896,3.4557400620192877e-10,45,1,0,0,1.0,MEDIUM
CUST004411,25,1,28.003553852895745,12.320148386211471,0.00888463223936285,80,0,0,0,0.04,MEDIUM
CUST003053,33,1,28.000255833624813,12.356070488793604,0.0006395840620343997,80,0,0,0,0.030303030303030304,MEDIUM
CUST001986,22,1,28.0000133234545,13.045455151066125,3.330863624899476e-05,80,0,0,0,0.045454545454545456,MEDIUM
CUST001121,16,1,28.000007633677335,13.01562548914111,1.9084193340638667e-05,80,0,0,0,0.0625,MEDIUM
CUST001543,22,1,28.000003865958483,12.647727463783594,9.664896211201554e-06,80,0,0,0,0.045454545454545456,MEDIUM
CUST003291,20,1,28.00000173612142,11.987500113506965,4.3403035471519645e-06,80,0,0,0,0.05,MEDIUM
CUST003663,24,1,28.0000004024371,12.32335845084105,0.0265048631444,80,0,0,0,0.041666666666666664,MEDIUM
CUST004461,24,1,28.00000019835246,12.104166746078524,4.257196089496873e-06,80,0,0,0,0.041666666666666664,MEDIUM
CUST003889,22,1,28.00000001141235,12.011364030963945,2.123358075613296e-05,80,0,0,0,0.045454545454545456,MEDIUM
CUST000238,28,1,28.0,12.375000176559016,1.1960487726178393e-05,80,0,0,0,0.03571428571428571,MEDIUM
CUST000437,34,1,28.0,11.838238949204753,0.0002864415463277603,80,0,0,0,0.029411764705882353,MEDIUM
CUST000600,29,1,28.0,12.370689860183909,1.1865369565961486e-05,80,0,0,0,0.034482758620689655,MEDIUM
CUST000651,22,1,28.0,12.409090909487405,2.1395902092984647e-08,80,0,0,0,0.045454545454545456,MEDIUM
CUST000663,23,1,28.0,12.097831933501773,0.0003316250172563894,80,0,0,0,0.043478260869565216,MEDIUM
CUST000808,31,1,28.0,12.306451630439803,9.238441338201825e-07,80,0,0,0,0.03225806451612903,MEDIUM
CUST001050,20,1,28.0,12.250000000046764,1.5955969152972748e-09,80,0,0,0,0.05,MEDIUM
CUST001067,21,1,28.0,12.500001397167258,4.621327113580064e-05,80,0,0,0,0.047619047619047616,MEDIUM
CUST001143,26,1,28.0,12.51927047088611,0.002574181018862068,80,0,0,0,0.038461538461538464,MEDIUM
CUST001260,29,1,28.0,12.551724480429254,2.3896997208081348e-05,80,0,0,0,0.034482758620689655,MEDIUM
CUST001387,19,1,28.0,12.526315789500382,7.609554502883104e-10,80,0,0,0,0.05263157894736842,MEDIUM
CUST001454,18,1,28.0,12.347222222335404,4.9173152326320475e-09,80,0,0,0,0.05555555555555555,MEDIUM
CUST001500,19,1,28.0,12.526316655129737,2.5614898572161278e-05,80,0,0,0,0.05263157894736842,MEDIUM
CUST001891,26,1,28.0,12.115384633131915,9.264420860712246e-07,80,0,0,0,0.038461538461538464,MEDIUM
CUST002129,25,1,28.0,12.9500000044765,2.3110031824299068e-07,80,0,0,0,0.04,MEDIUM
CUST002654,30,1,28.0,12.016708832664532,0.0021309407387530665,80,0,0,0,0.03333333333333333,MEDIUM
CUST002709,21,1,28.0,13.25000008984168,4.617638189772472e-06,80,0,0,0,0.047619047619047616,MEDIUM
CUST002758,17,1,28.0,12.558823529690592,1.1830778510161168e-08,80,0,0,0,0.058823529411764705,MEDIUM
CUST002839,23,1,28.0,12.85869577530407,3.617299060881461e-06,80,0,0,0,0.043478260869565216,MEDIUM
CUST002891,35,1,28.0,12.000001212824392,0.00010611599271696824,80,0,0,0,0.02857142857142857,MEDIUM
CUST002961,30,1,28.0,12.716666826742129,1.0379497970885362e-05,80,0,0,0,0.03333333333333333,MEDIUM
CUST003224,28,1,28.0,12.375003370287143,0.00023216646855067679,80,0,0,0,0.03571428571428571,MEDIUM
CUST003251,31,1,28.0,12.36290327984199,3.607145070692629e-06,80,0,0,0,0.03225806451612903,MEDIUM
CUST003271,26,1,28.0,12.721154104269013,1.62581416750215e-05,80,0,0,0,0.038461538461538464,MEDIUM
CUST003308,25,1,28.0,12.320000095643879,5.9083778477959025e-06,80,0,0,0,0.04,MEDIUM
CUST003355,23,1,28.0,11.869566554624155,4.8731320086048085e-05,80,0,0,0,0.043478260869565216,MEDIUM
CUST003536,31,1,28.0,12.024309718360373,0.007443614437857046,80,0,0,0,0.03225806451612903,MEDIUM
CUST003652,26,1,28.0,12.250031800779025,0.0020577065411040243,80,0,0,0,0.038461538461538464,MEDIUM
CUST003800,33,1,28.0,12.51521021629914,0.004842839109394947,80,0,0,0,0.030303030303030304,MEDIUM
CUST003916,27,1,28.0,13.092594650267667,0.00013889129190383672,80,0,0,0,0.037037037037037035,MEDIUM
CUST003970,34,1,28.0,12.45588955192631,0.0006113306613546004,80,0,0,0,0.029411764705882353,MEDIUM
CUST004054,23,1,28.0,13.391304385188263,2.0991205958258823e-06,80,0,0,0,0.043478260869565216,MEDIUM
CUST004167,29,1,28.0,11.948286573769849,0.0007765830003820042,80,0,0,0,0.034482758620689655,MEDIUM
CUST004344,22,1,28.0,12.568181819466561,2.472491940524843e-08,80,0,0,0,0.045454545454545456,MEDIUM
CUST004482,27,1,28.0,12.25000002293367,1.084406445801727e-06,80,0,0,0,0.037037037037037035,MEDIUM
CUST004750,20,1,28.0,12.337500006010895,2.1816515349203233e-07,80,0,0,0,0.05,MEDIUM
CUST004759,18,1,28.0,13.513889851077145,4.329847160727856e-05,80,0,0,0,0.05555555555555555,MEDIUM
CUST004855,25,1,28.0,12.88000030996693,1.936374729479797e-05,80,0,0,0,0.04,MEDIUM
CUST004857,23,1,28.0,12.782608698532659,1.226519139979604e-07,80,0,0,0,0.043478260869565216,MEDIUM
CUST004995,27,1,28.0,12.574075620838796,0.0001042336520838023,80,0,0,0,0.037037037037037035,MEDIUM
CUST004777,27,1,26.8573242712564,5.4669382014966,40.89331067814099,35,0,0,0,0.037037037037037035,MEDIUM
CUST003642,34,23,26.75018568144595,24.588240795246147,0.0004642036148692842,55,0,0,1,0.6764705882352942,MEDIUM
CUST002335,22,13,26.750031731281783,24.522728715169343,7.932820446218646e-05,55,0,0,1,0.5909090909090909,MEDIUM
CUST001124,30,14,26.75001380761376,24.300001115542678,4.1244070836921324e-05,55,0,0,1,0.4666666666666667,MEDIUM
CUST001303,27,16,26.750007988167145,24.41666696631082,1.997041786579059e-05,55,0,0,1,0.5925925925925926,MEDIUM
CUST002925,24,14,26.750002521929154,24.48958364358406,8.188884858214548e-06,55,0,0,1,0.5833333333333334,MEDIUM
CUST001083,32,19,26.750001833717,24.453125077711537,4.584292500861819e-06,55,0,0,1,0.59375,MEDIUM
CUST003808,29,14,26.75000109616906,24.215517351424527,4.333974576470508e-06,55,0,0,1,0.4827586206896552,MEDIUM
CUST000611,20,17,26.750000930043562,25.08750006205731,2.3251089086285494e-06,55,0,0,1,0.85,MEDIUM
CUST000960,24,15,26.750000461180655,24.56250073798924,4.2989902537606e-05,55,0,0,1,0.625,MEDIUM
CUST000642,28,17,26.750000336530295,24.50000001805702,8.413257384622796e-07,55,0,0,1,0.6071428571428571,MEDIUM
CUST000815,28,16,26.750000323805367,24.43750002240343,8.095134200261145e-07,55,0,0,1,0.5714285714285714,MEDIUM
CUST001845,26,12,26.75000032175246,24.192314902495415,0.0004673958372400837,55,0,0,1,0.46153846153846156,MEDIUM
CUST000193,26,17,26.75000004606901,24.663461677810442,8.835517392411391e-06,55,0,0,1,0.6538461538461539,MEDIUM
CUST000947,21,10,26.75000002857023,24.333333677240805,1.7978256155585007e-05,55,0,0,1,0.47619047619047616,MEDIUM
CUST004272,22,11,26.750000024674982,24.204545527543566,3.2075579311519174e-06,55,0,0,1,0.5,MEDIUM
CUST000668,23,12,26.750000019777698,24.315217918510967,2.643893929267458e-05,55,0,0,1,0.5217391304347826,MEDIUM
CUST004964,27,20,26.750000019386587,24.87037037213673,4.84664683982301e-08,55,0,0,1,0.7407407407407407,MEDIUM
CUST001105,19,13,26.750000019126663,24.631578966451045,8.354380058190613e-07,55,0,0,1,0.6842105263157895,MEDIUM
CUST000704,18,13,26.750000001359,25.000000000270354,7.966049750715937e-09,55,0,0,1,0.7222222222222222,MEDIUM
CUST004833,29,21,26.750000001352987,24.63793243017544,9.921475509629921e-05,55,0,0,1,0.7241379310344828,MEDIUM
CUST004668,24,20,26.750000001091667,24.927090268627836,0.0002748930581867583,55,0,0,1,0.8333333333333334,MEDIUM
CUST003477,30,18,26.750000000630287,24.591669100101612,0.00015398687158730228,55,0,0,1,0.6,MEDIUM
CUST003237,21,15,26.750000000563173,24.8333335268771,9.34752778368565e-06,55,0,0,1,0.7142857142857143,MEDIUM
CUST003814,25,13,26.750000000423842,24.300011213230622,0.0007002352667701282,55,0,0,1,0.52,MEDIUM
CUST003465,23,14,26.750000000357687,24.695652265960938,5.28903521486335e-06,55,0,0,1,0.6086956521739131,MEDIUM
CUST001161,24,11,26.7500000003487,24.12500000504105,1.2711049704734714e-07,55,0,0,1,0.4583333333333333,MEDIUM
CUST000355,25,17,26.750000000277897,24.720000005341525,2.227116064892702e-07,55,0,0,1,0.68,MEDIUM
CUST002807,23,17,26.75000000025562,24.771739130446605,6.390532625823483e-10,55,0,0,1,0.7391304347826086,MEDIUM
CUST000738,35,29,26.7500000002101,24.900000208310892,1.2245189113754638e-05,55,0,0,1,0.8285714285714286,MEDIUM
CUST002317,23,12,26.75000000012154,24.3913075805558,0.0001858791101972828,55,0,0,1,0.5217391304347826,MEDIUM
CUST002414,21,12,26.750000000115392,24.583333354683127,1.1201717977589042e-06,55,0,0,1,0.5714285714285714,MEDIUM
CUST002794,14,8,26.750000000084597,24.500000030385724,5.995422357124974e-07,55,0,0,1,0.5714285714285714,MEDIUM
CUST002010,31,13,26.75000000007028,24.09677427319596,6.139784933125787e-06,55,0,0,1,0.41935483870967744,MEDIUM
CUST004215,34,17,26.750000000056318,24.43382366440173,1.10836652099147e-05,55,0,0,1,0.5,MEDIUM
CUST000528,28,20,26.750000000042487,24.562500533676058,3.716513867763841e-05,55,0,0,1,0.7142857142857143,MEDIUM
CUST001816,27,14,26.750000000034028,24.41666680582598,9.392469872042356e-06,55,0,0,1,0.5185185185185185,MEDIUM
CUST003981,21,14,26.75000000002591,24.666667349223694,3.543981805266543e-05,55,0,0,1,0.6666666666666666,MEDIUM
CUST001733,23,11,26.750000000023224,24.23913044096958,3.545169865935656e-07,55,0,0,1,0.4782608695652174,MEDIUM
CUST003274,23,14,26.750000000022695,24.467391317108042,4.087064802639694e-07,55,0,0,1,0.6086956521739131,MEDIUM
CUST003338,18,13,26.750000000020517,24.902777780909627,1.1990352470434774e-07,55,0,0,1,0.7222222222222222,MEDIUM
CUST004176,25,13,26.75000000001291,24.510000003699577,1.4966945157439195e-07,55,0,0,1,0.52,MEDIUM
CUST002592,29,20,26.750000000004537,24.698275874709317,9.081068033250391e-07,55,0,0,1,0.6896551724137931,MEDIUM
CUST002589,23,14,26.750000000004146,24.543478260922303,3.021962943500592e-09,55,0,0,1,0.6086956521739131,MEDIUM
CUST001756,18,10,26.750000000002977,24.513891328743156,6.866537567583584e-05,55,0,0,1,0.5555555555555556,MEDIUM
CUST001150,37,23,26.750000000002665,24.52703283011369,0.000534947146859603,55,0,0,1,0.6216216216216216,MEDIUM
CUST002059,24,9,26.750000000002544,23.979166681999132,8.561525968988234e-07,55,0,0,1,0.375,MEDIUM
CUST003309,28,14,26.7500000000021,24.375081222210156,0.005492070516138727,55,0,0,1,0.5,MEDIUM
CUST000303,28,17,26.75000000000098,24.50000034220182,1.092619606562593e-05,55,0,0,1,0.6071428571428571,MEDIUM
CUST004832,19,12,26.750000000000814,24.44736842106203,3.326393323371609e-10,55,0,0,1,0.631578947368421,MEDIUM
CUST001307,23,14,26.750000000000064,24.619565217391305,1.5873376740517987e-13,55,0,0,1,0.6086956521739131,MEDIUM
CUST001271,34,22,26.75,24.63970643032344,1.8938625146509365e-05,55,0,0,1,0.6470588235294118,MEDIUM
CUST004947,33,22,26.75,24.681820669615153,0.00020513721620797843,55,0,0,1,0.6666666666666666,MEDIUM
CUST001621,29,20,26.75,24.577586219611526,6.982638928521555e-07,55,0,0,1,0.6896551724137931,MEDIUM
CUST003445,28,20,26.75,24.625001909248585,0.00011725003307293074,55,0,0,1,0.7142857142857143,MEDIUM
CUST002109,29,19,26.75,24.456900212936322,0.0002643046405560842,55,0,0,1,0.6551724137931034,MEDIUM
CUST004570,29,19,26.75,24.5775864289291,1.588203853671505e-05,55,0,0,1,0.6551724137931034,MEDIUM
CUST002416,25,18,26.75,24.720000399947093,1.67146476889692e-05,55,0,0,1,0.72,MEDIUM
CUST002897,35,18,26.75,24.250005034624955,0.00024187839156498693,55,0,0,1,0.5142857142857142,MEDIUM
CUST000335,26,17,26.75,24.461538632697945,9.54227233407286e-06,55,0,0,1,0.6538461538461539,MEDIUM
CUST004543,20,17,26.75,24.912500001389663,6.94831774099905e-08,55,0,0,1,0.85,MEDIUM
CUST000473,30,16,26.75,24.241667776369095,8.321139729622475e-05,55,0,0,1,0.5333333333333333,MEDIUM
CUST000909,24,16,26.75,24.63541667807401,6.592598772372719e-07,55,0,0,1,0.6666666666666666,MEDIUM
CUST001199,33,16,26.75,24.151516998338078,8.584708989215304e-05,55,0,0,1,0.48484848484848486,MEDIUM
CUST001962,29,16,26.75,24.336206935536772,2.3736498572269434e-06,55,0,0,1,0.5517241379310345,MEDIUM
CUST002135,31,16,26.75,24.2661495738351,0.001551436138892717,55,0,0,1,0.5161290322580645,MEDIUM
CUST002400,23,16,26.75,24.619565258705784,1.911967090512629e-06,55,0,0,1,0.6956521739130435,MEDIUM
CUST003558,26,16,26.75,24.394230769445276,8.195133909715213e-09,55,0,0,1,0.6153846153846154,MEDIUM
CUST004523,26,16,26.75,24.394230783563824,5.106382414544496e-07,55,0,0,1,0.6153846153846154,MEDIUM
CUST004660,25,16,26.75,24.51000010610728,5.880955414230503e-06,55,0,0,1,0.64,MEDIUM
CUST001394,26,15,26.75,24.461538678274856,8.018951632079863e-06,55,0,0,1,0.5769230769230769,MEDIUM
CUST001507,24,15,26.75,24.489583335967385,1.5014913282793326e-07,55,0,0,1,0.625,MEDIUM
CUST002300,25,15,26.75,24.37000079090499,4.267054648900506e-05,55,0,0,1,0.6,MEDIUM
CUST002992,28,15,26.75,24.250000003546965,2.1405455186008822e-07,55,0,0,1,0.5357142857142857,MEDIUM
CUST003719,35,15,26.75,24.050033372732607,0.00280838165743671,55,0,0,1,0.42857142857142855,MEDIUM
CUST000454,27,14,26.75,24.351852251983562,2.679075386972565e-05,55,0,0,1,0.5185185185185185,MEDIUM
CUST002451,27,14,26.75,24.2222534116173,0.001201678531677236,55,0,0,1,0.5185185185185185,MEDIUM
CUST002597,16,14,26.75,24.890625000047514,1.900510342015626e-09,55,0,0,1,0.875,MEDIUM
CUST003403,17,14,26.75,25.00000001683421,6.319181623094107e-07,55,0,0,1,0.8235294117647058,MEDIUM
CUST004928,26,14,26.75,24.394230769962025,4.2038244751244315e-08,55,0,0,1,0.5384615384615384,MEDIUM
CUST001649,21,13,26.75,24.750000001238824,6.489548500773636e-08,55,0,0,1,0.6190476190476191,MEDIUM
CUST001702,23,13,26.75,24.315217391509755,1.0888750682274685e-08,55,0,0,1,0.5652173913043478,MEDIUM
CUST002583,22,13,26.75,24.522727280199145,2.457889285414809e-07,55,0,0,1,0.5909090909090909,MEDIUM
CUST003131,23,13,26.75,24.315217391340134,9.551363856064524e-10,55,0,0,1,0.5652173913043478,MEDIUM
CUST000383,26,12,26.75,24.192307771185003,4.311297756977936e-06,55,0,0,1,0.46153846153846156,MEDIUM
CUST000594,17,12,26.75,24.794117647363084,5.819803670980026e-09,55,0,0,1,0.7058823529411765,MEDIUM
CUST000954,21,12,26.75,24.583334497947696,6.102912638766455e-05,55,0,0,1,0.5714285714285714,MEDIUM
CUST001215,21,12,26.75,24.333333333510566,8.617740676792138e-09,55,0,0,1,0.5714285714285714,MEDIUM
CUST001320,22,12,26.75,24.363636366713596,9.348831572803707e-08,55,0,0,1,0.5454545454545454,MEDIUM
CUST001532,22,12,26.75,24.443181827832117,2.2258859143344683e-07,55,0,0,1,0.5454545454545454,MEDIUM
CUST002620,25,12,26.75,24.160000103863158,6.419684050300005e-06,55,0,0,1,0.48,MEDIUM
CUST003141,23,12,26.75,24.315217536183,7.083214624641847e-06,55,0,0,1,0.5217391304347826,MEDIUM
CUST004356,18,12,26.75,24.513888910825568,5.597134881761324e-07,55,0,0,1,0.6666666666666666,MEDIUM
CUST000562,22,11,26.75,24.20454935674317,0.00017157158541747513,55,0,0,1,0.5,MEDIUM
CUST001089,19,11,26.75,24.355263164591264,3.1808519962342674e-07,55,0,0,1,0.5789473684210527,MEDIUM
CUST003877,20,11,26.75,24.47500000109732,5.4761309815034596e-08,55,0,0,1,0.55,MEDIUM
CUST000411,18,10,26.75,24.31944453696272,4.163322436056043e-06,55,0,0,1,0.5555555555555556,MEDIUM
CUST001009,14,10,26.75,24.750000000413525,1.3645793689449994e-08,55,0,0,1,0.7142857142857143,MEDIUM
CUST001175,18,10,26.75,24.319444908071542,2.0344790667752964e-05,55,0,0,1,0.5555555555555556,MEDIUM
CUST001969,16,10,26.75,24.671875629414867,2.414364994820155e-05,55,0,0,1,0.625,MEDIUM
CUST002624,14,10,26.75,24.62500000169802,5.7539569347144015e-08,55,0,0,1,0.7142857142857143,MEDIUM
CUST002637,18,10,26.75,24.513888892952973,1.745219058624408e-07,55,0,0,1,0.5555555555555556,MEDIUM
CUST003769,24,10,26.75,24.12500004884758,1.943727603954409e-06,55,0,0,1,0.4166666666666667,MEDIUM
CUST004853,24,10,26.75,24.052083564039474,1.3802537692865697e-05,55,0,0,1,0.4166666666666667,MEDIUM
CUST000713,18,9,26.75,24.222222222229902,3.30673332930516e-10,55,0,0,1,0.5,MEDIUM
CUST001663,20,9,26.75,24.21250000001462,6.239729220315371e-10,55,0,0,1,0.45,MEDIUM
CUST002046,15,9,26.75,24.53333341701364,3.135527382483849e-06,55,0,0,1,0.6,MEDIUM
CUST003223,22,9,26.75,24.045454576817953,1.7248839289232773e-06,55,0,0,1,0.4090909090909091,MEDIUM
CUST004120,21,9,26.75,24.16666666670202,1.652324652182438e-09,55,0,0,1,0.42857142857142855,MEDIUM
CUST000504,16,8,26.75,24.234375004148454,9.393111098917186e-08,55,0,0,1,0.5,MEDIUM
CUST004154,17,8,26.75,24.176470589285312,3.836551959978373e-08,55,0,0,1,0.47058823529411764,MEDIUM
CUST002720,16,7,26.75,24.12500068509249,2.535822685726205e-05,55,0,0,1,0.4375,MEDIUM
CUST003879,17,7,26.75,24.07352941888749,2.1537063363691702e-07,55,0,0,1,0.4117647058823529,MEDIUM
CUST001516,14,6,26.75,24.125000007546724,2.6123690344418685e-07,55,0,0,1,0.42857142857142855,MEDIUM
CUST003063,18,1,26.250063494661763,12.930559083347838,0.00015873665440593087,75,0,0,0,0.05555555555555555,MEDIUM
CUST003116,24,1,26.2500391338025,12.468751646102879,9.78345062501819e-05,75,0,0,0,0.041666666666666664,MEDIUM
CUST003425,25,1,26.250005637936937,12.810000232180155,1.409484234384173e-05,75,0,0,0,0.04,MEDIUM
CUST003376,23,1,26.250002022032284,12.554347929834378,5.055080711877448e-06,75,0,0,0,0.043478260869565216,MEDIUM
CUST002106,31,1,26.250000416007513,12.30645167564421,3.7602741331299792e-06,75,0,0,0,0.03225806451612903,MEDIUM
CUST003517,22,1,26.25000000394615,12.568183091948354,6.980221675236468e-05,75,0,0,0,0.045454545454545456,MEDIUM
CUST004763,21,1,26.250000001049894,12.000000000184347,6.971288751194869e-09,75,0,0,0,0.047619047619047616,MEDIUM
CUST002170,24,1,26.25000000054204,12.250000008795324,5.010530242558237e-07,75,0,0,0,0.041666666666666664,MEDIUM
CUST004496,25,1,26.250000000023082,12.320000017109399,1.0587451187280935e-06,75,0,0,0,0.04,MEDIUM
CUST000447,24,1,26.25,12.031250001452214,8.713279642362303e-08,75,0,0,0,0.041666666666666664,MEDIUM
CUST000595,26,1,26.25,12.115385200447612,3.628153798918508e-05,75,0,0,0,0.038461538461538464,MEDIUM
CUST000674,19,1,26.25,13.263185820040164,0.0012140276195059003,75,0,0,0,0.05263157894736842,MEDIUM
CUST000793,23,1,26.25,11.793478666359203,2.326868260989e-05,75,0,0,0,0.043478260869565216,MEDIUM
CUST000826,16,1,26.25,13.671875,0.0,75,0,0,0,0.0625,MEDIUM
CUST001002,27,1,26.25,12.703703792527538,5.961686522244894e-06,75,0,0,0,0.037037037037037035,MEDIUM
CUST001336,21,1,26.25,12.916666669990517,1.7233511538777841e-07,75,0,0,0,0.047619047619047616,MEDIUM
CUST001479,21,1,26.25,12.416666670429239,1.9750493806546223e-07,75,0,0,0,0.047619047619047616,MEDIUM
CUST001576,29,1,26.25,12.551728365847781,0.0003065231402785986,75,0,0,0,0.034482758620689655,MEDIUM
CUST001740,25,1,26.25,12.180000108254662,6.765744640009883e-06,75,0,0,0,0.04,MEDIUM
CUST001755,27,1,26.25,12.250000054177187,2.574367529629519e-06,75,0,0,0,0.037037037037037035,MEDIUM
CUST001790,27,1,26.25,12.768576043820296,0.0038823939344994926,75,0,0,0,0.037037037037037035,MEDIUM
CUST002075,22,1,26.25,12.329608432473231,0.0034635046306287997,75,0,0,0,0.045454545454545456,MEDIUM
CUST002112,22,1,26.25,13.04547144762002,0.0009287738848783711,75,0,0,0,0.045454545454545456,MEDIUM
CUST002123,24,1,26.25,11.958333349591081,5.029277514084355e-07,75,0,0,0,0.041666666666666664,MEDIUM
CUST002568,18,1,26.25,12.736111111182616,3.217740382023346e-09,75,0,0,0,0.05555555555555555,MEDIUM
CUST002579,17,1,26.25,12.661771043212552,0.0002459129329381625,75,0,0,0,0.058823529411764705,MEDIUM
CUST002664,25,1,26.25,12.740000288238303,1.800259674756222e-05,75,0,0,0,0.04,MEDIUM
CUST002694,27,1,26.25,12.120370446117844,3.0619030313860064e-06,75,0,0,0,0.037037037037037035,MEDIUM
CUST002701,18,1,26.25,12.541667080999112,1.660855308444175e-05,75,0,0,0,0.05555555555555555,MEDIUM
CUST002706,17,1,26.25,12.352941179388406,1.2400725003963583e-07,75,0,0,0,0.058823529411764705,MEDIUM
CUST002793,19,1,26.25,12.157895014923165,8.769116502587864e-06,75,0,0,0,0.05263157894736842,MEDIUM
CUST002873,20,1,26.25,12.250000081488219,4.06450904967033e-06,75,0,0,0,0.05,MEDIUM
CUST002894,29,1,26.25,12.7327586209063,1.1784085220147683e-08,75,0,0,0,0.034482758620689655,MEDIUM
CUST002979,21,1,26.25,12.333333337682145,2.277729962622105e-07,75,0,0,0,0.047619047619047616,MEDIUM
CUST003405,20,1,26.25,12.866731483220978,0.21129665372700998,75,0,0,0,0.05,MEDIUM
CUST003421,19,1,26.25,12.342105310018253,2.2258625340111613e-06,75,0,0,0,0.05263157894736842,MEDIUM
CUST003740,24,1,26.25,12.031250004362272,2.456808276336933e-07,75,0,0,0,0.041666666666666664,MEDIUM
CUST003965,21,1,26.25,12.08333411227937,4.003943173645534e-05,75,0,0,0,0.047619047619047616,MEDIUM
CUST004168,24,1,26.25,12.468751652693394,9.895996575651259e-05,75,0,0,0,0.041666666666666664,MEDIUM
CUST004222,20,1,26.25,12.687500000158552,5.896792425475836e-09,75,0,0,0,0.05,MEDIUM
CUST004248,34,1,26.25,11.838235299516597,3.622901595984735e-07,75,0,0,0,0.029411764705882353,MEDIUM
CUST004349,19,1,26.25,12.71052631585833,2.1379706973126656e-09,75,0,0,0,0.05263157894736842,MEDIUM
CUST004451,31,1,26.25,12.137097041154824,8.454672357146615e-06,75,0,0,0,0.03225806451612903,MEDIUM
CUST004611,16,1,26.25,12.90625000142606,5.084234215491055e-08,75,0,0,0,0.0625,MEDIUM
CUST004726,27,1,26.25,12.638903448052188,0.0009771224640029031,75,0,0,0,0.037037037037037035,MEDIUM
CUST004779,24,1,26.25,12.833348297686015,0.0008978421217985666,75,0,0,0,0.041666666666666664,MEDIUM
CUST004812,26,1,26.25,12.721153846537458,1.4358069825244523e-08,75,0,0,0,0.038461538461538464,MEDIUM
CUST004847,26,1,26.25,12.250000010365257,6.409083388595521e-07,75,0,0,0,0.038461538461538464,MEDIUM
CUST004902,26,1,26.25,12.317307734558842,2.288018837129433e-06,75,0,0,0,0.038461538461538464,MEDIUM
CUST001159,21,9,25.000342707954285,24.000016319447205,0.0008567698857152901,50,0,0,1,0.42857142857142855,MEDIUM
CUST001703,27,15,25.00001480234628,24.222222770845065,3.700586569563839e-05,50,0,0,1,0.5555555555555556,MEDIUM
CUST004991,25,15,25.000010850922674,24.30000046149473,2.712730668901819e-05,50,0,0,1,0.6,MEDIUM
CUST001421,14,7,25.000006096725745,24.125000436209405,1.524181436572613e-05,50,0,0,1,0.5,MEDIUM
CUST003753,22,12,25.00000450875728,24.204545660152363,1.1271893197333964e-05,50,0,0,1,0.5454545454545454,MEDIUM
CUST002433,14,10,25.000000920949432,24.500000343809486,7.844441972582191e-06,50,0,0,1,0.7142857142857143,MEDIUM
CUST002183,21,11,25.000000881850113,24.166666709191627,2.2046252860538997e-06,50,0,0,1,0.5238095238095238,MEDIUM
CUST003326,21,10,25.000000784526723,24.08333349626926,6.539799759993519e-06,50,0,0,1,0.47619047619047616,MEDIUM
CUST003586,28,9,25.00000009673954,23.812500183224927,1.0658757284848193e-05,50,0,0,1,0.32142857142857145,MEDIUM
CUST001427,22,10,25.00000002172435,24.045454651957144,5.8028093063451145e-06,50,0,0,1,0.45454545454545453,MEDIUM
CUST002884,21,13,25.000000012653636,24.333333347631896,5.329878216705605e-07,50,0,0,1,0.6190476190476191,MEDIUM
CUST002683,24,13,25.000000005335494,24.19791679971068,6.14946667366406e-06,50,0,0,1,0.5416666666666666,MEDIUM
CUST001414,17,12,25.000000002452115,24.48529412193036,1.7559974210281919e-07,50,0,0,1,0.7058823529411765,MEDIUM
CUST001230,21,12,25.000000000569543,24.250000690274533,3.6223921620693426e-05,50,0,0,1,0.5714285714285714,MEDIUM
CUST000323,24,10,25.000000000211447,23.979166668843018,1.2973175665094202e-07,50,0,0,1,0.4166666666666667,MEDIUM
CUST004579,22,12,25.000000000054175,24.204545467819546,4.5598759900836135e-07,50,0,0,1,0.5454545454545454,MEDIUM
CUST001436,14,9,25.00000000004728,24.375000000588127,2.0396048430255668e-08,50,0,0,1,0.6428571428571429,MEDIUM
CUST001571,16,8,25.000000000004874,24.125000006727113,2.648787321287479e-07,50,0,0,1,0.5,MEDIUM
CUST004581,22,0,24.50037472820471,12.329562498118912,0.000936820511776075,70,0,0,0,0.0,LOW
CUST000293,29,0,24.50031807762481,11.827597184044297,0.0007951940620327517,70,0,0,0,0.0,LOW
CUST003611,22,0,24.500115621431025,12.01147386953876,0.005773649547806143,70,0,0,0,0.0,LOW
CUST000850,25,0,24.50006258933114,12.390011917289483,0.0005883498521726416,70,0,0,0,0.0,LOW
CUST000384,24,0,24.500053175918342,12.031252389041832,0.00013293979585302128,70,0,0,0,0.0,LOW
CUST004963,32,0,24.50004350647749,12.468758896819898,0.000547350707306126,70,0,0,0,0.0,LOW
CUST003548,27,0,24.50002924285118,12.833334605401156,7.310712795479452e-05,70,0,0,0,0.0,LOW
CUST002162,27,0,24.500014223466966,12.509277582599095,0.0011999673028245852,70,0,0,0,0.0,LOW
CUST002152,24,0,24.500008237001317,12.17708370078971,2.0592503297825215e-05,70,0,0,0,0.0,LOW
CUST004679,18,0,24.50000771975333,12.638889699262768,1.9299383324113065e-05,70,0,0,0,0.0,LOW
CUST001106,26,0,24.500002762195788,12.45193243469802,0.0006013455709989177,70,0,0,0,0.0,LOW
CUST002179,26,0,24.50000140480647,11.980769315634529,3.512016167941473e-06,70,0,0,0,0.0,LOW
CUST002009,37,0,24.50000104733625,12.391896509935892,0.00034354849896658945,70,0,0,0,0.0,LOW
CUST004166,34,0,24.500000798962454,12.095594982618685,0.0005411678694502865,70,0,0,0,0.0,LOW
CUST001997,26,0,24.50000064822861,12.04807694981513,1.6205715278807742e-06,70,0,0,0,0.0,LOW
CUST001348,26,0,24.500000631123438,12.250000068681784,2.676353880524884e-06,70,0,0,0,0.0,LOW
CUST001355,31,0,24.50000057425377,11.798387738572947,4.702016354639046e-05,70,0,0,0,0.0,LOW
CUST000280,25,0,24.500000544499976,12.670003005799607,0.0001826591076934858,70,0,0,0,0.0,LOW
CUST003333,23,0,24.500000425256715,12.173913204827242,8.202401353942237e-06,70,0,0,0,0.0,LOW
CUST004922,15,0,24.500000277042616,13.300000018469719,6.926065411534395e-07,70,0,0,0,0.0,LOW
CUST001827,18,0,24.50000023340167,12.152777791251367,5.835041795242034e-07,70,0,0,0,0.0,LOW
CUST002727,26,0,24.50000023192366,11.913461549346824,5.798091531248634e-07,70,0,0,0,0.0,LOW
CUST003659,26,0,24.50000020665865,12.048076931855125,5.166466237988481e-07,70,0,0,0,0.0,LOW
CUST000359,33,0,24.5000001675914,11.984848655681612,1.3667749095100164e-05,70,0,0,0,0.0,LOW
CUST003297,27,0,24.500000086871875,12.574096737466473,0.0015046339730444647,70,0,0,0,0.0,LOW
CUST003827,24,0,24.500000084258943,12.177083349738709,5.607670219635088e-07,70,0,0,0,0.0,LOW
CUST001410,30,0,24.500000061747986,12.250000299030479,2.2196757796816467e-05,70,0,0,0,0.0,LOW
CUST004100,23,0,24.500000027477583,12.326088192729264,5.456827348313694e-05,70,0,0,0,0.0,LOW
CUST002462,15,0,24.500000023383464,14.116666668229481,5.8458659164661837e-08,70,0,0,0,0.0,LOW
CUST003596,23,0,24.500000020925967,12.554347828912384,5.231491781055758e-08,70,0,0,0,0.0,LOW
CUST001251,26,0,24.50000001213667,12.721153862722206,9.87686164832359e-07,70,0,0,0,0.0,LOW
CUST003637,32,0,24.50000001098449,12.523438989480393,0.00011728211513691306,70,0,0,0,0.0,LOW
CUST003222,27,0,24.500000007332815,12.444444444995217,1.8332042150132754e-08,70,0,0,0,0.0,LOW
CUST001300,24,0,24.500000005580826,12.541666935236146,1.608618937714986e-05,70,0,0,0,0.0,LOW
CUST000975,28,0,24.50000000484431,12.062500041890507,2.60095246043801e-06,70,0,0,0,0.0,LOW
CUST003165,24,0,24.500000004554824,12.323104411209238,0.01126464262748,70,0,0,0,0.0,LOW
CUST000938,19,0,24.500000002366043,13.263158954320657,5.015721730066708e-05,70,0,0,0,0.0,LOW
CUST001822,23,0,24.500000002045947,12.09782608880654,5.792295109388049e-08,70,0,0,0,0.0,LOW
CUST004242,21,0,24.500000001769713,12.166668370661048,8.938185496469323e-05,70,0,0,0,0.0,LOW
CUST000636,20,0,24.500000000774836,11.987508591194617,0.0004295317142282491,70,0,0,0,0.0,LOW
CUST002345,23,0,24.500000000770477,12.40217392521215,6.715289192914448e-07,70,0,0,0,0.0,LOW
CUST001705,32,0,24.50000000072835,12.414154458079013,0.007277778259295264,70,0,0,0,0.0,LOW
CUST002724,20,0,24.500000000147686,12.075000014406958,6.18412477390039e-07,70,0,0,0,0.0,LOW
CUST000171,22,0,24.5,12.88639107250335,0.001167455378517072,70,0,0,0,0.0,LOW
CUST000199,21,0,24.5,12.000000740936239,3.854329250619585e-05,70,0,0,0,0.0,LOW
CUST000229,26,0,24.5,12.182692341824751,2.117472847904792e-06,70,0,0,0,0.0,LOW
CUST000282,27,0,24.5,12.185185365472996,1.1166762889961955e-05,70,0,0,0,0.0,LOW
CUST000344,15,0,24.5,12.48333433710967,3.764156956779225e-05,70,0,0,0,0.0,LOW
CUST000379,21,0,24.5,12.583333333958379,3.1768178833847544e-08,70,0,0,0,0.0,LOW
CUST000394,19,0,24.5,12.618421052647946,6.391558875866857e-10,70,0,0,0,0.0,LOW
CUST000419,33,0,24.5,12.196969824640547,1.0290869668119982e-05,70,0,0,0,0.0,LOW
CUST000439,18,0,24.5,12.63888888888889,0.0,70,0,0,0,0.0,LOW
CUST000451,24,0,24.5,12.322916775714019,6.529207149777039e-06,70,0,0,0,0.0,LOW
CUST000455,26,0,24.5,12.721153860788071,8.218618873383211e-07,70,0,0,0,0.0,LOW
CUST000470,25,0,24.5,12.320000002211291,1.2884299271714268e-07,70,0,0,0,0.0,LOW
CUST000505,23,0,24.5,12.173992577205594,0.004570036803495197,70,0,0,0,0.0,LOW
CUST000517,18,0,24.5,13.125,0.0,70,0,0,0,0.0,LOW
CUST000526,35,0,24.5,12.50000001161257,6.403196906937237e-07,70,0,0,0,0.0,LOW
CUST000571,26,0,24.5,12.182692424729652,5.24343582593371e-06,70,0,0,0,0.0,LOW
CUST000576,23,0,24.5,12.706521739152503,1.0276061653886815e-09,70,0,0,0,0.0,LOW
CUST000652,27,0,24.5,12.509264074582648,0.0003249239085273854,70,0,0,0,0.0,LOW
CUST000661,26,0,24.5,12.182692364111055,3.6670120406013975e-06,70,0,0,0,0.0,LOW
CUST000715,23,0,24.5,12.326086961697502,1.4573555281604622e-07,70,0,0,0,0.0,LOW
CUST000730,20,0,24.5,12.600000000000652,3.25619303486096e-11,70,0,0,0,0.0,LOW
CUST000757,25,0,24.5,11.970000000367484,2.07547385546012e-08,70,0,0,0,0.0,LOW
CUST000888,20,0,24.5,12.33750057894996,2.894747901706164e-05,70,0,0,0,0.0,LOW
CUST000906,23,0,24.5,12.250001706933778,8.200493264321371e-05,70,0,0,0,0.0,LOW
CUST000917,30,0,24.5,12.308346636334669,0.0009871744791831367,70,0,0,0,0.0,LOW
CUST000926,26,0,24.5,13.259616202140112,4.962142258846062e-05,70,0,0,0,0.0,LOW
CUST000958,19,0,24.5,12.894737516259363,3.116456659251233e-05,70,0,0,0,0.0,LOW
CUST000977,19,0,24.5,12.710526315822273,1.1187794284924094e-09,70,0,0,0,0.0,LOW
CUST001049,33,0,24.5,12.674242673329228,1.9784190533645307e-05,70,0,0,0,0.0,LOW
CUST001056,30,0,24.5,11.666666670009366,2.3426200771122102e-07,70,0,0,0,0.0,LOW
CUST001081,25,0,24.5,12.460000049846682,2.843643623302565e-06,70,0,0,0,0.0,LOW
CUST001098,22,0,24.5,12.409099552072831,0.0003732268658164921,70,0,0,0,0.0,LOW
CUST001115,26,0,24.5,12.182692308746235,4.043580817354504e-08,70,0,0,0,0.0,LOW
CUST001177,36,0,24.5,12.201389170859528,2.4172555504339456e-05,70,0,0,0,0.0,LOW
CUST001225,24,0,24.5,13.343763686481815,0.0008211863327479777,70,0,0,0,0.0,LOW
CUST001249,19,0,24.5,12.434211312187278,3.697998370616761e-05,70,0,0,0,0.0,LOW
CUST001283,25,0,24.5,12.600000021036935,1.29392837830188e-06,70,0,0,0,0.0,LOW
CUST001318,21,0,24.5,12.416667248969569,3.051888433870694e-05,70,0,0,0,0.0,LOW
CUST001334,25,0,24.5,12.740000020669894,7.109787975344113e-07,70,0,0,0,0.0,LOW
CUST001359,23,0,24.5,12.40230087888956,0.007225226314252622,70,0,0,0,0.0,LOW
CUST001366,31,0,24.5,12.475806619449045,1.2742678808791338e-05,70,0,0,0,0.0,LOW
CUST001396,22,0,24.5,11.772727272800596,4.032801476809619e-09,70,0,0,0,0.0,LOW
CUST001403,24,0,24.5,12.395834239135375,5.0685481777214125e-05,70,0,0,0,0.0,LOW
CUST001412,21,0,24.5,12.833333379569565,2.308006824267009e-06,70,0,0,0,0.0,LOW
CUST001419,20,0,24.5,12.075000957810808,4.78905403569437e-05,70,0,0,0,0.0,LOW
CUST001446,26,0,24.5,12.384615407705,1.500809732011701e-06,70,0,0,0,0.0,LOW
CUST001518,21,0,24.5,13.000000880805079,4.2945486461779174e-05,70,0,0,0,0.0,LOW
CUST001558,28,0,24.5,11.875000531661103,3.706306615270288e-05,70,0,0,0,0.0,LOW
CUST001599,21,0,24.5,12.333337836551621,0.00023641895761480398,70,0,0,0,0.0,LOW
CUST001696,38,0,24.5,12.342252259807623,0.01331948373054,70,0,0,0,0.0,LOW
CUST001763,33,0,24.5,12.303030979172766,5.5480780646613084e-05,70,0,0,0,0.0,LOW
CUST001778,31,0,24.5,12.645162019638706,4.523719821567805e-05,70,0,0,0,0.0,LOW
CUST001789,25,0,24.5,12.600000529733936,3.310453484548977e-05,70,0,0,0,0.0,LOW
CUST001791,22,0,24.5,11.852279771439951,0.00038683127017492065,70,0,0,0,0.0,LOW
CUST001824,24,0,24.5,12.031250000795872,4.7730039142370106e-08,70,0,0,0,0.0,LOW
CUST001825,26,0,24.5,12.317307752563504,3.7743950319890114e-06,70,0,0,0,0.0,LOW
CUST001826,22,0,24.5,13.125000000269948,1.4847102608705328e-08,70,0,0,0,0.0,LOW
CUST001836,22,0,24.5,13.284090913259535,2.29274322647405e-07,70,0,0,0,0.0,LOW
CUST001843,29,0,24.5,12.1293107144373,2.5744094075213253e-05,70,0,0,0,0.0,LOW
CUST001867,23,0,24.5,12.09782623554946,7.572137183703892e-06,70,0,0,0,0.0,LOW
CUST001894,24,0,24.5,12.322916704089016,2.0341900752726413e-06,70,0,0,0,0.0,LOW
CUST001935,27,0,24.5,11.925925944252686,1.198495135146412e-06,70,0,0,0,0.0,LOW
CUST001936,22,0,24.5,11.931818250933652,3.6619731810132563e-06,70,0,0,0,0.0,LOW
CUST001950,31,0,24.5,12.306451977246802,2.7402767378410347e-05,70,0,0,0,0.0,LOW
CUST001957,27,0,24.5,12.185186400746993,8.16500962157992e-05,70,0,0,0,0.0,LOW
CUST001984,27,0,24.5,12.703703707074997,2.0583790870620806e-07,70,0,0,0,0.0,LOW
CUST002021,23,0,24.5,12.097828270827916,0.00012557260514795498,70,0,0,0,0.0,LOW
CUST002031,34,0,24.5,12.352941251097713,6.062733870625874e-06,70,0,0,0,0.0,LOW
CUST002094,18,0,24.5,12.541669708012599,0.00013267670614262845,70,0,0,0,0.0,LOW
CUST002118,22,0,24.5,12.409091998918422,5.0272522675864526e-05,70,0,0,0,0.0,LOW
CUST002191,30,0,24.5,12.425005475355553,0.00041026670568587595,70,0,0,0,0.0,LOW
CUST002210,21,0,24.5,12.75001003778877,0.0005269396966638767,70,0,0,0,0.0,LOW
CUST002217,23,0,24.5,12.554347869826838,1.864516542658431e-06,70,0,0,0,0.0,LOW
CUST002252,19,0,24.5,12.526315794289175,1.13442331807057e-07,70,0,0,0,0.0,LOW
CUST002282,27,0,24.5,12.638890694820784,0.00011114277070742389,70,0,0,0,0.0,LOW
CUST002299,24,0,24.5,12.250000000595241,2.3260300313340335e-08,70,0,0,0,0.0,LOW
CUST002303,34,0,24.5,12.14705883089625,2.843453975424774e-07,70,0,0,0,0.0,LOW
CUST002333,30,0,24.5,12.016667043048788,1.6104878094580555e-05,70,0,0,0,0.0,LOW
CUST002403,35,0,24.5,12.60000034668538,1.2609488020641616e-05,70,0,0,0,0.0,LOW
CUST002466,21,0,24.5,12.666666749314809,3.4676440369826244e-06,70,0,0,0,0.0,LOW
CUST002516,21,0,24.5,12.33333337767481,2.098742309595993e-06,70,0,0,0,0.0,LOW
CUST002582,24,0,24.5,12.031287702529795,0.0022212120214051686,70,0,0,0,0.0,LOW
CUST002605,26,0,24.5,12.250000005093337,3.3106688176739827e-07,70,0,0,0,0.0,LOW
CUST002662,31,0,24.5,12.080665178812696,0.0015368158048945733,70,0,0,0,0.0,LOW
CUST002666,22,0,24.5,12.250000001388578,7.42307009968906e-08,70,0,0,0,0.0,LOW
CUST002723,23,0,24.5,12.250000183073716,6.1198630377440245e-06,70,0,0,0,0.0,LOW
CUST002736,21,0,24.5,12.750000584361809,1.7836720337216213e-05,70,0,0,0,0.0,LOW
CUST002798,24,0,24.5,12.541666673173589,3.2929922928770837e-07,70,0,0,0,0.0,LOW
CUST002809,18,0,24.5,12.638889297099366,1.215605939662192e-05,70,0,0,0,0.0,LOW
CUST002867,22,0,24.5,12.488636369859075,3.37232840170768e-07,70,0,0,0,0.0,LOW
CUST002888,22,0,24.5,12.647727279839906,3.907571104382278e-07,70,0,0,0,0.0,LOW
CUST002889,23,0,24.5,12.706521739362042,6.582304277609904e-09,70,0,0,0,0.0,LOW
CUST002990,23,0,24.5,12.250000002799732,1.459655766519171e-07,70,0,0,0,0.0,LOW
CUST003041,25,0,24.5,12.320000017473864,1.086350199475755e-06,70,0,0,0,0.0,LOW
CUST003056,21,0,24.5,12.416667843460898,5.1987994602203415e-05,70,0,0,0,0.0,LOW
CUST003082,24,0,24.5,11.958334604176494,7.175249389002754e-05,70,0,0,0,0.0,LOW
CUST003093,17,0,24.5,12.55882906359524,0.00023520279767309305,70,0,0,0,0.0,LOW
CUST003146,25,0,24.5,12.460000000045014,1.9047577360811014e-09,70,0,0,0,0.0,LOW
CUST003168,19,0,24.5,12.710526323767631,3.633114036371563e-07,70,0,0,0,0.0,LOW
CUST003172,27,0,24.5,12.444445139992752,3.209514544032171e-05,70,0,0,0,0.0,LOW
CUST003182,21,0,24.5,12.333333528810783,1.0258577797327113e-05,70,0,0,0,0.0,LOW
CUST003202,26,0,24.5,12.451923078025866,6.70377486368023e-08,70,0,0,0,0.0,LOW
CUST003285,19,0,24.5,12.434210604093943,3.3595647523776247e-06,70,0,0,0,0.0,LOW
CUST003402,27,0,24.5,12.444446568846521,0.0001369569132924884,70,0,0,0,0.0,LOW
CUST003453,27,0,24.5,12.055555555865233,2.070211771661651e-08,70,0,0,0,0.0,LOW
CUST003455,22,0,24.5,12.647734161430352,0.0003742884955026959,70,0,0,0,0.0,LOW
CUST003520,30,0,24.5,12.483333789427292,1.875912152540469e-05,70,0,0,0,0.0,LOW
CUST003552,23,0,24.5,12.478262024497925,4.7465671297664484e-05,70,0,0,0,0.0,LOW
CUST003561,25,0,24.5,12.60000886023688,0.0005391485426102957,70,0,0,0,0.0,LOW
CUST003571,31,0,24.5,12.588709762421141,6.0760849476613945e-06,70,0,0,0,0.0,LOW
CUST003580,19,0,24.5,12.065789475127735,3.4947671904554466e-08,70,0,0,0,0.0,LOW
CUST003583,23,0,24.5,12.250000023732532,1.2057601553511233e-06,70,0,0,0,0.0,LOW
CUST003617,30,0,24.5,12.250000000025477,1.9107869396237807e-09,70,0,0,0,0.0,LOW
CUST003647,17,0,24.5,12.764708922069465,0.00012918792571492568,70,0,0,0,0.0,LOW
CUST003661,25,0,24.5,12.460000257200933,1.4670750779019693e-05,70,0,0,0,0.0,LOW
CUST003667,15,0,24.5,12.716701344795416,0.0012999051636748144,70,0,0,0,0.0,LOW
CUST003692,36,0,24.5,12.541670370376833,0.0003317625878834161,70,0,0,0,0.0,LOW
CUST003762,20,0,24.5,12.425000133556768,6.487260989394044e-06,70,0,0,0,0.0,LOW
CUST003791,28,0,24.5,12.250000556569,3.725693644313906e-05,70,0,0,0,0.0,LOW
CUST003834,30,0,24.5,12.075005548602297,0.0004070106332038348,70,0,0,0,0.0,LOW
CUST003840,31,0,24.5,11.967752059325742,0.0007817005352959915,70,0,0,0,0.0,LOW
CUST003860,29,0,24.5,12.31034533334444,3.662295791175785e-05,70,0,0,0,0.0,LOW
CUST003866,25,0,24.5,12.180000004730424,2.852434214694945e-07,70,0,0,0,0.0,LOW
CUST003941,16,0,24.5,12.359375000394087,1.4246689728178968e-08,70,0,0,0,0.0,LOW
CUST004050,27,0,24.5,11.990756050068686,0.0007502979311197419,70,0,0,0,0.0,LOW
CUST004194,29,0,24.5,12.370690178488633,1.8330577108593416e-05,70,0,0,0,0.0,LOW
CUST004217,28,0,24.5,12.500001621427012,9.121322070940157e-05,70,0,0,0,0.0,LOW
CUST004221,21,0,24.5,12.500000009630721,3.51858816648147e-07,70,0,0,0,0.0,LOW
CUST004322,26,0,24.5,12.250000057753708,2.4701912689423815e-06,70,0,0,0,0.0,LOW
CUST004353,29,0,24.5,12.250000891233014,6.443111475479495e-05,70,0,0,0,0.0,LOW
CUST004404,24,0,24.5,12.03125141283718,8.47225361131641e-05,70,0,0,0,0.0,LOW
CUST004414,22,0,24.5,12.329545479570935,1.3597562881889838e-06,70,0,0,0,0.0,LOW
CUST004433,24,0,24.5,12.541666667226016,3.349634082432761e-08,70,0,0,0,0.0,LOW
CUST004460,36,0,24.5,12.298611140926392,1.7284995238240365e-06,70,0,0,0,0.0,LOW
CUST004462,28,0,24.5,12.562500041014927,2.0959362580490798e-06,70,0,0,0,0.0,LOW
CUST004489,27,0,24.5,12.2500000878514,4.586319633064653e-06,70,0,0,0,0.0,LOW
CUST004510,28,0,24.5,12.43750073512052,4.89955966239584e-05,70,0,0,0,0.0,LOW
CUST004529,17,0,24.5,12.352941177447626,2.2724006722175358e-08,70,0,0,0,0.0,LOW
CUST004531,20,0,24.5,12.600000099770943,4.777582051917325e-06,70,0,0,0,0.0,LOW
CUST004544,24,0,24.5,12.833333334442363,3.18590977118489e-08,70,0,0,0,0.0,LOW
CUST004553,24,0,24.5,12.250000595796834,1.4238572952159846e-05,70,0,0,0,0.0,LOW
CUST004568,18,0,24.5,12.541666738922721,3.245877100226899e-06,70,0,0,0,0.0,LOW
CUST004569,26,0,24.5,12.721153950249771,3.6925414651410265e-06,70,0,0,0,0.0,LOW
CUST004587,25,0,24.5,11.970000716218456,3.266762563594827e-05,70,0,0,0,0.0,LOW
CUST004588,27,0,24.5,12.379640855088494,0.0007576131742957855,70,0,0,0,0.0,LOW
CUST004599,23,0,24.5,12.402173913051923,4.189617989033715e-10,70,0,0,0,0.0,LOW
CUST004612,20,0,24.5,13.03750012351362,6.0152962201353085e-06,70,0,0,0,0.0,LOW
CUST004614,32,0,24.5,12.304687566425118,3.7344465427279298e-06,70,0,0,0,0.0,LOW
CUST004631,23,0,24.5,12.09783250324847,0.00036869947690057714,70,0,0,0,0.0,LOW
CUST004691,37,0,24.5,12.770271062717974,2.720471462193964e-05,70,0,0,0,0.0,LOW
CUST004697,26,0,24.5,12.721169018109986,0.0009010129827736436,70,0,0,0,0.0,LOW
CUST004699,31,0,24.5,12.419355001615896,1.2520453083928652e-05,70,0,0,0,0.0,LOW
CUST004705,29,0,24.5,12.551735710559095,0.0008314355105740315,70,0,0,0,0.0,LOW
CUST004789,21,0,24.5,12.16666667535306,2.4468758918439224e-07,70,0,0,0,0.0,LOW
CUST004811,23,0,24.5,12.097826108191777,1.2209005709156418e-06,70,0,0,0,0.0,LOW
CUST004813,31,0,24.5,12.193548541308681,9.929923479512884e-06,70,0,0,0,0.0,LOW
CUST004817,25,0,24.5,11.830003391964633,0.0002107558770151209,70,0,0,0,0.0,LOW
CUST004839,31,0,24.5,12.080794383328136,0.01153688674007,70,0,0,0,0.0,LOW
CUST004876,22,0,24.5,12.727276036864579,0.0001548377823037017,70,0,0,0,0.0,LOW
CUST004903,25,0,24.5,12.180000033267786,9.863110758913476e-07,70,0,0,0,0.0,LOW
CUST004910,20,0,24.5,13.037500000000458,2.288142577964403e-11,70,0,0,0,0.0,LOW
CUST004942,25,0,24.5,12.250016140065158,0.0009703062481459624,70,0,0,0,0.0,LOW
CUST004953,21,0,24.5,12.50000402927754,0.00020802561436087763,70,0,0,0,0.0,LOW
CUST003478,28,0,22.75497541677103,12.812678491927675,0.01243854192757,65,0,0,0,0.0,LOW
CUST000687,31,0,22.751249690709102,12.47617732547675,0.02559782120108,65,0,0,0,0.0,LOW
CUST000963,31,0,22.750764448435255,12.08067603321315,0.0019111210881341283,65,0,0,0,0.0,LOW
CUST004764,21,0,22.750365801072974,12.000017428232557,0.0009145026824336658,65,0,0,0,0.0,LOW
CUST001855,26,0,22.7501417424628,11.980774884605726,0.0003543561570073351,65,0,0,0,0.0,LOW
CUST002022,29,0,22.750043231042795,12.37069518209616,0.00029259481281457126,65,0,0,0,0.0,LOW
CUST004236,29,0,22.750018078835357,12.129311999547713,6.119871214530748e-05,65,0,0,0,0.0,LOW
CUST003799,33,0,22.750007719667003,11.984848822562771,1.9299167511835406e-05,65,0,0,0,0.0,LOW
CUST004297,30,0,22.75000724033512,11.666666908419138,1.810083779697186e-05,65,0,0,0,0.0,LOW
CUST004151,19,0,22.750004757786506,12.157894987577714,1.1894466263767496e-05,65,0,0,0,0.0,LOW
CUST000537,21,0,22.750001464908333,12.166666737901446,3.66227083000799e-06,65,0,0,0,0.0,LOW
CUST000478,29,0,22.750000930790474,11.706896927011842,1.4443214493174868e-05,65,0,0,0,0.0,LOW
CUST002879,26,0,22.750000900085233,12.182693496656462,4.0540566327486535e-05,65,0,0,0,0.0,LOW
CUST001520,31,0,22.750000855121318,11.798387377042186,1.958158436075083e-05,65,0,0,0,0.0,LOW
CUST002571,25,0,22.750000781393688,12.390050099461593,0.0031265228560567308,65,0,0,0,0.0,LOW
CUST004526,29,0,22.75000041216682,12.551724189219852,2.22267286282498e-06,65,0,0,0,0.0,LOW
CUST001744,23,0,22.75000029069247,12.250002268358791,0.00011131586523248737,65,0,0,0,0.0,LOW
CUST001895,19,0,22.750000232415328,12.434210737207046,6.468808162039019e-06,65,0,0,0,0.0,LOW
CUST001782,30,0,22.75000020353163,11.958334664473945,9.932671687184665e-05,65,0,0,0,0.0,LOW
CUST001026,20,0,22.750000200998283,12.07500044165376,2.1550392148834603e-05,65,0,0,0,0.0,LOW
CUST003417,32,0,22.750000140165273,12.140625056011256,3.6180865455712665e-06,65,0,0,0,0.0,LOW
CUST001672,28,0,22.750000095398,11.937500003728564,2.3849500508435814e-07,65,0,0,0,0.0,LOW
CUST001493,22,0,22.750000086906923,12.090909364610532,1.4741871200767231e-05,65,0,0,0,0.0,LOW
CUST004270,25,0,22.75000007960157,12.600000131491745,4.717487247045119e-06,65,0,0,0,0.0,LOW
CUST003973,23,0,22.750000028890465,12.782612613061513,0.0002250811964637673,65,0,0,0,0.0,LOW
CUST001975,23,0,22.750000025925306,12.478260877908133,4.1490439394506805e-07,65,0,0,0,0.0,LOW
CUST002699,26,0,22.750000023484585,12.519230779620047,4.7207620272625236e-07,65,0,0,0,0.0,LOW
CUST004800,21,0,22.750000015840868,12.333333344890388,4.2013941363015375e-07,65,0,0,0,0.0,LOW
CUST000188,24,0,22.75,12.104166667903725,6.592030487333341e-08,65,0,0,0,0.0,LOW
CUST000235,19,0,22.75,12.434210528846206,7.369030426110186e-08,65,0,0,0,0.0,LOW
CUST000239,20,0,22.75,12.337500131133481,6.541177672841633e-06,65,0,0,0,0.0,LOW
CUST000246,23,0,22.75,11.8695687821864,0.00020495531232110593,65,0,0,0,0.0,LOW
CUST000252,19,0,22.75,12.52631578951443,1.903250310919788e-09,65,0,0,0,0.0,LOW
CUST000261,24,0,22.75,12.395833618925968,1.651059081728803e-05,65,0,0,0,0.0,LOW
CUST000270,24,0,22.75,12.031250002373215,1.0436953721813642e-07,65,0,0,0,0.0,LOW
CUST000304,29,0,22.75,12.431034712132462,1.662472874316056e-05,65,0,0,0,0.0,LOW
CUST000307,25,0,22.75,12.320000026824989,1.587613636739878e-06,65,0,0,0,0.0,LOW
CUST000327,27,0,22.75,11.990740783069187,8.473576692277899e-07,65,0,0,0,0.0,LOW
CUST000332,20,0,22.75,12.250000012269359,5.793516899426244e-07,65,0,0,0,0.0,LOW
CUST000371,20,0,22.75,12.425003709057384,0.000185451952416447,65,0,0,0,0.0,LOW
CUST000401,33,0,22.75,12.144463129431431,0.04316511376109,65,0,0,0,0.0,LOW
CUST000566,21,0,22.75,12.416671991987647,0.0002795752937319142,65,0,0,0,0.0,LOW
CUST000754,25,0,22.75,12.110000001814804,8.802551535490351e-08,65,0,0,0,0.0,LOW
CUST000853,20,0,22.75,12.4250000000179,6.731555829672622e-10,65,0,0,0,0.0,LOW
CUST000916,30,0,22.75,12.07500175275942,8.421969353033483e-05,65,0,0,0,0.0,LOW
CUST000924,33,0,22.75,11.931823295484508,0.00042055437691495705,65,0,0,0,0.0,LOW
CUST000951,26,0,22.75,11.98076926037017,1.8901631644693165e-06,65,0,0,0,0.0,LOW
CUST001013,24,0,22.75,12.250005523699686,0.00033051186333351527,65,0,0,0,0.0,LOW
CUST001075,24,0,22.75,11.666666673658165,2.9211436660742384e-07,65,0,0,0,0.0,LOW
CUST001091,39,0,22.75,11.846154144065727,2.650424923690291e-05,65,0,0,0,0.0,LOW
CUST001119,20,0,22.75,12.250000002804967,1.4019230661622175e-07,65,0,0,0,0.0,LOW
CUST001152,21,0,22.75,12.166667074593803,1.6373029350109478e-05,65,0,0,0,0.0,LOW
CUST001210,24,0,22.75,12.250000066073504,3.958471346020537e-06,65,0,0,0,0.0,LOW
CUST001269,25,0,22.75,12.110000010481828,4.1992168404765364e-07,65,0,0,0,0.0,LOW
CUST001279,28,0,22.75,12.000000088142798,5.236254490601933e-06,65,0,0,0,0.0,LOW
CUST001380,30,0,22.75,12.483333372999956,2.9666386155449942e-06,65,0,0,0,0.0,LOW
CUST001424,28,0,22.75,12.437500254271907,6.088781682228638e-06,65,0,0,0,0.0,LOW
CUST001431,20,0,22.75,11.987500008286665,3.9255100404960743e-07,65,0,0,0,0.0,LOW
CUST001545,19,0,22.75,12.802631578950033,1.2654716463340819e-10,65,0,0,0,0.0,LOW
CUST001563,26,0,22.75,12.182692307814609,6.944677564200484e-09,65,0,0,0,0.0,LOW
CUST001592,25,0,22.75,12.180000011929977,6.495776672518931e-07,65,0,0,0,0.0,LOW
CUST001646,17,0,22.75,12.14707408567383,0.0006041686788430332,65,0,0,0,0.0,LOW
CUST001698,24,0,22.75,12.32291852733846,0.0001030545040181515,65,0,0,0,0.0,LOW
CUST001737,28,0,22.75,12.375003726000063,0.00026019716124747353,65,0,0,0,0.0,LOW
CUST001798,25,0,22.75,12.320000003982905,1.4570807820853034e-07,65,0,0,0,0.0,LOW
CUST001815,20,0,22.75,11.812500535553221,1.4475548024148784e-05,65,0,0,0,0.0,LOW
CUST001837,24,0,22.75,12.322916666709295,1.5993514534566334e-09,65,0,0,0,0.0,LOW
CUST001848,20,0,22.75,12.512500013512827,6.706702966956666e-07,65,0,0,0,0.0,LOW
CUST001851,31,0,22.75,12.080653030283138,0.0006088924943122183,65,0,0,0,0.0,LOW
CUST001949,24,0,22.75,11.885416667070594,1.8465231502559e-08,65,0,0,0,0.0,LOW
CUST001958,32,0,22.75,12.359400714061946,0.002034971290394776,65,0,0,0,0.0,LOW
CUST002045,22,0,22.75,12.490529453376432,0.09359687436693999,65,0,0,0,0.0,LOW
CUST002066,17,0,22.75,12.044117648526472,3.221377386944333e-08,65,0,0,0,0.0,LOW
CUST002133,20,0,22.75,12.075000000001578,7.894331617106514e-11,65,0,0,0,0.0,LOW
CUST002141,24,0,22.75,12.322916697403711,1.3892210138023431e-06,65,0,0,0,0.0,LOW
CUST002325,24,0,22.75,12.104166666675516,5.016906649038313e-10,65,0,0,0,0.0,LOW
CUST002337,24,0,22.75,11.812509209288294,0.0005260609120232223,65,0,0,0,0.0,LOW
CUST002363,19,0,22.75,12.894736842735668,2.2732184650079133e-08,65,0,0,0,0.0,LOW
CUST002377,24,0,22.75,12.031251583191505,9.027159388076908e-05,65,0,0,0,0.0,LOW
CUST002381,20,0,22.75,12.33750001346267,6.718398988366031e-07,65,0,0,0,0.0,LOW
CUST002427,30,0,22.75,12.250024078650597,0.0010208794522606564,65,0,0,0,0.0,LOW
CUST002489,27,0,22.75,12.44444444474461,1.0341229447716127e-08,65,0,0,0,0.0,LOW
CUST002500,25,0,22.75,12.60000154132876,4.807981053833921e-05,65,0,0,0,0.0,LOW
CUST002554,27,0,22.75,12.120370390242146,1.0347636568761407e-06,65,0,0,0,0.0,LOW
CUST002564,15,0,22.75,13.066666666989446,1.1991660403393019e-08,65,0,0,0,0.0,LOW
CUST002655,28,0,22.75,12.062500000147265,6.507715976139856e-09,65,0,0,0,0.0,LOW
CUST002663,17,0,22.75,12.661764706062016,7.109955681821676e-09,65,0,0,0,0.0,LOW
CUST002671,25,0,22.75,12.110025050040578,0.0015646461963569908,65,0,0,0,0.0,LOW
CUST002747,27,0,22.75,12.120374862016675,0.0003026202859219802,65,0,0,0,0.0,LOW
CUST002788,25,0,22.75,11.90000002277033,1.0051144351411653e-06,65,0,0,0,0.0,LOW
CUST002811,26,0,22.75,12.182692308933772,6.839519078440518e-08,65,0,0,0,0.0,LOW
CUST002823,33,0,22.75,12.196969697398316,3.5360873904823475e-08,65,0,0,0,0.0,LOW
CUST002836,22,0,22.75,11.931818902487931,3.89240104970647e-05,65,0,0,0,0.0,LOW
CUST002886,26,0,22.75,12.048076952860969,1.7196658321463183e-06,65,0,0,0,0.0,LOW
CUST002998,38,0,22.75,11.927650200489225,0.0008829885562502198,65,0,0,0,0.0,LOW
CUST003072,30,0,22.75,12.658333333353662,1.344803256083407e-09,65,0,0,0,0.0,LOW
CUST003083,22,0,22.75,12.40909090929761,5.615336058537283e-09,65,0,0,0,0.0,LOW
CUST003088,22,0,22.75,12.170454548506871,1.2854725540227891e-07,65,0,0,0,0.0,LOW
CUST003160,24,0,22.75,12.17708368225952,2.073080671300813e-05,65,0,0,0,0.0,LOW
CUST003179,24,0,22.75,12.760455093872302,0.002303338958362929,65,0,0,0,0.0,LOW
CUST003185,26,0,22.75,11.778846157188697,2.1387815423537707e-07,65,0,0,0,0.0,LOW
CUST003191,32,0,22.75,12.523437900362412,3.199352527491657e-05,65,0,0,0,0.0,LOW
CUST003197,32,0,22.75,12.304819950190986,0.01052982743799,65,0,0,0,0.0,LOW
CUST003203,25,0,22.75,11.970000011411319,7.131606020140287e-07,65,0,0,0,0.0,LOW
CUST003207,31,0,22.75,11.967741950199112,6.018810900644389e-07,65,0,0,0,0.0,LOW
CUST003212,21,0,22.75,11.75000033139386,1.7312121643926556e-05,65,0,0,0,0.0,LOW
CUST003260,27,0,22.75,12.185262695554172,0.005199645550618034,65,0,0,0,0.0,LOW
CUST003320,25,0,22.75,12.040016570663354,0.001035468354280683,65,0,0,0,0.0,LOW
CUST003342,23,0,22.75,11.869565224894087,4.190220382187377e-07,65,0,0,0,0.0,LOW
CUST003452,26,0,22.75,12.519231282316328,2.973558841681828e-05,65,0,0,0,0.0,LOW
CUST003479,26,0,22.75,12.250000017498708,1.1297117549191343e-06,65,0,0,0,0.0,LOW
CUST003507,28,0,22.75,12.312559707954772,0.004178761923179852,65,0,0,0,0.0,LOW
CUST003544,28,0,22.75,12.250000134761367,9.418911111196472e-06,65,0,0,0,0.0,LOW
CUST003560,25,0,22.75,12.600000000213727,1.335780072981775e-08,65,0,0,0,0.0,LOW
CUST003658,27,0,22.75,12.185208216625066,0.001551423332295155,65,0,0,0,0.0,LOW
CUST003747,29,0,22.75,12.068965519351172,1.2327153791955285e-07,65,0,0,0,0.0,LOW
CUST003783,25,0,22.75,12.320000029500024,1.761323551251956e-06,65,0,0,0,0.0,LOW
CUST003785,25,0,22.75,11.83000834459504,0.0005143808689897935,65,0,0,0,0.0,LOW
CUST003892,29,0,22.75,12.189655178751101,3.0827736239556303e-07,65,0,0,0,0.0,LOW
CUST003907,26,0,22.75,12.384615392134098,3.9608715230963113e-07,65,0,0,0,0.0,LOW
CUST003926,25,0,22.75,12.11000013421326,8.387832697335605e-06,65,0,0,0,0.0,LOW
CUST003937,25,0,22.75,12.670000036938227,2.2971309502613984e-06,65,0,0,0,0.0,LOW
CUST003958,26,0,22.75,12.317307692444025,8.861618613927423e-09,65,0,0,0,0.0,LOW
CUST004046,34,0,22.75,12.558834159335916,0.0005818730616024561,65,0,0,0,0.0,LOW
CUST004092,24,0,22.75,12.469023862068179,0.01637534596565,65,0,0,0,0.0,LOW
CUST004097,30,0,22.75,12.19211612449138,0.029643503630130002,65,0,0,0,0.0,LOW
CUST004132,23,0,22.75,12.250000404690454,2.30996833386445e-05,65,0,0,0,0.0,LOW
CUST004212,26,0,22.75,12.182693635782142,8.489446965580449e-05,65,0,0,0,0.0,LOW
CUST004214,25,0,22.75,12.460000148375064,5.855734607356634e-06,65,0,0,0,0.0,LOW
CUST004274,30,0,22.75,11.900002651348608,0.00018832330018408024,65,0,0,0,0.0,LOW
CUST004283,26,0,22.75,12.115384628133665,8.282542652449285e-07,65,0,0,0,0.0,LOW
CUST004459,16,0,22.75,12.57812500069581,2.760154068771201e-08,65,0,0,0,0.0,LOW
CUST004485,24,0,22.75,12.468750365519478,2.082513124232963e-05,65,0,0,0,0.0,LOW
CUST004512,22,0,22.75,12.090909213087162,6.679892215512062e-06,65,0,0,0,0.0,LOW
CUST004535,31,0,22.75,12.080645223473546,4.2927471799037136e-06,65,0,0,0,0.0,LOW
CUST004538,21,0,22.75,12.416666666666961,1.5478419333589362e-11,65,0,0,0,0.0,LOW
CUST004560,27,0,22.75,11.990746945934358,0.0003611931448201384,65,0,0,0,0.0,LOW
CUST004563,29,0,22.75,11.827634967811719,0.0035329592265364463,65,0,0,0,0.0,LOW
CUST004582,24,0,22.75,12.32291727625907,3.655279436712934e-05,65,0,0,0,0.0,LOW
CUST004617,18,0,22.75,12.638889173331094,1.2796245479023206e-05,65,0,0,0,0.0,LOW
CUST004644,25,0,22.75,12.110000026700696,7.981853261934096e-07,65,0,0,0,0.0,LOW
CUST004673,29,0,22.75,11.706896713592938,8.617472711822918e-06,65,0,0,0,0.0,LOW
CUST004765,25,0,22.75,12.810013908620599,0.0008417696152495809,65,0,0,0,0.0,LOW
CUST004826,22,0,22.75,11.852279720978087,0.000272298494279504,65,0,0,0,0.0,LOW
CUST004827,26,0,22.75,12.250107087288823,0.006960513155624119,65,0,0,0,0.0,LOW
CUST004830,26,0,22.75,12.115384684643933,3.940591997990397e-06,65,0,0,0,0.0,LOW
CUST004871,32,0,22.75,11.539062533586012,1.848113915310181e-06,65,0,0,0,0.0,LOW
CUST004882,21,0,22.75,12.08333352790477,7.276595787448828e-06,65,0,0,0,0.0,LOW
CUST004901,30,0,22.75,11.95833381608059,3.596536645144041e-05,65,0,0,0,0.0,LOW
CUST004916,23,0,22.75,12.402187755096659,0.0007957043727125598,65,0,0,0,0.0,LOW
CUST004936,28,0,22.75,11.875000127280344,8.902188461229907e-06,65,0,0,0,0.0,LOW
CUST004961,26,0,22.75,12.384615478863946,6.1206033698484044e-06,65,0,0,0,0.0,LOW
CUST004999,29,0,22.75,12.068967016991339,9.56556958293398e-05,65,0,0,0,0.0,LOW
CUST003927,21,0,21.250000002776368,20.666666667387478,3.0843672380917337e-08,25,1,0,0,0.0,LOW
CUST001061,25,0,21.00063180486752,12.670025327928782,0.0015795121688021527,60,0,0,0,0.0,LOW
CUST002329,26,0,21.000004396285572,12.25000369689347,0.0001226858452095825,60,0,0,0,0.0,LOW
CUST004037,27,0,21.000002410435737,11.925926238754105,8.243094507153556e-06,60,0,0,0,0.0,LOW
CUST001064,26,0,21.000002318653923,12.855794450994333,0.0016335173681125074,60,0,0,0,0.0,LOW
CUST004696,24,0,21.000002040606475,12.03125033800623,1.5158053551231469e-05,60,0,0,0,0.0,LOW
CUST002596,26,0,21.000002022665427,12.384615510081193,5.056663563550552e-06,60,0,0,0,0.0,LOW
CUST004220,33,0,21.000000748257335,12.037888362603562,0.0007728679477397969,60,0,0,0,0.0,LOW
CUST003847,27,0,21.000000588252075,12.250000069292836,2.8180334816613724e-06,60,0,0,0,0.0,LOW
CUST002054,18,0,21.000000470967922,12.250000060831445,1.5599925475666873e-06,60,0,0,0,0.0,LOW
CUST003829,21,0,21.000000067190353,12.333333340003147,1.6797587891651922e-07,60,0,0,0,0.0,LOW
CUST002705,31,0,21.00000006322545,11.911339763702507,0.003831506513887839,60,0,0,0,0.0,LOW
CUST003016,24,0,21.000000021768315,11.812507327461924,0.0004322160193564107,60,0,0,0,0.0,LOW
CUST002484,37,0,21.00000001888377,12.013528957240949,0.0009688969510300491,60,0,0,0,0.0,LOW
CUST004780,21,0,21.00000000197962,12.7500000545708,1.5574380428958356e-06,60,0,0,0,0.0,LOW
CUST001537,25,0,21.000000000982542,12.110000009791257,5.128855452286191e-07,60,0,0,0,0.0,LOW
CUST004549,24,0,21.00000000066539,12.177084763969942,8.579312055303982e-05,60,0,0,0,0.0,LOW
CUST001335,31,0,21.000000000552824,12.024193819035684,2.012441046535541e-05,60,0,0,0,0.0,LOW
CUST004577,20,0,21.0000000003,12.337500241593876,9.771053193578601e-06,60,0,0,0,0.0,LOW
CUST002119,34,0,21.000000000120437,11.992647153600942,6.134076545740908e-06,60,0,0,0,0.0,LOW
CUST001746,22,0,21.00000000006981,11.852272727779608,2.7578197174924024e-08,60,0,0,0,0.0,LOW
CUST001523,27,0,21.000000000042505,11.990741466278356,4.897331495337729e-05,60,0,0,0,0.0,LOW
CUST002309,21,0,21.000000000023697,12.333333443858391,4.468742330019334e-06,60,0,0,0,0.0,LOW
CUST002193,21,0,21.000000000008722,12.166666680643543,6.327706873843819e-07,60,0,0,0,0.0,LOW
CUST001422,17,0,21.00000000000493,12.558823529917458,2.1479609511170526e-08,60,0,0,0,0.0,LOW
CUST002909,19,0,21.000000000002306,11.881578947368542,5.768025578337886e-12,60,0,0,0,0.0,LOW
CUST000002,28,0,21.0,12.50000007329007,4.497671374724769e-06,60,0,0,0,0.0,LOW
CUST000175,32,0,21.0,11.75806643869897,0.019825425928389998,60,0,0,0,0.0,LOW
CUST000237,23,0,21.0,12.097826304203789,6.385740321073435e-06,60,0,0,0,0.0,LOW
CUST000534,26,0,21.0,11.980769237326165,2.1181541562758062e-07,60,0,0,0,0.0,LOW
CUST000563,22,0,21.0,12.011365936563822,0.00012524845222431873,60,0,0,0,0.0,LOW
CUST000718,27,0,21.0,11.86111111332784,9.197671463253743e-08,60,0,0,0,0.0,LOW
CUST000769,21,0,21.0,12.500000101890313,3.4731350472647613e-06,60,0,0,0,0.0,LOW
CUST000896,26,0,21.0,12.317327429960974,0.0009106106124494982,60,0,0,0,0.0,LOW
CUST001015,23,0,21.0,12.097826108342298,1.2198992281800645e-06,60,0,0,0,0.0,LOW
CUST001096,18,0,21.0,11.958333364974429,1.0423340432597559e-06,60,0,0,0,0.0,LOW
CUST001191,23,0,21.0,12.17391305161894,2.390201452776334e-07,60,0,0,0,0.0,LOW
CUST001428,35,0,21.0,12.00000000373172,2.1666636107394108e-07,60,0,0,0,0.0,LOW
CUST001458,21,0,21.0,12.250000033697209,1.7676230921836975e-06,60,0,0,0,0.0,LOW
CUST001487,30,0,21.0,11.783335251409211,8.414661631305437e-05,60,0,0,0,0.0,LOW
CUST001514,24,0,21.0,11.885417037370102,1.3708463394580271e-05,60,0,0,0,0.0,LOW
CUST001665,24,0,21.0,12.322916950805194,1.343042765159661e-05,60,0,0,0,0.0,LOW
CUST001677,25,0,21.0,12.110000023223717,7.673943923589495e-07,60,0,0,0,0.0,LOW
CUST001694,30,0,21.0,11.783340814392414,0.0005443547230437921,60,0,0,0,0.0,LOW
CUST001757,29,0,21.0,12.068965623945171,6.37613715223945e-06,60,0,0,0,0.0,LOW
CUST001881,34,0,21.0,11.992647263834288,6.095702013321499e-06,60,0,0,0,0.0,LOW
CUST001965,22,0,21.0,12.011367629132103,0.0002173254493655586,60,0,0,0,0.0,LOW
CUST001982,20,0,21.0,11.900000007733869,3.8278021057344677e-07,60,0,0,0,0.0,LOW
CUST002050,30,0,21.0,12.308333345345515,4.743025748080119e-07,60,0,0,0,0.0,LOW
CUST002087,24,0,21.0,12.46875002050492,8.228225699151717e-07,60,0,0,0,0.0,LOW
CUST002207,28,0,21.0,11.937500000363418,1.4938075400985677e-08,60,0,0,0,0.0,LOW
CUST002343,22,0,21.0,12.170472274816921,0.0009749652478485762,60,0,0,0,0.0,LOW
CUST002375,26,0,21.0,11.913461607497451,3.1772283738963753e-06,60,0,0,0,0.0,LOW
CUST002395,30,0,21.0,12.191666758902219,6.584916545211745e-06,60,0,0,0,0.0,LOW
CUST002509,21,0,21.0,12.083333340809356,3.680101176400159e-07,60,0,0,0,0.0,LOW
CUST002742,30,0,21.0,11.841667268315586,4.1257545833025996e-05,60,0,0,0,0.0,LOW
CUST002864,19,0,21.0,11.881578947470972,4.870696803577999e-09,60,0,0,0,0.0,LOW
CUST002901,26,0,21.0,11.913461540781299,6.327776284744822e-08,60,0,0,0,0.0,LOW
CUST002983,28,0,21.0,11.750000017142481,9.097151280017862e-07,60,0,0,0,0.0,LOW
CUST003060,20,0,21.0,12.075000001756482,8.782418084069266e-08,60,0,0,0,0.0,LOW
CUST003068,24,0,21.0,12.177085072167793,0.00010421732928508631,60,0,0,0,0.0,LOW
CUST003211,18,0,21.0,12.833429747427665,0.004322690929536484,60,0,0,0,0.0,LOW
CUST003279,22,0,21.0,12.01136523081244,8.76819670470348e-05,60,0,0,0,0.0,LOW
CUST003362,27,0,21.0,12.185186110363361,5.937493148613e-05,60,0,0,0,0.0,LOW
CUST003400,21,0,21.0,12.000000000005842,1.5905943331986182e-10,60,0,0,0,0.0,LOW
CUST003449,29,0,21.0,12.008658000855464,0.0018150075091670774,60,0,0,0,0.0,LOW
CUST003518,26,0,21.0,12.451927439908367,0.00025843710569365585,60,0,0,0,0.0,LOW
CUST003607,19,0,21.0,12.15789479637399,2.8277643897823757e-06,60,0,0,0,0.0,LOW
CUST003674,23,0,21.0,12.021739130602876,8.370485772213542e-09,60,0,0,0,0.0,LOW
CUST003706,30,0,21.0,12.075354026396882,0.02506135593001,60,0,0,0,0.0,LOW
CUST003715,24,0,21.0,12.104177054436413,0.0003320545183009123,60,0,0,0,0.0,LOW
CUST003792,32,0,21.0,12.359375762677601,5.57129569854916e-05,60,0,0,0,0.0,LOW
CUST003848,25,0,21.0,12.320000453066365,1.0255018373296409e-05,60,0,0,0,0.0,LOW
CUST003915,19,0,21.0,12.065789494483035,8.97292213627168e-07,60,0,0,0,0.0,LOW
CUST003975,21,0,21.0,12.166666679593433,6.375422477566411e-07,60,0,0,0,0.0,LOW
CUST003988,22,0,21.0,11.454547227108941,7.806394890858551e-05,60,0,0,0,0.0,LOW
CUST004017,27,0,21.0,11.925954265988238,0.0019112750680289705,60,0,0,0,0.0,LOW
CUST004025,17,0,21.0,12.558825940884098,0.00010075945270731731,60,0,0,0,0.0,LOW
CUST004034,23,0,21.0,12.09782608742687,2.6789697334829966e-08,60,0,0,0,0.0,LOW
CUST004043,26,0,21.0,11.913462363083399,4.502562545639899e-05,60,0,0,0,0.0,LOW
CUST004060,25,0,21.0,12.1100000055117,3.258352565047849e-07,60,0,0,0,0.0,LOW
CUST004094,28,0,21.0,12.312500159053211,1.11158182755867e-05,60,0,0,0,0.0,LOW
CUST004135,18,0,21.0,12.250000137170508,6.153067592564807e-06,60,0,0,0,0.0,LOW
CUST004136,30,0,21.0,12.075000172914732,7.514587879434003e-06,60,0,0,0,0.0,LOW
CUST004165,25,0,21.0,11.760000001136683,6.907711303432259e-08,60,0,0,0,0.0,LOW
CUST004203,25,0,21.0,12.180000000076982,3.6613246601503086e-09,60,0,0,0,0.0,LOW
CUST004247,33,0,21.0,12.090909091755975,3.8643059141828884e-08,60,0,0,0,0.0,LOW
CUST004267,21,0,21.0,12.8333334021041,3.5850446517424374e-06,60,0,0,0,0.0,LOW
CUST004532,24,0,21.0,12.468750063123508,3.5846078166009385e-06,60,0,0,0,0.0,LOW
CUST004547,34,0,21.0,11.580938873108138,0.004776428263633773,60,0,0,0,0.0,LOW
CUST004548,36,0,21.0,11.812519777812945,0.001657447001885444,60,0,0,0,0.0,LOW
CUST004603,23,0,21.0,12.630434814464188,1.7948599810532663e-06,60,0,0,0,0.0,LOW
CUST004719,20,0,21.0,12.162500101050798,4.39270352254144e-06,60,0,0,0,0.0,LOW
CUST004732,27,0,21.0,11.666691415279528,0.0016390231042901341,60,0,0,0,0.0,LOW
CUST004762,19,0,21.0,11.881755778433012,0.008399467665956296,60,0,0,0,0.0,LOW
CUST004771,24,0,21.0,12.177083333427447,5.6467957855818725e-09,60,0,0,0,0.0,LOW
CUST004881,19,0,21.0,12.065789484806817,5.109102021971126e-07,60,0,0,0,0.0,LOW
CUST004899,23,0,21.0,11.565224574583535,0.00041206322699557436,60,0,0,0,0.0,LOW
CUST004919,19,0,21.0,12.434212993815422,0.00011628422255806829,60,0,0,0,0.0,LOW
CUST004990,21,0,21.0,12.250000015086094,7.9198696364689e-07,60,0,0,0,0.0,LOW
CUST004994,22,0,21.0,12.090911784216706,8.861362039894682e-05,60,0,0,0,0.0,LOW
CUST002729,27,0,19.31231891995812,11.993048955866081,0.1557972998953,55,0,0,0,0.0,LOW
CUST000601,28,0,19.258757296452504,12.312817530739386,0.02189324113126,55,0,0,0,0.0,LOW
CUST002226,33,0,19.253454902511486,12.356165566976518,0.008637256278713125,55,0,0,0,0.0,LOW
CUST004080,36,0,19.250564839681953,12.006960136304622,0.0014120992048829233,55,0,0,0,0.0,LOW
CUST002148,32,0,19.25035374899304,11.867199714246246,0.000884372482595372,55,0,0,0,0.0,LOW
CUST001076,31,0,19.250313442339696,12.08066490580758,0.0007836058492381975,55,0,0,0,0.0,LOW
CUST002035,31,0,19.250269415994474,12.250019572520403,0.0008258493986405162,55,0,0,0,0.0,LOW
CUST000494,23,0,19.250121142168457,11.945657445491102,0.00030285542114352184,55,0,0,0,0.0,LOW
CUST004026,24,0,19.25012080434453,12.10420909753921,0.0015773204207029598,55,0,0,0,0.0,LOW
CUST000736,32,0,19.250095602625983,11.976569380723724,0.00030598497898891996,55,0,0,0,0.0,LOW
CUST000852,31,0,19.250068106942834,12.25000345575474,0.00017026735708058132,55,0,0,0,0.0,LOW
CUST000496,28,0,19.250051780028468,11.687503544690143,0.0001294500711674931,55,0,0,0,0.0,LOW
CUST002805,21,0,19.250046418292044,12.333335550782925,0.0001160457301139298,55,0,0,0,0.0,LOW
CUST002964,33,0,19.250038350092424,11.984860572994796,0.0008970542513169774,55,0,0,0,0.0,LOW
CUST001034,24,0,19.250034884637504,11.812501455964389,8.721159375774823e-05,55,0,0,0,0.0,LOW
CUST002621,26,0,19.25003373592791,11.44231209886735,0.00019977589555102168,55,0,0,0,0.0,LOW
CUST001404,22,0,19.25003138247644,11.931819782042139,7.84561910964273e-05,55,0,0,0,0.0,LOW
CUST003078,29,0,19.250028762742346,11.887932048925254,7.190685586925302e-05,55,0,0,0,0.0,LOW
CUST000432,24,0,19.250025769436135,11.958335214208317,6.442359033404364e-05,55,0,0,0,0.0,LOW
CUST003432,34,0,19.250019619479154,12.044118271646033,4.904869788432266e-05,55,0,0,0,0.0,LOW
CUST002251,30,0,19.250017746859474,12.191667403308381,4.436714868260037e-05,55,0,0,0,0.0,LOW
CUST004880,28,0,19.250015045433358,12.000007196238272,0.0003054432054435943,55,0,0,0,0.0,LOW
CUST004015,29,0,19.250011393268828,11.94827910739078,0.0001537423430407983,55,0,0,0,0.0,LOW
CUST003787,28,0,19.250010154912605,12.312550935380775,0.0035400485465912294,55,0,0,0,0.0,LOW
CUST000925,30,0,19.250010112689107,11.958333780735012,2.528172276541382e-05,55,0,0,0,0.0,LOW
CUST002215,25,0,19.250005392225734,12.460000402578968,1.348056433964917e-05,55,0,0,0,0.0,LOW
CUST003153,26,0,19.25000534505057,12.250000212866782,1.336262642522788e-05,55,0,0,0,0.0,LOW
CUST001449,28,0,19.250005237456477,12.000000213342519,1.3093641193662194e-05,55,0,0,0,0.0,LOW
CUST004317,20,0,19.250002472655286,12.162500147082238,6.181638215020639e-06,55,0,0,0,0.0,LOW
CUST003384,28,0,19.250001965812608,12.000000235816458,1.1330591468357778e-05,55,0,0,0,0.0,LOW
CUST001587,31,0,19.250001952151717,12.02419375241157,1.0815782884549017e-05,55,0,0,0,0.0,LOW
CUST001055,25,0,19.25000169803916,11.900003964098552,0.00014086273740470328,55,0,0,0,0.0,LOW
CUST000418,36,0,19.250001554933068,11.763889272183697,3.0285218550891173e-05,55,0,0,0,0.0,LOW
CUST002149,24,0,19.250001332076273,12.17708371805435,1.959480590360482e-05,55,0,0,0,0.0,LOW
CUST001922,18,0,19.250001146370092,12.250007429981483,0.00031693140273228524,55,0,0,0,0.0,LOW
CUST000195,29,0,19.250000732829633,11.948276206042786,1.1819857400228828e-05,55,0,0,0,0.0,LOW
CUST004944,30,0,19.250000684485798,12.075000325911654,2.2709873464715428e-05,55,0,0,0,0.0,LOW
CUST001301,28,0,19.25000060162957,11.750000022477272,1.5040739222653244e-06,55,0,0,0,0.0,LOW
CUST000630,24,0,19.25000056057362,12.177083954546903,2.3506386226671483e-05,55,0,0,0,0.0,LOW
CUST001149,26,0,19.250000485248563,12.048078204289101,8.065721866820359e-05,55,0,0,0,0.0,LOW
CUST003504,31,0,19.25000032632704,12.475806569470015,6.8517936315552696e-06,55,0,0,0,0.0,LOW
CUST003157,24,0,19.250000266735036,12.250000012576026,6.668375876282779e-07,55,0,0,0,0.0,LOW
CUST003936,26,0,19.25000020592893,12.451923086712194,5.148223229826186e-07,55,0,0,0,0.0,LOW
CUST004892,22,0,19.250000174680576,12.011363644306693,4.367014384721146e-07,55,0,0,0,0.0,LOW
CUST002737,24,0,19.25000016982668,12.1041667394078,3.2320834536747324e-06,55,0,0,0,0.0,LOW
CUST004326,25,0,19.250000150731502,11.760000915667753,5.353205231832346e-05,55,0,0,0,0.0,LOW
CUST004506,19,0,19.25000013382231,12.065789480790112,3.3455578106374224e-07,55,0,0,0,0.0,LOW
CUST001601,31,0,19.25000010438345,11.798387133768797,2.4177691364736352e-06,55,0,0,0,0.0,LOW
CUST002995,31,0,19.250000091974446,11.629033977621424,0.00013205955638611192,55,0,0,0,0.0,LOW
CUST004295,29,0,19.250000079017642,11.827586818741327,3.853691542407845e-05,55,0,0,0,0.0,LOW
CUST001760,39,0,19.250000070178192,11.7564167733487,0.0005053113035483867,55,0,0,0,0.0,LOW
CUST000682,27,0,19.25000006327739,11.925927818393987,0.0001266687298235005,55,0,0,0,0.0,LOW
CUST004975,26,0,19.250000059166887,12.182692663577543,1.8465587974400556e-05,55,0,0,0,0.0,LOW
CUST004195,24,0,19.2500000585567,12.177095295297846,0.0007174844075553421,55,0,0,0,0.0,LOW
CUST003049,21,0,19.250000058111496,12.416666675306626,3.02770781764328e-07,55,0,0,0,0.0,LOW
CUST003486,25,0,19.2500000552389,12.040000014964264,7.485649704792182e-07,55,0,0,0,0.0,LOW
CUST002422,32,0,19.250000054648247,12.085938793891643,9.541338973039084e-05,55,0,0,0,0.0,LOW
CUST002962,19,0,19.250000050688048,12.434210966250925,1.9563390793390397e-05,55,0,0,0,0.0,LOW
CUST001830,27,0,19.250000039570747,12.31481483455369,1.2117185224827489e-06,55,0,0,0,0.0,LOW
CUST001294,20,0,19.250000034004884,11.987500001771513,8.501221447567371e-08,55,0,0,0,0.0,LOW
CUST004474,18,0,19.250000031978608,11.861111127026014,5.473164065880016e-07,55,0,0,0,0.0,LOW
CUST001726,28,0,19.25000003004338,12.000000186968148,1.3009699004158338e-05,55,0,0,0,0.0,LOW
CUST002330,25,0,19.2500000285961,12.110000135477815,7.707376921499845e-06,55,0,0,0,0.0,LOW
CUST002153,19,0,19.250000023907628,11.8815802050584,5.927107835882844e-05,55,0,0,0,0.0,LOW
CUST004952,22,0,19.250000022920926,12.329545455730935,5.7302310319111846e-08,55,0,0,0,0.0,LOW
CUST000382,21,0,19.250000022766503,12.000000236298984,1.2347755102393821e-05,55,0,0,0,0.0,LOW
CUST004319,24,0,19.250000022569676,12.468750026976755,1.2993018664129586e-06,55,0,0,0,0.0,LOW
CUST004484,21,0,19.25000001863033,12.333333341702417,3.474853802939891e-07,55,0,0,0,0.0,LOW
CUST001681,31,0,19.250000017580483,12.532426695115074,0.01305271470762,55,0,0,0,0.0,LOW
CUST000591,37,0,19.2500000152561,11.966216709973901,4.04552502470301e-05,55,0,0,0,0.0,LOW
CUST003896,19,0,19.250000015117532,12.61842105421231,3.7793833619599324e-08,55,0,0,0,0.0,LOW
CUST004637,24,0,19.250000014335054,12.614583342699001,2.949355492070061e-07,55,0,0,0,0.0,LOW
CUST002899,22,0,19.2500000131115,11.772727273653366,3.277874500662716e-08,55,0,0,0,0.0,LOW
CUST003962,21,0,19.25000001200192,11.833333353061747,8.606186542957927e-07,55,0,0,0,0.0,LOW
CUST004788,23,0,19.250000011808336,11.945652226879346,2.0973926607334773e-06,55,0,0,0,0.0,LOW
CUST001066,22,0,19.25000000862989,12.170454549022502,1.5651308988094897e-07,55,0,0,0,0.0,LOW
CUST003096,17,0,19.25000000809916,12.764705889246281,2.7226408756030253e-07,55,0,0,0,0.0,LOW
CUST002922,27,0,19.250000007611213,11.731518100573757,0.002471242308378059,55,0,0,0,0.0,LOW
CUST004147,30,0,19.25000000667374,12.016666698615643,2.2178459736794292e-06,55,0,0,0,0.0,LOW
CUST003597,17,0,19.250000006477887,11.941176477442,2.601528124037426e-07,55,0,0,0,0.0,LOW
CUST002885,22,0,19.250000005317123,11.852272734018193,2.9293296733177214e-07,55,0,0,0,0.0,LOW
CUST001381,27,0,19.25000000504899,11.990743719401657,0.00010019308472478365,55,0,0,0,0.0,LOW
CUST001014,31,0,19.25000000481864,12.250000000896812,5.6390866060035375e-08,55,0,0,0,0.0,LOW
CUST003726,22,0,19.25000000459386,12.011363639973034,1.557191029269119e-07,55,0,0,0,0.0,LOW
CUST003897,25,0,19.25000000439023,12.040008256534897,0.0005009729466759602,55,0,0,0,0.0,LOW
CUST003240,24,0,19.250000004319133,12.031251362639509,8.124107619698303e-05,55,0,0,0,0.0,LOW
CUST002642,21,0,19.25000000304158,12.000000320738494,1.6831104637880516e-05,55,0,0,0,0.0,LOW
CUST004557,27,0,19.250000003023732,11.79629631113459,5.756985236949953e-07,55,0,0,0,0.0,LOW
CUST004693,26,0,19.25000000250159,11.644230811204437,2.093159811323633e-06,55,0,0,0,0.0,LOW
CUST000407,17,0,19.250000002387793,12.250000145766391,5.873571367988831e-06,55,0,0,0,0.0,LOW
CUST004001,26,0,19.25000000207634,12.11538466383043,1.5776172967433072e-06,55,0,0,0,0.0,LOW
CUST003087,28,0,19.250000001798526,12.250000324010506,1.9233218930042962e-05,55,0,0,0,0.0,LOW
CUST003374,30,0,19.250000001761894,12.133334510780053,8.726622119397239e-05,55,0,0,0,0.0,LOW
CUST003225,20,0,19.250000001415774,12.250000014870677,7.108392765912772e-07,55,0,0,0,0.0,LOW
CUST003438,25,0,19.250000001266784,12.180000005076131,3.140121400073833e-07,55,0,0,0,0.0,LOW
CUST001221,20,0,19.25000000119332,12.425000004053521,1.996876319789217e-07,55,0,0,0,0.0,LOW
CUST002822,28,0,19.250000001038423,12.062500404638882,1.987000662465622e-05,55,0,0,0,0.0,LOW
CUST001521,20,0,19.250000000744883,12.162500009238409,4.318581290821293e-07,55,0,0,0,0.0,LOW
CUST004417,35,0,19.25000000069157,11.75000011833091,7.845623572706377e-06,55,0,0,0,0.0,LOW
CUST000885,23,0,19.250000000372715,12.097826182528863,5.391686532931516e-06,55,0,0,0,0.0,LOW
CUST004559,23,0,19.250000000369088,12.25000000066885,3.753614569732018e-08,55,0,0,0,0.0,LOW
CUST003142,26,0,19.250000000357026,12.04808666765101,0.000633364139941898,55,0,0,0,0.0,LOW
CUST000720,20,0,19.250000000347846,12.250000000029253,8.696182044299954e-10,55,0,0,0,0.0,LOW
CUST000240,19,0,19.25000000031443,12.250000020601172,8.662270856394574e-07,55,0,0,0,0.0,LOW
CUST001834,24,0,19.250000000265764,11.812502598771225,8.410754508547613e-05,55,0,0,0,0.0,LOW
CUST000584,22,0,19.250000000212708,12.01136363642206,2.6814543806591452e-09,55,0,0,0,0.0,LOW
CUST000342,24,0,19.250000000173763,12.104166669466194,1.0846174997176653e-07,55,0,0,0,0.0,LOW
CUST001667,26,0,19.25000000017076,11.375000003222452,1.308931655646322e-07,55,0,0,0,0.0,LOW
CUST001299,21,0,19.250000000031893,12.333333486667089,7.588052525926653e-06,55,0,0,0,0.0,LOW
CUST000892,21,0,19.250000000021394,12.083334038260622,3.699555814910466e-05,55,0,0,0,0.0,LOW
CUST001992,23,0,19.25000000001865,11.64130688392415,0.00014232983112602926,55,0,0,0,0.0,LOW
CUST004455,23,0,19.250000000007162,12.173913045898814,1.391496462732132e-07,55,0,0,0,0.0,LOW
CUST004885,19,0,19.250000000002135,12.342105270583218,2.9621960957268125e-07,55,0,0,0,0.0,LOW
CUST000162,24,0,19.25,12.468750465237955,2.789933385195874e-05,55,0,0,0,0.0,LOW
CUST000205,25,0,19.25,11.970000000943724,5.363652889387827e-08,55,0,0,0,0.0,LOW
CUST000209,24,0,19.25,11.958333334793885,4.922907065003123e-08,55,0,0,0,0.0,LOW
CUST000214,32,0,19.25,11.70312529170708,2.3194176436131972e-05,55,0,0,0,0.0,LOW
CUST000230,29,0,19.25,12.310350654099526,0.0002142496540178441,55,0,0,0,0.0,LOW
CUST000244,29,0,19.25,12.068966893502509,9.160128706753792e-05,55,0,0,0,0.0,LOW
CUST000248,22,0,19.25,12.011363661224065,1.3649067528923655e-06,55,0,0,0,0.0,LOW
CUST000249,18,0,19.25,11.958333334800836,6.60341970025814e-08,55,0,0,0,0.0,LOW
CUST000250,22,0,19.25,12.409091370983555,2.523128907988132e-05,55,0,0,0,0.0,LOW
CUST000253,28,0,19.25,11.937504895554186,0.0003177113273515989,55,0,0,0,0.0,LOW
CUST000265,18,0,19.25,11.861111140577602,1.3259868672938804e-06,55,0,0,0,0.0,LOW
CUST000284,17,0,19.25,12.662013870062543,0.010426953506450001,55,0,0,0,0.0,LOW
CUST000286,18,0,19.25,12.152778607425219,3.732215828179648e-05,55,0,0,0,0.0,LOW
CUST000288,31,0,19.25,12.02420370859542,0.0007872233819116726,55,0,0,0,0.0,LOW
CUST000292,27,0,19.25,12.12037042500618,3.5355851315606173e-06,55,0,0,0,0.0,LOW
CUST000296,26,0,19.25,11.913461667069715,7.158740641642647e-06,55,0,0,0,0.0,LOW
CUST000302,28,0,19.25,12.250080577893215,0.005640203479171277,55,0,0,0,0.0,LOW
CUST000305,33,0,19.25,11.931881532208951,0.00513303135980394,55,0,0,0,0.0,LOW
CUST000311,28,0,19.25,11.750099175011597,0.006737907834460205,55,0,0,0,0.0,LOW
CUST000312,19,0,19.25,12.710526431084642,4.020232886421218e-06,55,0,0,0,0.0,LOW
CUST000322,25,0,19.25,11.970000001571883,6.549336246751465e-08,55,0,0,0,0.0,LOW
CUST000345,23,0,19.25,11.86956521812939,4.2439914495206e-08,55,0,0,0,0.0,LOW
CUST000350,19,0,19.25,11.88157912587227,8.453211228377795e-06,55,0,0,0,0.0,LOW
CUST000354,23,0,19.25,12.326086956535601,5.591786199104317e-10,55,0,0,0,0.0,LOW
CUST000356,21,0,19.25,12.000000146606661,7.477837160310513e-06,55,0,0,0,0.0,LOW
CUST000364,19,0,19.25,12.710534802271683,0.00040285778577074313,55,0,0,0,0.0,LOW
CUST000370,23,0,19.25,12.097837495997329,0.0006558051098450456,55,0,0,0,0.0,LOW
CUST000397,23,0,19.25,12.021776308221996,0.00213718810296318,55,0,0,0,0.0,LOW
CUST000399,31,0,19.25,12.53225811731971,3.2799308056731705e-06,55,0,0,0,0.0,LOW
CUST000400,34,0,19.25,11.889706279874005,3.170897796454206e-05,55,0,0,0,0.0,LOW
CUST000403,17,0,19.25,12.455882470986646,4.86251308325436e-06,55,0,0,0,0.0,LOW
CUST000428,21,0,19.25,12.083333364277493,1.5937461957859285e-06,55,0,0,0,0.0,LOW
CUST000435,26,0,19.25,12.250000014717301,8.890229199609469e-07,55,0,0,0,0.0,LOW
CUST000449,26,0,19.25,11.64423079425209,1.6087601230554642e-06,55,0,0,0,0.0,LOW
CUST000453,22,0,19.25,12.329546074742213,3.407863501807906e-05,55,0,0,0,0.0,LOW
CUST000484,22,0,19.25,11.852273165598461,2.369598965223168e-05,55,0,0,0,0.0,LOW
CUST000485,24,0,19.25,12.104166666761067,5.648483048455074e-09,55,0,0,0,0.0,LOW
CUST000487,23,0,19.25,12.025945772258504,0.24188175802552,55,0,0,0,0.0,LOW
CUST000511,24,0,19.25,11.885416666750741,1.6356427649099378e-09,55,0,0,0,0.0,LOW
CUST000520,27,0,19.25,12.12037037490962,1.0564489591083883e-07,55,0,0,0,0.0,LOW
CUST000544,29,0,19.25,11.827586608774968,2.9135990190824346e-05,55,0,0,0,0.0,LOW
CUST000577,21,0,19.25,12.166666673166223,3.375598376440452e-07,55,0,0,0,0.0,LOW
CUST000578,32,0,19.25,12.30469441443712,0.0005356662693437608,55,0,0,0,0.0,LOW
CUST000589,16,0,19.25,12.14062500002598,9.939708766391993e-10,55,0,0,0,0.0,LOW
CUST000614,26,0,19.25,11.77884615536297,3.0474290207653805e-08,55,0,0,0,0.0,LOW
CUST000618,22,0,19.25,12.170454644568496,4.487040581211671e-06,55,0,0,0,0.0,LOW
CUST000625,27,0,19.25,11.666666667685138,6.728465686147571e-08,55,0,0,0,0.0,LOW
CUST000632,26,0,19.25,11.711552794434933,0.000931625393187312,55,0,0,0,0.0,LOW
CUST000677,33,0,19.25,11.984848568426315,4.547041522440646e-06,55,0,0,0,0.0,LOW
CUST000691,32,0,19.25,11.703146468141359,0.0016259191603369904,55,0,0,0,0.0,LOW
CUST000692,20,0,19.25,11.900000000320443,1.556503682724863e-08,55,0,0,0,0.0,LOW
CUST000693,26,0,19.25,11.980944691037054,0.01140434637812,55,0,0,0,0.0,LOW
CUST000697,17,0,19.25,12.250000031531796,9.619785342476734e-07,55,0,0,0,0.0,LOW
CUST000699,22,0,19.25,12.329545489633595,1.3267423050289757e-06,55,0,0,0,0.0,LOW
CUST000727,35,0,19.25,12.100002355907785,0.00019393208294769967,55,0,0,0,0.0,LOW
CUST000731,22,0,19.25,12.25000001458252,5.041852601144835e-07,55,0,0,0,0.0,LOW
CUST000740,41,0,19.25,11.951260364235637,0.0035431529385830675,55,0,0,0,0.0,LOW
CUST000741,29,0,19.25,12.068965868163085,1.7202241424462577e-05,55,0,0,0,0.0,LOW
CUST000747,26,0,19.25,11.980919150560096,0.009728252535892434,55,0,0,0,0.0,LOW
CUST000748,20,0,19.25,12.075002889444052,0.00013870574965503164,55,0,0,0,0.0,LOW
CUST000775,25,0,19.25,12.040000178430269,8.44784379619931e-06,55,0,0,0,0.0,LOW
CUST000776,28,0,19.25,11.625061487989104,0.0037851031959417808,55,0,0,0,0.0,LOW
CUST000780,23,0,19.25,11.489142932842663,0.000718391726593308,55,0,0,0,0.0,LOW
CUST000791,23,0,19.25,12.326089032690815,4.523807270842081e-05,55,0,0,0,0.0,LOW
CUST000820,23,0,19.25,12.173913100030378,2.207073751188646e-06,55,0,0,0,0.0,LOW
CUST000836,33,0,19.25,11.984852407956346,0.0002105605687911441,55,0,0,0,0.0,LOW
CUST000845,20,0,19.25,12.07500059592796,2.7079629476737085e-05,55,0,0,0,0.0,LOW
CUST000849,28,0,19.25,11.875000480154977,3.359991635580544e-05,55,0,0,0,0.0,LOW
CUST000856,25,0,19.25,12.110000355310383,1.7749377957846778e-05,55,0,0,0,0.0,LOW
CUST000872,29,0,19.25,12.00862080514405,8.34316407325131e-06,55,0,0,0,0.0,LOW
CUST000874,24,0,19.25,11.593750015888842,9.016170863641665e-07,55,0,0,0,0.0,LOW
CUST000877,27,0,19.25,12.444452664735946,0.00048740958773143737,55,0,0,0,0.0,LOW
CUST000898,32,0,19.25,11.812501222249791,6.649529217824463e-05,55,0,0,0,0.0,LOW
CUST000907,20,0,19.25,11.900000203062735,1.0006722952549353e-05,55,0,0,0,0.0,LOW
CUST000910,25,0,19.25,12.110000745952805,3.37434581894716e-05,55,0,0,0,0.0,LOW
CUST000930,18,0,19.25,11.569444454987604,4.7145795795072335e-07,55,0,0,0,0.0,LOW
CUST000942,28,0,19.25,11.812500044269939,3.0375326518438465e-06,55,0,0,0,0.0,LOW
CUST000944,21,0,19.25,12.000000408173362,1.2675086759141602e-05,55,0,0,0,0.0,LOW
CUST000945,29,0,19.25,11.646560323790725,0.00038987737785152183,55,0,0,0,0.0,LOW
CUST000948,22,0,19.25,12.011372373722184,0.0003631588617285703,55,0,0,0,0.0,LOW
CUST001048,26,0,19.25,11.846176014946534,0.0014409509154347413,55,0,0,0,0.0,LOW
CUST001074,25,0,19.25,11.970000000581114,2.0922617384232646e-08,55,0,0,0,0.0,LOW
CUST001084,16,0,19.25,12.250000000000108,4.35813426119437e-12,55,0,0,0,0.0,LOW
CUST001085,24,0,19.25,12.322916871284926,1.2263580688139366e-05,55,0,0,0,0.0,LOW
CUST001086,27,0,19.25,11.731481791255904,1.6392499391416893e-05,55,0,0,0,0.0,LOW
CUST001118,26,0,19.25,11.778846155217447,8.74634958345558e-08,55,0,0,0,0.0,LOW
CUST001120,25,0,19.25,12.390002266469608,7.958973618924859e-05,55,0,0,0,0.0,LOW
CUST001123,29,0,19.25,11.64655172476782,4.563647355528273e-08,55,0,0,0,0.0,LOW
CUST001146,37,0,19.25,12.108116288984084,0.0007555175930922839,55,0,0,0,0.0,LOW
CUST001148,21,0,19.25,11.500000703466972,2.3813316092826298e-05,55,0,0,0,0.0,LOW
CUST001151,23,0,19.25,11.717391340099638,2.043149427625391e-06,55,0,0,0,0.0,LOW
CUST001187,24,0,19.25,12.104166675979103,5.58262197846224e-07,55,0,0,0,0.0,LOW
CUST001189,35,0,19.25,11.900020660045676,0.00109530780110301,55,0,0,0,0.0,LOW
CUST001195,26,0,19.25,12.855769230813461,2.2121416812130403e-09,55,0,0,0,0.0,LOW
CUST001203,21,0,19.25,12.333366010650149,0.0017153947201809623,55,0,0,0,0.0,LOW
CUST001206,27,0,19.25,12.055556035862125,2.9883686628435433e-05,55,0,0,0,0.0,LOW
CUST001214,23,0,19.25,11.869565442838583,1.2196563006383427e-05,55,0,0,0,0.0,LOW
CUST001218,21,0,19.25,12.000015336369577,0.0007524273288709065,55,0,0,0,0.0,LOW
CUST001235,29,0,19.25,12.192427626822523,0.20098746972917,55,0,0,0,0.0,LOW
CUST001319,26,0,19.25,12.317780004585655,0.03068905767509,55,0,0,0,0.0,LOW
CUST001329,31,0,19.25,12.024193548660227,1.166863830470659e-08,55,0,0,0,0.0,LOW
CUST001350,24,0,19.25,11.593750001395527,7.806735923607147e-08,55,0,0,0,0.0,LOW
CUST001357,20,0,19.25,11.900006801044306,0.0003265051495051999,55,0,0,0,0.0,LOW
CUST001379,24,0,19.25,11.958333366420673,1.257942676765089e-06,55,0,0,0,0.0,LOW
CUST001402,29,0,19.25,12.25000000035263,2.190474161853893e-08,55,0,0,0,0.0,LOW
CUST001425,24,0,19.25,12.104238285147426,0.004291920269338705,55,0,0,0,0.0,LOW
CUST001426,35,0,19.25,11.800002315087008,0.00019319225536956205,55,0,0,0,0.0,LOW
CUST001434,30,0,19.25,11.900001094243462,8.205536380649377e-05,55,0,0,0,0.0,LOW
CUST001447,22,0,19.25,11.772727419336489,4.727537195377057e-06,55,0,0,0,0.0,LOW
CUST001466,20,0,19.25,12.425000000096034,3.054960941858585e-09,55,0,0,0,0.0,LOW
CUST001474,20,0,19.25,12.250000501064486,1.234240700076302e-05,55,0,0,0,0.0,LOW
CUST001483,17,0,19.25,12.250000456137766,1.9385855030103812e-05,55,0,0,0,0.0,LOW
CUST001502,18,0,19.25,11.763888962264518,3.2973094569191097e-06,55,0,0,0,0.0,LOW
CUST001511,22,0,19.25,12.011367358760507,0.00019874065171083348,55,0,0,0,0.0,LOW
CUST001515,23,0,19.25,12.097826094556739,4.350497111981582e-07,55,0,0,0,0.0,LOW
CUST001525,19,0,19.25,11.513157894898765,7.691369770775768e-09,55,0,0,0,0.0,LOW
CUST001526,24,0,19.25,12.031261337012245,0.0006792623810418422,55,0,0,0,0.0,LOW
CUST001530,24,0,19.25,11.739583950159505,3.352570960775558e-05,55,0,0,0,0.0,LOW
CUST001533,28,0,19.25,11.875085771140812,0.00599990708817604,55,0,0,0,0.0,LOW
CUST001551,32,0,19.25,12.140625008933647,4.873124995803115e-07,55,0,0,0,0.0,LOW
CUST001569,24,0,19.25,12.10416712940087,2.75057189086056e-05,55,0,0,0,0.0,LOW
CUST001580,27,0,19.25,11.925926475332504,3.671811407102324e-05,55,0,0,0,0.0,LOW
CUST001589,22,0,19.25,12.56818299516584,6.46724187242042e-05,55,0,0,0,0.0,LOW
CUST001591,25,0,19.25,11.830000018477735,1.0119419788673613e-06,55,0,0,0,0.0,LOW
CUST001600,23,0,19.25,12.021739171267555,2.2782550767931828e-06,55,0,0,0,0.0,LOW
CUST001606,28,0,19.25,12.000001442255584,8.638970506908019e-05,55,0,0,0,0.0,LOW
CUST001614,20,0,19.25,12.337517929329525,0.0008961215767136323,55,0,0,0,0.0,LOW
CUST001635,20,0,19.25,12.075000555233833,2.737481779374696e-05,55,0,0,0,0.0,LOW
CUST001642,23,0,19.25,12.478260924251197,1.545208228927803e-06,55,0,0,0,0.0,LOW
CUST001643,17,0,19.25,11.94117647374538,1.2729049274565227e-07,55,0,0,0,0.0,LOW
CUST001652,22,0,19.25,12.090909430674339,1.6934583813103002e-05,55,0,0,0,0.0,LOW
CUST001655,32,0,19.25,11.976613396010835,0.004067419517420883,55,0,0,0,0.0,LOW
CUST001656,29,0,19.25,12.491386665737423,0.0005308450572562059,55,0,0,0,0.0,LOW
CUST001662,19,0,19.25,12.526315796366923,2.847142392969798e-07,55,0,0,0,0.0,LOW
CUST001666,28,0,19.25,12.125000000055724,3.749583110091414e-09,55,0,0,0,0.0,LOW
CUST001680,25,0,19.25,11.970000004298138,2.623020375595373e-07,55,0,0,0,0.0,LOW
CUST001684,32,0,19.25,12.359375028138581,2.2510349707830084e-06,55,0,0,0,0.0,LOW
CUST001688,23,0,19.25,12.250005371954114,0.0003050834789014297,55,0,0,0,0.0,LOW
CUST001689,27,0,19.25,12.25000003210658,2.1662702188528822e-06,55,0,0,0,0.0,LOW
CUST001693,25,0,19.25,12.18000000639597,2.5387101466693453e-07,55,0,0,0,0.0,LOW
CUST001700,20,0,19.25,11.81250000021291,8.990498909377594e-09,55,0,0,0,0.0,LOW
CUST001701,22,0,19.25,12.329546496969785,4.129756605617688e-05,55,0,0,0,0.0,LOW
CUST001711,26,0,19.25,12.115384810663063,1.017582167493656e-05,55,0,0,0,0.0,LOW
CUST001716,31,0,19.25,11.798387099185716,1.3899038708731242e-07,55,0,0,0,0.0,LOW
CUST001730,21,0,19.25,11.583333449244188,3.1310032511423932e-06,55,0,0,0,0.0,LOW
CUST001742,28,0,19.25,11.875002729888166,0.00017501545011655838,55,0,0,0,0.0,LOW
CUST001767,17,0,19.25,12.044117716978947,2.7282256465349446e-06,55,0,0,0,0.0,LOW
CUST001786,29,0,19.25,11.948279780028145,0.0002819894004095063,55,0,0,0,0.0,LOW
CUST001800,35,0,19.25,11.35000039344204,3.26250605387434e-05,55,0,0,0,0.0,LOW
CUST001820,26,0,19.25,12.25000061811542,2.872726349355713e-05,55,0,0,0,0.0,LOW
CUST001835,18,0,19.25,11.95833333446889,3.0107285487033556e-08,55,0,0,0,0.0,LOW
CUST001838,22,0,19.25,12.250000066626587,3.6410032114071584e-06,55,0,0,0,0.0,LOW
CUST001847,28,0,19.25,11.750005115640876,0.00034851626509252047,55,0,0,0,0.0,LOW
CUST001890,23,0,19.25,12.17391329325967,1.4288903419553252e-05,55,0,0,0,0.0,LOW
CUST001897,29,0,19.25,11.827600096864298,0.0010069474569547854,55,0,0,0,0.0,LOW
CUST001926,21,0,19.25,11.916666666759067,3.0837492732986946e-09,55,0,0,0,0.0,LOW
CUST001927,25,0,19.25,11.620000000109767,6.5636169802104595e-09,55,0,0,0,0.0,LOW
CUST001931,33,0,19.25,12.090969269643802,0.004939822228297648,55,0,0,0,0.0,LOW
CUST001934,17,0,19.25,11.941176894842272,1.5900215897574592e-05,55,0,0,0,0.0,LOW
CUST001941,33,0,19.25,11.878799453091316,0.0009184437723547542,55,0,0,0,0.0,LOW
CUST001945,35,0,19.25,11.90009216060845,0.008054918287484015,55,0,0,0,0.0,LOW
CUST001953,31,0,19.25,12.193548393410536,2.626545125702768e-07,55,0,0,0,0.0,LOW
CUST001960,23,0,19.25,11.869652937236665,0.005043523451360023,55,0,0,0,0.0,LOW
CUST001972,19,0,19.25,12.065789895771166,1.6885896116417888e-05,55,0,0,0,0.0,LOW
CUST001978,29,0,19.25,11.88810159649438,0.01236573943279,55,0,0,0,0.0,LOW
CUST001979,21,0,19.25,12.083351431220663,0.0009501361055052347,55,0,0,0,0.0,LOW
CUST001990,18,0,19.25,12.833335435955075,9.370246488719072e-05,55,0,0,0,0.0,LOW
CUST002004,29,0,19.25,11.706896795518734,9.962253321895557e-06,55,0,0,0,0.0,LOW
CUST002019,23,0,19.25,11.869565217396113,2.765049545868138e-10,55,0,0,0,0.0,LOW
CUST002028,25,0,19.25,11.900000566446247,2.3536053657989855e-05,55,0,0,0,0.0,LOW
CUST002047,25,0,19.25,12.320000001615687,4.359900281096324e-08,55,0,0,0,0.0,LOW
CUST002064,33,0,19.25,11.66666666807297,6.307312861891205e-08,55,0,0,0,0.0,LOW
CUST002078,27,0,19.25,11.7314817056772,1.324628875919799e-05,55,0,0,0,0.0,LOW
CUST002081,24,0,19.25,12.177083473549628,8.40780896885356e-06,55,0,0,0,0.0,LOW
CUST002096,29,0,19.25,12.129477527403917,0.01210464956683,55,0,0,0,0.0,LOW
CUST002122,18,0,19.25,12.250000007416864,1.4024611827196688e-07,55,0,0,0,0.0,LOW
CUST002126,24,0,19.25,11.593750125301538,4.05878915552297e-06,55,0,0,0,0.0,LOW
CUST002137,27,0,19.25,11.796297559939156,8.446483127721283e-05,55,0,0,0,0.0,LOW
CUST002146,28,0,19.25,12.000000026126397,1.4235670836605374e-06,55,0,0,0,0.0,LOW
CUST002161,24,0,19.25,12.03125073150031,4.132958821078204e-05,55,0,0,0,0.0,LOW
CUST002175,29,0,19.25,11.82758637420815,1.076114358359805e-05,55,0,0,0,0.0,LOW
CUST002176,17,0,19.25,11.735294118460024,3.4550964927725274e-08,55,0,0,0,0.0,LOW
CUST002181,36,0,19.25,12.493056258527014,6.303391642759485e-05,55,0,0,0,0.0,LOW
CUST002203,19,0,19.25,11.513164828646016,0.000328716156354707,55,0,0,0,0.0,LOW
CUST002242,33,0,19.25,11.931818506736546,1.0535929817902186e-05,55,0,0,0,0.0,LOW
CUST002276,31,0,19.25,12.306486961566911,0.00273868222805656,55,0,0,0,0.0,LOW
CUST002283,30,0,19.25,11.958333333902779,3.463187715035313e-08,55,0,0,0,0.0,LOW
CUST002285,17,0,19.25,12.455882452352828,4.112668552562432e-06,55,0,0,0,0.0,LOW
CUST002298,21,0,19.25,12.250002699197559,0.0001411897509838338,55,0,0,0,0.0,LOW
CUST002302,34,0,19.25,11.992648184289699,9.56155207207663e-05,55,0,0,0,0.0,LOW
CUST002311,28,0,19.25,12.187500012956571,6.6396807942619e-07,55,0,0,0,0.0,LOW
CUST002313,22,0,19.25,12.250002400193408,0.00012235845752250728,55,0,0,0,0.0,LOW
CUST002315,35,0,19.25,11.700021660895091,0.0018816244697651468,55,0,0,0,0.0,LOW
CUST002318,22,0,19.25,12.250000003223905,1.7425594058658246e-07,55,0,0,0,0.0,LOW
CUST002344,23,0,19.25,12.478260882845058,3.77682432094841e-07,55,0,0,0,0.0,LOW
CUST002356,23,0,19.25,12.173913458632088,1.0235003702136053e-05,55,0,0,0,0.0,LOW
CUST002361,26,0,19.25,12.04807717229604,1.504264683640924e-05,55,0,0,0,0.0,LOW
CUST002374,22,0,19.25,11.931818181872314,2.633923275046545e-09,55,0,0,0,0.0,LOW
CUST002382,24,0,19.25,12.104174529860993,0.0004673163196206729,55,0,0,0,0.0,LOW
CUST002401,23,0,19.25,11.869566777298576,8.969450332942814e-05,55,0,0,0,0.0,LOW
CUST002470,18,0,19.25,11.958335386664523,9.237094160031543e-05,55,0,0,0,0.0,LOW
CUST002493,15,0,19.25,12.600000000020179,7.567405622848793e-10,55,0,0,0,0.0,LOW
CUST002498,29,0,19.25,12.008620697658397,5.251098806631344e-07,55,0,0,0,0.0,LOW
CUST002511,20,0,19.25,11.987500000022212,1.110659372256499e-09,55,0,0,0,0.0,LOW
CUST002524,36,0,19.25,12.152793141518076,0.0013824921476273215,55,0,0,0,0.0,LOW
CUST002527,30,0,19.25,12.133333334131608,5.916951371788638e-08,55,0,0,0,0.0,LOW
CUST002531,21,0,19.25,12.000000330338523,1.71602792004148e-05,55,0,0,0,0.0,LOW
CUST002542,22,0,19.25,12.090909715301212,2.1704051348571277e-05,55,0,0,0,0.0,LOW
CUST002553,30,0,19.25,12.308334031635338,4.931449467445013e-05,55,0,0,0,0.0,LOW
CUST002586,24,0,19.25,11.739583517938195,1.1076291688365409e-05,55,0,0,0,0.0,LOW
CUST002587,24,0,19.25,12.177083669206311,1.994582887956892e-05,55,0,0,0,0.0,LOW
CUST002606,25,0,19.25,12.040000070792077,4.209344936713233e-06,55,0,0,0,0.0,LOW
CUST002615,25,0,19.25,12.180002225074148,0.0001335236057792805,55,0,0,0,0.0,LOW
CUST002644,26,0,19.25,11.913468188206325,0.0004314957097710213,55,0,0,0,0.0,LOW
CUST002645,16,0,19.25,12.031250139715487,5.5671007554059735e-06,55,0,0,0,0.0,LOW
CUST002646,35,0,19.25,12.10002045536896,0.0017785396964024012,55,0,0,0,0.0,LOW
CUST002647,20,0,19.25,12.075005840593288,0.00029202940270638036,55,0,0,0,0.0,LOW
CUST002648,29,0,19.25,12.008625320195375,0.0002764222410939809,55,0,0,0,0.0,LOW
CUST002656,19,0,19.25,11.605264587460278,6.790198492282465e-05,55,0,0,0,0.0,LOW
CUST002665,33,0,19.25,12.409090916452385,3.757431208381665e-07,55,0,0,0,0.0,LOW
CUST002679,24,0,19.25,12.031250052689275,2.6787737268638163e-06,55,0,0,0,0.0,LOW
CUST002690,29,0,19.25,12.370689671222914,8.294246920188521e-07,55,0,0,0,0.0,LOW
CUST002707,21,0,19.25,12.750001498491084,7.238934572577936e-05,55,0,0,0,0.0,LOW
CUST002757,26,0,19.25,12.250000000095687,6.147932591586644e-09,55,0,0,0,0.0,LOW
CUST002767,18,0,19.25,12.05555556228942,3.030239395453845e-07,55,0,0,0,0.0,LOW
CUST002769,20,0,19.25,11.900000718958355,2.0077064970766564e-05,55,0,0,0,0.0,LOW
CUST002817,24,0,19.25,12.833333993061702,3.745067499874601e-05,55,0,0,0,0.0,LOW
CUST002818,25,0,19.25,12.04,0.0,55,0,0,0,0.0,LOW
CUST002825,31,0,19.25,12.137097644973643,6.599801569416782e-05,55,0,0,0,0.0,LOW
CUST002827,24,0,19.25,11.812500000991635,5.8184637037733843e-08,55,0,0,0,0.0,LOW
CUST002838,25,0,19.25,12.390000147416359,6.924120691313026e-06,55,0,0,0,0.0,LOW
CUST002842,17,0,19.25,12.147073000625317,0.0006025133955296142,55,0,0,0,0.0,LOW
CUST002858,27,0,19.25,12.055599024517775,0.00248133027274579,55,0,0,0,0.0,LOW
CUST002870,27,0,19.25,11.861111121484793,5.907928973757433e-07,55,0,0,0,0.0,LOW
CUST002874,35,0,19.25,12.100031041124549,0.002488580654711484,55,0,0,0,0.0,LOW
CUST002908,23,0,19.25,12.326087889816089,2.4917798063084576e-05,55,0,0,0,0.0,LOW
CUST002910,23,0,19.25,12.478260888691075,1.098737494552056e-06,55,0,0,0,0.0,LOW
CUST002911,30,0,19.25,11.900002790953154,0.0001204908085364594,55,0,0,0,0.0,LOW
CUST002939,22,0,19.25,12.488636503394941,7.686721848840054e-06,55,0,0,0,0.0,LOW
CUST002952,27,0,19.25,11.796296298296951,1.1222741405056815e-07,55,0,0,0,0.0,LOW
CUST002960,30,0,19.25,12.016678676642153,0.0007486652945812915,55,0,0,0,0.0,LOW
CUST002965,30,0,19.25,11.666681047739711,0.000888630330475478,55,0,0,0,0.0,LOW
CUST002968,16,0,19.25,12.031250018211725,7.195114186872237e-07,55,0,0,0,0.0,LOW
CUST002969,27,0,19.25,12.250007477450099,0.00045845017342768,55,0,0,0,0.0,LOW
CUST002978,24,0,19.25,12.250000008552988,4.887889525006383e-07,55,0,0,0,0.0,LOW
CUST002984,22,0,19.25,12.329546347621282,4.904183749595752e-05,55,0,0,0,0.0,LOW
CUST002993,23,0,19.25,12.32608725862839,1.4509224037182606e-05,55,0,0,0,0.0,LOW
CUST003013,24,0,19.25,12.031250000239623,1.35757666577723e-08,55,0,0,0,0.0,LOW
CUST003028,30,0,19.25,11.783333392110318,4.155938840381316e-06,55,0,0,0,0.0,LOW
CUST003043,27,0,19.25,11.99074076822405,1.84259758696324e-06,55,0,0,0,0.0,LOW
CUST003051,29,0,19.25,12.129322293360962,0.0007935555674082975,55,0,0,0,0.0,LOW
CUST003059,26,0,19.25,12.11538503119032,2.670344946973388e-05,55,0,0,0,0.0,LOW
CUST003081,35,0,19.25,11.700009802507228,0.0007541437344293966,55,0,0,0,0.0,LOW
CUST003103,24,0,19.25,12.177083451233115,6.365055891132533e-06,55,0,0,0,0.0,LOW
CUST003105,20,0,19.25,12.162506831627237,0.00031548333256005727,55,0,0,0,0.0,LOW
CUST003112,26,0,19.25,12.04807693095712,5.034798002323822e-07,55,0,0,0,0.0,LOW
CUST003119,28,0,19.25,12.000004335527949,0.0002891536357276026,55,0,0,0,0.0,LOW
CUST003124,19,0,19.25,11.881662220198981,0.003955279428078893,55,0,0,0,0.0,LOW
CUST003128,25,0,19.25,12.320002551067267,0.00015944170410815277,55,0,0,0,0.0,LOW
CUST003129,25,0,19.25,11.970001815803569,9.744589218298144e-05,55,0,0,0,0.0,LOW
CUST003137,16,0,19.25,12.57812500291372,1.1579416967516196e-07,55,0,0,0,0.0,LOW
CUST003140,21,0,19.25,11.833346822913686,0.000707208782487233,55,0,0,0,0.0,LOW
CUST003148,24,0,19.25,12.104166680326044,4.407637109205757e-07,55,0,0,0,0.0,LOW
CUST003184,19,0,19.25,12.342105300275104,1.7628373255439898e-06,55,0,0,0,0.0,LOW
CUST003205,18,0,19.25,12.444445270826948,2.1590545830881668e-05,55,0,0,0,0.0,LOW
CUST003228,31,0,19.25,11.911290479575372,8.816621052996853e-06,55,0,0,0,0.0,LOW
CUST003233,30,0,19.25,12.075003523335324,0.00026308821249444557,55,0,0,0,0.0,LOW
CUST003236,29,0,19.25,11.948294905583724,0.0013805104345465716,55,0,0,0,0.0,LOW
CUST003275,24,0,19.25,12.104166730193183,3.8034255034537604e-06,55,0,0,0,0.0,LOW
CUST003283,25,0,19.25,12.250000176709525,1.016970968533303e-05,55,0,0,0,0.0,LOW
CUST003296,30,0,19.25,11.958333635442848,2.10082839489634e-05,55,0,0,0,0.0,LOW
CUST003298,31,0,19.25,11.798387454437927,2.726444627901645e-05,55,0,0,0,0.0,LOW
CUST003301,23,0,19.25,12.021739130528214,3.98439676781184e-09,55,0,0,0,0.0,LOW
CUST003317,29,0,19.25,11.827586265573977,3.603830053000274e-06,55,0,0,0,0.0,LOW
CUST003318,18,0,19.25,11.95833333541036,8.938866209305937e-08,55,0,0,0,0.0,LOW
CUST003319,30,0,19.25,11.958336891737742,0.00023621017046629697,55,0,0,0,0.0,LOW
CUST003323,30,0,19.25,11.900002265683073,0.0001462367021983936,55,0,0,0,0.0,LOW
CUST003327,27,0,19.25,11.666668574016738,0.00011602165026009048,55,0,0,0,0.0,LOW
CUST003336,25,0,19.25,12.250011769223214,0.000720041403817254,55,0,0,0,0.0,LOW
CUST003349,23,0,19.25,12.250000127475401,7.304712391525485e-06,55,0,0,0,0.0,LOW
CUST003354,27,0,19.25,11.925925926683057,4.249307727793952e-08,55,0,0,0,0.0,LOW
CUST003357,27,0,19.25,12.31481481571443,4.532877245213123e-08,55,0,0,0,0.0,LOW
CUST003371,23,0,19.25,11.869568412869675,0.0001836181896445248,55,0,0,0,0.0,LOW
CUST003379,23,0,19.25,12.097840186222799,0.0007610999318861729,55,0,0,0,0.0,LOW
CUST003385,33,0,19.25,11.825757991596516,2.1440069496387016e-05,55,0,0,0,0.0,LOW
CUST003410,22,0,19.25,12.409091135451314,1.1997521613871783e-05,55,0,0,0,0.0,LOW
CUST003427,21,0,19.25,12.166666666666696,1.5322792799668316e-12,55,0,0,0,0.0,LOW
CUST003456,23,0,19.25,12.021739130434783,0.0,55,0,0,0,0.0,LOW
CUST003488,19,0,19.25,11.697368782755387,1.7061691433708863e-05,55,0,0,0,0.0,LOW
CUST003495,20,0,19.25,12.512500010645194,3.774033949426072e-07,55,0,0,0,0.0,LOW
CUST003502,23,0,19.25,11.945652712675603,3.082301961689777e-05,55,0,0,0,0.0,LOW
CUST003526,24,0,19.25,11.666667670169467,5.9724153496584095e-05,55,0,0,0,0.0,LOW
CUST003562,25,0,19.25,11.900000116889473,7.026169187148049e-06,55,0,0,0,0.0,LOW
CUST003582,27,0,19.25,11.92592592951511,1.9652459669184413e-07,55,0,0,0,0.0,LOW
CUST003589,35,0,19.25,11.850000075770348,6.133740875304658e-06,55,0,0,0,0.0,LOW
CUST003591,29,0,19.25,11.58659916323155,0.02825471580944,55,0,0,0,0.0,LOW
CUST003595,27,0,19.25,12.055555627716899,4.867725895002379e-06,55,0,0,0,0.0,LOW
CUST003599,15,0,19.25,11.783333333770154,7.798931541894722e-09,55,0,0,0,0.0,LOW
CUST003614,18,0,19.25,11.958333334507909,2.96409526565105e-08,55,0,0,0,0.0,LOW
CUST003630,20,0,19.25,12.425119368086643,0.005968401859663298,55,0,0,0,0.0,LOW
CUST003636,32,0,19.25,12.359398700696488,0.0016279638872814888,55,0,0,0,0.0,LOW
CUST003653,28,0,19.25,11.500000081259065,5.614972664158249e-06,55,0,0,0,0.0,LOW
CUST003723,24,0,19.25,11.81250006193168,3.691258632384042e-06,55,0,0,0,0.0,LOW
CUST003757,24,0,19.25,11.812500007113444,2.936771630756356e-07,55,0,0,0,0.0,LOW
CUST003779,24,0,19.25,11.88542751260922,0.0006497072236328311,55,0,0,0,0.0,LOW
CUST003782,28,0,19.25,11.750000887945207,5.151986988236016e-05,55,0,0,0,0.0,LOW
CUST003793,28,0,19.25,12.125001438333374,0.00010002890988874631,55,0,0,0,0.0,LOW
CUST003809,19,0,19.25,12.526315811633102,1.0512230773013057e-06,55,0,0,0,0.0,LOW
CUST003820,30,0,19.25,11.958333793054567,3.216960383601756e-05,55,0,0,0,0.0,LOW
CUST003856,29,0,19.25,11.76724187979717,3.586145571275058e-05,55,0,0,0,0.0,LOW
CUST003862,27,0,19.25,12.120370370638716,9.154823990235853e-09,55,0,0,0,0.0,LOW
CUST003886,19,0,19.25,12.434210528662566,1.1079383200351378e-07,55,0,0,0,0.0,LOW
CUST003899,30,0,19.25,12.016671759622927,0.00035239285587713407,55,0,0,0,0.0,LOW
CUST003900,31,0,19.25,11.741935636763612,1.0257734169095835e-05,55,0,0,0,0.0,LOW
CUST003905,29,0,19.25,11.706897063619481,3.711231499126118e-05,55,0,0,0,0.0,LOW
CUST003912,26,0,19.25,12.451961510446775,0.0018203033585209062,55,0,0,0,0.0,LOW
CUST003929,26,0,19.25,11.644230789964801,1.091535718731105e-06,55,0,0,0,0.0,LOW
CUST003963,23,0,19.25,11.945652194379344,1.005829024075813e-06,55,0,0,0,0.0,LOW
CUST003971,25,0,19.25,11.690000069834312,1.9065512523751004e-06,55,0,0,0,0.0,LOW
CUST003980,17,0,19.25,11.632352941569934,1.5636112549139567e-08,55,0,0,0,0.0,LOW
CUST003990,25,0,19.25,11.760000113217565,3.7643565121955394e-06,55,0,0,0,0.0,LOW
CUST003999,17,0,19.25,11.735294136384937,5.840837183448132e-07,55,0,0,0,0.0,LOW
CUST004068,24,0,19.25,11.958333592479919,1.5229975149583758e-05,55,0,0,0,0.0,LOW
CUST004108,19,0,19.25,12.065789667607012,9.195192342670004e-06,55,0,0,0,0.0,LOW
CUST004119,21,0,19.25,12.416666670590587,1.1709783084036071e-07,55,0,0,0,0.0,LOW
CUST004141,22,0,19.25,12.17045454839875,9.821371392144834e-08,55,0,0,0,0.0,LOW
CUST004142,19,0,19.25,11.697380147597885,0.0005569977399186862,55,0,0,0,0.0,LOW
CUST004153,24,0,19.25,11.885416684943506,8.957546627868478e-07,55,0,0,0,0.0,LOW
CUST004155,23,0,19.25,12.021739132380093,9.648105175431224e-08,55,0,0,0,0.0,LOW
CUST004156,27,0,19.25,11.92592592592901,1.535513366696339e-10,55,0,0,0,0.0,LOW
CUST004173,31,0,19.25,11.741935523932643,1.5846457042493665e-06,55,0,0,0,0.0,LOW
CUST004225,18,0,19.25,12.250000100109537,4.2094657538156765e-06,55,0,0,0,0.0,LOW
CUST004280,26,0,19.25,12.31730934731082,0.00010376536480998476,55,0,0,0,0.0,LOW
CUST004289,25,0,19.25,11.76000020532012,8.915736126501742e-06,55,0,0,0,0.0,LOW
CUST004292,26,0,19.25,11.913461538521055,3.6577619924807944e-09,55,0,0,0,0.0,LOW
CUST004293,18,0,19.25,12.152777832160911,2.441976802015337e-06,55,0,0,0,0.0,LOW
CUST004309,23,0,19.25,12.326086969664527,4.3068607901571613e-07,55,0,0,0,0.0,LOW
CUST004316,28,0,19.25,12.437500000027338,1.229443430390608e-09,55,0,0,0,0.0,LOW
CUST004330,21,0,19.25,12.333334437481675,3.568054354662024e-05,55,0,0,0,0.0,LOW
CUST004347,20,0,19.25,12.600000003247747,1.6238271558146324e-07,55,0,0,0,0.0,LOW
CUST004350,20,0,19.25,11.987500004153238,2.075599304366688e-07,55,0,0,0,0.0,LOW
CUST004357,29,0,19.25,11.827685437173969,0.0068342095859192115,55,0,0,0,0.0,LOW
CUST004361,32,0,19.25,11.867187729130533,1.372238242288915e-05,55,0,0,0,0.0,LOW
CUST004362,25,0,19.25,11.97000967077896,0.0005992091595799329,55,0,0,0,0.0,LOW
CUST004394,20,0,19.25,11.812500007464266,3.7185018106701275e-07,55,0,0,0,0.0,LOW
CUST004423,15,0,19.25,12.133333333333335,7.877366406697566e-14,55,0,0,0,0.0,LOW
CUST004442,22,0,19.25,12.17045456493725,9.277189626016122e-07,55,0,0,0,0.0,LOW
CUST004452,15,0,19.25,11.783338447367372,0.00018547354286666285,55,0,0,0,0.0,LOW
CUST004473,28,0,19.25,11.812500030862168,1.454973441195456e-06,55,0,0,0,0.0,LOW
CUST004478,27,0,19.25,11.925971287606549,0.002953227300537445,55,0,0,0,0.0,LOW
CUST004481,21,0,19.25,12.250000533395946,2.1353560456716298e-05,55,0,0,0,0.0,LOW
CUST004493,27,0,19.25,11.861111111869718,4.450457908007966e-08,55,0,0,0,0.0,LOW
CUST004502,30,0,19.25,12.425000000342862,1.63244247203623e-08,55,0,0,0,0.0,LOW
CUST004507,22,0,19.25,11.613636363702954,3.6624325319230047e-09,55,0,0,0,0.0,LOW
CUST004509,23,0,19.25,12.02173913287795,1.394886344530805e-07,55,0,0,0,0.0,LOW
CUST004516,20,0,19.25,12.162500017247408,5.800418690654704e-07,55,0,0,0,0.0,LOW
CUST004528,27,0,19.25,12.120397356407208,0.001821476524077084,55,0,0,0,0.0,LOW
CUST004555,32,0,19.25,11.757813608691384,8.456567743193634e-05,55,0,0,0,0.0,LOW
CUST004566,22,0,19.25,12.25000000090646,3.9115935437019476e-08,55,0,0,0,0.0,LOW
CUST004609,21,0,19.25,12.166668004834683,6.2303541480716e-05,55,0,0,0,0.0,LOW
CUST004618,38,0,19.25,12.157896209224944,0.0001397102879545485,55,0,0,0,0.0,LOW
CUST004626,18,0,19.25,12.541666667839998,5.279262840002775e-08,55,0,0,0,0.0,LOW
CUST004638,30,0,19.25,11.9583335469324,1.3969621669551437e-05,55,0,0,0,0.0,LOW
CUST004653,28,0,19.25,11.81250860403984,0.0004605615199219227,55,0,0,0,0.0,LOW
CUST004658,37,0,19.25,11.729893072280206,0.01502416048725,55,0,0,0,0.0,LOW
CUST004751,26,0,19.25,12.115384616998709,1.015305638898906e-07,55,0,0,0,0.0,LOW
CUST004753,18,0,19.25,12.347222590165302,1.5786901189875926e-05,55,0,0,0,0.0,LOW
CUST004761,32,0,19.25,12.304687501729536,1.041332206377975e-07,55,0,0,0,0.0,LOW
CUST004770,22,0,19.25,12.090909125815978,1.854079215003937e-06,55,0,0,0,0.0,LOW
CUST004774,26,0,19.25,12.317307718789733,1.7210918703730266e-06,55,0,0,0,0.0,LOW
CUST004799,20,0,19.25,12.162500067011505,1.6961199331306342e-06,55,0,0,0,0.0,LOW
CUST004801,23,0,19.25,12.402179499026056,0.0003099637098905445,55,0,0,0,0.0,LOW
CUST004807,26,0,19.25,11.980800182893026,0.0013503844361144818,55,0,0,0,0.0,LOW
CUST004842,29,0,19.25,11.948275873608017,4.5803707054287004e-07,55,0,0,0,0.0,LOW
CUST004859,17,0,19.25,12.147058899431933,2.437744164326218e-06,55,0,0,0,0.0,LOW
CUST004864,27,0,19.25,11.990742873985566,0.00012329980351575851,55,0,0,0,0.0,LOW
CUST004878,30,0,19.25,12.308333333522675,6.286244931198657e-09,55,0,0,0,0.0,LOW
CUST004927,26,0,19.25,12.115384697099746,4.80291886572685e-06,55,0,0,0,0.0,LOW
CUST004933,17,0,19.25,12.147061002017772,9.252371914686518e-05,55,0,0,0,0.0,LOW
CUST004949,24,0,19.25,11.739589801333318,0.0003061065431310964,55,0,0,0,0.0,LOW
CUST001349,31,0,17.511363637898697,12.137806606385919,0.028409094746740002,50,0,0,0,0.0,LOW
CUST004749,28,0,17.502568493123796,11.562598080729554,0.006421232809486116,50,0,0,0,0.0,LOW
CUST004093,15,0,17.50140137873136,4.785013976118634,0.054338312085930006,50,0,0,0,0.0,LOW
CUST002331,21,0,17.501292465614288,11.666728241101108,0.003231164035718426,50,0,0,0,0.0,LOW
CUST003226,22,0,17.500704730592698,11.852304795430685,0.0017618264817412079,50,0,0,0,0.0,LOW
CUST001352,26,0,17.50067714224213,11.846180702087203,0.0016928556053238172,50,0,0,0,0.0,LOW
CUST003921,33,0,17.500449897079516,11.401529280044723,0.0011247426987864382,50,0,0,0,0.0,LOW
CUST003206,27,0,17.500384405194367,11.66668129715019,0.0009610129859222448,50,0,0,0,0.0,LOW
CUST002981,27,0,17.500355846447846,11.925939130883327,0.0008896161196182527,50,0,0,0,0.0,LOW
CUST004824,35,0,17.50025357929002,12.150468008690316,0.040189150445979996,50,0,0,0,0.0,LOW
CUST004688,23,0,17.500246972971443,12.173978196501025,0.003105806577996466,50,0,0,0,0.0,LOW
CUST001142,23,0,17.50023431800932,11.717408037622414,0.0005857950232970771,50,0,0,0,0.0,LOW
CUST003993,22,0,17.500186259023234,12.09091757769432,0.00046564755808693644,50,0,0,0,0.0,LOW
CUST002388,31,0,17.5001257950637,12.024200163499005,0.00031448765925140505,50,0,0,0,0.0,LOW
CUST000590,22,0,17.500084613599878,12.32955077503857,0.0002115339996915472,50,0,0,0,0.0,LOW
CUST000959,28,0,17.500074456557332,11.750002698847199,0.00018614139333370463,50,0,0,0,0.0,LOW
CUST001373,26,0,17.500044076155483,11.71154502046443,0.0003159344831424686,50,0,0,0,0.0,LOW
CUST003092,16,0,17.50002502967167,12.14062656435563,6.257417917094456e-05,50,0,0,0,0.0,LOW
CUST004079,27,0,17.500021799739557,11.731497160459437,0.0009251670307040399,50,0,0,0,0.0,LOW
CUST003086,26,0,17.50001982188453,12.115385378325149,4.9554711318948635e-05,50,0,0,0,0.0,LOW
CUST004551,33,0,17.500019783686174,12.250000602828901,4.945921543016714e-05,50,0,0,0,0.0,LOW
CUST004671,20,0,17.50001786449618,12.337501131556667,4.466124044679221e-05,50,0,0,0,0.0,LOW
CUST002169,21,0,17.50001288771321,11.916667813420041,3.221928302766075e-05,50,0,0,0,0.0,LOW
CUST001140,17,0,17.500006148340653,12.044120502145981,9.5537823642864e-05,50,0,0,0,0.0,LOW
CUST000712,32,0,17.500005617345145,11.81250018645768,1.4043362864382213e-05,50,0,0,0,0.0,LOW
CUST001024,17,0,17.500004731892854,12.14705914358559,1.1829732140278104e-05,50,0,0,0,0.0,LOW
CUST001877,28,0,17.500003985161204,11.437500196832726,9.962903007277445e-06,50,0,0,0,0.0,LOW
CUST003045,17,0,17.500003418235348,12.14705902460208,8.545588370042747e-06,50,0,0,0,0.0,LOW
CUST004427,19,0,17.500003250887904,11.789473856373874,8.127219760228388e-06,50,0,0,0,0.0,LOW
CUST004966,27,0,17.500003027440727,11.796296412596819,7.568601813852356e-06,50,0,0,0,0.0,LOW
CUST003684,27,0,17.50000287146819,11.537037186769906,7.17867047270357e-06,50,0,0,0,0.0,LOW
CUST000675,20,0,17.50000211490035,12.600001213657457,5.357995853740599e-05,50,0,0,0,0.0,LOW
CUST004227,29,0,17.500002054535617,12.068965773012804,1.3202727138221097e-05,50,0,0,0,0.0,LOW
CUST004898,22,0,17.500001994589823,11.772727382449307,4.9864745576244864e-06,50,0,0,0,0.0,LOW
CUST003062,28,0,17.50000151490958,12.125004783892782,0.0003272843198911442,50,0,0,0,0.0,LOW
CUST002510,30,0,17.500001394535378,12.016668525416545,0.00012751950385105556,50,0,0,0,0.0,LOW
CUST004202,18,0,17.50000135070976,12.152778054945081,9.06072321129004e-06,50,0,0,0,0.0,LOW
CUST002369,27,0,17.50000130251248,11.472225113741539,0.0001919200951683764,50,0,0,0,0.0,LOW
CUST001916,23,0,17.50000127495448,12.097826696074234,1.9049428115245318e-05,50,0,0,0,0.0,LOW
CUST000474,23,0,17.50000107958767,12.097827610476214,7.938928374787763e-05,50,0,0,0,0.0,LOW
CUST000255,16,0,17.50000101415444,12.46875006339821,2.535386096488137e-06,50,0,0,0,0.0,LOW
CUST000258,25,0,17.500000949352756,11.480000534118053,2.071095300031719e-05,50,0,0,0,0.0,LOW
CUST000882,26,0,17.50000093663075,12.317337624741613,0.0019227107351909082,50,0,0,0,0.0,LOW
CUST004843,21,0,17.50000089282483,12.000000049869458,2.2320620687630588e-06,50,0,0,0,0.0,LOW
CUST004310,28,0,17.500000763375137,12.250128104833744,0.00888775561771708,50,0,0,0,0.0,LOW
CUST002301,25,0,17.50000058689183,11.760000024923093,1.4672295702470838e-06,50,0,0,0,0.0,LOW
CUST001676,24,0,17.500000496889342,11.958333417565475,2.615394876722658e-06,50,0,0,0,0.0,LOW
CUST003216,30,0,17.500000309720388,11.95833338333735,2.3890377693347182e-06,50,0,0,0,0.0,LOW
CUST000641,36,0,17.50000030716497,11.666666750970412,6.6497890036034825e-06,50,0,0,0,0.0,LOW
CUST002326,31,0,17.500000244439416,11.96774252042856,3.61241410172145e-05,50,0,0,0,0.0,LOW
CUST004492,30,0,17.500000190137545,11.376317284928467,0.09577348622526,50,0,0,0,0.0,LOW
CUST004840,34,0,17.500000184595738,11.786985949749255,0.01863627770392,50,0,0,0,0.0,LOW
CUST004755,23,0,17.500000174812694,11.793478318314467,1.6187099546960713e-06,50,0,0,0,0.0,LOW
CUST003662,29,0,17.500000134913815,11.70689721797332,3.7579626663443516e-05,50,0,0,0,0.0,LOW
CUST002547,25,0,17.500000128714422,12.180000368505917,2.261526674989784e-05,50,0,0,0,0.0,LOW
CUST000646,24,0,17.5000001276528,11.885416677313351,3.191320049422597e-07,50,0,0,0,0.0,LOW
CUST002418,20,0,17.50000011872163,11.462500027030018,1.0054120727317224e-06,50,0,0,0,0.0,LOW
CUST004802,28,0,17.5000001046494,12.125000005630158,2.61623499628044e-07,50,0,0,0,0.0,LOW
CUST004476,28,0,17.5000000876261,12.187500003129504,2.190652423095257e-07,50,0,0,0,0.0,LOW
CUST003144,24,0,17.500000084554266,12.031250044540167,2.452332160948379e-06,50,0,0,0,0.0,LOW
CUST002541,28,0,17.500000084429384,11.875048193148823,0.0033532928198185524,50,0,0,0,0.0,LOW
CUST004392,22,0,17.50000005807936,11.693181821573528,1.4519840047695472e-07,50,0,0,0,0.0,LOW
CUST000457,22,0,17.500000048795933,12.32954546293066,3.3732161011745083e-07,50,0,0,0,0.0,LOW
CUST000398,20,0,17.50000004805,12.075000002652532,1.2012500522229156e-07,50,0,0,0,0.0,LOW
CUST003705,24,0,17.50000004696515,11.958334158686819,4.833679325631232e-05,50,0,0,0,0.0,LOW
CUST003155,30,0,17.500000041906954,12.016666798436368,7.330258282987072e-06,50,0,0,0,0.0,LOW
CUST000802,23,0,17.500000033604948,11.869565439916968,1.1964948077946729e-05,50,0,0,0,0.0,LOW
CUST004787,24,0,17.50000003148926,12.322916668426997,7.872315057426858e-08,50,0,0,0,0.0,LOW
CUST001232,23,0,17.500000027506115,12.40217416868329,1.4269041310147738e-05,50,0,0,0,0.0,LOW
CUST000236,28,0,17.50000002680515,11.81250071382656,3.635616938746946e-05,50,0,0,0,0.0,LOW
CUST004950,22,0,17.500000019150455,11.772727275543117,6.239363104395615e-08,50,0,0,0,0.0,LOW
CUST004450,22,0,17.5000000143334,11.772727276325787,1.6207686336344663e-07,50,0,0,0,0.0,LOW
CUST002914,26,0,17.500000013580674,12.18269307673751,4.227555549135313e-05,50,0,0,0,0.0,LOW
CUST001316,18,0,17.500000011684904,12.055555556456097,2.9212262185819135e-08,50,0,0,0,0.0,LOW
CUST003989,23,0,17.500000010126943,12.02173914535296,8.268152861412361e-07,50,0,0,0,0.0,LOW
CUST003978,25,0,17.50000000868309,12.600015178812571,0.0009445262093358278,50,0,0,0,0.0,LOW
CUST001181,25,0,17.500000006750106,11.550001907944159,6.331554100149793e-05,50,0,0,0,0.0,LOW
CUST000185,24,0,17.50000000648699,11.666676189234456,0.0005688934803102665,50,0,0,0,0.0,LOW
CUST001536,18,0,17.500000005557272,11.569444453488309,3.514534183400609e-07,50,0,0,0,0.0,LOW
CUST002974,25,0,17.5000000049601,12.250000189018028,8.72573624350195e-06,50,0,0,0,0.0,LOW
CUST002578,21,0,17.500000004835268,11.500000036811965,1.8671860785935084e-06,50,0,0,0,0.0,LOW
CUST001338,19,0,17.500000004076075,11.69737186072209,0.00016310621846111857,50,0,0,0,0.0,LOW
CUST001364,22,0,17.500000003699704,12.170454545625892,9.249260096602351e-09,50,0,0,0,0.0,LOW
CUST002231,22,0,17.500000003226994,12.011363636550845,8.067483620493733e-09,50,0,0,0,0.0,LOW
CUST001198,21,0,17.50000000282833,11.833333333883218,2.179811548224917e-08,50,0,0,0,0.0,LOW
CUST003095,23,0,17.500000002519855,11.945652174288536,7.84855839602889e-09,50,0,0,0,0.0,LOW
CUST003539,26,0,17.500000001882576,11.509638955785498,0.0014525530174604076,50,0,0,0,0.0,LOW
CUST002071,22,0,17.50000000164158,11.931818182154318,8.939727846327322e-09,50,0,0,0,0.0,LOW
CUST000375,25,0,17.500000001512998,12.110000069818241,4.359456967562e-06,50,0,0,0,0.0,LOW
CUST003335,27,0,17.500000001287383,11.925926583904195,4.438711842623506e-05,50,0,0,0,0.0,LOW
CUST004730,23,0,17.500000000997392,11.869565227309913,5.677921698540661e-07,50,0,0,0,0.0,LOW
CUST002404,20,0,17.50000000089105,12.250000968231129,3.533263712020237e-05,50,0,0,0,0.0,LOW
CUST003868,26,0,17.500000000818336,11.576930252471017,0.00046639832266847124,50,0,0,0,0.0,LOW
CUST001169,32,0,17.500000000765464,11.812500005871756,3.763627286002731e-07,50,0,0,0,0.0,LOW
CUST001803,17,0,17.50000000074197,12.14706130004703,0.00010525010720872109,50,0,0,0,0.0,LOW
CUST002954,25,0,17.50000000059679,11.970000000907067,4.0805940871245816e-08,50,0,0,0,0.0,LOW
CUST002581,25,0,17.50000000059003,11.900000089214718,5.5494817068207185e-06,50,0,0,0,0.0,LOW
CUST003966,20,0,17.500000000495174,11.900000009832358,2.6884880493537264e-07,50,0,0,0,0.0,LOW
CUST003120,27,0,17.500000000187153,12.120377677383146,0.0004931598892396576,50,0,0,0,0.0,LOW
CUST001812,20,0,17.500000000119364,11.987522974436363,0.001124173699250837,50,0,0,0,0.0,LOW
CUST000183,17,0,17.5,12.04411764724918,8.090174997851418e-09,50,0,0,0,0.0,LOW
CUST000187,23,0,17.5,12.09782608796539,5.8002865494712074e-08,50,0,0,0,0.0,LOW
CUST000192,19,0,17.5,11.881578951891003,1.9739937098419963e-07,50,0,0,0,0.0,LOW
CUST000201,31,0,17.5,11.854839170578806,3.564599214865987e-05,50,0,0,0,0.0,LOW
CUST000212,30,0,17.5,12.133333567837688,9.04491429237101e-06,50,0,0,0,0.0,LOW
CUST000226,28,0,17.5,11.937500101028617,3.3692291211154493e-06,50,0,0,0,0.0,LOW
CUST000260,29,0,17.5,12.310344971831322,5.918678509225573e-06,50,0,0,0,0.0,LOW
CUST000297,23,0,17.5,11.869565221587234,1.4440182320656666e-07,50,0,0,0,0.0,LOW
CUST000321,17,0,17.5,12.352941176470589,0.0,50,0,0,0,0.0,LOW
CUST000329,25,0,17.5,12.110000004607134,1.787116301939374e-07,50,0,0,0,0.0,LOW
CUST000358,23,0,17.5,11.793478260958944,2.4056699597442807e-09,50,0,0,0,0.0,LOW
CUST000361,27,0,17.5,11.990741154597215,1.8490017788661197e-05,50,0,0,0,0.0,LOW
CUST000369,36,0,17.5,11.569445603902558,8.554581907173551e-05,50,0,0,0,0.0,LOW
CUST000373,25,0,17.5,11.69000000172185,1.048966508628915e-07,50,0,0,0,0.0,LOW
CUST000389,24,0,17.5,11.59375045438899,2.5074836376779887e-05,50,0,0,0,0.0,LOW
CUST000421,27,0,17.5,12.250000018115438,1.2065812954641559e-06,50,0,0,0,0.0,LOW
CUST000430,26,0,17.5,11.913461547171124,3.476492388506422e-07,50,0,0,0,0.0,LOW
CUST000443,28,0,17.5,11.437565357204353,0.0045733991713234,50,0,0,0,0.0,LOW
CUST000464,29,0,17.5,11.706896807325439,1.840221064024185e-05,50,0,0,0,0.0,LOW
CUST000466,24,0,17.5,11.52083349863382,4.876611391428872e-06,50,0,0,0,0.0,LOW
CUST000471,26,0,17.5,11.980781907481706,0.0008235245261181954,50,0,0,0,0.0,LOW
CUST000486,25,0,17.5,11.970000002486213,1.1030711731001672e-07,50,0,0,0,0.0,LOW
CUST000495,21,0,17.5,11.91666707989258,1.794361807062912e-05,50,0,0,0,0.0,LOW
CUST000515,26,0,17.5,12.115384638103638,8.822331511612599e-07,50,0,0,0,0.0,LOW
CUST000519,21,0,17.5,11.750038832388286,0.0020386357093611592,50,0,0,0,0.0,LOW
CUST000558,24,0,17.5,11.812500032713594,1.8725248173057331e-06,50,0,0,0,0.0,LOW
CUST000559,18,0,17.5,12.347224458309821,0.00010052324319538871,50,0,0,0,0.0,LOW
CUST000568,40,0,17.5,11.812500716988826,6.0188959062326226e-05,50,0,0,0,0.0,LOW
CUST000588,24,0,17.5,12.031250135535304,8.125204612559407e-06,50,0,0,0,0.0,LOW
CUST000605,29,0,17.5,12.189655175487106,1.8501616858608118e-07,50,0,0,0,0.0,LOW
CUST000608,31,0,17.5,11.51613663649763,0.0005891879983532316,50,0,0,0,0.0,LOW
CUST000612,23,0,17.5,12.250000000480028,2.7200398823083865e-08,50,0,0,0,0.0,LOW
CUST000635,30,0,17.5,11.725000140970012,8.920437601133294e-06,50,0,0,0,0.0,LOW
CUST000638,28,0,17.5,12.000000007045868,4.738643739512921e-07,50,0,0,0,0.0,LOW
CUST000639,26,0,17.5,11.778846155931273,8.793348152229936e-08,50,0,0,0,0.0,LOW
CUST000657,25,0,17.5,11.69000059395301,3.659880748915235e-05,50,0,0,0,0.0,LOW
CUST000680,24,0,17.5,12.395833576922419,1.4612978895909696e-05,50,0,0,0,0.0,LOW
CUST000684,26,0,17.5,11.980770311421757,6.250178735142815e-05,50,0,0,0,0.0,LOW
CUST000688,29,0,17.5,12.068965622624416,7.498930077723425e-06,50,0,0,0,0.0,LOW
CUST000709,27,0,17.5,11.861113742395915,0.00010144856586719839,50,0,0,0,0.0,LOW
CUST000711,22,0,17.5,11.693181827111902,4.256943892531357e-07,50,0,0,0,0.0,LOW
CUST000735,26,0,17.5,12.115384794016848,7.026346471290569e-06,50,0,0,0,0.0,LOW
CUST000759,22,0,17.5,11.693182744094797,4.6462868376531107e-05,50,0,0,0,0.0,LOW
CUST000770,32,0,17.5,11.812500016767455,5.327664830263358e-07,50,0,0,0,0.0,LOW
CUST000772,21,0,17.5,11.75,0.0,50,0,0,0,0.0,LOW
CUST000779,20,0,17.5,5.250000575865734,2.879188776610441e-05,50,0,0,0,0.0,LOW
CUST000792,23,0,17.5,11.869565217572458,1.0293440340401302e-08,50,0,0,0,0.0,LOW
CUST000795,29,0,17.5,11.82758621164469,3.411095052784368e-07,50,0,0,0,0.0,LOW
CUST000805,35,0,17.5,11.95000000030519,1.617277262471174e-08,50,0,0,0,0.0,LOW
CUST000811,23,0,17.5,11.793478274821926,7.953786688657962e-07,50,0,0,0,0.0,LOW
CUST000817,20,0,17.5,11.900254396594072,0.01253804901911,50,0,0,0,0.0,LOW
CUST000821,25,0,17.5,11.97000090265415,5.230174575178845e-05,50,0,0,0,0.0,LOW
CUST000837,29,0,17.5,11.706897384996578,6.020039420814344e-05,50,0,0,0,0.0,LOW
CUST000859,20,0,17.5,12.162500322112137,1.4199409974788199e-05,50,0,0,0,0.0,LOW
CUST000880,25,0,17.5,12.390000004927458,2.109174978800648e-07,50,0,0,0,0.0,LOW
CUST000915,25,0,17.5,11.69000000142159,7.44844540041664e-08,50,0,0,0,0.0,LOW
CUST000933,21,0,17.5,12.416680826556485,0.0007420491749048968,50,0,0,0,0.0,LOW
CUST000935,19,0,17.5,12.065789473715093,7.355320912525025e-10,50,0,0,0,0.0,LOW
CUST000950,29,0,17.5,12.008620979412173,1.4464570740931593e-05,50,0,0,0,0.0,LOW
CUST000952,33,0,17.5,11.878787914275623,1.5629654923386648e-06,50,0,0,0,0.0,LOW
CUST000955,17,0,17.5,12.455887785289837,0.0002308747121903558,50,0,0,0,0.0,LOW
CUST000962,25,0,17.5,12.040000015269444,3.801016183727679e-07,50,0,0,0,0.0,LOW
CUST001007,23,0,17.5,12.021739142097625,6.252217222828104e-07,50,0,0,0,0.0,LOW
CUST001038,29,0,17.5,11.767242318598585,6.774937496686549e-05,50,0,0,0,0.0,LOW
CUST001041,24,0,17.5,11.958335022069798,0.00010130729088923745,50,0,0,0,0.0,LOW
CUST001072,24,0,17.5,11.812521653968084,0.001109919341254464,50,0,0,0,0.0,LOW
CUST001092,30,0,17.5,11.37500815718259,0.0006113341107463096,50,0,0,0,0.0,LOW
CUST001101,23,0,17.5,12.173913051044133,3.8424918818353953e-07,50,0,0,0,0.0,LOW
CUST001104,26,0,17.5,11.849577045824258,0.21545988678215003,50,0,0,0,0.0,LOW
CUST001126,19,0,17.5,11.973684442940359,9.130230168073368e-06,50,0,0,0,0.0,LOW
CUST001139,14,0,17.5,12.50000008695065,3.0432516325079873e-06,50,0,0,0,0.0,LOW
CUST001168,34,0,17.5,11.992647076779479,1.3094511431839197e-06,50,0,0,0,0.0,LOW
CUST001171,13,0,17.5,12.519234296326262,0.00011282567199305943,50,0,0,0,0.0,LOW
CUST001174,16,0,17.5,12.359375043106853,1.718457276277483e-06,50,0,0,0,0.0,LOW
CUST001220,29,0,17.5,11.88793103527288,4.1839420184621826e-08,50,0,0,0,0.0,LOW
CUST001231,32,0,17.5,11.593752037630892,0.00015070919148626351,50,0,0,0,0.0,LOW
CUST001247,27,0,17.5,11.601858948431486,0.0004789912082283633,50,0,0,0,0.0,LOW
CUST001255,29,0,17.5,11.827602298439023,0.0010714591827981445,50,0,0,0,0.0,LOW
CUST001262,26,0,17.5,11.980769304029833,3.88871072155066e-06,50,0,0,0,0.0,LOW
CUST001266,23,0,17.5,11.86956529963992,1.897065222277556e-06,50,0,0,0,0.0,LOW
CUST001268,28,0,17.5,11.625005855145517,0.00039962701555963583,50,0,0,0,0.0,LOW
CUST001314,25,0,17.5,12.040026969922977,0.0008259112726280357,50,0,0,0,0.0,LOW
CUST001315,27,0,17.5,11.666666782729301,7.830981439396274e-06,50,0,0,0,0.0,LOW
CUST001328,20,0,17.5,12.162500135338075,5.00303827212342e-06,50,0,0,0,0.0,LOW
CUST001344,16,0,17.5,12.468750000011797,4.718704926661763e-10,50,0,0,0,0.0,LOW
CUST001353,23,0,17.5,12.250000906823859,5.197026755407398e-05,50,0,0,0,0.0,LOW
CUST001354,18,0,17.5,11.375001334680869,5.938595550634687e-05,50,0,0,0,0.0,LOW
CUST001361,24,0,17.5,12.177083333340747,4.448649024188338e-10,50,0,0,0,0.0,LOW
CUST001370,27,0,17.5,11.925925949898565,1.1145645270391525e-06,50,0,0,0,0.0,LOW
CUST001383,24,0,17.5,12.031250112320764,6.201440650533261e-06,50,0,0,0,0.0,LOW
CUST001390,23,0,17.5,11.717391523179856,1.0680707736078787e-05,50,0,0,0,0.0,LOW
CUST001395,32,0,17.5,12.140627649509227,0.00021092518172799465,50,0,0,0,0.0,LOW
CUST001398,27,0,17.5,12.703703711888453,2.734042646222122e-07,50,0,0,0,0.0,LOW
CUST001451,32,0,17.5,11.539062534434985,1.306892034465879e-06,50,0,0,0,0.0,LOW
CUST001498,20,0,17.5,11.81250010215183,4.964086822055095e-06,50,0,0,0,0.0,LOW
CUST001513,20,0,17.5,11.812500007141654,3.4873374194079075e-07,50,0,0,0,0.0,LOW
CUST001550,38,0,17.5,11.835534108864907,0.0006412988255239147,50,0,0,0,0.0,LOW
CUST001552,18,0,17.5,12.152777778604353,2.6712281794413575e-08,50,0,0,0,0.0,LOW
CUST001554,21,0,17.5,12.000000054330883,2.8034582309339354e-06,50,0,0,0,0.0,LOW
CUST001566,23,0,17.5,11.945657129227053,0.00027307289988742165,50,0,0,0,0.0,LOW
CUST001633,21,0,17.5,12.333333334112503,2.7118413933619786e-08,50,0,0,0,0.0,LOW
CUST001634,27,0,17.5,11.990740987132808,9.511645359577157e-06,50,0,0,0,0.0,LOW
CUST001644,27,0,17.5,11.666716898687728,0.0033865849837640067,50,0,0,0,0.0,LOW
CUST001653,25,0,17.5,12.040000096047345,5.827916858790232e-06,50,0,0,0,0.0,LOW
CUST001660,17,0,17.5,11.941176796157693,9.089434838174629e-06,50,0,0,0,0.0,LOW
CUST001707,23,0,17.5,11.413043559500135,3.3293768036591565e-06,50,0,0,0,0.0,LOW
CUST001718,30,0,17.5,11.375000957988862,7.171885334917449e-05,50,0,0,0,0.0,LOW
CUST001720,39,0,17.5,11.622182503739744,0.03759553733222,50,0,0,0,0.0,LOW
CUST001727,27,0,17.5,12.120370384947014,8.582641009759215e-07,50,0,0,0,0.0,LOW
CUST001754,32,0,17.5,11.921924519875747,0.00396155381460765,50,0,0,0,0.0,LOW
CUST001761,20,0,17.5,11.637500097627015,2.104838073710499e-06,50,0,0,0,0.0,LOW
CUST001784,30,0,17.5,11.900028905219894,0.001962306607731477,50,0,0,0,0.0,LOW
CUST001805,19,0,17.5,5.710559948594549,0.000998430430265169,50,0,0,0,0.0,LOW
CUST001806,18,0,17.5,11.958333333361205,1.084225626847363e-09,50,0,0,0,0.0,LOW
CUST001814,22,0,17.5,11.772727275138827,1.1439146203793902e-07,50,0,0,0,0.0,LOW
CUST001817,32,0,17.5,11.867189471808407,0.0001108917656534308,50,0,0,0,0.0,LOW
CUST001833,18,0,17.5,11.86111252837945,6.37626349155102e-05,50,0,0,0,0.0,LOW
CUST001871,24,0,17.5,11.885427811778152,0.0006670151415385514,50,0,0,0,0.0,LOW
CUST001872,30,0,17.5,12.250004589979904,0.0003268820145666844,50,0,0,0,0.0,LOW
CUST001874,25,0,17.5,11.48000000020614,5.716406031930463e-09,50,0,0,0,0.0,LOW
CUST001883,21,0,17.5,12.25000001295533,6.800484927292882e-07,50,0,0,0,0.0,LOW
CUST001908,29,0,17.5,12.310344957516673,7.250449098433482e-06,50,0,0,0,0.0,LOW
CUST001910,18,0,17.5,12.25000001460293,6.407561393532411e-07,50,0,0,0,0.0,LOW
CUST001942,29,0,17.5,11.948275864314272,9.764708260973755e-08,50,0,0,0,0.0,LOW
CUST001955,23,0,17.5,11.793478260913139,2.068333631901979e-09,50,0,0,0,0.0,LOW
CUST001967,23,0,17.5,11.793478269559461,4.82878805409173e-07,50,0,0,0,0.0,LOW
CUST001988,30,0,17.5,12.13333350727106,1.087523102604822e-05,50,0,0,0,0.0,LOW
CUST001991,18,0,17.5,11.86111111325647,5.589069728526277e-08,50,0,0,0,0.0,LOW
CUST002023,30,0,17.5,12.075004266741335,0.0003198589438514366,50,0,0,0,0.0,LOW
CUST002024,25,0,17.5,11.90000723283862,0.0004458203000684975,50,0,0,0,0.0,LOW
CUST002029,18,0,17.5,12.444444444455256,3.413329211572467e-10,50,0,0,0,0.0,LOW
CUST002030,28,0,17.5,11.562500022257769,8.076010088400732e-07,50,0,0,0,0.0,LOW
CUST002048,25,0,17.5,11.900000069429097,1.6193730020095471e-06,50,0,0,0,0.0,LOW
CUST002057,20,0,17.5,11.725002228809014,0.0001080234327774111,50,0,0,0,0.0,LOW
CUST002058,24,0,17.5,12.250004932605476,0.00016059321711841396,50,0,0,0,0.0,LOW
CUST002091,25,0,17.5,11.830000007456709,4.366741612803989e-07,50,0,0,0,0.0,LOW
CUST002105,24,0,17.5,11.958352045095609,0.001112258004698818,50,0,0,0,0.0,LOW
CUST002150,25,0,17.5,11.690006219068914,0.00022704760194037599,50,0,0,0,0.0,LOW
CUST002201,22,0,17.5,12.329545455508919,4.510353505422111e-08,50,0,0,0,0.0,LOW
CUST002218,24,0,17.5,12.031254835246349,0.00028287027579238443,50,0,0,0,0.0,LOW
CUST002245,25,0,17.5,12.460000000000006,4.129644987857307e-13,50,0,0,0,0.0,LOW
CUST002253,22,0,17.5,12.409090913151898,1.8381397894242107e-07,50,0,0,0,0.0,LOW
CUST002273,25,0,17.5,12.320002655085432,9.5048244002479e-05,50,0,0,0,0.0,LOW
CUST002284,21,0,17.5,11.916670512306773,0.00012736220049917575,50,0,0,0,0.0,LOW
CUST002314,27,0,17.5,12.37962967599666,3.093297531232023e-06,50,0,0,0,0.0,LOW
CUST002316,30,0,17.5,12.075000047337094,3.1815276306514043e-06,50,0,0,0,0.0,LOW
CUST002327,37,0,17.5,12.013518444661461,0.0004560801884349005,50,0,0,0,0.0,LOW
CUST002340,23,0,17.5,11.86956535796314,8.082749063258759e-06,50,0,0,0,0.0,LOW
CUST002360,24,0,17.5,11.95833336170647,1.7023881379999936e-06,50,0,0,0,0.0,LOW
CUST002366,29,0,17.5,11.646551787663352,4.422491430177606e-06,50,0,0,0,0.0,LOW
CUST002391,17,0,17.5,11.632352941178581,8.964593499830806e-11,50,0,0,0,0.0,LOW
CUST002402,28,0,17.5,11.687516736172569,0.0010875186790154407,50,0,0,0,0.0,LOW
CUST002407,22,0,17.5,11.85227431919821,4.90015075136353e-05,50,0,0,0,0.0,LOW
CUST002410,25,0,17.5,11.970000007316628,4.4283763353940864e-07,50,0,0,0,0.0,LOW
CUST002431,17,0,17.5,11.838235295496053,4.37177356318411e-08,50,0,0,0,0.0,LOW
CUST002448,13,0,17.5,12.384615391078565,2.100533210654127e-07,50,0,0,0,0.0,LOW
CUST002459,20,0,17.5,12.162500767892006,3.837534153815878e-05,50,0,0,0,0.0,LOW
CUST002480,27,0,17.5,11.861439196872665,0.02211913530943,50,0,0,0,0.0,LOW
CUST002486,18,0,17.5,11.763888938824984,2.077482590331796e-06,50,0,0,0,0.0,LOW
CUST002504,28,0,17.5,11.937500109503144,7.34515704100578e-06,50,0,0,0,0.0,LOW
CUST002505,27,0,17.5,11.666666767845632,3.586897792077869e-06,50,0,0,0,0.0,LOW
CUST002515,20,0,17.5,12.075000454438955,2.0787283973076908e-05,50,0,0,0,0.0,LOW
CUST002549,23,0,17.5,11.717393495015207,0.00011791078270503874,50,0,0,0,0.0,LOW
CUST002551,34,0,17.5,11.683823535853286,5.474489428073008e-07,50,0,0,0,0.0,LOW
CUST002585,19,0,17.5,12.250000000259591,1.229875941559971e-08,50,0,0,0,0.0,LOW
CUST002608,28,0,17.5,11.875000017364433,8.860207418475563e-07,50,0,0,0,0.0,LOW
CUST002614,18,0,17.5,12.05555578176105,1.01113467128578e-05,50,0,0,0,0.0,LOW
CUST002628,24,0,17.5,11.885416666772445,5.5151813929568325e-09,50,0,0,0,0.0,LOW
CUST002630,19,0,17.5,11.973684210749287,1.0561361591011988e-08,50,0,0,0,0.0,LOW
CUST002632,26,0,17.5,11.77884739479151,7.981561675912808e-05,50,0,0,0,0.0,LOW
CUST002639,30,0,17.5,12.075000402758587,1.929483903245268e-05,50,0,0,0,0.0,LOW
CUST002652,28,0,17.5,11.937568668714352,0.004544683824740815,50,0,0,0,0.0,LOW
CUST002661,22,0,17.5,11.613636418715183,1.8264832170523297e-06,50,0,0,0,0.0,LOW
CUST002669,28,0,17.5,11.750000267345841,1.816173755686459e-05,50,0,0,0,0.0,LOW
CUST002692,30,0,17.5,11.725000002010649,7.1490683325389e-08,50,0,0,0,0.0,LOW
CUST002715,26,0,17.5,11.846153987591133,8.684268427276934e-06,50,0,0,0,0.0,LOW
CUST002716,21,0,17.5,11.750000040110324,2.087193942738201e-06,50,0,0,0,0.0,LOW
CUST002763,28,0,17.5,12.312501060297349,6.057152466302856e-05,50,0,0,0,0.0,LOW
CUST002765,28,0,17.5,11.750001381563989,9.656623318702738e-05,50,0,0,0,0.0,LOW
CUST002770,18,0,17.5,12.250000002307395,6.923705979517075e-08,50,0,0,0,0.0,LOW
CUST002829,19,0,17.5,11.88157896466284,8.206321494564996e-07,50,0,0,0,0.0,LOW
CUST002830,21,0,17.5,12.083333349744994,7.555113123141156e-07,50,0,0,0,0.0,LOW
CUST002855,19,0,17.5,12.065795635139315,0.00029231539986471493,50,0,0,0,0.0,LOW
CUST002877,25,0,17.5,11.830000207567796,6.623961455301404e-06,50,0,0,0,0.0,LOW
CUST002895,23,0,17.5,12.097826102660367,5.965962410364386e-07,50,0,0,0,0.0,LOW
CUST002915,30,0,17.5,11.900000000189369,7.987663666621001e-09,50,0,0,0,0.0,LOW
CUST002918,22,0,17.5,11.93182267851414,0.00024366305607422846,50,0,0,0,0.0,LOW
CUST002919,23,0,17.5,11.718297403116537,0.05209551633327,50,0,0,0,0.0,LOW
CUST002921,21,0,17.5,11.750005397710945,0.00016414090263768444,50,0,0,0,0.0,LOW
CUST002942,27,0,17.5,11.925929979066277,0.0001826338028086694,50,0,0,0,0.0,LOW
CUST002956,22,0,17.5,12.011363639537153,1.3708397346473973e-07,50,0,0,0,0.0,LOW
CUST002977,18,0,17.5,12.25001178604238,0.0004997738000635134,50,0,0,0,0.0,LOW
CUST002987,20,0,17.5,11.900000202199791,9.985336903637456e-06,50,0,0,0,0.0,LOW
CUST002997,26,0,17.5,11.644246944942388,0.001047584296563807,50,0,0,0,0.0,LOW
CUST003017,22,0,17.5,11.693181878659955,3.325790523502576e-06,50,0,0,0,0.0,LOW
CUST003019,30,0,17.5,12.016669377757129,0.00020329219427377807,50,0,0,0,0.0,LOW
CUST003032,22,0,17.5,11.69331603028083,0.007280270469995751,50,0,0,0,0.0,LOW
CUST003037,28,0,17.5,11.500000002387036,1.3781659167894394e-07,50,0,0,0,0.0,LOW
CUST003057,21,0,17.5,12.583338491710208,0.00027068593425891345,50,0,0,0,0.0,LOW
CUST003066,22,0,17.5,12.1704545628468,9.437952177933746e-07,50,0,0,0,0.0,LOW
CUST003067,18,0,17.5,11.95833390713323,2.1517485923342004e-05,50,0,0,0,0.0,LOW
CUST003069,29,0,17.5,11.767244133591332,0.00019915088162084405,50,0,0,0,0.0,LOW
CUST003073,20,0,17.5,12.075004856049398,0.0002278334585436888,50,0,0,0,0.0,LOW
CUST003101,28,0,17.5,11.687791048778992,0.02034074440684,50,0,0,0,0.0,LOW
CUST003108,27,0,17.5,12.055555559669196,2.2564266688433835e-07,50,0,0,0,0.0,LOW
CUST003113,30,0,17.5,11.783348775345953,0.0011534524519618515,50,0,0,0,0.0,LOW
CUST003143,21,0,17.5,12.083333420108085,3.8010092563643222e-06,50,0,0,0,0.0,LOW
CUST003151,23,0,17.5,12.097827237172732,5.896838035148829e-05,50,0,0,0,0.0,LOW
CUST003175,16,0,17.5,11.921875000000078,3.1272996119259334e-12,50,0,0,0,0.0,LOW
CUST003177,20,0,17.5,11.812500000007839,3.726160430147736e-10,50,0,0,0,0.0,LOW
CUST003218,20,0,17.5,11.987500000599695,2.998475687020835e-08,50,0,0,0,0.0,LOW
CUST003232,20,0,17.5,11.900000406202086,2.0305162085103493e-05,50,0,0,0,0.0,LOW
CUST003249,25,0,17.5,12.040000006227997,1.9427068132547028e-07,50,0,0,0,0.0,LOW
CUST003262,24,0,17.5,12.031250001081352,5.7233271791608416e-08,50,0,0,0,0.0,LOW
CUST003268,25,0,17.5,12.110000026096724,9.071478841711683e-07,50,0,0,0,0.0,LOW
CUST003276,34,0,17.5,11.941218418125274,0.003549515872446829,50,0,0,0,0.0,LOW
CUST003281,31,0,17.5,11.346781010744108,0.00046194226477749893,50,0,0,0,0.0,LOW
CUST003295,25,0,17.5,12.18000000026178,1.635990757267453e-08,50,0,0,0,0.0,LOW
CUST003300,28,0,17.5,12.000001193209346,8.2342896704779e-05,50,0,0,0,0.0,LOW
CUST003359,20,0,17.5,11.812500738520693,3.631063313885189e-05,50,0,0,0,0.0,LOW
CUST003364,20,0,17.5,12.075000007368553,3.6825503179328507e-07,50,0,0,0,0.0,LOW
CUST003367,21,0,17.5,11.75000000576991,1.6180326742713915e-07,50,0,0,0,0.0,LOW
CUST003370,22,0,17.5,11.852272733784524,3.581488072567358e-07,50,0,0,0,0.0,LOW
CUST003373,27,0,17.5,12.120370628029454,1.735019956181351e-05,50,0,0,0,0.0,LOW
CUST003382,33,0,17.5,11.82576027968791,0.00022244221914465524,50,0,0,0,0.0,LOW
CUST003393,27,0,17.5,11.92592602559653,4.1521656256238685e-06,50,0,0,0,0.0,LOW
CUST003407,18,0,17.5,12.152777777828295,1.663063024005126e-09,50,0,0,0,0.0,LOW
CUST003413,25,0,17.5,11.760000034925458,1.7407407797164723e-06,50,0,0,0,0.0,LOW
CUST003414,25,0,17.5,12.180000806205069,4.973978969445908e-05,50,0,0,0,0.0,LOW
CUST003418,27,0,17.5,12.05555571046517,1.0192464227430719e-05,50,0,0,0,0.0,LOW
CUST003441,23,0,17.5,11.869565217678629,1.4169552974127316e-08,50,0,0,0,0.0,LOW
CUST003461,24,0,17.5,12.250000003435739,2.0373820064114608e-07,50,0,0,0,0.0,LOW
CUST003473,20,0,17.5,12.51250160105447,8.005193722766255e-05,50,0,0,0,0.0,LOW
CUST003484,28,0,17.5,11.875000017866062,1.246625577357618e-06,50,0,0,0,0.0,LOW
CUST003494,23,0,17.5,11.869565896902285,3.5798846570620224e-05,50,0,0,0,0.0,LOW
CUST003498,25,0,17.5,12.11000090876499,5.419331293424026e-05,50,0,0,0,0.0,LOW
CUST003524,26,0,17.5,11.778846661060065,2.755731371474032e-05,50,0,0,0,0.0,LOW
CUST003527,21,0,17.5,12.000013357298615,0.0006911638556892658,50,0,0,0,0.0,LOW
CUST003532,25,0,17.5,11.620000020192519,1.2505004354285715e-06,50,0,0,0,0.0,LOW
CUST003584,32,0,17.5,12.031251502041018,0.00012015440544150237,50,0,0,0,0.0,LOW
CUST003604,29,0,17.5,11.767244184415656,0.00013141723587697962,50,0,0,0,0.0,LOW
CUST003641,18,0,17.5,12.444444495423767,9.290971185639768e-07,50,0,0,0,0.0,LOW
CUST003644,31,0,17.5,12.024194157538282,4.355807433086183e-05,50,0,0,0,0.0,LOW
CUST003649,27,0,17.5,12.250000048836862,2.645759152276044e-06,50,0,0,0,0.0,LOW
CUST003665,30,0,17.5,11.725000055068032,4.053304859106823e-06,50,0,0,0,0.0,LOW
CUST003666,20,0,17.5,11.987500015245187,7.611599340262909e-07,50,0,0,0,0.0,LOW
CUST003695,23,0,17.5,12.173913079971195,1.8098429967672523e-06,50,0,0,0,0.0,LOW
CUST003698,27,0,17.5,12.18518519126017,3.942464073665937e-07,50,0,0,0,0.0,LOW
CUST003727,32,0,17.5,12.085938143384178,4.494309806332509e-05,50,0,0,0,0.0,LOW
CUST003728,22,0,17.5,12.329545459105026,2.498038009296556e-07,50,0,0,0,0.0,LOW
CUST003734,24,0,17.5,11.958333515580597,1.0561656322522013e-05,50,0,0,0,0.0,LOW
CUST003755,22,0,17.5,11.931818210971846,8.380872243696101e-07,50,0,0,0,0.0,LOW
CUST003786,25,0,17.5,12.46002848818195,0.0017804886680901411,50,0,0,0,0.0,LOW
CUST003797,21,0,17.5,12.083340573164755,0.00037916055089227415,50,0,0,0,0.0,LOW
CUST003818,29,0,17.5,12.068966132974714,4.441870364802005e-05,50,0,0,0,0.0,LOW
CUST003822,31,0,17.5,11.741935608643606,9.48275055971383e-06,50,0,0,0,0.0,LOW
CUST003824,22,0,17.5,12.250000031343653,1.6985188768444154e-06,50,0,0,0,0.0,LOW
CUST003836,30,0,17.5,11.841666668200935,6.77652462444733e-08,50,0,0,0,0.0,LOW
CUST003859,23,0,17.5,11.565217875104187,2.1401695456714858e-05,50,0,0,0,0.0,LOW
CUST003902,20,0,17.5,12.162500004177392,8.905820830981456e-08,50,0,0,0,0.0,LOW
CUST003914,26,0,17.5,11.846153859289124,7.168255584053201e-07,50,0,0,0,0.0,LOW
CUST003931,24,0,17.5,12.395833333931344,3.491652875724157e-08,50,0,0,0,0.0,LOW
CUST003953,19,0,17.5,12.802631579182053,1.0280581051268175e-08,50,0,0,0,0.0,LOW
CUST003985,29,0,17.5,11.887931060567244,1.629621001051405e-06,50,0,0,0,0.0,LOW
CUST004024,28,0,17.5,11.937501330920668,9.314536171423469e-05,50,0,0,0,0.0,LOW
CUST004039,26,0,17.5,11.980769931293953,4.367190401437222e-05,50,0,0,0,0.0,LOW
CUST004064,17,0,17.5,12.250000000043173,1.802592877451034e-09,50,0,0,0,0.0,LOW
CUST004073,32,0,17.5,11.812501963643916,8.377488836176378e-05,50,0,0,0,0.0,LOW
CUST004076,21,0,17.5,11.916666689040264,1.0282045436529688e-06,50,0,0,0,0.0,LOW
CUST004077,20,0,17.5,12.075000026913436,1.3405301803379773e-06,50,0,0,0,0.0,LOW
CUST004089,29,0,17.5,12.129310349485026,2.790300020125867e-07,50,0,0,0,0.0,LOW
CUST004126,20,0,17.5,12.162500073996474,2.789790540026271e-06,50,0,0,0,0.0,LOW
CUST004128,33,0,17.5,11.878787956645787,5.183626691761254e-06,50,0,0,0,0.0,LOW
CUST004143,17,0,17.5,12.970588235996082,2.8703028135671257e-08,50,0,0,0,0.0,LOW
CUST004144,23,0,17.5,12.326087912397751,4.8823275116089344e-05,50,0,0,0,0.0,LOW
CUST004145,26,0,17.5,11.913461657094622,3.3256472784941854e-06,50,0,0,0,0.0,LOW
CUST004159,32,0,17.5,12.03125018569224,9.17426934368973e-06,50,0,0,0,0.0,LOW
CUST004160,25,0,17.5,11.830003545131158,0.00022148041423288432,50,0,0,0,0.0,LOW
CUST004174,26,0,17.5,11.913461663964576,6.568886900664263e-06,50,0,0,0,0.0,LOW
CUST004180,21,0,17.5,12.000000001963311,9.073222817120204e-08,50,0,0,0,0.0,LOW
CUST004218,27,0,17.5,11.601858680276544,0.0004608542750230492,50,0,0,0,0.0,LOW
CUST004224,25,0,17.5,11.69000000864704,3.868729521730242e-07,50,0,0,0,0.0,LOW
CUST004279,29,0,17.5,11.887931624290951,3.8259867837077104e-05,50,0,0,0,0.0,LOW
CUST004306,33,0,17.5,11.87878789440716,9.438129661711517e-07,50,0,0,0,0.0,LOW
CUST004313,23,0,17.5,11.86957081788795,0.0003051811710751181,50,0,0,0,0.0,LOW
CUST004329,24,0,17.5,12.10416674246541,4.43476365229515e-06,50,0,0,0,0.0,LOW
CUST004342,33,0,17.5,11.772727281157794,4.1682525075600013e-07,50,0,0,0,0.0,LOW
CUST004351,15,0,17.5,12.600000000550422,2.0640840130896602e-08,50,0,0,0,0.0,LOW
CUST004360,28,0,17.5,11.87500015030972,9.358134042623564e-06,50,0,0,0,0.0,LOW
CUST004365,19,0,17.5,11.881579218128815,1.2624611159701133e-05,50,0,0,0,0.0,LOW
CUST004366,26,0,17.5,12.04807965973492,0.00017690816624304972,50,0,0,0,0.0,LOW
CUST004368,21,0,17.5,11.75001138544832,0.0005918827864454511,50,0,0,0,0.0,LOW
CUST004375,21,0,17.5,11.750001638907301,8.297142219912014e-05,50,0,0,0,0.0,LOW
CUST004387,30,0,17.5,11.60833348890812,7.756758833853333e-06,50,0,0,0,0.0,LOW
CUST004393,19,0,17.5,11.697368421066738,3.708224611722341e-10,50,0,0,0,0.0,LOW
CUST004415,28,0,17.5,11.937505329605202,0.00034857672348842387,50,0,0,0,0.0,LOW
CUST004443,24,0,17.5,12.104168975981798,0.00012972084685205406,50,0,0,0,0.0,LOW
CUST004453,22,0,17.5,11.931818686305002,2.7001581439978576e-05,50,0,0,0,0.0,LOW
CUST004501,22,0,17.5,12.409090909416095,1.7111300376209607e-08,50,0,0,0,0.0,LOW
CUST004527,24,0,17.5,12.104166766687975,5.654538394221143e-06,50,0,0,0,0.0,LOW
CUST004540,23,0,17.5,12.173913046257722,9.235789624044811e-08,50,0,0,0,0.0,LOW
CUST004546,23,0,17.5,12.097826110472814,9.3924627225097e-07,50,0,0,0,0.0,LOW
CUST004564,31,0,17.5,11.798592843987844,0.01581255463858,50,0,0,0,0.0,LOW
CUST004567,24,0,17.5,11.812506635825317,0.00039808060017974833,50,0,0,0,0.0,LOW
CUST004589,28,0,17.5,11.81250120068186,7.325319390650188e-05,50,0,0,0,0.0,LOW
CUST004620,20,0,17.5,11.8125001698812,7.785181404375488e-06,50,0,0,0,0.0,LOW
CUST004624,20,0,17.5,12.425000000011668,5.83334476010667e-10,50,0,0,0,0.0,LOW
CUST004657,28,0,17.5,11.750000009094942,6.140318345030098e-07,50,0,0,0,0.0,LOW
CUST004659,27,0,17.5,11.73148211769941,4.294469429402291e-05,50,0,0,0,0.0,LOW
CUST004686,21,0,17.5,11.833333337138784,1.9978613967832372e-07,50,0,0,0,0.0,LOW
CUST004784,22,0,17.5,12.250000149201089,8.205821408209483e-06,50,0,0,0,0.0,LOW
CUST004785,30,0,17.5,11.433333357546626,1.7378303482015768e-06,50,0,0,0,0.0,LOW
CUST004819,27,0,17.5,11.990740788584084,2.6665254766792424e-06,50,0,0,0,0.0,LOW
CUST004862,29,0,17.5,11.586208121728156,4.5200793387312344e-05,50,0,0,0,0.0,LOW
CUST004883,37,0,17.5,11.918919122413591,1.830946785595594e-05,50,0,0,0,0.0,LOW
CUST004890,24,0,17.5,11.666671242255957,0.0002721557266946576,50,0,0,0,0.0,LOW
CUST004905,25,0,17.5,11.76000001018857,5.449159758292694e-07,50,0,0,0,0.0,LOW
CUST004906,28,0,17.5,11.875353007304494,0.024653551944720003,50,0,0,0,0.0,LOW
CUST004921,22,0,17.5,12.17047420382532,0.0010811821461662724,50,0,0,0,0.0,LOW
CUST004962,21,0,17.5,11.583333337977834,2.4183913778895597e-07,50,0,0,0,0.0,LOW
CUST004974,29,0,17.5,12.189655395631126,1.5047229064118593e-05,50,0,0,0,0.0,LOW
CUST004979,35,0,17.5,12.00000049240995,4.222246217038413e-05,50,0,0,0,0.0,LOW
CUST004981,27,0,17.5,11.86111533922048,0.0002849577438627401,50,0,0,0,0.0,LOW
CUST004987,22,0,17.5,11.93181818271038,1.8096598310278754e-08,50,0,0,0,0.0,LOW
CUST000619,17,0,15.750000240956826,11.529411911823223,5.6367245243705144e-06,45,0,0,0,0.0,LOW
CUST003566,19,0,15.750000002110001,12.250000015488025,7.303733389546425e-07,45,0,0,0,0.0,LOW
CUST000339,21,0,15.749999999999998,11.750000011604133,5.893111610683981e-07,45,0,0,0,0.0,LOW
CUST000599,33,0,15.749999999999998,11.825987582321025,0.01870545794085,45,0,0,0,0.0,LOW
CUST000899,27,0,15.749999999999998,11.861111111248817,7.686916107504726e-09,45,0,0,0,0.0,LOW
CUST001209,15,0,15.749999999999998,5.483333334075566,2.0671389912679068e-08,45,0,0,0,0.0,LOW
CUST001223,24,0,15.749999999999998,12.104166672423885,3.4314605849754836e-07,45,0,0,0,0.0,LOW
CUST001417,22,0,15.749999999999998,11.852274164450044,7.870906637684365e-05,45,0,0,0,0.0,LOW
CUST001749,36,0,15.749999999999998,11.812500001333529,8.887789293411776e-08,45,0,0,0,0.0,LOW
CUST002955,30,0,15.749999999999998,12.075000398032135,2.980914543190335e-05,45,0,0,0,0.0,LOW
CUST003378,15,0,15.749999999999998,12.366667320758175,2.3008124536984617e-05,45,0,0,0,0.0,LOW
CUST003639,32,0,15.749999999999998,12.14065417815971,0.0023204080874873606,45,0,0,0,0.0,LOW
CUST004065,27,0,15.749999999999998,11.731481584185188,6.239961669317165e-06,45,0,0,0,0.0,LOW
CUST004075,21,0,15.749999999999998,11.666672042613826,0.0002786013184410697,45,0,0,0,0.0,LOW
CUST004790,32,0,15.749999999999998,11.867187556972494,2.4192858747756934e-06,45,0,0,0,0.0,LOW
CUST001850,38,0,14.004764975618864,11.743555295195481,0.01191243904716,40,0,0,0,0.0,LOW
CUST004384,37,0,14.001224837291026,11.587871428353054,0.0030620932275638463,40,0,0,0,0.0,LOW
CUST004772,24,0,14.000456034821314,11.812519002750038,0.0011400870532836378,40,0,0,0,0.0,LOW
CUST001485,30,0,14.00019403587631,11.608342051595494,0.0004850896907739279,40,0,0,0,0.0,LOW
CUST004302,29,0,14.000182782657282,11.887937344199372,0.0004569566432044623,40,0,0,0,0.0,LOW
CUST001047,30,0,14.000168858792481,11.666672298959211,0.0004221469812038036,40,0,0,0,0.0,LOW
CUST000981,22,0,14.000128837362753,11.852278596566224,0.0003220934068839146,40,0,0,0,0.0,LOW
CUST004008,39,0,14.000092749985066,11.75642786757464,0.0009483828105640173,40,0,0,0,0.0,LOW
CUST004113,28,0,14.000068516187456,11.625002447040814,0.00017129046863946268,40,0,0,0,0.0,LOW
CUST004711,32,0,14.000058499218799,11.75781435001712,0.00014624804699511285,40,0,0,0,0.0,LOW
CUST002544,28,0,14.00005106191116,11.875003170841547,0.00012765477789776058,40,0,0,0,0.0,LOW
CUST001233,18,0,14.000045106745425,11.56944696239531,0.00011276686356379905,40,0,0,0,0.0,LOW
CUST004358,24,0,14.000043812698593,11.375001825536755,0.00010953174648191473,40,0,0,0,0.0,LOW
CUST003741,34,0,14.00003922298535,11.735295599748012,9.805746337603478e-05,40,0,0,0,0.0,LOW
CUST001046,25,0,14.000030748296124,11.480001579895216,7.68707403109892e-05,40,0,0,0,0.0,LOW
CUST003055,27,0,14.00002830315257,11.861112275401767,7.075788142349567e-05,40,0,0,0,0.0,LOW
CUST004792,37,0,14.00002751840315,12.155424888875833,0.0016906641048200848,40,0,0,0,0.0,LOW
CUST004565,20,0,14.000027367344524,11.375001368369016,6.841836130842756e-05,40,0,0,0,0.0,LOW
CUST002569,23,0,14.000022130052626,11.717392269509011,5.53251315641782e-05,40,0,0,0,0.0,LOW
CUST004572,33,0,14.00002167695022,11.984849222869276,5.419237555133323e-05,40,0,0,0,0.0,LOW
CUST001416,21,0,14.000020215367421,11.500000962753141,5.053841855422016e-05,40,0,0,0,0.0,LOW
CUST002211,31,0,14.000018465797375,11.572584523335188,0.00017560692634574585,40,0,0,0,0.0,LOW
CUST004665,27,0,14.000017314136395,11.796297494524957,4.328534098529474e-05,40,0,0,0,0.0,LOW
CUST001775,23,0,14.000016834904764,11.71739205786258,4.20872619092979e-05,40,0,0,0,0.0,LOW
CUST000965,30,0,14.000016160179598,11.958333875929574,4.040044899544537e-05,40,0,0,0,0.0,LOW
CUST000695,26,0,14.000015312781793,11.644232566586671,6.819757780931927e-05,40,0,0,0,0.0,LOW
CUST003109,29,0,14.00001499666259,11.646552242987898,3.7491656476745025e-05,40,0,0,0,0.0,LOW
CUST001903,38,0,14.000013404703314,11.651316868478096,6.0612927793748995e-05,40,0,0,0,0.0,LOW
CUST001099,40,0,14.000013032105693,11.768828510471108,0.005466710522041043,40,0,0,0,0.0,LOW
CUST003976,40,0,14.000012301952935,11.725002819364631,0.00020317028268043003,40,0,0,0,0.0,LOW
CUST001460,27,0,14.000010581700954,11.731614516501642,0.008951194641992823,40,0,0,0,0.0,LOW
CUST000570,24,0,14.00001045752675,12.031250436117245,2.614381687796823e-05,40,0,0,0,0.0,LOW
CUST004419,23,0,14.000010139464637,11.793478744045064,2.53486615926959e-05,40,0,0,0,0.0,LOW
CUST003579,27,0,14.000010117170008,11.666667271489372,2.529292501927708e-05,40,0,0,0,0.0,LOW
CUST001862,27,0,14.000009517367888,11.342595421464262,8.57435255189713e-05,40,0,0,0,0.0,LOW
CUST002368,24,0,14.0000094376687,11.375000667590582,2.359417174873379e-05,40,0,0,0,0.0,LOW
CUST000269,31,0,14.000009108606978,11.854839003824843,2.277151744554132e-05,40,0,0,0,0.0,LOW
CUST001582,24,0,14.00000879272446,12.10416775288923,4.309383085433811e-05,40,0,0,0,0.0,LOW
CUST004083,33,0,14.00000828491646,11.719697363944157,2.0712291148520455e-05,40,0,0,0,0.0,LOW
CUST002074,27,0,14.000008226180428,11.861111415800357,2.056545107295069e-05,40,0,0,0,0.0,LOW
CUST003995,21,0,14.000008074415728,12.000000389133511,2.018603931933637e-05,40,0,0,0,0.0,LOW
CUST002780,24,0,14.00000776881712,11.666671093469459,0.00013485970775376069,40,0,0,0,0.0,LOW
CUST004662,20,0,14.000007237924029,11.725000489993128,1.809481007058297e-05,40,0,0,0,0.0,LOW
CUST004861,16,0,14.000006354578627,11.703125629419546,1.5886446566325104e-05,40,0,0,0,0.0,LOW
CUST004924,35,0,14.000006180481199,11.850006114929794,0.0004963815854733514,40,0,0,0,0.0,LOW
CUST002095,27,0,14.000006093409503,11.60185305177496,2.670407876878157e-05,40,0,0,0,0.0,LOW
CUST001631,28,0,14.000005701018193,11.875000379428226,1.4252545482415758e-05,40,0,0,0,0.0,LOW
CUST000703,30,0,14.000005527293338,11.900003508382962,0.00023003506330423676,40,0,0,0,0.0,LOW
CUST003650,24,0,14.000005380436484,11.520833557521494,1.345109121154955e-05,40,0,0,0,0.0,LOW
CUST000705,27,0,14.00000532914684,11.731481889696461,1.3322867100291214e-05,40,0,0,0,0.0,LOW
CUST003816,32,0,14.000005307844143,11.593752957381849,0.00019629730314502542,40,0,0,0,0.0,LOW
CUST001888,29,0,14.000004929358703,11.948276037933267,1.2323396754207905e-05,40,0,0,0,0.0,LOW
CUST002739,21,0,14.000004834886377,11.416667303303392,1.5582407837737002e-05,40,0,0,0,0.0,LOW
CUST002271,22,0,14.000004389804351,12.25000020179317,1.0974510876042484e-05,40,0,0,0,0.0,LOW
CUST003688,36,0,14.000004247490466,11.715277900935275,1.061872616559074e-05,40,0,0,0,0.0,LOW
CUST003894,23,0,14.000003987384742,11.641304554399392,9.96846185642291e-06,40,0,0,0,0.0,LOW
CUST000164,17,0,14.000003913195906,11.838235524305642,9.782989764293454e-06,40,0,0,0,0.0,LOW
CUST004669,18,0,14.00000387318347,11.666667013280119,9.682958675556708e-06,40,0,0,0,0.0,LOW
CUST003434,23,0,14.000003838411669,11.717391489849275,9.596029172368066e-06,40,0,0,0,0.0,LOW
CUST002025,31,0,14.000003414906026,11.629034526085363,0.00014966184548025004,40,0,0,0,0.0,LOW
CUST003523,26,0,14.000003327528772,11.711538591853904,8.318821930700835e-06,40,0,0,0,0.0,LOW
CUST004370,27,0,14.000003028977845,11.731481694879706,7.57244461348781e-06,40,0,0,0,0.0,LOW
CUST004465,27,0,14.000002971150519,11.796296518876463,7.586996040833991e-06,40,0,0,0,0.0,LOW
CUST003462,32,0,14.000002970611582,11.757812803638261,1.0398661100871205e-05,40,0,0,0,0.0,LOW
CUST003585,35,0,14.000002826237163,11.500001550209456,0.00011069503170112946,40,0,0,0,0.0,LOW
CUST000863,27,0,14.000002804232095,11.666666787229936,7.010580236081163e-06,40,0,0,0,0.0,LOW
CUST000573,31,0,14.00000251469599,11.854850347775075,0.0008955571772333872,40,0,0,0,0.0,LOW
CUST002988,30,0,14.000002248206492,11.666666779775428,5.6205162280420245e-06,40,0,0,0,0.0,LOW
CUST001556,30,0,14.000002210623462,11.550007137923318,0.000412498357414719,40,0,0,0,0.0,LOW
CUST001461,32,0,14.000002057337296,12.085937650210363,6.2580640193325e-06,40,0,0,0,0.0,LOW
CUST004734,38,0,14.0000019122157,11.421052757217284,7.0551386454719125e-06,40,0,0,0,0.0,LOW
CUST003501,23,0,14.000001826193133,12.173915368698829,0.00012494717132548283,40,0,0,0,0.0,LOW
CUST003483,22,0,14.000001735653202,11.534091088920208,5.498368504346865e-06,40,0,0,0,0.0,LOW
CUST001378,26,0,14.000001685811894,11.375000443949485,2.272566842740768e-05,40,0,0,0,0.0,LOW
CUST002287,17,0,14.000001667978768,12.044117788891883,4.169946920312461e-06,40,0,0,0,0.0,LOW
CUST002636,23,0,14.000001645314882,11.64130457846303,9.119411637943236e-06,40,0,0,0,0.0,LOW
CUST001750,30,0,14.000001635559714,11.78333363784625,1.4252281847607805e-05,40,0,0,0,0.0,LOW
CUST001362,22,0,14.000001590300803,11.534130204728427,0.002144777915872306,40,0,0,0,0.0,LOW
CUST000502,31,0,14.000001543333346,11.685598613039454,0.008869290072934414,40,0,0,0,0.0,LOW
CUST002862,30,0,14.000001529898126,11.725162209859027,0.012095009020059999,40,0,0,0,0.0,LOW
CUST003463,25,0,14.000001504013358,11.830007449463363,0.00046177482816913616,40,0,0,0,0.0,LOW
CUST003904,27,0,14.000001473023206,11.73148274336197,4.382933484974627e-05,40,0,0,0,0.0,LOW
CUST001153,28,0,14.000001430019713,11.937500051509733,3.575049283012072e-06,40,0,0,0,0.0,LOW
CUST002784,25,0,14.000001242381265,11.48000005201563,3.1059531630573514e-06,40,0,0,0,0.0,LOW
CUST003832,21,0,14.000001225179293,11.666669478435926,0.00014325738488638878,40,0,0,0,0.0,LOW
CUST003423,28,0,14.000001174664868,12.00000837672565,0.0005831665656385666,40,0,0,0,0.0,LOW
CUST002673,31,0,14.000001140160736,11.911298218859226,0.000609110057198332,40,0,0,0,0.0,LOW
CUST002577,20,0,14.000001139887098,11.812500060370395,2.849717744087201e-06,40,0,0,0,0.0,LOW
CUST002940,17,0,14.000001134246888,11.735294185937693,2.835617221590949e-06,40,0,0,0,0.0,LOW
CUST002753,26,0,14.000001083786065,11.509615442734056,2.709465164582772e-06,40,0,0,0,0.0,LOW
CUST003512,24,0,14.000001069758877,11.520833378881898,2.6743971933179512e-06,40,0,0,0,0.0,LOW
CUST001469,30,0,14.00000102710025,11.608333502120304,9.57183189396269e-06,40,0,0,0,0.0,LOW
CUST001821,19,0,14.00000099638964,12.157894795583383,2.490974097831569e-06,40,0,0,0,0.0,LOW
CUST004610,26,0,14.000000987689353,11.846154516264837,4.0253544539658884e-05,40,0,0,0,0.0,LOW
CUST002686,33,0,14.000000950508644,11.772731976951706,0.0003817257613481458,40,0,0,0,0.0,LOW
CUST004254,20,0,14.000000948113641,11.987502247717696,0.00010998606982609835,40,0,0,0,0.0,LOW
CUST000610,22,0,14.000000924171832,11.852274551893306,9.790052878618023e-05,40,0,0,0,0.0,LOW
CUST003052,26,0,14.000000872831889,11.711540697411428,0.00013754614613135444,40,0,0,0,0.0,LOW
CUST004138,27,0,14.000000823616913,11.925926150702388,1.2986119901267845e-05,40,0,0,0,0.0,LOW
CUST003991,34,0,14.000000805620381,11.78989673231987,0.26467158578232997,40,0,0,0,0.0,LOW
CUST004835,32,0,14.000000762741534,11.812500627040711,4.7568976831595954e-05,40,0,0,0,0.0,LOW
CUST000903,25,0,14.000000747482188,11.900000081856268,3.1838044581179e-06,40,0,0,0,0.0,LOW
CUST001481,22,0,14.000000730492507,12.011363671519018,1.8262312676371837e-06,40,0,0,0,0.0,LOW
CUST002255,38,0,14.000000709545981,11.421135818676207,0.0077574802693451145,40,0,0,0,0.0,LOW
CUST000936,24,0,14.000000708085908,11.59381073005205,0.0036227379817132216,40,0,0,0,0.0,LOW
CUST002745,16,0,14.00000070621506,12.031250219342263,7.005202239006018e-06,40,0,0,0,0.0,LOW
CUST000886,21,0,14.000000704618765,11.750000050733501,1.7615469128517663e-06,40,0,0,0,0.0,LOW
CUST004192,23,0,14.000000692140782,11.565217686829978,7.790015749019601e-06,40,0,0,0,0.0,LOW
CUST004643,10,0,14.000000689725614,12.250000069018434,1.724314035397288e-06,40,0,0,0,0.0,LOW
CUST003710,24,0,14.000000636798353,12.10416719840375,3.0220031801370946e-05,40,0,0,0,0.0,LOW
CUST001162,25,0,14.000000615694237,11.97000048685247,2.348221429678694e-05,40,0,0,0,0.0,LOW
CUST001322,30,0,14.000000603049775,11.491666988742514,2.01613107427602e-05,40,0,0,0,0.0,LOW
CUST001369,26,0,14.000000588527504,11.846154908127087,6.646729181838784e-05,40,0,0,0,0.0,LOW
CUST000746,38,0,14.000000563568086,11.605263294724196,1.1566013811226113e-05,40,0,0,0,0.0,LOW
CUST000267,15,0,14.00000053187367,11.43333783456898,0.0001647058598566156,40,0,0,0,0.0,LOW
CUST003700,26,0,14.000000529147085,11.509616947668176,8.005083656256487e-05,40,0,0,0,0.0,LOW
CUST002268,28,0,14.000000528658125,11.750000019654253,1.3216453146867748e-06,40,0,0,0,0.0,LOW
CUST001253,27,0,14.000000517291753,11.731483003055091,5.066782415960778e-05,40,0,0,0,0.0,LOW
CUST001415,27,0,14.00000051372022,11.796296319137737,1.2843005515777592e-06,40,0,0,0,0.0,LOW
CUST002294,21,0,14.000000502514883,11.416666692173205,1.2562872094303413e-06,40,0,0,0,0.0,LOW
CUST004019,25,0,14.00000049933645,11.760000290890956,1.2717824526132646e-05,40,0,0,0,0.0,LOW
CUST001581,23,0,14.000000489947924,11.641311445713404,0.0003906857008059099,40,0,0,0,0.0,LOW
CUST002773,31,0,14.000000487828439,11.572601332721263,0.001578855558018338,40,0,0,0,0.0,LOW
CUST000623,23,0,14.000000485920246,11.641304372785822,1.2148006166488602e-06,40,0,0,0,0.0,LOW
CUST001065,29,0,14.00000048019954,11.586206921810874,1.2004988506475485e-06,40,0,0,0,0.0,LOW
CUST003244,30,0,14.000000459381928,11.841668851289734,0.0001562391312073321,40,0,0,0,0.0,LOW
CUST004305,27,0,14.000000457945974,11.47222223926287,1.144864934669837e-06,40,0,0,0,0.0,LOW
CUST002923,21,0,14.000000457009754,11.750000022434767,1.1425243883404965e-06,40,0,0,0,0.0,LOW
CUST000556,26,0,14.00000045687257,11.778846321340593,9.189548603996906e-06,40,0,0,0,0.0,LOW
CUST002321,20,0,14.000000456693888,11.987500022904147,1.1417347215397468e-06,40,0,0,0,0.0,LOW
CUST002565,28,0,14.000000450101954,11.625000388289212,1.3477824537190213e-05,40,0,0,0,0.0,LOW
CUST004456,21,0,14.000000448910864,11.500000035754502,1.1222771607153244e-06,40,0,0,0,0.0,LOW
CUST000569,31,0,14.00000043674026,11.403228016156405,0.0001562281189237138,40,0,0,0,0.0,LOW
CUST004822,22,0,14.00000042283635,11.772727296925256,1.0570908767363752e-06,40,0,0,0,0.0,LOW
CUST001376,35,0,14.000000394800155,11.700000012817837,9.870003877770393e-07,40,0,0,0,0.0,LOW
CUST004584,17,0,14.000000389697808,11.5294118167727,1.0719966400098992e-06,40,0,0,0,0.0,LOW
CUST003200,22,0,14.000000373249298,11.534090940191946,9.331232447488687e-07,40,0,0,0,0.0,LOW
CUST003193,30,0,14.000000371880798,11.725000013144063,9.297019974753328e-07,40,0,0,0,0.0,LOW
CUST000742,25,0,14.000000365570349,11.90000001486696,9.139258724325431e-07,40,0,0,0,0.0,LOW
CUST002512,14,0,14.000000362649748,12.250000819672376,2.778184865825132e-05,40,0,0,0,0.0,LOW
CUST003054,30,0,14.000000355221436,11.95833352427178,1.3385241169968037e-05,40,0,0,0,0.0,LOW
CUST002917,27,0,14.000000338572468,11.731481500346943,8.464311706347644e-07,40,0,0,0,0.0,LOW
CUST001823,24,0,14.000000329837757,11.52083369244392,1.6218160718792593e-05,40,0,0,0,0.0,LOW
CUST000984,23,0,14.00000032653669,12.326087200989575,1.3236720611642882e-05,40,0,0,0,0.0,LOW
CUST001947,22,0,14.000000312015892,11.85227283116244,4.620430816442692e-06,40,0,0,0,0.0,LOW
CUST002159,31,0,14.000000311715354,11.516159027971959,0.002310175902668247,40,0,0,0,0.0,LOW
CUST002429,20,0,14.000000308945891,12.075000112840312,2.4666152970521634e-06,40,0,0,0,0.0,LOW
CUST002768,27,0,14.000000307879155,11.925927020515992,7.253921819142302e-05,40,0,0,0,0.0,LOW
CUST002232,11,0,14.000000295413434,11.772727299583039,7.385335873521641e-07,40,0,0,0,0.0,LOW
CUST004133,25,0,14.000000291313317,11.690000328653088,1.972852875256467e-05,40,0,0,0,0.0,LOW
CUST002259,24,0,14.000000280196858,11.447916678477908,7.004921450425097e-07,40,0,0,0,0.0,LOW
CUST002546,24,0,14.000000277536046,11.520833344909521,6.938401132273227e-07,40,0,0,0,0.0,LOW
CUST003842,21,0,14.000000273810027,12.083333527604331,9.514027987060998e-06,40,0,0,0,0.0,LOW
CUST003668,26,0,14.000000264398254,12.317307716184432,7.900581442246973e-07,40,0,0,0,0.0,LOW
CUST004044,25,0,14.00000026151909,11.9000000370661,1.6456783756842243e-06,40,0,0,0,0.0,LOW
CUST002937,25,0,14.00000025516529,11.690000033202555,1.4157385707118236e-06,40,0,0,0,0.0,LOW
CUST002130,22,0,14.000000254206217,11.613636375413963,6.35515543813304e-07,40,0,0,0,0.0,LOW
CUST000274,34,0,14.000000251870198,11.7353007917138,0.0002756819436784809,40,0,0,0,0.0,LOW
CUST001267,25,0,14.000000250246618,11.76000002670413,9.881949305302216e-07,40,0,0,0,0.0,LOW
CUST002475,25,0,14.000000248553018,11.620001202965412,7.159699511265292e-05,40,0,0,0,0.0,LOW
CUST003677,28,0,14.000000244966566,11.875000013590153,6.124164169928542e-07,40,0,0,0,0.0,LOW
CUST002514,22,0,14.000000240890268,11.931818200163656,6.022256712386661e-07,40,0,0,0,0.0,LOW
CUST003920,30,0,14.000000238385352,11.550000009211944,5.959633796601395e-07,40,0,0,0,0.0,LOW
CUST001594,21,0,14.000000237382794,11.583333375928813,1.641613168967938e-06,40,0,0,0,0.0,LOW
CUST004152,23,0,14.000000233029114,11.489131077688759,3.518826275325269e-05,40,0,0,0,0.0,LOW
CUST001141,28,0,14.000000224216661,11.562500012986039,5.605416523757148e-07,40,0,0,0,0.0,LOW
CUST004000,29,0,14.000000222105555,11.526062244650364,0.01444262854775,40,0,0,0,0.0,LOW
CUST003005,26,0,14.000000215410939,11.644232846543236,0.00013016687506511195,40,0,0,0,0.0,LOW
CUST003490,27,0,14.000000215086297,11.861111129351038,5.377157422745634e-07,40,0,0,0,0.0,LOW
CUST003766,21,0,14.000000213412832,11.750288124241873,0.015125940300460002,40,0,0,0,0.0,LOW
CUST000724,26,0,14.000000207184442,11.442308715533805,5.003938147711923e-05,40,0,0,0,0.0,LOW
CUST001952,19,0,14.00000020662063,12.065789486507713,5.165515729394687e-07,40,0,0,0,0.0,LOW
CUST004621,27,0,14.000000202489657,11.92592856014436,0.00017584796564934293,40,0,0,0,0.0,LOW
CUST001503,25,0,14.000000199488092,11.690000811207888,5.0167716455557875e-05,40,0,0,0,0.0,LOW
CUST002033,24,0,14.00000019585971,11.88542002052798,0.0001971351105771166,40,0,0,0,0.0,LOW
CUST003123,29,0,14.000000192622734,11.5258673716938,0.0003716887545836485,40,0,0,0,0.0,LOW
CUST004542,22,0,14.000000185768105,11.454546506384347,5.7363893505517485e-05,40,0,0,0,0.0,LOW
CUST000890,29,0,14.00000018045343,11.948275872911715,4.5113357440328836e-07,40,0,0,0,0.0,LOW
CUST002209,22,0,14.000000173857483,11.693182082920181,1.3309709207696474e-05,40,0,0,0,0.0,LOW
CUST004494,23,0,14.00000017318336,11.869581880992351,0.0009577234667123076,40,0,0,0,0.0,LOW
CUST003888,37,0,14.000000167634127,11.729837196650339,0.006818521176321578,40,0,0,0,0.0,LOW
CUST000862,25,0,14.000000167147535,11.550000010202512,4.178688387296511e-07,40,0,0,0,0.0,LOW
CUST003738,23,0,14.000000165591707,11.793478272358055,4.1397926784076103e-07,40,0,0,0,0.0,LOW
CUST003640,22,0,14.000000161204248,12.011363643920015,4.0301061839171904e-07,40,0,0,0,0.0,LOW
CUST002348,28,0,14.000000158867438,11.687500005941448,3.9716859444018093e-07,40,0,0,0,0.0,LOW
CUST002593,30,0,14.000000153167168,11.49166667198379,3.8291791897852286e-07,40,0,0,0,0.0,LOW
CUST001499,22,0,14.00000015293858,11.6931818255882,3.8234644731975283e-07,40,0,0,0,0.0,LOW
CUST003313,24,0,14.000000142000477,11.447918231186874,5.3790839043404306e-05,40,0,0,0,0.0,LOW
CUST000643,21,0,14.000000140478301,12.000000008350078,3.511957511248433e-07,40,0,0,0,0.0,LOW
CUST002005,30,0,14.00000013984442,11.900000183963567,8.137325114938108e-06,40,0,0,0,0.0,LOW
CUST002971,31,0,14.00000013969081,11.741935933028104,3.435097851963945e-05,40,0,0,0,0.0,LOW
CUST004110,19,0,14.000000136531218,11.513157901990311,3.413280461824446e-07,40,0,0,0,0.0,LOW
CUST001678,17,0,14.000000133907898,11.632352949062588,3.3476974305122585e-07,40,0,0,0,0.0,LOW
CUST003436,14,0,14.000000133846152,12.125000009567874,3.3461538011667194e-07,40,0,0,0,0.0,LOW
CUST003778,33,0,14.000000131692847,11.77272823548125,7.899942459302074e-05,40,0,0,0,0.0,LOW
CUST004716,18,0,14.000000128573728,11.763890136427657,5.574885605778824e-05,40,0,0,0,0.0,LOW
CUST004783,29,0,14.00000012798444,11.767244209262682,0.0002047733436481556,40,0,0,0,0.0,LOW
CUST003491,25,0,14.00000012555353,11.690000005357302,3.138838244052426e-07,40,0,0,0,0.0,LOW
CUST000004,27,0,14.000000125140646,11.731481521008506,1.2234718787527508e-06,40,0,0,0,0.0,LOW
CUST001128,23,0,14.000000123515697,11.5652191099188,9.820572489036055e-05,40,0,0,0,0.0,LOW
CUST001037,27,0,14.00000012307755,11.601851928393094,4.835502545464306e-06,40,0,0,0,0.0,LOW
CUST000352,36,0,14.000000122106217,11.666795427426683,0.01120394715797,40,0,0,0,0.0,LOW
CUST004290,28,0,14.000000115546806,11.687500025795009,1.4625837710776e-06,40,0,0,0,0.0,LOW
CUST001205,37,0,14.000000107873717,11.682432561760466,1.1481497257885893e-05,40,0,0,0,0.0,LOW
CUST000629,30,0,14.000000101213907,11.491666693796931,1.4444083499088242e-06,40,0,0,0,0.0,LOW
CUST001509,29,0,14.000000100491372,11.7672413836809,2.5122843051869823e-07,40,0,0,0,0.0,LOW
CUST001959,34,0,14.000000100402934,11.477941352519235,4.862137598032015e-06,40,0,0,0,0.0,LOW
CUST001455,34,0,14.000000098999925,11.477946154261051,0.000422820413156674,40,0,0,0,0.0,LOW
CUST004091,28,0,14.00000009499464,11.750037003189007,0.0009993577945259285,40,0,0,0,0.0,LOW
CUST001527,25,0,14.000000092500612,11.690003161901881,0.00019737596643190674,40,0,0,0,0.0,LOW
CUST002491,28,0,14.000000089205312,11.875000005984683,2.230132790762473e-07,40,0,0,0,0.0,LOW
CUST002495,26,0,14.000000088988921,11.576923840292055,4.935522426262679e-05,40,0,0,0,0.0,LOW
CUST001448,28,0,14.000000085080103,11.687503527602953,0.0002323808259876822,40,0,0,0,0.0,LOW
CUST000771,35,0,14.0000000847595,11.850000020751741,1.3172977518373972e-06,40,0,0,0,0.0,LOW
CUST003186,20,0,14.000000084096722,11.637500041937631,1.861916118525456e-06,40,0,0,0,0.0,LOW
CUST004667,24,0,14.000000083310704,11.885417705112333,5.785269736778588e-05,40,0,0,0,0.0,LOW
CUST004250,24,0,14.000000082782622,12.031250005068307,2.0695655524554222e-07,40,0,0,0,0.0,LOW
CUST004690,21,0,14.000000082049311,11.833333347397238,5.261744157437033e-07,40,0,0,0,0.0,LOW
CUST003444,24,0,14.000000080221712,11.958333558145677,1.3030617333492138e-05,40,0,0,0,0.0,LOW
CUST002920,27,0,14.000000079913494,11.990740751690938,3.955987666304037e-07,40,0,0,0,0.0,LOW
CUST000851,26,0,14.000000077271023,11.846154778208017,5.9955800532197604e-05,40,0,0,0,0.0,LOW
CUST003139,15,0,14.000000076931675,5.366666759837492,1.2730877386774128e-06,40,0,0,0,0.0,LOW
CUST004649,28,0,14.000000075615434,11.750000171634426,1.1056389943902372e-05,40,0,0,0,0.0,LOW
CUST000575,18,0,14.00000007560224,12.250000004687857,1.8900559820176303e-07,40,0,0,0,0.0,LOW
CUST003388,24,0,14.00000007510269,11.593750004431357,1.877567251934673e-07,40,0,0,0,0.0,LOW
CUST002042,25,0,14.000000074699079,11.690505076801077,0.031106627744910003,40,0,0,0,0.0,LOW
CUST003748,22,0,14.000000073778553,12.011378022599223,0.0007813348983215391,40,0,0,0,0.0,LOW
CUST001928,26,0,14.000000069152318,11.711538487218544,8.431736164224527e-07,40,0,0,0,0.0,LOW
CUST000889,28,0,14.000000069086331,12.062500003751095,1.7271582661409672e-07,40,0,0,0,0.0,LOW
CUST004381,28,0,14.000000065566379,11.625045538045837,0.0019269521472606627,40,0,0,0,0.0,LOW
CUST001185,21,0,14.000000065533682,11.666666722416537,2.3666709792844896e-06,40,0,0,0,0.0,LOW
CUST004268,23,0,14.000000063432083,11.336956811579014,1.4861503133462478e-05,40,0,0,0,0.0,LOW
CUST001682,25,0,14.000000062225661,11.34000005098101,3.028192779327958e-06,40,0,0,0,0.0,LOW
CUST003254,28,0,14.000000057186442,11.812500014242193,7.901793689022538e-07,40,0,0,0,0.0,LOW
CUST003690,24,0,14.000000055857804,11.958333341815873,2.951937920047334e-07,40,0,0,0,0.0,LOW
CUST002262,19,0,14.000000054497834,12.342109264698797,0.000189932173399182,40,0,0,0,0.0,LOW
CUST002550,30,0,14.000000054083422,11.608334083109982,4.599462375015625e-05,40,0,0,0,0.0,LOW
CUST001252,27,0,14.000000052307705,11.472222336041826,6.27503213910573e-06,40,0,0,0,0.0,LOW
CUST003044,29,0,14.000000051746145,11.88793772351363,0.0004838892091397964,40,0,0,0,0.0,LOW
CUST005000,30,0,14.000000051079784,11.666668370959488,6.813260712936813e-05,40,0,0,0,0.0,LOW
CUST000972,29,0,14.000000050989893,12.068966038964358,1.9844765146286382e-05,40,0,0,0,0.0,LOW
CUST003949,31,0,14.000000050635434,11.572581208585182,4.341318711992333e-05,40,0,0,0,0.0,LOW
CUST002017,17,0,14.000000050352309,11.941176627184035,6.529225036304656e-06,40,0,0,0,0.0,LOW
CUST003804,20,0,14.000000049284978,11.637500003195473,1.2321244533261047e-07,40,0,0,0,0.0,LOW
CUST000887,29,0,14.000000048938928,11.586206898866164,1.223473190903378e-07,40,0,0,0,0.0,LOW
CUST004756,22,0,14.000000048932101,11.613636365886968,1.2233025157851294e-07,40,0,0,0,0.0,LOW
CUST000173,25,0,14.00000004885498,11.830005157467491,0.0003086847410743108,40,0,0,0,0.0,LOW
CUST002432,23,0,14.000000048571293,11.945652464921643,1.4117812308561702e-05,40,0,0,0,0.0,LOW
CUST004769,25,0,14.000000047392456,11.690000002726363,1.1848114193138095e-07,40,0,0,0,0.0,LOW
CUST004003,28,0,14.000000046219531,11.56250183060779,0.0001105984018846939,40,0,0,0,0.0,LOW
CUST002849,31,0,14.00000004581775,11.685483875395756,2.2228215754639104e-07,40,0,0,0,0.0,LOW
CUST002205,23,0,14.000000045525493,12.17391306667436,1.2186484170588076e-06,40,0,0,0,0.0,LOW
CUST003744,24,0,14.000000045326153,11.812500004915323,1.66630581378384e-07,40,0,0,0,0.0,LOW
CUST004355,28,0,14.00000004528709,11.375566940385015,0.03711348226626,40,0,0,0,0.0,LOW
CUST001612,26,0,14.000000044612225,11.913461543050378,1.1153056204953997e-07,40,0,0,0,0.0,LOW
CUST002834,28,0,14.000000044372564,11.56250053663799,2.956646644388385e-05,40,0,0,0,0.0,LOW
CUST003838,23,0,14.000000044183649,11.565217394008355,1.1045912023501421e-07,40,0,0,0,0.0,LOW
CUST004900,22,0,14.000000043981505,11.852272802949301,3.735814192263647e-06,40,0,0,0,0.0,LOW
CUST003577,24,0,14.000000043597199,12.031250171917328,1.0063435560666024e-05,40,0,0,0,0.0,LOW
CUST000512,22,0,14.000000043585398,11.931818183816636,1.089634980452837e-07,40,0,0,0,0.0,LOW
CUST001204,23,0,14.000000042489999,12.173913063329652,1.0311969738895156e-06,40,0,0,0,0.0,LOW
CUST003111,31,0,14.000000039783181,11.967742541718096,4.615048122122045e-05,40,0,0,0,0.0,LOW
CUST004354,21,0,14.00000003832676,12.333333360177757,6.784730582202667e-07,40,0,0,0,0.0,LOW
CUST003428,25,0,14.000000038113946,11.970000059077774,3.4280380262720976e-06,40,0,0,0,0.0,LOW
CUST004698,24,0,14.00000003777064,11.958333335567803,9.442659902673187e-08,40,0,0,0,0.0,LOW
CUST004125,18,0,14.000000036705284,12.152777779913086,9.176321206227299e-08,40,0,0,0,0.0,LOW
CUST000417,26,0,14.000000036344547,11.778846200531218,2.9197266942346614e-06,40,0,0,0,0.0,LOW
CUST004720,20,0,14.000000035207641,11.900000004028348,1.0990616726016976e-07,40,0,0,0,0.0,LOW
CUST002566,20,0,14.000000034968911,11.987506645873465,0.0003322062503578198,40,0,0,0,0.0,LOW
CUST001010,22,0,14.000000034656104,11.45454593261206,1.9869384257308087e-05,40,0,0,0,0.0,LOW
CUST003803,26,0,14.000000034213066,11.711560978601112,0.0014309338547244675,40,0,0,0,0.0,LOW
CUST002966,35,0,14.0000000329254,11.75000009601373,4.86549492138272e-06,40,0,0,0,0.0,LOW
CUST000908,22,0,14.000000032261754,11.613642681949807,0.00017374175249124132,40,0,0,0,0.0,LOW
CUST000844,26,0,14.000000031767733,11.846153908645906,2.277664441435963e-06,40,0,0,0,0.0,LOW
CUST003294,29,0,14.000000031293938,11.646556335425984,0.00032220921466274586,40,0,0,0,0.0,LOW
CUST002735,27,0,14.000000031110622,11.990741515840549,5.176850572203939e-05,40,0,0,0,0.0,LOW
CUST002985,24,0,14.000000031105516,11.812500003213836,7.776379297575512e-08,40,0,0,0,0.0,LOW
CUST004629,24,0,14.00000003108676,11.37500201619629,7.452685361989158e-05,40,0,0,0,0.0,LOW
CUST003358,19,0,14.000000030062,11.789473695086542,4.2859573920122725e-07,40,0,0,0,0.0,LOW
CUST002812,29,0,14.000000029150904,11.88793147356342,2.670690178472266e-05,40,0,0,0,0.0,LOW
CUST003196,25,0,14.000000029007987,11.83000001881169,1.0356329381207326e-06,40,0,0,0,0.0,LOW
CUST004348,27,0,14.000000028549444,11.73148597174683,0.0002930729929461234,40,0,0,0,0.0,LOW
CUST000272,27,0,14.000000028074602,11.666666668063105,7.018650570136623e-08,40,0,0,0,0.0,LOW
CUST001292,28,0,14.000000027748813,11.375008858322927,0.0006199802426657613,40,0,0,0,0.0,LOW
CUST003447,30,0,14.00000002720952,11.9000023680107,0.00017230078631891437,40,0,0,0,0.0,LOW
CUST004325,24,0,14.000000027087937,11.593750749710205,4.460392540273663e-05,40,0,0,0,0.0,LOW
CUST003029,19,0,14.000000026051028,11.328947369849134,6.512756983684077e-08,40,0,0,0,0.0,LOW
CUST003437,29,0,14.000000025853137,11.767241473353803,6.707945945806308e-06,40,0,0,0,0.0,LOW
CUST002791,27,0,14.000000025534764,11.861112165349008,6.864613090788088e-05,40,0,0,0,0.0,LOW
CUST000787,19,0,14.000000025498052,11.973684393381706,8.375054872788629e-06,40,0,0,0,0.0,LOW
CUST004500,15,0,14.000000025317034,11.550000010818735,2.75785096700113e-07,40,0,0,0,0.0,LOW
CUST002640,25,0,14.000000024096725,11.480000033357822,1.1796855685992524e-06,40,0,0,0,0.0,LOW
CUST003568,21,0,14.00000002282889,11.41666805556812,7.28602187466531e-05,40,0,0,0,0.0,LOW
CUST004007,22,0,14.000000022308653,11.534096993787854,0.00015958587837993886,40,0,0,0,0.0,LOW
CUST000531,24,0,14.000000021929468,11.593750079169533,4.356328190715053e-06,40,0,0,0,0.0,LOW
CUST002949,23,0,14.000000021872387,12.097826131642218,2.5110364078934357e-06,40,0,0,0,0.0,LOW
CUST000234,30,0,14.000000021794099,11.550000004341939,1.9183919264859863e-07,40,0,0,0,0.0,LOW
CUST001993,29,0,14.000000021667152,11.46551727818938,2.0150457225838825e-06,40,0,0,0,0.0,LOW
CUST001974,22,0,14.000000021571873,12.011363637354101,5.392968311041365e-08,40,0,0,0,0.0,LOW
CUST000905,33,0,14.000000020074838,11.825761366607503,0.0002558761030403841,40,0,0,0,0.0,LOW
CUST003795,21,0,14.000000019798327,12.000000024784717,8.709269023473485e-07,40,0,0,0,0.0,LOW
CUST003241,25,0,14.000000019778653,11.620005618997057,0.0003134424298753655,40,0,0,0,0.0,LOW
CUST004172,24,0,14.000000019268397,11.593750040431809,2.372582234675535e-06,40,0,0,0,0.0,LOW
CUST002224,24,0,14.000000019247294,11.593750001924555,6.733153964203302e-08,40,0,0,0,0.0,LOW
CUST001588,31,0,14.000000019029295,11.459688058192254,0.0004753702663093664,40,0,0,0,0.0,LOW
CUST001657,25,0,14.000000018852631,11.900000006085765,3.1974162053452155e-07,40,0,0,0,0.0,LOW
CUST000580,20,0,14.00000001881434,11.637500001974464,4.7035851931129264e-08,40,0,0,0,0.0,LOW
CUST000702,28,0,14.000000018807242,11.81250000405532,1.372947191430266e-07,40,0,0,0,0.0,LOW
CUST002188,18,0,14.000000018134733,11.277778142207948,1.563777712515211e-05,40,0,0,0,0.0,LOW
CUST000233,30,0,14.000000018080216,11.90000009685405,6.759105970887118e-06,40,0,0,0,0.0,LOW
CUST000698,25,0,14.000000017749782,11.620004412918751,0.00027562516878439503,40,0,0,0,0.0,LOW
CUST003603,36,0,14.000000017697728,11.666666667218657,4.424431969330836e-08,40,0,0,0,0.0,LOW
CUST002779,16,0,14.000000017461447,12.250000092012815,3.6365907372522958e-06,40,0,0,0,0.0,LOW
CUST004258,25,0,14.000000017388452,11.690004542018023,0.00028352679456149004,40,0,0,0,0.0,LOW
CUST002499,27,0,14.000000017162273,11.990746773642913,0.00040556552816037566,40,0,0,0,0.0,LOW
CUST003412,25,0,14.000000016965522,11.690000448981746,2.656391784262881e-05,40,0,0,0,0.0,LOW
CUST001772,13,0,14.000000016731759,12.115384616782988,4.182939605875883e-08,40,0,0,0,0.0,LOW
CUST001743,33,0,14.00000001673028,11.34848607462773,9.661606002261154e-05,40,0,0,0,0.0,LOW
CUST002456,21,0,14.000000016517799,11.916666859070515,1.0059089486057338e-05,40,0,0,0,0.0,LOW
CUST004605,17,0,14.000000016222911,12.250000000954289,4.0557278226412654e-08,40,0,0,0,0.0,LOW
CUST001059,30,0,14.000000015967432,11.666666675748719,6.263352492077044e-07,40,0,0,0,0.0,LOW
CUST001090,31,0,14.000000015250112,11.685485150505494,5.0245895209403274e-05,40,0,0,0,0.0,LOW
CUST000626,22,0,14.000000015100216,11.852275054665483,0.00012668808887252532,40,0,0,0,0.0,LOW
CUST002434,25,0,14.000000014763048,11.690000009036703,3.573984971409164e-07,40,0,0,0,0.0,LOW
CUST000761,26,0,14.000000014240563,11.711538462158428,3.5601407747969224e-08,40,0,0,0,0.0,LOW
CUST004972,27,0,14.000000014204709,11.990740755905366,7.953252795078205e-07,40,0,0,0,0.0,LOW
CUST002626,26,0,14.000000014005673,11.778846159330255,3.2092308607228644e-07,40,0,0,0,0.0,LOW
CUST002036,31,0,14.000000013653652,11.629034556893012,0.0001780153893653567,40,0,0,0,0.0,LOW
CUST001156,27,0,14.000000013522312,11.537037039314782,1.1150310658070651e-07,40,0,0,0,0.0,LOW
CUST003919,14,0,14.00000001336589,11.125000007319086,2.2275322585339623e-07,40,0,0,0,0.0,LOW
CUST003714,30,0,14.0000000133118,11.550000082162239,5.990754134654725e-06,40,0,0,0,0.0,LOW
CUST001732,23,0,14.000000013279378,11.793478544290434,1.5566151161615973e-05,40,0,0,0,0.0,LOW
CUST003430,26,0,14.000000013104916,11.778846160065445,2.739562981686053e-07,40,0,0,0,0.0,LOW
CUST004134,19,0,14.000000012843822,11.513157895417155,3.2109555040525585e-08,40,0,0,0,0.0,LOW
CUST002738,29,0,14.00000001268769,11.827586207337296,3.1719223263943364e-08,40,0,0,0,0.0,LOW
CUST002828,25,0,14.00000001262418,11.690000077949177,3.896785434948149e-06,40,0,0,0,0.0,LOW
CUST002445,17,0,14.000000012233683,11.838235298005696,1.3465784451426465e-07,40,0,0,0,0.0,LOW
CUST004232,23,0,14.000000012092407,11.717392943457082,5.188446406400382e-05,40,0,0,0,0.0,LOW
CUST004137,32,0,14.0000000120531,11.594043069283627,0.02344188971057,40,0,0,0,0.0,LOW
CUST002902,22,0,14.00000001183937,11.61363986590721,0.00016166058069659811,40,0,0,0,0.0,LOW
CUST003743,21,0,14.000000011831965,11.666669558933663,0.00014996023959010354,40,0,0,0,0.0,LOW
CUST004863,28,0,14.00000001180324,11.937500195880203,1.2638970055412038e-05,40,0,0,0,0.0,LOW
CUST003270,14,0,14.000000011475027,11.875000004216838,9.406554962628215e-08,40,0,0,0,0.0,LOW
CUST004884,28,0,14.00000001143989,11.500041480493087,0.0029035131351003015,40,0,0,0,0.0,LOW
CUST000884,23,0,14.000000011382292,11.869565327485764,5.694377613364976e-06,40,0,0,0,0.0,LOW
CUST004806,31,0,14.000000011315304,11.459677646684822,1.6368942149942064e-05,40,0,0,0,0.0,LOW
CUST003774,27,0,14.000000011275779,11.861113234635084,0.00012652962147050668,40,0,0,0,0.0,LOW
CUST002034,27,0,14.00000001115619,11.472222572595522,2.2552068468398354e-05,40,0,0,0,0.0,LOW
CUST001257,26,0,14.000000010890718,11.644230810233923,2.4566086330593637e-06,40,0,0,0,0.0,LOW
CUST004984,21,0,14.000000010876825,11.750000009027659,3.0485570110006166e-07,40,0,0,0,0.0,LOW
CUST004552,22,0,14.0000000106862,11.534092310244885,5.37631525282556e-05,40,0,0,0,0.0,LOW
CUST002115,21,0,14.000000010342653,11.583333417390087,4.3341969830885096e-06,40,0,0,0,0.0,LOW
CUST000807,24,0,14.000000010207314,11.885476370373553,0.0035805109227288754,40,0,0,0,0.0,LOW
CUST002044,23,0,14.000000010070961,11.413043497029859,9.887285329602752e-07,40,0,0,0,0.0,LOW
CUST000729,33,0,14.000000009884987,11.666666765972213,5.166048531242245e-06,40,0,0,0,0.0,LOW
CUST003555,33,0,14.000000009850659,11.719697870803978,7.240170258444428e-05,40,0,0,0,0.0,LOW
CUST002943,31,0,14.000000009717754,11.685486697764253,0.00021905243522086617,40,0,0,0,0.0,LOW
CUST002449,24,0,14.000000009565756,11.739583419327298,5.111394847443307e-06,40,0,0,0,0.0,LOW
CUST002865,29,0,14.000000009439777,11.586206901996384,3.7057192988734803e-07,40,0,0,0,0.0,LOW
CUST000613,30,0,14.000000009327538,11.550020695397162,0.0015516541465619193,40,0,0,0,0.0,LOW
CUST002324,25,0,14.000000009304557,12.110000311054048,1.71969471622623e-05,40,0,0,0,0.0,LOW
CUST003356,20,0,14.000000009264305,12.16250058224811,2.905792570670036e-05,40,0,0,0,0.0,LOW
CUST000929,14,0,14.000000009247524,11.625000000686866,2.3118809042664678e-08,40,0,0,0,0.0,LOW
CUST000281,26,0,14.000000009133926,11.17307692342828,2.2834814482183742e-08,40,0,0,0,0.0,LOW
CUST000895,15,0,14.000000009063882,11.900000110907682,4.136249581189326e-06,40,0,0,0,0.0,LOW
CUST003416,26,0,14.000000009011794,11.77885042797834,0.00027777056822115225,40,0,0,0,0.0,LOW
CUST001087,23,0,14.000000008913108,12.021739134357086,1.1753374740244462e-07,40,0,0,0,0.0,LOW
CUST004586,21,0,14.000000008883589,12.25000178838316,9.156315689094982e-05,40,0,0,0,0.0,LOW
CUST004082,25,0,14.000000008841921,12.040002889073815,0.0001781081147238596,40,0,0,0,0.0,LOW
CUST004396,22,0,14.00000000880618,12.2500001331585,3.847485872980731e-06,40,0,0,0,0.0,LOW
CUST002882,27,0,14.000000008700647,11.666882341700175,0.014257034904120001,40,0,0,0,0.0,LOW
CUST004281,25,0,14.000000008465939,11.900000024679247,9.9137762255443e-07,40,0,0,0,0.0,LOW
CUST000633,32,0,14.000000008440633,11.648437510515908,8.177359557454296e-07,40,0,0,0,0.0,LOW
CUST000956,30,0,14.000000008347047,11.725000155650127,1.006668930592231e-05,40,0,0,0,0.0,LOW
CUST000279,21,0,14.000000008323186,11.333333372806095,1.9878541095068424e-06,40,0,0,0,0.0,LOW
CUST002352,19,0,14.00000000816519,11.697387170003891,0.0008261201617611754,40,0,0,0,0.0,LOW
CUST000463,25,0,14.000000008107579,11.83000103755283,6.482619165596813e-05,40,0,0,0,0.0,LOW
CUST001265,22,0,14.000000008092575,11.693182154466003,1.780382094084521e-05,40,0,0,0,0.0,LOW
CUST004315,25,0,14.000000007975466,11.550000392766298,2.2358948445862746e-05,40,0,0,0,0.0,LOW
CUST002280,29,0,14.000000007919981,11.646551734479928,6.366039787759001e-07,40,0,0,0,0.0,LOW
CUST003946,21,0,14.000000007738455,11.833333368135786,1.4410733999205772e-06,40,0,0,0,0.0,LOW
CUST003801,19,0,14.000000007655995,12.157894737245051,1.913998751876121e-08,40,0,0,0,0.0,LOW
CUST003514,28,0,14.000000007602377,11.812500142351206,6.799235189580978e-06,40,0,0,0,0.0,LOW
CUST004606,21,0,14.000000007464754,12.000000000548116,1.86618856850007e-08,40,0,0,0,0.0,LOW
CUST001407,19,0,14.000000007400418,11.973684213395018,1.1670478304870462e-07,40,0,0,0,0.0,LOW
CUST002792,29,0,14.000000007284754,11.646552106371304,2.4870160779740745e-05,40,0,0,0,0.0,LOW
CUST001193,17,0,14.000000007165893,11.941176471044065,1.791473184931856e-08,40,0,0,0,0.0,LOW
CUST003023,22,0,14.000000007083008,11.93181818401133,8.321738926808352e-08,40,0,0,0,0.0,LOW
CUST000987,27,0,14.000000006963692,11.925925952286608,1.7396758379891888e-06,40,0,0,0,0.0,LOW
CUST001095,27,0,14.000000006919413,12.18518520646161,1.4185968320618588e-06,40,0,0,0,0.0,LOW
CUST003115,24,0,14.000000006789405,11.447916692720973,1.546112579460552e-06,40,0,0,0,0.0,LOW
CUST004099,23,0,14.000000006688659,11.565217392051808,2.456411137649488e-08,40,0,0,0,0.0,LOW
CUST001695,21,0,14.000000006573943,11.75000000081565,2.6028255028032448e-08,40,0,0,0,0.0,LOW
CUST003014,24,0,14.000000006287722,11.302083342747743,5.447089182222345e-07,40,0,0,0,0.0,LOW
CUST001686,22,0,14.000000006158523,11.8522727389155,6.248553759495952e-07,40,0,0,0,0.0,LOW
CUST004630,26,0,14.000000006078594,11.509615384854985,1.5196482823519247e-08,40,0,0,0,0.0,LOW
CUST004343,25,0,14.00000000596453,11.620000003983794,2.32248471008774e-07,40,0,0,0,0.0,LOW
CUST000665,24,0,14.00000000589083,11.812501029425611,6.130325654451461e-05,40,0,0,0,0.0,LOW
CUST001900,34,0,14.000000005868284,11.68382525614319,0.0001235649784337147,40,0,0,0,0.0,LOW
CUST000450,38,0,14.00000000584811,12.019752367418022,0.0014077836255029076,40,0,0,0,0.0,LOW
CUST000378,30,0,14.00000000568986,11.783333355028104,1.600065255043397e-06,40,0,0,0,0.0,LOW
CUST000222,29,0,14.000000005601049,12.068965923794856,2.936926974532859e-05,40,0,0,0,0.0,LOW
CUST004838,23,0,14.000000005564528,11.79350259635274,0.0012763216313178497,40,0,0,0,0.0,LOW
CUST002556,25,0,14.000000005428312,11.480000001359436,7.13938859987413e-08,40,0,0,0,0.0,LOW
CUST002163,32,0,14.000000005425957,11.757823502010307,0.0008659158019809592,40,0,0,0,0.0,LOW
CUST002713,25,0,14.000000005292671,11.550000063373702,3.858582568712088e-06,40,0,0,0,0.0,LOW
CUST002675,15,0,14.00000000528794,11.66666666707726,1.3219851163480513e-08,40,0,0,0,0.0,LOW
CUST001411,28,0,14.000000005253051,11.687507961848357,0.0005132977209709554,40,0,0,0,0.0,LOW
CUST003671,26,0,14.00000000522034,11.778846156029442,1.2491947748175583e-07,40,0,0,0,0.0,LOW
CUST003610,14,0,14.00000000519896,12.250000001012324,2.2320688923018805e-08,40,0,0,0,0.0,LOW
CUST003573,36,0,14.000000005157782,11.715279478682259,8.837839618531519e-05,40,0,0,0,0.0,LOW
CUST001476,25,0,14.000000005008943,11.69000005625443,3.4971572794727484e-06,40,0,0,0,0.0,LOW
CUST001274,24,0,14.000000004814858,11.593750000908857,3.3059458498968765e-08,40,0,0,0,0.0,LOW
CUST003660,18,0,14.000000004810694,11.958333333991892,1.2026735452226168e-08,40,0,0,0,0.0,LOW
CUST000561,22,0,14.000000004442919,11.852272729826417,1.2924928207473206e-07,40,0,0,0,0.0,LOW
CUST003844,22,0,14.000000004388504,11.534091019377493,5.1364275807998585e-06,40,0,0,0,0.0,LOW
CUST000469,28,0,14.000000004387786,11.812500004960695,2.550431964431631e-07,40,0,0,0,0.0,LOW
CUST002759,24,0,14.000000004357995,11.666667040527402,2.171140646014927e-05,40,0,0,0,0.0,LOW
CUST001326,19,0,14.00000000415937,11.605269170476426,0.00019824672621282142,40,0,0,0,0.0,LOW
CUST003290,31,0,14.000000004108696,11.572580729770138,3.826695907590352e-06,40,0,0,0,0.0,LOW
CUST003344,19,0,14.000000004022489,11.789473712837843,1.324375559689001e-06,40,0,0,0,0.0,LOW
CUST004615,29,0,14.000000004009722,11.525862664202835,2.8023173467169427e-05,40,0,0,0,0.0,LOW
CUST002506,29,0,14.000000003966838,12.008625535748667,0.00028145771294872413,40,0,0,0,0.0,LOW
CUST003689,26,0,14.000000003854435,11.846153926323295,4.83509888574469e-06,40,0,0,0,0.0,LOW
CUST000386,14,0,14.000000003843477,11.875000056207682,1.81935373454018e-06,40,0,0,0,0.0,LOW
CUST002423,23,0,14.000000003839116,12.02173913152412,2.5148728796241866e-08,40,0,0,0,0.0,LOW
CUST001853,29,0,14.000000003831692,11.827586862928843,4.7551147222373906e-05,40,0,0,0,0.0,LOW
CUST000446,23,0,14.000000003759052,11.945652243092672,2.6867178662058864e-06,40,0,0,0,0.0,LOW
CUST000798,22,0,14.000000003717801,11.295456568433453,8.336646729604035e-05,40,0,0,0,0.0,LOW
CUST000501,18,0,14.000000003712321,11.472222223478925,4.65773279810188e-08,40,0,0,0,0.0,LOW
CUST000431,32,0,14.000000003557354,11.593750055650103,4.441510909242234e-06,40,0,0,0,0.0,LOW
CUST001297,28,0,14.000000003553339,11.87500000018159,8.883348149072855e-09,40,0,0,0,0.0,LOW
CUST000313,26,0,14.00000000352581,11.509615387164287,1.1568164042224688e-07,40,0,0,0,0.0,LOW
CUST001636,28,0,14.000000003517947,11.937504843282271,0.0003377699708838408,40,0,0,0,0.0,LOW
CUST002417,20,0,14.0000000034815,11.900000538408532,2.5996593088724088e-05,40,0,0,0,0.0,LOW
CUST002570,23,0,14.000000003412024,11.7173926244532,7.355858133180881e-05,40,0,0,0,0.0,LOW
CUST002160,19,0,14.000000003367878,11.789473738151223,1.8830677041155463e-06,40,0,0,0,0.0,LOW
CUST004574,25,0,14.000000003358682,11.760009837176597,0.0006117880583479382,40,0,0,0,0.0,LOW
CUST000277,18,0,14.000000003341892,11.861111180375245,3.1060301245739415e-06,40,0,0,0,0.0,LOW
CUST004775,23,0,14.000000003273858,11.565217392189334,3.767735177116175e-08,40,0,0,0,0.0,LOW
CUST000816,26,0,14.000000003199755,11.778899997558021,0.0033828908857544415,40,0,0,0,0.0,LOW
CUST004243,18,0,14.000000003172472,11.666666666845972,7.931179321423643e-09,40,0,0,0,0.0,LOW
CUST002055,24,0,14.00000000317061,11.885416707954755,2.439208221799143e-06,40,0,0,0,0.0,LOW
CUST004821,30,0,14.000000003094847,11.783334683490342,9.226475515910132e-05,40,0,0,0,0.0,LOW
CUST000440,27,0,14.000000002996233,11.666671120013529,0.00028968726436326094,40,0,0,0,0.0,LOW
CUST002049,28,0,14.000000002994149,11.750000000106935,7.485373841094906e-09,40,0,0,0,0.0,LOW
CUST001884,25,0,14.000000002971333,11.620000008345384,4.966813315556699e-07,40,0,0,0,0.0,LOW
CUST001331,19,0,14.000000002949374,11.697369958859426,7.303695861103716e-05,40,0,0,0,0.0,LOW
CUST000514,33,0,14.000000002867454,11.77272734558618,4.1911006481088965e-06,40,0,0,0,0.0,LOW
CUST004989,17,0,14.000000002866559,11.632352941448714,7.166394275435738e-09,40,0,0,0,0.0,LOW
CUST003867,24,0,14.00000000286627,11.885416669964568,1.6764446316102732e-07,40,0,0,0,0.0,LOW
CUST001006,18,0,14.00000000278944,11.8611112655345,5.390786003049424e-06,40,0,0,0,0.0,LOW
CUST003134,29,0,14.000000002789204,11.646551736113627,8.232200297498807e-07,40,0,0,0,0.0,LOW
CUST004733,28,0,14.000000002763825,11.500000587676226,1.9706624198846986e-05,40,0,0,0,0.0,LOW
CUST003711,19,0,14.000000002738101,11.789473684447978,6.8452531850330146e-09,40,0,0,0,0.0,LOW
CUST003875,26,0,14.000000002688454,11.375000057560372,2.857725908863312e-06,40,0,0,0,0.0,LOW
CUST003261,24,0,14.000000002672543,12.250000486770226,2.783533683825068e-05,40,0,0,0,0.0,LOW
CUST004695,27,0,14.000000002607687,11.731481798550007,1.5351909409381363e-05,40,0,0,0,0.0,LOW
CUST004318,23,0,14.000000002580189,11.94565217406616,6.450471935933579e-09,40,0,0,0,0.0,LOW
CUST000650,17,0,14.00000000255727,12.14705890625234,2.0987377795261293e-06,40,0,0,0,0.0,LOW
CUST001770,26,0,14.000000002540704,11.77884798788585,0.00011920621803224396,40,0,0,0,0.0,LOW
CUST004578,16,0,14.00000000251037,11.921875000247121,6.27592753356169e-09,40,0,0,0,0.0,LOW
CUST002289,30,0,14.000000002454863,12.1333333342198,4.4565777699161616e-08,40,0,0,0,0.0,LOW
CUST000819,18,0,14.000000002418135,11.472222222543937,7.850438061288791e-09,40,0,0,0,0.0,LOW
CUST001363,31,0,14.00000000241384,11.459677429979335,2.9852567088783503e-07,40,0,0,0,0.0,LOW
CUST001540,26,0,14.000000002391376,11.44230769259759,1.0717006063304119e-08,40,0,0,0,0.0,LOW
CUST002397,25,0,14.000000002359773,11.76000000898782,5.229085177509302e-07,40,0,0,0,0.0,LOW
CUST004776,31,0,14.000000002355398,11.572590281431856,0.0007343367118289541,40,0,0,0,0.0,LOW
CUST000330,30,0,14.000000002289248,11.55000000723132,4.7121717319128055e-07,40,0,0,0,0.0,LOW
CUST002234,21,0,14.000000002276987,11.833333338007051,2.3889292868360326e-07,40,0,0,0,0.0,LOW
CUST002222,19,0,14.000000002272152,11.60526520606374,9.640466357702305e-05,40,0,0,0,0.0,LOW
CUST004515,28,0,14.000000002246823,11.625000038703513,1.6931854219084332e-06,40,0,0,0,0.0,LOW
CUST002478,25,0,14.000000002226926,11.900000199885604,1.0727767836182588e-05,40,0,0,0,0.0,LOW
CUST002994,29,0,14.000000002211145,11.948275862561257,2.024976738255517e-08,40,0,0,0,0.0,LOW
CUST001717,25,0,14.000000002175328,11.410000011119875,6.829949306963534e-07,40,0,0,0,0.0,LOW
CUST003928,17,0,14.000000002155353,12.044117680292068,1.3513186300049997e-06,40,0,0,0,0.0,LOW
CUST000409,22,0,14.000000002142846,11.931819716459604,8.439908309267795e-05,40,0,0,0,0.0,LOW
CUST001131,21,0,14.000000002138389,11.916666677220421,4.905854460702031e-07,40,0,0,0,0.0,LOW
CUST002483,18,0,14.000000002119371,11.958333459948015,5.387451812640663e-06,40,0,0,0,0.0,LOW
CUST001961,24,0,14.00000000209854,12.17708345450523,5.506317076991404e-06,40,0,0,0,0.0,LOW
CUST003546,21,0,14.000000002087097,11.666666667990658,5.231790712996665e-08,40,0,0,0,0.0,LOW
CUST003531,25,0,14.000000002068994,11.760000008099235,5.001307954334606e-07,40,0,0,0,0.0,LOW
CUST004175,26,0,14.000000002027035,11.980769660488923,2.7088961212900628e-05,40,0,0,0,0.0,LOW
CUST003948,20,0,14.000000002010239,11.81250016541021,8.26251757555527e-06,40,0,0,0,0.0,LOW
CUST004428,20,0,14.000000001998501,11.81250000024231,4.996253187981269e-09,40,0,0,0,0.0,LOW
CUST001239,29,0,14.000000001968662,11.64655179938674,5.290372365422485e-06,40,0,0,0,0.0,LOW
CUST003104,22,0,14.000000001957037,12.329546502247617,4.8463100868094984e-05,40,0,0,0,0.0,LOW
CUST003626,17,0,14.000000001952738,11.632354153772095,4.966857553865795e-05,40,0,0,0,0.0,LOW
CUST000804,23,0,14.000000001940823,12.17391307512795,1.5203169940658501e-06,40,0,0,0,0.0,LOW
CUST000172,33,0,14.000000001901972,11.7727287323885,0.00011911430905404142,40,0,0,0,0.0,LOW
CUST003855,27,0,14.000000001898346,12.18518540598673,1.3917338210838078e-05,40,0,0,0,0.0,LOW
CUST001306,23,0,14.000000001898119,11.413043703326595,1.2829061834922093e-05,40,0,0,0,0.0,LOW
CUST003033,27,0,14.000000001864292,12.05556024474996,0.00031649833920580344,40,0,0,0,0.0,LOW
CUST002450,26,0,14.000000001854572,11.64423076931096,4.6364278933901925e-09,40,0,0,0,0.0,LOW
CUST000678,26,0,14.00000000180298,11.5769230851243,3.468346601731005e-07,40,0,0,0,0.0,LOW
CUST002113,27,0,14.00000000170375,11.40740741419597,2.6614962973799033e-07,40,0,0,0,0.0,LOW
CUST003021,24,0,14.000000001702361,11.885416687239237,1.2123631505973422e-06,40,0,0,0,0.0,LOW
CUST002924,17,0,14.000000001701752,11.632353152725159,8.958188338530896e-06,40,0,0,0,0.0,LOW
CUST000897,24,0,14.000000001665482,11.958357967656445,0.0014780352965129955,40,0,0,0,0.0,LOW
CUST002420,23,0,14.000000001657218,11.641304347988555,5.19890932156465e-09,40,0,0,0,0.0,LOW
CUST004055,22,0,14.00000000162572,11.931818182226033,1.4768338314237655e-08,40,0,0,0,0.0,LOW
CUST001937,23,0,14.000000001601887,11.641304347902764,4.004714840223882e-09,40,0,0,0,0.0,LOW
CUST000460,27,0,14.000000001601299,11.731481535767868,2.7258147276557326e-06,40,0,0,0,0.0,LOW
CUST001880,21,0,14.000000001598982,11.833333362485726,9.082718461074014e-07,40,0,0,0,0.0,LOW
CUST001873,29,0,14.000000001593282,11.887931362245535,2.294296246910284e-05,40,0,0,0,0.0,LOW
CUST001929,20,0,14.000000001569804,11.987500000566445,1.1279739333122891e-08,40,0,0,0,0.0,LOW
CUST004867,26,0,14.00000000156065,11.576927570662132,0.0002890967115557146,40,0,0,0,0.0,LOW
CUST002972,23,0,14.000000001551308,11.793481316893189,0.00017565572236390476,40,0,0,0,0.0,LOW
CUST004466,29,0,14.000000001517185,11.646553088645284,9.891260455038213e-05,40,0,0,0,0.0,LOW
CUST002604,28,0,14.000000001487628,12.000082834133993,0.005174690918868903,40,0,0,0,0.0,LOW
CUST001736,27,0,14.00000000147497,11.925925926268963,8.65469444886292e-09,40,0,0,0,0.0,LOW
CUST002142,13,0,14.000000001473504,11.846153846267192,3.6837589816019727e-09,40,0,0,0,0.0,LOW
CUST003845,39,0,14.000000001466223,11.756418197848694,0.0007563009463832479,40,0,0,0,0.0,LOW
CUST003183,23,0,14.000000001445658,11.56521763901237,1.4139889058181158e-05,40,0,0,0,0.0,LOW
CUST001147,26,0,14.00000000144269,12.115384621336132,3.0662908700344833e-07,40,0,0,0,0.0,LOW
CUST001389,24,0,14.000000001428166,11.447916857756764,1.0825410693717879e-05,40,0,0,0,0.0,LOW
CUST002618,31,0,14.000000001408292,11.91130839249648,0.0014002229603449505,40,0,0,0,0.0,LOW
CUST000448,23,0,14.000000001347555,11.565217503074395,5.78701753414439e-06,40,0,0,0,0.0,LOW
CUST000541,24,0,14.00000000133379,11.958388836808373,0.003329658034828482,40,0,0,0,0.0,LOW
CUST000628,27,0,14.000000001333756,11.472222225800136,1.5443666837050784e-07,40,0,0,0,0.0,LOW
CUST002789,23,0,14.000000001329818,11.793578607906591,0.005769791847666278,40,0,0,0,0.0,LOW
CUST002649,20,0,14.000000001321034,11.550000092219266,4.6073147745554956e-06,40,0,0,0,0.0,LOW
CUST002206,20,0,14.000000001277646,11.812500000069267,3.1941161729504166e-09,40,0,0,0,0.0,LOW
CUST004561,29,0,14.000000001238341,11.767484423434023,0.017476588766580002,40,0,0,0,0.0,LOW
CUST003997,23,0,14.000000001172108,11.793478273047313,6.958169672665217e-07,40,0,0,0,0.0,LOW
CUST004973,27,0,14.000000001166498,11.92592595301757,1.7364872395682746e-06,40,0,0,0,0.0,LOW
CUST004327,34,0,14.000000001159341,11.94117655307064,3.738215964398245e-06,40,0,0,0,0.0,LOW
CUST003085,20,0,14.000000001154369,12.162503675238202,0.0001828653418501343,40,0,0,0,0.0,LOW
CUST000592,25,0,14.00000000115075,11.900000001218075,5.06000898741591e-08,40,0,0,0,0.0,LOW
CUST000707,28,0,14.000000001136332,11.687500003486722,2.1884052086927852e-07,40,0,0,0,0.0,LOW
CUST003984,27,0,14.000000001093852,11.79629637925016,3.0314094601579944e-06,40,0,0,0,0.0,LOW
CUST004754,24,0,14.000000001071015,11.88541666721617,1.850344996600492e-08,40,0,0,0,0.0,LOW
CUST002681,23,0,14.000000001014739,11.869566503129414,7.38944106791889e-05,40,0,0,0,0.0,LOW
CUST000215,28,0,14.000000001008479,11.750000582580189,3.053819957952615e-05,40,0,0,0,0.0,LOW
CUST001272,25,0,14.000000001005555,11.830000119944138,4.278053183439381e-06,40,0,0,0,0.0,LOW
CUST003475,17,0,14.000000000965194,12.044117701930054,2.1862414902248473e-06,40,0,0,0,0.0,LOW
CUST003516,26,0,14.000000000953568,11.576923077026922,4.068202264714641e-09,40,0,0,0,0.0,LOW
CUST004324,15,0,14.000000000938183,12.016666666903246,3.6177524856033646e-09,40,0,0,0,0.0,LOW
CUST001444,20,0,14.000000000934156,11.637500012157926,3.116827336387053e-07,40,0,0,0,0.0,LOW
CUST000653,19,0,14.0000000008755,11.881579601121091,3.104851303630633e-05,40,0,0,0,0.0,LOW
CUST004380,18,0,14.000000000872626,11.95833334496584,2.5159727613917405e-07,40,0,0,0,0.0,LOW
CUST000848,20,0,14.000000000862162,11.725000118882509,5.607396751171172e-06,40,0,0,0,0.0,LOW
CUST001925,27,0,14.000000000855174,11.861111175234397,3.133411010023892e-06,40,0,0,0,0.0,LOW
CUST001317,23,0,14.000000000830365,12.021739395467836,1.375443244370084e-05,40,0,0,0,0.0,LOW
CUST000676,17,0,14.000000000818055,12.147058871768754,2.0263551461991725e-06,40,0,0,0,0.0,LOW
CUST004122,22,0,14.000000000801156,11.772727308537116,1.0872046725535184e-06,40,0,0,0,0.0,LOW
CUST003149,20,0,14.000000000775499,12.075000013134623,6.547923672010223e-07,40,0,0,0,0.0,LOW
CUST002167,26,0,14.000000000772229,12.048077458972498,3.248014495590441e-05,40,0,0,0,0.0,LOW
CUST001956,32,0,14.000000000772197,11.429688076874546,4.612617063355467e-05,40,0,0,0,0.0,LOW
CUST004231,30,0,14.000000000751642,11.725190489119965,0.013533428715429998,40,0,0,0,0.0,LOW
CUST002643,18,0,14.000000000736273,12.05555555562631,1.8406829654892184e-09,40,0,0,0,0.0,LOW
CUST003250,30,0,14.000000000715417,11.900000000966994,6.916217326417095e-08,40,0,0,0,0.0,LOW
CUST002202,27,0,14.000000000704356,12.120370372966445,1.3693210152069277e-07,40,0,0,0,0.0,LOW
CUST003170,25,0,14.000000000693067,11.760000003007217,1.2985141983453802e-07,40,0,0,0,0.0,LOW
CUST002851,22,0,14.00000000069064,11.852274488285332,9.4271029697637e-05,40,0,0,0,0.0,LOW
CUST000865,31,0,14.000000000688113,12.024193548812635,1.4711881497212456e-08,40,0,0,0,0.0,LOW
CUST002682,30,0,14.000000000682773,11.725000036462303,1.5980058399353894e-06,40,0,0,0,0.0,LOW
CUST004303,25,0,14.0000000006768,11.55000122876103,5.5273589660367806e-05,40,0,0,0,0.0,LOW
CUST001182,19,0,14.00000000066489,11.421060137387618,0.00034829409959044643,40,0,0,0,0.0,LOW
CUST000324,25,0,14.000000000660062,11.550000013269228,4.1945914517792816e-07,40,0,0,0,0.0,LOW
CUST003835,33,0,14.000000000658535,11.507734937323923,0.01311327824478,40,0,0,0,0.0,LOW
CUST003807,28,0,14.000000000656401,12.12500007900951,5.528934218804128e-06,40,0,0,0,0.0,LOW
CUST001408,22,0,14.000000000642677,11.772727425947817,5.35781324041433e-06,40,0,0,0,0.0,LOW
CUST002073,16,0,14.000000000633483,11.812500000868646,3.184390582714227e-08,40,0,0,0,0.0,LOW
CUST002837,20,0,14.000000000632854,11.550000089623982,4.355649829218432e-06,40,0,0,0,0.0,LOW
CUST001828,28,0,14.000000000632765,12.000002550962533,0.00015415352094960556,40,0,0,0,0.0,LOW
CUST001887,17,0,14.000000000632488,11.838235386938441,3.882744487089525e-06,40,0,0,0,0.0,LOW
CUST003346,18,0,14.000000000592095,11.47225833779493,0.000919904197976148,40,0,0,0,0.0,LOW
CUST000800,24,0,14.00000000058252,11.520833352441217,9.518953956347261e-07,40,0,0,0,0.0,LOW
CUST001028,11,0,14.000000000576058,11.454545461241098,1.7801457704415395e-07,40,0,0,0,0.0,LOW
CUST001273,12,0,14.000000000575293,11.958333333408321,1.4382301982618354e-09,40,0,0,0,0.0,LOW
CUST002469,32,0,14.000000000571433,12.140625824207829,4.564499197152367e-05,40,0,0,0,0.0,LOW
CUST001399,32,0,14.000000000571323,11.86718750788381,2.6900630809996333e-07,40,0,0,0,0.0,LOW
CUST004041,31,0,14.000000000569866,11.459677420526294,3.494285455494993e-08,40,0,0,0,0.0,LOW
CUST000170,24,0,14.00000000056571,11.593750019501483,8.763739001694652e-07,40,0,0,0,0.0,LOW
CUST000202,22,0,14.0000000005576,12.250000041890305,2.3015229046569994e-06,40,0,0,0,0.0,LOW
CUST002816,16,0,14.000000000554662,11.37500007106875,2.838874636991468e-06,40,0,0,0,0.0,LOW
CUST000866,16,0,14.000000000552456,11.593750000612484,1.660354937954879e-08,40,0,0,0,0.0,LOW
CUST002999,25,0,14.000000000547756,11.760000020290008,1.2518015315322338e-06,40,0,0,0,0.0,LOW
CUST003345,20,0,14.000000000545919,11.725000000028873,1.3647971632473316e-09,40,0,0,0,0.0,LOW
CUST000392,18,0,14.000000000545285,11.95833333341218,1.7080977469786155e-09,40,0,0,0,0.0,LOW
CUST000988,26,0,14.000000000541933,11.913461560285544,1.1308388083041816e-06,40,0,0,0,0.0,LOW
CUST004425,22,0,14.0000000005406,11.772727272753967,1.351500373251856e-09,40,0,0,0,0.0,LOW
CUST002783,26,0,14.000000000534275,11.509615408234254,1.4864680426990853e-06,40,0,0,0,0.0,LOW
CUST001288,33,0,14.000000000532324,11.507577950432253,0.00016753672850791906,40,0,0,0,0.0,LOW
CUST003097,28,0,14.000000000520245,11.6875014856876,7.842891471886734e-05,40,0,0,0,0.0,LOW
CUST002777,24,0,14.00000000051975,12.104166666742586,1.7259209660864803e-09,40,0,0,0,0.0,LOW
CUST002601,28,0,14.000000000511344,11.625001687066458,7.92100751616167e-05,40,0,0,0,0.0,LOW
CUST002131,28,0,14.000000000508914,11.312500000039105,1.4649502469060158e-09,40,0,0,0,0.0,LOW
CUST000422,19,0,14.000000000504086,11.697368526709164,4.9953104231677384e-06,40,0,0,0,0.0,LOW
CUST004687,18,0,14.000000000500805,11.375001837375606,8.257579351210824e-05,40,0,0,0,0.0,LOW
CUST002905,27,0,14.000000000499957,11.601852257363802,2.731784274419428e-05,40,0,0,0,0.0,LOW
CUST001145,21,0,14.000000000499805,11.750000012246872,3.7740651638027216e-07,40,0,0,0,0.0,LOW
CUST001650,27,0,14.00000000048957,11.925926771794149,2.0584063612611318e-05,40,0,0,0,0.0,LOW
CUST001244,26,0,14.00000000048935,11.644231027307884,1.3618809661061184e-05,40,0,0,0,0.0,LOW
CUST001538,32,0,14.000000000485706,11.593750079958003,6.3907816932989334e-06,40,0,0,0,0.0,LOW
CUST004678,28,0,14.0000000004832,11.750000000050033,1.8719783251178222e-09,40,0,0,0,0.0,LOW
CUST002272,19,0,14.000000000474815,11.973684210787725,1.070655023505068e-08,40,0,0,0,0.0,LOW
CUST000969,21,0,14.00000000047319,12.250013887373909,0.000729061868908704,40,0,0,0,0.0,LOW
CUST000549,25,0,14.00000000047023,11.480000000341711,1.9433593985996633e-08,40,0,0,0,0.0,LOW
CUST000631,17,0,14.000000000460602,12.147058824658894,3.9819150643403734e-08,40,0,0,0,0.0,LOW
CUST003231,24,0,14.000000000455701,11.88541666714219,2.3790487697605707e-08,40,0,0,0,0.0,LOW
CUST002808,34,0,14.00000000044543,12.1470588404163,1.3419741996520082e-06,40,0,0,0,0.0,LOW
CUST000442,28,0,14.000000000442185,12.187500036573287,2.5427995560697457e-06,40,0,0,0,0.0,LOW
CUST002467,18,0,14.000000000433024,11.861111115586707,1.3016145145529891e-07,40,0,0,0,0.0,LOW
CUST004965,22,0,14.0000000004281,11.852272727292409,1.0702505664968049e-09,40,0,0,0,0.0,LOW
CUST003195,22,0,14.000000000427699,11.931822108494293,0.00021595812687358212,40,0,0,0,0.0,LOW
CUST003550,20,0,14.000000000427079,12.075001073752018,4.382787533099224e-05,40,0,0,0,0.0,LOW
CUST001561,31,0,14.000000000417714,11.572580645265598,5.35558058001057e-09,40,0,0,0,0.0,LOW
CUST000425,24,0,14.00000000040796,11.229166756161566,3.829636152747987e-06,40,0,0,0,0.0,LOW
CUST002631,26,0,14.00000000040078,12.115384626892556,3.7665386132921604e-07,40,0,0,0,0.0,LOW
CUST004640,23,0,14.000000000398735,12.173913044950059,3.718500202714732e-08,40,0,0,0,0.0,LOW
CUST000461,30,0,14.000000000388825,11.666666737119915,4.927106197437351e-06,40,0,0,0,0.0,LOW
CUST000476,32,0,14.000000000379146,11.648450446385059,0.0010326920317578069,40,0,0,0,0.0,LOW
CUST003293,19,0,14.000000000376602,12.250000000923123,3.096959568438506e-08,40,0,0,0,0.0,LOW
CUST002584,18,0,14.000000000375486,11.569445299834587,3.849141080711713e-05,40,0,0,0,0.0,LOW
CUST004955,27,0,14.000000000365754,11.796297020738294,4.7555635429935274e-05,40,0,0,0,0.0,LOW
CUST004446,22,0,14.000000000365322,12.250000008811543,4.808272459698922e-07,40,0,0,0,0.0,LOW
CUST003631,22,0,14.000000000363244,11.534090921741539,6.948765550614029e-07,40,0,0,0,0.0,LOW
CUST004520,20,0,14.000000000360567,11.550000024486,1.216395900786294e-06,40,0,0,0,0.0,LOW
CUST001450,22,0,14.000000000353035,12.170454546025864,1.768772364134192e-08,40,0,0,0,0.0,LOW
CUST002573,31,0,14.000000000349191,11.403225942743086,5.135630888038063e-06,40,0,0,0,0.0,LOW
CUST004914,28,0,14.000000000348793,11.68750001876648,1.0655411242383005e-06,40,0,0,0,0.0,LOW
CUST001330,29,0,14.00000000034616,11.948275875267504,6.204547858972274e-07,40,0,0,0,0.0,LOW
CUST001840,21,0,14.000000000345802,11.416666667406123,3.7807253651836845e-08,40,0,0,0,0.0,LOW
CUST002367,20,0,14.00000000033846,11.287500011212979,5.535471092765102e-07,40,0,0,0,0.0,LOW
CUST001011,28,0,14.000000000326699,11.812500039615088,2.7697221799911344e-06,40,0,0,0,0.0,LOW
CUST002813,25,0,14.000000000326697,11.340013792160734,0.0008603798680179701,40,0,0,0,0.0,LOW
CUST001285,21,0,14.000000000322219,11.750000051135093,2.6637836541296024e-06,40,0,0,0,0.0,LOW
CUST000005,26,0,14.000000000317911,11.711538461641302,4.889044370752785e-09,40,0,0,0,0.0,LOW
CUST000762,24,0,14.000000000317309,11.739583419503338,3.1175413645480573e-06,40,0,0,0,0.0,LOW
CUST002396,26,0,14.000000000315874,11.84615385038837,1.8597230841384095e-07,40,0,0,0,0.0,LOW
CUST002080,18,0,14.000000000311028,11.569444751621988,1.320845150123545e-05,40,0,0,0,0.0,LOW
CUST000582,26,0,14.000000000300963,11.576923190665193,6.241703706147614e-06,40,0,0,0,0.0,LOW
CUST004422,17,0,14.00000000030013,11.941181750404466,0.00022367697840771896,40,0,0,0,0.0,LOW
CUST003967,29,0,14.000000000297366,11.88793134539411,1.750805193193872e-05,40,0,0,0,0.0,LOW
CUST003749,28,0,14.000000000294191,11.875000015541762,8.388341249519702e-07,40,0,0,0,0.0,LOW
CUST004181,23,0,14.00000000029294,11.94565219780485,1.3069115184761636e-06,40,0,0,0,0.0,LOW
CUST002947,23,0,14.000000000290628,11.793478276163526,4.4281348833287885e-07,40,0,0,0,0.0,LOW
CUST002534,24,0,14.00000000028504,11.885416666741657,3.6136996355588513e-09,40,0,0,0,0.0,LOW
CUST000310,25,0,14.0000000002848,11.690000001395665,8.0500708818364e-08,40,0,0,0,0.0,LOW
CUST000415,22,0,14.000000000281679,11.852272745577094,9.568048318977378e-07,40,0,0,0,0.0,LOW
CUST003634,39,0,14.000000000278906,11.846153858025605,8.371469940131956e-07,40,0,0,0,0.0,LOW
CUST000931,19,0,14.00000000027811,11.421053017154291,1.821253423658924e-05,40,0,0,0,0.0,LOW
CUST002588,23,0,14.000000000276597,11.336959129872449,0.00014045676073148704,40,0,0,0,0.0,LOW
CUST001219,35,0,14.0000000002757,11.80000001600738,1.2900291504632101e-06,40,0,0,0,0.0,LOW
CUST001452,26,0,14.000000000272193,11.307692346966974,1.151464382660855e-06,40,0,0,0,0.0,LOW
CUST004650,16,0,14.000000000271214,11.812500000074905,1.0996056690243116e-09,40,0,0,0,0.0,LOW
CUST004745,18,0,14.00000000026696,11.56944444708479,1.1569059863173663e-07,40,0,0,0,0.0,LOW
CUST001544,28,0,14.000000000263467,11.625009009785542,0.000628227621753865,40,0,0,0,0.0,LOW
CUST003923,18,0,14.000000000262842,11.763888891556538,1.1938709257657662e-07,40,0,0,0,0.0,LOW
CUST003506,21,0,14.000000000261666,11.750002507320968,0.00013140208577120776,40,0,0,0,0.0,LOW
CUST002976,22,0,14.000000000260389,11.772727272780037,1.779570702372953e-09,40,0,0,0,0.0,LOW
CUST003876,32,0,14.000000000255937,11.484380115511673,0.00040802095223920533,40,0,0,0,0.0,LOW
CUST000706,18,0,14.0000000002554,11.861111362045712,1.1221969329075413e-05,40,0,0,0,0.0,LOW
CUST004184,17,0,14.00000000025162,12.044120077358025,0.00010325363403222793,40,0,0,0,0.0,LOW
CUST003264,27,0,14.00000000024856,11.472222222457427,1.5254937984627487e-08,40,0,0,0,0.0,LOW
CUST001844,27,0,14.00000000024739,11.731481638360988,9.720447432194473e-06,40,0,0,0,0.0,LOW
CUST001699,21,0,14.00000000024474,11.583337334405188,0.00020996256674032823,40,0,0,0,0.0,LOW
CUST000673,22,0,14.00000000023764,11.693181820235928,9.252647618862358e-08,40,0,0,0,0.0,LOW
CUST001478,24,0,14.000000000237575,11.739593108157955,0.0005856453254470826,40,0,0,0,0.0,LOW
CUST004063,27,0,14.000000000220156,11.796296297936031,7.603405745517667e-08,40,0,0,0,0.0,LOW
CUST004710,21,0,14.00000000021888,11.666930062660052,0.013743626120469999,40,0,0,0,0.0,LOW
CUST004978,26,0,14.00000000021422,11.846154239307397,2.269879388463187e-05,40,0,0,0,0.0,LOW
CUST004139,32,0,14.000000000213813,11.867188981305555,9.309979859917961e-05,40,0,0,0,0.0,LOW
CUST002085,35,0,14.000000000213806,11.600000003246238,2.640582041744564e-07,40,0,0,0,0.0,LOW
CUST004371,22,0,14.000000000212333,11.931818183929037,7.14714326606941e-08,40,0,0,0,0.0,LOW
CUST001248,24,0,14.00000000021036,11.812500359580492,1.700780729085598e-05,40,0,0,0,0.0,LOW
CUST001658,24,0,14.000000000205857,12.177083333374732,1.0806856347225229e-09,40,0,0,0,0.0,LOW
CUST003745,23,0,14.000000000199675,12.173930534073326,0.0010056616782178767,40,0,0,0,0.0,LOW
CUST002517,23,0,14.00000000019658,11.869565372932753,7.476748351909134e-06,40,0,0,0,0.0,LOW
CUST002041,23,0,14.000000000195465,11.717391321597928,7.051243751831258e-07,40,0,0,0,0.0,LOW
CUST001970,28,0,14.000000000192598,11.875001373317248,9.580220278055312e-05,40,0,0,0,0.0,LOW
CUST002878,25,0,14.000000000191182,11.900000000066392,2.5323062844983383e-09,40,0,0,0,0.0,LOW
CUST002419,29,0,14.000000000189544,11.646551727839325,2.66689690293396e-07,40,0,0,0,0.0,LOW
CUST001347,26,0,14.000000000188557,11.375002977334995,0.0001925339182895242,40,0,0,0,0.0,LOW
CUST002772,31,0,14.00000000018692,11.741935491184798,5.656691697688427e-07,40,0,0,0,0.0,LOW
CUST000666,25,0,14.000000000183412,11.620000001356889,8.431134949554877e-08,40,0,0,0,0.0,LOW
CUST002734,25,0,14.000000000183269,11.830000222433814,1.3901570585398041e-05,40,0,0,0,0.0,LOW
CUST004597,32,0,14.000000000178957,12.031250014199824,1.1154305838918522e-06,40,0,0,0,0.0,LOW
CUST004161,12,0,14.000000000176785,12.104166667292922,1.3212527232236428e-08,40,0,0,0,0.0,LOW
CUST004744,21,0,14.000000000176346,11.750004454919818,0.00023194224449766618,40,0,0,0,0.0,LOW
CUST000928,26,0,14.000000000176122,12.182692315917288,5.315182020996865e-07,40,0,0,0,0.0,LOW
CUST002667,36,0,14.000000000175968,11.472223357272139,8.757589074973313e-05,40,0,0,0,0.0,LOW
CUST004237,25,0,14.000000000174662,11.690000168682808,1.035530650895269e-05,40,0,0,0,0.0,LOW
CUST000550,25,0,14.000000000168752,11.760007097469149,0.0004435545095945042,40,0,0,0,0.0,LOW
CUST000966,28,0,14.000000000166144,11.875000063329598,2.0719756120750186e-06,40,0,0,0,0.0,LOW
CUST001528,24,0,14.000000000165329,11.302226824157847,0.008483659427891836,40,0,0,0,0.0,LOW
CUST001906,29,0,14.000000000162771,11.586208867391214,0.0001413489545345878,40,0,0,0,0.0,LOW
CUST004239,25,0,14.000000000162435,11.690000003130269,1.636940953022349e-07,40,0,0,0,0.0,LOW
CUST004045,27,0,14.00000000016202,11.601851949200514,6.570577169480802e-06,40,0,0,0,0.0,LOW
CUST000290,15,0,14.000000000159863,12.133333333343991,3.9965905944799166e-10,40,0,0,0,0.0,LOW
CUST004388,28,0,14.00000000015885,11.937500000069102,3.952819516270523e-09,40,0,0,0,0.0,LOW
CUST002488,24,0,14.000000000157572,11.666666672728352,2.112468688312901e-07,40,0,0,0,0.0,LOW
CUST004983,24,0,14.000000000156701,11.958333333342798,3.917529312257829e-10,40,0,0,0,0.0,LOW
CUST001640,23,0,14.000000000155644,12.250000003054625,1.536901098049483e-07,40,0,0,0,0.0,LOW
CUST002725,24,0,14.000000000150882,12.031250018770095,1.1237448487340891e-06,40,0,0,0,0.0,LOW
CUST003874,23,0,14.000000000144814,11.717391339300548,1.7616887159897898e-06,40,0,0,0,0.0,LOW
CUST004229,21,0,14.000000000144261,11.333333953110385,3.253793452589861e-05,40,0,0,0,0.0,LOW
CUST002168,28,0,14.000000000143249,12.000000253681275,1.750651323260757e-05,40,0,0,0,0.0,LOW
CUST002196,15,0,14.000000000137966,11.900002282105138,8.537637735231892e-05,40,0,0,0,0.0,LOW
CUST000271,15,0,14.00000000013589,11.666666667518395,3.011905602199133e-08,40,0,0,0,0.0,LOW
CUST003448,35,0,14.000000000135701,11.65000371482016,0.0003146866421220782,40,0,0,0,0.0,LOW
CUST003130,14,0,14.000000000134904,12.000000004644145,1.620139630906603e-07,40,0,0,0,0.0,LOW
CUST003680,28,0,14.000000000133356,11.937500084587809,4.810880000298033e-06,40,0,0,0,0.0,LOW
CUST000530,21,0,14.00000000013191,11.750000621073724,3.260604073124699e-05,40,0,0,0,0.0,LOW
CUST001418,26,0,14.000000000128184,11.913461750997762,1.1438137039426217e-05,40,0,0,0,0.0,LOW
CUST003717,20,0,14.00000000012784,11.637500012492634,5.994338148352648e-07,40,0,0,0,0.0,LOW
CUST002989,19,0,14.000000000126493,11.789473684238375,5.040268767754534e-10,40,0,0,0,0.0,LOW
CUST004148,18,0,14.000000000123446,11.86111113494852,1.0659142990382867e-06,40,0,0,0,0.0,LOW
CUST003535,19,0,14.000000000123041,11.88157894738277,3.7404242895812523e-10,40,0,0,0,0.0,LOW
CUST001457,32,0,14.00000000012219,11.703126066992363,7.783067494222538e-05,40,0,0,0,0.0,LOW
CUST003229,22,0,14.000000000120371,11.931819194537404,3.119926058520564e-05,40,0,0,0,0.0,LOW
CUST001674,20,0,14.00000000011802,11.375000232942295,9.82751736076855e-06,40,0,0,0,0.0,LOW
CUST004269,21,0,14.000000000115238,12.000000093464745,4.877752414780555e-06,40,0,0,0,0.0,LOW
CUST000340,23,0,14.00000000011407,11.793478316616543,3.2042213716980423e-06,40,0,0,0,0.0,LOW
CUST003050,24,0,14.000000000113365,11.812803453757217,0.01656568458725,40,0,0,0,0.0,LOW
CUST003064,31,0,14.000000000113253,11.68548387299719,1.5263102461250635e-07,40,0,0,0,0.0,LOW
CUST003020,24,0,14.000000000112577,11.958333358315956,1.3203559293556456e-06,40,0,0,0,0.0,LOW
CUST000922,24,0,14.000000000111202,11.520835034736095,9.598830745121506e-05,40,0,0,0,0.0,LOW
CUST003513,25,0,14.000000000110786,11.760000714443608,3.975893784106112e-05,40,0,0,0,0.0,LOW
CUST000760,27,0,14.000000000110782,11.601852187989444,1.6857702990109994e-05,40,0,0,0,0.0,LOW
CUST001197,28,0,14.00000000011028,11.750001702821887,0.00011912358464340806,40,0,0,0,0.0,LOW
CUST002539,26,0,14.000000000109273,11.644230774163322,2.96652257316354e-07,40,0,0,0,0.0,LOW
CUST003802,24,0,14.000000000108312,12.104166928586421,1.571482283101545e-05,40,0,0,0,0.0,LOW
CUST001603,20,0,14.00000000010681,11.725001200938173,6.0039342822925286e-05,40,0,0,0,0.0,LOW
CUST000901,24,0,14.000000000106768,12.104166698630861,1.911045676293493e-06,40,0,0,0,0.0,LOW
CUST003337,28,0,14.000000000102819,12.187500008170078,5.682371929577152e-07,40,0,0,0,0.0,LOW
CUST002717,20,0,14.00000000010004,11.725000060092913,2.1379895967127554e-06,40,0,0,0,0.0,LOW
CUST002528,32,0,14.000000000099233,11.648441150356573,0.0002841268537482278,40,0,0,0,0.0,LOW
CUST003635,28,0,14.000000000097158,11.750018208500112,0.00125031108104834,40,0,0,0,0.0,LOW
CUST003616,22,0,14.000000000096808,11.61363727873045,5.032934220448146e-05,40,0,0,0,0.0,LOW
CUST004006,29,0,14.00000000009625,11.706897622881376,4.900181141841854e-05,40,0,0,0,0.0,LOW
CUST002373,23,0,14.000000000095685,12.02173913049468,3.204928484356447e-09,40,0,0,0,0.0,LOW
CUST002398,30,0,14.000000000095259,12.075008752014352,0.0006540166363858603,40,0,0,0,0.0,LOW
CUST004426,27,0,14.000000000092857,11.666668398725985,0.00011691298061529205,40,0,0,0,0.0,LOW
CUST003273,22,0,14.000000000091783,11.852272727409588,2.9612937772617787e-09,40,0,0,0,0.0,LOW
CUST004499,18,0,14.000000000090106,12.347222223828453,6.942719235418847e-08,40,0,0,0,0.0,LOW
CUST003901,25,0,14.000000000089356,11.900000000226767,1.3811682867684449e-08,40,0,0,0,0.0,LOW
CUST001604,22,0,14.000000000087962,11.693181980840501,8.942883033217277e-06,40,0,0,0,0.0,LOW
CUST002018,27,0,14.000000000087212,11.601851864189323,3.225936839684894e-07,40,0,0,0,0.0,LOW
CUST004345,21,0,14.000000000086738,12.000000000114564,4.385601022840433e-09,40,0,0,0,0.0,LOW
CUST003243,22,0,14.000000000086594,11.613636597185534,1.284466874479333e-05,40,0,0,0,0.0,LOW
CUST002815,20,0,14.000000000086091,11.637504102881145,0.00020329801027687002,40,0,0,0,0.0,LOW
CUST001063,19,0,14.000000000085919,11.236842196262694,4.262739581338196e-06,40,0,0,0,0.0,LOW
CUST000227,23,0,14.000000000085311,11.945652173928554,6.786195018356433e-10,40,0,0,0,0.0,LOW
CUST004261,21,0,14.000000000085299,11.500000001413914,7.343075876588787e-08,40,0,0,0,0.0,LOW
CUST000831,19,0,14.000000000084725,11.881579500872643,2.6291238798534565e-05,40,0,0,0,0.0,LOW
CUST001160,24,0,14.00000000008444,11.666666892049838,1.3522777023376777e-05,40,0,0,0,0.0,LOW
CUST000873,19,0,14.000000000080188,11.236842126468408,8.637760049556357e-07,40,0,0,0,0.0,LOW
CUST001914,31,0,14.000000000079046,11.854839519578082,4.611951018158321e-05,40,0,0,0,0.0,LOW
CUST001930,24,0,14.000000000078991,11.666666915870438,8.879774116790215e-06,40,0,0,0,0.0,LOW
CUST002898,22,0,14.000000000078384,11.534090913269663,2.0695360304157532e-07,40,0,0,0,0.0,LOW
CUST003917,22,0,14.000000000076492,11.693181818186849,1.912271625784221e-10,40,0,0,0,0.0,LOW
CUST000551,24,0,14.00000000007629,11.885416928046439,1.1916480478444636e-05,40,0,0,0,0.0,LOW
CUST002310,17,0,14.000000000075307,11.83823542946017,5.730428568679047e-06,40,0,0,0,0.0,LOW
CUST002832,18,0,14.00000000007522,11.277777778556576,1.5859952815496123e-08,40,0,0,0,0.0,LOW
CUST002306,21,0,14.000000000073106,11.666666667626062,5.014186924665972e-08,40,0,0,0,0.0,LOW
CUST004291,25,0,14.000000000072552,11.620116800192637,0.007244849197113696,40,0,0,0,0.0,LOW
CUST004988,19,0,14.000000000072376,12.250000000832884,2.266996506800817e-08,40,0,0,0,0.0,LOW
CUST001212,20,0,14.000000000070324,11.900000011790963,3.721761801275273e-07,40,0,0,0,0.0,LOW
CUST004956,19,0,14.000000000069921,11.697368459603652,1.6883692904096378e-06,40,0,0,0,0.0,LOW
CUST004235,22,0,14.000000000067342,11.534090980923562,3.9505112476338e-06,40,0,0,0,0.0,LOW
CUST000219,25,0,14.000000000066976,11.550000000993437,5.6411003931657646e-08,40,0,0,0,0.0,LOW
CUST004781,21,0,14.000000000066857,11.75000000092028,4.3363622149147456e-08,40,0,0,0,0.0,LOW
CUST001138,22,0,14.000000000066713,11.852272934616307,8.07473108775103e-06,40,0,0,0,0.0,LOW
CUST000565,26,0,14.000000000066231,11.711538494040225,2.0785438951990453e-06,40,0,0,0,0.0,LOW
CUST002555,21,0,14.000000000064933,12.000000034818141,1.5483213337880797e-06,40,0,0,0,0.0,LOW
CUST002212,20,0,14.000000000064885,11.987500738188789,3.652087298361216e-05,40,0,0,0,0.0,LOW
CUST000387,34,0,14.00000000006438,11.88970618340327,2.48075117970516e-05,40,0,0,0,0.0,LOW
CUST002744,24,0,14.000000000061256,11.812500000333664,1.6313297683528573e-08,40,0,0,0,0.0,LOW
CUST004917,22,0,14.000000000060773,11.613636364162884,2.8806642422203185e-08,40,0,0,0,0.0,LOW
CUST004664,25,0,14.00000000006066,11.410001155859067,4.8171035436381406e-05,40,0,0,0,0.0,LOW
CUST003390,22,0,14.000000000059577,11.534093962201952,0.00015246636938311535,40,0,0,0,0.0,LOW
CUST002695,21,0,14.00000000005854,11.833334381884574,2.879286507622126e-05,40,0,0,0,0.0,LOW
CUST004389,24,0,14.000000000057378,11.666666983656379,1.9011559148028607e-05,40,0,0,0,0.0,LOW
CUST002762,23,0,14.000000000057089,12.021739234684915,5.9178108588859165e-06,40,0,0,0,0.0,LOW
CUST002841,22,0,14.00000000005648,11.772736337544154,0.00048224170468548375,40,0,0,0,0.0,LOW
CUST003174,20,0,14.000000000055831,11.462500000081182,3.542346827396833e-09,40,0,0,0,0.0,LOW
CUST000912,27,0,14.000000000054879,11.861111130710322,7.580716008711197e-07,40,0,0,0,0.0,LOW
CUST001491,28,0,14.000000000054346,11.62500108284935,6.37378523526077e-05,40,0,0,0,0.0,LOW
CUST001213,28,0,14.000000000054037,12.062501746877613,0.00011793800868536994,40,0,0,0,0.0,LOW
CUST002238,22,0,14.00000000005378,12.170454546469854,4.254082741637205e-08,40,0,0,0,0.0,LOW
CUST004874,27,0,14.000000000053697,11.666666786801422,6.340713265268509e-06,40,0,0,0,0.0,LOW
CUST002946,23,0,14.000000000052808,11.641304356017745,4.674687018537451e-07,40,0,0,0,0.0,LOW
CUST001295,26,0,14.000000000050662,12.1153846475515,2.0849716896006417e-06,40,0,0,0,0.0,LOW
CUST002339,29,0,14.000000000050193,12.008620804770423,8.111436622451128e-06,40,0,0,0,0.0,LOW
CUST004255,24,0,14.00000000005002,12.10416676705613,5.962322152187018e-06,40,0,0,0,0.0,LOW
CUST000710,25,0,14.000000000048516,11.69000000000816,3.8876786030113725e-10,40,0,0,0,0.0,LOW
CUST004301,24,0,14.00000000004734,11.739584377453275,4.293851795172034e-05,40,0,0,0,0.0,LOW
CUST002069,26,0,14.000000000047285,11.846153968903156,7.872813920012546e-06,40,0,0,0,0.0,LOW
CUST004105,22,0,14.000000000045794,11.852272878372776,8.209220971082661e-06,40,0,0,0,0.0,LOW
CUST001080,35,0,14.000000000044778,11.750000593620783,3.3192584098518525e-05,40,0,0,0,0.0,LOW
CUST001654,19,0,14.000000000043599,11.881579031834388,3.4966766954184154e-06,40,0,0,0,0.0,LOW
CUST002107,33,0,14.00000000004346,11.87878842673575,4.020029161298938e-05,40,0,0,0,0.0,LOW
CUST001882,20,0,14.000000000042713,11.90000000003304,1.4643279022720019e-09,40,0,0,0,0.0,LOW
CUST002786,31,0,14.00000000004136,11.967746499738018,0.0003505277957019406,40,0,0,0,0.0,LOW
CUST001748,23,0,14.000000000039734,11.869565217393585,9.933451476998985e-11,40,0,0,0,0.0,LOW
CUST003122,24,0,14.00000000003795,12.031251452977274,8.704838918112474e-05,40,0,0,0,0.0,LOW
CUST001323,26,0,14.000000000037856,11.778846339200223,1.1758630373048197e-05,40,0,0,0,0.0,LOW
CUST002728,24,0,14.00000000003755,11.52083333333777,1.608211838488793e-10,40,0,0,0,0.0,LOW
CUST002755,24,0,14.00000000003621,11.302083398843301,3.921427219587777e-06,40,0,0,0,0.0,LOW
CUST003126,24,0,14.000000000035913,11.958395635105994,0.0037366521529597673,40,0,0,0,0.0,LOW
CUST001261,24,0,14.000000000035765,11.95833370660219,2.0568607595215857e-05,40,0,0,0,0.0,LOW
CUST001442,30,0,14.000000000035586,11.608333334189092,5.964915017235513e-08,40,0,0,0,0.0,LOW
CUST002523,19,0,14.000000000035214,11.881578953641723,2.964223239125602e-07,40,0,0,0,0.0,LOW
CUST004033,30,0,14.000000000035177,12.133336579767622,0.00015934977053229783,40,0,0,0,0.0,LOW
CUST000206,23,0,14.000000000034618,11.79347860569877,1.7717068910114553e-05,40,0,0,0,0.0,LOW
CUST004752,35,0,14.000000000033607,11.700000165709273,1.2607978156743032e-05,40,0,0,0,0.0,LOW
CUST002121,18,0,14.00000000003338,11.666666715804931,2.210364760173178e-06,40,0,0,0,0.0,LOW
CUST001567,20,0,14.000000000033129,11.637500018674652,9.334842656333012e-07,40,0,0,0,0.0,LOW
CUST004938,24,0,14.000000000032587,11.81250063513667,3.6304272783914e-05,40,0,0,0,0.0,LOW
CUST004127,19,0,14.00000000003065,11.789473685996137,6.578230606917752e-08,40,0,0,0,0.0,LOW
CUST002653,20,0,14.000000000030363,11.637500004105624,1.4219655347845562e-07,40,0,0,0,0.0,LOW
CUST003247,21,0,14.000000000030363,11.750000031796148,1.6319779804138287e-06,40,0,0,0,0.0,LOW
CUST003018,24,0,14.000000000029058,12.104166672897483,2.06277112604603e-07,40,0,0,0,0.0,LOW
CUST003419,24,0,14.000000000026619,12.25000051032909,1.6590548015298226e-05,40,0,0,0,0.0,LOW
CUST003510,32,0,14.000000000026267,11.812507709729815,0.0006166836930460104,40,0,0,0,0.0,LOW
CUST004642,17,0,14.000000000026104,11.941176471364606,3.2788773828899316e-08,40,0,0,0,0.0,LOW
CUST004795,26,0,14.000000000025866,11.644230966048003,1.2636055491614554e-05,40,0,0,0,0.0,LOW
CUST000615,22,0,14.000000000025457,11.693181818194889,4.122533141905379e-10,40,0,0,0,0.0,LOW
CUST002379,16,0,14.000000000025109,11.81250000095275,2.490464850438631e-08,40,0,0,0,0.0,LOW
CUST000491,23,0,14.000000000024048,11.945652174564971,2.94249531564559e-08,40,0,0,0,0.0,LOW
CUST003350,27,0,14.00000000002394,12.055559552148154,0.00026052045120348346,40,0,0,0,0.0,LOW
CUST003871,13,0,14.000000000023457,11.576924167545332,1.947164428709062e-05,40,0,0,0,0.0,LOW
CUST000870,22,0,14.000000000023023,11.85227272952384,1.2167285517952798e-07,40,0,0,0,0.0,LOW
CUST002796,31,0,14.000000000022933,11.68548406549484,9.009773213768008e-06,40,0,0,0,0.0,LOW
CUST002258,18,0,14.000000000022064,11.95833343543082,4.594331720326076e-06,40,0,0,0,0.0,LOW
CUST003482,21,0,14.000000000022052,11.750000015680703,8.107909283978036e-07,40,0,0,0,0.0,LOW
CUST000659,26,0,14.000000000021993,11.576925409086261,0.00014582598380490512,40,0,0,0,0.0,LOW
CUST004379,21,0,14.000000000021661,11.750000000126139,6.4888858112974155e-09,40,0,0,0,0.0,LOW
CUST003592,16,0,14.000000000020876,11.81250047952629,1.9173345230489928e-05,40,0,0,0,0.0,LOW
CUST000991,25,0,14.000000000020568,11.830000047582894,2.957238549510998e-06,40,0,0,0,0.0,LOW
CUST004193,20,0,14.000000000019705,11.637500007932063,3.959715312238686e-07,40,0,0,0,0.0,LOW
CUST003167,29,0,14.000000000019465,11.646551833750962,6.027145583399373e-06,40,0,0,0,0.0,LOW
CUST002548,22,0,14.00000000001923,11.693181849278586,1.6762258351688174e-06,40,0,0,0,0.0,LOW
CUST001998,23,0,14.00000000001919,11.945652175049915,3.209986283966415e-08,40,0,0,0,0.0,LOW
CUST001155,17,0,14.000000000018908,11.426470588249156,5.351320034469425e-10,40,0,0,0,0.0,LOW
CUST001841,34,0,14.000000000018721,11.477942772541796,0.00011682881666198828,40,0,0,0,0.0,LOW
CUST004337,21,0,14.000000000018465,11.7500000000042,1.7435007562647232e-10,40,0,0,0,0.0,LOW
CUST003305,27,0,14.000000000018122,11.666666676598929,6.31455718891471e-07,40,0,0,0,0.0,LOW
CUST004002,25,0,14.000000000017966,11.970000000576954,3.031948610007214e-08,40,0,0,0,0.0,LOW
CUST004410,42,0,14.00000000001785,11.666666949338744,1.4932346656692101e-05,40,0,0,0,0.0,LOW
CUST004674,19,0,14.000000000017597,11.789473855878748,7.63799337861527e-06,40,0,0,0,0.0,LOW
CUST001137,35,0,14.000000000016888,11.600001799925955,0.00015737607908231855,40,0,0,0,0.0,LOW
CUST002799,20,0,14.00000000001633,11.637500021115544,8.847462450727521e-07,40,0,0,0,0.0,LOW
CUST003646,25,0,14.000000000016058,11.760000000110795,4.664074246504842e-09,40,0,0,0,0.0,LOW
CUST004185,19,0,14.000000000016055,11.973684210576925,2.363756224774291e-09,40,0,0,0,0.0,LOW
CUST004271,41,0,14.000000000015946,11.69513024492597,0.0008474942735674506,40,0,0,0,0.0,LOW
CUST002279,20,0,14.000000000015438,11.637500006159488,2.1546859311765173e-07,40,0,0,0,0.0,LOW
CUST001892,23,0,14.000000000015058,12.021739143667377,3.846492734942073e-07,40,0,0,0,0.0,LOW
CUST004633,29,0,14.000000000014797,11.88803421082033,0.007479972933351378,40,0,0,0,0.0,LOW
CUST000196,28,0,14.000000000014634,11.93750004694508,3.098031439511999e-06,40,0,0,0,0.0,LOW
CUST002775,29,0,14.00000000001437,11.706897752681531,8.658012340262818e-05,40,0,0,0,0.0,LOW
CUST004676,27,0,14.000000000014277,11.990740742410583,1.1263012373284906e-07,40,0,0,0,0.0,LOW
CUST001555,26,0,14.000000000014046,11.71153853928225,3.667503456748714e-06,40,0,0,0,0.0,LOW
CUST004454,18,0,14.000000000013724,11.666666737628084,3.185061936073908e-06,40,0,0,0,0.0,LOW
CUST002165,15,0,14.0000000000137,11.900000000753431,2.5803102238289405e-08,40,0,0,0,0.0,LOW
CUST003890,25,0,14.000000000012733,11.900008632537606,0.00035310886225596463,40,0,0,0,0.0,LOW
CUST003348,25,0,14.000000000012196,11.690000000937408,5.781669911938909e-08,40,0,0,0,0.0,LOW
CUST004498,22,0,14.000000000012166,11.693181956319853,7.593907040662367e-06,40,0,0,0,0.0,LOW
CUST000521,16,0,14.000000000012097,12.359375000375493,1.3933533659688754e-08,40,0,0,0,0.0,LOW
CUST001859,16,0,14.000000000011974,11.37500000016062,5.700037721631373e-09,40,0,0,0,0.0,LOW
CUST003880,27,0,14.000000000011525,11.79630900665281,0.0007859279193351207,40,0,0,0,0.0,LOW
CUST004205,13,0,14.000000000011477,11.71154104081596,8.382282080062186e-05,40,0,0,0,0.0,LOW
CUST003377,29,0,14.00000000001136,11.586206897731048,8.532508718184281e-08,40,0,0,0,0.0,LOW
CUST003648,26,0,14.000000000011045,11.778846159022525,3.265912000226781e-07,40,0,0,0,0.0,LOW
CUST004575,30,0,14.000000000010752,11.725000001458225,6.647122002611792e-08,40,0,0,0,0.0,LOW
CUST002787,21,0,14.000000000010578,11.333384805429741,0.0027021844316163224,40,0,0,0,0.0,LOW
CUST000891,21,0,14.000000000010363,11.833333362955202,1.5108570901223672e-06,40,0,0,0,0.0,LOW
CUST002197,28,0,14.000000000010198,11.500001131451302,5.6818023938375855e-05,40,0,0,0,0.0,LOW
CUST000875,23,0,14.00000000001002,11.79348079481558,0.00014566881014788465,40,0,0,0,0.0,LOW
CUST002351,20,0,14.000000000009868,12.425000067134537,3.352543845725524e-06,40,0,0,0,0.0,LOW
CUST002852,25,0,14.000000000009706,11.55000000073575,3.60387008084624e-08,40,0,0,0,0.0,LOW
CUST001811,25,0,14.000000000009408,11.690000027900066,1.2594439561307327e-06,40,0,0,0,0.0,LOW
CUST001480,19,0,14.000000000009372,11.88158079320425,8.756027595038579e-05,40,0,0,0,0.0,LOW
CUST001201,33,0,14.00000000000933,11.772727433311928,1.1188045022486846e-05,40,0,0,0,0.0,LOW
CUST004798,31,0,14.000000000009296,11.742019843495536,0.006534822762688159,40,0,0,0,0.0,LOW
CUST002249,24,0,14.000000000009052,11.812500294044847,1.7630772015222667e-05,40,0,0,0,0.0,LOW
CUST003761,31,0,14.000000000008967,11.459933828599562,0.01945194533789,40,0,0,0,0.0,LOW
CUST001968,21,0,14.000000000008955,12.166666666991066,1.2731367507804356e-08,40,0,0,0,0.0,LOW
CUST001618,37,0,14.000000000008917,11.87162167509636,4.8487175681615665e-06,40,0,0,0,0.0,LOW
CUST002929,21,0,14.000000000008821,11.500000028169945,1.3176452708203218e-06,40,0,0,0,0.0,LOW
CUST004608,20,0,14.00000000000881,11.637500056927063,2.8449689042133953e-06,40,0,0,0,0.0,LOW
CUST000367,25,0,14.000000000008695,11.620000010495822,6.529091899527344e-07,40,0,0,0,0.0,LOW
CUST002575,15,0,14.000000000008674,11.666666667125718,1.5748323091583102e-08,40,0,0,0,0.0,LOW
CUST001304,20,0,14.000000000007851,11.98750033230335,1.441438302854085e-05,40,0,0,0,0.0,LOW
CUST003375,21,0,14.000000000006706,11.916666667170139,2.321596459973299e-08,40,0,0,0,0.0,LOW
CUST001371,26,0,14.000000000006427,12.115384648760596,1.7705362532106572e-06,40,0,0,0,0.0,LOW
CUST004767,20,0,14.00000000000637,11.725003326861707,0.00016631976395393294,40,0,0,0,0.0,LOW
CUST004683,19,0,14.000000000006326,11.789473686287545,9.864263681121307e-08,40,0,0,0,0.0,LOW
CUST004011,14,0,14.000000000006263,12.00000000000047,1.565885907015007e-11,40,0,0,0,0.0,LOW
CUST001384,27,0,14.000000000006208,11.666666788597631,8.229410890777827e-06,40,0,0,0,0.0,LOW
CUST001889,29,0,14.00000000000608,11.767247571148252,0.0004130323213293708,40,0,0,0,0.0,LOW
CUST000351,21,0,14.000000000005937,11.750000002319373,1.0183699130248511e-07,40,0,0,0,0.0,LOW
CUST002223,24,0,14.000000000005683,12.031250003433373,9.177751883881725e-08,40,0,0,0,0.0,LOW
CUST004707,20,0,14.000000000005652,12.075000002631437,1.2689512868321814e-07,40,0,0,0,0.0,LOW
CUST002062,24,0,14.000000000005624,11.812507402249357,0.00044366279550255873,40,0,0,0,0.0,LOW
CUST004554,25,0,14.000000000005377,11.690002242431687,0.00013496462549966774,40,0,0,0,0.0,LOW
CUST001512,22,0,14.000000000005286,11.852272853355316,6.120550653160863e-06,40,0,0,0,0.0,LOW
CUST004341,17,0,14.000000000005235,11.941176470594762,1.61953481022629e-10,40,0,0,0,0.0,LOW
CUST002228,25,0,14.000000000005052,11.830000523326323,3.2311265254347346e-05,40,0,0,0,0.0,LOW
CUST004891,17,0,14.000000000005022,11.83823529421754,3.97477349974446e-09,40,0,0,0,0.0,LOW
CUST002117,17,0,14.000000000004984,11.941176499729378,1.210087484853445e-06,40,0,0,0,0.0,LOW
CUST002125,23,0,14.00000000000496,11.565217470753126,4.40353497619264e-06,40,0,0,0,0.0,LOW
CUST003238,26,0,14.000000000004828,11.509615386634492,6.712410566755394e-08,40,0,0,0,0.0,LOW
CUST000208,21,0,14.000000000004764,11.916778534753657,0.0058729003351544766,40,0,0,0,0.0,LOW
CUST003955,22,0,14.000000000004668,11.69318244878312,3.4649805646981866e-05,40,0,0,0,0.0,LOW
CUST004312,22,0,14.000000000004555,12.170454793559838,1.3442426088601122e-05,40,0,0,0,0.0,LOW
CUST002221,19,0,14.000000000004475,11.513157969512145,2.933889371470583e-06,40,0,0,0,0.0,LOW
CUST003089,23,0,14.00000000000442,12.173913043590685,4.975455429985219e-09,40,0,0,0,0.0,LOW
CUST001281,22,0,14.000000000004306,11.693181819196973,3.063293838245542e-08,40,0,0,0,0.0,LOW
CUST001524,17,0,14.000000000003945,11.529411801048473,1.495435494832244e-06,40,0,0,0,0.0,LOW
CUST001079,26,0,14.000000000003823,11.913461555451573,6.872715767863318e-07,40,0,0,0,0.0,LOW
CUST002027,19,0,14.000000000003816,11.605263203975989,2.1870769018116127e-06,40,0,0,0,0.0,LOW
CUST003954,26,0,14.000000000003775,11.779666140405574,0.05328318670255,40,0,0,0,0.0,LOW
CUST002097,34,0,14.000000000003748,11.889705899838205,9.641871980163189e-07,40,0,0,0,0.0,LOW
CUST002557,22,0,14.000000000003736,11.534091261007417,9.80218555696581e-06,40,0,0,0,0.0,LOW
CUST004447,19,0,14.000000000003721,11.789473684680207,2.2229154231190132e-08,40,0,0,0,0.0,LOW
CUST002052,15,0,14.000000000003428,11.78333512073714,5.986463545479917e-05,40,0,0,0,0.0,LOW
CUST002559,27,0,14.000000000003352,11.472369905851455,0.009850356028050252,40,0,0,0,0.0,LOW
CUST001735,30,0,14.000000000003139,11.666669176430563,0.00017822913196545768,40,0,0,0,0.0,LOW
CUST004086,27,0,14.000000000003137,11.472223177937675,6.397641505195617e-05,40,0,0,0,0.0,LOW
CUST001849,19,0,14.000000000003103,11.697368421223835,8.056222735989768e-09,40,0,0,0,0.0,LOW
CUST004483,31,0,14.000000000003002,12.080645345285,1.4255256411993661e-05,40,0,0,0,0.0,LOW
CUST001439,17,0,14.000000000002986,12.044117647396938,1.4177756611949974e-08,40,0,0,0,0.0,LOW
CUST003983,37,0,14.000000000002943,11.635136297178374,0.00010278649858934905,40,0,0,0,0.0,LOW
CUST000395,23,0,14.000000000002933,11.79347852947707,1.5243963394855098e-05,40,0,0,0,0.0,LOW
CUST003006,33,0,14.00000000000293,11.560613223927957,0.0004971648922435496,40,0,0,0,0.0,LOW
CUST002760,29,0,14.000000000002899,11.646551896895442,1.0307026135649165e-05,40,0,0,0,0.0,LOW
CUST000331,21,0,14.000000000002764,11.666666666886494,1.1533994251143215e-08,40,0,0,0,0.0,LOW
CUST003158,25,0,14.000000000002679,12.11000007439036,3.392562120360566e-06,40,0,0,0,0.0,LOW
CUST000516,25,0,14.000000000002405,11.97000003031765,1.7644496046456572e-06,40,0,0,0,0.0,LOW
CUST000961,21,0,14.000000000002263,11.33333334478844,5.933006054277846e-07,40,0,0,0,0.0,LOW
CUST001918,25,0,14.000000000002245,11.340001143119729,7.143980853082375e-05,40,0,0,0,0.0,LOW
CUST002612,24,0,14.000000000002226,11.73958356227041,1.3735742535097536e-05,40,0,0,0,0.0,LOW
CUST001919,20,0,14.000000000002194,11.55000000000988,4.885449259948506e-10,40,0,0,0,0.0,LOW
CUST001157,23,0,14.000000000002183,11.793478261537894,3.795548192520982e-08,40,0,0,0,0.0,LOW
CUST003366,26,0,14.000000000002103,12.182692310246457,1.5423404534281542e-07,40,0,0,0,0.0,LOW
CUST001765,28,0,14.000000000002043,11.87500038035159,2.642336633647284e-05,40,0,0,0,0.0,LOW
CUST000640,19,0,14.000000000001975,11.605263158248835,1.3032930942619986e-08,40,0,0,0,0.0,LOW
CUST000694,34,0,14.000000000001815,11.889705908034847,2.1808297217275463e-06,40,0,0,0,0.0,LOW
CUST000402,25,0,14.000000000001801,11.620006868280305,0.00042926551013018074,40,0,0,0,0.0,LOW
CUST001977,17,0,14.000000000001771,12.352941180684525,1.4135017870653296e-07,40,0,0,0,0.0,LOW
CUST002214,26,0,14.000000000001751,11.644230776627658,4.772659498116937e-07,40,0,0,0,0.0,LOW
CUST000376,27,0,14.000000000001673,11.34259448312888,0.00012559789293012076,40,0,0,0,0.0,LOW
CUST002562,25,0,14.00000000000166,11.900000034883796,1.907820703983263e-06,40,0,0,0,0.0,LOW
CUST001898,23,0,14.000000000001604,11.717391384182234,4.298461752317267e-06,40,0,0,0,0.0,LOW
CUST000949,27,0,14.00000000000149,11.796296385218112,5.908800496865017e-06,40,0,0,0,0.0,LOW
CUST004052,20,0,14.000000000001432,11.637500039106184,1.7354859832675796e-06,40,0,0,0,0.0,LOW
CUST002854,27,0,14.000000000001426,11.796296558593205,1.706778312751342e-05,40,0,0,0,0.0,LOW
CUST002043,18,0,14.000000000001407,12.057772498372845,0.09976205661184001,40,0,0,0,0.0,LOW
CUST002866,27,0,14.000000000001334,12.055555559447598,2.518569478194334e-07,40,0,0,0,0.0,LOW
CUST000683,20,0,14.000000000001284,11.637500002171835,9.70990718239689e-08,40,0,0,0,0.0,LOW
CUST000840,26,0,14.000000000001272,11.644230771220247,6.626038151065744e-08,40,0,0,0,0.0,LOW
CUST002522,22,0,14.000000000001265,11.931818318451066,7.51197335716734e-06,40,0,0,0,0.0,LOW
CUST001372,31,0,14.000000000001242,11.685483999638533,7.010640982764032e-06,40,0,0,0,0.0,LOW
CUST001391,20,0,14.000000000001181,11.025000004157777,7.771671462623826e-08,40,0,0,0,0.0,LOW
CUST000587,31,0,14.000000000001098,11.967743426345153,0.00011550803466378057,40,0,0,0,0.0,LOW
CUST002384,20,0,14.000000000001098,11.725000006774092,2.562118442993772e-07,40,0,0,0,0.0,LOW
CUST004339,16,0,14.00000000000109,11.484375031294396,1.2504857437271312e-06,40,0,0,0,0.0,LOW
CUST002572,28,0,14.00000000000107,11.750000000141968,9.77794239840484e-09,40,0,0,0,0.0,LOW
CUST002893,22,0,14.000000000000934,11.852272727314954,1.386558971327906e-09,40,0,0,0,0.0,LOW
CUST004865,18,0,14.00000000000093,11.958333393650546,1.959932584294705e-06,40,0,0,0,0.0,LOW
CUST003311,27,0,14.000000000000876,11.861111111789334,4.5194610012509416e-08,40,0,0,0,0.0,LOW
CUST003891,23,0,14.000000000000812,11.94565238809506,8.837498794220847e-06,40,0,0,0,0.0,LOW
CUST003398,25,0,14.0000000000008,11.550000029582856,1.5060209465529103e-06,40,0,0,0,0.0,LOW
CUST000548,20,0,14.000000000000746,11.637500000196422,6.644203503114765e-09,40,0,0,0,0.0,LOW
CUST004118,30,0,14.00000000000072,11.72500012435869,9.069385403005805e-06,40,0,0,0,0.0,LOW
CUST000483,27,0,14.000000000000686,11.666666742499647,4.888126478685781e-06,40,0,0,0,0.0,LOW
CUST001734,27,0,14.000000000000576,11.666666672109546,1.949484920140612e-07,40,0,0,0,0.0,LOW
CUST000472,28,0,14.000000000000572,11.812500270073938,1.0929555327067117e-05,40,0,0,0,0.0,LOW
CUST002455,16,0,14.000000000000572,11.70312518021504,5.871819144194092e-06,40,0,0,0,0.0,LOW
CUST004401,27,0,14.000000000000567,11.472222256887278,7.912113953177795e-07,40,0,0,0,0.0,LOW
CUST002236,29,0,14.00000000000053,11.46551730407146,4.352499219554443e-06,40,0,0,0,0.0,LOW
CUST004288,14,0,14.000000000000519,11.750000000363928,1.1612434890101402e-08,40,0,0,0,0.0,LOW
CUST004471,24,0,14.000000000000494,12.031250224739617,1.1599162668310825e-05,40,0,0,0,0.0,LOW
CUST004397,25,0,14.00000000000047,11.760000002821561,1.76281159915547e-07,40,0,0,0,0.0,LOW
CUST002574,17,0,14.000000000000469,11.323538266724844,0.00037633400920280495,40,0,0,0,0.0,LOW
CUST001989,31,0,14.000000000000467,11.967741968613113,1.3227389666302221e-06,40,0,0,0,0.0,LOW
CUST001869,23,0,14.000000000000458,11.489130475920199,1.8605162833303648e-06,40,0,0,0,0.0,LOW
CUST003655,18,0,14.00000000000043,12.055555555604037,2.1368397343393916e-09,40,0,0,0,0.0,LOW
CUST003618,16,0,14.000000000000403,11.484375548984032,2.130802971603902e-05,40,0,0,0,0.0,LOW
CUST004860,24,0,14.00000000000039,11.812500000025658,9.372887700393296e-10,40,0,0,0,0.0,LOW
CUST003036,26,0,14.000000000000297,11.644232268204131,9.569382941636264e-05,40,0,0,0,0.0,LOW
CUST001776,19,0,14.000000000000272,11.789473684210542,6.774415569226161e-13,40,0,0,0,0.0,LOW
CUST002623,20,0,14.000000000000266,11.900000030928657,1.1150396218475903e-06,40,0,0,0,0.0,LOW
CUST000357,18,0,14.00000000000024,12.055555590053809,1.272663859446446e-06,40,0,0,0,0.0,LOW
CUST004109,21,0,14.000000000000231,11.833333333333345,5.759971277163953e-13,40,0,0,0,0.0,LOW
CUST000557,25,0,14.000000000000217,11.200000014873035,9.286927630006111e-07,40,0,0,0,0.0,LOW
CUST003961,18,0,14.000000000000203,12.15277777777779,5.048078974809751e-13,40,0,0,0,0.0,LOW
CUST003718,30,0,14.000000000000188,11.491671760194487,0.0003674400825907488,40,0,0,0,0.0,LOW
CUST002338,26,0,14.000000000000183,11.442310267414184,0.00016562165118675826,40,0,0,0,0.0,LOW
CUST004069,24,0,14.000000000000176,12.031250064645038,3.150048722605043e-06,40,0,0,0,0.0,LOW
CUST004480,24,0,14.000000000000144,11.375000482211911,1.6946426601595466e-05,40,0,0,0,0.0,LOW
CUST003854,15,0,14.000000000000137,12.016666666666854,6.716012332558425e-12,40,0,0,0,0.0,LOW
CUST001103,25,0,14.000000000000131,11.410000000219513,6.5696385717723566e-09,40,0,0,0,0.0,LOW
CUST001025,16,0,14.000000000000115,11.484375000319144,9.10780952149456e-09,40,0,0,0,0.0,LOW
CUST003605,26,0,14.00000000000011,11.644230769702354,2.949257256646475e-08,40,0,0,0,0.0,LOW
CUST001939,24,0,14.000000000000108,11.958333352108951,7.408175044580633e-07,40,0,0,0,0.0,LOW
CUST000784,29,0,14.000000000000092,11.465517705221016,2.1935069563374178e-05,40,0,0,0,0.0,LOW
CUST001768,16,0,14.000000000000083,11.593750000024075,5.058875979368344e-10,40,0,0,0,0.0,LOW
CUST004171,22,0,14.000000000000066,11.772729929718764,0.00014453122769707147,40,0,0,0,0.0,LOW
CUST001714,17,0,14.000000000000053,11.83823581215083,2.196663547228003e-05,40,0,0,0,0.0,LOW
CUST001484,24,0,14.000000000000039,11.593849242521129,0.005921126569738197,40,0,0,0,0.0,LOW
CUST004809,22,0,14.000000000000037,11.534090909802488,2.0803700501095847e-08,40,0,0,0,0.0,LOW
CUST001609,23,0,14.000000000000027,11.94565218906244,8.675841105123956e-07,40,0,0,0,0.0,LOW
CUST001259,20,0,14.000000000000023,11.637500055849921,2.7917758784486544e-06,40,0,0,0,0.0,LOW
CUST001542,19,0,14.00000000000002,12.065789475706628,9.60413435330504e-08,40,0,0,0,0.0,LOW
CUST002190,25,0,14.00000000000002,11.900000885441214,4.999757063313872e-05,40,0,0,0,0.0,LOW
CUST002440,19,0,14.000000000000018,11.697368575421349,6.83139483598594e-06,40,0,0,0,0.0,LOW
CUST000459,25,0,14.000000000000016,12.180000595485646,3.690218689420641e-05,40,0,0,0,0.0,LOW
CUST001032,11,0,14.000000000000012,11.931818182557834,2.0340425895470125e-08,40,0,0,0,0.0,LOW
CUST004158,18,0,14.000000000000012,11.666666666668183,2.889673778147764e-11,40,0,0,0,0.0,LOW
CUST000574,18,0,14.000000000000004,11.569445517373774,4.519400839773359e-05,40,0,0,0,0.0,LOW
CUST000003,24,0,14.0,11.666666692488446,1.5492703969177152e-06,40,0,0,0,0.0,LOW
CUST000006,24,0,14.0,11.739587103449809,0.00022619230816284198,40,0,0,0,0.0,LOW
CUST000007,20,0,14.0,11.55000063765592,3.0214373604976528e-05,40,0,0,0,0.0,LOW
CUST000008,20,0,14.0,11.550000018724882,9.317630427969268e-07,40,0,0,0,0.0,LOW
CUST000160,32,0,14.0,11.484375004968415,2.4782289492140204e-07,40,0,0,0,0.0,LOW
CUST000161,16,0,14.0,11.484375005334805,2.058191939178337e-07,40,0,0,0,0.0,LOW
CUST000165,29,0,14.0,11.525862666492587,4.285023365544918e-05,40,0,0,0,0.0,LOW
CUST000166,24,0,14.0,11.375000000279735,1.3519437391457478e-08,40,0,0,0,0.0,LOW
CUST000167,28,0,14.0,11.937500527482937,2.402657132414865e-05,40,0,0,0,0.0,LOW
CUST000168,31,0,14.0,11.741935505968517,1.0270025476878387e-06,40,0,0,0,0.0,LOW
CUST000169,28,0,14.0,11.5002475625495,0.01727941676408,40,0,0,0,0.0,LOW
CUST000174,18,0,14.0,11.569444591541396,6.618856575654449e-06,40,0,0,0,0.0,LOW
CUST000176,24,0,14.0,11.520833336668359,2.0010144974187753e-07,40,0,0,0,0.0,LOW
CUST000178,27,0,14.0,11.47222223495547,8.042702053528163e-07,40,0,0,0,0.0,LOW
CUST000179,10,0,14.0,12.075001052056118,2.5140764930069633e-05,40,0,0,0,0.0,LOW
CUST000180,19,0,14.0,12.065789513906479,1.8612944706818653e-06,40,0,0,0,0.0,LOW
CUST000181,19,0,14.0,11.328947952844722,2.2342207797803426e-05,40,0,0,0,0.0,LOW
CUST000182,23,0,14.0,12.02173915126445,6.859828814347893e-07,40,0,0,0,0.0,LOW
CUST000184,16,0,14.0,11.8125000000002,8.04490068967365e-12,40,0,0,0,0.0,LOW
CUST000186,25,0,14.0,11.410000005183912,2.78057716041212e-07,40,0,0,0,0.0,LOW
CUST000189,30,0,14.0,11.433333474440873,1.0570831223370425e-05,40,0,0,0,0.0,LOW
CUST000191,33,0,14.0,11.719697496876567,1.8415497297835577e-05,40,0,0,0,0.0,LOW
CUST000194,19,0,14.0,11.881578947455221,4.123030359806078e-09,40,0,0,0,0.0,LOW
CUST000197,21,0,14.0,11.83333333705352,1.9464665276719074e-07,40,0,0,0,0.0,LOW
CUST000200,18,0,14.0,11.958333592689021,1.1659544157867459e-05,40,0,0,0,0.0,LOW
CUST000204,25,0,14.0,11.55000027262961,1.7026167393131504e-05,40,0,0,0,0.0,LOW
CUST000207,24,0,14.0,11.666691971463338,0.0015096858766362224,40,0,0,0,0.0,LOW
CUST000213,21,0,14.0,11.666666668113123,5.3167225083146195e-08,40,0,0,0,0.0,LOW
CUST000216,24,0,14.0,11.666670975061189,0.00025813639955005484,40,0,0,0,0.0,LOW
CUST000218,35,0,14.0,11.600000003335518,1.88409052710771e-07,40,0,0,0,0.0,LOW
CUST000220,20,0,14.0,11.637500118189557,5.894235097485418e-06,40,0,0,0,0.0,LOW
CUST000223,27,0,14.0,11.537037136095234,6.540987131209945e-06,40,0,0,0,0.0,LOW
CUST000225,27,0,14.0,11.601851856135832,2.0161321849217047e-07,40,0,0,0,0.0,LOW
CUST000228,19,0,14.0,11.697368421067152,4.890587587360819e-10,40,0,0,0,0.0,LOW
CUST000231,31,0,14.0,11.45967741935944,3.5670016935527853e-10,40,0,0,0,0.0,LOW
CUST000232,22,0,14.0,11.375000000212127,9.3633970401148e-09,40,0,0,0,0.0,LOW
CUST000241,15,0,14.0,11.200008267977559,0.0003100479871130296,40,0,0,0,0.0,LOW
CUST000243,21,0,14.0,11.750000000154786,7.061564375723662e-09,40,0,0,0,0.0,LOW
CUST000245,30,0,14.0,11.841666792234552,9.391953710282904e-06,40,0,0,0,0.0,LOW
CUST000254,24,0,14.0,11.739583334109541,4.44900849494286e-08,40,0,0,0,0.0,LOW
CUST000256,24,0,14.0,11.229166980036467,1.8505655734873928e-05,40,0,0,0,0.0,LOW
CUST000259,25,0,14.0,11.480000024509474,1.4454651754060248e-06,40,0,0,0,0.0,LOW
CUST000263,25,0,14.0,11.830000073925651,4.152310105694473e-06,40,0,0,0,0.0,LOW
CUST000264,28,0,14.0,11.625000157148284,8.71574226404387e-06,40,0,0,0,0.0,LOW
CUST000266,27,0,14.0,11.666666769306199,6.1976088576832905e-06,40,0,0,0,0.0,LOW
CUST000268,18,0,14.0,11.569445553587066,2.951208023440269e-05,40,0,0,0,0.0,LOW
CUST000273,27,0,14.0,12.185185276933439,6.163140687732513e-06,40,0,0,0,0.0,LOW
CUST000275,23,0,14.0,11.717392493240862,6.833623692888289e-05,40,0,0,0,0.0,LOW
CUST000276,23,0,14.0,12.021739135486012,2.6722514270188877e-07,40,0,0,0,0.0,LOW
CUST000278,22,0,14.0,11.61364088658033,0.00024876181791460086,40,0,0,0,0.0,LOW
CUST000285,24,0,14.0,11.958338406981191,0.00030436073505938277,40,0,0,0,0.0,LOW
CUST000291,20,0,14.0,12.075000001635368,3.996791871740098e-08,40,0,0,0,0.0,LOW
CUST000295,27,0,14.0,12.120377897887336,0.0005074461005543092,40,0,0,0,0.0,LOW
CUST000298,28,0,14.0,11.625001292569378,7.579472991018045e-05,40,0,0,0,0.0,LOW
CUST000299,21,0,14.0,11.583333333335085,4.7736784161087046e-11,40,0,0,0,0.0,LOW
CUST000300,27,0,14.0,11.601851889330156,1.5500803693365944e-06,40,0,0,0,0.0,LOW
CUST000306,17,0,14.0,12.04411764718919,5.373234581076394e-09,40,0,0,0,0.0,LOW
CUST000308,22,0,14.0,11.772727273777331,5.7063669099197475e-08,40,0,0,0,0.0,LOW
CUST000315,28,0,14.0,11.562500025216718,1.6902625024562942e-06,40,0,0,0,0.0,LOW
CUST000316,33,0,14.0,11.931819180735472,7.676168261218563e-05,40,0,0,0,0.0,LOW
CUST000317,28,0,14.0,11.500000042847828,2.316691693875752e-06,40,0,0,0,0.0,LOW
CUST000318,22,0,14.0,11.77272727370418,5.1424420406359907e-08,40,0,0,0,0.0,LOW
CUST000319,24,0,14.0,11.739617549784377,0.00204243928390097,40,0,0,0,0.0,LOW
CUST000320,22,0,14.0,11.693182157538029,1.7189795681887414e-05,40,0,0,0,0.0,LOW
CUST000325,22,0,14.0,11.215909146327204,2.9585320210210506e-06,40,0,0,0,0.0,LOW
CUST000326,21,0,14.0,11.750000000619131,2.3799587391568345e-08,40,0,0,0,0.0,LOW
CUST000328,23,0,14.0,11.413043478669774,1.5598995924060533e-08,40,0,0,0,0.0,LOW
CUST000333,32,0,14.0,11.757830542026817,0.0013040500956057516,40,0,0,0,0.0,LOW
CUST000337,18,0,14.0,11.763888898768126,4.1231568213027894e-07,40,0,0,0,0.0,LOW
CUST000338,26,0,14.0,11.576927262835406,0.0002718665215450128,40,0,0,0,0.0,LOW
CUST000341,26,0,14.0,11.576923082603374,3.027100734207421e-07,40,0,0,0,0.0,LOW
CUST000343,21,0,14.0,11.583333334770186,7.422295925732833e-08,40,0,0,0,0.0,LOW
CUST000346,25,0,14.0,11.690000161221558,9.839103034530654e-06,40,0,0,0,0.0,LOW
CUST000348,17,0,14.0,11.838235295779896,6.546280746043983e-08,40,0,0,0,0.0,LOW
CUST000353,27,0,14.0,11.601852528537863,1.3663126197086365e-05,40,0,0,0,0.0,LOW
CUST000360,20,0,14.0,11.725000059524138,2.216889186530721e-06,40,0,0,0,0.0,LOW
CUST000362,25,0,14.0,11.760004286749506,0.0002626621751759638,40,0,0,0,0.0,LOW
CUST000363,30,0,14.0,11.491666768958348,7.191030349905319e-06,40,0,0,0,0.0,LOW
CUST000365,18,0,14.0,11.277777783317738,2.3782196081745102e-07,40,0,0,0,0.0,LOW
CUST000366,22,0,14.0,11.61363637831977,8.072446319447809e-07,40,0,0,0,0.0,LOW
CUST000372,23,0,14.0,11.26086957943096,7.629316585804631e-07,40,0,0,0,0.0,LOW
CUST000374,24,0,14.0,11.885425060905044,0.0005012941945147414,40,0,0,0,0.0,LOW
CUST000377,16,0,14.0,11.92187500028719,1.140349162410953e-08,40,0,0,0,0.0,LOW
CUST000380,24,0,14.0,11.739583338221706,2.6361967173752196e-07,40,0,0,0,0.0,LOW
CUST000381,25,0,14.0,11.83000180537036,6.710265963622404e-05,40,0,0,0,0.0,LOW
CUST000390,21,0,14.0,11.500043661735592,0.001998697895008794,40,0,0,0,0.0,LOW
CUST000393,26,0,14.0,11.576923101083633,1.5681450883026569e-06,40,0,0,0,0.0,LOW
CUST000396,20,0,14.0,11.46250002713685,1.296667530045103e-06,40,0,0,0,0.0,LOW
CUST000404,23,0,14.0,11.56521739724668,1.8560983504027109e-07,40,0,0,0,0.0,LOW
CUST000405,20,0,14.0,11.637500041494306,2.0696961904838322e-06,40,0,0,0,0.0,LOW
CUST000408,27,0,14.0,11.666666678041336,6.967695339418344e-07,40,0,0,0,0.0,LOW
CUST000410,20,0,14.0,11.725000004349994,1.9647595158527271e-07,40,0,0,0,0.0,LOW
CUST000412,29,0,14.0,11.887960262100561,0.002118891571813017,40,0,0,0,0.0,LOW
CUST000413,23,0,14.0,11.793481447878138,0.0001772515298559803,40,0,0,0,0.0,LOW
CUST000414,26,0,14.0,11.980769879446264,4.211665787875556e-05,40,0,0,0,0.0,LOW
CUST000420,25,0,14.0,11.620000002555251,1.0532269349252856e-07,40,0,0,0,0.0,LOW
CUST000423,29,0,14.0,11.706896551918167,1.3689724888017183e-08,40,0,0,0,0.0,LOW
CUST000424,28,0,14.0,11.81250099731617,6.885783512327852e-05,40,0,0,0,0.0,LOW
CUST000426,28,0,14.0,11.687500004726216,3.153063487467334e-07,40,0,0,0,0.0,LOW
CUST000427,27,0,14.0,11.731481509729482,1.466669970451795e-06,40,0,0,0,0.0,LOW
CUST000429,25,0,14.0,11.760000350177052,2.13262945511724e-05,40,0,0,0,0.0,LOW
CUST000433,23,0,14.0,11.565218892932858,8.624564238239787e-05,40,0,0,0,0.0,LOW
CUST000436,26,0,14.0,11.778851709986274,0.00035313025491824797,40,0,0,0,0.0,LOW
CUST000438,24,0,14.0,11.520833445240328,3.828714858276413e-06,40,0,0,0,0.0,LOW
CUST000441,21,0,14.0,11.583333875090077,1.938379568415745e-05,40,0,0,0,0.0,LOW
CUST000444,28,0,14.0,11.812503414146118,0.00023860575236184662,40,0,0,0,0.0,LOW
CUST000452,24,0,14.0,11.666666761954678,5.670905125439636e-06,40,0,0,0,0.0,LOW
CUST000456,26,0,14.0,11.644231372218126,3.594882908435681e-05,40,0,0,0,0.0,LOW
CUST000458,25,0,14.0,11.550001927136364,0.0001038762759965434,40,0,0,0,0.0,LOW
CUST000465,30,0,14.0,11.43333334229263,5.649926272968245e-07,40,0,0,0,0.0,LOW
CUST000467,18,0,14.0,11.763892187055111,0.0001483967474527807,40,0,0,0,0.0,LOW
CUST000468,22,0,14.0,11.295455172061137,3.138013971963167e-05,40,0,0,0,0.0,LOW
CUST000475,30,0,14.0,11.783333528825015,1.2097566055994119e-05,40,0,0,0,0.0,LOW
CUST000477,35,0,14.0,11.500000845206312,6.415543960575062e-05,40,0,0,0,0.0,LOW
CUST000479,24,0,14.0,12.104166679703816,7.7704727404157e-07,40,0,0,0,0.0,LOW
CUST000480,21,0,14.0,11.333333685149713,1.8062230195581544e-05,40,0,0,0,0.0,LOW
CUST000482,23,0,14.0,11.565217424369772,1.8127003535435048e-06,40,0,0,0,0.0,LOW
CUST000488,19,0,14.0,11.789473685031052,3.849572256195483e-08,40,0,0,0,0.0,LOW
CUST000489,24,0,14.0,11.22916676022359,5.513961895410522e-06,40,0,0,0,0.0,LOW
CUST000490,23,0,14.0,11.641305632044453,6.356112843080337e-05,40,0,0,0,0.0,LOW
CUST000493,31,0,14.0,11.685484070873606,1.4248650574962217e-05,40,0,0,0,0.0,LOW
CUST000497,21,0,14.0,11.666666980323281,1.6462685504014338e-05,40,0,0,0,0.0,LOW
CUST000498,20,0,14.0,11.725004117683612,0.0001987554432237113,40,0,0,0,0.0,LOW
CUST000499,23,0,14.0,11.641304365257868,8.069351742275141e-07,40,0,0,0,0.0,LOW
CUST000500,28,0,14.0,11.875002831213006,0.00017412828470800517,40,0,0,0,0.0,LOW
CUST000503,24,0,14.0,11.44791672682561,3.5873950730678134e-06,40,0,0,0,0.0,LOW
CUST000506,20,0,14.0,11.812500052414405,2.6170251569677223e-06,40,0,0,0,0.0,LOW
CUST000507,17,0,14.0,11.52941325658576,6.331571924342056e-05,40,0,0,0,0.0,LOW
CUST000508,26,0,14.0,11.644230769704572,3.079726673463532e-08,40,0,0,0,0.0,LOW
CUST000509,26,0,14.0,11.375000375858978,2.442660034602709e-05,40,0,0,0,0.0,LOW
CUST000510,25,0,14.0,11.34000171310969,0.00010301581069822058,40,0,0,0,0.0,LOW
CUST000522,27,0,14.0,11.53703712236602,4.9898805545907045e-06,40,0,0,0,0.0,LOW
CUST000523,22,0,14.0,11.613636367130603,1.0430240873784691e-07,40,0,0,0,0.0,LOW
CUST000524,32,0,14.0,11.430129712023115,0.0353762032456,40,0,0,0,0.0,LOW
CUST000525,21,0,14.0,11.500000714752842,3.7517152325942956e-05,40,0,0,0,0.0,LOW
CUST000527,29,0,14.0,11.767241427656637,2.8510737794559853e-06,40,0,0,0,0.0,LOW
CUST000529,29,0,14.0,11.46830481004269,0.20199945118895998,40,0,0,0,0.0,LOW
CUST000532,32,0,14.0,11.867189239836826,8.463035078905784e-05,40,0,0,0,0.0,LOW
CUST000533,26,0,14.0,11.913461538926954,2.97722930708149e-08,40,0,0,0,0.0,LOW
CUST000536,35,0,14.0,11.750025214070519,0.00218524175267514,40,0,0,0,0.0,LOW
CUST000538,22,0,14.0,11.852272727278724,3.2986507912463893e-10,40,0,0,0,0.0,LOW
CUST000539,24,0,14.0,11.812500000123444,5.939270141365133e-09,40,0,0,0,0.0,LOW
CUST000543,22,0,14.0,11.53409378561974,0.0001220540272675597,40,0,0,0,0.0,LOW
CUST000545,24,0,14.0,11.95833341630822,4.385821204234747e-06,40,0,0,0,0.0,LOW
CUST000547,27,0,14.0,12.055555561206498,2.4579938192491024e-07,40,0,0,0,0.0,LOW
CUST000552,22,0,14.0,11.852272728228288,4.478138924390913e-08,40,0,0,0,0.0,LOW
CUST000553,23,0,14.0,11.793478261039334,5.2797409160791215e-09,40,0,0,0,0.0,LOW
CUST000560,22,0,14.0,11.772731888609009,0.00025132418867486266,40,0,0,0,0.0,LOW
CUST000564,22,0,14.0,11.852272768273876,1.3618720529274753e-06,40,0,0,0,0.0,LOW
CUST000567,21,0,14.0,11.583333333688378,1.2133690326645154e-08,40,0,0,0,0.0,LOW
CUST000572,29,0,14.0,11.94827771800779,0.00013280090602962917,40,0,0,0,0.0,LOW
CUST000581,22,0,14.0,11.534090959854,2.198225757382737e-06,40,0,0,0,0.0,LOW
CUST000583,30,0,14.0,11.66666666924843,1.8349307994474702e-07,40,0,0,0,0.0,LOW
CUST000585,18,0,14.0,12.055555556299844,3.34795046106558e-08,40,0,0,0,0.0,LOW
CUST000586,25,0,14.0,11.690000638697539,3.9416105206021646e-05,40,0,0,0,0.0,LOW
CUST000593,30,0,14.0,11.608333343234639,5.40137236878088e-07,40,0,0,0,0.0,LOW
CUST000596,18,0,14.0,11.958333336028561,1.1979091529431541e-07,40,0,0,0,0.0,LOW
CUST000597,21,0,14.0,11.500001295520875,6.780646837703046e-05,40,0,0,0,0.0,LOW
CUST000602,12,0,14.0,11.812500563482978,1.690415659604496e-05,40,0,0,0,0.0,LOW
CUST000604,17,0,14.0,11.529417276440252,0.00021472862802880628,40,0,0,0,0.0,LOW
CUST000606,16,0,14.0,11.812500001496236,5.4826083845551924e-08,40,0,0,0,0.0,LOW
CUST000617,27,0,14.0,11.861111116345185,2.2095900075370062e-07,40,0,0,0,0.0,LOW
CUST000621,27,0,14.0,11.990741873706524,7.166761573437706e-05,40,0,0,0,0.0,LOW
CUST000624,20,0,14.0,11.812523603840486,0.0011800987878536771,40,0,0,0,0.0,LOW
CUST000634,22,0,14.0,11.693181849336629,1.704542634286253e-06,40,0,0,0,0.0,LOW
CUST000644,30,0,14.0,11.491667208615691,3.448157682985832e-05,40,0,0,0,0.0,LOW
CUST000647,16,0,14.0,11.593750106588967,4.262201124053383e-06,40,0,0,0,0.0,LOW
CUST000648,21,0,14.0,11.916666666666666,0.0,40,0,0,0,0.0,LOW
CUST000649,19,0,14.0,11.697368421362166,1.4634198568177537e-08,40,0,0,0,0.0,LOW
CUST000655,34,0,14.0,11.375000071282038,5.421409514864639e-06,40,0,0,0,0.0,LOW
CUST000656,22,0,14.0,11.61429160515044,0.03603741783575,40,0,0,0,0.0,LOW
CUST000658,18,0,14.0,11.763888892812483,1.7609956714844227e-07,40,0,0,0,0.0,LOW
CUST000660,28,0,14.0,11.562502134003342,0.00014512418882797997,40,0,0,0,0.0,LOW
CUST000669,23,0,14.0,11.869600384498513,0.0017025581875803634,40,0,0,0,0.0,LOW
CUST000670,27,0,14.0,11.407412087007915,0.0001917317315640592,40,0,0,0,0.0,LOW
CUST000671,20,0,14.0,11.375000013473564,6.143794709187172e-07,40,0,0,0,0.0,LOW
CUST000672,15,0,14.0,11.666666679437785,4.618726518712915e-07,40,0,0,0,0.0,LOW
CUST000679,27,0,14.0,11.731481495675038,9.213509854935382e-07,40,0,0,0,0.0,LOW
CUST000681,26,0,14.0,11.778846329396734,1.1226229173529946e-05,40,0,0,0,0.0,LOW
CUST000686,25,0,14.0,11.690000004535008,1.763028662271781e-07,40,0,0,0,0.0,LOW
CUST000690,22,0,14.0,11.295454549882477,1.4260131974534568e-07,40,0,0,0,0.0,LOW
CUST000696,26,0,14.0,11.644231203871053,2.756760581963e-05,40,0,0,0,0.0,LOW
CUST000700,23,0,14.0,11.41304349869496,1.171750054049203e-06,40,0,0,0,0.0,LOW
CUST000701,26,0,14.0,11.644230804541033,1.5048110021556108e-06,40,0,0,0,0.0,LOW
CUST000708,21,0,14.0,11.416666700012426,1.39697302926417e-06,40,0,0,0,0.0,LOW
CUST000714,28,0,14.0,11.56250023006862,1.1915995229445954e-05,40,0,0,0,0.0,LOW
CUST000716,23,0,14.0,11.641305672799596,7.045483139573976e-05,40,0,0,0,0.0,LOW
CUST000717,24,0,14.0,11.666667399447784,4.008648752683365e-05,40,0,0,0,0.0,LOW
CUST000719,33,0,14.0,11.772736615713914,0.0005328603457438917,40,0,0,0,0.0,LOW
CUST000723,18,0,14.0,12.152777777805323,1.2395514554327725e-09,40,0,0,0,0.0,LOW
CUST000725,27,0,14.0,11.925934824922528,0.000578567747468086,40,0,0,0,0.0,LOW
CUST000728,22,0,14.0,11.931827853516898,0.0004961041407287508,40,0,0,0,0.0,LOW
CUST000737,19,0,14.0,11.697368436222115,6.540726514871927e-07,40,0,0,0,0.0,LOW
CUST000743,19,0,14.0,11.697376634328679,0.0003860066828968794,40,0,0,0,0.0,LOW
CUST000745,16,0,14.0,11.484375001694776,6.494526748389758e-08,40,0,0,0,0.0,LOW
CUST000749,21,0,14.0,11.916666703980148,1.957390489946142e-06,40,0,0,0,0.0,LOW
CUST000751,20,0,14.0,11.812500147272797,7.36314149297073e-06,40,0,0,0,0.0,LOW
CUST000752,25,0,14.0,11.620002329645809,0.00014560285160103616,40,0,0,0,0.0,LOW
CUST000753,28,0,14.0,11.875000035131956,2.2617943071442623e-06,40,0,0,0,0.0,LOW
CUST000758,24,0,14.0,11.73958348219128,6.648385527571966e-06,40,0,0,0,0.0,LOW
CUST000763,19,0,14.0,12.25000002408215,7.800485191388675e-07,40,0,0,0,0.0,LOW
CUST000764,23,0,14.0,11.945652174075299,8.311862103411133e-09,40,0,0,0,0.0,LOW
CUST000765,30,0,14.0,11.55000471715846,0.0003504211125075987,40,0,0,0,0.0,LOW
CUST000766,24,0,14.0,11.5937502348582,1.2140185021264117e-05,40,0,0,0,0.0,LOW
CUST000767,24,0,14.0,11.95833565261683,0.0001323015028373446,40,0,0,0,0.0,LOW
CUST000768,22,0,14.0,11.772727277110226,1.9638754777981913e-07,40,0,0,0,0.0,LOW
CUST000774,32,0,14.0,11.593751473479914,0.00011597445704215108,40,0,0,0,0.0,LOW
CUST000777,23,0,14.0,11.793478261178995,1.7713509238220745e-08,40,0,0,0,0.0,LOW
CUST000778,22,0,14.0,11.852272727308634,1.458297189800706e-09,40,0,0,0,0.0,LOW
CUST000782,21,0,14.0,11.916672130406551,0.00014352536793586453,40,0,0,0,0.0,LOW
CUST000783,31,0,14.0,11.57258066230166,7.956554849757167e-07,40,0,0,0,0.0,LOW
CUST000788,23,0,14.0,11.717466141913286,0.00430304412690764,40,0,0,0,0.0,LOW
CUST000789,28,0,14.0,11.563106859177143,0.04234046402658,40,0,0,0,0.0,LOW
CUST000790,24,0,14.0,11.3020833439162,6.34971907525195e-07,40,0,0,0,0.0,LOW
CUST000794,20,0,14.0,11.462500011249492,5.404956623070236e-07,40,0,0,0,0.0,LOW
CUST000796,24,0,14.0,11.958333357126351,1.297127951510727e-06,40,0,0,0,0.0,LOW
CUST000797,27,0,14.0,11.73148288234451,8.70444161483189e-05,40,0,0,0,0.0,LOW
CUST000799,33,0,14.0,11.45454549169815,2.888153526148076e-06,40,0,0,0,0.0,LOW
CUST000801,18,0,14.0,12.055555559923066,1.3160866620458654e-07,40,0,0,0,0.0,LOW
CUST000806,28,0,14.0,11.875000070580805,4.904939829850614e-06,40,0,0,0,0.0,LOW
CUST000809,21,0,14.0,11.333335326205006,0.00010434751445015219,40,0,0,0,0.0,LOW
CUST000810,17,0,14.0,11.323529411843316,3.3408983433159292e-09,40,0,0,0,0.0,LOW
CUST000812,18,0,14.0,11.569444656021528,7.00274661589084e-06,40,0,0,0,0.0,LOW
CUST000813,28,0,14.0,11.625000121928819,5.877603563906649e-06,40,0,0,0,0.0,LOW
CUST000814,19,0,14.0,11.513157894865422,6.089732203132398e-09,40,0,0,0,0.0,LOW
CUST000818,12,0,14.0,11.666666845441513,5.2910500255960795e-06,40,0,0,0,0.0,LOW
CUST000823,22,0,14.0,11.852272741934955,7.197108994808123e-07,40,0,0,0,0.0,LOW
CUST000824,24,0,14.0,11.593750141861554,5.496472205312817e-06,40,0,0,0,0.0,LOW
CUST000825,27,0,14.0,11.601851858636003,2.4542455131525595e-07,40,0,0,0,0.0,LOW
CUST000828,16,0,14.0,12.031250086559973,3.4623772210748315e-06,40,0,0,0,0.0,LOW
CUST000829,30,0,14.0,11.95833333337651,2.7775817722152282e-09,40,0,0,0,0.0,LOW
CUST000830,28,0,14.0,11.562500372549668,2.137261985487159e-05,40,0,0,0,0.0,LOW
CUST000833,19,0,14.0,11.69737053428378,0.00010017105137859379,40,0,0,0,0.0,LOW
CUST000834,22,0,14.0,11.693181823278405,1.8520789996767644e-07,40,0,0,0,0.0,LOW
CUST000835,22,0,14.0,11.534091116074807,1.1381448233708224e-05,40,0,0,0,0.0,LOW
CUST000838,28,0,14.0,11.625001879802648,0.00013084077807652103,40,0,0,0,0.0,LOW
CUST000843,30,0,14.0,11.666667596370445,4.75627263283727e-05,40,0,0,0,0.0,LOW
CUST000846,22,0,14.0,11.534090909091418,2.7968868024973992e-11,40,0,0,0,0.0,LOW
CUST000847,25,0,14.0,11.760000000650843,2.4796817858193008e-08,40,0,0,0,0.0,LOW
CUST000854,20,0,14.0,11.37500008486413,4.15676218645442e-06,40,0,0,0,0.0,LOW
CUST000855,32,0,14.0,11.86718787746889,2.2086984700599856e-05,40,0,0,0,0.0,LOW
CUST000864,32,0,14.0,11.484401582749715,0.0019874439628896332,40,0,0,0,0.0,LOW
CUST000867,23,0,14.0,12.021739163533699,1.7158975104244864e-06,40,0,0,0,0.0,LOW
CUST000868,28,0,14.0,11.500000049707642,3.28376020030476e-06,40,0,0,0,0.0,LOW
CUST000869,17,0,14.0,11.735294165551256,1.8664383621618145e-06,40,0,0,0,0.0,LOW
CUST000878,17,0,14.0,12.044119373630581,7.337194544481896e-05,40,0,0,0,0.0,LOW
CUST000879,32,0,14.0,11.703125500536249,3.535544101008123e-05,40,0,0,0,0.0,LOW
CUST000881,21,0,14.0,11.750012394272304,0.0006470949404391214,40,0,0,0,0.0,LOW
CUST000883,19,0,14.0,11.605263158795688,3.56180331325073e-08,40,0,0,0,0.0,LOW
CUST000894,18,0,14.0,11.666667737461495,4.792492810371391e-05,40,0,0,0,0.0,LOW
CUST000900,24,0,14.0,11.447916833715917,9.966539735890319e-06,40,0,0,0,0.0,LOW
CUST000902,21,0,14.0,11.750000146156138,3.4806201066011775e-06,40,0,0,0,0.0,LOW
CUST000911,20,0,14.0,11.550000001734656,8.621490165105465e-08,40,0,0,0,0.0,LOW
CUST000913,24,0,14.0,11.375000005677668,1.8293724310983047e-07,40,0,0,0,0.0,LOW
CUST000914,19,0,14.0,11.789473686119225,8.960575239596324e-08,40,0,0,0,0.0,LOW
CUST000918,19,0,14.0,11.421052670359364,9.416889160502662e-07,40,0,0,0,0.0,LOW
CUST000919,21,0,14.0,11.583333342244785,4.2244796267415076e-07,40,0,0,0,0.0,LOW
CUST000921,17,0,14.0,11.735294117754842,3.818331927861372e-09,40,0,0,0,0.0,LOW
CUST000927,27,0,14.0,11.666666786987571,6.714062452625678e-06,40,0,0,0,0.0,LOW
CUST000932,20,0,14.0,11.462500000129854,3.74017597172403e-09,40,0,0,0,0.0,LOW
CUST000937,25,0,14.0,11.550019765476684,0.001193682086530822,40,0,0,0,0.0,LOW
CUST000940,15,0,14.0,11.900000108817002,2.6451850826069643e-06,40,0,0,0,0.0,LOW
CUST000941,30,0,14.0,11.491672452445204,0.0004073314287547894,40,0,0,0,0.0,LOW
CUST000943,27,0,14.0,11.407407559148634,1.0217856048779913e-05,40,0,0,0,0.0,LOW
CUST000957,27,0,14.0,11.407407955649411,3.64324159660468e-05,40,0,0,0,0.0,LOW
CUST000964,27,0,14.0,11.731481515749708,2.0077763872775613e-06,40,0,0,0,0.0,LOW
CUST000967,24,0,14.0,11.447916866327018,7.908947728119659e-06,40,0,0,0,0.0,LOW
CUST000968,31,0,14.0,11.911290389477925,5.174196029549983e-06,40,0,0,0,0.0,LOW
CUST000970,29,0,14.0,11.887931068613515,2.325235298415976e-06,40,0,0,0,0.0,LOW
CUST000973,27,0,14.0,11.731481938613616,3.0843231891661515e-05,40,0,0,0,0.0,LOW
CUST000976,27,0,14.0,11.27777779303327,6.124681998855642e-07,40,0,0,0,0.0,LOW
CUST000982,18,0,14.0,11.958333333333334,0.0,40,0,0,0,0.0,LOW
CUST000985,32,0,14.0,11.484375204845538,1.107777440442379e-05,40,0,0,0,0.0,LOW
CUST000986,28,0,14.0,11.62505020396885,0.0035142746295701455,40,0,0,0,0.0,LOW
CUST000990,22,0,14.0,11.613638131865754,9.626521918617942e-05,40,0,0,0,0.0,LOW
CUST000994,23,0,14.0,11.717393586804102,6.846331039039051e-05,40,0,0,0,0.0,LOW
CUST000995,16,0,14.0,12.359375000079824,3.192979955303148e-09,40,0,0,0,0.0,LOW
CUST000996,25,0,14.0,12.110000243458828,1.1548678151231729e-05,40,0,0,0,0.0,LOW
CUST000997,21,0,14.0,11.666672356024666,0.0002952414462801127,40,0,0,0,0.0,LOW
CUST000998,21,0,14.0,12.1666669908881,1.700632050968839e-05,40,0,0,0,0.0,LOW
CUST000999,24,0,14.0,11.229166763463631,5.806698874504344e-06,40,0,0,0,0.0,LOW
CUST001000,16,0,14.0,11.92187500378448,1.5024673030194851e-07,40,0,0,0,0.0,LOW
CUST001001,23,0,14.0,11.413043478375718,6.3910298670900705e-09,40,0,0,0,0.0,LOW
CUST001005,29,0,14.0,11.46551733327957,6.553097778807939e-06,40,0,0,0,0.0,LOW
CUST001008,26,0,14.0,11.846153846289901,8.780951180481307e-09,40,0,0,0,0.0,LOW
CUST001016,19,0,14.0,11.605263464708166,1.456801241249446e-05,40,0,0,0,0.0,LOW
CUST001017,20,0,14.0,11.375000001368914,3.8394478364453237e-08,40,0,0,0,0.0,LOW
CUST001018,21,0,14.0,11.66666666927502,1.1222018321536555e-07,40,0,0,0,0.0,LOW
CUST001020,23,0,14.0,11.717392179521642,2.995964007262448e-05,40,0,0,0,0.0,LOW
CUST001022,17,0,14.0,11.735294121394869,1.2358509112588637e-07,40,0,0,0,0.0,LOW
CUST001023,25,0,14.0,11.69000003333945,1.7116316579080217e-06,40,0,0,0,0.0,LOW
CUST001027,25,0,14.0,11.480000000164834,5.900313559672795e-09,40,0,0,0,0.0,LOW
CUST001029,23,0,14.0,11.945654565187011,0.00012871292065328086,40,0,0,0,0.0,LOW
CUST001030,28,0,14.0,11.750000168690539,8.896187073839664e-06,40,0,0,0,0.0,LOW
CUST001031,17,0,14.0,11.838235355217918,1.3640661173080293e-06,40,0,0,0,0.0,LOW
CUST001033,30,0,14.0,11.666691516029006,0.0018316631489774609,40,0,0,0,0.0,LOW
CUST001035,23,0,14.0,11.869566744369664,8.75050557366933e-05,40,0,0,0,0.0,LOW
CUST001040,28,0,14.0,11.562500153933243,1.0706068466824221e-05,40,0,0,0,0.0,LOW
CUST001043,26,0,14.0,11.576923221526354,9.147666711972948e-06,40,0,0,0,0.0,LOW
CUST001044,22,0,14.0,11.295454640507064,2.5421695339944094e-06,40,0,0,0,0.0,LOW
CUST001045,22,0,14.0,11.534090909106327,8.479623301795258e-10,40,0,0,0,0.0,LOW
CUST001051,19,0,14.0,11.881579120672795,8.202373669882448e-06,40,0,0,0,0.0,LOW
CUST001052,17,0,14.0,11.83823529421254,3.5809814899258896e-09,40,0,0,0,0.0,LOW
CUST001053,25,0,14.0,11.970000128989263,4.96670056380359e-06,40,0,0,0,0.0,LOW
CUST001054,14,0,14.0,11.875000072474235,2.535753300195513e-06,40,0,0,0,0.0,LOW
CUST001057,26,0,14.0,11.77884615425037,2.0072735360760877e-08,40,0,0,0,0.0,LOW
CUST001058,20,0,14.0,11.287500016694281,7.047956394234989e-07,40,0,0,0,0.0,LOW
CUST001062,24,0,14.0,11.375000008840289,5.304173753268212e-07,40,0,0,0,0.0,LOW
CUST001078,22,0,14.0,11.534094893190465,0.00020896533158983412,40,0,0,0,0.0,LOW
CUST001088,18,0,14.0,11.861111111152244,1.8496041336250246e-09,40,0,0,0,0.0,LOW
CUST001097,14,0,14.0,11.625000008277482,2.897118853536998e-07,40,0,0,0,0.0,LOW
CUST001100,22,0,14.0,11.77273235955597,0.00020401725637638507,40,0,0,0,0.0,LOW
CUST001102,23,0,14.0,11.565217391626645,1.8532049920205287e-08,40,0,0,0,0.0,LOW
CUST001109,18,0,14.0,12.055555571639914,7.237211480975243e-07,40,0,0,0,0.0,LOW
CUST001111,21,0,14.0,11.500000037795283,1.9804675721585527e-06,40,0,0,0,0.0,LOW
CUST001113,20,0,14.0,12.075000100975538,5.03744842687436e-06,40,0,0,0,0.0,LOW
CUST001117,28,0,14.0,11.375009825159898,0.0006833007727319561,40,0,0,0,0.0,LOW
CUST001122,32,0,14.0,11.867187913190895,1.5849949194686945e-05,40,0,0,0,0.0,LOW
CUST001125,19,0,14.0,11.789473686407133,9.437677101843762e-08,40,0,0,0,0.0,LOW
CUST001127,21,0,14.0,11.583333585101135,1.3021124209024433e-05,40,0,0,0,0.0,LOW
CUST001130,16,0,14.0,12.250000330920534,1.3231884265802677e-05,40,0,0,0,0.0,LOW
CUST001132,25,0,14.0,11.550000015723715,9.795845851967696e-07,40,0,0,0,0.0,LOW
CUST001135,21,0,14.0,11.750000084476763,3.711171297077813e-06,40,0,0,0,0.0,LOW
CUST001136,25,0,14.0,11.550001604630006,9.409710867133338e-05,40,0,0,0,0.0,LOW
CUST001144,35,0,14.0,11.800000001651172,5.986417516145852e-08,40,0,0,0,0.0,LOW
CUST001158,18,0,14.0,12.055555555942496,8.527051643045118e-09,40,0,0,0,0.0,LOW
CUST001163,25,0,14.0,11.76000004030283,1.9416889246084005e-06,40,0,0,0,0.0,LOW
CUST001165,18,0,14.0,11.569444449666399,2.298333364297082e-07,40,0,0,0,0.0,LOW
CUST001167,18,0,14.0,11.66666666972428,1.3693846575556228e-07,40,0,0,0,0.0,LOW
CUST001170,23,0,14.0,12.173913066551824,1.216169217998196e-06,40,0,0,0,0.0,LOW
CUST001173,21,0,14.0,11.833333672984235,1.6464132048791647e-05,40,0,0,0,0.0,LOW
CUST001179,26,0,14.0,11.644234071571425,0.00016885422506771576,40,0,0,0,0.0,LOW
CUST001180,21,0,14.0,12.000000000030642,1.6086847231468089e-09,40,0,0,0,0.0,LOW
CUST001183,18,0,14.0,11.666666698384027,1.419852495461215e-06,40,0,0,0,0.0,LOW
CUST001184,25,0,14.0,11.830000077219836,4.388663267518617e-06,40,0,0,0,0.0,LOW
CUST001188,24,0,14.0,11.739583343671974,5.325377561105436e-07,40,0,0,0,0.0,LOW
CUST001190,26,0,14.0,11.375000024296007,1.5547257642765516e-06,40,0,0,0,0.0,LOW
CUST001192,19,0,14.0,11.881641225273043,0.002916137293122615,40,0,0,0,0.0,LOW
CUST001194,26,0,14.0,11.778847177783287,6.333031424677149e-05,40,0,0,0,0.0,LOW
CUST001200,17,0,14.0,11.323529518974825,4.0163877875859605e-06,40,0,0,0,0.0,LOW
CUST001211,32,0,14.0,11.976562502086873,1.5298258904866072e-07,40,0,0,0,0.0,LOW
CUST001216,27,0,14.0,11.277778271930234,2.9762604926937078e-05,40,0,0,0,0.0,LOW
CUST001217,21,0,14.0,11.916671058906669,0.00022776403355050714,40,0,0,0,0.0,LOW
CUST001222,23,0,14.0,11.489131391449382,4.677025849313353e-05,40,0,0,0,0.0,LOW
CUST001224,19,0,14.0,11.881578949084908,6.926953440416581e-08,40,0,0,0,0.0,LOW
CUST001226,28,0,14.0,11.625000325261954,2.2297369237503572e-05,40,0,0,0,0.0,LOW
CUST001227,36,0,14.0,11.715277790976307,8.351953924662242e-07,40,0,0,0,0.0,LOW
CUST001228,20,0,14.0,11.637500000035509,1.7754445723141431e-09,40,0,0,0,0.0,LOW
CUST001229,27,0,14.0,11.66667347119051,0.0004450127944250358,40,0,0,0,0.0,LOW
CUST001234,25,0,14.0,11.83000004053348,2.4044491873141616e-06,40,0,0,0,0.0,LOW
CUST001236,21,0,14.0,11.833547750545117,0.01125687547272,40,0,0,0,0.0,LOW
CUST001237,22,0,14.0,11.454545529703184,4.108125763427019e-06,40,0,0,0,0.0,LOW
CUST001238,27,0,14.0,12.185186216461288,6.956331021807262e-05,40,0,0,0,0.0,LOW
CUST001240,24,0,14.0,11.739583973541775,2.022290813359905e-05,40,0,0,0,0.0,LOW
CUST001241,26,0,14.0,11.644233517799922,0.0001395318374299321,40,0,0,0,0.0,LOW
CUST001243,33,0,14.0,11.666666985256995,2.62819683111522e-05,40,0,0,0,0.0,LOW
CUST001246,40,0,14.0,11.462521923607092,0.0020730855932478043,40,0,0,0,0.0,LOW
CUST001250,25,0,14.0,11.62000002217456,1.3778035158178144e-06,40,0,0,0,0.0,LOW
CUST001254,16,0,14.0,11.484377020199805,7.33956970912826e-05,40,0,0,0,0.0,LOW
CUST001256,26,0,14.0,11.509628579406808,0.000703445746968714,40,0,0,0,0.0,LOW
CUST001258,27,0,14.0,11.60185195038106,5.3755553711553245e-06,40,0,0,0,0.0,LOW
CUST001263,21,0,14.0,11.500000002220204,5.7785068570090456e-08,40,0,0,0,0.0,LOW
CUST001264,21,0,14.0,11.833333414523663,4.16871143277588e-06,40,0,0,0,0.0,LOW
CUST001270,27,0,14.0,11.796296448199623,1.0214148943506697e-05,40,0,0,0,0.0,LOW
CUST001275,27,0,14.0,11.601856032833098,0.0002821143974039058,40,0,0,0,0.0,LOW
CUST001276,25,0,14.0,11.69000152597423,9.5327062596357e-05,40,0,0,0,0.0,LOW
CUST001278,19,0,14.0,11.789473684464767,1.1485295190434862e-08,40,0,0,0,0.0,LOW
CUST001282,21,0,14.0,11.583333337223854,1.5659820701483466e-07,40,0,0,0,0.0,LOW
CUST001284,31,0,14.0,11.85484544672552,0.0005127283563163351,40,0,0,0,0.0,LOW
CUST001286,23,0,14.0,11.717391758775458,2.4648549715576876e-05,40,0,0,0,0.0,LOW
CUST001289,26,0,14.0,11.778846229629826,4.803403456888856e-06,40,0,0,0,0.0,LOW
CUST001290,23,0,14.0,11.641304476932055,7.356624712945995e-06,40,0,0,0,0.0,LOW
CUST001298,17,0,14.0,11.838235294165335,1.4888729140214603e-09,40,0,0,0,0.0,LOW
CUST001302,24,0,14.0,11.73958392369522,3.525078486678603e-05,40,0,0,0,0.0,LOW
CUST001308,19,0,14.0,12.065789940625915,2.21796883144453e-05,40,0,0,0,0.0,LOW
CUST001309,20,0,14.0,11.550000402165358,2.0108138345295013e-05,40,0,0,0,0.0,LOW
CUST001312,18,0,14.0,11.375001538002051,6.919615693949473e-05,40,0,0,0,0.0,LOW
CUST001313,26,0,14.0,11.84615386230533,8.955161772001389e-07,40,0,0,0,0.0,LOW
CUST001324,14,0,14.0,11.50000000011205,2.9807591411881182e-09,40,0,0,0,0.0,LOW
CUST001325,22,0,14.0,12.011363718486031,4.506893862479597e-06,40,0,0,0,0.0,LOW
CUST001332,25,0,14.0,11.690002162952183,0.00013083387129890045,40,0,0,0,0.0,LOW
CUST001342,27,0,14.0,11.861111487696736,2.523050417319833e-05,40,0,0,0,0.0,LOW
CUST001345,26,0,14.0,11.980770566672627,8.139809057077563e-05,40,0,0,0,0.0,LOW
CUST001346,29,0,14.0,11.586207509918086,4.4465162377409474e-05,40,0,0,0,0.0,LOW
CUST001351,15,0,14.0,11.550000106303182,3.157674377717868e-06,40,0,0,0,0.0,LOW
CUST001356,19,0,14.0,11.328947369110992,3.11837982512612e-08,40,0,0,0,0.0,LOW
CUST001358,34,0,14.0,11.632354826290909,0.00015979563512575495,40,0,0,0,0.0,LOW
CUST001360,29,0,14.0,11.465596336376803,0.005733548557815533,40,0,0,0,0.0,LOW
CUST001367,17,0,14.0,12.352941176471766,4.8745161234743225e-11,40,0,0,0,0.0,LOW
CUST001368,26,0,14.0,12.048076962085421,2.5355523845615553e-06,40,0,0,0,0.0,LOW
CUST001377,20,0,14.0,11.725001957879154,9.33785839149025e-05,40,0,0,0,0.0,LOW
CUST001382,20,0,14.0,12.07500014039913,6.5776547714021756e-06,40,0,0,0,0.0,LOW
CUST001385,32,0,14.0,11.812502806004657,0.00022063157677273425,40,0,0,0,0.0,LOW
CUST001392,27,0,14.0,11.731481699871487,1.051776196264608e-05,40,0,0,0,0.0,LOW
CUST001397,21,0,14.0,11.833335012817308,8.81707706679569e-05,40,0,0,0,0.0,LOW
CUST001400,24,0,14.0,11.44792511834057,0.0005070469730225287,40,0,0,0,0.0,LOW
CUST001401,21,0,14.0,11.91666677506521,2.433909405619392e-06,40,0,0,0,0.0,LOW
CUST001406,23,0,14.0,11.869592169527612,0.0015493664796503287,40,0,0,0,0.0,LOW
CUST001409,26,0,14.0,11.71153854373634,4.65923056881811e-06,40,0,0,0,0.0,LOW
CUST001420,26,0,14.0,11.173098066275232,0.0013612051245170274,40,0,0,0,0.0,LOW
CUST001423,29,0,14.0,11.88796322689384,0.002333502744383412,40,0,0,0,0.0,LOW
CUST001429,23,0,14.0,12.021739130603653,7.701226273835673e-09,40,0,0,0,0.0,LOW
CUST001432,15,0,14.0,11.900000136678212,4.252236213424389e-06,40,0,0,0,0.0,LOW
CUST001437,20,0,14.0,11.637500000761355,2.6090393592213733e-08,40,0,0,0,0.0,LOW
CUST001438,25,0,14.0,11.550000944109472,5.018506477674138e-05,40,0,0,0,0.0,LOW
CUST001441,20,0,14.0,11.637500035993146,1.270519786448872e-06,40,0,0,0,0.0,LOW
CUST001443,20,0,14.0,11.550003076521154,0.00015364096421996182,40,0,0,0,0.0,LOW
CUST001453,17,0,14.0,11.63235294133525,6.6925014303404545e-09,40,0,0,0,0.0,LOW
CUST001459,17,0,14.0,11.941176480878951,4.370763179431371e-07,40,0,0,0,0.0,LOW
CUST001462,23,0,14.0,11.793478342410186,4.561241711400749e-06,40,0,0,0,0.0,LOW
CUST001463,20,0,14.0,11.37500000515174,1.324958868284361e-07,40,0,0,0,0.0,LOW
CUST001465,22,0,14.0,11.375000016538305,9.092504457297083e-07,40,0,0,0,0.0,LOW
CUST001467,23,0,14.0,11.793478269186615,3.109089434168013e-07,40,0,0,0,0.0,LOW
CUST001472,18,0,14.0,11.861111112578875,5.7722282519685004e-08,40,0,0,0,0.0,LOW
CUST001473,30,0,14.0,11.7250003434375,2.503959065550005e-05,40,0,0,0,0.0,LOW
CUST001475,24,0,14.0,11.520833335725898,5.206498110977486e-08,40,0,0,0,0.0,LOW
CUST001477,24,0,14.0,11.812500019787464,1.1191583349637057e-06,40,0,0,0,0.0,LOW
CUST001486,20,0,14.0,11.812500000393943,1.1917380808065806e-08,40,0,0,0,0.0,LOW
CUST001488,28,0,14.0,11.437500180839375,1.040878950556214e-05,40,0,0,0,0.0,LOW
CUST001489,29,0,14.0,11.767241392437112,3.7530370108582187e-07,40,0,0,0,0.0,LOW
CUST001490,26,0,14.0,11.778847395481396,6.439774043496937e-05,40,0,0,0,0.0,LOW
CUST001492,21,0,14.0,11.833335217553191,8.677955533130701e-05,40,0,0,0,0.0,LOW
CUST001494,21,0,14.0,11.41666725383707,3.0467619140865077e-05,40,0,0,0,0.0,LOW
CUST001496,28,0,14.0,11.375000220195446,6.441127140777276e-06,40,0,0,0,0.0,LOW
CUST001497,15,0,14.0,11.900000000078087,1.6787355949659442e-09,40,0,0,0,0.0,LOW
CUST001501,19,0,14.0,11.881579005724268,2.2303305152536774e-06,40,0,0,0,0.0,LOW
CUST001504,16,0,14.0,11.48437502860023,1.1439874238681973e-06,40,0,0,0,0.0,LOW
CUST001505,20,0,14.0,11.900000009801454,4.848936591593321e-07,40,0,0,0,0.0,LOW
CUST001506,20,0,14.0,11.987500008992226,4.4938310744494467e-07,40,0,0,0,0.0,LOW
CUST001508,23,0,14.0,11.717399116173853,0.00044910038808254973,40,0,0,0,0.0,LOW
CUST001510,32,0,14.0,11.812501259441124,9.838851925111625e-05,40,0,0,0,0.0,LOW
CUST001517,19,0,14.0,11.88157895734999,4.4858105626247733e-07,40,0,0,0,0.0,LOW
CUST001519,28,0,14.0,11.875000356930357,2.4474370936753e-05,40,0,0,0,0.0,LOW
CUST001522,23,0,14.0,12.021739158423763,1.4988036296034471e-06,40,0,0,0,0.0,LOW
CUST001534,21,0,14.0,11.500000000788775,3.900026070754536e-08,40,0,0,0,0.0,LOW
CUST001535,22,0,14.0,11.772727275979603,1.6934667805441542e-07,40,0,0,0,0.0,LOW
CUST001539,23,0,14.0,11.94565217392896,4.790512855293848e-10,40,0,0,0,0.0,LOW
CUST001541,25,0,14.0,11.83000000003449,1.8995755035829452e-09,40,0,0,0,0.0,LOW
CUST001546,25,0,14.0,11.830000007750202,4.048098383842112e-07,40,0,0,0,0.0,LOW
CUST001547,25,0,14.0,11.550009103042392,0.0005689378514308845,40,0,0,0,0.0,LOW
CUST001548,25,0,14.0,11.76000018435417,1.1410614377801313e-05,40,0,0,0,0.0,LOW
CUST001553,15,0,14.0,11.5500000161227,5.784663390234445e-07,40,0,0,0,0.0,LOW
CUST001557,23,0,14.0,11.48913048623497,2.5307574395091907e-06,40,0,0,0,0.0,LOW
CUST001559,22,0,14.0,12.011363636771991,2.0602166288314168e-08,40,0,0,0,0.0,LOW
CUST001560,22,0,14.0,11.613636363721858,2.559480624772696e-09,40,0,0,0,0.0,LOW
CUST001565,19,0,14.0,11.605346482419403,0.0027840833114460193,40,0,0,0,0.0,LOW
CUST001568,22,0,14.0,11.454545474402858,5.345144216807964e-07,40,0,0,0,0.0,LOW
CUST001572,30,0,14.0,12.016666671129425,3.307917963754218e-07,40,0,0,0,0.0,LOW
CUST001573,30,0,14.0,11.666666674594014,5.773525630507347e-07,40,0,0,0,0.0,LOW
CUST001574,18,0,14.0,12.152777777777782,2.0695221867200095e-13,40,0,0,0,0.0,LOW
CUST001575,17,0,14.0,11.63235294129475,5.026883724587339e-09,40,0,0,0,0.0,LOW
CUST001577,20,0,14.0,11.462502173581736,5.702261377670296e-05,40,0,0,0,0.0,LOW
CUST001578,32,0,14.0,11.648437549606324,2.0283802261631923e-06,40,0,0,0,0.0,LOW
CUST001579,22,0,14.0,11.772727335940942,3.0409573842446966e-06,40,0,0,0,0.0,LOW
CUST001584,26,0,14.0,11.980773402184129,0.0002711410549539502,40,0,0,0,0.0,LOW
CUST001585,35,0,14.0,11.550000006181573,2.738178360787574e-07,40,0,0,0,0.0,LOW
CUST001586,30,0,14.0,11.666666715228127,2.4628986220365864e-06,40,0,0,0,0.0,LOW
CUST001597,29,0,14.0,11.827586434422491,1.6495623219344208e-05,40,0,0,0,0.0,LOW
CUST001598,21,0,14.0,11.250045463634605,0.002386806480578969,40,0,0,0,0.0,LOW
CUST001607,28,0,14.0,11.500022480513893,0.001573010479852383,40,0,0,0,0.0,LOW
CUST001608,21,0,14.0,11.833333334540226,6.334869170572266e-08,40,0,0,0,0.0,LOW
CUST001613,27,0,14.0,11.601863959411686,0.0007617113280220526,40,0,0,0,0.0,LOW
CUST001615,33,0,14.0,11.719706558110852,0.0007892503602943821,40,0,0,0,0.0,LOW
CUST001616,23,0,14.0,11.869576173222843,0.0006059363933841332,40,0,0,0,0.0,LOW
CUST001617,29,0,14.0,11.706898153052142,0.00011595482917542642,40,0,0,0,0.0,LOW
CUST001620,24,0,14.0,11.593750000698671,4.1697260231599087e-08,40,0,0,0,0.0,LOW
CUST001622,24,0,14.0,11.739583336363635,1.8181804988795863e-07,40,0,0,0,0.0,LOW
CUST001624,24,0,14.0,11.739583347118177,7.893126481376092e-07,40,0,0,0,0.0,LOW
CUST001627,21,0,14.0,11.750000291305081,1.5050626294657467e-05,40,0,0,0,0.0,LOW
CUST001628,20,0,14.0,11.375043788424527,0.0021276164687051027,40,0,0,0,0.0,LOW
CUST001629,28,0,14.0,11.562500950923566,6.636938487443935e-05,40,0,0,0,0.0,LOW
CUST001630,23,0,14.0,11.793482035820682,0.0002170211550373152,40,0,0,0,0.0,LOW
CUST001632,28,0,14.0,11.687500120793285,5.863398797152403e-06,40,0,0,0,0.0,LOW
CUST001637,24,0,14.0,11.15625002139109,1.2448253995942377e-06,40,0,0,0,0.0,LOW
CUST001639,23,0,14.0,11.869571452482678,0.00035617696035935415,40,0,0,0,0.0,LOW
CUST001641,26,0,14.0,11.64423096808372,1.2428223966609905e-05,40,0,0,0,0.0,LOW
CUST001645,18,0,14.0,11.472222234089996,4.095884041023035e-07,40,0,0,0,0.0,LOW
CUST001647,34,0,14.0,11.889710750248984,0.0004131606105141839,40,0,0,0,0.0,LOW
CUST001648,35,0,14.0,11.450000216482508,8.097381359533564e-06,40,0,0,0,0.0,LOW
CUST001651,17,0,14.0,11.941176470691445,1.4903224731440338e-09,40,0,0,0,0.0,LOW
CUST001659,30,0,14.0,11.491667775574973,5.099072000622802e-05,40,0,0,0,0.0,LOW
CUST001661,20,0,14.0,11.462500058681796,2.0215776451962024e-06,40,0,0,0,0.0,LOW
CUST001664,17,0,14.0,11.529412537824143,3.188561688705281e-05,40,0,0,0,0.0,LOW
CUST001669,28,0,14.0,11.562500007470488,5.083743211622813e-07,40,0,0,0,0.0,LOW
CUST001671,14,0,14.0,12.25000041268301,1.4414068343613429e-05,40,0,0,0,0.0,LOW
CUST001675,26,0,14.0,11.846164382209263,0.0006846269448100028,40,0,0,0,0.0,LOW
CUST001679,28,0,14.0,11.812500002794964,1.9562052498935446e-07,40,0,0,0,0.0,LOW
CUST001683,23,0,14.0,11.641304555860625,1.1862924950741544e-05,40,0,0,0,0.0,LOW
CUST001685,18,0,14.0,11.472222223254306,4.282215566191553e-08,40,0,0,0,0.0,LOW
CUST001690,17,0,14.0,11.632352941239132,2.564852843266549e-09,40,0,0,0,0.0,LOW
CUST001691,25,0,14.0,11.620000000000006,4.3322033077655803e-13,40,0,0,0,0.0,LOW
CUST001692,28,0,14.0,11.687501754270665,0.000100334349156946,40,0,0,0,0.0,LOW
CUST001708,31,0,14.0,11.798390133648683,0.00023515603075189252,40,0,0,0,0.0,LOW
CUST001709,20,0,14.0,11.550000000453002,1.9142544473041258e-08,40,0,0,0,0.0,LOW
CUST001710,32,0,14.0,11.976584548679249,0.0011780237128401329,40,0,0,0,0.0,LOW
CUST001712,31,0,14.0,11.85483991050516,7.533888687511366e-05,40,0,0,0,0.0,LOW
CUST001713,26,0,14.0,11.509615438905598,3.3715730046141666e-06,40,0,0,0,0.0,LOW
CUST001715,21,0,14.0,11.833333343813061,4.973553225041652e-07,40,0,0,0,0.0,LOW
CUST001719,23,0,14.0,11.56522791016961,0.0006037125266238105,40,0,0,0,0.0,LOW
CUST001721,15,0,14.0,11.433333532923973,5.856528142494848e-06,40,0,0,0,0.0,LOW
CUST001722,36,0,14.0,12.104169110675606,0.00010975391623997593,40,0,0,0,0.0,LOW
CUST001724,17,0,14.0,11.632352974644753,1.4224020409524552e-06,40,0,0,0,0.0,LOW
CUST001725,15,0,14.0,11.783333333333333,0.0,40,0,0,0,0.0,LOW
CUST001728,18,0,14.0,11.180562213997668,0.00029962968341057237,40,0,0,0,0.0,LOW
CUST001738,18,0,14.0,11.569444445112667,2.838071190709376e-08,40,0,0,0,0.0,LOW
CUST001739,17,0,14.0,11.529411764709256,1.27908740808396e-10,40,0,0,0,0.0,LOW
CUST001741,34,0,14.0,11.78694532621107,0.015352084267140001,40,0,0,0,0.0,LOW
CUST001751,25,0,14.0,11.550000002415377,1.1073017092738675e-07,40,0,0,0,0.0,LOW
CUST001752,21,0,14.0,11.583333334996341,7.996982547124284e-08,40,0,0,0,0.0,LOW
CUST001753,21,0,14.0,11.583333395799066,1.6301984935059633e-06,40,0,0,0,0.0,LOW
CUST001758,14,0,14.0,11.625000000000037,1.3059514321897215e-12,40,0,0,0,0.0,LOW
CUST001762,23,0,14.0,11.945652173921614,4.2620357450517527e-10,40,0,0,0,0.0,LOW
CUST001766,26,0,14.0,11.375000000025008,1.3419157635799667e-09,40,0,0,0,0.0,LOW
CUST001771,26,0,14.0,11.644232576055252,0.00011718901781604732,40,0,0,0,0.0,LOW
CUST001774,20,0,14.0,11.90000000236336,4.153284962355209e-08,40,0,0,0,0.0,LOW
CUST001779,21,0,14.0,11.25000014685021,7.68648014648825e-06,40,0,0,0,0.0,LOW
CUST001781,28,0,14.0,11.687501613381244,9.987264964621797e-05,40,0,0,0,0.0,LOW
CUST001785,28,0,14.0,11.18750003048272,1.0389028689377514e-06,40,0,0,0,0.0,LOW
CUST001787,25,0,14.0,12.040001176578109,7.353604475239494e-05,40,0,0,0,0.0,LOW
CUST001792,28,0,14.0,11.750001146719526,4.7993058157332966e-05,40,0,0,0,0.0,LOW
CUST001795,15,0,14.0,11.433333386476663,1.990808483115529e-06,40,0,0,0,0.0,LOW
CUST001796,36,0,14.0,11.763919278535175,0.0027252286401008878,40,0,0,0,0.0,LOW
CUST001797,32,0,14.0,11.812502028122811,0.00014092914656006923,40,0,0,0,0.0,LOW
CUST001802,23,0,14.0,11.641306579075593,9.532221699845917e-05,40,0,0,0,0.0,LOW
CUST001807,25,0,14.0,11.550000021890519,1.036581016293943e-06,40,0,0,0,0.0,LOW
CUST001808,33,0,14.0,11.825757582940975,5.527558641714364e-07,40,0,0,0,0.0,LOW
CUST001809,26,0,14.0,11.913461540445939,1.1108098923717862e-07,40,0,0,0,0.0,LOW
CUST001813,26,0,14.0,11.71153846379379,7.875963324116787e-08,40,0,0,0,0.0,LOW
CUST001818,25,0,14.0,11.690003433961998,0.00018599781307829848,40,0,0,0,0.0,LOW
CUST001819,23,0,14.0,11.869565568189385,1.5108419131708258e-05,40,0,0,0,0.0,LOW
CUST001829,32,0,14.0,11.867208211495576,0.001656895642142608,40,0,0,0,0.0,LOW
CUST001831,21,0,14.0,11.666666666693171,1.3914921491691862e-09,40,0,0,0,0.0,LOW
CUST001832,18,0,14.0,11.472224200949647,8.904065664855793e-05,40,0,0,0,0.0,LOW
CUST001839,21,0,14.0,11.750000000416987,2.1522211800480887e-08,40,0,0,0,0.0,LOW
CUST001842,33,0,14.0,11.454547797629978,0.0001932423634206856,40,0,0,0,0.0,LOW
CUST001852,28,0,14.0,11.500035428648951,0.0024367070544836947,40,0,0,0,0.0,LOW
CUST001854,26,0,14.0,11.644231371458497,2.680131241629206e-05,40,0,0,0,0.0,LOW
CUST001856,28,0,14.0,11.43750601742838,0.0003602577341107744,40,0,0,0,0.0,LOW
CUST001857,31,0,14.0,11.516129656190843,2.2924551582536308e-05,40,0,0,0,0.0,LOW
CUST001858,37,0,14.0,11.493243285005176,3.836667345730839e-06,40,0,0,0,0.0,LOW
CUST001860,24,0,14.0,11.812500017302158,9.980898927219761e-07,40,0,0,0,0.0,LOW
CUST001864,33,0,14.0,11.71969701416869,1.3572662935713164e-06,40,0,0,0,0.0,LOW
CUST001868,36,0,14.0,11.423611264298929,1.3082325561928501e-05,40,0,0,0,0.0,LOW
CUST001870,13,0,14.0,11.576923076964608,1.2485649223257408e-09,40,0,0,0,0.0,LOW
CUST001875,25,0,14.0,11.90000108284272,2.9832417865294133e-05,40,0,0,0,0.0,LOW
CUST001876,12,0,14.0,11.812500086078053,2.581953903635475e-06,40,0,0,0,0.0,LOW
CUST001885,28,0,14.0,11.937500020220241,1.1548074681196277e-06,40,0,0,0,0.0,LOW
CUST001899,20,0,14.0,11.637500000082943,3.975033965264966e-09,40,0,0,0,0.0,LOW
CUST001901,23,0,14.0,11.413105883403272,0.003561157174022701,40,0,0,0,0.0,LOW
CUST001902,23,0,14.0,11.64130464096506,1.6372031570435477e-05,40,0,0,0,0.0,LOW
CUST001904,30,0,14.0,11.491667433922098,5.6135622679716e-05,40,0,0,0,0.0,LOW
CUST001907,25,0,14.0,11.620000020809488,1.0363071832641267e-06,40,0,0,0,0.0,LOW
CUST001909,18,0,14.0,11.569444447804852,1.2286418277748146e-07,40,0,0,0,0.0,LOW
CUST001915,20,0,14.0,11.900000011219614,5.607598374003595e-07,40,0,0,0,0.0,LOW
CUST001917,22,0,14.0,12.011363636598656,1.292603623315071e-08,40,0,0,0,0.0,LOW
CUST001923,26,0,14.0,11.644230771681096,1.4626712899684254e-07,40,0,0,0,0.0,LOW
CUST001924,18,0,14.0,11.569444445253112,3.4295117792280405e-08,40,0,0,0,0.0,LOW
CUST001938,22,0,14.0,11.613643766498594,0.00032096479828021843,40,0,0,0,0.0,LOW
CUST001940,23,0,14.0,11.56521749651633,3.4303130588415083e-06,40,0,0,0,0.0,LOW
CUST001944,18,0,14.0,11.958333333405768,2.5621057529212428e-09,40,0,0,0,0.0,LOW
CUST001948,24,0,14.0,11.885417280006969,3.672765261252606e-05,40,0,0,0,0.0,LOW
CUST001954,21,0,14.0,11.666666666678239,4.933045932544577e-10,40,0,0,0,0.0,LOW
CUST001964,33,0,14.0,11.613636364453793,6.125738860834264e-08,40,0,0,0,0.0,LOW
CUST001966,19,0,14.0,11.97368421370109,7.371536823793071e-08,40,0,0,0,0.0,LOW
CUST001971,28,0,14.0,11.562500140443964,6.073982469030392e-06,40,0,0,0,0.0,LOW
CUST001973,18,0,14.0,11.958333333859848,2.3020245931708838e-08,40,0,0,0,0.0,LOW
CUST001976,15,0,14.0,11.433333333894057,1.0965048280776928e-08,40,0,0,0,0.0,LOW
CUST001981,24,0,14.0,11.885416684145296,1.0263091765298522e-06,40,0,0,0,0.0,LOW
CUST001983,30,0,14.0,11.666666781166718,8.476349400266908e-06,40,0,0,0,0.0,LOW
CUST001985,26,0,14.0,11.980772589773848,0.0002153932659196486,40,0,0,0,0.0,LOW
CUST001994,29,0,14.0,11.767241571628528,1.3853345073180412e-05,40,0,0,0,0.0,LOW
CUST001995,33,0,14.0,11.666672026959793,0.00034557542478957226,40,0,0,0,0.0,LOW
CUST001996,23,0,14.0,11.945659652014132,0.000426291064081421,40,0,0,0,0.0,LOW
CUST001999,22,0,14.0,11.534090912593612,1.874032793251224e-07,40,0,0,0,0.0,LOW
CUST002000,28,0,14.0,11.687562438352737,0.0038873981215915244,40,0,0,0,0.0,LOW
CUST002002,20,0,14.0,11.550000024671013,1.125480808364725e-06,40,0,0,0,0.0,LOW
CUST002003,32,0,14.0,11.429687564113275,3.7535076775425546e-06,40,0,0,0,0.0,LOW
CUST002006,25,0,14.0,12.180000175294017,1.0042396072451949e-05,40,0,0,0,0.0,LOW
CUST002007,30,0,14.0,11.66666667056618,1.8019676002550894e-07,40,0,0,0,0.0,LOW
CUST002011,19,0,14.0,11.60526315789491,8.224884684737722e-12,40,0,0,0,0.0,LOW
CUST002012,24,0,14.0,11.812500036906163,1.0466486823844306e-06,40,0,0,0,0.0,LOW
CUST002016,30,0,14.0,11.433350950111299,0.0007696609503642264,40,0,0,0,0.0,LOW
CUST002020,25,0,14.0,11.690000000122131,6.666340488179815e-09,40,0,0,0,0.0,LOW
CUST002026,25,0,14.0,11.550000007661303,3.0112446599255123e-07,40,0,0,0,0.0,LOW
CUST002032,21,0,14.0,11.583333356148447,9.419345794747834e-07,40,0,0,0,0.0,LOW
CUST002037,33,0,14.0,11.666675861630717,0.0007439012721914356,40,0,0,0,0.0,LOW
CUST002039,26,0,14.0,11.644230774296457,3.074254100383338e-07,40,0,0,0,0.0,LOW
CUST002040,22,0,14.0,11.772727391288003,6.30299233657481e-06,40,0,0,0,0.0,LOW
CUST002051,27,0,14.0,11.666666668014434,9.051056098377873e-08,40,0,0,0,0.0,LOW
CUST002060,22,0,14.0,11.613636377135258,7.424042766887253e-07,40,0,0,0,0.0,LOW
CUST002063,27,0,14.0,12.055555570608648,1.0145682935040893e-06,40,0,0,0,0.0,LOW
CUST002065,23,0,14.0,11.71739132073715,9.385582399969491e-07,40,0,0,0,0.0,LOW
CUST002067,29,0,14.0,11.76724233406712,6.92092463735054e-05,40,0,0,0,0.0,LOW
CUST002070,15,0,14.0,11.783333410376624,2.8826184202041045e-06,40,0,0,0,0.0,LOW
CUST002072,19,0,14.0,11.328947408717639,1.3044296311579811e-06,40,0,0,0,0.0,LOW
CUST002076,26,0,14.0,11.644231022984975,1.5924214988349543e-05,40,0,0,0,0.0,LOW
CUST002077,22,0,14.0,11.693181854887369,1.7090975511158906e-06,40,0,0,0,0.0,LOW
CUST002082,22,0,14.0,11.693181847597424,1.6148170831095157e-06,40,0,0,0,0.0,LOW
CUST002083,20,0,14.0,11.550001472328447,6.883583356926902e-05,40,0,0,0,0.0,LOW
CUST002084,22,0,14.0,11.375001283568915,7.017651387900235e-05,40,0,0,0,0.0,LOW
CUST002086,21,0,14.0,12.000000035790517,1.8749128653637249e-06,40,0,0,0,0.0,LOW
CUST002088,23,0,14.0,11.717391380411675,4.34584562110558e-06,40,0,0,0,0.0,LOW
CUST002089,24,0,14.0,11.593776519797332,0.0014728062185301277,40,0,0,0,0.0,LOW
CUST002093,28,0,14.0,11.68750028263437,1.511324488265245e-05,40,0,0,0,0.0,LOW
CUST002099,29,0,14.0,11.827586276435722,3.8096227756677703e-06,40,0,0,0,0.0,LOW
CUST002100,20,0,14.0,11.725000000085974,4.277734520210106e-09,40,0,0,0,0.0,LOW
CUST002102,22,0,14.0,11.295454571014632,1.4048541436851282e-06,40,0,0,0,0.0,LOW
CUST002103,27,0,14.0,11.537037353469682,1.8762586686968722e-05,40,0,0,0,0.0,LOW
CUST002104,23,0,14.0,11.336966595447075,0.0005782594021998292,40,0,0,0,0.0,LOW
CUST002111,19,0,14.0,12.065789474008156,1.4785468146441124e-08,40,0,0,0,0.0,LOW
CUST002120,34,0,14.0,11.426473660846801,0.00023112039719349635,40,0,0,0,0.0,LOW
CUST002124,21,0,14.0,11.916668398976041,8.728186490869293e-05,40,0,0,0,0.0,LOW
CUST002127,26,0,14.0,11.644272756500849,0.002726727751572204,40,0,0,0,0.0,LOW
CUST002128,28,0,14.0,11.375000002053412,1.433880241252263e-07,40,0,0,0,0.0,LOW
CUST002132,25,0,14.0,11.410000009859596,5.11130573698986e-07,40,0,0,0,0.0,LOW
CUST002134,21,0,14.0,11.250003809407742,0.0001974991516653163,40,0,0,0,0.0,LOW
CUST002136,28,0,14.0,11.312500000092866,3.505086983189468e-09,40,0,0,0,0.0,LOW
CUST002138,21,0,14.0,12.083333433125885,3.669778456406363e-06,40,0,0,0,0.0,LOW
CUST002139,20,0,14.0,11.375000015911596,7.955797648173796e-07,40,0,0,0,0.0,LOW
CUST002144,24,0,14.0,11.666666979616474,1.80301064850144e-05,40,0,0,0,0.0,LOW
CUST002145,20,0,14.0,11.812500000611426,2.63359176600723e-08,40,0,0,0,0.0,LOW
CUST002147,20,0,14.0,11.725000000004567,2.283868148636812e-10,40,0,0,0,0.0,LOW
CUST002151,26,0,14.0,11.375000286376975,1.61245182182313e-05,40,0,0,0,0.0,LOW
CUST002154,26,0,14.0,11.980769252776327,1.3351483612339324e-06,40,0,0,0,0.0,LOW
CUST002156,29,0,14.0,11.887952476931885,0.0015297021637123943,40,0,0,0,0.0,LOW
CUST002157,20,0,14.0,11.375000000031237,1.3301982903200397e-09,40,0,0,0,0.0,LOW
CUST002158,22,0,14.0,11.931818633918077,1.7500498401884222e-05,40,0,0,0,0.0,LOW
CUST002171,20,0,14.0,11.637500000040717,1.7101467787637087e-09,40,0,0,0,0.0,LOW
CUST002173,24,0,14.0,11.302083362152482,1.5061194003949907e-06,40,0,0,0,0.0,LOW
CUST002177,29,0,14.0,11.467235523482298,0.12207447581434,40,0,0,0,0.0,LOW
CUST002180,20,0,14.0,11.725002523538198,0.00012289276812840486,40,0,0,0,0.0,LOW
CUST002184,30,0,14.0,11.55000000002114,1.1079515748806527e-09,40,0,0,0,0.0,LOW
CUST002185,32,0,14.0,11.593750008178885,6.021795536931056e-07,40,0,0,0,0.0,LOW
CUST002186,23,0,14.0,11.641304365121387,7.878084897880277e-07,40,0,0,0,0.0,LOW
CUST002187,22,0,14.0,11.693181819737758,8.450948281687817e-08,40,0,0,0,0.0,LOW
CUST002189,24,0,14.0,11.739584688212853,8.128709995593397e-05,40,0,0,0,0.0,LOW
CUST002195,22,0,14.0,11.295454545767994,1.2355470142221551e-08,40,0,0,0,0.0,LOW
CUST002199,22,0,14.0,11.85227331617803,3.213211913489729e-05,40,0,0,0,0.0,LOW
CUST002200,19,0,14.0,12.157894736846526,1.9106829612027614e-10,40,0,0,0,0.0,LOW
CUST002204,23,0,14.0,11.793478262054592,6.448579903327979e-08,40,0,0,0,0.0,LOW
CUST002213,12,0,14.0,11.520833794387618,1.3297222133412238e-05,40,0,0,0,0.0,LOW
CUST002216,19,0,14.0,11.697368421114525,2.22091582352402e-09,40,0,0,0,0.0,LOW
CUST002219,36,0,14.0,11.423612807867572,0.0001473594634708845,40,0,0,0,0.0,LOW
CUST002227,17,0,14.0,11.838235836001582,1.821490742868092e-05,40,0,0,0,0.0,LOW
CUST002229,29,0,14.0,12.008620873676021,9.105741294983773e-06,40,0,0,0,0.0,LOW
CUST002230,19,0,14.0,11.51315964411608,8.309551378800622e-05,40,0,0,0,0.0,LOW
CUST002235,31,0,14.0,11.79838741676552,2.4702357665141446e-05,40,0,0,0,0.0,LOW
CUST002237,20,0,14.0,11.637500017569026,8.631418192925115e-07,40,0,0,0,0.0,LOW
CUST002240,24,0,14.0,11.812500002267067,1.338186168498446e-07,40,0,0,0,0.0,LOW
CUST002244,23,0,14.0,11.717391837226701,2.9245275333316627e-05,40,0,0,0,0.0,LOW
CUST002246,28,0,14.0,12.062500003011037,1.9419261845241971e-07,40,0,0,0,0.0,LOW
CUST002247,14,0,14.0,12.125000000550708,1.1290522965716575e-08,40,0,0,0,0.0,LOW
CUST002248,22,0,14.0,11.693181924803815,5.6372642173395386e-06,40,0,0,0,0.0,LOW
CUST002250,25,0,14.0,11.76000000166559,7.636503126540336e-08,40,0,0,0,0.0,LOW
CUST002254,27,0,14.0,11.601853635152814,0.00011976693352285469,40,0,0,0,0.0,LOW
CUST002256,15,0,14.0,11.900000000036743,9.101597667677424e-10,40,0,0,0,0.0,LOW
CUST002260,26,0,14.0,11.442308734232107,6.73963757461223e-05,40,0,0,0,0.0,LOW
CUST002261,27,0,14.0,11.472222225085043,9.995517767455963e-08,40,0,0,0,0.0,LOW
CUST002265,15,0,14.0,11.78333333338173,9.352406651803323e-10,40,0,0,0,0.0,LOW
CUST002266,22,0,14.0,11.693181828900016,5.505958361255162e-07,40,0,0,0,0.0,LOW
CUST002267,26,0,14.0,11.644230770065702,5.074696830433533e-08,40,0,0,0,0.0,LOW
CUST002269,23,0,14.0,11.56521750194894,6.075104312652754e-06,40,0,0,0,0.0,LOW
CUST002277,20,0,14.0,11.9000026946053,0.00012841165587720334,40,0,0,0,0.0,LOW
CUST002278,21,0,14.0,11.666666683719821,5.706955882503173e-07,40,0,0,0,0.0,LOW
CUST002281,28,0,14.0,11.75000010638295,6.322339990225168e-06,40,0,0,0,0.0,LOW
CUST002288,27,0,14.0,11.796296472327809,1.1012410382318882e-05,40,0,0,0,0.0,LOW
CUST002290,24,0,14.0,11.88541666990803,1.738794019393007e-07,40,0,0,0,0.0,LOW
CUST002293,28,0,14.0,11.81250236931938,0.0001647778311748188,40,0,0,0,0.0,LOW
CUST002295,24,0,14.0,11.593752235413726,8.158181653881595e-05,40,0,0,0,0.0,LOW
CUST002296,25,0,14.0,11.690000003760197,2.3371554122620153e-07,40,0,0,0,0.0,LOW
CUST002297,24,0,14.0,11.885416667713914,4.667180794892571e-08,40,0,0,0,0.0,LOW
CUST002304,33,0,14.0,11.454550685288122,0.0004139551110221468,40,0,0,0,0.0,LOW
CUST002307,19,0,14.0,11.881591727179062,0.000607031266834918,40,0,0,0,0.0,LOW
CUST002308,22,0,14.0,11.77272727273347,3.408231988507725e-10,40,0,0,0,0.0,LOW
CUST002312,27,0,14.0,11.537061757247457,0.0016685388261911734,40,0,0,0,0.0,LOW
CUST002319,16,0,14.0,12.25000004515035,1.1744860059209305e-06,40,0,0,0,0.0,LOW
CUST002320,19,0,14.0,12.065789531935419,2.7669324577342594e-06,40,0,0,0,0.0,LOW
CUST002322,20,0,14.0,11.900000122139971,6.043659326848437e-06,40,0,0,0,0.0,LOW
CUST002323,28,0,14.0,11.500000001008383,4.5754919434165675e-08,40,0,0,0,0.0,LOW
CUST002328,30,0,14.0,11.608333347870124,1.0201340116797128e-06,40,0,0,0,0.0,LOW
CUST002332,13,0,14.0,11.980769230769315,2.7563695481383893e-12,40,0,0,0,0.0,LOW
CUST002346,15,0,14.0,11.433333333935078,2.202636991612676e-08,40,0,0,0,0.0,LOW
CUST002347,22,0,14.0,11.693181876947934,3.1860909803144616e-06,40,0,0,0,0.0,LOW
CUST002350,25,0,14.0,11.620000003982982,1.662393454082611e-07,40,0,0,0,0.0,LOW
CUST002353,27,0,14.0,11.796296299317122,1.7943843998394243e-07,40,0,0,0,0.0,LOW
CUST002354,24,0,14.0,11.666666671768388,1.3951155041993492e-07,40,0,0,0,0.0,LOW
CUST002355,22,0,14.0,11.534090911121524,7.901895007171916e-08,40,0,0,0,0.0,LOW
CUST002357,31,0,14.0,11.854838721435385,8.788416339066139e-07,40,0,0,0,0.0,LOW
CUST002371,27,0,14.0,11.731481545530475,2.813044830655253e-06,40,0,0,0,0.0,LOW
CUST002372,22,0,14.0,11.534090912709287,1.3096619904367187e-07,40,0,0,0,0.0,LOW
CUST002376,26,0,14.0,11.644230770792754,9.804403807914624e-08,40,0,0,0,0.0,LOW
CUST002380,19,0,14.0,11.697368426612455,1.8817265469164765e-07,40,0,0,0,0.0,LOW
CUST002383,18,0,14.0,11.472222556640409,1.4610847397909886e-05,40,0,0,0,0.0,LOW
CUST002385,22,0,14.0,11.693182996214889,6.43538360257798e-05,40,0,0,0,0.0,LOW
CUST002387,21,0,14.0,12.333333333924253,2.899981984107632e-08,40,0,0,0,0.0,LOW
CUST002389,27,0,14.0,11.666666934290506,1.7085919959723207e-05,40,0,0,0,0.0,LOW
CUST002390,23,0,14.0,11.71740171023949,0.0005983112690815954,40,0,0,0,0.0,LOW
CUST002392,16,0,14.0,11.593760556110182,0.0004190162941848763,40,0,0,0,0.0,LOW
CUST002393,26,0,14.0,11.173083646498954,0.00031230994475162397,40,0,0,0,0.0,LOW
CUST002394,26,0,14.0,11.64423076923077,0.0,40,0,0,0,0.0,LOW
CUST002399,29,0,14.0,11.706898577577853,0.0001276336284504301,40,0,0,0,0.0,LOW
CUST002408,28,0,14.0,12.06250000369417,2.4338192669762994e-07,40,0,0,0,0.0,LOW
CUST002409,28,0,14.0,11.37500336779137,0.00022916646004536361,40,0,0,0,0.0,LOW
CUST002411,31,0,14.0,12.024193594911418,2.759184119159368e-06,40,0,0,0,0.0,LOW
CUST002412,20,0,14.0,12.075004728997063,0.00023624646888603258,40,0,0,0,0.0,LOW
CUST002415,29,0,14.0,11.827622677039916,0.0023961844632432163,40,0,0,0,0.0,LOW
CUST002421,30,0,14.0,12.01666748199015,6.102389452782531e-05,40,0,0,0,0.0,LOW
CUST002424,25,0,14.0,11.690000473138783,2.8934741865488577e-05,40,0,0,0,0.0,LOW
CUST002425,27,0,14.0,11.666666692886068,1.6599468282816425e-06,40,0,0,0,0.0,LOW
CUST002428,29,0,14.0,11.70689655196133,1.1621526347728114e-08,40,0,0,0,0.0,LOW
CUST002430,20,0,14.0,11.725000004968916,2.3637657408757102e-07,40,0,0,0,0.0,LOW
CUST002435,20,0,14.0,11.550024629849684,0.0012311832852398945,40,0,0,0,0.0,LOW
CUST002436,20,0,14.0,11.98750000089876,3.6921922196412177e-08,40,0,0,0,0.0,LOW
CUST002437,25,0,14.0,11.4800012276308,7.638704000979195e-05,40,0,0,0,0.0,LOW
CUST002439,24,0,14.0,11.812500000646303,3.536540549399686e-08,40,0,0,0,0.0,LOW
CUST002441,29,0,14.0,12.068971584113426,0.0004396623957499274,40,0,0,0,0.0,LOW
CUST002443,30,0,14.0,11.550000004138912,2.9096280113923173e-07,40,0,0,0,0.0,LOW
CUST002446,25,0,14.0,11.270000257156106,9.905359821560582e-06,40,0,0,0,0.0,LOW
CUST002447,27,0,14.0,11.731481640923265,9.374507165867597e-06,40,0,0,0,0.0,LOW
CUST002452,33,0,14.0,11.507584618373588,0.0007302290726783701,40,0,0,0,0.0,LOW
CUST002453,32,0,14.0,11.648437583559897,6.656020837411148e-06,40,0,0,0,0.0,LOW
CUST002454,23,0,14.0,11.869565864690845,3.721425841845543e-05,40,0,0,0,0.0,LOW
CUST002457,21,0,14.0,11.916666743339174,3.927895896295358e-06,40,0,0,0,0.0,LOW
CUST002458,25,0,14.0,11.550000943649795,5.8450314109937555e-05,40,0,0,0,0.0,LOW
CUST002460,28,0,14.0,11.687500006310062,4.1569897675781135e-07,40,0,0,0,0.0,LOW
CUST002461,35,0,14.0,11.750000001711053,1.2520400732183955e-07,40,0,0,0,0.0,LOW
CUST002463,20,0,14.0,11.637500001119294,5.571869688532883e-08,40,0,0,0,0.0,LOW
CUST002464,26,0,14.0,11.240384617230195,1.1854510089591235e-07,40,0,0,0,0.0,LOW
CUST002471,17,0,14.0,11.838237125802394,7.125336968710001e-05,40,0,0,0,0.0,LOW
CUST002472,42,0,14.0,11.416666724242853,1.592842291412253e-06,40,0,0,0,0.0,LOW
CUST002473,23,0,14.0,11.565217627598313,1.3586903046746673e-05,40,0,0,0,0.0,LOW
CUST002477,13,0,14.0,11.846153868810928,7.363551712952693e-07,40,0,0,0,0.0,LOW
CUST002479,31,0,14.0,11.79838923099191,0.0001290896930413954,40,0,0,0,0.0,LOW
CUST002482,23,0,14.0,11.413043487035578,5.037060715040624e-07,40,0,0,0,0.0,LOW
CUST002490,15,0,14.0,11.900000000012136,4.551012315861648e-10,40,0,0,0,0.0,LOW
CUST002494,18,0,14.0,11.666666844750981,8.006964474336546e-06,40,0,0,0,0.0,LOW
CUST002496,26,0,14.0,11.644231312490556,3.1985353823078624e-05,40,0,0,0,0.0,LOW
CUST002501,18,0,14.0,11.76388919032059,1.3563456644046807e-05,40,0,0,0,0.0,LOW
CUST002502,21,0,14.0,11.50000371011013,0.00019468293936905303,40,0,0,0,0.0,LOW
CUST002503,18,0,14.0,11.472222367590096,6.126805788635717e-06,40,0,0,0,0.0,LOW
CUST002507,26,0,14.0,11.711538572468884,5.221018387261037e-06,40,0,0,0,0.0,LOW
CUST002508,26,0,14.0,11.576923077562897,4.1412971666184844e-08,40,0,0,0,0.0,LOW
CUST002513,28,0,14.0,11.562500021175353,1.2595219361818939e-06,40,0,0,0,0.0,LOW
CUST002519,29,0,14.0,11.46563651229228,0.004466933590548725,40,0,0,0,0.0,LOW
CUST002520,27,0,14.0,11.731481615497009,6.216375760049165e-06,40,0,0,0,0.0,LOW
CUST002521,21,0,14.0,11.500000083072164,4.285652629781037e-06,40,0,0,0,0.0,LOW
CUST002526,29,0,14.0,11.706897040585323,3.304492325767725e-05,40,0,0,0,0.0,LOW
CUST002529,16,0,14.0,11.375000218970452,8.60580870547228e-06,40,0,0,0,0.0,LOW
CUST002530,30,0,14.0,11.550000234409168,1.5277445429331884e-05,40,0,0,0,0.0,LOW
CUST002532,27,0,14.0,11.601860730333575,0.00028424825096757064,40,0,0,0,0.0,LOW
CUST002533,26,0,14.0,11.77884678415908,3.857826141466426e-05,40,0,0,0,0.0,LOW
CUST002535,24,0,14.0,11.812500021567594,7.271776447794718e-07,40,0,0,0,0.0,LOW
CUST002536,18,0,14.0,11.47222222726528,2.2693760661995423e-07,40,0,0,0,0.0,LOW
CUST002545,28,0,14.0,11.500010804117517,0.000756239807158049,40,0,0,0,0.0,LOW
CUST002552,28,0,14.0,11.562500004585255,3.0611356047776955e-07,40,0,0,0,0.0,LOW
CUST002560,25,0,14.0,11.410000015009325,5.08859634148174e-07,40,0,0,0,0.0,LOW
CUST002563,21,0,14.0,11.666666676474742,4.845999466648787e-07,40,0,0,0,0.0,LOW
CUST002567,15,0,14.0,11.66666666668549,7.058211496235114e-10,40,0,0,0,0.0,LOW
CUST002580,30,0,14.0,11.78333439948054,7.947379704723204e-05,40,0,0,0,0.0,LOW
CUST002590,18,0,14.0,11.763888889027275,6.227364772310793e-09,40,0,0,0,0.0,LOW
CUST002591,22,0,14.0,11.613636580023384,1.1199581624061465e-05,40,0,0,0,0.0,LOW
CUST002595,22,0,14.0,11.693181818229162,2.49012297252925e-09,40,0,0,0,0.0,LOW
CUST002598,24,0,14.0,11.812501490565415,8.914614831293111e-05,40,0,0,0,0.0,LOW
CUST002600,30,0,14.0,11.783333397918769,3.1898692555813235e-06,40,0,0,0,0.0,LOW
CUST002602,22,0,14.0,11.29545521830882,2.8011054112136145e-05,40,0,0,0,0.0,LOW
CUST002603,24,0,14.0,11.885416666950162,1.0710432700315876e-08,40,0,0,0,0.0,LOW
CUST002607,19,0,14.0,11.60526318938995,1.2478308367081396e-06,40,0,0,0,0.0,LOW
CUST002610,23,0,14.0,11.793478845849362,3.333331855944043e-05,40,0,0,0,0.0,LOW
CUST002611,30,0,14.0,11.43333334890432,3.805878697927249e-07,40,0,0,0,0.0,LOW
CUST002613,17,0,14.0,12.455882353021806,2.665123459515697e-09,40,0,0,0,0.0,LOW
CUST002616,24,0,14.0,11.812504953565487,0.00025747252952298505,40,0,0,0,0.0,LOW
CUST002622,25,0,14.0,11.550002679053726,0.00013824585619400242,40,0,0,0,0.0,LOW
CUST002625,23,0,14.0,12.021750774553857,0.0006695368467331791,40,0,0,0,0.0,LOW
CUST002627,19,0,14.0,11.789473868833548,8.555845755900617e-06,40,0,0,0,0.0,LOW
CUST002634,28,0,14.0,11.875000001262991,5.6192403637362214e-08,40,0,0,0,0.0,LOW
CUST002638,28,0,14.0,11.500000003637854,1.361886581238454e-07,40,0,0,0,0.0,LOW
CUST002650,26,0,14.0,11.846156986941006,0.0001049532896247657,40,0,0,0,0.0,LOW
CUST002651,26,0,14.0,11.71153870090305,1.5511714955455134e-05,40,0,0,0,0.0,LOW
CUST002657,21,0,14.0,11.833333373236831,1.7594762403472713e-06,40,0,0,0,0.0,LOW
CUST002658,18,0,14.0,11.472222314753534,4.159891577010612e-06,40,0,0,0,0.0,LOW
CUST002668,19,0,14.0,11.697368422002988,2.5634818712851016e-08,40,0,0,0,0.0,LOW
CUST002672,18,0,14.0,11.569444541195146,4.176518961436165e-06,40,0,0,0,0.0,LOW
CUST002676,25,0,14.0,11.340000002575168,1.4429297733476841e-07,40,0,0,0,0.0,LOW
CUST002677,18,0,14.0,11.666666666843831,5.192318827961376e-09,40,0,0,0,0.0,LOW
CUST002680,21,0,14.0,11.25000000658268,1.6725889212454808e-07,40,0,0,0,0.0,LOW
CUST002684,29,0,14.0,11.344827743488603,1.1166381685437413e-05,40,0,0,0,0.0,LOW
CUST002685,20,0,14.0,11.812521711130268,0.0010855536492002007,40,0,0,0,0.0,LOW
CUST002687,24,0,14.0,11.083333334346108,5.7312982331859474e-08,40,0,0,0,0.0,LOW
CUST002689,26,0,14.0,11.913461548487918,3.92999366957263e-07,40,0,0,0,0.0,LOW
CUST002691,30,0,14.0,11.550001228939045,8.510418525414456e-05,40,0,0,0,0.0,LOW
CUST002693,22,0,14.0,11.454545455658588,5.7257813645150114e-08,40,0,0,0,0.0,LOW
CUST002700,18,0,14.0,11.763888889087946,8.957625110525e-09,40,0,0,0,0.0,LOW
CUST002703,24,0,14.0,11.739588123906914,0.00011329980386152505,40,0,0,0,0.0,LOW
CUST002704,18,0,14.0,11.569445099679465,2.275557083161901e-05,40,0,0,0,0.0,LOW
CUST002708,19,0,14.0,11.32894740119314,1.2707551585402244e-06,40,0,0,0,0.0,LOW
CUST002711,11,0,14.0,12.090909092074337,3.204430160482542e-08,40,0,0,0,0.0,LOW
CUST002712,27,0,14.0,11.731481496115281,7.153015108227474e-07,40,0,0,0,0.0,LOW
CUST002718,22,0,14.0,11.613643974574957,0.0004153523553200033,40,0,0,0,0.0,LOW
CUST002721,24,0,14.0,12.104167039507248,2.230180728602677e-05,40,0,0,0,0.0,LOW
CUST002722,24,0,14.0,11.520833333333334,0.0,40,0,0,0,0.0,LOW
CUST002726,19,0,14.0,11.881578948503595,3.0583287119579015e-08,40,0,0,0,0.0,LOW
CUST002730,26,0,14.0,11.711538463988488,1.1544770806709375e-07,40,0,0,0,0.0,LOW
CUST002732,26,0,14.0,11.71155861786964,0.001281246009734059,40,0,0,0,0.0,LOW
CUST002740,21,0,14.0,12.083333704653487,1.8623931615768556e-05,40,0,0,0,0.0,LOW
CUST002746,27,0,14.0,11.212963008312887,1.3265982832211054e-06,40,0,0,0,0.0,LOW
CUST002748,33,0,14.0,11.825758626771838,8.526804553040323e-05,40,0,0,0,0.0,LOW
CUST002749,17,0,14.0,11.735294176437769,2.4984390994671045e-06,40,0,0,0,0.0,LOW
CUST002750,27,0,14.0,11.861111120084423,6.035108005823313e-07,40,0,0,0,0.0,LOW
CUST002752,21,0,14.0,12.000000017298158,4.756613887524242e-07,40,0,0,0,0.0,LOW
CUST002754,19,0,14.0,12.065789473688834,2.1961259614785055e-10,40,0,0,0,0.0,LOW
CUST002756,25,0,14.0,11.410000005800862,1.1853444054638571e-07,40,0,0,0,0.0,LOW
CUST002764,26,0,14.0,11.71153862205606,1.0412264928815586e-05,40,0,0,0,0.0,LOW
CUST002766,28,0,14.0,11.375000504702237,2.9734617762120813e-05,40,0,0,0,0.0,LOW
CUST002771,19,0,14.0,11.881578953429113,2.6089915506140694e-07,40,0,0,0,0.0,LOW
CUST002774,14,0,14.0,12.250000003369959,1.1774811450064243e-07,40,0,0,0,0.0,LOW
CUST002776,18,0,14.0,11.666666667390935,2.3575131711298657e-08,40,0,0,0,0.0,LOW
CUST002778,24,0,14.0,11.812500038615482,1.6240502886699441e-06,40,0,0,0,0.0,LOW
CUST002781,28,0,14.0,11.687500011259715,3.74552336753558e-07,40,0,0,0,0.0,LOW
CUST002795,15,0,14.0,11.550004549393552,0.0001705865505697412,40,0,0,0,0.0,LOW
CUST002797,28,0,14.0,11.875000897802181,6.006275216714546e-05,40,0,0,0,0.0,LOW
CUST002800,28,0,14.0,11.750002759331666,0.0001931041301385736,40,0,0,0,0.0,LOW
CUST002801,27,0,14.0,11.861111123117428,7.321056680822795e-07,40,0,0,0,0.0,LOW
CUST002802,22,0,14.0,11.693181820295784,1.1626811205010106e-07,40,0,0,0,0.0,LOW
CUST002803,22,0,14.0,11.77272731091742,2.0358126506655926e-06,40,0,0,0,0.0,LOW
CUST002804,29,0,14.0,11.646585515824203,0.002315480588685785,40,0,0,0,0.0,LOW
CUST002806,30,0,14.0,11.66666819117813,0.00011429982946510543,40,0,0,0,0.0,LOW
CUST002819,20,0,14.0,11.637500000554107,1.8322223292503934e-08,40,0,0,0,0.0,LOW
CUST002820,24,0,14.0,11.520833736420832,2.2596361706553295e-05,40,0,0,0,0.0,LOW
CUST002824,27,0,14.0,11.796296391869134,2.8659768428901976e-06,40,0,0,0,0.0,LOW
CUST002826,26,0,14.0,11.913463980908691,8.824690032692626e-05,40,0,0,0,0.0,LOW
CUST002831,22,0,14.0,11.53409092666409,3.7005556606072144e-07,40,0,0,0,0.0,LOW
CUST002833,24,0,14.0,11.885421047514809,0.00026284691829158433,40,0,0,0,0.0,LOW
CUST002835,17,0,14.0,11.426470589285124,3.7414241325137535e-08,40,0,0,0,0.0,LOW
CUST002843,27,0,14.0,11.601851953054544,4.912813387206238e-06,40,0,0,0,0.0,LOW
CUST002844,18,0,14.0,12.152777778667682,3.509136825808979e-08,40,0,0,0,0.0,LOW
CUST002845,29,0,14.0,11.70689655172695,1.1044344337456721e-10,40,0,0,0,0.0,LOW
CUST002847,18,0,14.0,12.055555597119008,1.4344986237905843e-06,40,0,0,0,0.0,LOW
CUST002850,24,0,14.0,11.37500017442045,9.956524706802356e-06,40,0,0,0,0.0,LOW
CUST002856,32,0,14.0,11.375029139251069,0.0016112603243647215,40,0,0,0,0.0,LOW
CUST002857,21,0,14.0,11.416668489109055,9.479464220768985e-05,40,0,0,0,0.0,LOW
CUST002859,18,0,14.0,11.277777797041203,8.668541735080451e-07,40,0,0,0,0.0,LOW
CUST002860,20,0,14.0,11.987500004974345,1.9839220216591757e-07,40,0,0,0,0.0,LOW
CUST002861,27,0,14.0,11.796296325548122,1.7209805064407306e-06,40,0,0,0,0.0,LOW
CUST002869,18,0,14.0,11.861111482068573,1.3811536741329173e-05,40,0,0,0,0.0,LOW
CUST002871,28,0,14.0,11.562518239335988,0.0007151246536397581,40,0,0,0,0.0,LOW
CUST002872,23,0,14.0,11.641305730107836,5.884162547208683e-05,40,0,0,0,0.0,LOW
CUST002875,18,0,14.0,11.569444444496034,2.190567782855502e-09,40,0,0,0,0.0,LOW
CUST002876,23,0,14.0,11.945652176191805,1.1437049580030684e-07,40,0,0,0,0.0,LOW
CUST002880,20,0,14.0,11.550000000934647,4.450847217190986e-08,40,0,0,0,0.0,LOW
CUST002881,17,0,14.0,11.632352941254268,3.3063628553279566e-09,40,0,0,0,0.0,LOW
CUST002887,25,0,14.0,11.69000000168012,5.291606919776224e-08,40,0,0,0,0.0,LOW
CUST002890,21,0,14.0,11.58333384045827,2.577178309497956e-05,40,0,0,0,0.0,LOW
CUST002892,30,0,14.0,11.841666679068236,7.33639660884394e-07,40,0,0,0,0.0,LOW
CUST002896,31,0,14.0,11.629063582077757,0.002426297352808104,40,0,0,0,0.0,LOW
CUST002900,25,0,14.0,11.410000215544098,9.398945776784101e-06,40,0,0,0,0.0,LOW
CUST002906,20,0,14.0,11.725000000894006,3.6649690599559124e-08,40,0,0,0,0.0,LOW
CUST002913,23,0,14.0,11.641304348645962,4.2580967716170766e-08,40,0,0,0,0.0,LOW
CUST002927,30,0,14.0,11.491710925807157,0.0026083416459402858,40,0,0,0,0.0,LOW
CUST002928,23,0,14.0,12.021743947240964,0.000276917020675827,40,0,0,0,0.0,LOW
CUST002930,25,0,14.0,11.690005191685712,0.0002742015519058761,40,0,0,0,0.0,LOW
CUST002932,24,0,14.0,11.812500001260764,7.321144337859824e-08,40,0,0,0,0.0,LOW
CUST002933,19,0,14.0,11.51315932862078,6.706603582398359e-05,40,0,0,0,0.0,LOW
CUST002934,19,0,14.0,11.328947368608487,8.869176499220425e-09,40,0,0,0,0.0,LOW
CUST002935,22,0,14.0,11.375000000022768,6.021544916831183e-10,40,0,0,0,0.0,LOW
CUST002936,17,0,14.0,11.941176470608438,7.054449970173411e-10,40,0,0,0,0.0,LOW
CUST002945,20,0,14.0,11.550003766900925,0.00018834378390514424,40,0,0,0,0.0,LOW
CUST002948,25,0,14.0,11.550017477540289,0.0010913034048973295,40,0,0,0,0.0,LOW
CUST002951,22,0,14.0,11.454554876723263,0.0002501603145244677,40,0,0,0,0.0,LOW
CUST002953,25,0,14.0,11.620000009936723,6.194912768947593e-07,40,0,0,0,0.0,LOW
CUST002959,29,0,14.0,11.94827600636707,1.0457937094808736e-05,40,0,0,0,0.0,LOW
CUST002963,24,0,14.0,11.666666666713908,2.8265596477856736e-09,40,0,0,0,0.0,LOW
CUST002967,29,0,14.0,11.767241777200596,2.0962550929190398e-05,40,0,0,0,0.0,LOW
CUST002970,18,0,14.0,11.569444444444688,1.0917931825394128e-11,40,0,0,0,0.0,LOW
CUST002973,24,0,14.0,11.30208353117433,1.1848825677376135e-05,40,0,0,0,0.0,LOW
CUST002975,24,0,14.0,11.520833354989248,1.2991748566538936e-06,40,0,0,0,0.0,LOW
CUST002982,23,0,14.0,11.184782608717999,1.2849146865155607e-09,40,0,0,0,0.0,LOW
CUST002991,25,0,14.0,11.830000306180615,1.3384620109578703e-05,40,0,0,0,0.0,LOW
CUST002996,22,0,14.0,11.53409094123029,1.086411486504596e-06,40,0,0,0,0.0,LOW
CUST003000,23,0,14.0,11.413043510928038,1.8765051842160698e-06,40,0,0,0,0.0,LOW
CUST003002,17,0,14.0,12.044118868460309,4.555413990054823e-05,40,0,0,0,0.0,LOW
CUST003004,26,0,14.0,11.711538565373079,3.5655182791415006e-06,40,0,0,0,0.0,LOW
CUST003007,30,0,14.0,11.725006185510724,0.0004574280147196778,40,0,0,0,0.0,LOW
CUST003008,31,0,14.0,11.798387099619237,1.252098628532129e-07,40,0,0,0,0.0,LOW
CUST003009,18,0,14.0,11.5694444468422,7.406706259158348e-08,40,0,0,0,0.0,LOW
CUST003011,27,0,14.0,11.731481722809493,1.6010171081821226e-05,40,0,0,0,0.0,LOW
CUST003012,28,0,14.0,11.75000156512083,0.00010046466640613013,40,0,0,0,0.0,LOW
CUST003015,32,0,14.0,11.81250013744274,7.62870794933993e-06,40,0,0,0,0.0,LOW
CUST003022,17,0,14.0,11.323529431314947,5.902169821815322e-07,40,0,0,0,0.0,LOW
CUST003025,25,0,14.0,12.110000254545403,1.5904867795168063e-05,40,0,0,0,0.0,LOW
CUST003026,30,0,14.0,11.841666669369014,1.5368752726162603e-07,40,0,0,0,0.0,LOW
CUST003027,26,0,14.0,11.509615590311768,7.903246763652686e-06,40,0,0,0,0.0,LOW
CUST003031,30,0,14.0,11.783333338599476,3.949606751257241e-07,40,0,0,0,0.0,LOW
CUST003034,20,0,14.0,11.72500001133185,2.864043654688306e-07,40,0,0,0,0.0,LOW
CUST003039,22,0,14.0,11.454545468310467,7.470175914977821e-07,40,0,0,0,0.0,LOW
CUST003040,27,0,14.0,11.537037037051167,8.679714856105382e-10,40,0,0,0,0.0,LOW
CUST003042,19,0,14.0,11.973684227051837,7.244487366348935e-07,40,0,0,0,0.0,LOW
CUST003046,32,0,14.0,11.75781281668507,2.36394553785151e-05,40,0,0,0,0.0,LOW
CUST003048,30,0,14.0,11.84166667497576,3.719965626975423e-07,40,0,0,0,0.0,LOW
CUST003065,28,0,14.0,11.437500000299693,1.5995577832634953e-08,40,0,0,0,0.0,LOW
CUST003070,23,0,14.0,11.260870063116121,2.861678610019227e-05,40,0,0,0,0.0,LOW
CUST003071,23,0,14.0,11.945652240875594,3.808715075059541e-06,40,0,0,0,0.0,LOW
CUST003074,29,0,14.0,11.7069032891371,0.0004850270184073408,40,0,0,0,0.0,LOW
CUST003075,27,0,14.0,11.731481488140096,1.686269733796714e-07,40,0,0,0,0.0,LOW
CUST003076,19,0,14.0,11.973684218758295,3.9101819382030464e-07,40,0,0,0,0.0,LOW
CUST003077,19,0,14.0,11.513157894777933,1.527360517210426e-09,40,0,0,0,0.0,LOW
CUST003079,30,0,14.0,11.608360677897,0.002050458081506156,40,0,0,0,0.0,LOW
CUST003084,17,0,14.0,11.632352941181505,2.1393017402691813e-10,40,0,0,0,0.0,LOW
CUST003090,30,0,14.0,11.608333429903622,7.151747352700893e-06,40,0,0,0,0.0,LOW
CUST003094,24,0,14.0,11.666666800395054,7.982092599977464e-06,40,0,0,0,0.0,LOW
CUST003098,24,0,14.0,11.812500414521068,2.4153609387914513e-05,40,0,0,0,0.0,LOW
CUST003099,22,0,14.0,11.534090955587054,2.032345039568712e-06,40,0,0,0,0.0,LOW
CUST003100,27,0,14.0,12.055556050535536,3.0545168059311225e-05,40,0,0,0,0.0,LOW
CUST003102,18,0,14.0,11.569444444629838,8.342666688731797e-09,40,0,0,0,0.0,LOW
CUST003106,22,0,14.0,11.772727275029318,1.2425259823399885e-07,40,0,0,0,0.0,LOW
CUST003107,24,0,14.0,11.885416709154383,1.634441869396611e-06,40,0,0,0,0.0,LOW
CUST003110,23,0,14.0,11.945652181076778,4.1140810595246786e-07,40,0,0,0,0.0,LOW
CUST003114,17,0,14.0,11.6323627367328,0.0003669462811073891,40,0,0,0,0.0,LOW
CUST003117,19,0,14.0,11.973684222654208,5.307969832995989e-07,40,0,0,0,0.0,LOW
CUST003121,26,0,14.0,11.509625758306841,0.00048187020963672185,40,0,0,0,0.0,LOW
CUST003125,27,0,14.0,11.537040899079612,0.00025827061010065566,40,0,0,0,0.0,LOW
CUST003127,26,0,14.0,11.50961538475603,8.849777496528803e-09,40,0,0,0,0.0,LOW
CUST003133,15,0,14.0,11.666666666754796,3.1691803494904585e-09,40,0,0,0,0.0,LOW
CUST003135,12,0,14.0,11.812500018212534,5.463760277568489e-07,40,0,0,0,0.0,LOW
CUST003136,16,0,14.0,11.593750000210253,4.77028527978026e-09,40,0,0,0,0.0,LOW
CUST003145,28,0,14.0,11.687500012903257,7.2299392279161e-07,40,0,0,0,0.0,LOW
CUST003150,22,0,14.0,11.454545459687095,1.5539373336029095e-07,40,0,0,0,0.0,LOW
CUST003152,20,0,14.0,11.462500657315456,3.274174825418053e-05,40,0,0,0,0.0,LOW
CUST003154,29,0,14.0,11.58620689700348,2.7231798158848026e-08,40,0,0,0,0.0,LOW
CUST003156,25,0,14.0,11.410001414199598,8.793586760072084e-05,40,0,0,0,0.0,LOW
CUST003159,23,0,14.0,11.793478273634099,6.408604195511684e-07,40,0,0,0,0.0,LOW
CUST003163,30,0,14.0,11.608333429959828,3.4406516121333083e-06,40,0,0,0,0.0,LOW
CUST003164,24,0,14.0,11.666666788676167,4.0573026111054865e-06,40,0,0,0,0.0,LOW
CUST003166,23,0,14.0,12.021739417863033,1.5683171478880864e-05,40,0,0,0,0.0,LOW
CUST003169,20,0,14.0,11.63750024740725,1.174615325643037e-05,40,0,0,0,0.0,LOW
CUST003171,29,0,14.0,12.068966271311975,4.3790278594400796e-05,40,0,0,0,0.0,LOW
CUST003173,16,0,14.0,11.26562531744754,1.2636619846871212e-05,40,0,0,0,0.0,LOW
CUST003178,16,0,14.0,11.703147855581442,0.0009142189437383096,40,0,0,0,0.0,LOW
CUST003180,23,0,14.0,11.79347826150521,3.556951682763292e-08,40,0,0,0,0.0,LOW
CUST003187,18,0,14.0,11.375000000026517,1.1912832573039987e-09,40,0,0,0,0.0,LOW
CUST003188,29,0,14.0,11.646551725873652,1.24985581563939e-07,40,0,0,0,0.0,LOW
CUST003189,23,0,14.0,11.260869586092296,1.2003070590953762e-06,40,0,0,0,0.0,LOW
CUST003190,16,0,14.0,12.031250009928979,3.9611264574796697e-07,40,0,0,0,0.0,LOW
CUST003192,17,0,14.0,11.529411768831318,1.6775535186892325e-07,40,0,0,0,0.0,LOW
CUST003194,32,0,14.0,11.7031255576272,3.954213225717453e-05,40,0,0,0,0.0,LOW
CUST003201,27,0,14.0,11.796297509693531,8.182766983674475e-05,40,0,0,0,0.0,LOW
CUST003204,20,0,14.0,12.075000002091695,1.0421225000896524e-07,40,0,0,0,0.0,LOW
CUST003208,25,0,14.0,11.620000000027298,9.274835948884608e-10,40,0,0,0,0.0,LOW
CUST003209,24,0,14.0,11.958333333333393,3.6038412903987964e-12,40,0,0,0,0.0,LOW
CUST003210,25,0,14.0,11.760002989240563,0.00018186793185318037,40,0,0,0,0.0,LOW
CUST003214,26,0,14.0,11.576974941259895,0.003358677980941319,40,0,0,0,0.0,LOW
CUST003215,18,0,14.0,11.763897915608567,0.0004061940574158248,40,0,0,0,0.0,LOW
CUST003217,27,0,14.0,11.60185190480447,2.0370158951982056e-06,40,0,0,0,0.0,LOW
CUST003219,20,0,14.0,11.98750000004161,2.060580704570861e-09,40,0,0,0,0.0,LOW
CUST003220,22,0,14.0,11.53409097569853,3.0533330696983885e-06,40,0,0,0,0.0,LOW
CUST003221,26,0,14.0,11.914963273923624,0.0976116103705,40,0,0,0,0.0,LOW
CUST003227,27,0,14.0,11.148148331314731,7.258799279521188e-06,40,0,0,0,0.0,LOW
CUST003234,26,0,14.0,11.509615388284239,1.3013766875174427e-07,40,0,0,0,0.0,LOW
CUST003235,25,0,14.0,11.690000062158672,3.8849170408736745e-06,40,0,0,0,0.0,LOW
CUST003239,29,0,14.0,11.70689655373997,1.4199428069330825e-07,40,0,0,0,0.0,LOW
CUST003242,33,0,14.0,11.61905303850884,0.44679270972705,40,0,0,0,0.0,LOW
CUST003245,23,0,14.0,11.413049226942372,0.00031294544184394,40,0,0,0,0.0,LOW
CUST003246,28,0,14.0,11.564125770202057,0.11379560003073,40,0,0,0,0.0,LOW
CUST003248,18,0,14.0,11.666666717589864,2.2154617353804084e-06,40,0,0,0,0.0,LOW
CUST003252,20,0,14.0,11.637501546019953,7.730099768428094e-05,40,0,0,0,0.0,LOW
CUST003253,21,0,14.0,11.916666666667126,2.409569615855495e-11,40,0,0,0,0.0,LOW
CUST003255,22,0,14.0,11.85227272727459,1.0249861284813703e-10,40,0,0,0,0.0,LOW
CUST003256,24,0,14.0,11.302083397845202,3.869700763826338e-06,40,0,0,0,0.0,LOW
CUST003259,24,0,14.0,12.031250532681277,3.041254327454267e-05,40,0,0,0,0.0,LOW
CUST003263,24,0,14.0,11.739583496971148,4.996080785825772e-06,40,0,0,0,0.0,LOW
CUST003265,23,0,14.0,11.945652315125681,7.795676024371928e-06,40,0,0,0,0.0,LOW
CUST003267,20,0,14.0,11.812500000092966,4.6482964061158424e-09,40,0,0,0,0.0,LOW
CUST003269,26,0,14.0,11.509689687193555,0.004829471185086002,40,0,0,0,0.0,LOW
CUST003272,23,0,14.0,11.565217393549771,1.2389341351166296e-07,40,0,0,0,0.0,LOW
CUST003277,21,0,14.0,11.583333334093792,3.973793691338277e-08,40,0,0,0,0.0,LOW
CUST003278,33,0,14.0,11.825757614473229,2.6346905555689373e-06,40,0,0,0,0.0,LOW
CUST003280,23,0,14.0,11.79347827620264,7.422926228324716e-07,40,0,0,0,0.0,LOW
CUST003282,21,0,14.0,11.750000081226498,4.0946569302156345e-06,40,0,0,0,0.0,LOW
CUST003286,16,0,14.0,11.70312502532815,1.0131259802562797e-06,40,0,0,0,0.0,LOW
CUST003287,29,0,14.0,11.405172433663763,1.4294181942765594e-06,40,0,0,0,0.0,LOW
CUST003289,32,0,14.0,11.539136407375116,0.005327274011159327,40,0,0,0,0.0,LOW
CUST003292,23,0,14.0,11.413045049768003,8.410225661942284e-05,40,0,0,0,0.0,LOW
CUST003299,28,0,14.0,11.812500014416955,1.0078308427355496e-06,40,0,0,0,0.0,LOW
CUST003302,20,0,14.0,11.462500351527705,1.756552499560126e-05,40,0,0,0,0.0,LOW
CUST003303,21,0,14.0,11.833333333468158,7.078254044661201e-09,40,0,0,0,0.0,LOW
CUST003306,26,0,14.0,11.576923077294653,1.3737981290922878e-08,40,0,0,0,0.0,LOW
CUST003307,24,0,14.0,11.812500051203289,2.8636603819727783e-06,40,0,0,0,0.0,LOW
CUST003310,25,0,14.0,11.480000074272734,4.436367912215758e-06,40,0,0,0,0.0,LOW
CUST003312,24,0,14.0,11.229166834658422,1.0067013482049e-05,40,0,0,0,0.0,LOW
CUST003314,23,0,14.0,11.48913043478292,1.793452151904185e-11,40,0,0,0,0.0,LOW
CUST003316,31,0,14.0,11.629032265275443,4.860009053012643e-07,40,0,0,0,0.0,LOW
CUST003321,32,0,14.0,11.757813156061149,5.167014605517283e-05,40,0,0,0,0.0,LOW
CUST003324,22,0,14.0,11.772727273349448,3.367019618383177e-08,40,0,0,0,0.0,LOW
CUST003328,28,0,14.0,11.625000004691916,3.2505706442366647e-07,40,0,0,0,0.0,LOW
CUST003329,23,0,14.0,12.021739130434783,0.0,40,0,0,0,0.0,LOW
CUST003330,24,0,14.0,11.885416672389828,2.119907468325281e-07,40,0,0,0,0.0,LOW
CUST003331,28,0,14.0,11.687500155014694,9.492100415486827e-06,40,0,0,0,0.0,LOW
CUST003332,24,0,14.0,11.520833338578987,2.9658732959886154e-07,40,0,0,0,0.0,LOW
CUST003339,19,0,14.0,11.973684220415304,3.63715839243415e-07,40,0,0,0,0.0,LOW
CUST003340,25,0,14.0,11.550000000012409,7.754886921308938e-10,40,0,0,0,0.0,LOW
CUST003341,27,0,14.0,11.925926037005457,4.156354687022404e-06,40,0,0,0,0.0,LOW
CUST003343,22,0,14.0,11.534090909102737,6.404520205156315e-10,40,0,0,0,0.0,LOW
CUST003351,26,0,14.0,11.980769230840101,4.577899874476758e-09,40,0,0,0,0.0,LOW
CUST003352,25,0,14.0,11.480000077817094,4.113750491464226e-06,40,0,0,0,0.0,LOW
CUST003360,37,0,14.0,11.682433831011902,9.379583765757822e-05,40,0,0,0,0.0,LOW
CUST003361,27,0,14.0,11.990743164990974,0.0001368431949898838,40,0,0,0,0.0,LOW
CUST003363,19,0,14.0,11.421052632429825,2.9045099897361747e-08,40,0,0,0,0.0,LOW
CUST003365,17,0,14.0,12.044119603643296,8.315449297423668e-05,40,0,0,0,0.0,LOW
CUST003368,16,0,14.0,11.375000008514604,2.662100230097597e-07,40,0,0,0,0.0,LOW
CUST003369,36,0,14.0,11.666666698150287,2.5261556640051116e-06,40,0,0,0,0.0,LOW
CUST003372,26,0,14.0,11.442307751662392,2.2606677948586742e-06,40,0,0,0,0.0,LOW
CUST003380,29,0,14.0,11.586206912468617,8.84019357159865e-07,40,0,0,0,0.0,LOW
CUST003383,20,0,14.0,11.550000006649286,3.2862561862969206e-07,40,0,0,0,0.0,LOW
CUST003386,19,0,14.0,11.973684232654179,7.230682798890008e-07,40,0,0,0,0.0,LOW
CUST003392,20,0,14.0,11.550000003489108,1.7445156261808103e-07,40,0,0,0,0.0,LOW
CUST003394,23,0,14.0,11.717392297480721,4.7261265511434e-05,40,0,0,0,0.0,LOW
CUST003395,23,0,14.0,11.565218477106056,5.8999702529193e-05,40,0,0,0,0.0,LOW
CUST003397,23,0,14.0,11.489130521107194,4.835507016383159e-06,40,0,0,0,0.0,LOW
CUST003401,11,0,14.0,11.613636364327144,1.899031978065796e-08,40,0,0,0,0.0,LOW
CUST003404,19,0,14.0,11.697368421065248,3.697984768414373e-10,40,0,0,0,0.0,LOW
CUST003406,23,0,14.0,11.717391889964265,2.47860938550304e-05,40,0,0,0,0.0,LOW
CUST003408,19,0,14.0,12.157894765675048,1.3486197777768535e-06,40,0,0,0,0.0,LOW
CUST003409,27,0,14.0,11.601851903986361,2.797370608054186e-06,40,0,0,0,0.0,LOW
CUST003411,20,0,14.0,11.812500024579421,1.1144220204870593e-06,40,0,0,0,0.0,LOW
CUST003420,21,0,14.0,11.33333333335638,1.2058636225373614e-09,40,0,0,0,0.0,LOW
CUST003424,20,0,14.0,11.200000184469449,9.223466953786352e-06,40,0,0,0,0.0,LOW
CUST003426,20,0,14.0,11.987500003579076,1.7393463528483206e-07,40,0,0,0,0.0,LOW
CUST003429,22,0,14.0,11.772727278634028,3.237951739453085e-07,40,0,0,0,0.0,LOW
CUST003431,21,0,14.0,11.750000035748593,1.8690659391283279e-06,40,0,0,0,0.0,LOW
CUST003433,22,0,14.0,11.375000031380857,1.659180910848159e-06,40,0,0,0,0.0,LOW
CUST003440,26,0,14.0,11.509645118179266,0.0017333773779727342,40,0,0,0,0.0,LOW
CUST003442,23,0,14.0,11.413045310151556,0.00010473889563923862,40,0,0,0,0.0,LOW
CUST003446,25,0,14.0,11.76000038659459,2.4137095460984694e-05,40,0,0,0,0.0,LOW
CUST003450,22,0,14.0,11.613647075801525,0.0004446360300958841,40,0,0,0,0.0,LOW
CUST003451,24,0,14.0,11.59375005580314,1.5172962482359542e-06,40,0,0,0,0.0,LOW
CUST003454,30,0,14.0,11.783333333791626,3.0464601723774106e-08,40,0,0,0,0.0,LOW
CUST003457,33,0,14.0,11.613645898288894,0.00041025454608237044,40,0,0,0,0.0,LOW
CUST003458,21,0,14.0,11.916666676371685,3.1152457498717015e-07,40,0,0,0,0.0,LOW
CUST003460,29,0,14.0,12.189655173220348,3.516914416978152e-08,40,0,0,0,0.0,LOW
CUST003464,22,0,14.0,11.613636539345656,9.35069777708307e-06,40,0,0,0,0.0,LOW
CUST003466,28,0,14.0,11.687500011524165,5.848800944747617e-07,40,0,0,0,0.0,LOW
CUST003467,26,0,14.0,11.644231035452956,1.7113735465420194e-05,40,0,0,0,0.0,LOW
CUST003469,19,0,14.0,11.69736842105372,3.47464406374639e-11,40,0,0,0,0.0,LOW
CUST003471,22,0,14.0,11.613640395479589,0.0001773912808230022,40,0,0,0,0.0,LOW
CUST003472,18,0,14.0,11.66666667342773,2.958484006716499e-07,40,0,0,0,0.0,LOW
CUST003476,26,0,14.0,11.509645913024961,0.0019375332775314338,40,0,0,0,0.0,LOW
CUST003480,23,0,14.0,11.869565294601292,4.439309887111021e-06,40,0,0,0,0.0,LOW
CUST003487,21,0,14.0,12.500000022037998,1.156994877521093e-06,40,0,0,0,0.0,LOW
CUST003489,25,0,14.0,11.550000111444248,6.932139618445027e-06,40,0,0,0,0.0,LOW
CUST003492,18,0,14.0,11.56944444528321,2.6061517460808658e-08,40,0,0,0,0.0,LOW
CUST003493,28,0,14.0,11.187500112638043,4.314487063639097e-06,40,0,0,0,0.0,LOW
CUST003496,22,0,14.0,11.454785518915092,0.01320354033008,40,0,0,0,0.0,LOW
CUST003497,24,0,14.0,11.739584806263522,8.191366555505967e-05,40,0,0,0,0.0,LOW
CUST003499,28,0,14.0,11.562510945949795,0.0007646249511900877,40,0,0,0,0.0,LOW
CUST003503,23,0,14.0,11.565217403948113,7.270164727974165e-07,40,0,0,0,0.0,LOW
CUST003511,20,0,14.0,11.725000236917708,1.1845885435408578e-05,40,0,0,0,0.0,LOW
CUST003515,24,0,14.0,11.666666666685524,1.1314431854996012e-09,40,0,0,0,0.0,LOW
CUST003519,28,0,14.0,11.375000008549714,3.50496947362234e-07,40,0,0,0,0.0,LOW
CUST003521,22,0,14.0,11.534092340491366,5.393761397059384e-05,40,0,0,0,0.0,LOW
CUST003525,28,0,14.0,11.875000639828817,4.2514637440249246e-05,40,0,0,0,0.0,LOW
CUST003528,22,0,14.0,11.454545470982966,7.341862014151183e-07,40,0,0,0,0.0,LOW
CUST003529,30,0,14.0,11.725000152006197,9.458396490249761e-06,40,0,0,0,0.0,LOW
CUST003530,25,0,14.0,11.55000003030211,1.8893451410035906e-06,40,0,0,0,0.0,LOW
CUST003533,22,0,14.0,11.852273260149026,2.8640226842167368e-05,40,0,0,0,0.0,LOW
CUST003537,17,0,14.0,11.941176571639627,4.272366567408668e-06,40,0,0,0,0.0,LOW
CUST003538,21,0,14.0,11.750000002793398,1.388168454652835e-07,40,0,0,0,0.0,LOW
CUST003541,28,0,14.0,11.562500169470516,1.1834458164036057e-05,40,0,0,0,0.0,LOW
CUST003542,27,0,14.0,11.666666687209771,1.3356577657963937e-06,40,0,0,0,0.0,LOW
CUST003543,24,0,14.0,11.229171148243786,0.000268873611620851,40,0,0,0,0.0,LOW
CUST003545,25,0,14.0,11.830010187786723,0.0005960449612635479,40,0,0,0,0.0,LOW
CUST003549,23,0,14.0,11.260869569719933,2.038052479749772e-07,40,0,0,0,0.0,LOW
CUST003551,25,0,14.0,11.340007364784988,0.0004602879681991477,40,0,0,0,0.0,LOW
CUST003553,21,0,14.0,11.750000000718805,2.6695704389168164e-08,40,0,0,0,0.0,LOW
CUST003554,29,0,14.0,11.525862069281457,1.962205216984708e-08,40,0,0,0,0.0,LOW
CUST003559,19,0,14.0,11.513158181727347,1.3616039056168574e-05,40,0,0,0,0.0,LOW
CUST003563,27,0,14.0,11.601852096281574,1.649548997102477e-05,40,0,0,0,0.0,LOW
CUST003567,27,0,14.0,11.60185202115829,1.1418858024936611e-05,40,0,0,0,0.0,LOW
CUST003570,22,0,14.0,11.772727272727273,1.6622130034359702e-14,40,0,0,0,0.0,LOW
CUST003572,23,0,14.0,11.869565327701668,4.526571172065702e-06,40,0,0,0,0.0,LOW
CUST003578,20,0,14.0,11.81250000564123,2.4646450242694926e-07,40,0,0,0,0.0,LOW
CUST003581,11,0,14.0,11.772727273551453,2.035600954707154e-08,40,0,0,0,0.0,LOW
CUST003587,35,0,14.0,11.600000183489385,1.523458956661676e-05,40,0,0,0,0.0,LOW
CUST003590,23,0,14.0,11.413043633504614,7.987808953080219e-06,40,0,0,0,0.0,LOW
CUST003593,18,0,14.0,11.569444445786665,6.032652692118751e-08,40,0,0,0,0.0,LOW
CUST003594,22,0,14.0,12.170454551428474,3.281851475511056e-07,40,0,0,0,0.0,LOW
CUST003598,16,0,14.0,12.031250007124994,2.849997723378935e-07,40,0,0,0,0.0,LOW
CUST003601,31,0,14.0,11.629032411219368,8.585752475308815e-06,40,0,0,0,0.0,LOW
CUST003602,31,0,14.0,12.137101600738799,0.0003738543892956411,40,0,0,0,0.0,LOW
CUST003606,22,0,14.0,11.613636363642156,1.7791166793185538e-10,40,0,0,0,0.0,LOW
CUST003612,23,0,14.0,11.413043513407647,1.7535983831771567e-06,40,0,0,0,0.0,LOW
CUST003613,35,0,14.0,11.850000267052465,2.219717983329487e-05,40,0,0,0,0.0,LOW
CUST003615,27,0,14.0,11.796296364708155,4.5714470923446985e-06,40,0,0,0,0.0,LOW
CUST003620,33,0,14.0,11.560606488270174,3.482645286837575e-05,40,0,0,0,0.0,LOW
CUST003621,23,0,14.0,11.793478262317445,7.160794006431805e-08,40,0,0,0,0.0,LOW
CUST003622,27,0,14.0,11.666667154751659,3.2363507566546344e-05,40,0,0,0,0.0,LOW
CUST003623,24,0,14.0,11.447930031017547,0.000637420330349386,40,0,0,0,0.0,LOW
CUST003624,24,0,14.0,11.520834029087807,3.251675534458385e-05,40,0,0,0,0.0,LOW
CUST003625,24,0,14.0,11.739583335036038,1.021622303842265e-07,40,0,0,0,0.0,LOW
CUST003627,20,0,14.0,11.637500014788701,6.008134698897346e-07,40,0,0,0,0.0,LOW
CUST003629,31,0,14.0,11.685483959155409,4.253252638362172e-06,40,0,0,0,0.0,LOW
CUST003632,16,0,14.0,11.921875007299045,2.90947034523237e-07,40,0,0,0,0.0,LOW
CUST003633,21,0,14.0,11.750000001932303,1.008765361459245e-07,40,0,0,0,0.0,LOW
CUST003638,20,0,14.0,11.900000021406322,7.261660340570184e-07,40,0,0,0,0.0,LOW
CUST003643,25,0,14.0,11.97000117577287,7.347302637674517e-05,40,0,0,0,0.0,LOW
CUST003651,22,0,14.0,11.215909091156506,7.4431611846576866e-09,40,0,0,0,0.0,LOW
CUST003654,31,0,14.0,11.403225907464973,6.318673734475211e-06,40,0,0,0,0.0,LOW
CUST003656,24,0,14.0,11.666666667610365,5.50222419834963e-08,40,0,0,0,0.0,LOW
CUST003669,24,0,14.0,11.59375000046627,2.7976214034842853e-08,40,0,0,0,0.0,LOW
CUST003670,24,0,14.0,11.666666697566212,1.6423819277594647e-06,40,0,0,0,0.0,LOW
CUST003673,28,0,14.0,11.625000000193905,1.2620235122084753e-08,40,0,0,0,0.0,LOW
CUST003675,27,0,14.0,11.277789786455585,0.0005812838759764558,40,0,0,0,0.0,LOW
CUST003676,20,0,14.0,11.725000003195913,1.1036741348204932e-07,40,0,0,0,0.0,LOW
CUST003678,24,0,14.0,11.593750080320945,4.818662868575055e-06,40,0,0,0,0.0,LOW
CUST003681,16,0,14.0,11.593752261444209,9.042640767929252e-05,40,0,0,0,0.0,LOW
CUST003682,17,0,14.0,11.838235294158546,1.0264239344631039e-09,40,0,0,0,0.0,LOW
CUST003683,18,0,14.0,11.763888890146331,5.135239103262561e-08,40,0,0,0,0.0,LOW
CUST003685,23,0,14.0,11.86956521746404,2.0995960096710806e-09,40,0,0,0,0.0,LOW
CUST003687,35,0,14.0,11.650004395620188,0.0003808079308719513,40,0,0,0,0.0,LOW
CUST003694,14,0,14.0,11.750005001317422,0.00017504610981237956,40,0,0,0,0.0,LOW
CUST003696,23,0,14.0,11.565217403731804,6.185248479639986e-07,40,0,0,0,0.0,LOW
CUST003697,15,0,14.0,11.90000000018056,6.608129918502159e-09,40,0,0,0,0.0,LOW
CUST003699,28,0,14.0,11.25000337739931,0.00012757569313756075,40,0,0,0,0.0,LOW
CUST003704,21,0,14.0,11.500000004454932,2.267108743556754e-07,40,0,0,0,0.0,LOW
CUST003707,16,0,14.0,11.48437503491372,7.46790678373605e-07,40,0,0,0,0.0,LOW
CUST003712,33,0,14.0,11.295455309363048,5.522371136161647e-05,40,0,0,0,0.0,LOW
CUST003713,23,0,14.0,11.489130483437734,2.791607625066758e-06,40,0,0,0,0.0,LOW
CUST003720,26,0,14.0,11.509615742514823,2.0355029725586773e-05,40,0,0,0,0.0,LOW
CUST003722,26,0,14.0,11.509615384803574,1.2232301244119015e-08,40,0,0,0,0.0,LOW
CUST003724,25,0,14.0,11.830000001806953,9.249827924797865e-08,40,0,0,0,0.0,LOW
CUST003725,24,0,14.0,12.03125013913568,8.342532061214637e-06,40,0,0,0,0.0,LOW
CUST003729,22,0,14.0,11.454545454595037,9.921007479098192e-10,40,0,0,0,0.0,LOW
CUST003731,28,0,14.0,11.75000662112114,0.00035272083415161676,40,0,0,0,0.0,LOW
CUST003736,25,0,14.0,11.690000000094043,3.1232596931645166e-09,40,0,0,0,0.0,LOW
CUST003737,31,0,14.0,11.29032259062546,2.647624035948567e-07,40,0,0,0,0.0,LOW
CUST003742,35,0,14.0,11.50010297338695,0.008762835143619866,40,0,0,0,0.0,LOW
CUST003746,28,0,14.0,11.56250960489923,0.00045952139432055115,40,0,0,0,0.0,LOW
CUST003750,21,0,14.0,11.750003418158121,0.0001731418182453702,40,0,0,0,0.0,LOW
CUST003751,22,0,14.0,12.170454545707775,1.085452918972582e-08,40,0,0,0,0.0,LOW
CUST003752,25,0,14.0,11.69000015815928,9.711070003023125e-06,40,0,0,0,0.0,LOW
CUST003754,24,0,14.0,11.812501809417986,0.00010856499276364654,40,0,0,0,0.0,LOW
CUST003756,27,0,14.0,11.66666734663772,4.2392226719396095e-05,40,0,0,0,0.0,LOW
CUST003758,23,0,14.0,11.641305014919446,3.831733992437882e-05,40,0,0,0,0.0,LOW
CUST003759,23,0,14.0,11.489131018202828,3.353930950759759e-05,40,0,0,0,0.0,LOW
CUST003760,23,0,14.0,11.79347830688155,1.5866506226111813e-06,40,0,0,0,0.0,LOW
CUST003763,21,0,14.0,11.583333338374942,2.585403349183731e-07,40,0,0,0,0.0,LOW
CUST003765,29,0,14.0,11.827586240554972,2.42351445455295e-06,40,0,0,0,0.0,LOW
CUST003767,28,0,14.0,11.750000137597052,8.278195946825183e-06,40,0,0,0,0.0,LOW
CUST003768,18,0,14.0,11.666666892865948,8.793492957555086e-06,40,0,0,0,0.0,LOW
CUST003770,26,0,14.0,11.71155018081795,0.0007617355500949445,40,0,0,0,0.0,LOW
CUST003771,20,0,14.0,11.637500000013986,5.254533489899273e-10,40,0,0,0,0.0,LOW
CUST003773,12,0,14.0,11.520834290662203,2.0162098574795337e-05,40,0,0,0,0.0,LOW
CUST003776,21,0,14.0,11.666666678197977,6.053938024636427e-07,40,0,0,0,0.0,LOW
CUST003777,22,0,14.0,11.693183230681626,7.768711678760566e-05,40,0,0,0,0.0,LOW
CUST003788,30,0,14.0,11.666675722321335,0.0006791440132360255,40,0,0,0,0.0,LOW
CUST003789,24,0,14.0,11.302084493778159,3.850838127492353e-05,40,0,0,0,0.0,LOW
CUST003794,29,0,14.0,11.646621508241202,0.004699532534877355,40,0,0,0,0.0,LOW
CUST003796,17,0,14.0,11.323529411902529,5.1325482269590225e-09,40,0,0,0,0.0,LOW
CUST003798,21,0,14.0,11.583333840032385,1.2973623707779752e-05,40,0,0,0,0.0,LOW
CUST003805,34,0,14.0,11.941176509601542,3.309797410819451e-06,40,0,0,0,0.0,LOW
CUST003806,21,0,14.0,11.75000055389763,2.4372868781775104e-05,40,0,0,0,0.0,LOW
CUST003810,28,0,14.0,11.375000000008939,6.209044071558521e-10,40,0,0,0,0.0,LOW
CUST003811,28,0,14.0,11.562500014296704,6.068325031584624e-07,40,0,0,0,0.0,LOW
CUST003812,32,0,14.0,11.648437837449485,2.3057449932077418e-05,40,0,0,0,0.0,LOW
CUST003815,19,0,14.0,11.421053049169771,1.825571836048199e-05,40,0,0,0,0.0,LOW
CUST003817,20,0,14.0,11.725071318821385,0.0035562874853297616,40,0,0,0,0.0,LOW
CUST003819,23,0,14.0,11.565218113420354,4.136403384455514e-05,40,0,0,0,0.0,LOW
CUST003821,20,0,14.0,11.812500210865357,1.0440273222838544e-05,40,0,0,0,0.0,LOW
CUST003823,23,0,14.0,11.641304622897291,1.5756059752725625e-05,40,0,0,0,0.0,LOW
CUST003825,26,0,14.0,11.644230820403866,3.324035742140369e-06,40,0,0,0,0.0,LOW
CUST003826,25,0,14.0,11.830000308921806,1.294251261792896e-05,40,0,0,0,0.0,LOW
CUST003830,21,0,14.0,11.750000002468372,1.139177298251697e-07,40,0,0,0,0.0,LOW
CUST003833,22,0,14.0,11.613636374786232,6.121110904371679e-07,40,0,0,0,0.0,LOW
CUST003841,26,0,14.0,11.913463352747982,0.0001160025028631439,40,0,0,0,0.0,LOW
CUST003846,27,0,14.0,11.66666666671387,2.274913364201568e-09,40,0,0,0,0.0,LOW
CUST003849,25,0,14.0,11.83000079569192,4.959321605041944e-05,40,0,0,0,0.0,LOW
CUST003850,21,0,14.0,11.16667277480029,0.0002123119435448655,40,0,0,0,0.0,LOW
CUST003851,33,0,14.0,11.613640400214035,0.0003270577671792657,40,0,0,0,0.0,LOW
CUST003852,21,0,14.0,12.083333385427,2.364982172301999e-06,40,0,0,0,0.0,LOW
CUST003853,17,0,14.0,11.838235311312195,6.0985202252934e-07,40,0,0,0,0.0,LOW
CUST003858,27,0,14.0,11.86111114899744,1.2358809521699265e-06,40,0,0,0,0.0,LOW
CUST003865,25,0,14.0,12.18000000467296,2.827947946484855e-07,40,0,0,0,0.0,LOW
CUST003870,32,0,14.0,11.921875017136347,1.3554165100893223e-06,40,0,0,0,0.0,LOW
CUST003872,30,0,14.0,12.191666685606686,1.2784344615468668e-06,40,0,0,0,0.0,LOW
CUST003873,20,0,14.0,12.162500014729357,7.324652726391428e-07,40,0,0,0,0.0,LOW
CUST003878,19,0,14.0,11.881578947368421,0.0,40,0,0,0,0.0,LOW
CUST003884,20,0,14.0,11.637500045181124,2.1696480902032702e-06,40,0,0,0,0.0,LOW
CUST003887,35,0,14.0,11.650015021244265,0.0013141799770493732,40,0,0,0,0.0,LOW
CUST003895,20,0,14.0,11.462500000014895,7.447978975596559e-10,40,0,0,0,0.0,LOW
CUST003908,19,0,14.0,12.06578947368421,0.0,40,0,0,0,0.0,LOW
CUST003909,26,0,14.0,11.7788462174308,2.5918257617127444e-06,40,0,0,0,0.0,LOW
CUST003913,17,0,14.0,11.941176843326685,1.5513812242042246e-05,40,0,0,0,0.0,LOW
CUST003918,22,0,14.0,11.454547099119422,9.021459166070784e-05,40,0,0,0,0.0,LOW
CUST003922,25,0,14.0,11.830031602825814,0.00197516993876426,40,0,0,0,0.0,LOW
CUST003924,16,0,14.0,11.812500000121801,4.185356679919527e-09,40,0,0,0,0.0,LOW
CUST003925,21,0,14.0,11.750000006742566,3.539818731121713e-07,40,0,0,0,0.0,LOW
CUST003930,26,0,14.0,11.778847628825984,6.254988105239628e-05,40,0,0,0,0.0,LOW
CUST003932,21,0,14.0,11.750029431207608,0.001544855490608705,40,0,0,0,0.0,LOW
CUST003933,29,0,14.0,11.344827922873929,2.4086477409390696e-05,40,0,0,0,0.0,LOW
CUST003934,20,0,14.0,11.812500310200063,1.551000318563068e-05,40,0,0,0,0.0,LOW
CUST003935,31,0,14.0,11.798387123850853,1.9636028643392934e-06,40,0,0,0,0.0,LOW
CUST003939,23,0,14.0,11.336956524441797,8.56118784907257e-08,40,0,0,0,0.0,LOW
CUST003940,24,0,14.0,11.66668558515,0.0011216676592420648,40,0,0,0,0.0,LOW
CUST003942,24,0,14.0,11.37500125330029,7.48332911327613e-05,40,0,0,0,0.0,LOW
CUST003943,20,0,14.0,11.112500000523342,2.388481279872633e-08,40,0,0,0,0.0,LOW
CUST003944,19,0,14.0,11.513157928968859,1.5201536213694517e-06,40,0,0,0,0.0,LOW
CUST003945,26,0,14.0,11.442317238061877,0.0006074291468087292,40,0,0,0,0.0,LOW
CUST003947,20,0,14.0,11.375000022695014,1.1316732030261202e-06,40,0,0,0,0.0,LOW
CUST003950,19,0,14.0,11.789486249594264,0.0005963131105418016,40,0,0,0,0.0,LOW
CUST003952,22,0,14.0,11.613638103527817,9.547650948942311e-05,40,0,0,0,0.0,LOW
CUST003957,28,0,14.0,11.50000074967961,5.150461693383178e-05,40,0,0,0,0.0,LOW
CUST003959,18,0,14.0,11.569444444444445,0.0,40,0,0,0,0.0,LOW
CUST003964,22,0,14.0,11.45454563197801,9.716192413809505e-06,40,0,0,0,0.0,LOW
CUST003968,30,0,14.0,11.783333337975428,3.214804292918405e-07,40,0,0,0,0.0,LOW
CUST003977,21,0,14.0,11.083333341191462,3.228385147192202e-07,40,0,0,0,0.0,LOW
CUST003979,19,0,14.0,11.513157894736842,0.0,40,0,0,0,0.0,LOW
CUST003986,22,0,14.0,11.772727285746576,7.116094812603666e-07,40,0,0,0,0.0,LOW
CUST003987,23,0,14.0,11.64130438342073,1.9655729838674653e-06,40,0,0,0,0.0,LOW
CUST003992,22,0,14.0,11.77272729579342,1.2686375280383043e-06,40,0,0,0,0.0,LOW
CUST003996,23,0,14.0,12.02173918462572,3.0982637053499063e-06,40,0,0,0,0.0,LOW
CUST004004,21,0,14.0,11.500000004007356,2.0736870208898702e-07,40,0,0,0,0.0,LOW
CUST004009,25,0,14.0,11.830000109303315,5.7625630721386444e-06,40,0,0,0,0.0,LOW
CUST004013,23,0,14.0,11.565218120389401,1.7051675962785918e-05,40,0,0,0,0.0,LOW
CUST004016,28,0,14.0,11.250000843009918,2.927342687487456e-05,40,0,0,0,0.0,LOW
CUST004018,20,0,14.0,11.725005327825812,0.0002663723488044236,40,0,0,0,0.0,LOW
CUST004021,15,0,14.0,11.433333451551524,2.8756191314735076e-06,40,0,0,0,0.0,LOW
CUST004022,31,0,14.0,11.798511899327334,0.007813354513035463,40,0,0,0,0.0,LOW
CUST004023,24,0,14.0,11.958333558115806,1.3420173477300865e-05,40,0,0,0,0.0,LOW
CUST004027,26,0,14.0,11.846153848205041,1.3072400879917884e-07,40,0,0,0,0.0,LOW
CUST004028,29,0,14.0,11.706896830738103,1.883613794474626e-05,40,0,0,0,0.0,LOW
CUST004029,23,0,14.0,11.48913066505261,1.3217323671790752e-05,40,0,0,0,0.0,LOW
CUST004031,14,0,14.0,11.875000091979702,2.1026985950770862e-06,40,0,0,0,0.0,LOW
CUST004036,18,0,14.0,11.763889284935072,1.492833638539289e-05,40,0,0,0,0.0,LOW
CUST004038,29,0,14.0,11.344828148833848,3.8158430421683114e-05,40,0,0,0,0.0,LOW
CUST004040,25,0,14.0,11.760007218806317,0.0004464990839263782,40,0,0,0,0.0,LOW
CUST004042,23,0,14.0,11.7173913353863,1.4263512378917125e-06,40,0,0,0,0.0,LOW
CUST004047,21,0,14.0,11.750000158801006,8.305160312466873e-06,40,0,0,0,0.0,LOW
CUST004048,28,0,14.0,11.562500002784075,1.1261713404409461e-07,40,0,0,0,0.0,LOW
CUST004049,28,0,14.0,11.437500095249815,2.795032777728411e-06,40,0,0,0,0.0,LOW
CUST004051,29,0,14.0,11.948275862152913,4.907008861088984e-09,40,0,0,0,0.0,LOW
CUST004056,22,0,14.0,11.454545465392824,5.879175547460687e-07,40,0,0,0,0.0,LOW
CUST004057,20,0,14.0,11.987501244315077,6.205764470834835e-05,40,0,0,0,0.0,LOW
CUST004058,21,0,14.0,11.666666677277838,4.5940728910814003e-07,40,0,0,0,0.0,LOW
CUST004059,22,0,14.0,11.772727368726446,5.2017999698072725e-06,40,0,0,0,0.0,LOW
CUST004061,32,0,14.0,11.375003040840673,9.268478023977396e-05,40,0,0,0,0.0,LOW
CUST004062,22,0,14.0,11.852272911383249,1.0002178440977957e-05,40,0,0,0,0.0,LOW
CUST004067,13,0,14.0,11.711553517607403,0.0004886780960719692,40,0,0,0,0.0,LOW
CUST004071,28,0,14.0,11.437500200998041,1.0940256638467624e-05,40,0,0,0,0.0,LOW
CUST004078,28,0,14.0,11.625000001319439,9.21375275326804e-08,40,0,0,0,0.0,LOW
CUST004084,22,0,14.0,12.011374592355507,0.0005787070291600678,40,0,0,0,0.0,LOW
CUST004085,30,0,14.0,11.90000000023333,1.749984815604174e-08,40,0,0,0,0.0,LOW
CUST004088,31,0,14.0,11.854838858082713,1.146307492793712e-05,40,0,0,0,0.0,LOW
CUST004095,27,0,14.0,11.601854753040739,0.00019447514808442243,40,0,0,0,0.0,LOW
CUST004096,21,0,14.0,11.666666666671821,2.706338366116864e-10,40,0,0,0,0.0,LOW
CUST004098,25,0,14.0,11.410246185251896,0.01537580887218,40,0,0,0,0.0,LOW
CUST004101,26,0,14.0,11.778846156580032,1.777020186750643e-07,40,0,0,0,0.0,LOW
CUST004102,31,0,14.0,11.7419355495207,5.0878279963987985e-06,40,0,0,0,0.0,LOW
CUST004104,23,0,14.0,11.641305083216283,4.116885445792642e-05,40,0,0,0,0.0,LOW
CUST004107,25,0,14.0,11.550000082196568,3.3369664498648686e-06,40,0,0,0,0.0,LOW
CUST004111,18,0,14.0,11.666666666816047,4.9575474580821205e-09,40,0,0,0,0.0,LOW
CUST004114,28,0,14.0,11.687500008740022,3.0543467122221783e-07,40,0,0,0,0.0,LOW
CUST004115,19,0,14.0,11.881578948576967,5.6244662999943964e-08,40,0,0,0,0.0,LOW
CUST004116,25,0,14.0,11.55000002533141,1.5224325840372833e-06,40,0,0,0,0.0,LOW
CUST004117,29,0,14.0,11.767241742652255,1.9439521452497367e-05,40,0,0,0,0.0,LOW
CUST004121,26,0,14.0,11.98076923159209,4.862996884061723e-08,40,0,0,0,0.0,LOW
CUST004123,25,0,14.0,11.900000109456943,6.84105895022283e-06,40,0,0,0,0.0,LOW
CUST004129,17,0,14.0,12.147058823529411,0.0,40,0,0,0,0.0,LOW
CUST004130,23,0,14.0,11.48913043478534,1.569941872159237e-10,40,0,0,0,0.0,LOW
CUST004131,33,0,14.0,11.878787899133982,1.5157984543124743e-06,40,0,0,0,0.0,LOW
CUST004140,30,0,14.0,11.491684260815871,0.0013139101776577225,40,0,0,0,0.0,LOW
CUST004146,32,0,14.0,11.70323407637597,0.007448112359397216,40,0,0,0,0.0,LOW
CUST004149,18,0,14.0,11.47222222375426,6.804580337221564e-08,40,0,0,0,0.0,LOW
CUST004150,21,0,14.0,11.833333364456237,1.5690471285108466e-06,40,0,0,0,0.0,LOW
CUST004163,24,0,14.0,11.447919178768382,0.0001490370878530574,40,0,0,0,0.0,LOW
CUST004164,30,0,14.0,11.433337442400234,0.00030556738099129724,40,0,0,0,0.0,LOW
CUST004177,28,0,14.0,11.93753399093099,0.002378870062865963,40,0,0,0,0.0,LOW
CUST004178,19,0,14.0,11.789473739856307,2.0994238401867143e-06,40,0,0,0,0.0,LOW
CUST004182,21,0,14.0,11.666666672525384,2.4153271972846716e-07,40,0,0,0,0.0,LOW
CUST004183,16,0,14.0,11.812500001494115,4.07062758372291e-08,40,0,0,0,0.0,LOW
CUST004186,25,0,14.0,11.480011779712276,0.0006940238845476785,40,0,0,0,0.0,LOW
CUST004187,34,0,14.0,11.786764763734746,4.7653415998951535e-06,40,0,0,0,0.0,LOW
CUST004190,30,0,14.0,11.78333686865919,0.00020456388082606982,40,0,0,0,0.0,LOW
CUST004197,19,0,14.0,11.513157898965394,2.0083040090417511e-07,40,0,0,0,0.0,LOW
CUST004198,24,0,14.0,11.739583338699141,3.1079180263984685e-07,40,0,0,0,0.0,LOW
CUST004200,29,0,14.0,11.5258620723909,1.1964378554207136e-07,40,0,0,0,0.0,LOW
CUST004204,31,0,14.0,12.080645636748509,3.2606668789234394e-05,40,0,0,0,0.0,LOW
CUST004206,18,0,14.0,11.472227789309223,0.00025047118403869145,40,0,0,0,0.0,LOW
CUST004208,17,0,14.0,11.941178035750397,6.490792041976826e-05,40,0,0,0,0.0,LOW
CUST004209,17,0,14.0,12.044119059675058,5.987492321169099e-05,40,0,0,0,0.0,LOW
CUST004210,23,0,14.0,11.945652174167279,1.3668514368455951e-08,40,0,0,0,0.0,LOW
CUST004211,21,0,14.0,11.916666669793889,1.6417918211583398e-07,40,0,0,0,0.0,LOW
CUST004223,27,0,14.0,11.731486348550787,0.00030394726965232824,40,0,0,0,0.0,LOW
CUST004228,20,0,14.0,11.725000083751379,2.663393122777746e-06,40,0,0,0,0.0,LOW
CUST004233,29,0,14.0,12.068965786892239,1.1637088627526425e-05,40,0,0,0,0.0,LOW
CUST004234,22,0,14.0,11.5340910828178,9.278280087780233e-06,40,0,0,0,0.0,LOW
CUST004238,20,0,14.0,11.725000017721536,8.305975635768741e-07,40,0,0,0,0.0,LOW
CUST004240,18,0,14.0,11.666666666734193,2.9921452547783076e-09,40,0,0,0,0.0,LOW
CUST004241,20,0,14.0,11.46250021086792,8.864703978853871e-06,40,0,0,0,0.0,LOW
CUST004244,20,0,14.0,11.37500000000118,5.900769996743468e-11,40,0,0,0,0.0,LOW
CUST004246,21,0,14.0,11.50000000075573,3.0567284189376704e-08,40,0,0,0,0.0,LOW
CUST004249,22,0,14.0,11.6136363867668,1.247689034807773e-06,40,0,0,0,0.0,LOW
CUST004251,20,0,14.0,11.637500468866996,2.2687145911626126e-05,40,0,0,0,0.0,LOW
CUST004252,18,0,14.0,11.861111112015399,4.020909290538072e-08,40,0,0,0,0.0,LOW
CUST004253,15,0,14.0,12.366666693654524,9.65304226295603e-07,40,0,0,0,0.0,LOW
CUST004256,28,0,14.0,11.68754565878999,0.0031960975363088343,40,0,0,0,0.0,LOW
CUST004257,25,0,14.0,11.97,0.0,40,0,0,0,0.0,LOW
CUST004259,23,0,14.0,11.489131838042363,8.068631237304283e-05,40,0,0,0,0.0,LOW
CUST004260,27,0,14.0,11.925926207710793,1.844232314090944e-05,40,0,0,0,0.0,LOW
CUST004262,25,0,14.0,11.480000116681333,7.289771644800443e-06,40,0,0,0,0.0,LOW
CUST004263,24,0,14.0,11.59375001211476,6.053383107372581e-07,40,0,0,0,0.0,LOW
CUST004264,22,0,14.0,11.534091102924428,9.10174994261365e-06,40,0,0,0,0.0,LOW
CUST004265,24,0,14.0,11.812500053571782,3.212752125242556e-06,40,0,0,0,0.0,LOW
CUST004273,24,0,14.0,11.520833779459059,1.286189507714892e-05,40,0,0,0,0.0,LOW
CUST004275,22,0,14.0,12.170454548253245,1.1724256063668407e-07,40,0,0,0,0.0,LOW
CUST004278,26,0,14.0,11.442307802079906,5.144279745002586e-06,40,0,0,0,0.0,LOW
CUST004282,21,0,14.0,11.58333333772118,1.708524650118928e-07,40,0,0,0,0.0,LOW
CUST004284,14,0,14.0,11.875000003844523,1.3455834586510637e-07,40,0,0,0,0.0,LOW
CUST004285,29,0,14.0,11.646551867729805,9.929167237606095e-06,40,0,0,0,0.0,LOW
CUST004287,26,0,14.0,12.04807693348898,5.581413157156031e-07,40,0,0,0,0.0,LOW
CUST004296,25,0,14.0,11.76000000004355,1.937547529175532e-09,40,0,0,0,0.0,LOW
CUST004299,19,0,14.0,11.789473685183406,4.5688563332426216e-08,40,0,0,0,0.0,LOW
CUST004304,15,0,14.0,11.783333352537834,6.882612986528714e-07,40,0,0,0,0.0,LOW
CUST004308,27,0,14.0,11.537037432797696,1.8334306452291397e-05,40,0,0,0,0.0,LOW
CUST004311,21,0,14.0,11.833375060547526,0.0021894506391154467,40,0,0,0,0.0,LOW
CUST004320,18,0,14.0,11.763888917568329,7.007935650793997e-07,40,0,0,0,0.0,LOW
CUST004323,15,0,14.0,11.316666709443776,1.5720493598247051e-06,40,0,0,0,0.0,LOW
CUST004331,18,0,14.0,12.152777779255363,3.30855640243847e-08,40,0,0,0,0.0,LOW
CUST004332,28,0,14.0,11.750000888891135,6.211068898171744e-05,40,0,0,0,0.0,LOW
CUST004335,22,0,14.0,11.77272733987253,2.708477510172713e-06,40,0,0,0,0.0,LOW
CUST004336,28,0,14.0,11.937500087957813,4.809611256841894e-06,40,0,0,0,0.0,LOW
CUST004340,17,0,14.0,11.529411764705882,0.0,40,0,0,0,0.0,LOW
CUST004346,23,0,14.0,11.565225235997946,0.00045063532348034566,40,0,0,0,0.0,LOW
CUST004363,18,0,14.0,11.763888888890012,5.050736435049596e-11,40,0,0,0,0.0,LOW
CUST004364,35,0,14.0,11.6000045438341,0.00022995394908718455,40,0,0,0,0.0,LOW
CUST004367,19,0,14.0,11.328947383537441,4.837086360261458e-07,40,0,0,0,0.0,LOW
CUST004369,21,0,14.0,11.833333683348144,1.8305707525003722e-05,40,0,0,0,0.0,LOW
CUST004372,25,0,14.0,11.620000002313356,1.3838048541601082e-07,40,0,0,0,0.0,LOW
CUST004374,25,0,14.0,11.690000025757529,1.5930003196615673e-06,40,0,0,0,0.0,LOW
CUST004376,26,0,14.0,11.576923282035553,1.0177634825772592e-05,40,0,0,0,0.0,LOW
CUST004378,26,0,14.0,11.71153855230446,5.860217261729804e-06,40,0,0,0,0.0,LOW
CUST004382,21,0,14.0,11.833333468583945,3.5894818651047537e-06,40,0,0,0,0.0,LOW
CUST004385,23,0,14.0,11.71739130436802,1.1612098083064725e-09,40,0,0,0,0.0,LOW
CUST004386,19,0,14.0,11.973684216318956,2.7269913742801876e-07,40,0,0,0,0.0,LOW
CUST004390,15,0,14.0,11.783333333446148,4.2219131389618034e-09,40,0,0,0,0.0,LOW
CUST004391,27,0,14.0,11.731481752171312,1.7609809266559117e-05,40,0,0,0,0.0,LOW
CUST004398,26,0,14.0,11.846153849706697,8.621981172918801e-08,40,0,0,0,0.0,LOW
CUST004400,21,0,14.0,11.583343529511511,0.0005348532782927778,40,0,0,0,0.0,LOW
CUST004402,21,0,14.0,11.916666666666666,0.0,40,0,0,0,0.0,LOW
CUST004403,28,0,14.0,11.562500060271358,1.5720511466414542e-06,40,0,0,0,0.0,LOW
CUST004406,22,0,14.0,11.53409091635754,3.182351312720561e-07,40,0,0,0,0.0,LOW
CUST004407,36,0,14.0,11.523896598475316,0.27554149434622,40,0,0,0,0.0,LOW
CUST004408,22,0,14.0,11.37500025222874,1.3832562009778431e-05,40,0,0,0,0.0,LOW
CUST004409,19,0,14.0,11.789473688809512,2.1042228356054642e-07,40,0,0,0,0.0,LOW
CUST004412,21,0,14.0,11.666701631055982,0.0018283049198711814,40,0,0,0,0.0,LOW
CUST004413,20,0,14.0,11.725000000292722,8.844867893372707e-09,40,0,0,0,0.0,LOW
CUST004418,23,0,14.0,11.64130434807889,1.4195822036657789e-08,40,0,0,0,0.0,LOW
CUST004420,20,0,14.0,11.637500000071457,3.1621068192121194e-09,40,0,0,0,0.0,LOW
CUST004429,26,0,14.0,11.711541284680226,0.00011069954387425361,40,0,0,0,0.0,LOW
CUST004430,24,0,14.0,11.666666668136992,6.245070473014287e-08,40,0,0,0,0.0,LOW
CUST004432,30,0,14.0,11.550001099754782,7.549074645663354e-05,40,0,0,0,0.0,LOW
CUST004436,21,0,14.0,11.666666670284567,1.769211862592593e-07,40,0,0,0,0.0,LOW
CUST004439,18,0,14.0,11.66666666763315,4.142273853342717e-08,40,0,0,0,0.0,LOW
CUST004440,24,0,14.0,11.666668138840409,6.050897286614107e-05,40,0,0,0,0.0,LOW
CUST004441,30,0,14.0,11.84166673966295,2.5101659319236893e-06,40,0,0,0,0.0,LOW
CUST004444,24,0,14.0,11.520833383636415,1.611965244942378e-06,40,0,0,0,0.0,LOW
CUST004448,20,0,14.0,11.375007937234647,0.00039682862955242316,40,0,0,0,0.0,LOW
CUST004463,18,0,14.0,11.569444575371172,5.678879433468985e-06,40,0,0,0,0.0,LOW
CUST004464,12,0,14.0,11.958333333819384,1.3120878013919415e-08,40,0,0,0,0.0,LOW
CUST004467,28,0,14.0,11.375000216845141,1.477920907177243e-05,40,0,0,0,0.0,LOW
CUST004469,28,0,14.0,11.750000001057908,6.814251159957144e-08,40,0,0,0,0.0,LOW
CUST004470,22,0,14.0,11.693183954732177,0.00011678014494107205,40,0,0,0,0.0,LOW
CUST004472,24,0,14.0,11.885417678515092,6.051770586325958e-05,40,0,0,0,0.0,LOW
CUST004475,25,0,14.0,12.18000001977355,1.2312274477670666e-06,40,0,0,0,0.0,LOW
CUST004488,23,0,14.0,11.641304870751089,2.901755961094474e-05,40,0,0,0,0.0,LOW
CUST004490,29,0,14.0,11.52586244360699,2.680802445494188e-05,40,0,0,0,0.0,LOW
CUST004491,27,0,14.0,12.055555627787244,4.836937592945656e-06,40,0,0,0,0.0,LOW
CUST004495,24,0,14.0,11.666667311161754,1.982550173878184e-05,40,0,0,0,0.0,LOW
CUST004503,21,0,14.0,11.75000000007891,4.142733094725916e-09,40,0,0,0,0.0,LOW
CUST004504,25,0,14.0,11.550000261541909,1.6297859547779016e-05,40,0,0,0,0.0,LOW
CUST004505,29,0,14.0,11.3448278962452,1.7832653616386487e-05,40,0,0,0,0.0,LOW
CUST004508,21,0,14.0,11.6666862467664,0.0010163206855711188,40,0,0,0,0.0,LOW
CUST004514,23,0,14.0,12.173913043800543,1.8500183237983e-08,40,0,0,0,0.0,LOW
CUST004518,25,0,14.0,11.90000102945501,6.422189711457155e-05,40,0,0,0,0.0,LOW
CUST004519,24,0,14.0,11.739595745853302,0.0007445194922631067,40,0,0,0,0.0,LOW
CUST004521,31,0,14.0,11.460017008030428,0.026190241315350003,40,0,0,0,0.0,LOW
CUST004524,22,0,14.0,11.693181818215123,1.3868705537485604e-09,40,0,0,0,0.0,LOW
CUST004525,21,0,14.0,11.500000282216256,1.4782808580336266e-05,40,0,0,0,0.0,LOW
CUST004530,24,0,14.0,11.520833333681878,2.07179250035262e-08,40,0,0,0,0.0,LOW
CUST004533,23,0,14.0,11.56521739172418,1.27602386470271e-08,40,0,0,0,0.0,LOW
CUST004534,23,0,14.0,12.021739845629808,4.097437498211867e-05,40,0,0,0,0.0,LOW
CUST004536,22,0,14.0,11.693181820372633,1.0941654537851336e-07,40,0,0,0,0.0,LOW
CUST004539,34,0,14.0,11.889709307183322,0.0002691536940052935,40,0,0,0,0.0,LOW
CUST004541,34,0,14.0,11.68393047743586,0.0057583040091152725,40,0,0,0,0.0,LOW
CUST004545,25,0,14.0,11.550000173686058,1.0840440128030629e-05,40,0,0,0,0.0,LOW
CUST004550,20,0,14.0,11.725012195744915,0.0005980317826037484,40,0,0,0,0.0,LOW
CUST004556,21,0,14.0,11.58333387333245,2.782505047304053e-05,40,0,0,0,0.0,LOW
CUST004558,14,0,14.0,11.875000000058876,2.0092517952056703e-09,40,0,0,0,0.0,LOW
CUST004562,21,0,14.0,11.666667288768037,2.2389561557838677e-05,40,0,0,0,0.0,LOW
CUST004571,20,0,14.0,11.550079238940842,0.003961689984647312,40,0,0,0,0.0,LOW
CUST004576,28,0,14.0,11.500003218155197,0.0001461448618672424,40,0,0,0,0.0,LOW
CUST004583,30,0,14.0,11.666699705027785,0.002056079306930304,40,0,0,0,0.0,LOW
CUST004585,25,0,14.0,11.690000003828322,1.3044319328391153e-07,40,0,0,0,0.0,LOW
CUST004591,23,0,14.0,11.64130437673764,1.6122273337476581e-06,40,0,0,0,0.0,LOW
CUST004592,30,0,14.0,12.016666833574794,8.9575863077494e-06,40,0,0,0,0.0,LOW
CUST004593,25,0,14.0,11.83,0.0,40,0,0,0,0.0,LOW
CUST004594,28,0,14.0,12.000000044114838,3.083491833454793e-06,40,0,0,0,0.0,LOW
CUST004598,20,0,14.0,11.462500003651181,1.2575264740069388e-07,40,0,0,0,0.0,LOW
CUST004600,21,0,14.0,11.833333333333533,1.049638550126935e-11,40,0,0,0,0.0,LOW
CUST004601,17,0,14.0,11.941176658094397,7.966697794172382e-06,40,0,0,0,0.0,LOW
CUST004602,26,0,14.0,11.644236756762828,0.00038812869574682583,40,0,0,0,0.0,LOW
CUST004604,23,0,14.0,11.717391555181862,1.4352627824170831e-05,40,0,0,0,0.0,LOW
CUST004616,21,0,14.0,11.416666679214003,6.570855501925209e-07,40,0,0,0,0.0,LOW
CUST004619,24,0,14.0,11.739584985002262,9.892062893127004e-05,40,0,0,0,0.0,LOW
CUST004625,21,0,14.0,11.833336749052345,0.0001792478881406848,40,0,0,0,0.0,LOW
CUST004627,23,0,14.0,11.86956521743385,2.091537056894574e-09,40,0,0,0,0.0,LOW
CUST004628,19,0,14.0,12.06578947843929,2.225048025365906e-07,40,0,0,0,0.0,LOW
CUST004634,30,0,14.0,11.43336218474689,0.0020623055063483642,40,0,0,0,0.0,LOW
CUST004635,20,0,14.0,11.987500008438754,3.851887496205989e-07,40,0,0,0,0.0,LOW
CUST004636,32,0,14.0,11.757812578960062,5.842824993772236e-06,40,0,0,0,0.0,LOW
CUST004641,29,0,14.0,11.465517268095372,9.662398331032308e-07,40,0,0,0,0.0,LOW
CUST004646,28,0,14.0,11.625005387145878,0.0003521276051224008,40,0,0,0,0.0,LOW
CUST004647,27,0,14.0,11.601851895183838,2.7722848580946145e-06,40,0,0,0,0.0,LOW
CUST004648,18,0,14.0,11.56944499152938,2.4612054584006763e-05,40,0,0,0,0.0,LOW
CUST004651,21,0,14.0,11.91666686068921,9.136059431264669e-06,40,0,0,0,0.0,LOW
CUST004652,13,0,14.0,12.115385690918412,3.495484841867826e-05,40,0,0,0,0.0,LOW
CUST004655,24,0,14.0,11.739583339129979,3.477987605359663e-07,40,0,0,0,0.0,LOW
CUST004656,31,0,14.0,11.629032271943103,1.0338749880105823e-06,40,0,0,0,0.0,LOW
CUST004663,21,0,14.0,12.08333354463167,1.1059597337247008e-05,40,0,0,0,0.0,LOW
CUST004666,21,0,14.0,11.58333333370123,1.5802187881592207e-08,40,0,0,0,0.0,LOW
CUST004670,24,0,14.0,11.593750592798132,2.251709916247585e-05,40,0,0,0,0.0,LOW
CUST004675,25,0,14.0,11.830000000199709,5.128333275961881e-09,40,0,0,0,0.0,LOW
CUST004680,25,0,14.0,12.040000010845844,4.818590469119543e-07,40,0,0,0,0.0,LOW
CUST004685,23,0,14.0,11.565217404827933,6.517475405946637e-07,40,0,0,0,0.0,LOW
CUST004694,21,0,14.0,11.83333333566242,7.007102186694153e-08,40,0,0,0,0.0,LOW
CUST004700,20,0,14.0,11.637500002932684,1.4655268703063684e-07,40,0,0,0,0.0,LOW
CUST004701,16,0,14.0,11.375053056555679,0.002117687641778384,40,0,0,0,0.0,LOW
CUST004702,27,0,14.0,11.66666693260328,1.362231587853229e-05,40,0,0,0,0.0,LOW
CUST004703,26,0,14.0,11.576975813931316,0.003426268270185012,40,0,0,0,0.0,LOW
CUST004704,25,0,14.0,12.11000000876817,4.1311447503911355e-07,40,0,0,0,0.0,LOW
CUST004706,30,0,14.0,11.666666678787351,3.6432334853895917e-07,40,0,0,0,0.0,LOW
CUST004712,23,0,14.0,11.641304357730347,5.684500386147296e-07,40,0,0,0,0.0,LOW
CUST004713,18,0,14.0,11.666666666667133,2.1016067983041538e-11,40,0,0,0,0.0,LOW
CUST004714,28,0,14.0,11.687500000449331,1.9645902585183946e-08,40,0,0,0,0.0,LOW
CUST004715,30,0,14.0,11.49166676044291,4.275024411853567e-06,40,0,0,0,0.0,LOW
CUST004717,29,0,14.0,11.52586210394611,2.5081814972838247e-06,40,0,0,0,0.0,LOW
CUST004718,25,0,14.0,11.830000279150418,1.7430521350868422e-05,40,0,0,0,0.0,LOW
CUST004721,22,0,14.0,11.375007465373157,0.0004104839396594402,40,0,0,0,0.0,LOW
CUST004723,21,0,14.0,11.583333335189103,9.742793112055991e-08,40,0,0,0,0.0,LOW
CUST004724,22,0,14.0,11.931818184133142,9.667364261584578e-08,40,0,0,0,0.0,LOW
CUST004728,19,0,14.0,11.973684648796253,2.0554694906826008e-05,40,0,0,0,0.0,LOW
CUST004731,28,0,14.0,11.62500028535968,1.8789372486771736e-05,40,0,0,0,0.0,LOW
CUST004735,15,0,14.0,12.016666668750936,7.773064694240685e-08,40,0,0,0,0.0,LOW
CUST004737,22,0,14.0,11.772727340010675,3.6723894119106494e-06,40,0,0,0,0.0,LOW
CUST004739,26,0,14.0,11.37500059457351,3.364999698707259e-05,40,0,0,0,0.0,LOW
CUST004740,24,0,14.0,11.73958496855918,7.577455958477902e-05,40,0,0,0,0.0,LOW
CUST004741,24,0,14.0,11.739672873777302,0.004521000822590449,40,0,0,0,0.0,LOW
CUST004742,24,0,14.0,11.885416873726646,1.2421484462031356e-05,40,0,0,0,0.0,LOW
CUST004743,25,0,14.0,11.550000000076082,4.725243448187864e-09,40,0,0,0,0.0,LOW
CUST004746,30,0,14.0,11.783333410461955,3.2912744510688556e-06,40,0,0,0,0.0,LOW
CUST004747,28,0,14.0,11.812504176352181,0.00021591603197459932,40,0,0,0,0.0,LOW
CUST004757,22,0,14.0,11.45454545782419,1.8033048539670223e-07,40,0,0,0,0.0,LOW
CUST004758,22,0,14.0,12.011363708064046,3.833016402156523e-06,40,0,0,0,0.0,LOW
CUST004760,24,0,14.0,11.812500034184508,1.730593394288076e-06,40,0,0,0,0.0,LOW
CUST004773,23,0,14.0,11.869565225860546,4.863005433773179e-07,40,0,0,0,0.0,LOW
CUST004778,26,0,14.0,12.048076933573205,5.74666070200876e-07,40,0,0,0,0.0,LOW
CUST004782,18,0,14.0,11.472223118048525,2.717043349291761e-05,40,0,0,0,0.0,LOW
CUST004786,24,0,14.0,11.447916709862724,2.062984623242833e-06,40,0,0,0,0.0,LOW
CUST004793,24,0,14.0,12.031250000141812,7.79769716937732e-09,40,0,0,0,0.0,LOW
CUST004794,18,0,14.0,11.569444632866587,7.82681499036978e-06,40,0,0,0,0.0,LOW
CUST004796,20,0,14.0,11.55000001941051,9.61614429185323e-07,40,0,0,0,0.0,LOW
CUST004804,20,0,14.0,11.725000005941679,2.2544913225065883e-07,40,0,0,0,0.0,LOW
CUST004805,20,0,14.0,11.987512110363607,0.0006041511214517441,40,0,0,0,0.0,LOW
CUST004810,27,0,14.0,11.925965098667282,0.0025472326031088966,40,0,0,0,0.0,LOW
CUST004814,25,0,14.0,11.830000053942754,3.3607770739561683e-06,40,0,0,0,0.0,LOW
CUST004815,25,0,14.0,11.48000001585081,4.6032764414531493e-07,40,0,0,0,0.0,LOW
CUST004820,29,0,14.0,11.465517268777393,9.629528490330348e-07,40,0,0,0,0.0,LOW
CUST004823,18,0,14.0,11.569444444674339,1.0345303087505331e-08,40,0,0,0,0.0,LOW
CUST004828,23,0,14.0,11.717391304388126,2.3172657519705784e-09,40,0,0,0,0.0,LOW
CUST004829,26,0,14.0,11.307694290057217,0.00010640054983760315,40,0,0,0,0.0,LOW
CUST004834,23,0,14.0,11.260870957555204,7.701787440229732e-05,40,0,0,0,0.0,LOW
CUST004836,27,0,14.0,11.6018518694826,1.143482709826706e-06,40,0,0,0,0.0,LOW
CUST004837,21,0,14.0,11.50000039313609,2.0597179012756007e-05,40,0,0,0,0.0,LOW
CUST004844,15,0,14.0,11.55000785774456,0.00029449009842608825,40,0,0,0,0.0,LOW
CUST004845,23,0,14.0,11.3369565242762,9.54930808135087e-08,40,0,0,0,0.0,LOW
CUST004846,26,0,14.0,11.307692871825413,2.676000857118486e-05,40,0,0,0,0.0,LOW
CUST004848,18,0,14.0,11.861111111146336,1.3107371883932538e-09,40,0,0,0,0.0,LOW
CUST004849,24,0,14.0,11.593750001890884,1.0745930256515316e-07,40,0,0,0,0.0,LOW
CUST004850,20,0,14.0,11.725000058809389,1.9068847352905832e-06,40,0,0,0,0.0,LOW
CUST004851,23,0,14.0,11.565217758375441,2.110039633294435e-05,40,0,0,0,0.0,LOW
CUST004852,28,0,14.0,11.500000029924603,1.8590106790471797e-06,40,0,0,0,0.0,LOW
CUST004854,25,0,14.0,11.410000651287945,3.935722016956466e-05,40,0,0,0,0.0,LOW
CUST004858,23,0,14.0,11.641305164333497,4.620068654050755e-05,40,0,0,0,0.0,LOW
CUST004866,26,0,14.0,11.644593375969805,0.0212040788756,40,0,0,0,0.0,LOW
CUST004868,19,0,14.0,11.513157894736842,0.0,40,0,0,0,0.0,LOW
CUST004869,20,0,14.0,11.462500011167757,4.921082897027584e-07,40,0,0,0,0.0,LOW
CUST004873,17,0,14.0,11.838235296166134,8.676106635600258e-08,40,0,0,0,0.0,LOW
CUST004875,19,0,14.0,11.789473685851656,5.159818404935213e-08,40,0,0,0,0.0,LOW
CUST004877,15,0,14.0,11.666666688389592,8.13748578771041e-07,40,0,0,0,0.0,LOW
CUST004879,22,0,14.0,11.772727403716452,6.15771674874584e-06,40,0,0,0,0.0,LOW
CUST004886,36,0,14.0,11.958334857568538,9.1966315272521e-05,40,0,0,0,0.0,LOW
CUST004888,26,0,14.0,11.64423078914663,9.512174374954164e-07,40,0,0,0,0.0,LOW
CUST004889,24,0,14.0,11.520833339143524,2.371588664168726e-07,40,0,0,0,0.0,LOW
CUST004893,15,0,14.0,11.900000000288445,1.0742244613527678e-08,40,0,0,0,0.0,LOW
CUST004896,17,0,14.0,12.044117647357119,6.3827007377460196e-09,40,0,0,0,0.0,LOW
CUST004907,24,0,14.0,11.520833450333312,3.88066843389796e-06,40,0,0,0,0.0,LOW
CUST004908,11,0,14.0,11.931818387311665,4.95710604131775e-06,40,0,0,0,0.0,LOW
CUST004912,19,0,14.0,11.513157895777153,4.916088223657299e-08,40,0,0,0,0.0,LOW
CUST004915,25,0,14.0,11.970000000311408,1.946303091730582e-08,40,0,0,0,0.0,LOW
CUST004918,30,0,14.0,11.958333335656748,1.726702556470534e-07,40,0,0,0,0.0,LOW
CUST004920,31,0,14.0,12.024193728376087,1.1589938246488364e-05,40,0,0,0,0.0,LOW
CUST004923,22,0,14.0,11.534090915268855,2.701452697381151e-07,40,0,0,0,0.0,LOW
CUST004925,24,0,14.0,11.666666668333095,7.684305707520595e-08,40,0,0,0,0.0,LOW
CUST004926,19,0,14.0,11.881579442153681,1.9993352510943514e-05,40,0,0,0,0.0,LOW
CUST004930,25,0,14.0,11.761042498357526,0.05499668535292,40,0,0,0,0.0,LOW
CUST004935,23,0,14.0,11.641306932830041,0.00014827032251754415,40,0,0,0,0.0,LOW
CUST004937,28,0,14.0,11.6875,0.0,40,0,0,0,0.0,LOW
CUST004939,32,0,14.0,11.596031723560387,0.18248597765125998,40,0,0,0,0.0,LOW
CUST004940,15,0,14.0,11.316668991446672,8.717494769851182e-05,40,0,0,0,0.0,LOW
CUST004945,33,0,14.0,11.560622208574337,0.001305130469966411,40,0,0,0,0.0,LOW
CUST004946,22,0,14.0,11.454545454560566,7.854556366327299e-10,40,0,0,0,0.0,LOW
CUST004954,24,0,14.0,11.447916667401488,3.582737555537135e-08,40,0,0,0,0.0,LOW
CUST004957,21,0,14.0,11.583333413030822,2.9942456082948347e-06,40,0,0,0,0.0,LOW
CUST004958,14,0,14.0,11.500000002903091,5.254297569640978e-08,40,0,0,0,0.0,LOW
CUST004959,24,0,14.0,11.958333335357983,1.2125533388600528e-07,40,0,0,0,0.0,LOW
CUST004968,28,0,14.0,11.937500006436315,4.5015777186329504e-07,40,0,0,0,0.0,LOW
CUST004969,20,0,14.0,11.725000000180934,9.0467051936826e-09,40,0,0,0,0.0,LOW
CUST004970,27,0,14.0,11.40740821899795,3.0964764925577445e-05,40,0,0,0,0.0,LOW
CUST004976,15,0,14.0,11.9,0.0,40,0,0,0,0.0,LOW
CUST004977,18,0,14.0,11.763888890516924,6.619567897189863e-08,40,0,0,0,0.0,LOW
CUST004980,19,0,14.0,11.789476195096741,7.326286327890869e-05,40,0,0,0,0.0,LOW
CUST004982,23,0,14.0,11.64155096767725,0.014180455001780001,40,0,0,0,0.0,LOW
CUST004986,28,0,14.0,11.437500957407547,6.673174605382146e-05,40,0,0,0,0.0,LOW
CUST004993,17,0,14.0,11.735294117647058,0.0,40,0,0,0,0.0,LOW
CUST004997,18,0,14.0,12.055557676955047,9.187504721845709e-05,40,0,0,0,0.0,LOW
CUST004998,18,0,14.0,11.569444444451314,2.335798730022436e-10,40,0,0,0,0.0,LOW
CUST004497,28,0,12.392666276742736,11.567595224970376,0.35666569185684,35,0,0,0,0.0,LOW
CUST000445,27,0,12.251076925715255,11.407450452334503,0.0026923142881353384,35,0,0,0,0.0,LOW
CUST002264,25,0,12.2508739915004,11.410035012527967,0.0021849787510003875,35,0,0,0,0.0,LOW
CUST003396,31,0,12.25073624659779,11.459720615182919,0.0018406164944737783,35,0,0,0,0.0,LOW
CUST002697,30,0,12.250640815651353,11.433354968808198,0.0016020391283828536,35,0,0,0,0.0,LOW
CUST001337,21,0,12.250322738381339,11.333348716280087,0.0008068459533463919,35,0,0,0,0.0,LOW
CUST002116,27,0,12.250297680258402,11.40742213999645,0.0007442006460036275,35,0,0,0,0.0,LOW
CUST004286,27,0,12.250227748643162,11.666679676167977,0.0005693716079038512,35,0,0,0,0.0,LOW
CUST001242,21,0,12.25014331470861,11.166690945810766,0.0007557736907091328,35,0,0,0,0.0,LOW
CUST002474,20,0,12.250139771239903,11.46250701060836,0.0003494280997572479,35,0,0,0,0.0,LOW
CUST002485,26,0,12.250098458650726,11.576926896295316,0.0002461466268134897,35,0,0,0,0.0,LOW
CUST000662,27,0,12.25009496169665,11.537046169866176,0.00023740424162645924,35,0,0,0,0.0,LOW
CUST004035,32,0,12.25009180456695,11.648440369986083,0.00022951141737492404,35,0,0,0,0.0,LOW
CUST004179,23,0,12.250071669700416,11.26087272729341,0.0001791742510414677,35,0,0,0,0.0,LOW
CUST001562,18,0,12.250068835836723,11.569448268679016,0.0001720895918079514,35,0,0,0,0.0,LOW
CUST000841,22,0,12.250055773520831,11.375002535210669,0.0001394338020787756,35,0,0,0,0.0,LOW
CUST003910,22,0,12.25005511261946,11.454548153316507,0.00013778154864808062,35,0,0,0,0.0,LOW
CUST002241,21,0,12.250049174640699,11.583335678166687,0.00012293660174662324,35,0,0,0,0.0,LOW
CUST001670,26,0,12.250046101057759,11.307753306418341,0.003845006255867424,35,0,0,0,0.0,LOW
CUST004266,31,0,12.250037450333275,11.62903346629361,9.362583318648407e-05,35,0,0,0,0.0,LOW
CUST003564,18,0,12.250028259118878,11.375001985311533,7.064779719358503e-05,35,0,0,0,0.0,LOW
CUST003547,19,0,12.25002556380158,11.97368555646097,6.390950395056166e-05,35,0,0,0,0.0,LOW
CUST000827,24,0,12.250023980112479,11.739584335574039,5.995028119671833e-05,35,0,0,0,0.0,LOW
CUST002931,13,0,12.250020822009462,11.57692467961268,5.2055023656987416e-05,35,0,0,0,0.0,LOW
CUST000217,31,0,12.25002044781263,11.629052058935885,0.0014549639031156273,35,0,0,0,0.0,LOW
CUST001321,25,0,12.250018185246867,11.620000727538473,4.546311716691619e-05,35,0,0,0,0.0,LOW
CUST004708,19,0,12.250017726183179,11.513167357536357,0.0003885087714998583,35,0,0,0,0.0,LOW
CUST002198,22,0,12.250017183564974,11.215909873211267,4.295891243652467e-05,35,0,0,0,0.0,LOW
CUST003972,17,0,12.250016671796914,11.42647156892923,4.167949228277901e-05,35,0,0,0,0.0,LOW
CUST000755,20,0,12.250014179943756,11.637500782288944,3.544985939055811e-05,35,0,0,0,0.0,LOW
CUST004931,27,0,12.250014019846802,11.537050423948825,0.0008381832202077827,35,0,0,0,0.0,LOW
CUST003693,32,0,12.250013621680987,11.156250672020759,3.405420246483871e-05,35,0,0,0,0.0,LOW
CUST000336,22,0,12.250012631731504,11.21591090655263,4.1447112442291004e-05,35,0,0,0,0.0,LOW
CUST001706,24,0,12.250012284193492,11.666667248067617,3.0710483729685345e-05,35,0,0,0,0.0,LOW
CUST000734,23,0,12.250012113807232,11.489131652707579,3.903560845063169e-05,35,0,0,0,0.0,LOW
CUST002594,28,0,12.25001174190004,11.687500421602484,2.9354750102660497e-05,35,0,0,0,0.0,LOW
CUST004437,22,0,12.250011707623333,11.693182350492004,2.926905833118493e-05,35,0,0,0,0.0,LOW
CUST001788,26,0,12.25001159039589,11.375000536963025,2.897598972300116e-05,35,0,0,0,0.0,LOW
CUST002359,16,0,12.25001039144799,11.37500064956653,2.597861997345593e-05,35,0,0,0,0.0,LOW
CUST003508,17,0,12.250010045817607,11.735294723941628,2.511454401809906e-05,35,0,0,0,0.0,LOW
CUST000832,25,0,12.250010026495188,11.270001269660597,5.0839114293567305e-05,35,0,0,0,0.0,LOW
CUST004943,18,0,12.250009043351541,11.569444946854722,2.260837885162577e-05,35,0,0,0,0.0,LOW
CUST004298,19,0,12.250008674672758,11.421053099699954,2.168668189300861e-05,35,0,0,0,0.0,LOW
CUST002518,25,0,12.250008144905905,11.34000730394046,0.0004205775741066875,35,0,0,0,0.0,LOW
CUST001280,23,0,12.250007662380126,11.413043952024655,1.915595031700239e-05,35,0,0,0,0.0,LOW
CUST004808,21,0,12.250007587071154,11.58333371890025,1.896767788636447e-05,35,0,0,0,0.0,LOW
CUST002068,24,0,12.250007377477958,11.593750352079786,1.844369489705769e-05,35,0,0,0,0.0,LOW
CUST001456,30,0,12.250007016433221,11.550000263047849,1.7541083052089217e-05,35,0,0,0,0.0,LOW
CUST004513,16,0,12.250007004229596,11.703125437797125,1.751057398941296e-05,35,0,0,0,0.0,LOW
CUST001293,23,0,12.25000685081588,11.413043778920887,1.712703970113197e-05,35,0,0,0,0.0,LOW
CUST001912,15,0,12.250006682685232,11.666667112485394,1.6706713077891618e-05,35,0,0,0,0.0,LOW
CUST004872,27,0,12.250006336625207,11.601852086655006,1.5841563014770374e-05,35,0,0,0,0.0,LOW
CUST002863,17,0,12.25000632775299,11.529412137479781,1.581938247415467e-05,35,0,0,0,0.0,LOW
CUST001943,21,0,12.250006242899408,11.666668745852778,9.27909974431354e-05,35,0,0,0,0.0,LOW
CUST001921,21,0,12.250006223517634,11.250000338471036,1.5558794083921745e-05,35,0,0,0,0.0,LOW
CUST002492,29,0,12.250005997757953,11.163793330646936,1.499439488269956e-05,35,0,0,0,0.0,LOW
CUST002263,25,0,12.250005673990497,11.760000312134903,1.418497624331371e-05,35,0,0,0,0.0,LOW
CUST002225,23,0,12.250005666875467,11.565224458037735,0.0003893908756174919,35,0,0,0,0.0,LOW
CUST003147,19,0,12.250004884460255,11.88157920723011,1.2211150635317998e-05,35,0,0,0,0.0,LOW
CUST002233,24,0,12.250004830836062,11.739583534806163,1.2077090154847088e-05,35,0,0,0,0.0,LOW
CUST001039,26,0,12.250004451198018,11.240384837006989,1.1127995044114908e-05,35,0,0,0,0.0,LOW
CUST002178,13,0,12.25000415516959,11.442308049007732,1.0387923972513322e-05,35,0,0,0,0.0,LOW
CUST004333,22,0,12.250003954292119,11.53409108883169,9.885730295326844e-06,35,0,0,0,0.0,LOW
CUST001069,25,0,12.250003475422712,11.760000160806825,8.688556781516988e-06,35,0,0,0,0.0,LOW
CUST001374,25,0,12.250003392111617,11.200000273461624,8.480279043104617e-06,35,0,0,0,0.0,LOW
CUST003474,21,0,12.250003025598769,11.33334428237122,0.0005672515586202739,35,0,0,0,0.0,LOW
CUST004458,24,0,12.250002940314172,11.520833581820183,7.350785427405253e-06,35,0,0,0,0.0,LOW
CUST001021,15,0,12.25000292392072,11.433333868857849,1.2101337005361038e-05,35,0,0,0,0.0,LOW
CUST003679,23,0,12.250002913319742,11.18478275516185,7.283299353075602e-06,35,0,0,0,0.0,LOW
CUST001769,24,0,12.250002856717876,11.885416785809332,7.1417946879910004e-06,35,0,0,0,0.0,LOW
CUST000309,16,0,12.250002661934216,11.593750166513846,6.654835541652115e-06,35,0,0,0,0.0,LOW
CUST003843,25,0,12.250002565713537,11.410000626980173,3.275213418527326e-05,35,0,0,0,0.0,LOW
CUST002275,21,0,12.250002394524577,11.416666783677417,5.98631144280819e-06,35,0,0,0,0.0,LOW
CUST000224,29,0,12.250002234386315,11.525866666031247,0.0003233152492050067,35,0,0,0,0.0,LOW
CUST003091,25,0,12.25000215594439,11.62000116626408,4.926412163163206e-05,35,0,0,0,0.0,LOW
CUST000654,23,0,12.250002150094758,11.489130530997874,5.375236895895714e-06,35,0,0,0,0.0,LOW
CUST001933,21,0,12.250002150027777,11.750000104282316,5.375069444197915e-06,35,0,0,0,0.0,LOW
CUST000861,19,0,12.250001942016556,11.421052775292985,4.855041390621448e-06,35,0,0,0,0.0,LOW
CUST001865,21,0,12.250001937085992,11.50000330187737,0.00016748226115988394,35,0,0,0,0.0,LOW
CUST002938,16,0,12.250001621934533,11.484375102104224,4.054836334600116e-06,35,0,0,0,0.0,LOW
CUST003898,21,0,12.250001603570823,11.333335479553247,9.961923296023992e-05,35,0,0,0,0.0,LOW
CUST001405,22,0,12.25000157567254,11.534091000272038,3.939181348372679e-06,35,0,0,0,0.0,LOW
CUST002341,23,0,12.250001534528963,11.565296822753549,0.004563458216523077,35,0,0,0,0.0,LOW
CUST004622,25,0,12.250001470106588,11.41000005995633,3.6752664671154377e-06,35,0,0,0,0.0,LOW
CUST000289,22,0,12.25000136908675,11.613636427496827,3.4227168747137734e-06,35,0,0,0,0.0,LOW
CUST004677,29,0,12.250001348683973,11.465517353548204,3.3717099356218628e-06,35,0,0,0,0.0,LOW
CUST001208,21,0,12.250001331870722,11.583333397186031,3.3296768062996773e-06,35,0,0,0,0.0,LOW
CUST000637,21,0,12.25000132592943,11.583333401223953,3.3148235776138345e-06,35,0,0,0,0.0,LOW
CUST004162,11,0,12.25000131788865,11.613636483659635,3.2947216233661602e-06,35,0,0,0,0.0,LOW
CUST001745,18,0,12.250001258378642,11.375000071367777,3.1459466073439974e-06,35,0,0,0,0.0,LOW
CUST001133,33,0,12.250001146990384,11.507577968512877,9.880612630866953e-05,35,0,0,0,0.0,LOW
CUST000953,24,0,12.250001084666286,11.375000084677287,2.71166571239589e-06,35,0,0,0,0.0,LOW
CUST004314,28,0,12.25000093258946,11.437500739930659,4.4297378842583016e-05,35,0,0,0,0.0,LOW
CUST003733,23,0,12.250000921887766,11.56522209307268,0.0002680458327543421,35,0,0,0,0.0,LOW
CUST002108,22,0,12.250000899461396,11.37500004615736,2.24865349094714e-06,35,0,0,0,0.0,LOW
CUST004791,16,0,12.250000813341353,11.484375063461613,2.033353384845688e-06,35,0,0,0,0.0,LOW
CUST002370,18,0,12.250000778267312,11.569444497338575,1.9456682782004243e-06,35,0,0,0,0.0,LOW
CUST003257,23,0,12.250000769621607,11.41304351181459,1.9240540192728633e-06,35,0,0,0,0.0,LOW
CUST000598,23,0,12.250000669980993,11.336956576511557,1.6749524840553581e-06,35,0,0,0,0.0,LOW
CUST001094,25,0,12.250000659324652,11.410000029025982,1.6483116280958869e-06,35,0,0,0,0.0,LOW
CUST002468,18,0,12.250000645557972,11.08333375480563,1.7122490412922375e-05,35,0,0,0,0.0,LOW
CUST002743,19,0,12.250000638937548,11.328947404981042,1.5973438683111752e-06,35,0,0,0,0.0,LOW
CUST002821,33,0,12.25000063375376,11.507576105880299,2.666884658733153e-05,35,0,0,0,0.0,LOW
CUST003828,20,0,12.250000625191358,11.725000031289364,1.5629783957609928e-06,35,0,0,0,0.0,LOW
CUST002286,27,0,12.250000582126091,11.407407458896271,1.9381450811218182e-06,35,0,0,0,0.0,LOW
CUST003459,24,0,12.250000567976484,11.666666694245988,1.4199412101412548e-06,35,0,0,0,0.0,LOW
CUST000190,14,0,12.250000562200036,11.750000041396257,1.4055000884668778e-06,35,0,0,0,0.0,LOW
CUST003883,18,0,12.250000543191351,11.472225823033252,8.813436932760233e-05,35,0,0,0,0.0,LOW
CUST001963,28,0,12.25000051332227,11.625000018380769,1.2833056752311735e-06,35,0,0,0,0.0,LOW
CUST004725,18,0,12.250000483611196,11.375000114353831,3.934139593235113e-06,35,0,0,0,0.0,LOW
CUST001687,17,0,12.250000442133176,11.63235296921613,1.1053329394787021e-06,35,0,0,0,0.0,LOW
CUST002092,17,0,12.250000433134426,11.22058831632964,1.5248902187330205e-06,35,0,0,0,0.0,LOW
CUST000934,24,0,12.250000421271222,11.375000027236311,1.0531780545319155e-06,35,0,0,0,0.0,LOW
CUST004431,24,0,12.25000041660412,11.44791668542191,1.0415103016284551e-06,35,0,0,0,0.0,LOW
CUST001605,24,0,12.250000412534474,11.593750029639532,1.0313361859971154e-06,35,0,0,0,0.0,LOW
CUST001611,22,0,12.250000401209101,11.693181873970714,1.003022754272422e-06,35,0,0,0,0.0,LOW
CUST004623,33,0,12.250000374093068,11.560606072779589,9.352326673277351e-07,35,0,0,0,0.0,LOW
CUST001166,29,0,12.250000372368968,11.465517255740965,9.309224201854579e-07,35,0,0,0,0.0,LOW
CUST000221,20,0,12.250000368786651,11.112505646196638,0.00026347467077552814,35,0,0,0,0.0,LOW
CUST002405,33,0,12.250000349100574,11.34848511244158,2.087259371367581e-05,35,0,0,0,0.0,LOW
CUST004967,24,0,12.250000324495737,11.375000020844523,8.112393409953778e-07,35,0,0,0,0.0,LOW
CUST003047,27,0,12.250000319939005,11.601851864414982,7.998475104959556e-07,35,0,0,0,0.0,LOW
CUST003716,25,0,12.250000301371056,11.620000015798109,7.53427640618347e-07,35,0,0,0,0.0,LOW
CUST000349,16,0,12.250000301174799,11.484375019948086,7.529369954201217e-07,35,0,0,0,0.0,LOW
CUST003485,18,0,12.250000300260831,11.277777794459263,7.506520769062053e-07,35,0,0,0,0.0,LOW
CUST001468,18,0,12.25000028107034,11.277777793392868,7.026758505163248e-07,35,0,0,0,0.0,LOW
CUST004207,27,0,12.250000264761917,11.407426432539815,0.001087842540457727,35,0,0,0,0.0,LOW
CUST002576,20,0,12.250000262025988,11.375000013435344,6.550649716874541e-07,35,0,0,0,0.0,LOW
CUST002733,13,0,12.250000253447716,11.173076942572902,6.33619288822949e-07,35,0,0,0,0.0,LOW
CUST004377,22,0,12.25000024783182,11.215909104524323,6.195795513388386e-07,35,0,0,0,0.0,LOW
CUST002079,23,0,12.250000242258338,11.565217402070331,6.056458428379532e-07,35,0,0,0,0.0,LOW
CUST001333,25,0,12.250000239303539,11.480000010591601,5.982588472696246e-07,35,0,0,0,0.0,LOW
CUST004352,23,0,12.250000236247065,11.641304358097829,5.906176623461012e-07,35,0,0,0,0.0,LOW
CUST000177,16,0,12.25000023036794,11.593750023465146,5.759198499913701e-07,35,0,0,0,0.0,LOW
CUST000980,21,0,12.250000210531782,11.166677649542908,0.000576065240983988,35,0,0,0,0.0,LOW
CUST004074,15,0,12.250000206546286,11.433333351490331,5.163657146327577e-07,35,0,0,0,0.0,LOW
CUST004996,22,0,12.250000201775126,11.69318840929573,0.0003520579950720387,35,0,0,0,0.0,LOW
CUST004645,24,0,12.250000201379086,11.52083334370221,5.034477166480049e-07,35,0,0,0,0.0,LOW
CUST003001,22,0,12.25000019157554,11.375054313450585,0.0028458606174016237,35,0,0,0,0.0,LOW
CUST000722,25,0,12.250000175131621,11.55000002780297,9.749091480859195e-07,35,0,0,0,0.0,LOW
CUST000416,21,0,12.250000173607,11.416667144457024,2.4390449258450047e-05,35,0,0,0,0.0,LOW
CUST001905,21,0,12.250000172644759,11.50000000834206,4.3161189640644445e-07,35,0,0,0,0.0,LOW
CUST001386,23,0,12.250000167785206,11.565217400827397,4.194630147721172e-07,35,0,0,0,0.0,LOW
CUST004445,25,0,12.250000149851454,11.550000019126907,6.567128944466512e-07,35,0,0,0,0.0,LOW
CUST003608,25,0,12.250000138773453,11.830000006507248,3.469336317556118e-07,35,0,0,0,0.0,LOW
CUST000314,24,0,12.250000130364453,11.59375006491816,3.1502360109515474e-06,35,0,0,0,0.0,LOW
CUST002678,22,0,12.250000129719972,11.534090914995874,3.242999276419276e-07,35,0,0,0,0.0,LOW
CUST002659,18,0,12.250000119254878,11.66666667679215,2.981371969191291e-07,35,0,0,0,0.0,LOW
CUST003575,24,0,12.250000114902717,11.375000089287061,4.734476003449194e-06,35,0,0,0,0.0,LOW
CUST003230,16,0,12.25000011385643,11.265625007143608,2.846410746080353e-07,35,0,0,0,0.0,LOW
CUST003325,15,0,12.250000113820922,11.666666682209947,2.8455230516918074e-07,35,0,0,0,0.0,LOW
CUST003557,26,0,12.25000010654997,11.307692316259336,2.9048190573391193e-07,35,0,0,0,0.0,LOW
CUST004321,22,0,12.250000093727438,11.53409091418093,2.3431859494801662e-07,35,0,0,0,0.0,LOW
CUST001623,29,0,12.250000089455728,11.465517327322878,3.698931460591825e-06,35,0,0,0,0.0,LOW
CUST001154,15,0,12.250000087576513,11.200000005984712,2.1894128289979748e-07,35,0,0,0,0.0,LOW
CUST003304,20,0,12.250000084556149,11.287500052906648,2.316715144355836e-06,35,0,0,0,0.0,LOW
CUST001042,27,0,12.250000084005297,11.601851857339856,2.1001324279129891e-07,35,0,0,0,0.0,LOW
CUST001896,18,0,12.250000083836904,11.472222244825897,8.069029304900046e-07,35,0,0,0,0.0,LOW
CUST004405,23,0,12.250000082187304,11.413049566196625,0.0003498505873830955,35,0,0,0,0.0,LOW
CUST003906,21,0,12.250000081804062,11.583333340775765,2.0451015614819374e-07,35,0,0,0,0.0,LOW
CUST004449,20,0,12.250000077852215,11.462500004219564,1.9463053694112042e-07,35,0,0,0,0.0,LOW
CUST002334,29,0,12.250000073908831,11.40518639449737,0.001013007541675294,35,0,0,0,0.0,LOW
CUST003266,17,0,12.25000007307477,11.323529416375358,1.8268692499537514e-07,35,0,0,0,0.0,LOW
CUST001339,20,0,12.250000072277583,11.462500006596951,1.8069395639563643e-07,35,0,0,0,0.0,LOW
CUST004066,22,0,12.250000066652827,11.295454710513825,8.681243320491214e-06,35,0,0,0,0.0,LOW
CUST003080,17,0,12.250000064923166,11.632353102081625,6.55715883995386e-06,35,0,0,0,0.0,LOW
CUST001780,28,0,12.250000064789086,11.437500085238067,5.761778728660509e-06,35,0,0,0,0.0,LOW
CUST001310,23,0,12.250000064455223,11.184782611803032,1.611380587309805e-07,35,0,0,0,0.0,LOW
CUST004201,27,0,12.250000054577075,11.666666670596939,1.3644268606695872e-07,35,0,0,0,0.0,LOW
CUST002220,22,0,12.250000053883442,11.534091294933457,1.3792223076460434e-05,35,0,0,0,0.0,LOW
CUST004960,23,0,12.250000053573263,11.26087231102524,0.00015716573435133318,35,0,0,0,0.0,LOW
CUST000620,25,0,12.250000051793222,11.550000031462849,1.2454254048173444e-06,35,0,0,0,0.0,LOW
CUST004692,23,0,12.250000049791723,11.336957319949056,4.5552528940727095e-05,35,0,0,0,0.0,LOW
CUST003772,21,0,12.250000048918453,11.166666675718758,2.569291513991158e-07,35,0,0,0,0.0,LOW
CUST004639,16,0,12.25000004657927,11.703125002911875,1.1644817510468296e-07,35,0,0,0,0.0,LOW
CUST003574,24,0,12.25000004104127,11.520833435318425,5.184987280720196e-06,35,0,0,0,0.0,LOW
CUST003540,22,0,12.250000039769573,11.375000001807708,9.942392982866858e-08,35,0,0,0,0.0,LOW
CUST003258,20,0,12.250000037161145,11.28750000386235,9.765725406532692e-08,35,0,0,0,0.0,LOW
CUST001172,17,0,12.250000036213217,11.22058824313699,1.1839477465356438e-07,35,0,0,0,0.0,LOW
CUST003974,18,0,12.25000003271401,11.277778242977227,2.084726995177187e-05,35,0,0,0,0.0,LOW
CUST003556,22,0,12.25000002750069,11.375000002360544,6.87517238570711e-08,35,0,0,0,0.0,LOW
CUST002941,31,0,12.250000027302747,11.291457113494046,0.08792622134672,35,0,0,0,0.0,LOW
CUST002292,15,0,12.25000002681547,11.666666668940021,6.703867742220405e-08,35,0,0,0,0.0,LOW
CUST003132,30,0,12.250000026685594,11.083334666164568,9.794036472592827e-05,35,0,0,0,0.0,LOW
CUST001731,20,0,12.250000026353721,11.725000001375935,6.588430055715872e-08,35,0,0,0,0.0,LOW
CUST002481,23,0,12.250000026218459,11.184782609880523,6.55461464680557e-08,35,0,0,0,0.0,LOW
CUST004226,23,0,12.250000026186624,11.717391305544304,6.546656107292303e-08,35,0,0,0,0.0,LOW
CUST002164,25,0,12.250000026180444,11.480007003567477,0.0004297945476116794,35,0,0,0,0.0,LOW
CUST004672,16,0,12.250000025127349,11.484375001592102,6.28183727052441e-08,35,0,0,0,0.0,LOW
CUST003982,23,0,12.250000024910676,11.565217392423738,6.227669265663066e-08,35,0,0,0,0.0,LOW
CUST000385,33,0,12.250000024402029,11.242424313656345,4.829789450139929e-06,35,0,0,0,0.0,LOW
CUST000904,18,0,12.250000023738849,11.56944444582727,5.9347121195920306e-08,35,0,0,0,0.0,LOW
CUST004537,18,0,12.250000023612417,11.18055558656329,1.0930054691296617e-06,35,0,0,0,0.0,LOW
CUST002702,26,0,12.250000023354204,11.44230781309009,7.78244517833397e-06,35,0,0,0,0.0,LOW
CUST002916,21,0,12.25000002278007,11.666672738045492,0.0001754155885625447,35,0,0,0,0.0,LOW
CUST000434,22,0,12.250000020789637,11.53409113320164,1.2271761783494062e-05,35,0,0,0,0.0,LOW
CUST001178,26,0,12.250000020778693,11.442307697179086,2.52786725442445e-07,35,0,0,0,0.0,LOW
CUST002243,25,0,12.250000020481714,11.200000044782623,2.7102394696772145e-06,35,0,0,0,0.0,LOW
CUST001365,16,0,12.250000020326294,11.484375002425095,5.081573566974621e-08,35,0,0,0,0.0,LOW
CUST000283,34,0,12.250000020241488,11.683823530509448,5.060371964840741e-08,35,0,0,0,0.0,LOW
CUST004421,19,0,12.25000001948498,11.236843165517765,3.2217098876054215e-05,35,0,0,0,0.0,LOW
CUST001036,14,0,12.250000018268718,11.375000263610492,9.17701096999961e-06,35,0,0,0,0.0,LOW
CUST000689,23,0,12.250000018136104,11.717391305471267,4.5340259871765e-08,35,0,0,0,0.0,LOW
CUST000287,15,0,12.250000017847826,11.783333335907738,4.461956665623205e-08,35,0,0,0,0.0,LOW
CUST001435,16,0,12.250000017575893,11.1562500019835,4.393973294804316e-08,35,0,0,0,0.0,LOW
CUST002537,30,0,12.250000017480607,11.316666919701637,1.3197914729653825e-05,35,0,0,0,0.0,LOW
CUST000923,24,0,12.250000017289128,11.44791682795828,9.63320705849101e-06,35,0,0,0,0.0,LOW
CUST003138,22,0,12.250000016231017,11.215924915549275,0.0008668478283228612,35,0,0,0,0.0,LOW
CUST002413,24,0,12.25000001605981,11.375001147782262,6.682958943458464e-05,35,0,0,0,0.0,LOW
CUST001207,29,0,12.250000015786997,11.706896714120187,1.1615179366278438e-05,35,0,0,0,0.0,LOW
CUST004219,26,0,12.250000014088371,11.442307877937658,1.1948233958634756e-05,35,0,0,0,0.0,LOW
CUST004438,29,0,12.250000011185543,11.224137954234902,1.6527776947255526e-06,35,0,0,0,0.0,LOW
CUST004607,30,0,12.250000010958022,11.200000005045466,2.506924630338854e-07,35,0,0,0,0.0,LOW
CUST001595,32,0,12.250000010782868,11.648437500961835,3.235088060120981e-08,35,0,0,0,0.0,LOW
CUST004334,25,0,12.250000010724435,11.480048692865305,0.0030432751848170725,35,0,0,0,0.0,LOW
CUST002013,24,0,12.250000009993645,11.010417168092816,1.5447375355179186e-05,35,0,0,0,0.0,LOW
CUST001951,21,0,12.250000009844507,11.500000000647635,2.4611268280544208e-08,35,0,0,0,0.0,LOW
CUST003322,22,0,12.250000009025062,11.375000000419817,2.2562655095739308e-08,35,0,0,0,0.0,LOW
CUST001077,21,0,12.250000008680315,11.416666667142453,2.1700785634917648e-08,35,0,0,0,0.0,LOW
CUST001529,15,0,12.250000008429009,11.550096186039207,0.0036069496802079667,35,0,0,0,0.0,LOW
CUST002110,24,0,12.250000008022008,11.593750001533927,4.9399484811277423e-08,35,0,0,0,0.0,LOW
CUST002270,25,0,12.250000007616867,11.620000002226645,1.0568958997133902e-07,35,0,0,0,0.0,LOW
CUST004399,18,0,12.250000006859077,11.277777778190456,1.7147690017737614e-08,35,0,0,0,0.0,LOW
CUST004030,14,0,12.250000006649012,11.62500000264892,7.599810232590026e-08,35,0,0,0,0.0,LOW
CUST004191,26,0,12.250000006607989,11.375000089761231,4.152398517303323e-06,35,0,0,0,0.0,LOW
CUST000603,23,0,12.25000000643303,11.641304348256226,1.6082574562765685e-08,35,0,0,0,0.0,LOW
CUST000210,20,0,12.250000006303933,11.550000021597421,1.0249974929060978e-06,35,0,0,0,0.0,LOW
CUST002958,20,0,12.250000006209882,11.72500209401084,0.00010468383461788056,35,0,0,0,0.0,LOW
CUST001564,11,0,12.2500000058841,11.454545456157396,2.7194037054565975e-08,35,0,0,0,0.0,LOW
CUST003315,25,0,12.250000005789806,11.340000014550835,8.892941879374321e-07,35,0,0,0,0.0,LOW
CUST004053,20,0,12.250000005627344,11.200000000423127,1.4068358463357197e-08,35,0,0,0,0.0,LOW
CUST003775,22,0,12.2500000054651,11.295454550026243,1.9693203091110396e-07,35,0,0,0,0.0,LOW
CUST001196,20,0,12.250000005458148,11.462500000553984,1.3645368253358318e-08,35,0,0,0,0.0,LOW
CUST000667,19,0,12.250000005307863,11.51315790133096,2.403865398754625e-07,35,0,0,0,0.0,LOW
CUST003730,13,0,12.250000005304308,11.3076923461029,1.2266013681278045e-06,35,0,0,0,0.0,LOW
CUST004511,27,0,12.250000005163024,11.083333334009287,3.1729234306477426e-08,35,0,0,0,0.0,LOW
CUST002101,24,0,12.250000004829118,11.010416993916834,1.6261583777389384e-05,35,0,0,0,0.0,LOW
CUST003443,19,0,12.250000004769293,11.605263158211113,1.192323088582723e-08,35,0,0,0,0.0,LOW
CUST004887,19,0,12.25000000445526,11.697368421378604,1.113814911302884e-08,35,0,0,0,0.0,LOW
CUST001116,16,0,12.250000004185429,11.375000001228054,3.186391241222015e-08,35,0,0,0,0.0,LOW
CUST003903,22,0,12.25000000417164,11.613636363942453,1.0429100774757554e-08,35,0,0,0,0.0,LOW
CUST000616,27,0,12.250000003490959,11.666666667042865,1.433264480972753e-08,35,0,0,0,0.0,LOW
CUST001341,25,0,12.250000003435995,11.550000005960717,3.565453246736912e-07,35,0,0,0,0.0,LOW
CUST001291,19,0,12.250000003100247,11.328947369784396,5.409788394734822e-08,35,0,0,0,0.0,LOW
CUST001596,12,0,12.250000003087967,11.229166666948778,7.719918261932999e-09,35,0,0,0,0.0,LOW
CUST003764,24,0,12.25000000232492,11.593754390396946,0.00017419945188175165,35,0,0,0,0.0,LOW
CUST004010,24,0,12.250000002163574,11.593750000244661,5.408933738620304e-09,35,0,0,0,0.0,LOW
CUST000242,22,0,12.250000002035446,11.215909111006342,1.032136546653978e-06,35,0,0,0,0.0,LOW
CUST001470,23,0,12.250000002025969,11.565217391907375,2.1587390181497487e-08,35,0,0,0,0.0,LOW
CUST001012,17,0,12.250000001978053,11.632352941296883,4.945135334947262e-09,35,0,0,0,0.0,LOW
CUST003030,17,0,12.250000001916813,11.32352995650926,2.3145067849105447e-05,35,0,0,0,0.0,LOW
CUST000893,18,0,12.250000001829022,11.277777780125104,9.807370124048852e-08,35,0,0,0,0.0,LOW
CUST002365,14,0,12.250000001787917,11.500000000164494,4.4697922576946355e-09,35,0,0,0,0.0,LOW
CUST004682,18,0,12.250000001774968,11.763888889065761,4.4374206742715856e-09,35,0,0,0,0.0,LOW
CUST002814,25,0,12.250000001673582,11.55000000009075,4.183957029120936e-09,35,0,0,0,0.0,LOW
CUST002497,22,0,12.250000001532992,11.693181833902768,5.442162638763316e-07,35,0,0,0,0.0,LOW
CUST001913,18,0,12.250000001492904,11.763888889066038,3.7322605736436685e-09,35,0,0,0,0.0,LOW
CUST003703,21,0,12.250000001448036,11.500001764023793,9.105306696335731e-05,35,0,0,0,0.0,LOW
CUST001060,24,0,12.250000001354453,11.520833637094574,1.645007772660657e-05,35,0,0,0,0.0,LOW
CUST004395,19,0,12.250000001337465,11.421052631697908,3.3436616590347823e-09,35,0,0,0,0.0,LOW
CUST002696,20,0,12.250000001329244,11.025000079527622,1.9515759687359714e-06,35,0,0,0,0.0,LOW
CUST000744,20,0,12.25000000130013,11.462500035594786,1.7651110036400577e-06,35,0,0,0,0.0,LOW
CUST004590,21,0,12.25000000123121,11.583333334651948,6.470047479870092e-08,35,0,0,0,0.0,LOW
CUST003837,13,0,12.250000001121952,11.30769243611789,4.167995578737953e-06,35,0,0,0,0.0,LOW
CUST002883,16,0,12.250000001013072,11.59375003117519,1.2444722063493294e-06,35,0,0,0,0.0,LOW
CUST004106,18,0,12.250000000845954,11.569444445929836,6.472233353230236e-08,35,0,0,0,0.0,LOW
CUST002714,22,0,12.250000000838655,11.056843228128331,0.0013756754424188039,35,0,0,0,0.0,LOW
CUST003024,20,0,12.250000000836957,11.462500156876507,7.841267807431593e-06,35,0,0,0,0.0,LOW
CUST004307,23,0,12.250000000790408,11.184795927195283,0.0004249302211869706,35,0,0,0,0.0,LOW
CUST004359,16,0,12.25000000078361,11.375000001675648,6.367059744022662e-08,35,0,0,0,0.0,LOW
CUST002155,20,0,12.250000000751868,11.550000324625326,1.607814949450645e-05,35,0,0,0,0.0,LOW
CUST001980,23,0,12.250000000715472,11.641304355386582,2.5914931251914086e-07,35,0,0,0,0.0,LOW
CUST002980,18,0,12.250000000691962,11.375000003817092,1.7003925066689568e-07,35,0,0,0,0.0,LOW
CUST003505,21,0,12.250000000678183,11.583333333434108,2.9278407074254563e-09,35,0,0,0,0.0,LOW
CUST004818,20,0,12.25000000067768,11.375000000037671,1.69420212794624e-09,35,0,0,0,0.0,LOW
CUST001004,26,0,12.250000000635618,11.375000001568868,9.7299944670857e-08,35,0,0,0,0.0,LOW
CUST004894,24,0,12.250000000587432,11.375000037543414,2.0989099676345066e-06,35,0,0,0,0.0,LOW
CUST001430,16,0,12.2500000005296,11.70312500005734,1.324000451031407e-09,35,0,0,0,0.0,LOW
CUST000786,25,0,12.250000000453241,11.55000043995733,2.549420882560652e-05,35,0,0,0,0.0,LOW
CUST002538,24,0,12.250000000404862,11.447916666935457,1.4741272278890488e-08,35,0,0,0,0.0,LOW
CUST001932,20,0,12.250000000402272,11.550000028164568,1.3680544232627734e-06,35,0,0,0,0.0,LOW
CUST003035,23,0,12.250000000389374,11.4130803830476,0.0021050887363394896,35,0,0,0,0.0,LOW
CUST002364,15,0,12.250000000354904,11.666668261161034,5.9792651523802884e-05,35,0,0,0,0.0,LOW
CUST003839,25,0,12.250000000335552,11.620000371265688,1.95334659386196e-05,35,0,0,0,0.0,LOW
CUST000546,17,0,12.25000000031939,11.220588235408853,4.077740225467056e-09,35,0,0,0,0.0,LOW
CUST002950,21,0,12.250000000313694,11.750000000369427,1.4525367108228118e-08,35,0,0,0,0.0,LOW
CUST001464,17,0,12.250000000298241,11.83823529413519,7.456028353679005e-10,35,0,0,0,0.0,LOW
CUST004722,23,0,12.250000000269887,11.33695652179749,2.571709468927476e-09,35,0,0,0,0.0,LOW
CUST004486,19,0,12.250000000250864,11.421053632044583,4.725087003229226e-05,35,0,0,0,0.0,LOW
CUST000920,19,0,12.250000000248047,11.052635236082004,0.00013941554319403578,35,0,0,0,0.0,LOW
CUST002114,24,0,12.250000000244837,11.520833365517225,1.930377424030336e-06,35,0,0,0,0.0,LOW
CUST004487,16,0,12.25000000024275,11.484375032005538,1.2041319804403422e-06,35,0,0,0,0.0,LOW
CUST002406,16,0,12.250000000235714,11.484375018280087,7.306115866647721e-07,35,0,0,0,0.0,LOW
CUST002090,25,0,12.250000000232218,11.410000001501684,8.614422647190486e-08,35,0,0,0,0.0,LOW
CUST004216,17,0,12.25000000022274,11.632367979827706,0.0006391419290772733,35,0,0,0,0.0,LOW
CUST000971,12,0,12.250000000211836,11.375002105322944,6.314352256017706e-05,35,0,0,0,0.0,LOW
CUST004373,20,0,12.250000000189832,11.550000000285753,1.3812994209502359e-08,35,0,0,0,0.0,LOW
CUST004087,20,0,12.250000000183991,11.725000000345274,1.680370242566083e-08,35,0,0,0,0.0,LOW
CUST000009,25,0,12.250000000155055,11.550000038789694,1.4518060845774635e-06,35,0,0,0,0.0,LOW
CUST001801,24,0,12.250000000154266,11.447923709085364,0.00041886300074365514,35,0,0,0,0.0,LOW
CUST001570,21,0,12.250000000127196,11.41666666844894,6.365477383934894e-08,35,0,0,0,0.0,LOW
CUST002641,24,0,12.250000000125713,11.739583333853231,2.5659018470809887e-08,35,0,0,0,0.0,LOW
CUST001619,17,0,12.250000000123883,11.529411764802578,3.73405244915058e-09,35,0,0,0,0.0,LOW
CUST003686,14,0,12.250000000118083,11.750000042389392,1.4833335176372754e-06,35,0,0,0,0.0,LOW
CUST004911,17,0,12.250000000113673,11.52941176471257,2.8418324161698626e-10,35,0,0,0,0.0,LOW
CUST002053,21,0,12.2500000001096,11.500000002278533,1.0896006628271582e-07,35,0,0,0,0.0,LOW
CUST001783,13,0,12.25000000010936,11.711538461548296,2.733990493582693e-10,35,0,0,0,0.0,LOW
CUST000685,24,0,12.250000000100583,11.52083336955395,2.172985603559612e-06,35,0,0,0,0.0,LOW
CUST002358,15,0,12.250000000100428,11.316666666679051,2.5106992360808097e-10,35,0,0,0,0.0,LOW
CUST003882,19,0,12.250000000099822,11.513157901796738,1.743163370710932e-07,35,0,0,0,0.0,LOW
CUST001471,20,0,12.250000000097764,11.200000048550516,2.427112319015409e-06,35,0,0,0,0.0,LOW
CUST001638,20,0,12.25000000009109,11.900000000004598,2.2772633510272506e-10,35,0,0,0,0.0,LOW
CUST004090,24,0,12.25000000009088,11.520834845316209,9.071846776103452e-05,35,0,0,0,0.0,LOW
CUST002194,19,0,12.250000000090495,10.960526316301463,2.1180998869511546e-08,35,0,0,0,0.0,LOW
CUST002670,15,0,12.250000000082634,11.316666666677262,2.065880287122057e-10,35,0,0,0,0.0,LOW
CUST003864,17,0,12.250000000048718,11.22058893770257,2.9149551932718328e-05,35,0,0,0,0.0,LOW
CUST002751,19,0,12.250000000048477,11.4210526315815,1.2119239525032046e-10,35,0,0,0,0.0,LOW
CUST001866,24,0,12.25000000004336,11.593750336454491,1.7860429984210436e-05,35,0,0,0,0.0,LOW
CUST003509,16,0,12.250000000038556,11.484375000003727,9.638787630227796e-11,35,0,0,0,0.0,LOW
CUST004870,19,0,12.250000000038039,11.052631579215367,7.535285007861936e-09,35,0,0,0,0.0,LOW
CUST001610,24,0,12.25000000003435,11.593750001100846,5.882018410087546e-08,35,0,0,0,0.0,LOW
CUST003863,20,0,12.250000000027223,11.462500000357478,1.7244493274362274e-08,35,0,0,0,0.0,LOW
CUST001593,17,0,12.250000000026933,11.632353137724662,8.353219281884591e-06,35,0,0,0,0.0,LOW
CUST000334,19,0,12.250000000015422,11.697368421059457,2.8567474716488247e-10,35,0,0,0,0.0,LOW
CUST002710,18,0,12.250000000012525,11.569444444445484,3.1314025379691944e-11,35,0,0,0,0.0,LOW
CUST002986,14,0,12.250000000012097,11.250001230205005,4.305714492852378e-05,35,0,0,0,0.0,LOW
CUST000462,15,0,12.250000000009733,11.083333334086351,2.8169945010358286e-08,35,0,0,0,0.0,LOW
CUST002558,14,0,12.250000000006604,11.375001494140394,4.95334924358415e-05,35,0,0,0,0.0,LOW
CUST004457,20,0,12.250000000006585,11.375000026914034,1.3456852716739093e-06,35,0,0,0,0.0,LOW
CUST003381,21,0,12.25000000000612,10.916666925729286,1.3559519079057158e-05,35,0,0,0,0.0,LOW
CUST000839,20,0,12.250000000003546,11.550000020121562,8.648366951985481e-07,35,0,0,0,0.0,LOW
CUST001704,20,0,12.250000000002734,11.37500041554915,1.5381242766853655e-05,35,0,0,0,0.0,LOW
CUST001277,21,0,12.250000000002336,11.250000000099595,5.212765977351485e-09,35,0,0,0,0.0,LOW
CUST002291,17,0,12.250000000000904,11.220590935661845,0.00011348669359315152,35,0,0,0,0.0,LOW
CUST004479,21,0,12.250000000000888,11.416666854995915,9.886888978411697e-06,35,0,0,0,0.0,LOW
CUST001886,25,0,12.250000000000025,11.340000000194365,1.2147812588724083e-08,35,0,0,0,0.0,LOW
CUST000163,19,0,12.25,11.328947826372243,2.1717126879284157e-05,35,0,0,0,0.0,LOW
CUST000203,16,0,12.25,11.375000000507763,1.9603309804567115e-08,35,0,0,0,0.0,LOW
CUST000294,17,0,12.25,11.323529413030972,5.35743761365223e-08,35,0,0,0,0.0,LOW
CUST000542,18,0,12.25,11.472222247030112,6.195000242359016e-07,35,0,0,0,0.0,LOW
CUST000750,14,0,12.25,11.000000034020117,1.190468319057963e-06,35,0,0,0,0.0,LOW
CUST000781,25,0,12.25,11.620000122494297,7.640182106652186e-06,35,0,0,0,0.0,LOW
CUST000858,14,0,12.25,11.5,0.0,35,0,0,0,0.0,LOW
CUST000876,16,0,12.25,11.04687515968628,4.336687159197753e-06,35,0,0,0,0.0,LOW
CUST000993,18,0,12.25,11.472246002888959,0.0010698002057897237,35,0,0,0,0.0,LOW
CUST001068,20,0,12.25,11.550000000280473,1.4023620750955069e-08,35,0,0,0,0.0,LOW
CUST001073,20,0,12.25,11.287500000014449,4.933970036938036e-10,35,0,0,0,0.0,LOW
CUST001108,32,0,12.25,11.265637344340162,0.0009864147463857387,35,0,0,0,0.0,LOW
CUST001531,21,0,12.25,11.0833333670783,1.4318114021333944e-06,35,0,0,0,0.0,LOW
CUST001590,17,0,12.25,11.426470588632364,1.5449411138096708e-08,35,0,0,0,0.0,LOW
CUST001747,21,0,12.25,11.333383761361983,0.0026474225700210863,35,0,0,0,0.0,LOW
CUST002790,17,0,12.25,11.220588249058665,5.849932113190071e-07,35,0,0,0,0.0,LOW
CUST002853,17,0,12.25,11.117647058823529,0.0,35,0,0,0,0.0,LOW
CUST002903,23,0,12.25,11.717391304347826,0.0,35,0,0,0,0.0,LOW
CUST003010,18,0,12.25,4.95838476353704,0.002020286202559934,35,0,0,0,0.0,LOW
CUST003061,15,0,12.25,10.966666679606002,4.833566644293958e-07,35,0,0,0,0.0,LOW
CUST003422,16,0,12.25,10.937500005915085,2.3657879307677412e-07,35,0,0,0,0.0,LOW
CUST003619,13,0,12.25,11.442307692307692,0.0,35,0,0,0,0.0,LOW
CUST003657,28,0,12.25,11.500018526566079,0.001296859625483618,35,0,0,0,0.0,LOW
CUST003702,17,0,12.25,11.426510909904682,0.0017136696776053556,35,0,0,0,0.0,LOW
CUST003732,20,0,12.25,11.112500012461695,4.7385647629232643e-07,35,0,0,0,0.0,LOW
CUST003861,12,0,12.25,11.375000010886586,3.265975568308018e-07,35,0,0,0,0.0,LOW
CUST003951,25,0,12.25,11.410000003721642,1.4362154059925126e-07,35,0,0,0,0.0,LOW
CUST003994,17,0,12.25,11.632353404867422,1.970642838117059e-05,35,0,0,0,0.0,LOW
CUST004124,23,0,12.25,11.413044976923384,8.307967121048267e-05,35,0,0,0,0.0,LOW
CUST004199,23,0,12.25,11.33695652173913,0.0,35,0,0,0,0.0,LOW
CUST004277,18,0,12.25,11.277935115031989,0.007080027432225815,35,0,0,0,0.0,LOW
CUST004468,28,0,12.25,11.375000173351586,8.588425221737494e-06,35,0,0,0,0.0,LOW
CUST004477,17,0,12.25,11.323529412792086,4.3595056517429537e-08,35,0,0,0,0.0,LOW
CUST004654,20,0,12.25,11.637500001001284,4.9134595236042165e-08,35,0,0,0,0.0,LOW
CUST004661,16,0,12.25,11.265625003866463,1.546585294394327e-07,35,0,0,0,0.0,LOW
CUST004681,18,0,12.25,11.277778477978458,3.150903061659376e-05,35,0,0,0,0.0,LOW
CUST002008,25,0,10.500001685775878,4.830734282623833,0.045874137431890005,30,0,0,0,0.0,LOW
CUST003645,18,0,7.000020532316153,4.375090508711989,0.004020688734879593,20,0,0,0,0.0,LOW
CUST004929,25,0,7.000008667887676,4.27000038278092,2.1669719190020853e-05,20,0,0,0,0.0,LOW
CUST004613,20,0,7.000000000563472,4.375000728113674,2.91305163057402e-05,20,0,0,0,0.0,LOW
CUST002239,15,0,7.000000000155893,4.66666668583836,3.545419241334031e-07,20,0,0,0,0.0,LOW
CUST000513,19,0,7.0,4.697418524488936,0.0023734082645185846,20,0,0,0,0.0,LOW
CUST000989,13,0,7.0,4.576923695981925,2.0119412570576022e-05,20,0,0,0,0.0,LOW
CUST000992,19,0,7.0,4.513284831485354,0.0056423676474890985,20,0,0,0,0.0,LOW
CUST001082,19,0,7.0,4.605263158109847,1.0217759545932236e-08,20,0,0,0,0.0,LOW
CUST001583,12,0,7.0,4.37500002187596,6.529252319942151e-07,20,0,0,0,0.0,LOW
CUST002015,15,0,7.0,5.0166666672107665,2.040374126751788e-08,20,0,0,0,0.0,LOW
CUST002378,22,0,7.0,4.613636888330807,2.818850394707459e-05,20,0,0,0,0.0,LOW
CUST002543,19,0,7.0,4.052631764939286,7.67076547634347e-06,20,0,0,0,0.0,LOW
CUST002609,15,0,7.0,4.200045313235229,0.0010707535637425232,20,0,0,0,0.0,LOW
CUST002761,18,0,7.0,4.375000000286914,1.2911115871663768e-08,20,0,0,0,0.0,LOW
CUST003199,14,0,7.0,5.1250012975772705,4.5402601278807936e-05,20,0,0,0,0.0,LOW
CUST003569,22,0,7.0,4.2159245982209805,0.0008128452670616985,20,0,0,0,0.0,LOW
CUST003831,16,0,7.0,3.937500214955784,8.598231350191418e-06,20,0,0,0,0.0,LOW
CUST003893,21,0,7.0,4.500156987958237,0.006463550106505564,20,0,0,0,0.0,LOW
CUST004103,21,0,7.0,4.500000850553566,4.440930928704757e-05,20,0,0,0,0.0,LOW
CUST004169,15,0,7.0,4.550000085055185,3.1895694384044254e-06,20,0,0,0,0.0,LOW
CUST004170,21,0,7.0,4.166667735382887,5.554896367378084e-05,20,0,0,0,0.0,LOW
CUST004738,23,0,7.0,4.336958649658651,0.00011078074275017084,20,0,0,0,0.0,LOW
CUST001482,18,0,5.25032844239255,4.180652357797855,0.003471351069644371,15,0,0,0,0.0,LOW
CUST000262,19,0,5.250017118167351,4.052632494666789,4.279541837832061e-05,15,0,0,0,0.0,LOW
CUST000406,21,0,5.250000250044217,4.250030099391085,0.0015566899487319407,15,0,0,0,0.0,LOW
CUST002810,15,0,5.250000000193374,4.666706893900383,0.0015085207809279648,15,0,0,0,0.0,LOW
CUST000609,18,0,5.25,3.9863420236493314,0.009701445937691476,15,0,0,0,0.0,LOW
CUST004245,14,0,5.25,4.250000662940447,2.3202915661511985e-05,15,0,0,0,0.0,LOW
