customer_id,total_transactions,total_transaction_volume,average_transaction,maximum_transaction,transaction_std,cash_transactions,international_transactions,suspicious_transactions,rule_alerts,unique_counterparties,unique_origin_countries,unique_destination_countries,average_rule_score,maximum_rule_score,average_red_flags,maximum_red_flags,PEP_flag,sanctions_flag,adverse_media_flag,structuring_events,rapid_movement_events,funnel_behavior,layering_behavior,mule_behavior,target,cash_ratio,international_ratio,suspicious_ratio,rule_alert_ratio,structuring_ratio,rapid_movement_ratio
CUST000001,31,28534.82,920.478064516129,6393.51,1228.9995223525498,10,18,0,31,31,6,8,50.16129032258065,70,3.935483870967742,5,0,0,1,0,0,0,0,0,0,0.3225806451612903,0.5806451612903226,0.0,1.0,0.0,0.0
CUST000002,28,31315.07,1118.3953571428572,12304.22,2458.137350398833,6,18,0,28,28,6,7,35.714285714285715,60,2.9285714285714284,5,0,0,0,0,0,0,0,0,0,0.21428571428571427,0.6428571428571429,0.0,1.0,0.0,0.0
CUST000003,24,10958.81,456.6170833333333,3076.05,712.9754329902574,6,10,0,24,24,5,5,33.333333333333336,40,2.6666666666666665,4,0,0,0,0,0,0,0,0,0,0.25,0.4166666666666667,0.0,1.0,0.0,0.0
CUST000004,27,11850.35,438.90185185185186,2070.11,504.650363930979,5,14,0,27,27,5,7,33.51851851851852,40,2.7037037037037037,4,0,0,0,0,0,0,0,0,0,0.18518518518518517,0.5185185185185185,0.0,1.0,0.0,0.0
CUST000005,26,17229.46,662.6715384615384,4617.64,911.7091258935268,9,9,0,26,26,5,6,33.46153846153846,40,2.6923076923076925,4,0,0,0,0,0,0,0,0,0,0.34615384615384615,0.34615384615384615,0.0,1.0,0.0,0.0
CUST000006,24,14195.51,591.4795833333334,4724.67,1185.731361391262,3,14,0,24,24,8,7,33.541666666666664,40,2.7083333333333335,4,0,0,0,0,0,0,0,0,0,0.125,0.5833333333333334,0.0,1.0,0.0,0.0
CUST000007,20,9580.53,479.02650000000006,3059.5,685.1373205521802,3,9,0,20,20,5,5,33.0,40,2.6,4,0,0,0,0,0,0,0,0,0,0.15,0.45,0.0,1.0,0.0,0.0
CUST000008,20,8212.85,410.64250000000004,1312.0,413.4865027883714,4,8,0,20,20,6,4,33.0,40,2.6,4,0,0,0,0,0,0,0,0,0,0.2,0.4,0.0,1.0,0.0,0.0
CUST000009,25,14150.35,566.014,2348.84,486.95039977565136,1,14,0,25,25,7,6,33.0,35,2.6,3,0,0,0,0,0,0,0,0,0,0.04,0.56,0.0,1.0,0.0,0.0
CUST000010,42,204756.32,4875.150476190476,9902.23,4378.030560882287,22,12,20,42,41,5,7,64.28571428571429,100,4.928571428571429,8,0,0,0,20,19,1,1,0,1,0.5238095238095238,0.2857142857142857,0.47619047619047616,1.0,0.47619047619047616,0.4523809523809524
CUST000011,53,216949.59,4093.3884905660375,9945.94,4299.80204196363,25,12,20,53,53,5,6,59.62264150943396,100,4.867924528301887,9,0,0,0,22,19,1,1,0,1,0.4716981132075472,0.22641509433962265,0.37735849056603776,1.0,0.41509433962264153,0.3584905660377358
CUST000012,46,197902.13,4302.220217391305,9936.25,4474.46761974725,26,13,20,46,46,7,6,61.84782608695652,100,4.782608695652174,8,0,0,0,20,19,1,1,0,1,0.5652173913043478,0.2826086956521739,0.43478260869565216,1.0,0.43478260869565216,0.41304347826086957
CUST000013,47,202374.71,4305.844893617021,9884.04,4273.279366161345,22,8,20,47,47,4,6,60.638297872340424,100,4.553191489361702,8,0,0,0,20,19,1,1,0,1,0.46808510638297873,0.1702127659574468,0.425531914893617,1.0,0.425531914893617,0.40425531914893614
CUST000014,46,204049.31,4435.854565217392,9852.35,4292.278932625525,24,17,20,46,46,6,11,62.82608695652174,100,5.282608695652174,9,0,0,0,20,19,1,1,0,1,0.5217391304347826,0.3695652173913043,0.43478260869565216,1.0,0.43478260869565216,0.41304347826086957
CUST000015,44,204191.11,4640.707045454546,9928.3,4304.101793781747,26,9,20,44,44,5,6,62.84090909090909,100,4.818181818181818,8,0,0,0,20,19,1,1,0,1,0.5909090909090909,0.20454545454545456,0.45454545454545453,1.0,0.45454545454545453,0.4318181818181818
CUST000016,44,204177.06,4640.387727272727,9918.88,4344.8491307287895,26,10,20,44,44,6,3,63.40909090909091,100,4.863636363636363,8,0,0,0,20,19,1,1,0,1,0.5909090909090909,0.22727272727272727,0.45454545454545453,1.0,0.45454545454545453,0.4318181818181818
CUST000017,42,198669.76,4730.232380952381,9893.61,4334.014994541582,21,6,20,42,42,4,2,63.80952380952381,100,5.238095238095238,9,0,0,0,20,19,1,1,0,1,0.5,0.14285714285714285,0.47619047619047616,1.0,0.47619047619047616,0.4523809523809524
CUST000018,44,195249.06,4437.478636363637,9936.24,4453.51259718511,25,12,20,44,44,6,5,63.06818181818182,100,4.863636363636363,8,0,0,0,20,19,1,1,0,1,0.5681818181818182,0.2727272727272727,0.45454545454545453,1.0,0.45454545454545453,0.4318181818181818
CUST000019,41,196518.45,4793.132926829268,9870.8,4421.203445802536,23,7,20,41,40,5,5,64.63414634146342,100,4.902439024390244,8,0,0,0,20,19,1,1,0,1,0.5609756097560976,0.17073170731707318,0.4878048780487805,1.0,0.4878048780487805,0.4634146341463415
CUST000020,50,210948.75,4218.975,9747.67,4154.109613683657,24,14,20,50,50,8,5,59.6,100,4.56,8,0,0,0,20,19,1,1,0,1,0.48,0.28,0.4,1.0,0.4,0.38
CUST000021,41,203418.94,4961.43756097561,9815.14,4405.433652026086,25,10,20,41,41,5,5,66.34146341463415,100,5.097560975609756,8,0,0,0,21,19,1,1,0,1,0.6097560975609756,0.24390243902439024,0.4878048780487805,1.0,0.5121951219512195,0.4634146341463415
CUST000022,43,206438.08,4800.885581395349,9895.48,4320.996300185929,25,11,20,43,43,7,6,64.18604651162791,100,4.930232558139535,8,0,0,0,20,19,1,1,0,1,0.5813953488372093,0.2558139534883721,0.46511627906976744,1.0,0.46511627906976744,0.4418604651162791
CUST000023,50,206369.73,4127.3946000000005,9922.86,4258.4019962250995,27,13,20,50,50,5,8,59.9,100,5.0,9,0,0,0,20,19,1,1,0,1,0.54,0.26,0.4,1.0,0.4,0.38
CUST000024,38,192871.37,5075.562368421052,9679.71,4387.84150993582,25,5,20,38,38,4,4,67.36842105263158,100,5.131578947368421,8,0,0,0,20,19,1,1,1,1,0.6578947368421053,0.13157894736842105,0.5263157894736842,1.0,0.5263157894736842,0.5
CUST000025,45,198368.84,4408.196444444445,9916.03,4432.241481399346,24,11,20,45,45,5,5,62.111111111111114,100,4.7555555555555555,8,0,0,0,20,19,1,1,0,1,0.5333333333333333,0.24444444444444444,0.4444444444444444,1.0,0.4444444444444444,0.4222222222222222
CUST000026,40,191328.69,4783.21725,9928.62,4480.288671464286,23,12,20,40,38,6,8,66.125,100,5.1,8,0,0,0,20,19,1,1,0,1,0.575,0.3,0.5,1.0,0.5,0.475
CUST000027,47,210088.52,4469.968510638298,9939.84,4360.680198694564,24,10,20,47,47,8,6,61.06382978723404,100,4.638297872340425,8,0,0,0,20,19,1,1,0,1,0.5106382978723404,0.2127659574468085,0.425531914893617,1.0,0.425531914893617,0.40425531914893614
CUST000028,44,196018.65,4454.969318181818,9930.35,4328.418114419986,26,11,20,44,44,5,8,63.40909090909091,100,5.318181818181818,9,0,0,0,20,19,1,1,0,1,0.5909090909090909,0.25,0.45454545454545453,1.0,0.45454545454545453,0.4318181818181818
CUST000029,40,217526.33,5438.1582499999995,9913.8,4193.12004974809,23,13,20,40,40,4,5,68.75,100,5.75,9,0,0,0,21,19,1,1,1,1,0.575,0.325,0.5,1.0,0.525,0.475
CUST000030,44,218699.32,4970.439090909091,10310.3,4321.040115420004,27,14,20,44,44,9,6,72.95454545454545,100,6.0,9,0,0,1,20,19,1,1,0,1,0.6136363636363636,0.3181818181818182,0.45454545454545453,1.0,0.45454545454545453,0.4318181818181818
CUST000031,43,206455.95,4801.301162790698,9843.0,4398.198814293571,24,8,20,43,43,5,5,64.4186046511628,100,5.325581395348837,9,0,0,0,20,19,1,1,0,1,0.5581395348837209,0.18604651162790697,0.46511627906976744,1.0,0.46511627906976744,0.4418604651162791
CUST000032,42,192484.05000000002,4582.953571428572,9853.23,4389.233776553506,26,13,20,42,42,8,7,65.23809523809524,100,5.523809523809524,9,0,0,0,20,19,1,1,0,1,0.6190476190476191,0.30952380952380953,0.47619047619047616,1.0,0.47619047619047616,0.4523809523809524
CUST000033,39,196730.7,5044.376923076923,9913.09,4459.038570267996,26,8,20,39,39,5,6,66.92307692307692,100,5.153846153846154,8,0,0,0,20,19,1,1,1,1,0.6666666666666666,0.20512820512820512,0.5128205128205128,1.0,0.5128205128205128,0.48717948717948717
CUST000034,41,194196.7,4736.5048780487805,9942.92,4454.045581780188,25,11,20,41,41,7,3,65.36585365853658,100,5.048780487804878,8,0,0,0,20,19,1,1,0,1,0.6097560975609756,0.2682926829268293,0.4878048780487805,1.0,0.4878048780487805,0.4634146341463415
CUST000035,44,586149.77,13321.585681818182,44380.46,15364.783918085916,5,13,20,44,44,5,8,62.04545454545455,100,4.613636363636363,8,0,0,0,0,19,1,1,1,1,0.11363636363636363,0.29545454545454547,0.45454545454545453,1.0,0.0,0.4318181818181818
CUST000036,45,618612.76,13746.950222222222,44994.06,15931.217388125327,6,13,20,45,45,6,6,63.111111111111114,100,4.666666666666667,8,0,0,0,0,19,1,1,1,1,0.13333333333333333,0.28888888888888886,0.4444444444444444,1.0,0.0,0.4222222222222222
CUST000037,44,585393.01,13304.386590909091,44499.12,15215.562564665222,2,13,20,44,44,7,7,61.59090909090909,100,4.386363636363637,8,0,0,0,0,19,1,1,1,1,0.045454545454545456,0.29545454545454547,0.45454545454545453,1.0,0.0,0.4318181818181818
CUST000038,48,665215.46,13858.655416666666,42194.19,16308.541988666482,5,13,20,48,48,6,8,61.145833333333336,100,4.583333333333333,8,0,0,0,0,19,1,1,1,1,0.10416666666666667,0.2708333333333333,0.4166666666666667,1.0,0.0,0.3958333333333333
CUST000039,47,718855.74,15294.802978723405,44851.43,17794.433347138907,8,13,20,47,47,8,4,61.48936170212766,100,4.723404255319149,8,0,0,0,0,19,1,1,1,1,0.1702127659574468,0.2765957446808511,0.425531914893617,1.0,0.0,0.40425531914893614
CUST000040,45,649062.82,14423.618222222221,44059.06,16135.627174068219,1,13,20,45,44,6,8,61.0,100,4.466666666666667,8,0,0,0,0,19,1,1,1,1,0.022222222222222223,0.28888888888888886,0.4444444444444444,1.0,0.0,0.4222222222222222
CUST000041,52,640133.09,12310.25173076923,40680.77,15469.018653224983,5,14,20,52,52,6,6,58.17307692307692,100,4.365384615384615,8,0,0,0,0,19,1,1,1,1,0.09615384615384616,0.2692307692307692,0.38461538461538464,1.0,0.0,0.36538461538461536
CUST000042,51,634128.98,12433.90156862745,44846.41,15844.148659482007,6,12,20,51,50,6,5,58.529411764705884,100,4.392156862745098,8,0,0,0,0,19,1,1,1,1,0.11764705882352941,0.23529411764705882,0.39215686274509803,1.0,0.0,0.37254901960784315
CUST000043,46,633262.26,13766.570869565217,43104.74,15941.608448335839,3,14,20,46,46,7,6,60.869565217391305,100,4.5,8,0,0,0,0,19,1,1,1,1,0.06521739130434782,0.30434782608695654,0.43478260869565216,1.0,0.0,0.41304347826086957
CUST000044,51,565995.87,11097.958235294118,44019.81,14684.152232234956,7,9,20,51,49,6,5,57.254901960784316,100,4.078431372549019,8,0,0,0,0,19,1,1,1,1,0.13725490196078433,0.17647058823529413,0.39215686274509803,1.0,0.0,0.37254901960784315
CUST000045,51,608817.96,11937.607058823529,42231.33,15235.579138722927,6,17,20,51,51,7,8,65.29411764705883,100,5.215686274509804,9,1,0,0,0,19,1,1,1,1,0.11764705882352941,0.3333333333333333,0.39215686274509803,1.0,0.0,0.37254901960784315
CUST000046,48,631886.03,13164.292291666667,44362.59,15931.713473168855,7,14,20,48,48,8,5,58.645833333333336,100,4.166666666666667,7,0,0,0,0,19,1,1,1,1,0.14583333333333334,0.2916666666666667,0.4166666666666667,1.0,0.0,0.3958333333333333
CUST000047,46,680335.99,14789.912826086957,42951.13,16921.74698981792,5,16,20,46,46,5,8,61.95652173913044,100,4.739130434782608,8,0,0,0,0,19,1,1,1,1,0.10869565217391304,0.34782608695652173,0.43478260869565216,1.0,0.0,0.41304347826086957
CUST000048,44,643450.52,14623.875454545456,42621.49,15960.173662482564,6,14,20,44,43,7,6,61.70454545454545,100,4.363636363636363,7,0,0,0,1,19,1,1,1,1,0.13636363636363635,0.3181818181818182,0.45454545454545453,1.0,0.022727272727272728,0.4318181818181818
CUST000049,38,671001.41,17657.931842105263,44273.65,17759.492741011567,5,11,20,38,38,5,6,66.97368421052632,100,4.921052631578948,8,0,0,0,0,19,1,1,1,1,0.13157894736842105,0.2894736842105263,0.5263157894736842,1.0,0.0,0.5
CUST000050,46,623488.38,13554.095217391305,44125.82,15987.521180493623,3,14,20,46,46,9,4,62.28260869565217,100,4.673913043478261,8,0,0,0,0,19,1,1,1,1,0.06521739130434782,0.30434782608695654,0.43478260869565216,1.0,0.0,0.41304347826086957
CUST000051,41,648506.03,15817.22024390244,42841.14,16537.03324629126,1,9,20,41,41,6,4,64.7560975609756,100,4.7560975609756095,8,0,0,0,0,19,1,1,1,1,0.024390243902439025,0.21951219512195122,0.4878048780487805,1.0,0.0,0.4634146341463415
CUST000052,45,693028.6,15400.635555555555,42963.16,17395.509513018344,2,13,20,45,45,6,7,63.44444444444444,100,4.733333333333333,8,0,0,0,0,19,1,1,1,1,0.044444444444444446,0.28888888888888886,0.4444444444444444,1.0,0.0,0.4222222222222222
CUST000053,41,600806.41,14653.81487804878,43653.98,16301.510762859087,4,11,20,41,41,5,9,65.1219512195122,100,4.829268292682927,8,0,0,0,0,19,1,1,1,1,0.0975609756097561,0.2682926829268293,0.4878048780487805,1.0,0.0,0.4634146341463415
CUST000054,45,588527.4,13078.386666666667,44947.81,15359.680684453757,2,13,20,45,45,6,6,62.55555555555556,100,4.5777777777777775,8,0,0,0,0,19,1,1,1,1,0.044444444444444446,0.28888888888888886,0.4444444444444444,1.0,0.0,0.4222222222222222
CUST000055,44,600742.66,13653.242272727273,43155.65,15548.096837887124,7,11,20,44,44,7,5,63.06818181818182,100,4.704545454545454,8,0,0,0,0,19,1,1,1,1,0.1590909090909091,0.25,0.45454545454545453,1.0,0.0,0.4318181818181818
CUST000056,52,708832.12,13631.386923076923,44953.62,17457.97703193929,7,18,20,52,52,8,8,57.59615384615385,100,4.134615384615385,7,0,0,0,0,19,1,1,1,1,0.1346153846153846,0.34615384615384615,0.38461538461538464,1.0,0.0,0.36538461538461536
CUST000057,46,593379.61,12899.556739130434,44778.64,15553.031801234132,6,11,20,46,46,6,7,59.130434782608695,100,4.108695652173913,7,0,0,0,0,19,1,1,1,1,0.13043478260869565,0.2391304347826087,0.43478260869565216,1.0,0.0,0.41304347826086957
CUST000058,42,591183.92,14075.80761904762,43263.31,15234.485592802323,3,13,20,42,42,7,4,65.11904761904762,100,4.833333333333333,8,0,0,0,0,19,1,1,1,1,0.07142857142857142,0.30952380952380953,0.47619047619047616,1.0,0.0,0.4523809523809524
CUST000059,50,565180.26,11303.6052,40197.28,14433.794770438992,4,17,20,50,50,6,8,59.6,100,4.44,8,0,0,0,0,19,1,1,1,1,0.08,0.34,0.4,1.0,0.0,0.38
CUST000060,45,182501.66999999998,4055.5926666666664,11264.85,4251.314615156972,8,10,20,45,45,7,7,68.11111111111111,100,4.911111111111111,8,0,0,1,7,17,1,1,0,1,0.17777777777777778,0.2222222222222222,0.4444444444444444,1.0,0.15555555555555556,0.37777777777777777
CUST000061,42,173763.22,4137.219523809524,11302.64,3997.7424555725916,5,14,20,42,41,8,4,59.76190476190476,100,4.095238095238095,6,0,0,0,4,18,1,1,0,1,0.11904761904761904,0.3333333333333333,0.47619047619047616,1.0,0.09523809523809523,0.42857142857142855
CUST000062,40,170489.32,4262.233,11006.75,3978.8581035558163,2,13,20,40,40,6,7,67.625,100,4.875,8,0,0,1,4,17,1,1,0,1,0.05,0.325,0.5,1.0,0.1,0.425
CUST000063,40,194771.49,4869.287249999999,11990.26,4106.5682293719565,5,7,20,40,40,5,5,65.375,100,4.525,8,0,0,0,2,19,1,1,0,1,0.125,0.175,0.5,1.0,0.05,0.475
CUST000064,45,147597.42,3279.942666666667,10916.66,3503.1531641037336,7,11,20,45,45,6,7,60.888888888888886,100,4.4,8,0,0,1,4,13,1,1,0,1,0.15555555555555556,0.24444444444444444,0.4444444444444444,1.0,0.08888888888888889,0.28888888888888886
CUST000065,47,177763.38999999998,3782.199787234042,11855.44,3671.0906924784804,5,12,20,47,47,9,7,52.234042553191486,100,3.617021276595745,7,0,0,0,6,15,1,1,0,1,0.10638297872340426,0.2553191489361702,0.425531914893617,1.0,0.1276595744680851,0.3191489361702128
CUST000066,43,160600.83,3734.903023255814,11750.35,3887.7833882711147,5,14,20,43,43,6,6,53.02325581395349,100,3.744186046511628,7,0,0,0,5,16,1,1,0,1,0.11627906976744186,0.32558139534883723,0.46511627906976744,1.0,0.11627906976744186,0.37209302325581395
CUST000067,54,166593.82,3085.070740740741,11563.98,3622.1168901930937,6,17,20,54,54,10,8,48.24074074074074,100,3.425925925925926,7,0,0,0,5,15,1,1,0,1,0.1111111111111111,0.3148148148148148,0.37037037037037035,1.0,0.09259259259259259,0.2777777777777778
CUST000068,39,197655.5,5068.089743589743,11893.88,4703.631947586934,8,12,20,39,39,5,6,63.97435897435897,100,4.487179487179487,7,0,0,0,8,19,1,1,1,1,0.20512820512820512,0.3076923076923077,0.5128205128205128,1.0,0.20512820512820512,0.48717948717948717
CUST000069,44,168472.65,3828.9238636363634,11630.19,3947.1263823287222,5,12,20,44,44,6,5,52.84090909090909,100,3.75,7,0,0,0,3,16,1,1,0,1,0.11363636363636363,0.2727272727272727,0.45454545454545453,1.0,0.06818181818181818,0.36363636363636365
CUST000070,51,188388.6,3693.894117647059,11790.4,4212.695710601551,3,20,20,51,51,8,9,54.01960784313726,100,3.823529411764706,7,0,0,0,4,17,1,1,0,1,0.058823529411764705,0.39215686274509803,0.39215686274509803,1.0,0.0784313725490196,0.3333333333333333
CUST000071,38,178779.61,4704.726578947368,11874.41,4373.722764333623,0,10,20,38,38,5,6,55.78947368421053,100,3.789473684210526,7,0,0,0,5,15,1,1,0,1,0.0,0.2631578947368421,0.5263157894736842,1.0,0.13157894736842105,0.39473684210526316
CUST000072,43,170336.54,3961.3148837209305,11753.47,3617.3030568560143,4,13,20,43,43,5,8,50.58139534883721,100,3.5813953488372094,7,0,0,0,2,14,1,1,0,1,0.09302325581395349,0.3023255813953488,0.46511627906976744,1.0,0.046511627906976744,0.32558139534883723
CUST000073,41,188188.55,4589.964634146341,11807.3,4530.161261470776,5,10,20,41,41,5,5,59.75609756097561,100,4.024390243902439,6,0,0,0,4,18,1,1,0,1,0.12195121951219512,0.24390243902439024,0.4878048780487805,1.0,0.0975609756097561,0.43902439024390244
CUST000074,50,186622.81,3732.4562,11891.72,3870.8833790239196,4,16,20,50,50,7,7,52.5,100,3.66,7,0,0,0,4,17,1,1,0,1,0.08,0.32,0.4,1.0,0.08,0.34
CUST000075,44,167677.31,3810.8479545454543,11648.76,3909.426150600967,4,10,20,44,44,5,5,54.77272727272727,100,3.8863636363636362,8,0,0,0,3,14,1,1,0,1,0.09090909090909091,0.22727272727272727,0.45454545454545453,1.0,0.06818181818181818,0.3181818181818182
CUST000076,35,187358.32,5353.094857142857,11957.54,4665.838966432367,3,9,20,35,35,5,4,61.857142857142854,100,4.2,7,0,0,0,6,17,1,1,1,1,0.08571428571428572,0.2571428571428571,0.5714285714285714,1.0,0.17142857142857143,0.4857142857142857
CUST000077,38,175725.57,4624.357105263158,11534.6,4110.520061691352,2,7,20,38,38,6,4,62.89473684210526,100,4.157894736842105,7,0,0,0,4,19,1,1,0,1,0.05263157894736842,0.18421052631578946,0.5263157894736842,1.0,0.10526315789473684,0.5
CUST000078,43,172618.06,4014.373488372093,11896.05,4271.326522849159,4,11,20,43,43,5,6,53.372093023255815,100,3.697674418604651,7,0,0,0,5,15,1,1,0,1,0.09302325581395349,0.2558139534883721,0.46511627906976744,1.0,0.11627906976744186,0.3488372093023256
CUST000079,43,179789.93,4181.161162790698,11948.94,4357.908861376394,1,11,20,43,42,8,5,68.02325581395348,100,4.8604651162790695,8,0,0,1,7,17,1,1,0,1,0.023255813953488372,0.2558139534883721,0.46511627906976744,1.0,0.16279069767441862,0.3953488372093023
CUST000080,42,189661.54,4515.750952380952,11339.59,4387.677729267088,1,14,20,42,41,6,7,58.80952380952381,100,4.023809523809524,7,0,0,0,6,18,1,1,0,1,0.023809523809523808,0.3333333333333333,0.47619047619047616,1.0,0.14285714285714285,0.42857142857142855
CUST000081,38,168900.75,4444.756578947368,11278.65,4134.21622505127,5,8,20,38,37,6,4,65.92105263157895,100,4.7368421052631575,8,0,0,1,6,13,1,1,0,1,0.13157894736842105,0.21052631578947367,0.5263157894736842,1.0,0.15789473684210525,0.34210526315789475
CUST000082,36,145452.06,4040.335,10133.84,3422.77039338228,2,7,20,36,36,3,5,55.27777777777778,100,3.7222222222222223,7,0,0,0,4,15,1,1,0,1,0.05555555555555555,0.19444444444444445,0.5555555555555556,1.0,0.1111111111111111,0.4166666666666667
CUST000083,47,158016.3,3362.0489361702125,11709.98,3354.5106701199866,4,16,20,47,46,8,9,52.12765957446808,100,3.6595744680851063,7,0,0,0,2,16,1,1,0,1,0.0851063829787234,0.3404255319148936,0.425531914893617,1.0,0.0425531914893617,0.3404255319148936
CUST000084,41,163413.87,3985.7041463414635,10853.78,3956.7844958747605,4,12,20,41,41,7,6,53.048780487804876,100,3.731707317073171,7,0,0,0,6,15,1,1,0,1,0.0975609756097561,0.2926829268292683,0.4878048780487805,1.0,0.14634146341463414,0.36585365853658536
CUST000085,42,398260.49,9482.39261904762,29631.58,9983.42191518423,6,33,20,42,42,6,9,64.88095238095238,100,5.095238095238095,8,0,0,0,0,19,1,1,1,1,0.14285714285714285,0.7857142857142857,0.47619047619047616,1.0,0.0,0.4523809523809524
CUST000086,45,403059.5,8956.877777777778,29772.96,9913.23915991981,6,32,20,45,45,8,10,63.55555555555556,100,4.977777777777778,9,0,0,0,0,19,1,1,1,1,0.13333333333333333,0.7111111111111111,0.4444444444444444,1.0,0.0,0.4222222222222222
CUST000087,43,395933.85,9207.763953488371,28644.43,9967.548250052252,3,30,20,43,43,3,9,61.86046511627907,100,4.604651162790698,9,0,0,0,0,19,1,1,1,1,0.06976744186046512,0.6976744186046512,0.46511627906976744,1.0,0.0,0.4418604651162791
CUST000088,36,442597.03,12294.361944444445,29736.52,10572.51224211508,2,29,20,36,36,4,8,71.94444444444444,100,5.611111111111111,9,0,0,0,1,19,1,1,1,1,0.05555555555555555,0.8055555555555556,0.5555555555555556,1.0,0.027777777777777776,0.5277777777777778
CUST000089,39,414279.77999999997,10622.558461538461,29303.57,10688.767613929449,3,32,20,39,39,7,10,65.38461538461539,100,4.794871794871795,8,0,0,0,0,19,1,1,1,1,0.07692307692307693,0.8205128205128205,0.5128205128205128,1.0,0.0,0.48717948717948717
CUST000090,50,406280.49,8125.6098,29779.45,9803.19287509848,4,36,20,50,49,8,9,59.0,100,4.6,9,0,0,0,0,19,1,1,1,1,0.08,0.72,0.4,1.0,0.0,0.38
CUST000091,47,380156.33,8088.43255319149,29806.69,9657.854342802044,5,35,20,47,47,7,11,61.276595744680854,100,4.808510638297872,9,0,0,0,0,19,1,1,1,1,0.10638297872340426,0.7446808510638298,0.425531914893617,1.0,0.0,0.40425531914893614
CUST000092,39,445873.35,11432.65,29968.16,11088.565817195136,3,31,20,39,39,9,7,68.46153846153847,100,5.384615384615385,9,0,0,0,0,19,1,1,1,1,0.07692307692307693,0.7948717948717948,0.5128205128205128,1.0,0.0,0.48717948717948717
CUST000093,38,426823.36,11232.193684210526,29048.43,10197.610458058545,2,29,20,38,38,3,9,66.05263157894737,100,4.7631578947368425,8,0,0,0,0,19,1,1,1,1,0.05263157894736842,0.7631578947368421,0.5263157894736842,1.0,0.0,0.5
CUST000094,36,383758.12,10659.947777777777,27575.79,10203.891178806001,0,28,20,36,36,5,5,67.36111111111111,100,4.805555555555555,8,0,0,0,0,19,1,1,1,1,0.0,0.7777777777777778,0.5555555555555556,1.0,0.0,0.5277777777777778
CUST000095,52,392716.41,7552.238653846153,29785.0,9760.735474980625,7,38,20,52,52,8,7,58.94230769230769,100,4.634615384615385,9,0,0,0,0,19,1,1,1,1,0.1346153846153846,0.7307692307692307,0.38461538461538464,1.0,0.0,0.36538461538461536
CUST000096,50,379693.9,7593.878000000001,29965.37,9038.132016016747,2,39,20,50,50,8,12,59.5,100,4.62,8,0,0,0,0,19,1,1,1,1,0.04,0.78,0.4,1.0,0.0,0.38
CUST000097,43,436362.83,10147.972790697675,29996.67,11131.464563874422,7,28,20,43,43,6,9,71.97674418604652,100,5.883720930232558,10,0,0,1,0,19,1,1,1,1,0.16279069767441862,0.6511627906976745,0.46511627906976744,1.0,0.0,0.4418604651162791
CUST000098,45,366619.82,8147.107111111111,29846.08,9296.030715698605,6,33,20,45,45,7,8,60.666666666666664,100,4.444444444444445,8,0,0,0,0,19,1,1,1,1,0.13333333333333333,0.7333333333333333,0.4444444444444444,1.0,0.0,0.4222222222222222
CUST000099,39,420325.44,10777.575384615384,29728.94,10637.073428218884,4,30,20,20,39,2,8,53.333333333333336,100,4.3076923076923075,8,0,0,0,0,19,0,1,1,1,0.10256410256410256,0.7692307692307693,0.5128205128205128,0.5128205128205128,0.0,0.48717948717948717
CUST000100,45,418778.93,9306.198444444444,29232.88,10419.503770112382,6,36,20,45,45,8,9,61.44444444444444,100,4.7555555555555555,9,0,0,0,0,19,1,1,1,1,0.13333333333333333,0.8,0.4444444444444444,1.0,0.0,0.4222222222222222
CUST000101,40,367732.14999999997,9193.30375,29417.67,9357.273661786181,4,27,20,40,40,5,8,65.625,100,5.05,9,0,0,0,0,19,1,1,1,1,0.1,0.675,0.5,1.0,0.0,0.475
CUST000102,41,434594.32,10599.861463414634,29983.94,11004.930941108983,5,33,20,41,41,4,9,64.8780487804878,100,4.878048780487805,9,0,0,0,0,19,1,1,1,1,0.12195121951219512,0.8048780487804879,0.4878048780487805,1.0,0.0,0.4634146341463415
CUST000103,44,442995.73,10068.084772727272,29129.68,10824.685928128823,5,33,20,44,44,8,9,63.18181818181818,100,4.931818181818182,9,0,0,0,0,19,1,1,1,1,0.11363636363636363,0.75,0.45454545454545453,1.0,0.0,0.4318181818181818
CUST000104,44,426367.45,9690.16931818182,28955.63,10913.583708453018,2,32,20,44,44,6,10,62.72727272727273,100,4.9772727272727275,9,0,0,0,0,19,1,1,1,1,0.045454545454545456,0.7272727272727273,0.45454545454545453,1.0,0.0,0.4318181818181818
CUST000105,45,425901.35,9464.474444444444,28952.25,10620.274863256847,7,32,20,45,42,4,10,61.111111111111114,100,4.5777777777777775,9,0,0,0,0,19,1,1,1,1,0.15555555555555556,0.7111111111111111,0.4444444444444444,1.0,0.0,0.4222222222222222
CUST000106,51,413131.38,8100.615294117647,29027.25,10107.36161816987,8,40,20,51,51,9,11,58.333333333333336,100,4.411764705882353,8,0,0,0,0,19,1,1,1,1,0.1568627450980392,0.7843137254901961,0.39215686274509803,1.0,0.0,0.37254901960784315
CUST000107,49,408936.57,8345.644285714287,29010.75,10402.070777380699,10,36,20,49,48,4,9,58.87755102040816,100,4.448979591836735,8,0,0,0,0,19,1,1,1,1,0.20408163265306123,0.7346938775510204,0.40816326530612246,1.0,0.0,0.3877551020408163
CUST000108,47,429973.91000000003,9148.381063829787,29408.65,10473.25667479697,6,30,20,47,46,4,9,60.319148936170215,100,4.51063829787234,9,0,0,0,1,19,1,1,1,1,0.1276595744680851,0.6382978723404256,0.425531914893617,1.0,0.02127659574468085,0.40425531914893614
CUST000109,40,403431.06,10085.7765,27056.53,9817.204288161429,1,30,20,40,39,4,8,65.625,100,4.7,8,0,0,0,1,19,1,1,1,1,0.025,0.75,0.5,1.0,0.025,0.475
CUST000110,45,152605.62,3391.236,17158.66,3811.1404984146625,4,7,20,45,45,5,6,45.55555555555556,100,3.1555555555555554,7,0,0,0,4,12,1,1,0,1,0.08888888888888889,0.15555555555555556,0.4444444444444444,1.0,0.08888888888888889,0.26666666666666666
CUST000111,54,135974.91,2518.053888888889,10008.24,2912.8007580965113,3,18,20,54,54,8,7,40.46296296296296,100,2.962962962962963,7,0,0,0,3,8,1,1,0,1,0.05555555555555555,0.3333333333333333,0.37037037037037035,1.0,0.05555555555555555,0.14814814814814814
CUST000112,41,125286.32,3055.7639024390246,9167.09,3062.4917336254784,4,13,20,41,41,7,4,49.51219512195122,100,3.5853658536585367,8,0,0,0,4,12,1,1,0,1,0.0975609756097561,0.3170731707317073,0.4878048780487805,1.0,0.0975609756097561,0.2926829268292683
CUST000113,35,108181.0,3090.885714285714,9301.02,2770.990896199287,6,7,20,35,35,6,2,42.57142857142857,100,3.1142857142857143,7,0,0,0,3,8,1,1,0,1,0.17142857142857143,0.2,0.5714285714285714,1.0,0.08571428571428572,0.22857142857142856
CUST000114,39,131124.36,3362.1630769230765,9390.13,3043.4643076747725,2,7,20,39,39,6,4,47.69230769230769,100,3.3333333333333335,7,0,0,0,4,10,1,1,0,1,0.05128205128205128,0.1794871794871795,0.5128205128205128,1.0,0.10256410256410256,0.2564102564102564
CUST000115,46,136876.12,2975.5678260869563,8850.56,2955.0142770573793,5,16,20,46,46,6,8,47.93478260869565,100,3.4347826086956523,7,0,0,0,4,13,1,1,0,1,0.10869565217391304,0.34782608695652173,0.43478260869565216,1.0,0.08695652173913043,0.2826086956521739
CUST000116,40,114731.95999999999,2868.299,9790.43,3130.6449807854174,2,11,20,40,40,6,7,47.375,100,3.35,7,0,0,0,5,11,1,1,0,1,0.05,0.275,0.5,1.0,0.125,0.275
CUST000117,38,129904.92,3418.5505263157893,9773.82,3073.874739843568,2,9,20,38,38,5,5,48.68421052631579,100,3.3947368421052633,7,0,0,0,4,12,1,1,0,1,0.05263157894736842,0.23684210526315788,0.5263157894736842,1.0,0.10526315789473684,0.3157894736842105
CUST000118,40,148824.24,3720.6059999999998,9989.58,3608.319118374179,5,10,20,40,39,6,5,49.875,100,3.575,7,0,0,0,8,13,1,1,0,1,0.125,0.25,0.5,1.0,0.2,0.325
CUST000119,44,144273.12,3278.9345454545455,9798.7,3426.4007544770925,7,12,20,44,42,6,6,50.45454545454545,100,3.6136363636363638,7,0,0,0,7,13,1,1,0,1,0.1590909090909091,0.2727272727272727,0.45454545454545453,1.0,0.1590909090909091,0.29545454545454547
CUST000120,38,146811.1,3863.4500000000003,9907.41,3534.171129950129,3,7,20,38,37,5,5,53.94736842105263,100,3.6842105263157894,7,0,0,0,8,14,1,1,0,1,0.07894736842105263,0.18421052631578946,0.5263157894736842,1.0,0.21052631578947367,0.3684210526315789
CUST000121,37,112657.9,3044.808108108108,8804.62,2682.4431128739066,4,6,20,37,37,4,5,46.62162162162162,95,3.2432432432432434,6,0,0,0,3,9,1,1,0,1,0.10810810810810811,0.16216216216216217,0.5405405405405406,1.0,0.08108108108108109,0.24324324324324326
CUST000122,42,131271.82,3125.519523809524,9940.47,3225.9109790364737,4,9,20,42,42,5,5,50.595238095238095,100,3.5,7,0,0,0,4,15,1,1,0,1,0.09523809523809523,0.21428571428571427,0.47619047619047616,1.0,0.09523809523809523,0.35714285714285715
CUST000123,41,116222.92,2834.7053658536583,8220.0,2778.4716555429327,4,11,20,41,41,6,7,46.951219512195124,100,3.317073170731707,7,0,0,0,1,13,1,1,0,1,0.0975609756097561,0.2682926829268293,0.4878048780487805,1.0,0.024390243902439025,0.3170731707317073
CUST000124,46,147932.05,3215.9141304347822,16143.81,3677.0384535882954,4,11,20,46,44,6,4,49.130434782608695,100,3.4130434782608696,7,0,0,0,5,13,1,1,0,1,0.08695652173913043,0.2391304347826087,0.43478260869565216,1.0,0.10869565217391304,0.2826086956521739
CUST000125,49,169166.91,3452.385918367347,9501.94,3579.3263941667615,6,20,20,49,49,9,9,53.57142857142857,100,3.836734693877551,7,0,0,0,10,16,1,1,0,1,0.12244897959183673,0.40816326530612246,0.40816326530612246,1.0,0.20408163265306123,0.32653061224489793
CUST000126,44,142409.88,3236.588181818182,9390.63,3249.7235206923074,7,15,20,44,44,6,7,48.75,100,3.590909090909091,8,0,0,0,6,10,1,1,0,1,0.1590909090909091,0.3409090909090909,0.45454545454545453,1.0,0.13636363636363635,0.22727272727272727
CUST000127,42,131266.55,3125.3940476190473,9901.43,3175.309617757721,2,12,20,42,42,6,6,48.57142857142857,100,3.4047619047619047,7,0,0,0,4,12,1,1,0,1,0.047619047619047616,0.2857142857142857,0.47619047619047616,1.0,0.09523809523809523,0.2857142857142857
CUST000128,46,152620.47,3317.836304347826,9994.52,3489.1628165407365,6,14,20,46,46,7,7,51.73913043478261,100,3.652173913043478,7,0,0,0,7,15,1,1,0,1,0.13043478260869565,0.30434782608695654,0.43478260869565216,1.0,0.15217391304347827,0.32608695652173914
CUST000129,39,143442.29,3678.007435897436,9835.53,3402.156452492354,4,10,20,39,39,6,7,52.82051282051282,100,3.8205128205128207,8,0,0,0,7,13,1,1,0,1,0.10256410256410256,0.2564102564102564,0.5128205128205128,1.0,0.1794871794871795,0.3333333333333333
CUST000130,51,149564.96,2932.646274509804,9526.45,2880.3022654158785,6,17,20,51,50,6,7,43.431372549019606,100,3.176470588235294,7,0,0,0,4,11,1,1,0,1,0.11764705882352941,0.3333333333333333,0.39215686274509803,1.0,0.0784313725490196,0.21568627450980393
CUST000131,45,129799.97,2884.443777777778,9443.36,3056.259736596715,5,13,20,45,44,6,7,48.888888888888886,100,3.466666666666667,7,0,0,0,4,13,1,1,0,1,0.1111111111111111,0.28888888888888886,0.4444444444444444,1.0,0.08888888888888889,0.28888888888888886
CUST000132,38,132115.67,3476.7281578947373,8673.66,2843.279891855822,1,11,20,38,38,5,5,46.973684210526315,100,3.3157894736842106,7,0,0,0,3,11,1,1,0,1,0.02631578947368421,0.2894736842105263,0.5263157894736842,1.0,0.07894736842105263,0.2894736842105263
CUST000133,45,137094.18,3046.537333333333,9682.01,3341.2301548024057,1,10,20,45,45,7,5,43.77777777777778,100,3.066666666666667,7,0,0,0,7,10,1,1,0,1,0.022222222222222223,0.2222222222222222,0.4444444444444444,1.0,0.15555555555555556,0.2222222222222222
CUST000134,46,133752.76,2907.668695652174,9994.41,3219.9914743300583,4,11,20,46,46,4,6,44.45652173913044,100,3.1739130434782608,7,0,0,0,6,10,1,1,0,1,0.08695652173913043,0.2391304347826087,0.43478260869565216,1.0,0.13043478260869565,0.21739130434782608
CUST000135,40,210221.81,5255.54525,14962.66,5336.312867647034,3,8,20,40,40,5,5,53.125,100,3.6,7,0,0,0,3,15,1,1,1,1,0.075,0.2,0.5,1.0,0.075,0.375
CUST000136,37,172413.63999999998,4659.828108108108,14484.41,4513.954552627047,1,11,20,37,37,7,3,47.567567567567565,100,3.3513513513513513,7,0,0,0,2,11,1,1,0,1,0.02702702702702703,0.2972972972972973,0.5405405405405406,1.0,0.05405405405405406,0.2972972972972973
CUST000137,44,213219.92,4845.907272727273,14229.48,5093.939778579287,3,11,20,44,44,7,7,54.54545454545455,100,3.75,7,0,0,0,4,17,1,1,0,1,0.06818181818181818,0.25,0.45454545454545453,1.0,0.09090909090909091,0.38636363636363635
CUST000138,37,194374.26,5253.358378378379,14729.27,5295.264894020103,4,9,20,37,37,5,6,61.351351351351354,100,4.378378378378378,8,0,0,0,5,16,1,1,1,1,0.10810810810810811,0.24324324324324326,0.5405405405405406,1.0,0.13513513513513514,0.43243243243243246
CUST000139,48,204690.34,4264.382083333333,14998.91,5558.465335297321,4,16,20,48,48,9,6,52.708333333333336,100,3.7708333333333335,7,0,0,0,1,15,1,1,0,1,0.08333333333333333,0.3333333333333333,0.4166666666666667,1.0,0.020833333333333332,0.3125
CUST000140,40,160813.72,4020.343,13755.65,4473.7810920496,2,9,20,40,39,6,5,52.25,100,3.7,8,0,0,0,4,14,1,1,0,1,0.05,0.225,0.5,1.0,0.1,0.35
CUST000141,41,191360.43,4667.327560975609,14911.4,5088.952816593892,2,10,20,41,41,7,6,49.146341463414636,100,3.3902439024390243,7,0,0,0,3,13,1,1,0,1,0.04878048780487805,0.24390243902439024,0.4878048780487805,1.0,0.07317073170731707,0.3170731707317073
CUST000142,41,171240.05,4176.586585365853,14745.1,4526.756831340518,8,4,20,41,41,3,3,48.048780487804876,100,3.341463414634146,7,0,0,0,3,12,1,1,0,1,0.1951219512195122,0.0975609756097561,0.4878048780487805,1.0,0.07317073170731707,0.2926829268292683
CUST000143,45,193427.21,4298.382444444444,13504.13,4363.900575288202,4,13,20,45,45,6,7,57.333333333333336,100,3.911111111111111,7,0,0,0,3,18,1,1,0,1,0.08888888888888889,0.28888888888888886,0.4444444444444444,1.0,0.06666666666666667,0.4
CUST000144,39,151660.09,3888.7202564102563,14859.41,4399.4929062321235,1,11,20,39,39,6,5,43.84615384615385,85,3.1025641025641026,5,0,0,0,2,10,1,1,0,1,0.02564102564102564,0.28205128205128205,0.5128205128205128,1.0,0.05128205128205128,0.2564102564102564
CUST000145,45,170218.12,3782.6248888888886,14210.75,4803.312840050473,2,17,20,45,45,6,9,46.888888888888886,100,3.4,7,0,0,0,0,11,1,1,0,1,0.044444444444444446,0.37777777777777777,0.4444444444444444,1.0,0.0,0.24444444444444444
CUST000146,43,179728.69,4179.736976744186,20661.74,5304.433352815779,9,9,20,43,43,5,4,49.76744186046512,100,3.511627906976744,7,0,0,0,1,12,1,1,0,1,0.20930232558139536,0.20930232558139536,0.46511627906976744,1.0,0.023255813953488372,0.27906976744186046
CUST000147,47,187861.41,3997.0512765957446,13706.29,4327.092786252891,8,18,20,47,47,9,8,54.8936170212766,100,4.127659574468085,8,0,0,0,5,16,1,1,0,1,0.1702127659574468,0.3829787234042553,0.425531914893617,1.0,0.10638297872340426,0.3404255319148936
CUST000148,42,178762.26,4256.244285714286,14786.93,4274.978368251157,3,11,20,42,42,4,5,50.23809523809524,100,3.4761904761904763,7,0,0,0,2,14,1,1,0,1,0.07142857142857142,0.2619047619047619,0.47619047619047616,1.0,0.047619047619047616,0.3333333333333333
CUST000149,43,170079.36,3955.3339534883717,14450.63,4443.382869182924,5,5,20,43,42,5,4,46.627906976744185,100,3.186046511627907,6,0,0,0,2,12,1,1,0,1,0.11627906976744186,0.11627906976744186,0.46511627906976744,1.0,0.046511627906976744,0.27906976744186046
CUST000150,40,176747.78,4418.6945,14646.29,4817.018502042551,8,14,20,40,40,4,8,52.5,100,3.8,7,0,0,0,4,14,1,1,0,1,0.2,0.35,0.5,1.0,0.1,0.35
CUST000151,57,179364.24,3146.741052631579,13456.03,4124.249251710064,8,19,20,57,57,7,8,47.10526315789474,95,3.3684210526315788,6,0,0,0,1,15,1,1,0,1,0.14035087719298245,0.3333333333333333,0.3508771929824561,1.0,0.017543859649122806,0.2631578947368421
CUST000152,39,185319.85,4751.791025641026,14964.14,4968.13728486145,4,7,20,39,39,6,3,50.51282051282051,100,3.4615384615384617,7,0,0,0,2,14,1,1,0,1,0.10256410256410256,0.1794871794871795,0.5128205128205128,1.0,0.05128205128205128,0.358974358974359
CUST000153,49,183173.12,3738.22693877551,14830.64,4511.537561579018,5,20,20,49,49,9,10,48.673469387755105,95,3.489795918367347,6,0,0,0,3,14,1,1,0,1,0.10204081632653061,0.40816326530612246,0.40816326530612246,1.0,0.061224489795918366,0.2857142857142857
CUST000154,44,153032.77,3478.0175,13708.55,3861.6394387762575,3,11,20,44,44,6,5,47.04545454545455,95,3.272727272727273,6,0,0,0,3,13,1,1,0,1,0.06818181818181818,0.25,0.45454545454545453,1.0,0.06818181818181818,0.29545454545454547
CUST000155,41,185090.04,4514.391219512196,14886.5,5089.644448306873,1,11,20,41,41,3,7,50.1219512195122,100,3.4390243902439024,6,0,0,0,4,13,1,1,0,1,0.024390243902439025,0.2682926829268293,0.4878048780487805,1.0,0.0975609756097561,0.3170731707317073
CUST000156,53,183730.83,3466.619433962264,14148.26,4245.18803760954,7,17,20,53,53,5,6,48.0188679245283,100,3.4339622641509435,7,0,0,0,2,15,1,1,0,1,0.1320754716981132,0.32075471698113206,0.37735849056603776,1.0,0.03773584905660377,0.2830188679245283
CUST000157,45,171683.94,3815.1986666666667,14931.49,4552.216170540454,3,13,20,45,44,10,4,50.22222222222222,100,3.6,7,0,0,0,5,13,1,1,0,1,0.06666666666666667,0.28888888888888886,0.4444444444444444,1.0,0.1111111111111111,0.28888888888888886
CUST000158,43,162891.45,3788.173255813954,14775.73,4350.210750546472,7,8,20,43,43,7,4,46.97674418604651,100,3.302325581395349,7,0,0,0,2,12,1,1,0,1,0.16279069767441862,0.18604651162790697,0.46511627906976744,1.0,0.046511627906976744,0.27906976744186046
CUST000159,42,179819.68,4281.420952380952,14945.95,4782.766115327094,5,7,20,42,41,3,5,51.07142857142857,100,3.4761904761904763,6,0,0,0,2,14,1,1,0,1,0.11904761904761904,0.16666666666666666,0.47619047619047616,1.0,0.047619047619047616,0.3333333333333333
CUST000160,32,20995.63,656.1134375,4682.57,909.4173386494177,4,14,0,32,31,6,8,32.8125,40,2.5625,4,0,0,0,0,0,0,0,0,0,0.125,0.4375,0.0,1.0,0.0,0.0
CUST000161,16,8122.58,507.66125,1411.1,401.53893662383473,1,8,0,16,16,4,5,32.8125,40,2.5625,4,0,0,0,0,0,0,0,0,0,0.0625,0.5,0.0,1.0,0.0,0.0
CUST000162,24,26151.06,1089.6275,7300.87,1887.598118726432,6,13,0,24,24,6,8,35.625,55,2.875,4,0,0,0,0,0,0,0,0,0,0.25,0.5416666666666666,0.0,1.0,0.0,0.0
CUST000163,19,10915.65,574.5078947368421,2429.44,660.2727079066897,4,5,0,19,19,3,5,32.36842105263158,35,2.473684210526316,3,0,0,0,0,0,0,0,0,0,0.21052631578947367,0.2631578947368421,0.0,1.0,0.0,0.0
CUST000164,17,9246.18,543.8929411764706,1496.68,413.40114691671914,5,8,0,17,17,7,2,33.8235294117647,40,2.764705882352941,4,0,0,0,0,0,0,0,0,0,0.29411764705882354,0.47058823529411764,0.0,1.0,0.0,0.0
CUST000165,29,18234.66,628.7813793103448,3508.63,703.467485697629,3,14,0,29,29,9,8,32.93103448275862,40,2.586206896551724,4,0,0,0,0,0,0,0,0,0,0.10344827586206896,0.4827586206896552,0.0,1.0,0.0,0.0
CUST000166,24,13572.289999999999,565.5120833333333,2888.73,616.3156340282509,1,11,0,24,24,6,7,32.5,40,2.5,4,0,0,0,0,0,0,0,0,0,0.041666666666666664,0.4583333333333333,0.0,1.0,0.0,0.0
CUST000167,28,18188.1,649.5749999999999,2501.26,652.6331425818768,4,19,0,28,28,7,7,34.107142857142854,40,2.8214285714285716,4,0,0,0,0,0,0,0,0,0,0.14285714285714285,0.6785714285714286,0.0,1.0,0.0,0.0
CUST000168,31,23901.32,771.0103225806452,4189.05,1025.7935618745253,4,18,0,31,31,8,5,33.54838709677419,40,2.7096774193548385,4,0,0,0,0,0,0,0,0,0,0.12903225806451613,0.5806451612903226,0.0,1.0,0.0,0.0
CUST000169,28,23997.13,857.0403571428571,4202.75,1165.9570273654303,5,11,0,28,28,5,5,32.857142857142854,40,2.5714285714285716,4,0,0,0,0,0,0,0,0,0,0.17857142857142858,0.39285714285714285,0.0,1.0,0.0,0.0
CUST000170,24,11875.91,494.82958333333335,2034.67,561.5414953383012,4,11,0,24,24,6,6,33.125,40,2.625,4,0,0,0,0,0,0,0,0,0,0.16666666666666666,0.4583333333333333,0.0,1.0,0.0,0.0
CUST000171,22,42894.45,1949.7477272727272,21527.75,4707.1522895583685,4,12,0,22,22,7,7,36.81818181818182,70,2.909090909090909,5,0,0,0,1,0,0,0,0,0,0.18181818181818182,0.5454545454545454,0.0,1.0,0.045454545454545456,0.0
CUST000172,33,19389.14,587.5496969696969,2058.71,536.6883090624206,5,19,0,33,33,9,8,33.63636363636363,40,2.727272727272727,4,0,0,0,0,0,0,0,0,0,0.15151515151515152,0.5757575757575758,0.0,1.0,0.0,0.0
CUST000173,25,18413.22,736.5288,2047.26,617.7767711271873,5,14,0,25,25,6,9,33.8,40,2.76,4,0,0,0,0,0,0,0,0,0,0.2,0.56,0.0,1.0,0.0,0.0
CUST000174,18,11700.17,650.0094444444444,4057.29,997.545093372444,3,8,0,18,18,4,5,33.05555555555556,40,2.611111111111111,4,0,0,0,0,0,0,0,0,0,0.16666666666666666,0.4444444444444444,0.0,1.0,0.0,0.0
CUST000175,32,26352.21,823.5065625,6371.21,1418.7068964459454,6,13,0,32,32,4,8,33.59375,60,2.625,5,0,0,0,0,0,0,0,0,0,0.1875,0.40625,0.0,1.0,0.0,0.0
CUST000176,24,16103.380000000001,670.9741666666667,3581.4,869.9028369427326,2,12,0,24,24,6,4,32.916666666666664,40,2.5833333333333335,4,0,0,0,0,0,0,0,0,0,0.08333333333333333,0.5,0.0,1.0,0.0,0.0
CUST000177,16,6093.15,380.821875,1261.73,357.6182132054378,3,7,0,16,16,4,4,33.125,35,2.625,3,0,0,0,0,0,0,0,0,0,0.1875,0.4375,0.0,1.0,0.0,0.0
CUST000178,27,19857.66,735.4688888888888,3576.86,857.6769414723317,5,10,0,27,27,8,3,32.77777777777778,40,2.5555555555555554,4,0,0,0,0,0,0,0,0,0,0.18518518518518517,0.37037037037037035,0.0,1.0,0.0,0.0
CUST000179,10,10899.12,1089.912,3890.28,1384.2655471468536,3,6,0,10,10,4,5,34.5,40,2.9,4,0,0,0,0,0,0,0,0,0,0.3,0.6,0.0,1.0,0.0,0.0
CUST000180,19,9317.98,490.41999999999996,2089.39,545.4550122705915,5,12,0,19,19,6,5,34.473684210526315,40,2.8947368421052633,4,0,0,0,0,0,0,0,0,0,0.2631578947368421,0.631578947368421,0.0,1.0,0.0,0.0
CUST000181,19,15277.22,804.0642105263157,3980.64,1155.632290611295,2,7,0,19,19,5,5,32.36842105263158,40,2.473684210526316,4,0,0,0,0,0,0,0,0,0,0.10526315789473684,0.3684210526315789,0.0,1.0,0.0,0.0
CUST000182,23,6999.02,304.3052173913044,1394.44,314.02441482774094,6,14,0,23,23,10,5,34.34782608695652,40,2.869565217391304,4,0,0,0,0,0,0,0,0,0,0.2608695652173913,0.6086956521739131,0.0,1.0,0.0,0.0
CUST000183,17,14050.8,826.5176470588235,5779.9,1435.8134908586203,2,9,0,17,17,5,6,34.411764705882355,50,2.7058823529411766,4,0,0,0,0,0,0,0,0,0,0.11764705882352941,0.5294117647058824,0.0,1.0,0.0,0.0
CUST000184,16,6737.08,421.0675,2156.18,560.1041695672927,3,9,0,16,16,5,7,33.75,40,2.75,4,0,0,0,0,0,0,0,0,0,0.1875,0.5625,0.0,1.0,0.0,0.0
CUST000185,24,23455.79,977.3245833333334,6275.87,1311.443953235547,1,11,0,24,24,6,6,33.333333333333336,50,2.5416666666666665,3,0,0,0,0,0,0,0,0,0,0.041666666666666664,0.4583333333333333,0.0,1.0,0.0,0.0
CUST000186,25,15043.27,601.7308,3249.81,710.2470863305249,5,8,0,25,25,4,5,32.6,40,2.52,4,0,0,0,0,0,0,0,0,0,0.2,0.32,0.0,1.0,0.0,0.0
CUST000187,23,14645.0,636.7391304347826,5787.51,1246.4550535415265,3,14,0,23,23,9,7,34.56521739130435,50,2.782608695652174,4,0,0,0,0,0,0,0,0,0,0.13043478260869565,0.6086956521739131,0.0,1.0,0.0,0.0
CUST000188,24,19577.96,815.7483333333333,6011.94,1240.1465971536932,4,11,0,24,24,7,6,34.583333333333336,65,2.7083333333333335,4,0,0,0,0,0,0,0,0,0,0.16666666666666666,0.4583333333333333,0.0,1.0,0.0,0.0
CUST000189,30,21425.85,714.1949999999999,3053.73,773.8093257552937,5,11,0,30,30,7,8,32.666666666666664,40,2.533333333333333,4,0,0,0,0,0,0,0,0,0,0.16666666666666666,0.36666666666666664,0.0,1.0,0.0,0.0
CUST000190,14,10974.89,783.9207142857142,2895.72,909.1842899372388,0,10,0,14,14,7,3,33.57142857142857,35,2.7142857142857144,3,0,0,0,0,0,0,0,0,0,0.0,0.7142857142857143,0.0,1.0,0.0,0.0
CUST000191,33,22497.08,681.729696969697,3103.61,812.8105163931384,4,19,0,33,33,11,7,33.484848484848484,40,2.696969696969697,4,0,0,0,0,0,0,0,0,0,0.12121212121212122,0.5757575757575758,0.0,1.0,0.0,0.0
CUST000192,19,19925.96,1048.7347368421051,6792.66,1610.29650730116,1,10,0,19,19,4,5,33.94736842105263,50,2.6315789473684212,3,0,0,0,0,0,0,0,0,0,0.05263157894736842,0.5263157894736842,0.0,1.0,0.0,0.0
CUST000193,26,20621.059999999998,793.1176923076922,3714.47,974.3643146310632,5,16,0,26,25,8,6,49.03846153846154,55,3.8076923076923075,5,0,0,1,0,0,0,0,0,0,0.19230769230769232,0.6153846153846154,0.0,1.0,0.0,0.0
CUST000194,19,19721.350000000002,1037.9657894736843,4799.01,1233.0375658074647,4,11,0,19,19,5,5,33.94736842105263,40,2.789473684210526,4,0,0,0,0,0,0,0,0,0,0.21052631578947367,0.5789473684210527,0.0,1.0,0.0,0.0
CUST000195,29,31627.66,1090.6089655172414,5033.55,1234.322185933712,4,16,0,29,29,8,6,34.13793103448276,55,2.7241379310344827,4,0,0,0,0,0,0,0,0,0,0.13793103448275862,0.5517241379310345,0.0,1.0,0.0,0.0
CUST000196,28,22099.079999999998,789.2528571428571,3721.09,969.4817295887268,6,17,0,28,28,9,6,34.107142857142854,40,2.8214285714285716,4,0,0,0,0,0,0,0,0,0,0.21428571428571427,0.6071428571428571,0.0,1.0,0.0,0.0
CUST000197,21,11712.05,557.7166666666666,4850.34,1005.6541015246413,5,11,0,21,21,7,8,33.80952380952381,40,2.761904761904762,4,0,0,0,0,0,0,0,0,0,0.23809523809523808,0.5238095238095238,0.0,1.0,0.0,0.0
CUST000198,26,23692.63,911.255,5674.6,1450.9633901935638,4,15,0,26,26,7,8,45.19230769230769,65,3.8076923076923075,5,1,0,0,0,0,0,0,0,0,0.15384615384615385,0.5769230769230769,0.0,1.0,0.0,0.0
CUST000199,21,15207.33,724.1585714285715,6809.28,1499.346483646411,1,10,0,21,21,5,5,34.285714285714285,70,2.619047619047619,5,0,0,0,0,0,0,0,0,0,0.047619047619047616,0.47619047619047616,0.0,1.0,0.0,0.0
CUST000200,18,11018.73,612.1516666666666,2132.01,565.3268597301502,3,12,0,18,18,6,6,34.166666666666664,40,2.8333333333333335,4,0,0,0,0,0,0,0,0,0,0.16666666666666666,0.6666666666666666,0.0,1.0,0.0,0.0
CUST000201,31,34006.74,1096.9916129032258,6892.99,1395.7730925526466,7,13,0,31,31,6,7,33.87096774193548,50,2.6774193548387095,4,0,0,0,0,0,0,0,0,0,0.22580645161290322,0.41935483870967744,0.0,1.0,0.0,0.0
CUST000202,22,16609.75,754.9886363636364,4812.63,1105.728949780988,7,15,0,22,22,8,7,35.0,40,3.0,4,0,0,0,0,0,0,0,0,0,0.3181818181818182,0.6818181818181818,0.0,1.0,0.0,0.0
CUST000203,16,13530.28,845.6425,4691.59,1306.1272128676185,1,7,0,16,16,5,5,32.5,35,2.5,3,0,0,0,0,0,0,0,0,0,0.0625,0.4375,0.0,1.0,0.0,0.0
CUST000204,25,16852.78,674.1111999999999,2196.04,638.9854939949732,5,10,0,25,25,6,4,33.0,40,2.6,4,0,0,0,0,0,0,0,0,0,0.2,0.4,0.0,1.0,0.0,0.0
CUST000205,25,28345.09,1133.8036,6356.2,1510.8222852525264,3,14,0,25,25,6,6,34.2,55,2.72,4,0,0,0,0,0,0,0,0,0,0.12,0.56,0.0,1.0,0.0,0.0
CUST000206,23,17776.32,772.8834782608695,3270.94,837.8713935086214,5,12,0,23,23,7,7,33.69565217391305,40,2.739130434782609,4,0,0,0,0,0,0,0,0,0,0.21739130434782608,0.5217391304347826,0.0,1.0,0.0,0.0
CUST000207,24,22736.59,947.3579166666667,3006.48,1017.1772272749598,2,14,0,24,24,5,8,33.333333333333336,40,2.6666666666666665,4,0,0,0,0,0,0,0,0,0,0.08333333333333333,0.5833333333333334,0.0,1.0,0.0,0.0
CUST000208,21,17390.98,828.1419047619047,4443.13,1090.049256977037,7,10,0,21,21,5,6,34.04761904761905,40,2.8095238095238093,4,0,0,0,0,0,0,0,0,0,0.3333333333333333,0.47619047619047616,0.0,1.0,0.0,0.0
CUST000209,24,19021.13,792.5470833333334,7956.46,1622.3606098963623,6,10,0,24,24,7,6,34.166666666666664,55,2.7083333333333335,4,0,0,0,0,0,0,0,0,0,0.25,0.4166666666666667,0.0,1.0,0.0,0.0
CUST000210,20,8297.04,414.85200000000003,1033.04,313.06896137230984,2,10,0,20,20,4,6,33.0,35,2.6,3,0,0,0,0,0,0,0,0,0,0.1,0.5,0.0,1.0,0.0,0.0
CUST000211,24,13676.94,569.8725000000001,5552.23,1155.9658124711882,1,13,0,24,24,7,5,43.75,65,3.625,5,1,0,0,0,0,0,0,0,0,0.041666666666666664,0.5416666666666666,0.0,1.0,0.0,0.0
CUST000212,30,44093.5,1469.7833333333333,14720.86,2897.438825936395,8,12,0,30,30,8,4,34.666666666666664,50,2.7333333333333334,4,0,0,0,0,0,0,0,0,0,0.26666666666666666,0.4,0.0,1.0,0.0,0.0
CUST000213,21,15842.65,754.4119047619048,4119.29,1038.3565434503655,2,12,0,21,21,6,6,33.333333333333336,40,2.6666666666666665,4,0,0,0,0,0,0,0,0,0,0.09523809523809523,0.5714285714285714,0.0,1.0,0.0,0.0
CUST000214,32,25245.989999999998,788.9371874999999,5045.55,1056.0233417087761,5,13,0,32,31,7,6,33.4375,55,2.59375,4,0,0,0,0,0,0,0,0,0,0.15625,0.40625,0.0,1.0,0.0,0.0
CUST000215,28,19836.36,708.4414285714286,4135.23,875.8229250072494,5,15,0,28,28,7,9,33.57142857142857,40,2.7142857142857144,4,0,0,0,0,0,0,0,0,0,0.17857142857142858,0.5357142857142857,0.0,1.0,0.0,0.0
CUST000216,24,15405.99,641.91625,2607.49,716.4114308364658,4,12,0,24,24,6,8,33.333333333333336,40,2.6666666666666665,4,0,0,0,0,0,0,0,0,0,0.16666666666666666,0.5,0.0,1.0,0.0,0.0
CUST000217,31,12658.91,408.351935483871,2442.0,526.9140883067457,3,17,0,31,31,6,7,33.225806451612904,35,2.6451612903225805,3,0,0,0,0,0,0,0,0,0,0.0967741935483871,0.5483870967741935,0.0,1.0,0.0,0.0
CUST000218,35,23929.69,683.7054285714286,3910.9,902.386556068188,5,17,0,35,34,6,8,33.142857142857146,40,2.6285714285714286,4,0,0,0,0,0,0,0,0,0,0.14285714285714285,0.4857142857142857,0.0,1.0,0.0,0.0
CUST000219,25,12532.26,501.29040000000003,2079.93,543.8738244182499,4,11,0,25,24,6,7,33.0,40,2.6,4,0,0,0,0,0,0,0,0,0,0.16,0.44,0.0,1.0,0.0,0.0
CUST000220,20,14415.42,720.771,2088.43,524.9463652693231,6,7,0,20,20,7,3,33.25,40,2.65,4,0,0,0,0,0,0,0,0,0,0.3,0.35,0.0,1.0,0.0,0.0
CUST000221,20,11766.96,588.348,3762.03,856.8395953772887,1,6,0,20,20,4,6,31.75,35,2.35,3,0,0,0,0,0,0,0,0,0,0.05,0.3,0.0,1.0,0.0,0.0
CUST000222,29,16233.44,559.7737931034483,2226.1,620.5154785994682,7,19,0,29,29,7,8,34.48275862068966,40,2.896551724137931,4,0,0,0,0,0,0,0,0,0,0.2413793103448276,0.6551724137931034,0.0,1.0,0.0,0.0
CUST000223,27,14775.460000000001,547.2392592592593,2393.56,615.4771571711093,4,12,0,27,26,9,5,32.96296296296296,40,2.5925925925925926,4,0,0,0,0,0,0,0,0,0,0.14814814814814814,0.4444444444444444,0.0,1.0,0.0,0.0
CUST000224,29,20317.49,700.6031034482759,3289.6,781.710925032409,1,16,0,29,29,7,6,32.93103448275862,35,2.586206896551724,3,0,0,0,0,0,0,0,0,0,0.034482758620689655,0.5517241379310345,0.0,1.0,0.0,0.0
CUST000225,27,15389.86,569.9948148148148,2337.98,650.0365076870113,6,11,0,27,26,5,6,33.148148148148145,40,2.6296296296296298,4,0,0,0,0,0,0,0,0,0,0.2222222222222222,0.4074074074074074,0.0,1.0,0.0,0.0
CUST000226,28,22038.940000000002,787.1050000000001,5976.92,1319.330228050638,7,12,0,28,28,4,6,34.107142857142854,50,2.7142857142857144,4,0,0,0,0,0,0,0,0,0,0.25,0.42857142857142855,0.0,1.0,0.0,0.0
CUST000227,23,18209.88,791.7339130434783,4024.44,1048.618450771122,4,15,0,23,23,5,9,34.130434782608695,40,2.8260869565217392,4,0,0,0,0,0,0,0,0,0,0.17391304347826086,0.6521739130434783,0.0,1.0,0.0,0.0
CUST000228,19,9246.210000000001,486.64263157894743,2123.6,542.502211401966,3,10,0,19,19,6,5,33.421052631578945,40,2.6842105263157894,4,0,0,0,0,0,0,0,0,0,0.15789473684210525,0.5263157894736842,0.0,1.0,0.0,0.0
CUST000229,26,20843.39,801.6688461538462,9827.85,1905.4782959043682,7,11,0,26,26,4,7,34.80769230769231,70,2.769230769230769,5,0,0,0,1,0,0,0,0,0,0.2692307692307692,0.4230769230769231,0.0,1.0,0.038461538461538464,0.0
CUST000230,29,20597.09,710.2444827586207,5082.43,1054.3931872767462,8,18,0,29,29,7,8,35.172413793103445,55,2.9310344827586206,4,0,0,0,0,0,0,0,0,0,0.27586206896551724,0.6206896551724138,0.0,1.0,0.0,0.0
CUST000231,31,14173.2,457.20000000000005,2272.97,465.68598845860356,2,15,0,31,31,5,9,32.74193548387097,40,2.5483870967741935,4,0,0,0,0,0,0,0,0,0,0.06451612903225806,0.4838709677419355,0.0,1.0,0.0,0.0
CUST000232,22,17726.4,805.7454545454547,4271.11,1037.1980011675564,1,10,0,22,22,8,3,32.5,40,2.5,4,0,0,0,0,0,0,0,0,0,0.045454545454545456,0.45454545454545453,0.0,1.0,0.0,0.0
CUST000233,30,18862.08,628.7360000000001,2316.59,600.2175314896976,8,16,0,30,30,8,7,34.0,40,2.8,4,0,0,0,0,0,0,0,0,0,0.26666666666666666,0.5333333333333333,0.0,1.0,0.0,0.0
CUST000234,30,19433.72,647.7906666666667,2845.77,737.5034424510345,6,12,0,30,30,4,6,33.0,40,2.6,4,0,0,0,0,0,0,0,0,0,0.2,0.4,0.0,1.0,0.0,0.0
CUST000235,19,19776.22,1040.8536842105264,5316.72,1522.4580005161629,5,9,0,19,19,6,4,35.526315789473685,65,2.8421052631578947,4,0,0,0,0,0,0,0,0,0,0.2631578947368421,0.47368421052631576,0.0,1.0,0.0,0.0
CUST000236,28,29979.26,1070.6878571428572,10175.99,1952.6398530543154,3,14,0,28,28,6,8,33.75,50,2.642857142857143,4,0,0,0,0,0,0,0,0,0,0.10714285714285714,0.5,0.0,1.0,0.0,0.0
CUST000237,23,41332.38,1797.06,21507.53,4606.326585421797,3,10,0,23,23,5,5,34.56521739130435,60,2.652173913043478,5,0,0,0,0,0,0,0,0,0,0.13043478260869565,0.43478260869565216,0.0,1.0,0.0,0.0
CUST000238,28,25292.7,903.3107142857143,8438.93,1818.805624145058,3,13,0,28,28,7,6,35.357142857142854,80,2.7142857142857144,5,0,0,0,1,0,0,0,0,0,0.10714285714285714,0.4642857142857143,0.0,1.0,0.03571428571428571,0.0
CUST000239,20,24356.98,1217.849,9243.11,2139.939690775617,2,12,0,20,20,6,5,35.25,65,2.8,4,0,0,0,1,0,0,0,0,0,0.1,0.6,0.0,1.0,0.05,0.0
CUST000240,19,17333.23,912.2752631578948,5245.69,1267.7624266459409,3,12,0,19,19,7,7,35.0,55,2.8421052631578947,4,0,0,0,0,0,0,0,0,0,0.15789473684210525,0.631578947368421,0.0,1.0,0.0,0.0
CUST000241,15,10220.119999999999,681.3413333333333,2864.39,878.5726884138082,2,4,0,15,15,4,2,32.0,40,2.4,4,0,0,0,0,0,0,0,0,0,0.13333333333333333,0.26666666666666666,0.0,1.0,0.0,0.0
CUST000242,22,9329.64,424.07454545454544,1982.74,410.7024491761735,1,8,0,22,22,5,4,32.04545454545455,35,2.409090909090909,3,0,0,0,0,0,0,0,0,0,0.045454545454545456,0.36363636363636365,0.0,1.0,0.0,0.0
CUST000243,21,9748.89,464.23285714285714,2096.38,471.36873862341423,4,11,0,21,21,8,6,33.57142857142857,40,2.7142857142857144,4,0,0,0,0,0,0,0,0,0,0.19047619047619047,0.5238095238095238,0.0,1.0,0.0,0.0
CUST000244,29,34012.2,1172.8344827586207,13393.22,2440.7363311020163,9,13,0,29,29,3,7,34.48275862068966,55,2.793103448275862,4,0,0,0,0,0,0,0,0,0,0.3103448275862069,0.4482758620689655,0.0,1.0,0.0,0.0
CUST000245,30,16075.75,535.8583333333333,2907.27,691.5799475667559,5,18,0,30,30,8,10,33.833333333333336,40,2.7666666666666666,4,0,0,0,0,0,0,0,0,0,0.16666666666666666,0.6,0.0,1.0,0.0,0.0
CUST000246,23,19740.02,858.2617391304348,8290.76,1746.8403602157398,2,9,0,23,23,7,4,33.91304347826087,65,2.5652173913043477,4,0,0,0,1,0,0,0,0,0,0.08695652173913043,0.391304347826087,0.0,1.0,0.043478260869565216,0.0
CUST000247,18,12701.689999999999,705.6494444444444,2641.17,742.8275597968824,6,13,0,18,18,5,7,45.27777777777778,50,4.055555555555555,5,1,0,0,0,0,0,0,0,0,0.3333333333333333,0.7222222222222222,0.0,1.0,0.0,0.0
CUST000248,22,23698.77,1077.216818181818,7226.3,1581.77933029438,5,10,0,22,22,7,7,34.31818181818182,55,2.727272727272727,4,0,0,0,0,0,0,0,0,0,0.22727272727272727,0.45454545454545453,0.0,1.0,0.0,0.0
CUST000249,18,22536.41,1252.0227777777777,7992.17,1905.6349161980124,1,10,0,18,18,4,6,34.166666666666664,55,2.6666666666666665,4,0,0,0,0,0,0,0,0,0,0.05555555555555555,0.5555555555555556,0.0,1.0,0.0,0.0
CUST000250,22,35108.04,1595.82,15170.32,3263.084335438015,6,14,0,22,22,8,4,35.45454545454545,55,2.9545454545454546,4,0,0,0,0,0,0,0,0,0,0.2727272727272727,0.6363636363636364,0.0,1.0,0.0,0.0
CUST000251,23,30793.23,1338.8360869565217,10194.98,2613.512198350125,6,13,0,23,23,5,7,37.82608695652174,85,3.0434782608695654,6,0,0,0,1,0,0,0,0,0,0.2608695652173913,0.5652173913043478,0.0,1.0,0.043478260869565216,0.0
CUST000252,19,26393.13,1389.112105263158,8931.93,2054.592571429455,3,12,0,19,19,4,7,35.78947368421053,65,2.8947368421052633,4,0,0,0,1,0,0,0,0,0,0.15789473684210525,0.631578947368421,0.0,1.0,0.05263157894736842,0.0
CUST000253,28,21895.98,781.9992857142857,6311.08,1244.3959159097253,4,15,0,28,28,5,8,34.107142857142854,55,2.7142857142857144,4,0,0,0,0,0,0,0,0,0,0.14285714285714285,0.5357142857142857,0.0,1.0,0.0,0.0
CUST000254,24,23868.65,994.5270833333334,3813.83,951.1101688323707,5,12,0,24,24,6,6,33.541666666666664,40,2.7083333333333335,4,0,0,0,0,0,0,0,0,0,0.20833333333333334,0.5,0.0,1.0,0.0,0.0
CUST000255,16,19526.82,1220.42625,6620.64,1846.7388000612502,5,9,0,16,16,5,7,35.625,50,2.9375,4,0,0,0,0,0,0,0,0,0,0.3125,0.5625,0.0,1.0,0.0,0.0
CUST000256,24,11194.26,466.4275,1384.63,408.72275173371816,5,5,0,24,24,5,5,32.083333333333336,40,2.4166666666666665,4,0,0,0,0,0,0,0,0,0,0.20833333333333334,0.20833333333333334,0.0,1.0,0.0,0.0
CUST000257,22,24054.32,1093.3781818181817,9399.62,2137.5021657146062,2,15,0,22,22,7,7,45.45454545454545,80,3.8636363636363638,6,1,0,0,1,0,0,0,0,0,0.09090909090909091,0.6818181818181818,0.0,1.0,0.045454545454545456,0.0
CUST000258,25,30162.77,1206.5108,11879.89,2369.469635628615,2,8,0,25,25,5,5,32.8,50,2.44,4,0,0,0,0,0,0,0,0,0,0.08,0.32,0.0,1.0,0.0,0.0
CUST000259,25,9722.800000000001,388.91200000000003,2443.52,499.959309019244,2,12,0,25,25,7,8,32.8,40,2.56,4,0,0,0,0,0,0,0,0,0,0.08,0.48,0.0,1.0,0.0,0.0
CUST000260,29,19483.48,671.8441379310344,5873.48,1144.621026982659,8,18,0,29,29,8,8,35.172413793103445,50,2.9310344827586206,4,0,0,0,0,0,0,0,0,0,0.27586206896551724,0.6206896551724138,0.0,1.0,0.0,0.0
CUST000261,24,17278.36,719.9316666666667,8269.25,1635.0196233755692,4,15,0,24,24,5,9,35.416666666666664,65,2.875,4,0,0,0,1,0,0,0,0,0,0.16666666666666666,0.625,0.0,1.0,0.041666666666666664,0.0
CUST000262,19,16838.08,886.2147368421054,3622.24,1017.906672301152,1,5,0,0,19,2,5,11.578947368421053,15,1.3157894736842106,2,0,0,0,0,0,0,0,0,0,0.05263157894736842,0.2631578947368421,0.0,0.0,0.0,0.0
CUST000263,25,11025.38,441.0152,1154.93,376.68908037796905,2,17,0,25,25,7,8,33.8,40,2.76,4,0,0,0,0,0,0,0,0,0,0.08,0.68,0.0,1.0,0.0,0.0
CUST000264,28,20666.32,738.0828571428572,2320.44,661.7328820092554,4,14,0,28,28,6,6,33.214285714285715,40,2.642857142857143,4,0,0,0,0,0,0,0,0,0,0.14285714285714285,0.5,0.0,1.0,0.0,0.0
CUST000265,18,19448.1,1080.4499999999998,7248.17,1755.938037316271,3,7,0,18,18,5,7,33.888888888888886,55,2.611111111111111,4,0,0,0,0,0,0,0,0,0,0.16666666666666666,0.3888888888888889,0.0,1.0,0.0,0.0
CUST000266,27,21428.77,793.6581481481481,4282.98,996.7208199662185,6,12,0,27,27,7,9,33.333333333333336,40,2.6666666666666665,4,0,0,0,0,0,0,0,0,0,0.2222222222222222,0.4444444444444444,0.0,1.0,0.0,0.0
CUST000267,15,10704.77,713.6513333333334,2720.66,833.8305491942136,1,7,0,15,15,4,5,32.666666666666664,40,2.533333333333333,4,0,0,0,0,0,0,0,0,0,0.06666666666666667,0.4666666666666667,0.0,1.0,0.0,0.0
CUST000268,18,12640.5,702.25,2954.52,787.0349044281552,3,8,0,18,18,5,4,33.05555555555556,40,2.611111111111111,4,0,0,0,0,0,0,0,0,0,0.16666666666666666,0.4444444444444444,0.0,1.0,0.0,0.0
CUST000269,31,19787.02,638.2909677419354,2696.95,696.2640784278852,7,17,0,31,31,10,7,33.87096774193548,40,2.774193548387097,4,0,0,0,0,0,0,0,0,0,0.22580645161290322,0.5483870967741935,0.0,1.0,0.0,0.0
CUST000270,24,17402.9,725.1208333333334,8733.2,1736.7948186065064,5,9,0,24,24,5,8,34.375,65,2.6666666666666665,4,0,0,0,1,0,0,0,0,0,0.20833333333333334,0.375,0.0,1.0,0.041666666666666664,0.0
CUST000271,15,8694.69,579.6460000000001,2913.56,720.2638049433198,4,6,0,15,15,5,5,33.333333333333336,40,2.6666666666666665,4,0,0,0,0,0,0,0,0,0,0.26666666666666666,0.4,0.0,1.0,0.0,0.0
CUST000272,27,19732.46,730.8318518518519,2196.61,616.9743790905186,7,11,0,27,27,6,6,33.333333333333336,40,2.6666666666666665,4,0,0,0,0,0,0,0,0,0,0.25925925925925924,0.4074074074074074,0.0,1.0,0.0,0.0
CUST000273,27,12247.869999999999,453.6248148148148,3422.23,655.7268353946597,9,17,0,27,27,5,10,34.81481481481482,40,2.962962962962963,4,0,0,0,0,0,0,0,0,0,0.3333333333333333,0.6296296296296297,0.0,1.0,0.0,0.0
CUST000274,34,17187.3,505.50882352941176,3071.96,677.0803791268611,9,15,0,34,33,7,6,33.529411764705884,40,2.7058823529411766,4,0,0,0,0,0,0,0,0,0,0.2647058823529412,0.4411764705882353,0.0,1.0,0.0,0.0
CUST000275,23,13035.82,566.7747826086957,2249.77,648.5851254767745,8,8,0,23,23,5,4,33.47826086956522,40,2.6956521739130435,4,0,0,0,0,0,0,0,0,0,0.34782608695652173,0.34782608695652173,0.0,1.0,0.0,0.0
CUST000276,23,14623.81,635.8178260869565,3443.13,936.590892832067,4,16,0,23,23,6,9,34.34782608695652,40,2.869565217391304,4,0,0,0,0,0,0,0,0,0,0.17391304347826086,0.6956521739130435,0.0,1.0,0.0,0.0
CUST000277,18,7285.360000000001,404.74222222222227,2248.07,513.1328088786688,3,11,0,18,18,4,5,33.888888888888886,40,2.7777777777777777,4,0,0,0,0,0,0,0,0,0,0.16666666666666666,0.6111111111111112,0.0,1.0,0.0,0.0
CUST000278,22,12365.01,562.045909090909,2683.72,599.9994490446605,2,12,0,22,22,6,6,33.18181818181818,40,2.6363636363636362,4,0,0,0,0,0,0,0,0,0,0.09090909090909091,0.5454545454545454,0.0,1.0,0.0,0.0
CUST000279,21,13065.84,622.1828571428572,2850.24,675.0958020173349,2,8,0,21,21,5,4,32.38095238095238,40,2.4761904761904763,4,0,0,0,0,0,0,0,0,0,0.09523809523809523,0.38095238095238093,0.0,1.0,0.0,0.0
CUST000280,25,37278.549999999996,1491.1419999999998,15533.55,3446.2637195591983,7,13,0,25,25,7,8,36.2,70,2.92,5,0,0,0,1,0,0,0,0,0,0.28,0.52,0.0,1.0,0.04,0.0
CUST000281,26,21380.18,822.3146153846154,2952.88,919.9457471622152,3,7,0,26,26,6,6,31.923076923076923,40,2.3846153846153846,4,0,0,0,0,0,0,0,0,0,0.11538461538461539,0.2692307692307692,0.0,1.0,0.0,0.0
CUST000282,27,23965.84,887.6237037037037,13181.11,2487.379596396652,5,14,0,27,27,8,6,34.81481481481482,70,2.7777777777777777,5,0,0,0,0,0,0,0,0,0,0.18518518518518517,0.5185185185185185,0.0,1.0,0.0,0.0
CUST000283,34,17330.52,509.72117647058826,3459.5,678.4780378382761,4,19,0,34,34,9,8,33.38235294117647,35,2.676470588235294,3,0,0,0,0,0,0,0,0,0,0.11764705882352941,0.5588235294117647,0.0,1.0,0.0,0.0
CUST000284,17,18365.64,1080.3317647058823,7546.87,1797.5643475312481,5,12,0,17,17,7,5,36.1764705882353,55,3.0588235294117645,4,0,0,0,0,0,0,0,0,0,0.29411764705882354,0.7058823529411765,0.0,1.0,0.0,0.0
CUST000285,24,17750.16,739.59,3659.53,924.7861999543933,6,14,0,24,24,6,9,34.166666666666664,40,2.8333333333333335,4,0,0,0,0,0,0,0,0,0,0.25,0.5833333333333334,0.0,1.0,0.0,0.0
CUST000286,18,18682.28,1037.9044444444444,6455.59,1752.8332201130906,3,10,0,18,18,4,5,34.72222222222222,55,2.7777777777777777,4,0,0,0,0,0,0,0,0,0,0.16666666666666666,0.5555555555555556,0.0,1.0,0.0,0.0
CUST000287,15,11122.32,741.4879999999999,2543.97,739.0745626428461,3,8,0,15,15,5,5,33.666666666666664,35,2.7333333333333334,3,0,0,0,0,0,0,0,0,0,0.2,0.5333333333333333,0.0,1.0,0.0,0.0
CUST000288,31,33930.75,1094.5403225806451,10956.58,2011.3833181544219,7,16,0,31,31,6,5,34.354838709677416,55,2.774193548387097,4,0,0,0,0,0,0,0,0,0,0.22580645161290322,0.5161290322580645,0.0,1.0,0.0,0.0
CUST000289,22,18015.14,818.87,4167.84,1034.4460718756914,1,13,0,22,22,6,5,33.18181818181818,35,2.6363636363636362,3,0,0,0,0,0,0,0,0,0,0.045454545454545456,0.5909090909090909,0.0,1.0,0.0,0.0
CUST000290,15,4716.0599999999995,314.40399999999994,2047.6,519.2052526258625,7,7,0,15,15,6,3,34.666666666666664,40,2.933333333333333,4,0,0,0,0,0,0,0,0,0,0.4666666666666667,0.4666666666666667,0.0,1.0,0.0,0.0
CUST000291,20,9713.83,485.6915,2168.26,542.8580467282691,4,14,0,20,20,6,6,34.5,40,2.9,4,0,0,0,0,0,0,0,0,0,0.2,0.7,0.0,1.0,0.0,0.0
CUST000292,27,18214.28,674.6029629629629,5079.49,1023.8578192676453,5,16,0,27,27,10,7,34.629629629629626,55,2.814814814814815,4,0,0,0,0,0,0,0,0,0,0.18518518518518517,0.5925925925925926,0.0,1.0,0.0,0.0
CUST000293,29,24315.89,838.4789655172414,7648.02,1511.1912667432389,5,10,0,29,29,7,6,33.793103448275865,70,2.586206896551724,5,0,0,0,0,0,0,0,0,0,0.1724137931034483,0.3448275862068966,0.0,1.0,0.0,0.0
CUST000294,17,8001.82,470.69529411764705,2432.04,633.1309596177323,2,6,0,17,16,4,3,32.35294117647059,35,2.4705882352941178,3,0,0,0,0,0,0,0,0,0,0.11764705882352941,0.35294117647058826,0.0,1.0,0.0,0.0
CUST000295,27,14459.29,535.5292592592593,2046.07,518.9140414508117,8,17,0,27,27,8,7,34.629629629629626,40,2.925925925925926,4,0,0,0,0,0,0,0,0,0,0.2962962962962963,0.6296296296296297,0.0,1.0,0.0,0.0
CUST000296,26,20655.32,794.4353846153846,5255.23,1280.2477982679159,5,12,0,26,26,6,7,34.03846153846154,55,2.6923076923076925,4,0,0,0,0,0,0,0,0,0,0.19230769230769232,0.46153846153846156,0.0,1.0,0.0,0.0
CUST000297,23,16644.41,723.67,5304.3,1073.3747363212567,0,14,0,23,23,5,7,33.91304347826087,50,2.652173913043478,3,0,0,0,0,0,0,0,0,0,0.0,0.6086956521739131,0.0,1.0,0.0,0.0
CUST000298,28,17302.83,617.9582142857143,4756.73,1042.6851650357273,6,12,0,28,28,9,5,33.214285714285715,40,2.642857142857143,4,0,0,0,0,0,0,0,0,0,0.21428571428571427,0.42857142857142855,0.0,1.0,0.0,0.0
CUST000299,21,7760.12,369.5295238095238,1972.61,482.2920915428345,4,9,0,21,21,4,5,33.095238095238095,40,2.619047619047619,4,0,0,0,0,0,0,0,0,0,0.19047619047619047,0.42857142857142855,0.0,1.0,0.0,0.0
CUST000300,27,19382.55,717.8722222222221,4032.23,845.4414489999763,6,11,0,27,27,6,5,33.148148148148145,40,2.6296296296296298,4,0,0,0,0,0,0,0,0,0,0.2222222222222222,0.4074074074074074,0.0,1.0,0.0,0.0
CUST000301,22,10150.720000000001,461.3963636363637,1553.67,458.23138048625356,8,12,0,22,22,5,5,44.54545454545455,50,3.909090909090909,5,1,0,0,0,0,0,0,0,0,0.36363636363636365,0.5454545454545454,0.0,1.0,0.0,0.0
CUST000302,28,31764.010000000002,1134.4289285714287,13457.06,2618.5282972061195,5,15,0,28,28,7,7,35.0,55,2.7857142857142856,4,0,0,0,0,0,0,0,0,0,0.17857142857142858,0.5357142857142857,0.0,1.0,0.0,0.0
CUST000303,28,23113.72,825.49,2886.76,794.8971933433816,8,12,0,28,28,5,6,48.57142857142857,55,3.7142857142857144,5,0,0,1,0,0,0,0,0,0,0.2857142857142857,0.42857142857142855,0.0,1.0,0.0,0.0
CUST000304,29,41551.5,1432.8103448275863,24375.21,4540.83605165509,7,14,0,29,29,6,8,35.51724137931034,65,2.8275862068965516,4,0,0,0,0,0,0,0,0,0,0.2413793103448276,0.4827586206896552,0.0,1.0,0.0,0.0
CUST000305,33,29799.08,903.0024242424242,6401.7,1297.3770738639132,7,16,0,33,33,10,7,34.09090909090909,55,2.727272727272727,4,0,0,0,0,0,0,0,0,0,0.21212121212121213,0.48484848484848486,0.0,1.0,0.0,0.0
CUST000306,17,4403.8099999999995,259.0476470588235,972.56,254.43438978765752,4,11,0,17,17,8,3,34.411764705882355,40,2.8823529411764706,4,0,0,0,0,0,0,0,0,0,0.23529411764705882,0.6470588235294118,0.0,1.0,0.0,0.0
CUST000307,25,21754.01,870.1604,5149.37,1338.8515553808295,3,9,0,25,25,5,4,35.2,65,2.64,4,0,0,0,0,0,0,0,0,0,0.12,0.36,0.0,1.0,0.0,0.0
CUST000308,22,10961.84,498.26545454545453,2159.1,575.6939984941345,5,11,0,22,22,5,8,33.63636363636363,40,2.727272727272727,4,0,0,0,0,0,0,0,0,0,0.22727272727272727,0.5,0.0,1.0,0.0,0.0
CUST000309,16,8075.6900000000005,504.73062500000003,1620.06,563.2048531451501,0,10,0,16,16,7,8,33.125,35,2.625,3,0,0,0,0,0,0,0,0,0,0.0,0.625,0.0,1.0,0.0,0.0
CUST000310,25,11030.98,441.2392,2146.5,499.57062689640463,5,12,0,25,25,6,6,33.4,40,2.68,4,0,0,0,0,0,0,0,0,0,0.2,0.48,0.0,1.0,0.0,0.0
CUST000311,28,19460.98,695.035,5099.45,1100.0670295924228,5,11,0,28,28,6,6,33.57142857142857,55,2.607142857142857,4,0,0,0,0,0,0,0,0,0,0.17857142857142858,0.39285714285714285,0.0,1.0,0.0,0.0
CUST000312,19,19459.739999999998,1024.1968421052632,5616.0,1478.9163122482348,3,17,0,19,19,7,9,36.31578947368421,55,3.1052631578947367,4,0,0,0,0,0,0,0,0,0,0.15789473684210525,0.8947368421052632,0.0,1.0,0.0,0.0
CUST000313,26,16457.7,632.9884615384616,3015.95,806.5995799140602,5,10,0,26,26,6,7,32.88461538461539,40,2.576923076923077,4,0,0,0,0,0,0,0,0,0,0.19230769230769232,0.38461538461538464,0.0,1.0,0.0,0.0
CUST000314,24,24878.77,1036.6154166666668,4425.89,1235.10100510736,2,13,0,24,24,8,4,33.125,35,2.625,3,0,0,0,0,0,0,0,0,0,0.08333333333333333,0.5416666666666666,0.0,1.0,0.0,0.0
CUST000315,28,12514.73,446.95464285714286,1892.76,481.9101003413176,4,13,0,28,28,5,9,33.035714285714285,40,2.607142857142857,4,0,0,0,0,0,0,0,0,0,0.14285714285714285,0.4642857142857143,0.0,1.0,0.0,0.0
CUST000316,33,18787.579999999998,569.320606060606,2648.06,636.1571886184037,5,22,0,33,33,7,10,34.09090909090909,40,2.8181818181818183,4,0,0,0,0,0,0,0,0,0,0.15151515151515152,0.6666666666666666,0.0,1.0,0.0,0.0
CUST000317,28,19670.17,702.5060714285713,3073.2,798.0298207058722,2,14,0,28,28,9,7,32.857142857142854,40,2.5714285714285716,4,0,0,0,0,0,0,0,0,0,0.07142857142857142,0.5,0.0,1.0,0.0,0.0
CUST000318,22,14676.39,667.1086363636364,2528.44,717.7707913314167,2,14,0,22,22,5,8,33.63636363636363,40,2.727272727272727,4,0,0,0,0,0,0,0,0,0,0.09090909090909091,0.6363636363636364,0.0,1.0,0.0,0.0
CUST000319,24,20751.55,864.6479166666667,3130.67,925.932600702285,3,14,0,24,24,8,7,33.541666666666664,40,2.7083333333333335,4,0,0,0,0,0,0,0,0,0,0.125,0.5833333333333334,0.0,1.0,0.0,0.0
CUST000320,22,15243.77,692.8986363636363,3110.45,866.1385091108226,2,13,0,22,22,6,5,33.40909090909091,40,2.6818181818181817,4,0,0,0,0,0,0,0,0,0,0.09090909090909091,0.5909090909090909,0.0,1.0,0.0,0.0
CUST000321,17,13055.16,767.9505882352942,5536.98,1439.3989710356134,3,11,0,17,17,8,5,35.294117647058826,50,2.8823529411764706,4,0,0,0,0,0,0,0,0,0,0.17647058823529413,0.6470588235294118,0.0,1.0,0.0,0.0
CUST000322,25,20008.53,800.3412,7868.25,1591.970843313721,4,13,0,25,25,6,7,34.2,55,2.72,4,0,0,0,0,0,0,0,0,0,0.16,0.52,0.0,1.0,0.0,0.0
CUST000323,24,20354.59,848.1079166666667,4834.77,1199.7855102474855,3,7,0,24,24,4,5,47.083333333333336,50,3.4166666666666665,4,0,0,1,0,0,0,0,0,0,0.125,0.2916666666666667,0.0,1.0,0.0,0.0
CUST000324,25,9425.75,377.03,1353.66,372.3752956919493,3,12,0,25,25,5,8,33.0,40,2.6,4,0,0,0,0,0,0,0,0,0,0.12,0.48,0.0,1.0,0.0,0.0
CUST000325,22,19906.38,904.8354545454546,3794.04,1049.261224670674,2,7,0,22,22,4,4,32.04545454545455,40,2.409090909090909,4,0,0,0,0,0,0,0,0,0,0.09090909090909091,0.3181818181818182,0.0,1.0,0.0,0.0
CUST000326,21,12026.84,572.7066666666667,2090.5,532.2988331786322,4,11,0,21,21,7,7,33.57142857142857,40,2.7142857142857144,4,0,0,0,0,0,0,0,0,0,0.19047619047619047,0.5238095238095238,0.0,1.0,0.0,0.0
CUST000327,27,31418.239999999998,1163.6385185185184,10303.98,1991.4277743439475,4,12,0,27,27,6,6,34.25925925925926,65,2.6666666666666665,4,0,0,0,0,0,0,0,0,0,0.14814814814814814,0.4444444444444444,0.0,1.0,0.0,0.0
CUST000328,23,11866.85,515.95,1832.21,477.2874509806815,3,9,0,23,23,7,4,32.608695652173914,40,2.5217391304347827,4,0,0,0,0,0,0,0,0,0,0.13043478260869565,0.391304347826087,0.0,1.0,0.0,0.0
CUST000329,25,20753.16,830.1264,5869.86,1173.354055677143,3,16,0,25,25,6,9,34.6,50,2.8,4,0,0,0,0,0,0,0,0,0,0.12,0.64,0.0,1.0,0.0,0.0
CUST000330,30,19592.63,653.0876666666667,3780.17,814.3456950031909,5,13,0,30,30,6,7,33.0,40,2.6,4,0,0,0,0,0,0,0,0,0,0.16666666666666666,0.43333333333333335,0.0,1.0,0.0,0.0
CUST000331,21,12640.02,601.9057142857143,3379.31,753.0237682740925,4,10,0,21,21,4,7,33.333333333333336,40,2.6666666666666665,4,0,0,0,0,0,0,0,0,0,0.19047619047619047,0.47619047619047616,0.0,1.0,0.0,0.0
CUST000332,20,18261.08,913.0540000000001,5564.36,1384.3852767142384,4,9,0,20,20,7,4,35.0,65,2.75,4,0,0,0,0,0,0,0,0,0,0.2,0.45,0.0,1.0,0.0,0.0
CUST000333,32,25517.81,797.4315625,4909.91,1023.1869148577837,5,18,0,32,32,7,12,33.59375,40,2.71875,4,0,0,0,0,0,0,0,0,0,0.15625,0.5625,0.0,1.0,0.0,0.0
CUST000334,19,6035.19,317.6415789473684,929.74,253.40176385563336,2,11,0,19,18,6,5,33.421052631578945,35,2.6842105263157894,3,0,0,0,0,0,0,0,0,0,0.10526315789473684,0.5789473684210527,0.0,1.0,0.0,0.0
CUST000335,26,27756.24,1067.5476923076924,4799.26,1195.1295110014066,6,12,0,26,26,6,5,48.46153846153846,55,3.6923076923076925,5,0,0,1,0,0,0,0,0,0,0.23076923076923078,0.46153846153846156,0.0,1.0,0.0,0.0
CUST000336,22,17620.989999999998,800.9540909090908,4448.23,935.5056331899272,1,8,0,22,22,5,3,32.04545454545455,35,2.409090909090909,3,0,0,0,0,0,0,0,0,0,0.045454545454545456,0.36363636363636365,0.0,1.0,0.0,0.0
CUST000337,18,9192.06,510.66999999999996,1443.98,434.49067693240147,3,10,0,18,18,6,6,33.611111111111114,40,2.7222222222222223,4,0,0,0,0,0,0,0,0,0,0.16666666666666666,0.5555555555555556,0.0,1.0,0.0,0.0
CUST000338,26,12152.27,467.39500000000004,1970.83,507.0816940434746,6,10,0,26,25,6,6,33.07692307692308,40,2.6153846153846154,4,0,0,0,0,0,0,0,0,0,0.23076923076923078,0.38461538461538464,0.0,1.0,0.0,0.0
CUST000339,21,12009.76,571.8933333333333,4175.46,906.9742940697565,3,9,0,21,20,7,5,33.57142857142857,45,2.619047619047619,4,0,0,0,0,0,0,0,0,0,0.14285714285714285,0.42857142857142855,0.0,1.0,0.0,0.0
CUST000340,23,14618.55,635.5891304347825,2350.09,679.8942250079857,6,11,0,23,23,4,6,33.69565217391305,40,2.739130434782609,4,0,0,0,0,0,0,0,0,0,0.2608695652173913,0.4782608695652174,0.0,1.0,0.0,0.0
CUST000341,26,16398.36,630.7061538461538,3338.61,837.1557092110257,4,12,0,26,26,7,7,33.07692307692308,40,2.6153846153846154,4,0,0,0,0,0,0,0,0,0,0.15384615384615385,0.46153846153846156,0.0,1.0,0.0,0.0
CUST000342,24,17331.97,722.1654166666667,7120.28,1444.5496762417874,4,14,0,24,24,6,7,34.583333333333336,55,2.7916666666666665,4,0,0,0,0,0,0,0,0,0,0.16666666666666666,0.5833333333333334,0.0,1.0,0.0,0.0
CUST000343,21,15384.71,732.6052380952381,4105.1,1091.5324377846912,4,9,0,21,21,5,5,33.095238095238095,40,2.619047619047619,4,0,0,0,0,0,0,0,0,0,0.19047619047619047,0.42857142857142855,0.0,1.0,0.0,0.0
CUST000344,15,28761.17,1917.4113333333332,15584.46,3941.847247596462,1,9,0,15,15,5,6,35.666666666666664,70,2.8,5,0,0,0,0,0,0,0,0,0,0.06666666666666667,0.6,0.0,1.0,0.0,0.0
CUST000345,23,19946.28,867.2295652173913,5893.25,1175.3668974389473,6,8,0,23,23,5,4,33.91304347826087,55,2.652173913043478,4,0,0,0,0,0,0,0,0,0,0.2608695652173913,0.34782608695652173,0.0,1.0,0.0,0.0
CUST000346,25,12761.47,510.4588,3207.31,678.0607857358119,2,15,0,25,25,8,7,33.4,40,2.68,4,0,0,0,0,0,0,0,0,0,0.08,0.6,0.0,1.0,0.0,0.0
CUST000347,24,17485.75,728.5729166666666,2407.55,690.4126826035417,7,14,0,24,23,8,3,44.375,50,3.875,5,1,0,0,0,0,0,0,0,0,0.2916666666666667,0.5833333333333334,0.0,1.0,0.0,0.0
CUST000348,17,7908.85,465.2264705882353,1727.77,546.0797892815341,4,9,0,17,17,8,5,33.8235294117647,40,2.764705882352941,4,0,0,0,0,0,0,0,0,0,0.23529411764705882,0.5294117647058824,0.0,1.0,0.0,0.0
CUST000349,16,10905.3,681.58125,2681.67,815.9333673438045,1,8,0,16,16,5,4,32.8125,35,2.5625,3,0,0,0,0,0,0,0,0,0,0.0625,0.5,0.0,1.0,0.0,0.0
CUST000350,19,16942.66,891.718947368421,5289.68,1309.007037613264,1,10,0,19,19,7,7,33.94736842105263,55,2.6315789473684212,4,0,0,0,0,0,0,0,0,0,0.05263157894736842,0.5263157894736842,0.0,1.0,0.0,0.0
CUST000351,21,10072.5,479.64285714285717,2632.65,570.6188186271362,5,10,0,21,21,7,5,33.57142857142857,40,2.7142857142857144,4,0,0,0,0,0,0,0,0,0,0.23809523809523808,0.47619047619047616,0.0,1.0,0.0,0.0
CUST000352,36,28828.99,800.8052777777779,4714.18,1115.1503541969732,8,16,0,36,36,8,6,33.333333333333336,40,2.6666666666666665,4,0,0,0,0,0,0,0,0,0,0.2222222222222222,0.4444444444444444,0.0,1.0,0.0,0.0
CUST000353,27,19308.49,715.1292592592594,3677.3,795.3853526142385,3,14,0,27,27,8,7,33.148148148148145,40,2.6296296296296298,4,0,0,0,0,0,0,0,0,0,0.1111111111111111,0.5185185185185185,0.0,1.0,0.0,0.0
CUST000354,23,22610.71,983.0743478260869,6055.01,1598.505558573172,5,11,0,23,23,4,5,35.21739130434783,55,2.782608695652174,4,0,0,0,0,0,0,0,0,0,0.21739130434782608,0.4782608695652174,0.0,1.0,0.0,0.0
CUST000355,25,13432.6,537.304,2043.89,530.239688285716,4,17,0,25,25,9,5,49.2,55,3.84,5,0,0,1,0,0,0,0,0,0,0.16,0.68,0.0,1.0,0.0,0.0
CUST000356,21,17212.27,819.6319047619048,5208.46,1156.7207630609,4,10,0,21,21,6,3,34.285714285714285,55,2.7142857142857144,4,0,0,0,0,0,0,0,0,0,0.19047619047619047,0.47619047619047616,0.0,1.0,0.0,0.0
CUST000357,18,13907.46,772.6366666666667,4088.0,1128.1880318248998,6,10,0,18,18,6,7,34.44444444444444,40,2.888888888888889,4,0,0,0,0,0,0,0,0,0,0.3333333333333333,0.5555555555555556,0.0,1.0,0.0,0.0
CUST000358,23,16032.31,697.0569565217392,6979.5,1464.6212070436964,3,10,0,23,23,6,6,33.69565217391305,50,2.608695652173913,4,0,0,0,0,0,0,0,0,0,0.13043478260869565,0.43478260869565216,0.0,1.0,0.0,0.0
CUST000359,33,32209.77,976.0536363636364,11094.1,1999.3058270963359,7,11,0,33,33,7,4,34.24242424242424,70,2.6363636363636362,5,0,0,0,0,0,0,0,0,0,0.21212121212121213,0.3333333333333333,0.0,1.0,0.0,0.0
CUST000360,20,11658.15,582.9075,1875.11,580.7409997569348,4,10,0,20,20,6,5,33.5,40,2.7,4,0,0,0,0,0,0,0,0,0,0.2,0.5,0.0,1.0,0.0,0.0
CUST000361,27,26083.13,966.0418518518519,5187.08,1094.048895483185,3,16,0,27,27,8,8,34.25925925925926,50,2.740740740740741,4,0,0,0,0,0,0,0,0,0,0.1111111111111111,0.5925925925925926,0.0,1.0,0.0,0.0
CUST000362,25,10656.36,426.25440000000003,2425.46,557.2241475914337,4,14,0,25,25,7,7,33.6,40,2.72,4,0,0,0,0,0,0,0,0,0,0.16,0.56,0.0,1.0,0.0,0.0
CUST000363,30,15304.97,510.16566666666665,1869.03,518.4719397766354,5,12,0,30,30,5,5,32.833333333333336,40,2.566666666666667,4,0,0,0,0,0,0,0,0,0,0.16666666666666666,0.4,0.0,1.0,0.0,0.0
CUST000364,19,19692.91,1036.4689473684211,5514.24,1555.613427550884,4,12,0,19,19,5,7,36.31578947368421,55,2.9473684210526314,4,0,0,0,0,0,0,0,0,0,0.21052631578947367,0.631578947368421,0.0,1.0,0.0,0.0
CUST000365,18,15166.0,842.5555555555555,4111.29,1068.586515400944,2,6,0,18,18,3,4,32.22222222222222,40,2.4444444444444446,4,0,0,0,0,0,0,0,0,0,0.1111111111111111,0.3333333333333333,0.0,1.0,0.0,0.0
CUST000366,22,12786.73,581.215,2658.61,662.8910023723286,2,12,0,22,22,8,6,33.18181818181818,40,2.6363636363636362,4,0,0,0,0,0,0,0,0,0,0.09090909090909091,0.5454545454545454,0.0,1.0,0.0,0.0
CUST000367,25,13387.92,535.5168,2946.5,762.7407513681609,4,12,0,25,25,8,6,33.2,40,2.64,4,0,0,0,0,0,0,0,0,0,0.16,0.48,0.0,1.0,0.0,0.0
CUST000368,28,11590.11,413.9325,2162.08,460.40443395413735,9,12,0,28,28,6,4,44.285714285714285,60,3.7857142857142856,5,1,0,0,0,0,0,0,0,0,0.32142857142857145,0.42857142857142855,0.0,1.0,0.0,0.0
CUST000369,36,30581.91,849.4975,13192.15,2180.6855273139286,6,12,0,36,35,6,4,33.05555555555556,50,2.5277777777777777,4,0,0,0,0,0,0,0,0,0,0.16666666666666666,0.3333333333333333,0.0,1.0,0.0,0.0
CUST000370,23,28650.969999999998,1245.6943478260869,11837.91,2470.6816336918146,3,14,0,23,23,8,6,34.56521739130435,55,2.782608695652174,4,0,0,0,0,0,0,0,0,0,0.13043478260869565,0.6086956521739131,0.0,1.0,0.0,0.0
CUST000371,20,35987.98,1799.3990000000001,19267.16,4319.005136791404,1,14,0,20,20,7,7,35.5,65,2.85,4,0,0,0,0,0,0,0,0,0,0.05,0.7,0.0,1.0,0.0,0.0
CUST000372,23,12675.53,551.11,1727.94,461.7418939683235,4,6,0,23,23,3,6,32.17391304347826,40,2.4347826086956523,4,0,0,0,0,0,0,0,0,0,0.17391304347826086,0.2608695652173913,0.0,1.0,0.0,0.0
CUST000373,25,19851.6,794.064,6311.67,1429.3990232932395,4,9,0,25,25,8,6,33.4,50,2.56,4,0,0,0,0,0,0,0,0,0,0.16,0.36,0.0,1.0,0.0,0.0
CUST000374,24,17993.14,749.7141666666666,4166.5,1027.8317206748204,3,16,0,24,24,6,9,33.958333333333336,40,2.7916666666666665,4,0,0,0,0,0,0,0,0,0,0.125,0.6666666666666666,0.0,1.0,0.0,0.0
CUST000375,25,15012.109999999999,600.4843999999999,5010.55,1075.6168048267311,5,14,0,25,25,6,8,34.6,50,2.8,4,0,0,0,0,0,0,0,0,0,0.2,0.56,0.0,1.0,0.0,0.0
CUST000376,27,21468.21,795.1188888888888,3852.44,961.8947845481988,3,10,0,27,27,4,4,32.407407407407405,40,2.4814814814814814,4,0,0,0,0,0,0,0,0,0,0.1111111111111111,0.37037037037037035,0.0,1.0,0.0,0.0
CUST000377,16,7568.4400000000005,473.02750000000003,1618.26,438.02903275924535,3,10,0,16,16,7,8,34.0625,40,2.8125,4,0,0,0,0,0,0,0,0,0,0.1875,0.625,0.0,1.0,0.0,0.0
CUST000378,30,16622.0,554.0666666666667,2152.94,544.2314504930298,6,16,0,30,30,9,7,33.666666666666664,40,2.7333333333333334,4,0,0,0,0,0,0,0,0,0,0.2,0.5333333333333333,0.0,1.0,0.0,0.0
CUST000379,21,20817.809999999998,991.3242857142856,8044.95,1743.7035825838386,6,12,0,21,21,6,6,35.95238095238095,70,2.9523809523809526,5,0,0,0,1,0,0,0,0,0,0.2857142857142857,0.5714285714285714,0.0,1.0,0.047619047619047616,0.0
CUST000380,24,16144.78,672.6991666666667,3101.53,1000.7483607081979,5,12,0,24,24,8,6,33.541666666666664,40,2.7083333333333335,4,0,0,0,0,0,0,0,0,0,0.20833333333333334,0.5,0.0,1.0,0.0,0.0
CUST000381,25,19943.53,797.7411999999999,3916.41,1103.5942221453804,4,15,0,25,25,7,7,33.8,40,2.76,4,0,0,0,0,0,0,0,0,0,0.16,0.6,0.0,1.0,0.0,0.0
CUST000382,21,22718.22,1081.8200000000002,7080.2,1615.8965648332814,1,13,0,21,21,9,6,34.285714285714285,55,2.7142857142857144,4,0,0,0,0,0,0,0,0,0,0.047619047619047616,0.6190476190476191,0.0,1.0,0.0,0.0
CUST000383,26,18666.61,717.9465384615385,4191.07,1071.6904495531994,3,11,0,26,26,7,5,47.69230769230769,55,3.5384615384615383,5,0,0,1,0,0,0,0,0,0,0.11538461538461539,0.4230769230769231,0.0,1.0,0.0,0.0
CUST000384,24,22386.55,932.7729166666667,8632.24,1762.0235071310562,5,9,0,24,24,5,7,34.375,70,2.6666666666666665,5,0,0,0,1,0,0,0,0,0,0.20833333333333334,0.375,0.0,1.0,0.041666666666666664,0.0
CUST000385,33,17818.77,539.9627272727273,3065.11,738.5486398304816,3,11,0,33,33,5,7,32.121212121212125,35,2.4242424242424243,3,0,0,0,0,0,0,0,0,0,0.09090909090909091,0.3333333333333333,0.0,1.0,0.0,0.0
CUST000386,14,10559.06,754.2185714285714,3835.97,1090.9139129601886,3,8,0,14,14,4,6,33.92857142857143,40,2.7857142857142856,4,0,0,0,0,0,0,0,0,0,0.21428571428571427,0.5714285714285714,0.0,1.0,0.0,0.0
CUST000387,34,23358.29,687.0085294117647,4181.48,864.421855283467,8,19,0,34,34,6,9,33.970588235294116,40,2.7941176470588234,4,0,0,0,0,0,0,0,0,0,0.23529411764705882,0.5588235294117647,0.0,1.0,0.0,0.0
CUST000388,31,28148.86,908.0277419354838,5805.18,1207.9540062207382,5,14,0,31,31,8,9,43.70967741935484,65,3.6451612903225805,5,1,0,0,0,0,0,0,0,0,0.16129032258064516,0.45161290322580644,0.0,1.0,0.0,0.0
CUST000389,24,25286.13,1053.5887500000001,7073.18,1582.3259414471565,3,8,0,24,24,5,4,33.125,50,2.5,3,0,0,0,0,0,0,0,0,0,0.125,0.3333333333333333,0.0,1.0,0.0,0.0
CUST000390,21,11316.01,538.8576190476191,1654.9,443.9053361799649,3,9,0,21,21,6,6,32.857142857142854,40,2.5714285714285716,4,0,0,0,0,0,0,0,0,0,0.14285714285714285,0.42857142857142855,0.0,1.0,0.0,0.0
CUST000391,25,19554.27,782.1708,5944.47,1304.2798699567256,5,11,0,25,25,6,6,44.0,60,3.68,5,1,0,0,0,0,0,0,0,0,0.2,0.44,0.0,1.0,0.0,0.0
CUST000392,18,8823.810000000001,490.21166666666676,2185.23,626.3141305264147,6,9,0,18,18,3,6,34.166666666666664,40,2.8333333333333335,4,0,0,0,0,0,0,0,0,0,0.3333333333333333,0.5,0.0,1.0,0.0,0.0
CUST000393,26,19487.79,749.5303846153846,4658.69,1071.8238005660476,3,13,0,26,25,7,6,33.07692307692308,40,2.6153846153846154,4,0,0,0,0,0,0,0,0,0,0.11538461538461539,0.5,0.0,1.0,0.0,0.0
CUST000394,19,31137.65,1638.8236842105264,16374.4,3686.5623104235838,6,10,0,19,19,6,7,36.05263157894737,70,2.9473684210526314,5,0,0,0,0,0,0,0,0,0,0.3157894736842105,0.5263157894736842,0.0,1.0,0.0,0.0
CUST000395,23,18744.14,814.9626086956522,3237.4,900.0364268396806,5,12,0,23,23,6,6,33.69565217391305,40,2.739130434782609,4,0,0,0,0,0,0,0,0,0,0.21739130434782608,0.5217391304347826,0.0,1.0,0.0,0.0
CUST000396,20,11266.04,563.302,1879.63,616.3137431501827,4,7,0,20,19,4,5,32.75,40,2.55,4,0,0,0,0,0,0,0,0,0,0.2,0.35,0.0,1.0,0.0,0.0
CUST000397,23,33267.33,1446.405652173913,10679.95,2387.001153766005,3,9,0,23,23,5,6,34.34782608695652,55,2.608695652173913,4,0,0,0,0,0,0,0,0,0,0.13043478260869565,0.391304347826087,0.0,1.0,0.0,0.0
CUST000398,20,14264.07,713.2035,6446.7,1422.8287434923986,2,12,0,20,20,7,4,34.5,50,2.75,4,0,0,0,0,0,0,0,0,0,0.1,0.6,0.0,1.0,0.0,0.0
CUST000399,31,41266.57,1331.179677419355,7749.8,2080.2017063664507,6,18,0,31,30,7,7,35.806451612903224,55,2.870967741935484,4,0,0,0,0,0,0,0,0,0,0.1935483870967742,0.5806451612903226,0.0,1.0,0.0,0.0
CUST000400,34,27565.22,810.7417647058824,6156.51,1153.6430372768682,5,18,0,34,34,8,9,33.970588235294116,55,2.7058823529411766,4,0,0,0,0,0,0,0,0,0,0.14705882352941177,0.5294117647058824,0.0,1.0,0.0,0.0
CUST000401,33,43168.71,1308.1427272727271,19051.82,3420.664364707966,4,16,0,33,33,5,9,34.696969696969695,65,2.696969696969697,4,0,0,0,0,0,0,0,0,0,0.12121212121212122,0.48484848484848486,0.0,1.0,0.0,0.0
CUST000402,25,19730.59,789.2236,3347.89,976.6517460729453,7,9,0,25,25,5,5,33.2,40,2.64,4,0,0,0,0,0,0,0,0,0,0.28,0.36,0.0,1.0,0.0,0.0
CUST000403,17,22550.24,1326.484705882353,14172.51,3354.644317282605,4,11,0,17,17,7,6,35.588235294117645,55,2.9411764705882355,4,0,0,0,0,0,0,0,0,0,0.23529411764705882,0.6470588235294118,0.0,1.0,0.0,0.0
CUST000404,23,12154.050000000001,528.4369565217391,3290.83,724.7945680513064,4,10,0,23,23,6,5,33.04347826086956,40,2.608695652173913,4,0,0,0,0,0,0,0,0,0,0.17391304347826086,0.43478260869565216,0.0,1.0,0.0,0.0
CUST000405,20,20807.59,1040.3795,4564.1,1302.7830161557786,2,11,0,20,20,6,7,33.25,40,2.65,4,0,0,0,0,0,0,0,0,0,0.1,0.55,0.0,1.0,0.0,0.0
CUST000406,21,13655.59,650.2661904761904,4064.51,849.7716780552068,1,8,0,0,21,2,5,12.142857142857142,15,1.4285714285714286,2,0,0,0,0,0,0,0,0,0,0.047619047619047616,0.38095238095238093,0.0,0.0,0.0,0.0
CUST000407,17,17362.16,1021.3035294117647,7926.88,1892.0712241976423,2,11,0,17,17,5,5,35.0,55,2.823529411764706,4,0,0,0,0,0,0,0,0,0,0.11764705882352941,0.6470588235294118,0.0,1.0,0.0,0.0
CUST000408,27,15933.11,590.1151851851852,3098.34,773.8166035127961,4,14,0,27,27,5,8,33.333333333333336,40,2.6666666666666665,4,0,0,0,0,0,0,0,0,0,0.14814814814814814,0.5185185185185185,0.0,1.0,0.0,0.0
CUST000409,22,8948.09,406.73136363636365,1530.67,387.73048969730144,6,12,0,22,22,4,7,34.09090909090909,40,2.8181818181818183,4,0,0,0,0,0,0,0,0,0,0.2727272727272727,0.5454545454545454,0.0,1.0,0.0,0.0
CUST000410,20,16069.55,803.4775,4484.19,1092.5017974831653,4,10,0,20,20,5,6,33.5,40,2.7,4,0,0,0,0,0,0,0,0,0,0.2,0.5,0.0,1.0,0.0,0.0
CUST000411,18,11163.06,620.17,2644.87,784.5546638923856,4,7,0,18,18,6,5,48.05555555555556,55,3.611111111111111,5,0,0,1,0,0,0,0,0,0,0.2222222222222222,0.3888888888888889,0.0,1.0,0.0,0.0
CUST000412,29,21127.64,728.5393103448275,3397.46,820.5738639162014,5,18,0,29,29,8,7,33.96551724137931,40,2.793103448275862,4,0,0,0,0,0,0,0,0,0,0.1724137931034483,0.6206896551724138,0.0,1.0,0.0,0.0
CUST000413,23,17553.44,763.1930434782608,2443.92,705.7739191028319,2,15,0,23,23,9,5,33.69565217391305,40,2.739130434782609,4,0,0,0,0,0,0,0,0,0,0.08695652173913043,0.6521739130434783,0.0,1.0,0.0,0.0
CUST000414,26,19772.29,760.4726923076923,4371.33,1025.3305609550812,8,14,0,26,26,7,8,34.23076923076923,40,2.8461538461538463,4,0,0,0,0,0,0,0,0,0,0.3076923076923077,0.5384615384615384,0.0,1.0,0.0,0.0
CUST000415,22,12276.47,558.0213636363636,4239.36,910.2367995265504,6,11,0,22,22,6,8,33.86363636363637,40,2.772727272727273,4,0,0,0,0,0,0,0,0,0,0.2727272727272727,0.5,0.0,1.0,0.0,0.0
CUST000416,21,14213.67,676.8414285714285,2573.52,654.4128943357222,2,9,0,21,21,6,4,32.61904761904762,35,2.5238095238095237,3,0,0,0,0,0,0,0,0,0,0.09523809523809523,0.42857142857142855,0.0,1.0,0.0,0.0
CUST000417,26,17114.59,658.2534615384616,3322.93,830.1442203662798,6,13,0,26,25,9,6,33.65384615384615,40,2.730769230769231,4,0,0,0,0,0,0,0,0,0,0.23076923076923078,0.5,0.0,1.0,0.0,0.0
CUST000418,36,32249.34,895.815,5599.36,1198.5756562270067,6,16,0,36,35,9,7,33.611111111111114,55,2.638888888888889,4,0,0,0,0,0,0,0,0,0,0.16666666666666666,0.4444444444444444,0.0,1.0,0.0,0.0
CUST000419,33,42679.47,1293.3172727272727,19233.31,3319.733956618618,3,22,0,33,33,8,7,34.84848484848485,70,2.8181818181818183,5,0,0,0,0,0,0,0,0,0,0.09090909090909091,0.6666666666666666,0.0,1.0,0.0,0.0
CUST000420,25,23271.95,930.878,4518.52,1048.2246941654892,4,12,0,25,25,8,5,33.2,40,2.64,4,0,0,0,0,0,0,0,0,0,0.16,0.48,0.0,1.0,0.0,0.0
CUST000421,27,21854.48,809.4251851851851,3884.3,891.7724232559403,5,16,0,27,27,7,7,35.0,50,2.8518518518518516,4,0,0,0,0,0,0,0,0,0,0.18518518518518517,0.5925925925925926,0.0,1.0,0.0,0.0
CUST000422,19,9383.4,493.86315789473684,2641.84,639.7960314128995,1,12,0,19,19,7,6,33.421052631578945,40,2.6842105263157894,4,0,0,0,0,0,0,0,0,0,0.05263157894736842,0.631578947368421,0.0,1.0,0.0,0.0
CUST000423,29,24666.95,850.5844827586208,4232.16,1047.7213413559725,4,16,0,29,29,8,8,33.44827586206897,40,2.689655172413793,4,0,0,0,0,0,0,0,0,0,0.13793103448275862,0.5517241379310345,0.0,1.0,0.0,0.0
CUST000424,28,18161.85,648.6374999999999,4015.99,886.7476319450676,7,14,0,28,28,8,5,33.75,40,2.75,4,0,0,0,0,0,0,0,0,0,0.25,0.5,0.0,1.0,0.0,0.0
CUST000425,24,12859.24,535.8016666666666,2647.86,644.6626577667118,3,7,0,24,24,4,4,32.083333333333336,40,2.4166666666666665,4,0,0,0,0,0,0,0,0,0,0.125,0.2916666666666667,0.0,1.0,0.0,0.0
CUST000426,28,18589.53,663.9117857142857,2994.42,896.9990010732022,6,13,0,28,28,5,9,33.392857142857146,40,2.6785714285714284,4,0,0,0,0,0,0,0,0,0,0.21428571428571427,0.4642857142857143,0.0,1.0,0.0,0.0
CUST000427,27,19455.61,720.5781481481482,2917.14,886.3853600786869,7,12,0,27,26,7,3,33.51851851851852,40,2.7037037037037037,4,0,0,0,0,0,0,0,0,0,0.25925925925925924,0.4444444444444444,0.0,1.0,0.0,0.0
CUST000428,21,28600.67,1361.9366666666665,5057.98,1367.7047260331206,8,7,0,21,21,6,4,34.523809523809526,55,2.761904761904762,4,0,0,0,0,0,0,0,0,0,0.38095238095238093,0.3333333333333333,0.0,1.0,0.0,0.0
CUST000429,25,17865.45,714.618,4347.67,1062.7893476484414,5,13,0,25,25,7,6,33.6,40,2.72,4,0,0,0,0,0,0,0,0,0,0.2,0.52,0.0,1.0,0.0,0.0
CUST000430,26,21397.19,822.9688461538461,5555.78,1238.3350277992686,3,14,0,26,26,8,7,34.03846153846154,50,2.6923076923076925,4,0,0,0,0,0,0,0,0,0,0.11538461538461539,0.5384615384615384,0.0,1.0,0.0,0.0
CUST000431,32,14505.619999999999,453.30062499999997,1940.8,501.9046132415453,5,15,0,32,32,8,5,33.125,40,2.625,4,0,0,0,0,0,0,0,0,0,0.15625,0.46875,0.0,1.0,0.0,0.0
CUST000432,24,21493.29,895.55375,5140.33,1157.0163627185093,5,11,0,24,24,6,5,34.166666666666664,55,2.7083333333333335,4,0,0,0,0,0,0,0,0,0,0.20833333333333334,0.4583333333333333,0.0,1.0,0.0,0.0
CUST000433,23,14818.74,644.2930434782609,3302.96,731.9962795883769,5,9,0,23,23,6,5,33.04347826086956,40,2.608695652173913,4,0,0,0,0,0,0,0,0,0,0.21739130434782608,0.391304347826087,0.0,1.0,0.0,0.0
CUST000434,22,10951.92,497.81454545454545,3694.87,762.0790590578811,2,11,0,22,22,5,5,32.95454545454545,35,2.590909090909091,3,0,0,0,0,0,0,0,0,0,0.09090909090909091,0.5,0.0,1.0,0.0,0.0
CUST000435,26,29967.75,1152.6057692307693,12174.42,2364.410395727735,4,18,0,26,26,8,9,35.0,55,2.8846153846153846,4,0,0,0,0,0,0,0,0,0,0.15384615384615385,0.6923076923076923,0.0,1.0,0.0,0.0
CUST000436,26,15415.17,592.8911538461539,2462.02,602.2412691559882,3,16,0,26,26,9,8,33.65384615384615,40,2.730769230769231,4,0,0,0,0,0,0,0,0,0,0.11538461538461539,0.6153846153846154,0.0,1.0,0.0,0.0
CUST000437,34,31275.43,919.8655882352941,8502.35,1537.2449943229142,6,10,0,34,34,5,7,33.8235294117647,80,2.5588235294117645,5,0,0,0,1,0,0,0,0,0,0.17647058823529413,0.29411764705882354,0.0,1.0,0.029411764705882353,0.0
CUST000438,24,9311.6,387.98333333333335,1209.14,346.2121339353345,3,11,0,24,24,5,7,32.916666666666664,40,2.5833333333333335,4,0,0,0,0,0,0,0,0,0,0.125,0.4583333333333333,0.0,1.0,0.0,0.0
CUST000439,18,16714.13,928.5627777777778,9776.4,2237.0790285438406,4,11,0,18,18,6,4,36.111111111111114,70,2.9444444444444446,5,0,0,0,1,0,0,0,0,0,0.2222222222222222,0.6111111111111112,0.0,1.0,0.05555555555555555,0.0
CUST000440,27,17550.03,650.0011111111111,2802.58,669.0994224462825,5,13,0,27,27,5,8,33.333333333333336,40,2.6666666666666665,4,0,0,0,0,0,0,0,0,0,0.18518518518518517,0.48148148148148145,0.0,1.0,0.0,0.0
CUST000441,21,15604.7,743.0809523809525,1925.72,658.2966260122009,2,11,0,21,21,4,4,33.095238095238095,40,2.619047619047619,4,0,0,0,0,0,0,0,0,0,0.09523809523809523,0.5238095238095238,0.0,1.0,0.0,0.0
CUST000442,28,14206.02,507.35785714285714,1672.78,409.7122335326945,8,19,0,28,28,11,7,34.82142857142857,40,2.9642857142857144,4,0,0,0,0,0,0,0,0,0,0.2857142857142857,0.6785714285714286,0.0,1.0,0.0,0.0
CUST000443,28,24995.15,892.6839285714286,7422.07,1489.7897545362002,3,8,0,28,28,5,4,32.67857142857143,50,2.4285714285714284,3,0,0,0,0,0,0,0,0,0,0.10714285714285714,0.2857142857142857,0.0,1.0,0.0,0.0
CUST000444,28,25433.66,908.345,4300.99,1127.0144257366533,6,15,0,28,28,7,8,33.75,40,2.75,4,0,0,0,0,0,0,0,0,0,0.21428571428571427,0.5357142857142857,0.0,1.0,0.0,0.0
CUST000445,27,16080.49,595.5737037037037,2524.69,654.0790353451658,2,12,0,27,27,5,8,32.592592592592595,35,2.5185185185185186,3,0,0,0,0,0,0,0,0,0,0.07407407407407407,0.4444444444444444,0.0,1.0,0.0,0.0
CUST000446,23,16127.699999999999,701.2043478260869,2659.02,776.617187468283,5,14,0,23,23,6,7,34.130434782608695,40,2.8260869565217392,4,0,0,0,0,0,0,0,0,0,0.21739130434782608,0.6086956521739131,0.0,1.0,0.0,0.0
CUST000447,24,69851.2,2910.4666666666667,50000.0,10095.140428998786,1,11,0,24,24,6,6,34.375,75,2.625,5,0,0,0,0,0,0,0,0,0,0.041666666666666664,0.4583333333333333,0.0,1.0,0.0,0.0
CUST000448,23,16410.13,713.4839130434783,4167.34,991.7404057868953,3,11,0,23,23,8,6,33.04347826086956,40,2.608695652173913,4,0,0,0,0,0,0,0,0,0,0.13043478260869565,0.4782608695652174,0.0,1.0,0.0,0.0
CUST000449,26,18269.3,702.6653846153846,5349.28,1157.3485417115478,4,9,0,26,26,5,5,33.26923076923077,55,2.5384615384615383,4,0,0,0,0,0,0,0,0,0,0.15384615384615385,0.34615384615384615,0.0,1.0,0.0,0.0
CUST000450,38,19757.68,519.938947368421,2258.21,519.460959466323,12,21,0,38,38,9,8,34.3421052631579,40,2.8684210526315788,4,0,0,0,0,0,0,0,0,0,0.3157894736842105,0.5526315789473685,0.0,1.0,0.0,0.0
CUST000451,24,25311.3,1054.6375,8493.39,1821.594108061374,4,14,0,24,24,5,8,35.208333333333336,70,2.8333333333333335,5,0,0,0,1,0,0,0,0,0,0.16666666666666666,0.5833333333333334,0.0,1.0,0.041666666666666664,0.0
CUST000452,24,10127.31,421.97125,2221.6,462.53693627656236,5,11,0,24,24,6,6,33.333333333333336,40,2.6666666666666665,4,0,0,0,0,0,0,0,0,0,0.20833333333333334,0.4583333333333333,0.0,1.0,0.0,0.0
CUST000453,22,19883.0,903.7727272727273,7378.48,1545.903030508403,5,14,0,22,22,6,9,35.22727272727273,55,2.909090909090909,4,0,0,0,0,0,0,0,0,0,0.22727272727272727,0.6363636363636364,0.0,1.0,0.0,0.0
CUST000454,27,13086.44,484.68296296296296,3149.51,682.6960961895282,4,13,0,27,27,8,5,48.148148148148145,55,3.6296296296296298,5,0,0,1,0,0,0,0,0,0,0.14814814814814814,0.48148148148148145,0.0,1.0,0.0,0.0
CUST000455,26,30818.190000000002,1185.315,8312.51,1830.2503163387244,6,20,0,26,26,7,7,36.34615384615385,70,3.076923076923077,5,0,0,0,1,0,0,0,0,0,0.23076923076923078,0.7692307692307693,0.0,1.0,0.038461538461538464,0.0
CUST000456,26,14823.89,570.1496153846153,4059.72,766.819238702216,5,12,0,26,26,6,6,33.26923076923077,40,2.6538461538461537,4,0,0,0,0,0,0,0,0,0,0.19230769230769232,0.46153846153846156,0.0,1.0,0.0,0.0
CUST000457,22,29160.22,1325.4645454545455,10546.69,2303.1106029862917,6,13,0,22,22,6,7,35.22727272727273,50,2.909090909090909,4,0,0,0,0,0,0,0,0,0,0.2727272727272727,0.5909090909090909,0.0,1.0,0.0,0.0
CUST000458,25,21802.65,872.1060000000001,3890.22,825.9620393315098,4,11,0,25,25,5,6,33.0,40,2.6,4,0,0,0,0,0,0,0,0,0,0.16,0.44,0.0,1.0,0.0,0.0
CUST000459,25,18327.7,733.1080000000001,3084.35,892.8515363289689,6,18,0,25,25,6,8,34.8,40,2.96,4,0,0,0,0,0,0,0,0,0,0.24,0.72,0.0,1.0,0.0,0.0
CUST000460,27,23113.33,856.0492592592593,2620.92,875.9135568252152,4,15,0,27,27,7,10,33.51851851851852,40,2.7037037037037037,4,0,0,0,0,0,0,0,0,0,0.14814814814814814,0.5555555555555556,0.0,1.0,0.0,0.0
CUST000461,30,21877.68,729.256,4095.04,908.5198846156693,7,13,0,30,30,6,5,33.333333333333336,40,2.6666666666666665,4,0,0,0,0,0,0,0,0,0,0.23333333333333334,0.43333333333333335,0.0,1.0,0.0,0.0
CUST000462,15,8681.28,578.7520000000001,3010.39,832.3489936936654,1,4,0,15,15,3,3,31.666666666666668,35,2.3333333333333335,3,0,0,0,0,0,0,0,0,0,0.06666666666666667,0.26666666666666666,0.0,1.0,0.0,0.0
CUST000463,25,12168.59,486.7436,3426.31,695.3099857370571,5,14,0,25,25,5,6,33.8,40,2.76,4,0,0,0,0,0,0,0,0,0,0.2,0.56,0.0,1.0,0.0,0.0
CUST000464,29,14460.58,498.6406896551724,2670.99,595.7151830299144,1,16,0,29,29,5,8,33.44827586206897,50,2.6206896551724137,4,0,0,0,0,0,0,0,0,0,0.034482758620689655,0.5517241379310345,0.0,1.0,0.0,0.0
CUST000465,30,15279.61,509.32033333333334,4052.36,728.411383242887,2,14,0,30,30,6,7,32.666666666666664,40,2.533333333333333,4,0,0,0,0,0,0,0,0,0,0.06666666666666667,0.4666666666666667,0.0,1.0,0.0,0.0
CUST000466,24,21330.82,888.7841666666667,5772.69,1211.196836180308,2,8,0,24,24,4,7,32.916666666666664,50,2.4583333333333335,4,0,0,0,0,0,0,0,0,0,0.08333333333333333,0.3333333333333333,0.0,1.0,0.0,0.0
CUST000467,18,13064.7,725.8166666666667,2286.37,673.0593649981884,4,9,0,18,18,6,6,33.611111111111114,40,2.7222222222222223,4,0,0,0,0,0,0,0,0,0,0.2222222222222222,0.5,0.0,1.0,0.0,0.0
CUST000468,22,13562.15,616.4613636363637,2028.91,543.1723015528705,2,8,0,22,22,5,6,32.27272727272727,40,2.4545454545454546,4,0,0,0,0,0,0,0,0,0,0.09090909090909091,0.36363636363636365,0.0,1.0,0.0,0.0
CUST000469,28,20466.0,730.9285714285714,4351.33,1102.9673554643882,8,13,0,28,28,9,6,33.75,40,2.75,4,0,0,0,0,0,0,0,0,0,0.2857142857142857,0.4642857142857143,0.0,1.0,0.0,0.0
CUST000470,25,35542.869999999995,1421.7147999999997,9578.59,2230.1092925200624,7,12,0,25,25,5,6,35.2,70,2.84,5,0,0,0,1,0,0,0,0,0,0.28,0.48,0.0,1.0,0.04,0.0
CUST000471,26,18646.62,717.1776923076923,5244.72,1168.033344668919,4,14,0,26,26,9,8,34.23076923076923,50,2.730769230769231,4,0,0,0,0,0,0,0,0,0,0.15384615384615385,0.5384615384615384,0.0,1.0,0.0,0.0
CUST000472,28,15165.8,541.6357142857142,4034.73,788.3014463667533,9,12,0,28,28,6,7,33.75,40,2.75,4,0,0,0,0,0,0,0,0,0,0.32142857142857145,0.42857142857142855,0.0,1.0,0.0,0.0
CUST000473,30,11365.72,378.8573333333333,1787.81,386.50171787933647,2,15,0,30,30,5,7,47.833333333333336,55,3.566666666666667,5,0,0,1,0,0,0,0,0,0,0.06666666666666667,0.5,0.0,1.0,0.0,0.0
CUST000474,23,26845.08,1167.1773913043478,10593.45,2417.633722110071,6,7,0,23,23,5,4,34.56521739130435,50,2.652173913043478,4,0,0,0,0,0,0,0,0,0,0.2608695652173913,0.30434782608695654,0.0,1.0,0.0,0.0
CUST000475,30,16852.510000000002,561.7503333333334,3093.83,719.8516565548159,4,18,0,30,29,7,7,33.666666666666664,40,2.7333333333333334,4,0,0,0,0,0,0,0,0,0,0.13333333333333333,0.6,0.0,1.0,0.0,0.0
CUST000476,32,20240.35,632.5109375,3022.79,745.9116002123513,7,14,0,32,32,8,5,33.28125,40,2.65625,4,0,0,0,0,0,0,0,0,0,0.21875,0.4375,0.0,1.0,0.0,0.0
CUST000477,35,20683.22,590.9491428571429,4062.13,847.46026319257,7,13,0,35,35,7,10,32.857142857142854,40,2.5714285714285716,4,0,0,0,0,0,0,0,0,0,0.2,0.37142857142857144,0.0,1.0,0.0,0.0
CUST000478,29,26624.160000000003,918.0744827586208,9276.45,1761.1695428517023,4,9,0,29,29,6,5,33.44827586206897,65,2.5172413793103448,4,0,0,0,1,0,0,0,0,0,0.13793103448275862,0.3103448275862069,0.0,1.0,0.034482758620689655,0.0
CUST000479,24,14702.36,612.5983333333334,2143.36,645.1930706969522,6,16,0,24,24,7,6,34.583333333333336,40,2.9166666666666665,4,0,0,0,0,0,0,0,0,0,0.25,0.6666666666666666,0.0,1.0,0.0,0.0
CUST000480,21,9315.48,443.5942857142857,2404.43,537.7460400093285,3,7,0,21,21,3,4,32.38095238095238,40,2.4761904761904763,4,0,0,0,0,0,0,0,0,0,0.14285714285714285,0.3333333333333333,0.0,1.0,0.0,0.0
CUST000481,26,21854.93,840.5742307692308,5750.42,1323.4303979739109,6,10,0,26,26,6,6,48.84615384615385,65,3.6538461538461537,5,0,0,1,0,0,0,0,0,0,0.23076923076923078,0.38461538461538464,0.0,1.0,0.0,0.0
CUST000482,23,10213.99,444.08652173913043,1880.51,520.0822672302448,3,11,0,23,23,5,8,33.04347826086956,40,2.608695652173913,4,0,0,0,0,0,0,0,0,0,0.13043478260869565,0.4782608695652174,0.0,1.0,0.0,0.0
CUST000483,27,20368.5,754.3888888888889,3539.09,962.3127361179795,7,11,0,27,26,4,7,33.333333333333336,40,2.6666666666666665,4,0,0,0,0,0,0,0,0,0,0.25925925925925924,0.4074074074074074,0.0,1.0,0.0,0.0
CUST000484,22,18096.79,822.5813636363637,5463.96,1242.9464089251624,5,8,0,22,22,3,7,33.86363636363637,55,2.6363636363636362,4,0,0,0,0,0,0,0,0,0,0.22727272727272727,0.36363636363636365,0.0,1.0,0.0,0.0
CUST000485,24,13466.99,561.1245833333334,5071.65,1037.4722955713464,4,14,0,24,24,8,5,34.583333333333336,55,2.7916666666666665,4,0,0,0,0,0,0,0,0,0,0.16666666666666666,0.5833333333333334,0.0,1.0,0.0,0.0
CUST000486,25,21686.54,867.4616000000001,7942.54,1631.5444180174807,6,11,0,25,25,4,7,34.2,50,2.72,4,0,0,0,0,0,0,0,0,0,0.24,0.44,0.0,1.0,0.0,0.0
CUST000487,23,22289.68,969.1165217391305,5149.15,1308.6188723251448,4,12,0,23,23,8,5,34.34782608695652,55,2.739130434782609,4,0,0,0,0,0,0,0,0,0,0.17391304347826086,0.5217391304347826,0.0,1.0,0.0,0.0
CUST000488,19,9359.86,492.62421052631584,2000.81,628.5581403437535,3,11,0,19,19,6,8,33.68421052631579,40,2.736842105263158,4,0,0,0,0,0,0,0,0,0,0.15789473684210525,0.5789473684210527,0.0,1.0,0.0,0.0
CUST000489,24,8561.619999999999,356.7341666666666,1095.6,311.9578267193328,2,8,0,24,24,5,4,32.083333333333336,40,2.4166666666666665,4,0,0,0,0,0,0,0,0,0,0.08333333333333333,0.3333333333333333,0.0,1.0,0.0,0.0
CUST000490,23,14672.27,637.9247826086956,2292.88,731.4638085987053,4,11,0,23,23,6,5,33.26086956521739,40,2.652173913043478,4,0,0,0,0,0,0,0,0,0,0.17391304347826086,0.4782608695652174,0.0,1.0,0.0,0.0
CUST000491,23,17400.72,756.553043478261,3033.55,878.5054599945958,7,12,0,23,23,4,7,34.130434782608695,40,2.8260869565217392,4,0,0,0,0,0,0,0,0,0,0.30434782608695654,0.5217391304347826,0.0,1.0,0.0,0.0
CUST000492,24,17029.86,709.5775,2533.48,751.1265269797151,4,11,0,24,24,6,7,43.125,50,3.625,5,1,0,0,0,0,0,0,0,0,0.16666666666666666,0.4583333333333333,0.0,1.0,0.0,0.0
CUST000493,31,14472.02,466.8393548387097,1649.46,406.6896264961401,3,18,0,31,31,7,5,33.38709677419355,40,2.6774193548387095,4,0,0,0,0,0,0,0,0,0,0.0967741935483871,0.5806451612903226,0.0,1.0,0.0,0.0
CUST000494,23,18904.64,821.9408695652173,5731.7,1371.395905866166,4,11,0,23,23,7,4,34.130434782608695,55,2.6956521739130435,4,0,0,0,0,0,0,0,0,0,0.17391304347826086,0.4782608695652174,0.0,1.0,0.0,0.0
CUST000495,21,23743.18,1130.627619047619,7258.96,1778.9621284527243,3,10,0,21,21,7,5,34.04761904761905,50,2.6666666666666665,4,0,0,0,0,0,0,0,0,0,0.14285714285714285,0.47619047619047616,0.0,1.0,0.0,0.0
CUST000496,28,28265.04,1009.4657142857143,7359.85,1600.4984867486305,5,10,0,28,28,7,4,33.392857142857146,55,2.5714285714285716,4,0,0,0,0,0,0,0,0,0,0.17857142857142858,0.35714285714285715,0.0,1.0,0.0,0.0
CUST000497,21,11621.369999999999,553.3985714285714,4276.15,880.4231108352716,4,10,0,21,21,7,3,33.333333333333336,40,2.6666666666666665,4,0,0,0,0,0,0,0,0,0,0.19047619047619047,0.47619047619047616,0.0,1.0,0.0,0.0
CUST000498,20,16856.21,842.8104999999999,3200.08,929.1553411027332,4,10,0,20,20,5,3,33.5,40,2.7,4,0,0,0,0,0,0,0,0,0,0.2,0.5,0.0,1.0,0.0,0.0
CUST000499,23,18300.43,795.6708695652175,4670.99,1057.2250610524663,6,9,0,23,23,5,8,33.26086956521739,40,2.652173913043478,4,0,0,0,0,0,0,0,0,0,0.2608695652173913,0.391304347826087,0.0,1.0,0.0,0.0
CUST000500,28,19008.18,678.8635714285714,3847.28,890.7990756461065,10,12,0,28,28,7,4,33.92857142857143,40,2.7857142857142856,4,0,0,0,0,0,0,0,0,0,0.35714285714285715,0.42857142857142855,0.0,1.0,0.0,0.0
CUST000501,18,6959.61,386.645,1469.37,382.8130212342189,5,5,0,18,18,3,3,32.77777777777778,40,2.5555555555555554,4,0,0,0,0,0,0,0,0,0,0.2777777777777778,0.2777777777777778,0.0,1.0,0.0,0.0
CUST000502,31,23332.64,752.6658064516129,2620.72,755.693960955863,6,15,0,31,31,7,7,33.38709677419355,40,2.6774193548387095,4,0,0,0,0,0,0,0,0,0,0.1935483870967742,0.4838709677419355,0.0,1.0,0.0,0.0
CUST000503,24,14258.43,594.10125,3080.48,793.9957926091159,1,12,0,24,23,4,8,32.708333333333336,40,2.5416666666666665,4,0,0,0,0,0,0,0,0,0,0.041666666666666664,0.5,0.0,1.0,0.0,0.0
CUST000504,16,8581.880000000001,536.3675000000001,2780.92,675.6838611905226,5,4,0,16,16,3,4,47.8125,55,3.5625,5,0,0,1,0,0,0,0,0,0,0.3125,0.25,0.0,1.0,0.0,0.0
CUST000505,23,19881.79,864.4256521739131,8074.93,1758.7771244889705,4,11,0,23,23,5,7,34.78260869565217,70,2.739130434782609,5,0,0,0,1,0,0,0,0,0,0.17391304347826086,0.4782608695652174,0.0,1.0,0.043478260869565216,0.0
CUST000506,20,16753.14,837.6569999999999,4258.79,1040.092899965646,3,12,0,20,20,7,5,33.75,40,2.75,4,0,0,0,0,0,0,0,0,0,0.15,0.6,0.0,1.0,0.0,0.0
CUST000507,17,13735.95,807.9970588235294,4014.66,943.3438446476231,4,6,0,17,17,6,2,32.94117647058823,40,2.588235294117647,4,0,0,0,0,0,0,0,0,0,0.23529411764705882,0.35294117647058826,0.0,1.0,0.0,0.0
CUST000508,26,20423.67,785.5257692307691,3480.05,850.5253630559083,5,12,0,26,26,7,6,33.26923076923077,40,2.6538461538461537,4,0,0,0,0,0,0,0,0,0,0.19230769230769232,0.46153846153846156,0.0,1.0,0.0,0.0
CUST000509,26,25086.56,964.8676923076923,4259.0,1343.4536367625276,2,11,0,26,26,7,3,32.5,40,2.5,4,0,0,0,0,0,0,0,0,0,0.07692307692307693,0.4230769230769231,0.0,1.0,0.0,0.0
CUST000510,25,14149.41,565.9764,4160.19,869.0248833313117,1,11,0,25,25,6,7,32.4,40,2.48,4,0,0,0,0,0,0,0,0,0,0.04,0.44,0.0,1.0,0.0,0.0
CUST000511,24,27924.69,1163.52875,16055.4,3249.22114787972,3,12,0,24,24,6,6,33.958333333333336,55,2.6666666666666665,4,0,0,0,0,0,0,0,0,0,0.125,0.5,0.0,1.0,0.0,0.0
CUST000512,22,14444.37,656.5622727272728,1725.98,525.6086673465601,5,13,0,22,22,7,7,34.09090909090909,40,2.8181818181818183,4,0,0,0,0,0,0,0,0,0,0.22727272727272727,0.5909090909090909,0.0,1.0,0.0,0.0
CUST000513,19,8118.7,427.3,1873.19,452.96685851297235,4,9,0,0,19,2,7,13.421052631578947,20,1.6842105263157894,3,0,0,0,0,0,0,0,0,0,0.21052631578947367,0.47368421052631576,0.0,0.0,0.0,0.0
CUST000514,33,25399.45,769.6803030303031,4037.05,994.3841100100757,6,18,0,33,33,5,10,33.63636363636363,40,2.727272727272727,4,0,0,0,0,0,0,0,0,0,0.18181818181818182,0.5454545454545454,0.0,1.0,0.0,0.0
CUST000515,26,24090.03,926.5396153846153,5203.36,1372.7916947344363,3,17,0,26,26,8,9,34.61538461538461,50,2.8076923076923075,3,0,0,0,0,0,0,0,0,0,0.11538461538461539,0.6538461538461539,0.0,1.0,0.0,0.0
CUST000516,25,18202.52,728.1008,3834.82,930.5725278330899,8,13,0,25,25,8,6,34.2,40,2.84,4,0,0,0,0,0,0,0,0,0,0.32,0.52,0.0,1.0,0.0,0.0
CUST000517,18,28357.82,1575.4344444444444,8394.37,2631.801286044625,3,9,0,18,18,4,5,37.5,70,2.888888888888889,5,0,0,0,1,0,0,0,0,0,0.16666666666666666,0.5,0.0,1.0,0.05555555555555555,0.0
CUST000518,15,11203.369999999999,746.8913333333333,3069.59,861.5579139050265,3,7,0,15,15,4,4,43.333333333333336,50,3.6666666666666665,5,1,0,0,0,0,0,0,0,0,0.2,0.4666666666666667,0.0,1.0,0.0,0.0
CUST000519,21,23071.46,1098.6409523809523,6576.69,1701.822254134975,4,7,0,21,21,4,5,33.57142857142857,50,2.5714285714285716,4,0,0,0,0,0,0,0,0,0,0.19047619047619047,0.3333333333333333,0.0,1.0,0.0,0.0
CUST000520,27,18493.25,684.9351851851852,5244.16,1116.206279648133,8,13,0,27,27,7,7,34.629629629629626,55,2.814814814814815,4,0,0,0,0,0,0,0,0,0,0.2962962962962963,0.48148148148148145,0.0,1.0,0.0,0.0
CUST000521,16,7649.38,478.08625,1652.0,391.45576494030587,3,14,0,16,16,5,9,35.3125,40,3.0625,4,0,0,0,0,0,0,0,0,0,0.1875,0.875,0.0,1.0,0.0,0.0
CUST000522,27,15755.960000000001,583.5540740740742,3283.29,874.9026897285788,3,13,0,27,27,5,7,32.96296296296296,40,2.5925925925925926,4,0,0,0,0,0,0,0,0,0,0.1111111111111111,0.48148148148148145,0.0,1.0,0.0,0.0
CUST000523,22,14457.28,657.1490909090909,1429.05,447.2382007590383,2,12,0,22,22,6,5,33.18181818181818,40,2.6363636363636362,4,0,0,0,0,0,0,0,0,0,0.09090909090909091,0.5454545454545454,0.0,1.0,0.0,0.0
CUST000524,32,24553.03,767.2821875,4665.47,1166.7859613699075,5,12,0,32,32,8,6,32.65625,40,2.53125,4,0,0,0,0,0,0,0,0,0,0.15625,0.375,0.0,1.0,0.0,0.0
CUST000525,21,11099.28,528.5371428571428,2137.09,552.8892132890899,2,10,0,21,21,7,4,32.857142857142854,40,2.5714285714285716,4,0,0,0,0,0,0,0,0,0,0.09523809523809523,0.47619047619047616,0.0,1.0,0.0,0.0
CUST000526,35,38844.69,1109.8482857142858,10984.6,2228.41738737645,6,19,0,35,35,9,8,35.714285714285715,70,2.8285714285714287,5,0,0,0,0,0,0,0,0,0,0.17142857142857143,0.5428571428571428,0.0,1.0,0.0,0.0
CUST000527,29,17884.260000000002,616.6986206896553,2216.13,512.2128761749925,8,13,0,29,28,5,7,33.62068965517241,40,2.7241379310344827,4,0,0,0,0,0,0,0,0,0,0.27586206896551724,0.4482758620689655,0.0,1.0,0.0,0.0
CUST000528,28,22144.75,790.8839285714286,3747.64,905.041681750745,6,15,0,28,28,6,7,48.75,55,3.75,5,0,0,1,0,0,0,0,0,0,0.21428571428571427,0.5357142857142857,0.0,1.0,0.0,0.0
CUST000529,29,22390.57,772.0886206896552,3539.34,848.6495243777616,1,15,0,29,29,6,6,32.758620689655174,40,2.5517241379310347,4,0,0,0,0,0,0,0,0,0,0.034482758620689655,0.5172413793103449,0.0,1.0,0.0,0.0
CUST000530,21,10471.539999999999,498.6447619047619,2672.7,603.4128482276379,3,12,0,21,21,5,6,33.57142857142857,40,2.7142857142857144,4,0,0,0,0,0,0,0,0,0,0.14285714285714285,0.5714285714285714,0.0,1.0,0.0,0.0
CUST000531,24,15094.77,628.94875,3564.13,731.2453669526213,4,11,0,24,24,4,6,33.125,40,2.625,4,0,0,0,0,0,0,0,0,0,0.16666666666666666,0.4583333333333333,0.0,1.0,0.0,0.0
CUST000532,32,19227.72,600.86625,4344.41,1011.9488670103585,7,18,0,32,32,9,7,33.90625,40,2.78125,4,0,0,0,0,0,0,0,0,0,0.21875,0.5625,0.0,1.0,0.0,0.0
CUST000533,26,17168.079999999998,660.3107692307692,2618.38,638.5330971777302,7,14,0,26,26,6,6,34.03846153846154,40,2.8076923076923075,4,0,0,0,0,0,0,0,0,0,0.2692307692307692,0.5384615384615384,0.0,1.0,0.0,0.0
CUST000534,26,33678.32,1295.32,6430.24,1636.6628870699058,4,10,0,26,26,4,7,34.23076923076923,60,2.6153846153846154,5,0,0,0,0,0,0,0,0,0,0.15384615384615385,0.38461538461538464,0.0,1.0,0.0,0.0
CUST000535,26,25560.21,983.0849999999999,8028.45,1627.219542488966,3,13,0,26,26,8,7,35.0,85,2.730769230769231,6,0,0,0,1,0,0,0,0,0,0.11538461538461539,0.5,0.0,1.0,0.038461538461538464,0.0
CUST000536,35,23912.43,683.2122857142857,2178.4,586.9569273258459,5,20,0,35,35,8,8,33.57142857142857,40,2.7142857142857144,4,0,0,0,0,0,1,0,0,0,0.14285714285714285,0.5714285714285714,0.0,1.0,0.0,0.0
CUST000537,21,36741.19,1749.5804761904762,24428.28,5227.220456844609,3,10,0,21,21,6,5,34.76190476190476,65,2.7142857142857144,4,0,0,0,0,0,0,0,0,0,0.14285714285714285,0.47619047619047616,0.0,1.0,0.0,0.0
CUST000538,22,11465.31,521.1504545454545,3351.72,668.6475780649806,7,10,0,22,22,5,7,33.86363636363637,40,2.772727272727273,4,0,0,0,0,0,0,0,0,0,0.3181818181818182,0.45454545454545453,0.0,1.0,0.0,0.0
CUST000539,24,17351.52,722.98,3692.37,967.2016280644044,4,14,0,24,24,7,7,33.75,40,2.75,4,0,0,0,0,0,0,0,0,0,0.16666666666666666,0.5833333333333334,0.0,1.0,0.0,0.0
CUST000540,21,25793.61,1228.267142857143,7118.66,1998.3327397461687,4,8,0,21,21,4,5,44.76190476190476,65,3.6666666666666665,5,1,0,0,0,0,0,0,0,0,0.19047619047619047,0.38095238095238093,0.0,1.0,0.0,0.0
CUST000541,24,18717.13,779.8804166666667,3564.63,892.1956830177284,7,13,0,24,24,6,7,34.166666666666664,40,2.8333333333333335,4,0,0,0,0,0,0,0,0,0,0.2916666666666667,0.5416666666666666,0.0,1.0,0.0,0.0
CUST000542,18,14113.97,784.1094444444444,3428.97,915.6006874015886,1,9,0,18,18,6,5,32.77777777777778,35,2.5555555555555554,3,0,0,0,0,0,0,0,0,0,0.05555555555555555,0.5,0.0,1.0,0.0,0.0
CUST000543,22,9471.890000000001,430.5404545454546,2151.3,567.6623802048041,3,10,0,22,22,6,6,32.95454545454545,40,2.590909090909091,4,0,0,0,0,0,0,0,0,0,0.13636363636363635,0.45454545454545453,0.0,1.0,0.0,0.0
CUST000544,29,20089.82,692.7524137931034,5757.61,1181.971387491058,9,9,0,29,28,4,5,33.793103448275865,55,2.6551724137931036,4,0,0,0,0,0,0,0,0,0,0.3103448275862069,0.3103448275862069,0.0,1.0,0.0,0.0
CUST000545,24,14454.08,602.2533333333333,2007.53,562.2764264686177,4,16,0,24,24,9,6,34.166666666666664,40,2.8333333333333335,4,0,0,0,0,0,0,0,0,0,0.16666666666666666,0.6666666666666666,0.0,1.0,0.0,0.0
CUST000546,17,9700.19,570.5994117647059,2231.64,657.3293140758157,1,6,0,17,17,3,4,32.05882352941177,35,2.411764705882353,3,0,0,0,0,0,0,0,0,0,0.058823529411764705,0.35294117647058826,0.0,1.0,0.0,0.0
CUST000547,27,14743.64,546.0607407407407,2737.55,643.4643436474038,6,18,0,27,26,8,9,34.44444444444444,40,2.888888888888889,4,0,0,0,0,0,0,0,0,0,0.2222222222222222,0.6666666666666666,0.0,1.0,0.0,0.0
CUST000548,20,14367.88,718.394,3227.76,869.9152423891954,2,11,0,20,20,8,4,33.25,40,2.65,4,0,0,0,0,0,0,0,0,0,0.1,0.55,0.0,1.0,0.0,0.0
CUST000549,25,10374.62,414.9848,2484.28,519.2103103120481,4,10,0,25,25,8,7,32.8,40,2.56,4,0,0,0,0,0,0,0,0,0,0.16,0.4,0.0,1.0,0.0,0.0
CUST000550,25,17290.98,691.6392,2839.39,704.9823106877694,3,15,0,25,25,7,8,33.6,40,2.72,4,0,0,0,0,0,0,0,0,0,0.12,0.6,0.0,1.0,0.0,0.0
CUST000551,24,16500.84,687.535,4799.97,939.083853773129,3,16,0,24,24,6,7,33.958333333333336,40,2.7916666666666665,4,0,0,0,0,0,0,0,0,0,0.125,0.6666666666666666,0.0,1.0,0.0,0.0
CUST000552,22,12353.43,561.5195454545454,1985.88,687.7174777858743,10,7,0,22,22,4,6,33.86363636363637,40,2.772727272727273,4,0,0,0,0,0,0,0,0,0,0.45454545454545453,0.3181818181818182,0.0,1.0,0.0,0.0
CUST000553,23,14784.29,642.7952173913044,3078.24,682.0373051838517,7,10,0,23,23,4,7,33.69565217391305,40,2.739130434782609,4,0,0,0,0,0,0,0,0,0,0.30434782608695654,0.43478260869565216,0.0,1.0,0.0,0.0
CUST000554,26,28658.0,1102.2307692307693,4481.95,1184.6843314804937,5,14,0,26,26,9,6,43.65384615384615,50,3.730769230769231,5,1,0,0,0,0,0,0,0,0,0.19230769230769232,0.5384615384615384,0.0,1.0,0.0,0.0
CUST000555,26,20807.69,800.2957692307692,3167.25,955.5789575421724,6,14,0,26,26,6,8,43.84615384615385,50,3.769230769230769,5,1,0,0,0,0,0,0,0,0,0.23076923076923078,0.5384615384615384,0.0,1.0,0.0,0.0
CUST000556,26,15028.98,578.0376923076923,3759.35,801.4659387712378,4,15,0,26,26,7,8,33.65384615384615,40,2.730769230769231,4,0,0,0,0,0,0,0,0,0,0.15384615384615385,0.5769230769230769,0.0,1.0,0.0,0.0
CUST000557,25,11323.97,452.9588,1285.54,375.71904149820955,5,5,0,25,25,5,3,32.0,40,2.4,4,0,0,0,0,0,0,0,0,0,0.2,0.2,0.0,1.0,0.0,0.0
CUST000558,24,19559.28,814.9699999999999,7850.9,1664.8378663427545,3,11,0,24,24,8,4,33.75,50,2.625,4,0,0,0,0,0,0,0,0,0,0.125,0.4583333333333333,0.0,1.0,0.0,0.0
CUST000559,18,16772.89,931.8272222222222,7116.66,1626.695141299415,3,12,0,18,18,6,5,35.27777777777778,50,2.888888888888889,4,0,0,0,0,0,0,0,0,0,0.16666666666666666,0.6666666666666666,0.0,1.0,0.0,0.0
CUST000560,22,11663.72,530.1690909090909,2164.18,591.7757932971468,7,9,0,22,22,5,6,33.63636363636363,40,2.727272727272727,4,0,0,0,0,0,0,0,0,0,0.3181818181818182,0.4090909090909091,0.0,1.0,0.0,0.0
CUST000561,22,15656.25,711.6477272727273,2338.47,720.0333160012332,3,14,0,22,22,6,6,33.86363636363637,40,2.772727272727273,4,0,0,0,0,0,0,0,0,0,0.13636363636363635,0.6363636363636364,0.0,1.0,0.0,0.0
CUST000562,22,15386.71,699.3959090909091,4780.4,1115.2387007472312,1,11,0,22,22,5,8,47.72727272727273,55,3.5454545454545454,5,0,0,1,0,0,0,0,0,0,0.045454545454545456,0.5,0.0,1.0,0.0,0.0
CUST000563,22,22229.02,1010.41,6803.77,1666.054121927159,3,12,0,22,22,8,5,34.31818181818182,60,2.727272727272727,5,0,0,0,0,0,0,0,0,0,0.13636363636363635,0.5454545454545454,0.0,1.0,0.0,0.0
CUST000564,22,13838.92,629.0418181818181,4425.6,1038.5677107423169,5,12,0,22,22,8,6,33.86363636363637,40,2.772727272727273,4,0,0,0,0,0,0,0,0,0,0.22727272727272727,0.5454545454545454,0.0,1.0,0.0,0.0
CUST000565,26,17350.56,667.3292307692308,2590.93,725.0663667660945,6,12,0,26,26,5,7,33.46153846153846,40,2.6923076923076925,4,0,0,0,0,0,0,0,0,0,0.23076923076923078,0.46153846153846156,0.0,1.0,0.0,0.0
CUST000566,21,20135.47,958.8319047619049,5331.4,1407.3942823054917,6,10,0,21,21,5,6,35.476190476190474,65,2.857142857142857,4,0,0,0,0,0,0,0,0,0,0.2857142857142857,0.47619047619047616,0.0,1.0,0.0,0.0
CUST000567,21,10197.61,485.60047619047623,1113.37,314.9405067703453,3,10,0,21,21,5,8,33.095238095238095,40,2.619047619047619,4,0,0,0,0,0,0,0,0,0,0.14285714285714285,0.47619047619047616,0.0,1.0,0.0,0.0
CUST000568,40,35538.84,888.4709999999999,10613.8,1779.0164323260628,11,15,0,40,40,8,7,33.75,50,2.675,4,0,0,0,0,0,0,0,0,0,0.275,0.375,0.0,1.0,0.0,0.0
CUST000569,31,19227.19,620.2319354838709,2996.85,641.4236680407074,4,12,0,31,31,8,4,32.58064516129032,40,2.5161290322580645,4,0,0,0,0,0,0,0,0,0,0.12903225806451613,0.3870967741935484,0.0,1.0,0.0,0.0
CUST000570,24,10303.73,429.3220833333333,2933.91,674.5013898073099,8,13,0,24,24,5,6,34.375,40,2.875,4,0,0,0,0,0,0,0,0,0,0.3333333333333333,0.5416666666666666,0.0,1.0,0.0,0.0
CUST000571,26,25272.32,972.0123076923077,8555.37,1841.938035761915,5,13,0,26,26,6,7,34.80769230769231,70,2.769230769230769,5,0,0,0,1,0,0,0,0,0,0.19230769230769232,0.5,0.0,1.0,0.038461538461538464,0.0
CUST000572,29,15272.48,526.6372413793104,2431.35,598.9637995136538,6,18,0,29,29,9,6,34.13793103448276,40,2.8275862068965516,4,0,0,0,0,0,0,0,0,0,0.20689655172413793,0.6206896551724138,0.0,1.0,0.0,0.0
CUST000573,31,22998.96,741.901935483871,2755.93,670.522781727906,9,15,0,31,31,7,8,33.87096774193548,40,2.774193548387097,4,0,0,0,0,0,0,0,0,0,0.2903225806451613,0.4838709677419355,0.0,1.0,0.0,0.0
CUST000574,18,13201.81,733.4338888888889,4636.59,1073.598720149906,5,6,0,18,18,3,5,33.05555555555556,40,2.611111111111111,4,0,0,0,0,0,0,0,0,0,0.2777777777777778,0.3333333333333333,0.0,1.0,0.0,0.0
CUST000575,18,6552.89,364.0494444444445,1276.24,391.48531601148767,4,14,0,18,18,6,9,35.0,40,3.0,4,0,0,0,0,0,0,0,0,0,0.2222222222222222,0.7777777777777778,0.0,1.0,0.0,0.0
CUST000576,23,45742.03999999999,1988.7843478260868,40851.39,8474.995579341205,8,15,0,23,23,6,6,36.30434782608695,70,3.0869565217391304,6,0,0,0,0,0,0,0,0,0,0.34782608695652173,0.6521739130434783,0.0,1.0,0.0,0.0
CUST000577,21,15668.49,746.1185714285714,6315.48,1337.3460954789741,4,12,0,21,21,9,4,34.76190476190476,55,2.8095238095238093,4,0,0,0,0,0,0,0,0,0,0.19047619047619047,0.5714285714285714,0.0,1.0,0.0,0.0
CUST000578,32,42709.29,1334.6653125,14678.21,3165.374702654703,6,19,0,32,32,10,6,35.15625,55,2.84375,4,0,0,0,0,0,0,0,0,0,0.1875,0.59375,0.0,1.0,0.0,0.0
CUST000579,19,17319.77,911.5668421052632,6872.49,1519.579291288117,3,8,0,19,19,5,3,48.94736842105263,70,3.6315789473684212,5,0,0,1,0,0,0,0,0,0,0.15789473684210525,0.42105263157894735,0.0,1.0,0.0,0.0
CUST000580,20,10771.2,538.5600000000001,1668.72,416.2725657041246,3,10,0,20,20,7,4,33.25,40,2.65,4,0,0,0,0,0,0,0,0,0,0.15,0.5,0.0,1.0,0.0,0.0
CUST000581,22,11586.95,526.6795454545455,1684.96,478.5683666388771,5,8,0,22,22,5,5,32.95454545454545,40,2.590909090909091,4,0,0,0,0,0,0,0,0,0,0.22727272727272727,0.36363636363636365,0.0,1.0,0.0,0.0
CUST000582,26,13332.39,512.7842307692307,2792.17,619.0197559507973,6,10,0,26,26,5,5,33.07692307692308,40,2.6153846153846154,4,0,0,0,0,0,0,0,0,0,0.23076923076923078,0.38461538461538464,0.0,1.0,0.0,0.0
CUST000583,30,16159.84,538.6613333333333,1941.42,517.3135211424321,5,15,0,30,30,7,9,33.333333333333336,40,2.6666666666666665,4,0,0,0,0,0,0,0,0,0,0.16666666666666666,0.5,0.0,1.0,0.0,0.0
CUST000584,22,12070.050000000001,548.6386363636365,5872.68,1216.8419690654184,4,11,0,22,22,7,7,34.31818181818182,55,2.727272727272727,4,0,0,0,0,0,0,0,0,0,0.18181818181818182,0.5,0.0,1.0,0.0,0.0
CUST000585,18,7029.51,390.52833333333336,1156.34,310.18439478421067,5,11,0,18,18,8,6,34.44444444444444,40,2.888888888888889,4,0,0,0,0,0,0,0,0,0,0.2777777777777778,0.6111111111111112,0.0,1.0,0.0,0.0
CUST000586,25,13621.89,544.8756,2087.8,502.2121573438859,3,14,0,25,25,8,5,33.4,40,2.68,4,0,0,0,0,0,0,0,0,0,0.12,0.56,0.0,1.0,0.0,0.0
CUST000587,31,13230.33,426.78483870967744,1420.04,397.86448769123194,8,18,0,31,31,9,8,34.193548387096776,40,2.838709677419355,4,0,0,0,0,0,0,0,0,0,0.25806451612903225,0.5806451612903226,0.0,1.0,0.0,0.0
CUST000588,24,22885.33,953.5554166666667,5013.0,1319.2119200195086,6,11,0,24,24,6,6,34.375,50,2.75,4,0,0,0,0,0,0,0,0,0,0.25,0.4583333333333333,0.0,1.0,0.0,0.0
CUST000589,16,12166.11,760.381875,6415.47,1537.0648604324576,5,6,0,16,16,4,5,34.6875,55,2.75,4,0,0,0,0,0,0,0,0,0,0.3125,0.375,0.0,1.0,0.0,0.0
CUST000590,22,25709.62,1168.6190909090908,12199.82,2552.5617734979387,7,12,0,22,21,4,7,35.22727272727273,50,2.909090909090909,4,0,0,0,0,0,0,0,0,0,0.3181818181818182,0.5454545454545454,0.0,1.0,0.0,0.0
CUST000591,37,25868.5,699.1486486486486,5903.6,1167.6105071164263,4,23,0,37,36,7,10,34.189189189189186,55,2.7567567567567566,4,0,0,0,0,0,0,0,0,0,0.10810810810810811,0.6216216216216216,0.0,1.0,0.0,0.0
CUST000592,25,13433.27,537.3308000000001,3390.89,711.0136486437281,5,15,0,25,25,8,7,34.0,40,2.8,4,0,0,0,0,0,0,0,0,0,0.2,0.6,0.0,1.0,0.0,0.0
CUST000593,30,16515.79,550.5263333333334,3610.68,812.3169078395167,5,14,0,30,30,8,7,33.166666666666664,40,2.6333333333333333,4,0,0,0,0,0,0,0,0,0,0.16666666666666666,0.4666666666666667,0.0,1.0,0.0,0.0
CUST000594,17,13872.38,816.0223529411765,4942.46,1192.6613543695535,3,12,0,17,17,6,6,49.411764705882355,55,3.8823529411764706,5,0,0,1,0,0,0,0,0,0,0.17647058823529413,0.7058823529411765,0.0,1.0,0.0,0.0
CUST000595,26,29441.14,1132.3515384615384,9182.63,1955.596779088557,6,11,0,26,26,6,6,34.61538461538461,75,2.730769230769231,6,0,0,0,1,0,0,0,0,0,0.23076923076923078,0.4230769230769231,0.0,1.0,0.038461538461538464,0.0
CUST000596,18,8076.54,448.69666666666666,1639.16,446.2970157272608,6,9,0,18,18,3,6,34.166666666666664,40,2.8333333333333335,4,0,0,0,0,0,0,0,0,0,0.3333333333333333,0.5,0.0,1.0,0.0,0.0
CUST000597,21,11005.39,524.0661904761904,1836.41,489.05483926116295,5,7,0,21,21,5,4,32.857142857142854,40,2.5714285714285716,4,0,0,0,0,0,0,0,0,0,0.23809523809523808,0.3333333333333333,0.0,1.0,0.0,0.0
CUST000598,23,26334.34,1144.9713043478262,4919.67,1390.517432169192,1,10,0,23,23,6,6,32.391304347826086,35,2.4782608695652173,3,0,0,0,0,0,0,0,0,0,0.043478260869565216,0.43478260869565216,0.0,1.0,0.0,0.0
CUST000599,33,23458.25,710.8560606060606,4558.64,954.3161332334382,6,16,0,33,33,8,7,33.78787878787879,45,2.696969696969697,4,0,0,0,0,0,0,0,0,0,0.18181818181818182,0.48484848484848486,0.0,1.0,0.0,0.0
CUST000600,29,59801.369999999995,2062.1162068965514,39409.52,7212.694387879813,5,17,0,29,29,10,8,35.3448275862069,80,2.8620689655172415,6,0,0,0,0,0,0,0,0,0,0.1724137931034483,0.5862068965517241,0.0,1.0,0.0,0.0
CUST000601,28,29497.53,1053.4832142857142,6261.65,1384.5423992599667,6,19,0,28,28,8,8,35.17857142857143,55,2.9285714285714284,4,0,0,0,0,1,0,1,0,0,0.21428571428571427,0.6785714285714286,0.0,1.0,0.0,0.03571428571428571
CUST000602,12,4543.7699999999995,378.6475,1037.05,386.7567692567372,3,6,0,12,12,3,6,33.75,40,2.75,4,0,0,0,0,0,0,0,0,0,0.25,0.5,0.0,1.0,0.0,0.0
CUST000603,23,8718.71,379.0743478260869,2785.71,570.3477342402304,2,13,0,23,23,7,7,33.26086956521739,35,2.652173913043478,3,0,0,0,0,0,0,0,0,0,0.08695652173913043,0.5652173913043478,0.0,1.0,0.0,0.0
CUST000604,17,11334.78,666.7517647058824,2646.26,692.1975165120438,2,8,0,17,17,4,4,32.94117647058823,40,2.588235294117647,4,0,0,0,0,0,0,0,0,0,0.11764705882352941,0.47058823529411764,0.0,1.0,0.0,0.0
CUST000605,29,35233.83,1214.959655172414,7012.99,1831.1520895063434,7,13,0,29,29,7,6,34.827586206896555,50,2.7586206896551726,4,0,0,0,0,0,0,0,0,0,0.2413793103448276,0.4482758620689655,0.0,1.0,0.0,0.0
CUST000606,16,13287.52,830.47,2605.12,678.5894690508148,4,8,0,16,16,7,4,33.75,40,2.75,4,0,0,0,0,0,0,0,0,0,0.25,0.5,0.0,1.0,0.0,0.0
CUST000607,20,12110.31,605.5155,2973.5,687.4802717205781,2,8,0,20,20,3,6,82.5,85,3.5,4,0,1,0,0,0,0,0,0,0,0.1,0.4,0.0,1.0,0.0,0.0
CUST000608,31,24427.07,787.97,5833.35,1256.2842342798067,6,8,0,31,31,5,6,32.903225806451616,50,2.4838709677419355,3,0,0,0,0,0,0,0,0,0,0.1935483870967742,0.25806451612903225,0.0,1.0,0.0,0.0
CUST000609,18,8032.18,446.2322222222222,2129.38,500.73433899982814,2,3,0,0,18,2,3,11.38888888888889,15,1.2777777777777777,2,0,0,0,0,0,0,0,0,0,0.1111111111111111,0.16666666666666666,0.0,0.0,0.0,0.0
CUST000610,22,13869.68,630.44,2946.83,713.0715610652272,7,10,0,22,22,7,6,33.86363636363637,40,2.772727272727273,4,0,0,0,0,0,0,0,0,0,0.3181818181818182,0.45454545454545453,0.0,1.0,0.0,0.0
CUST000611,20,10442.81,522.1405,1687.24,437.0450952340707,7,14,0,20,20,8,7,50.25,55,4.05,5,0,0,1,0,0,0,0,0,0,0.35,0.7,0.0,1.0,0.0,0.0
CUST000612,23,22536.309999999998,979.8395652173912,7154.57,1505.3741254569431,6,13,0,23,23,6,7,35.0,50,2.869565217391304,4,0,0,0,0,0,0,0,0,0,0.2608695652173913,0.5652173913043478,0.0,1.0,0.0,0.0
CUST000613,30,14759.69,491.98966666666666,1599.84,412.70720573477064,3,15,0,30,30,6,9,33.0,40,2.6,4,0,0,0,0,0,0,0,0,0,0.1,0.5,0.0,1.0,0.0,0.0
CUST000614,26,18825.73,724.0665384615385,5550.83,1081.0261298264431,4,11,0,26,26,7,6,33.65384615384615,55,2.6153846153846154,4,0,0,0,0,0,0,0,0,0,0.15384615384615385,0.4230769230769231,0.0,1.0,0.0,0.0
CUST000615,22,12305.99,559.3631818181818,2373.11,658.464727763334,3,12,0,22,22,8,4,33.40909090909091,40,2.6818181818181817,4,0,0,0,0,0,0,0,0,0,0.13636363636363635,0.5454545454545454,0.0,1.0,0.0,0.0
CUST000616,27,18794.4,696.088888888889,2917.23,661.6448680624171,1,17,0,27,27,6,8,33.333333333333336,35,2.6666666666666665,3,0,0,0,0,0,0,0,0,0,0.037037037037037035,0.6296296296296297,0.0,1.0,0.0,0.0
CUST000617,27,20089.68,744.0622222222222,4728.89,958.39427544334,4,17,0,27,27,6,6,33.888888888888886,40,2.7777777777777777,4,0,0,0,0,0,0,0,0,0,0.14814814814814814,0.6296296296296297,0.0,1.0,0.0,0.0
CUST000618,22,17964.62,816.5736363636363,7894.5,1629.915733990551,5,12,0,22,22,6,6,34.77272727272727,55,2.8181818181818183,4,0,0,0,0,0,0,0,0,0,0.22727272727272727,0.5454545454545454,0.0,1.0,0.0,0.0
CUST000619,17,12199.71,717.63,4187.83,993.5668932940549,0,7,0,17,17,6,3,32.94117647058823,45,2.4705882352941178,3,0,0,0,0,0,0,0,0,0,0.0,0.4117647058823529,0.0,1.0,0.0,0.0
CUST000620,25,18350.77,734.0308,2685.85,696.7825710597723,2,13,0,25,25,5,6,33.0,35,2.6,3,0,0,0,0,0,0,0,0,0,0.08,0.52,0.0,1.0,0.0,0.0
CUST000621,27,13342.67,494.17296296296297,1724.66,452.9323686380935,8,15,0,27,27,7,5,34.25925925925926,40,2.8518518518518516,4,0,0,0,0,0,0,0,0,0,0.2962962962962963,0.5555555555555556,0.0,1.0,0.0,0.0
CUST000622,21,22045.36,1049.7790476190476,9701.17,2327.744037034366,2,12,0,21,20,6,7,36.666666666666664,85,2.857142857142857,6,0,0,0,1,0,0,0,0,0,0.09523809523809523,0.5714285714285714,0.0,1.0,0.047619047619047616,0.0
CUST000623,23,14856.5,645.9347826086956,4179.87,889.8553803178539,4,11,0,23,23,4,7,33.26086956521739,40,2.652173913043478,4,0,0,0,0,0,0,0,0,0,0.17391304347826086,0.4782608695652174,0.0,1.0,0.0,0.0
CUST000624,20,16266.14,813.307,3511.86,1112.3081439634293,4,11,0,20,20,5,4,33.75,40,2.75,4,0,0,0,0,0,0,0,0,0,0.2,0.55,0.0,1.0,0.0,0.0
CUST000625,27,29209.9,1081.8481481481483,11282.85,2178.331806889845,7,7,0,27,27,3,4,33.333333333333336,55,2.5555555555555554,4,0,0,0,0,0,0,0,0,0,0.25925925925925924,0.25925925925925924,0.0,1.0,0.0,0.0
CUST000626,22,13932.54,633.2972727272728,2173.6,535.0711242191642,2,15,0,22,22,7,8,33.86363636363637,40,2.772727272727273,4,0,0,0,0,0,0,0,0,0,0.09090909090909091,0.6818181818181818,0.0,1.0,0.0,0.0
CUST000627,25,17679.24,707.1696000000001,2797.03,791.5038092268835,5,14,0,25,25,7,8,43.8,50,3.76,5,1,0,0,0,0,0,0,0,0,0.2,0.56,0.0,1.0,0.0,0.0
CUST000628,27,11532.039999999999,427.11259259259253,2755.72,538.6696619278661,3,12,0,27,27,8,6,32.77777777777778,40,2.5555555555555554,4,0,0,0,0,0,0,0,0,0,0.1111111111111111,0.4444444444444444,0.0,1.0,0.0,0.0
CUST000629,30,19489.65,649.6550000000001,3451.76,882.9037172122685,5,12,0,30,30,7,5,32.833333333333336,40,2.566666666666667,4,0,0,0,0,0,0,0,0,0,0.16666666666666666,0.4,0.0,1.0,0.0,0.0
CUST000630,24,29862.649999999998,1244.2770833333332,13874.88,2810.0268675359193,4,15,0,24,24,7,5,34.791666666666664,55,2.8333333333333335,4,0,0,0,0,0,0,0,0,0,0.16666666666666666,0.625,0.0,1.0,0.0,0.0
CUST000631,17,8604.09,506.1229411764706,1757.54,465.6798032415179,5,11,0,17,17,6,4,34.705882352941174,40,2.9411764705882355,4,0,0,0,0,0,0,0,0,0,0.29411764705882354,0.6470588235294118,0.0,1.0,0.0,0.0
CUST000632,26,26179.87,1006.9180769230769,5264.09,1328.6856492248846,3,11,0,26,26,8,5,33.46153846153846,55,2.576923076923077,4,0,0,0,0,0,0,0,0,0,0.11538461538461539,0.4230769230769231,0.0,1.0,0.0,0.0
CUST000633,32,21604.4,675.1375,4737.34,932.0351269027607,8,13,0,32,32,5,6,33.28125,40,2.65625,4,0,0,0,0,0,0,0,0,0,0.25,0.40625,0.0,1.0,0.0,0.0
CUST000634,22,12127.8,551.2636363636364,1969.95,622.4609949649969,3,12,0,22,22,6,5,33.40909090909091,40,2.6818181818181817,4,0,0,0,0,0,0,0,0,0,0.13636363636363635,0.5454545454545454,0.0,1.0,0.0,0.0
CUST000635,30,28120.08,937.336,6574.49,1380.237761908158,4,13,0,30,30,5,6,33.5,50,2.6,4,0,0,0,0,0,0,0,0,0,0.13333333333333333,0.43333333333333335,0.0,1.0,0.0,0.0
CUST000636,20,21634.03,1081.7015,12337.65,2704.3119370354393,3,7,0,20,20,5,4,34.25,70,2.6,5,0,0,0,0,0,0,0,0,0,0.15,0.35,0.0,1.0,0.0,0.0
CUST000637,21,16161.93,769.6157142857143,2816.1,742.2278096350974,4,9,0,21,21,5,7,33.095238095238095,35,2.619047619047619,3,0,0,0,0,0,0,0,0,0,0.19047619047619047,0.42857142857142855,0.0,1.0,0.0,0.0
CUST000638,28,20099.91,717.8539285714286,5578.77,1247.0128052546936,7,13,0,28,28,9,3,34.285714285714285,50,2.75,4,0,0,0,0,0,0,0,0,0,0.25,0.4642857142857143,0.0,1.0,0.0,0.0
CUST000639,26,20351.14,782.7361538461538,5015.81,1017.5125448821826,3,12,0,26,26,4,6,33.65384615384615,50,2.6153846153846154,4,0,0,0,0,0,0,0,0,0,0.11538461538461539,0.46153846153846156,0.0,1.0,0.0,0.0
CUST000640,19,9524.8,501.3052631578947,2372.97,628.4749737735378,2,10,0,19,19,6,6,33.1578947368421,40,2.6315789473684212,4,0,0,0,0,0,0,0,0,0,0.10526315789473684,0.5263157894736842,0.0,1.0,0.0,0.0
CUST000641,36,25418.4,706.0666666666667,3048.83,867.5595388510397,4,17,0,36,36,9,6,33.333333333333336,50,2.611111111111111,4,0,0,0,0,0,0,0,0,0,0.1111111111111111,0.4722222222222222,0.0,1.0,0.0,0.0
CUST000642,28,24254.93,866.2475000000001,4578.37,1218.1330676281118,4,16,0,28,28,6,7,48.57142857142857,55,3.7142857142857144,5,0,0,1,0,0,0,0,0,0,0.14285714285714285,0.5714285714285714,0.0,1.0,0.0,0.0
CUST000643,21,12321.24,586.7257142857143,2309.22,523.1219585294756,6,12,0,21,21,4,6,34.285714285714285,40,2.857142857142857,4,0,0,0,0,0,0,0,0,0,0.2857142857142857,0.5714285714285714,0.0,1.0,0.0,0.0
CUST000644,30,19998.38,666.6126666666667,3715.87,866.0649204181234,6,11,0,30,30,4,6,32.833333333333336,40,2.566666666666667,4,0,0,0,0,0,0,0,0,0,0.2,0.36666666666666664,0.0,1.0,0.0,0.0
CUST000645,27,19856.16,735.4133333333333,4731.2,989.4493693891645,4,13,0,27,27,5,8,43.148148148148145,50,3.6296296296296298,5,1,0,0,0,0,0,0,0,0,0.14814814814814814,0.48148148148148145,0.0,1.0,0.0,0.0
CUST000646,24,19220.23,800.8429166666666,6824.87,1453.719942780916,2,13,0,24,23,8,6,33.958333333333336,50,2.6666666666666665,4,0,0,0,0,0,0,0,0,0,0.08333333333333333,0.5416666666666666,0.0,1.0,0.0,0.0
CUST000647,16,6608.33,413.020625,2110.39,561.3091921269862,3,7,0,16,16,5,6,33.125,40,2.625,4,0,0,0,0,0,0,0,0,0,0.1875,0.4375,0.0,1.0,0.0,0.0
CUST000648,21,8096.68,385.55619047619047,1059.71,325.6692956739427,4,13,0,21,21,7,7,34.04761904761905,40,2.8095238095238093,4,0,0,0,0,0,0,0,0,0,0.19047619047619047,0.6190476190476191,0.0,1.0,0.0,0.0
CUST000649,19,10668.49,561.4994736842106,2339.44,562.1653346409132,5,8,0,19,19,5,5,33.421052631578945,40,2.6842105263157894,4,0,0,0,0,0,0,0,0,0,0.2631578947368421,0.42105263157894735,0.0,1.0,0.0,0.0
CUST000650,17,9610.65,565.3323529411764,2918.66,753.9281005882573,5,11,0,17,17,6,7,34.705882352941174,40,2.9411764705882355,4,0,0,0,0,0,0,0,0,0,0.29411764705882354,0.6470588235294118,0.0,1.0,0.0,0.0
CUST000651,22,20491.75,931.4431818181819,8722.93,1966.85497570877,5,9,0,22,22,4,6,35.45454545454545,80,2.772727272727273,5,0,0,0,1,0,0,0,0,0,0.22727272727272727,0.4090909090909091,0.0,1.0,0.045454545454545456,0.0
CUST000652,27,34633.15,1282.7092592592594,8678.84,2027.9573463879021,9,11,0,27,27,7,7,35.74074074074074,70,2.8518518518518516,5,0,0,0,1,1,0,1,0,0,0.3333333333333333,0.4074074074074074,0.0,1.0,0.037037037037037035,0.037037037037037035
CUST000653,19,8821.09,464.2678947368421,1612.25,381.1556020341145,1,14,0,19,19,7,6,33.94736842105263,40,2.789473684210526,4,0,0,0,0,0,0,0,0,0,0.05263157894736842,0.7368421052631579,0.0,1.0,0.0,0.0
CUST000654,23,14584.08,634.0904347826087,4747.62,1100.3100986683803,4,9,0,23,23,6,4,32.82608695652174,35,2.5652173913043477,3,0,0,0,0,0,0,0,0,0,0.17391304347826086,0.391304347826087,0.0,1.0,0.0,0.0
CUST000655,34,20664.35,607.775,3093.18,670.7028514844662,4,13,0,34,34,6,8,32.5,40,2.5,4,0,0,0,0,0,0,0,0,0,0.11764705882352941,0.38235294117647056,0.0,1.0,0.0,0.0
CUST000656,22,15083.32,685.6054545454546,2770.32,718.2852879484008,1,13,0,22,22,6,6,33.18181818181818,40,2.6363636363636362,4,0,0,0,0,0,0,0,0,0,0.045454545454545456,0.5909090909090909,0.0,1.0,0.0,0.0
CUST000657,25,17116.2,684.648,5232.97,1089.5547787016799,1,12,0,25,25,5,6,33.4,50,2.56,4,0,0,0,0,0,0,0,0,0,0.04,0.48,0.0,1.0,0.0,0.0
CUST000658,18,7598.98,422.16555555555556,1743.98,519.647284236509,5,8,0,18,18,5,5,33.611111111111114,40,2.7222222222222223,4,0,0,0,0,0,0,0,0,0,0.2777777777777778,0.4444444444444444,0.0,1.0,0.0,0.0
CUST000659,26,15143.42,582.4392307692308,3658.57,797.2889745878747,6,10,0,26,26,7,4,33.07692307692308,40,2.6153846153846154,4,0,0,0,0,0,0,0,0,0,0.23076923076923078,0.38461538461538464,0.0,1.0,0.0,0.0
CUST000660,28,16170.16,577.5057142857142,2210.81,569.2325633981284,4,13,0,28,28,9,6,33.035714285714285,40,2.607142857142857,4,0,0,0,0,0,0,0,0,0,0.14285714285714285,0.4642857142857143,0.0,1.0,0.0,0.0
CUST000661,26,23429.23,901.1242307692307,6929.11,1427.7967333095369,7,11,0,26,26,6,7,34.80769230769231,70,2.769230769230769,5,0,0,0,0,0,0,0,0,0,0.2692307692307692,0.4230769230769231,0.0,1.0,0.0,0.0
CUST000662,27,16305.160000000002,603.8948148148148,4595.47,922.0965106228573,2,14,0,27,27,7,6,32.96296296296296,35,2.5925925925925926,3,0,0,0,0,0,0,0,0,0,0.07407407407407407,0.5185185185185185,0.0,1.0,0.0,0.0
CUST000663,23,59829.25,2601.271739130435,49483.34,10240.103644738549,4,8,0,23,23,5,6,34.56521739130435,80,2.652173913043478,6,0,0,0,0,0,0,0,0,0,0.17391304347826086,0.34782608695652173,0.0,1.0,0.0,0.0
CUST000664,25,15244.92,609.7968,2667.43,619.3879680830102,4,13,0,25,25,6,7,43.4,50,3.68,5,1,0,0,0,0,0,0,0,0,0.16,0.52,0.0,1.0,0.0,0.0
CUST000665,24,10711.779999999999,446.3241666666666,2045.88,444.15925785511416,4,14,0,24,24,7,6,33.75,40,2.75,4,0,0,0,0,0,0,0,0,0,0.16666666666666666,0.5833333333333334,0.0,1.0,0.0,0.0
CUST000666,25,15814.08,632.5632,3668.99,900.4120921311529,3,13,0,25,25,6,8,33.2,40,2.64,4,0,0,0,0,0,0,0,0,0,0.12,0.52,0.0,1.0,0.0,0.0
CUST000667,19,16396.3,862.9631578947368,4379.99,1258.6680071058038,1,10,0,19,19,6,4,32.89473684210526,35,2.5789473684210527,3,0,0,0,0,0,0,0,0,0,0.05263157894736842,0.5263157894736842,0.0,1.0,0.0,0.0
CUST000668,23,20664.3,898.4478260869565,4489.46,1204.702970226409,6,8,0,23,23,4,5,48.04347826086956,55,3.608695652173913,5,0,0,1,0,0,0,0,0,0,0.2608695652173913,0.34782608695652173,0.0,1.0,0.0,0.0
CUST000669,23,13887.95,603.8239130434783,3361.18,756.0772976520993,6,12,0,23,23,6,9,33.91304347826087,40,2.782608695652174,4,0,0,0,0,0,0,0,0,0,0.2608695652173913,0.5217391304347826,0.0,1.0,0.0,0.0
CUST000670,27,16573.17,613.821111111111,3196.73,655.9100991947303,4,10,0,27,27,7,7,32.592592592592595,40,2.5185185185185186,4,0,0,0,0,0,0,0,0,0,0.14814814814814814,0.37037037037037035,0.0,1.0,0.0,0.0
CUST000671,20,16246.81,812.3405,3424.1,905.0383461807746,1,9,0,20,19,5,6,32.5,40,2.5,4,0,0,0,0,0,0,0,0,0,0.05,0.45,0.0,1.0,0.0,0.0
CUST000672,15,5528.04,368.536,1212.42,374.4610282182723,3,7,0,15,15,5,5,33.333333333333336,40,2.6666666666666665,4,0,0,0,0,0,0,0,0,0,0.2,0.4666666666666667,0.0,1.0,0.0,0.0
CUST000673,22,6631.72,301.4418181818182,1064.27,313.01078836780056,4,11,0,22,22,7,6,33.40909090909091,40,2.6818181818181817,4,0,0,0,0,0,0,0,0,0,0.18181818181818182,0.5,0.0,1.0,0.0,0.0
CUST000674,19,34185.61,1799.2426315789473,9008.3,2548.4810987676606,7,12,0,19,19,5,8,37.89473684210526,75,3.1578947368421053,6,0,0,0,1,0,0,0,0,0,0.3684210526315789,0.631578947368421,0.0,1.0,0.05263157894736842,0.0
CUST000675,20,32471.239999999998,1623.562,6971.83,2143.4959756229023,7,5,0,20,20,3,5,36.0,50,2.75,4,0,0,0,0,0,0,0,0,0,0.35,0.25,0.0,1.0,0.0,0.0
CUST000676,17,16060.16,944.7152941176471,4350.46,1365.9496995639959,4,12,0,17,17,7,6,34.705882352941174,40,2.9411764705882355,4,0,0,0,0,0,0,0,0,0,0.23529411764705882,0.7058823529411765,0.0,1.0,0.0,0.0
CUST000677,33,37305.52,1130.4703030303028,5795.3,1421.8626838729997,8,16,0,33,33,6,6,34.24242424242424,55,2.757575757575758,4,0,0,0,0,0,0,0,0,0,0.24242424242424243,0.48484848484848486,0.0,1.0,0.0,0.0
CUST000678,26,19020.829999999998,731.5703846153846,4228.11,862.3632029787948,3,13,0,26,25,6,7,33.07692307692308,40,2.6153846153846154,4,0,0,0,0,0,0,0,0,0,0.11538461538461539,0.5,0.0,1.0,0.0,0.0
CUST000679,27,16568.72,613.6562962962963,2601.75,658.9021849208328,8,11,0,27,27,5,8,33.51851851851852,40,2.7037037037037037,4,0,0,0,0,0,0,0,0,0,0.2962962962962963,0.4074074074074074,0.0,1.0,0.0,0.0
CUST000680,24,20175.09,840.62875,5591.09,1320.0409895918829,8,14,0,24,24,6,9,35.416666666666664,50,2.9583333333333335,4,0,0,0,0,0,0,0,0,0,0.3333333333333333,0.5833333333333334,0.0,1.0,0.0,0.0
CUST000681,26,12901.380000000001,496.2069230769231,1464.38,413.1295829520731,7,12,0,26,26,10,7,33.65384615384615,40,2.730769230769231,4,0,0,0,0,0,0,0,0,0,0.2692307692307692,0.46153846153846156,0.0,1.0,0.0,0.0
CUST000682,27,27573.089999999997,1021.2255555555554,6198.69,1573.2202118739503,3,11,0,27,27,4,7,34.074074074074076,55,2.5925925925925926,4,0,0,0,0,0,0,0,0,0,0.1111111111111111,0.4074074074074074,0.0,1.0,0.0,0.0
CUST000683,20,15228.02,761.4010000000001,4021.56,1002.7838104622865,4,9,0,20,20,4,4,33.25,40,2.65,4,0,0,0,0,0,0,0,0,0,0.2,0.45,0.0,1.0,0.0,0.0
CUST000684,26,27694.969999999998,1065.1911538461538,5100.36,1244.8387621160482,4,14,0,26,26,5,7,34.23076923076923,50,2.730769230769231,4,0,0,0,0,0,0,0,0,0,0.15384615384615385,0.5384615384615384,0.0,1.0,0.0,0.0
CUST000685,24,13285.58,553.5658333333333,2881.25,709.0933740557093,2,12,0,24,24,5,6,32.916666666666664,35,2.5833333333333335,3,0,0,0,0,0,0,0,0,0,0.08333333333333333,0.5,0.0,1.0,0.0,0.0
CUST000686,25,19010.55,760.422,3672.16,848.8043594914358,5,12,0,25,25,9,8,33.4,40,2.68,4,0,0,0,0,0,0,0,0,0,0.2,0.48,0.0,1.0,0.0,0.0
CUST000687,31,55403.58,1787.2122580645162,19411.08,4394.584461286195,7,14,0,31,31,8,5,35.645161290322584,65,2.806451612903226,4,0,0,0,0,0,0,0,0,0,0.22580645161290322,0.45161290322580644,0.0,1.0,0.0,0.0
CUST000688,29,19606.8,676.096551724138,5454.11,1064.5766718790683,9,13,0,29,29,7,7,34.48275862068966,50,2.793103448275862,4,0,0,0,0,0,0,0,0,0,0.3103448275862069,0.4482758620689655,0.0,1.0,0.0,0.0
CUST000689,23,7409.25,322.14130434782606,1034.45,276.6040137634295,2,14,0,23,23,8,7,33.47826086956522,35,2.6956521739130435,3,0,0,0,0,0,0,0,0,0,0.08695652173913043,0.6086956521739131,0.0,1.0,0.0,0.0
CUST000690,22,12399.630000000001,563.6195454545455,3048.17,737.1954787828523,5,5,0,22,22,5,2,32.27272727272727,40,2.4545454545454546,4,0,0,0,0,0,0,0,0,0,0.22727272727272727,0.22727272727272727,0.0,1.0,0.0,0.0
CUST000691,32,27298.66,853.083125,5330.41,1264.2236691484147,5,13,0,32,32,6,8,33.4375,55,2.59375,4,0,0,0,0,0,0,0,0,0,0.15625,0.40625,0.0,1.0,0.0,0.0
CUST000692,20,17126.96,856.348,5197.4,1293.8523345689312,4,8,0,20,20,6,6,34.0,55,2.65,4,0,0,0,0,0,0,0,0,0,0.2,0.4,0.0,1.0,0.0,0.0
CUST000693,26,23377.42,899.1315384615384,6358.13,1460.0343048427112,3,15,0,26,26,8,6,34.23076923076923,55,2.730769230769231,4,0,0,0,0,0,0,0,0,0,0.11538461538461539,0.5769230769230769,0.0,1.0,0.0,0.0
CUST000694,34,20111.57,591.5167647058823,2639.59,605.3701214745112,8,19,0,34,34,6,8,33.970588235294116,40,2.7941176470588234,4,0,0,0,0,0,0,0,0,0,0.23529411764705882,0.5588235294117647,0.0,1.0,0.0,0.0
CUST000695,26,15570.72,598.8738461538461,2674.75,659.6999490560958,2,15,0,26,26,6,5,33.26923076923077,40,2.6538461538461537,4,0,0,0,0,0,0,0,0,0,0.07692307692307693,0.5769230769230769,0.0,1.0,0.0,0.0
CUST000696,26,14833.710000000001,570.5273076923078,3087.44,741.4908072932944,2,15,0,26,26,7,7,33.26923076923077,40,2.6538461538461537,4,0,0,0,0,0,0,0,0,0,0.07692307692307693,0.5769230769230769,0.0,1.0,0.0,0.0
CUST000697,17,24176.77,1422.1629411764707,7130.27,1757.7151534938928,3,10,0,17,17,5,6,35.0,55,2.823529411764706,4,0,0,0,0,0,0,0,0,0,0.17647058823529413,0.5882352941176471,0.0,1.0,0.0,0.0
CUST000698,25,15385.52,615.4208,3851.54,813.4359620150398,6,10,0,25,24,6,5,33.2,40,2.64,4,0,0,0,0,0,0,0,0,0,0.24,0.4,0.0,1.0,0.0,0.0
CUST000699,22,25345.48,1152.0672727272727,10646.98,2300.218207146323,3,16,0,22,22,7,6,35.22727272727273,55,2.909090909090909,4,0,0,0,0,0,0,0,0,0,0.13636363636363635,0.7272727272727273,0.0,1.0,0.0,0.0
CUST000700,23,15183.119999999999,660.135652173913,3232.83,725.3906142700954,2,10,0,23,23,6,6,32.608695652173914,40,2.5217391304347827,4,0,0,0,0,0,0,0,0,0,0.08695652173913043,0.43478260869565216,0.0,1.0,0.0,0.0
CUST000701,26,13629.16,524.1984615384615,1959.85,532.8903556244366,2,15,0,26,26,7,7,33.26923076923077,40,2.6538461538461537,4,0,0,0,0,0,0,0,0,0,0.07692307692307693,0.5769230769230769,0.0,1.0,0.0,0.0
CUST000702,28,14835.1,529.825,3144.91,670.5272169939335,6,15,0,28,28,6,9,33.75,40,2.75,4,0,0,0,0,0,0,0,0,0,0.21428571428571427,0.5357142857142857,0.0,1.0,0.0,0.0
CUST000703,30,14518.42,483.94733333333335,2346.36,462.6028179985828,5,19,0,30,30,10,6,34.0,40,2.8,4,0,0,0,0,0,0,0,0,0,0.16666666666666666,0.6333333333333333,0.0,1.0,0.0,0.0
CUST000704,18,7779.78,432.21,993.85,297.32019511551755,6,12,0,18,17,8,4,50.0,55,4.0,5,0,0,1,0,0,0,0,0,0,0.3333333333333333,0.6666666666666666,0.0,1.0,0.0,0.0
CUST000705,27,13004.800000000001,481.6592592592593,2214.85,634.4938555132314,5,14,0,27,27,7,6,33.51851851851852,40,2.7037037037037037,4,0,0,0,0,0,0,0,0,0,0.18518518518518517,0.5185185185185185,0.0,1.0,0.0,0.0
CUST000706,18,9890.68,549.4822222222223,1739.95,514.6589476143179,5,9,0,18,18,6,3,33.888888888888886,40,2.7777777777777777,4,0,0,0,0,0,0,0,0,0,0.2777777777777778,0.5,0.0,1.0,0.0,0.0
CUST000707,28,19929.56,711.7700000000001,3082.95,866.8452137278967,6,13,0,28,28,7,8,33.392857142857146,40,2.6785714285714284,4,0,0,0,0,0,0,0,0,0,0.21428571428571427,0.4642857142857143,0.0,1.0,0.0,0.0
CUST000708,21,16306.91,776.5195238095238,3608.95,909.5192270781097,3,8,0,21,21,5,4,32.61904761904762,40,2.5238095238095237,4,0,0,0,0,0,0,0,0,0,0.14285714285714285,0.38095238095238093,0.0,1.0,0.0,0.0
CUST000709,27,33194.67,1229.4322222222222,5774.34,1516.6879973819812,3,14,0,27,27,5,8,33.888888888888886,50,2.6666666666666665,4,0,0,0,0,0,0,0,0,0,0.1111111111111111,0.5185185185185185,0.0,1.0,0.0,0.0
CUST000710,25,12695.78,507.8312,3385.0,806.7156252945231,7,10,0,25,25,7,5,33.4,40,2.68,4,0,0,0,0,0,0,0,0,0,0.28,0.4,0.0,1.0,0.0,0.0
CUST000711,22,14550.82,661.4009090909091,5678.8,1209.0715864146855,2,9,0,22,22,5,5,33.40909090909091,50,2.5454545454545454,4,0,0,0,0,0,0,0,0,0,0.09090909090909091,0.4090909090909091,0.0,1.0,0.0,0.0
CUST000712,32,33370.29,1042.8215625,7232.34,1634.8264609828584,9,11,0,32,32,5,4,33.75,50,2.65625,4,0,0,0,0,0,0,0,0,0,0.28125,0.34375,0.0,1.0,0.0,0.0
CUST000713,18,7779.84,432.21333333333337,1610.54,450.3860652687151,5,5,0,18,18,4,4,47.77777777777778,55,3.5555555555555554,5,0,0,1,0,0,0,0,0,0,0.2777777777777778,0.2777777777777778,0.0,1.0,0.0,0.0
CUST000714,28,16787.49,599.5532142857144,3055.51,746.5032468836315,5,12,0,28,28,4,8,33.035714285714285,40,2.607142857142857,4,0,0,0,0,0,0,0,0,0,0.17857142857142858,0.42857142857142855,0.0,1.0,0.0,0.0
CUST000715,23,18429.670000000002,801.2900000000001,7490.85,1532.3558212468442,5,12,0,23,23,7,7,35.21739130434783,70,2.8260869565217392,5,0,0,0,0,0,0,0,0,0,0.21739130434782608,0.5217391304347826,0.0,1.0,0.0,0.0
CUST000716,23,11518.16,500.78956521739127,2043.04,652.2360759409842,5,10,0,23,23,4,6,33.26086956521739,40,2.652173913043478,4,0,0,0,0,0,0,0,0,0,0.21739130434782608,0.43478260869565216,0.0,1.0,0.0,0.0
CUST000717,24,14594.67,608.11125,2627.14,612.8552361323931,3,13,0,24,24,7,8,33.333333333333336,40,2.6666666666666665,4,0,0,0,0,0,0,0,0,0,0.125,0.5416666666666666,0.0,1.0,0.0,0.0
CUST000718,27,22706.4,840.9777777777779,6265.57,1408.253008016379,6,11,0,27,27,7,4,33.888888888888886,60,2.6666666666666665,5,0,0,0,0,0,0,0,0,0,0.2222222222222222,0.4074074074074074,0.0,1.0,0.0,0.0
CUST000719,33,29315.02,888.3339393939394,3637.31,1145.219208672349,5,19,0,33,33,11,7,33.63636363636363,40,2.727272727272727,4,0,0,0,0,0,0,0,0,0,0.15151515151515152,0.5757575757575758,0.0,1.0,0.0,0.0
CUST000720,20,25907.52,1295.376,17187.65,3775.4231582173957,5,11,0,20,20,7,6,35.0,55,2.85,4,0,0,0,0,0,0,0,0,0,0.25,0.55,0.0,1.0,0.0,0.0
CUST000721,22,18545.44,842.9745454545454,6985.99,1501.3453630366625,3,11,0,22,22,9,3,44.09090909090909,70,3.6818181818181817,6,1,0,0,0,0,0,0,0,0,0.13636363636363635,0.5,0.0,1.0,0.0,0.0
CUST000722,25,14434.59,577.3836,4758.2,948.7260399911735,3,12,0,25,24,7,6,33.0,35,2.6,3,0,0,0,0,0,0,0,0,0,0.12,0.48,0.0,1.0,0.0,0.0
CUST000723,18,9127.86,507.10333333333335,2495.99,594.2778097726981,6,11,0,18,18,6,4,34.72222222222222,40,2.9444444444444446,4,0,0,0,0,0,0,0,0,0,0.3333333333333333,0.6111111111111112,0.0,1.0,0.0,0.0
CUST000724,26,15062.99,579.3457692307692,3196.57,692.2641694854535,3,11,0,26,26,3,8,32.69230769230769,40,2.5384615384615383,4,0,0,0,0,0,0,0,0,0,0.11538461538461539,0.4230769230769231,0.0,1.0,0.0,0.0
CUST000725,27,16741.12,620.0414814814815,3516.31,899.2372114815453,6,16,0,27,27,5,7,34.074074074074076,40,2.814814814814815,4,0,0,0,0,0,0,0,0,0,0.2222222222222222,0.5925925925925926,0.0,1.0,0.0,0.0
CUST000726,20,9316.18,465.809,1570.43,441.2249325863051,6,8,0,20,20,5,4,43.5,50,3.7,5,1,0,0,0,0,0,0,0,0,0.3,0.4,0.0,1.0,0.0,0.0
CUST000727,35,30467.88,870.5108571428572,5499.28,1292.3284808241453,8,20,0,35,34,11,5,34.57142857142857,55,2.8285714285714287,4,0,0,0,0,0,0,0,0,0,0.22857142857142856,0.5714285714285714,0.0,1.0,0.0,0.0
CUST000728,22,13244.810000000001,602.0368181818183,2940.36,720.8088934852908,4,14,0,22,22,7,7,34.09090909090909,40,2.8181818181818183,4,0,0,0,0,0,0,0,0,0,0.18181818181818182,0.6363636363636364,0.0,1.0,0.0,0.0
CUST000729,33,22733.58,688.8963636363637,3951.83,764.0779036722064,5,17,0,33,33,10,7,33.333333333333336,40,2.6666666666666665,4,0,0,0,0,0,0,0,0,0,0.15151515151515152,0.5151515151515151,0.0,1.0,0.0,0.0
CUST000730,20,24058.65,1202.9325000000001,8371.44,1957.6131447353916,6,11,0,20,20,5,6,36.0,70,2.95,5,0,0,0,1,0,0,0,0,0,0.3,0.55,0.0,1.0,0.05,0.0
CUST000731,22,19884.89,903.8586363636364,5212.34,1387.9187041661492,6,12,0,22,22,7,6,35.0,55,2.8636363636363638,4,0,0,0,0,0,0,0,0,0,0.2727272727272727,0.5454545454545454,0.0,1.0,0.0,0.0
CUST000732,28,26721.64,954.3442857142857,10577.21,2030.5757154897,5,14,0,28,28,5,8,49.642857142857146,80,3.75,5,0,0,1,0,0,0,0,0,0,0.17857142857142858,0.5,0.0,1.0,0.0,0.0
CUST000733,31,21688.5,699.6290322580645,3937.76,995.3632645433353,7,17,0,31,31,6,8,43.87096774193548,50,3.774193548387097,5,1,0,0,0,0,0,0,0,0,0.22580645161290322,0.5483870967741935,0.0,1.0,0.0,0.0
CUST000734,23,15208.35,661.2326086956522,2669.24,648.7142937675567,4,9,0,23,23,4,7,32.82608695652174,35,2.5652173913043477,3,0,0,0,0,0,0,0,0,0,0.17391304347826086,0.391304347826087,0.0,1.0,0.0,0.0
CUST000735,26,20562.989999999998,790.8842307692307,6476.16,1300.3144741274646,5,15,0,26,26,6,5,34.61538461538461,50,2.8076923076923075,4,0,0,0,0,0,0,0,0,0,0.19230769230769232,0.5769230769230769,0.0,1.0,0.0,0.0
CUST000736,32,34422.37,1075.6990625,12540.02,2233.008729623893,7,16,0,32,32,8,9,34.21875,55,2.75,4,0,0,0,0,0,0,0,0,0,0.21875,0.5,0.0,1.0,0.0,0.0
CUST000737,19,9782.9,514.8894736842105,3364.69,735.3831072491981,3,10,0,19,19,6,6,33.421052631578945,40,2.6842105263157894,4,0,0,0,0,0,0,0,0,0,0.15789473684210525,0.5263157894736842,0.0,1.0,0.0,0.0
CUST000738,35,22014.55,628.9871428571429,4234.75,839.5929115546255,9,24,0,35,35,7,10,49.714285714285715,55,3.942857142857143,5,0,0,1,0,0,0,0,0,0,0.2571428571428571,0.6857142857142857,0.0,1.0,0.0,0.0
CUST000739,22,24616.95,1118.9522727272727,9910.17,2185.4503345206667,2,11,0,22,22,4,6,35.22727272727273,85,2.727272727272727,6,0,0,0,1,0,0,0,0,0,0.09090909090909091,0.5,0.0,1.0,0.045454545454545456,0.0
CUST000740,41,31864.32,777.1785365853658,5123.65,950.3146316998412,9,21,0,41,41,8,7,34.146341463414636,55,2.7560975609756095,4,0,0,0,0,0,0,0,0,0,0.21951219512195122,0.5121951219512195,0.0,1.0,0.0,0.0
CUST000741,29,36774.77,1268.0955172413792,5683.26,1619.982994704808,7,11,0,29,28,5,8,34.48275862068966,55,2.689655172413793,4,0,0,0,0,0,0,0,0,0,0.2413793103448276,0.3793103448275862,0.0,1.0,0.0,0.0
CUST000742,25,11452.380000000001,458.09520000000003,1952.54,530.2067436161107,6,14,0,25,25,8,7,34.0,40,2.8,4,0,0,0,0,0,0,0,0,0,0.24,0.56,0.0,1.0,0.0,0.0
CUST000743,19,11763.42,619.1273684210527,3212.67,815.0472608712952,3,10,0,19,19,4,8,33.421052631578945,40,2.6842105263157894,4,0,0,0,0,0,0,0,0,0,0.15789473684210525,0.5263157894736842,0.0,1.0,0.0,0.0
CUST000744,20,17146.14,857.307,4620.85,1354.9650024266505,2,9,0,20,20,4,4,32.75,35,2.55,3,0,0,0,0,0,0,0,0,0,0.1,0.45,0.0,1.0,0.0,0.0
CUST000745,16,9157.74,572.35875,3455.21,863.3455594362742,2,7,0,16,16,4,3,32.8125,40,2.5625,4,0,0,0,0,0,0,0,0,0,0.125,0.4375,0.0,1.0,0.0,0.0
CUST000746,38,24972.67,657.1755263157894,3794.47,896.178765807833,4,20,0,38,38,9,9,33.1578947368421,40,2.6315789473684212,4,0,0,0,0,0,0,0,0,0,0.10526315789473684,0.5263157894736842,0.0,1.0,0.0,0.0
CUST000747,26,24624.3,947.0884615384615,5316.28,1278.5887720755015,4,14,0,26,26,7,7,34.23076923076923,55,2.730769230769231,4,0,0,0,0,0,0,0,0,0,0.15384615384615385,0.5384615384615384,0.0,1.0,0.0,0.0
CUST000748,20,24569.36,1228.468,5730.72,1508.1106699220159,5,9,0,20,20,6,5,34.5,55,2.75,4,0,0,0,0,0,0,0,0,0,0.25,0.45,0.0,1.0,0.0,0.0
CUST000749,21,10090.27,480.48904761904765,2019.32,551.9234972521533,3,14,0,21,21,6,7,34.04761904761905,40,2.8095238095238093,4,0,0,0,0,0,0,0,0,0,0.14285714285714285,0.6666666666666666,0.0,1.0,0.0,0.0
CUST000750,14,5741.4,410.09999999999997,1252.24,381.3095386044902,0,4,0,14,14,3,3,31.428571428571427,35,2.2857142857142856,3,0,0,0,0,0,0,0,0,0,0.0,0.2857142857142857,0.0,1.0,0.0,0.0
CUST000751,20,11909.3,595.4649999999999,3021.24,812.6162468452387,4,11,0,20,20,5,5,33.75,40,2.75,4,0,0,0,0,0,0,0,0,0,0.2,0.55,0.0,1.0,0.0,0.0
CUST000752,25,12372.8,494.912,2276.0,510.01375679975536,5,11,0,25,25,4,7,33.2,40,2.64,4,0,0,0,0,0,0,0,0,0,0.2,0.44,0.0,1.0,0.0,0.0
CUST000753,28,17409.73,621.7760714285714,4737.06,1104.2966902675416,5,17,0,28,28,8,6,33.92857142857143,40,2.7857142857142856,4,0,0,0,0,0,0,0,0,0,0.17857142857142858,0.6071428571428571,0.0,1.0,0.0,0.0
CUST000754,25,18820.69,752.8276,8493.58,1676.4584869233513,4,12,0,25,25,7,7,34.6,65,2.72,4,0,0,0,1,0,0,0,0,0,0.16,0.48,0.0,1.0,0.04,0.0
CUST000755,20,12445.56,622.278,2023.69,491.9530500662372,1,12,0,20,20,5,7,33.25,35,2.65,3,0,0,0,0,0,0,0,0,0,0.05,0.6,0.0,1.0,0.0,0.0
CUST000756,38,36013.58,947.7257894736842,8210.45,1729.1084145564446,7,20,0,38,38,9,6,45.78947368421053,95,3.8421052631578947,7,1,0,0,1,0,0,0,0,0,0.18421052631578946,0.5263157894736842,0.0,1.0,0.02631578947368421,0.0
CUST000757,25,22466.37,898.6547999999999,8869.76,1755.4549311648532,3,11,0,25,25,6,7,34.2,70,2.64,5,0,0,0,1,0,0,0,0,0,0.12,0.44,0.0,1.0,0.04,0.0
CUST000758,24,10287.29,428.63708333333335,1996.68,549.242606270942,4,13,0,24,24,9,5,33.541666666666664,40,2.7083333333333335,4,0,0,0,0,0,0,0,0,0,0.16666666666666666,0.5416666666666666,0.0,1.0,0.0,0.0
CUST000759,22,34614.47,1573.385,17846.05,3771.1692213155347,1,10,0,22,22,4,5,33.40909090909091,50,2.5454545454545454,3,0,0,0,0,0,0,0,0,0,0.045454545454545456,0.45454545454545453,0.0,1.0,0.0,0.0
CUST000760,27,14541.02,538.5562962962963,2448.26,577.0234950099062,3,14,0,27,27,7,6,33.148148148148145,40,2.6296296296296298,4,0,0,0,0,0,0,0,0,0,0.1111111111111111,0.5185185185185185,0.0,1.0,0.0,0.0
CUST000761,26,14422.89,554.7265384615384,2312.1,603.4832307989499,4,14,0,26,26,8,7,33.46153846153846,40,2.6923076923076925,4,0,0,0,0,0,0,0,0,0,0.15384615384615385,0.5384615384615384,0.0,1.0,0.0,0.0
CUST000762,24,8424.73,351.03041666666667,920.47,260.71085777291364,4,13,0,24,24,6,4,33.541666666666664,40,2.7083333333333335,4,0,0,0,0,0,0,0,0,0,0.16666666666666666,0.5416666666666666,0.0,1.0,0.0,0.0
CUST000763,19,13366.04,703.4757894736842,3757.42,1034.3305815481485,5,14,0,19,19,6,7,35.0,40,3.0,4,0,0,0,0,0,0,0,0,0,0.2631578947368421,0.7368421052631579,0.0,1.0,0.0,0.0
CUST000764,23,8546.78,371.59913043478264,1328.79,347.7053230030626,4,15,0,23,23,7,6,34.130434782608695,40,2.8260869565217392,4,0,0,0,0,0,0,0,0,0,0.17391304347826086,0.6521739130434783,0.0,1.0,0.0,0.0
CUST000765,30,17780.09,592.6696666666667,2533.31,551.5945851143495,5,13,0,30,30,7,7,33.0,40,2.6,4,0,0,0,0,0,0,0,0,0,0.16666666666666666,0.43333333333333335,0.0,1.0,0.0,0.0
CUST000766,24,11778.61,490.7754166666667,2478.07,625.6218350811085,2,13,0,24,24,6,8,33.125,40,2.625,4,0,0,0,0,0,0,0,0,0,0.08333333333333333,0.5416666666666666,0.0,1.0,0.0,0.0
CUST000767,24,14791.72,616.3216666666666,2546.2,682.5804820816668,8,12,0,24,24,7,8,34.166666666666664,40,2.8333333333333335,4,0,0,0,0,0,0,0,0,0,0.3333333333333333,0.5,0.0,1.0,0.0,0.0
CUST000768,22,19276.03,876.1831818181818,4389.2,984.9816097504241,4,12,0,22,22,5,7,33.63636363636363,40,2.727272727272727,4,0,0,0,0,0,0,0,0,0,0.18181818181818182,0.5454545454545454,0.0,1.0,0.0,0.0
CUST000769,21,18304.129999999997,871.6252380952379,5647.53,1263.3577720290443,6,14,0,21,21,7,5,35.714285714285715,60,3.0,5,0,0,0,0,0,0,0,0,0,0.2857142857142857,0.6666666666666666,0.0,1.0,0.0,0.0
CUST000770,32,27503.54,859.485625,5497.85,1249.6952675673547,5,15,0,32,32,8,6,33.75,50,2.65625,4,0,0,0,0,0,0,0,0,0,0.15625,0.46875,0.0,1.0,0.0,0.0
CUST000771,35,24186.94,691.0554285714285,2586.55,695.4737542108504,4,23,0,35,35,8,7,33.857142857142854,40,2.7714285714285714,4,0,0,0,0,0,1,0,0,0,0.11428571428571428,0.6571428571428571,0.0,1.0,0.0,0.0
CUST000772,21,13082.02,622.9533333333334,4318.51,946.9942336008882,1,11,0,21,21,4,4,33.57142857142857,50,2.619047619047619,4,0,0,0,0,0,0,0,0,0,0.047619047619047616,0.5238095238095238,0.0,1.0,0.0,0.0
CUST000773,14,5259.24,375.65999999999997,825.69,236.35040834125277,4,7,0,14,14,6,4,43.92857142857143,50,3.7857142857142856,5,1,0,0,0,0,0,0,0,0,0.2857142857142857,0.5,0.0,1.0,0.0,0.0
CUST000774,32,16288.26,509.008125,3441.99,712.140350820917,7,13,0,32,32,6,7,33.125,40,2.625,4,0,0,0,0,0,0,0,0,0,0.21875,0.40625,0.0,1.0,0.0,0.0
CUST000775,25,20186.68,807.4672,6695.51,1507.7054757492701,6,12,0,25,25,6,4,34.4,55,2.76,4,0,0,0,0,0,0,0,0,0,0.24,0.48,0.0,1.0,0.0,0.0
CUST000776,28,36226.29,1293.7960714285714,16287.36,3035.936118157932,3,11,0,28,28,5,6,33.214285714285715,55,2.5357142857142856,4,0,0,0,0,0,0,0,0,0,0.10714285714285714,0.39285714285714285,0.0,1.0,0.0,0.0
CUST000777,23,11863.169999999998,515.79,4170.99,859.3777673198418,3,14,0,23,23,6,4,33.69565217391305,40,2.739130434782609,4,0,0,0,0,0,0,0,0,0,0.13043478260869565,0.6086956521739131,0.0,1.0,0.0,0.0
CUST000778,22,18345.56,833.889090909091,4370.87,1003.9065889096839,6,11,0,22,22,6,7,33.86363636363637,40,2.772727272727273,4,0,0,0,0,0,0,0,0,0,0.2727272727272727,0.5,0.0,1.0,0.0,0.0
CUST000779,20,29709.01,1485.4505,9852.38,2606.8423542537657,2,7,0,2,20,2,7,15.0,50,1.6,4,0,0,0,1,0,0,0,0,0,0.1,0.35,0.0,0.1,0.05,0.0
CUST000780,23,25418.04,1105.1321739130435,7051.35,1607.3974100416788,1,8,0,23,23,3,5,32.82608695652174,55,2.4347826086956523,4,0,0,0,0,0,0,0,0,0,0.043478260869565216,0.34782608695652173,0.0,1.0,0.0,0.0
CUST000781,25,11249.16,449.9664,1226.01,345.76046883259124,5,11,0,25,25,10,5,33.2,35,2.64,3,0,0,0,0,0,0,0,0,0,0.2,0.44,0.0,1.0,0.0,0.0
CUST000782,21,15806.65,752.697619047619,1858.9,600.6090503805681,6,11,0,21,21,6,4,34.04761904761905,40,2.8095238095238093,4,0,0,0,0,0,0,0,0,0,0.2857142857142857,0.5238095238095238,0.0,1.0,0.0,0.0
CUST000783,31,17092.670000000002,551.3764516129033,2481.73,574.3100785263908,4,15,0,31,31,9,7,33.064516129032256,40,2.6129032258064515,4,0,0,0,0,0,0,0,0,0,0.12903225806451613,0.4838709677419355,0.0,1.0,0.0,0.0
CUST000784,29,12708.02,438.20758620689656,2666.87,510.19780414529407,8,8,0,29,29,4,4,32.758620689655174,40,2.5517241379310347,4,0,0,0,0,0,0,0,0,0,0.27586206896551724,0.27586206896551724,0.0,1.0,0.0,0.0
CUST000785,23,16295.03,708.4795652173914,5814.66,1208.027629460813,7,8,0,23,22,4,6,49.130434782608695,65,3.6956521739130435,5,0,0,1,0,0,0,0,0,0,0.30434782608695654,0.34782608695652173,0.0,1.0,0.0,0.0
CUST000786,25,16438.56,657.5424,3592.85,758.5338577604826,3,12,0,25,25,8,5,33.0,35,2.6,3,0,0,0,0,0,0,0,0,0,0.12,0.48,0.0,1.0,0.0,0.0
CUST000787,19,10920.0,574.7368421052631,2908.7,799.2749225325874,4,12,0,19,19,6,6,34.21052631578947,40,2.8421052631578947,4,0,0,0,0,0,0,0,0,0,0.21052631578947367,0.631578947368421,0.0,1.0,0.0,0.0
CUST000788,23,19229.829999999998,836.0795652173912,3621.12,905.8439555137029,6,10,0,23,23,4,6,33.47826086956522,40,2.6956521739130435,4,0,0,0,0,0,0,0,0,0,0.2608695652173913,0.43478260869565216,0.0,1.0,0.0,0.0
CUST000789,28,22963.27,820.1167857142857,4651.0,1019.7638746445309,5,12,0,28,28,5,7,33.035714285714285,40,2.607142857142857,4,0,0,0,0,0,0,0,0,0,0.17857142857142858,0.42857142857142855,0.0,1.0,0.0,0.0
CUST000790,24,15244.75,635.1979166666666,2770.85,726.1064926865466,2,9,0,24,24,7,4,32.291666666666664,40,2.4583333333333335,4,0,0,0,0,0,0,0,0,0,0.08333333333333333,0.375,0.0,1.0,0.0,0.0
CUST000791,23,28173.18,1224.9208695652173,7976.28,2012.5462383709419,3,13,0,23,23,6,7,35.21739130434783,55,2.782608695652174,4,0,0,0,0,0,0,0,0,0,0.13043478260869565,0.5652173913043478,0.0,1.0,0.0,0.0
CUST000792,23,14569.789999999999,633.4691304347825,5318.98,1199.555454737345,4,10,0,23,23,4,5,33.91304347826087,50,2.652173913043478,4,0,0,0,0,0,0,0,0,0,0.17391304347826086,0.43478260869565216,0.0,1.0,0.0,0.0
CUST000793,23,20726.82,901.1660869565218,9877.7,2059.960279003058,2,8,0,23,23,7,4,33.69565217391305,75,2.5217391304347827,6,0,0,0,1,0,0,0,0,0,0.08695652173913043,0.34782608695652173,0.0,1.0,0.043478260869565216,0.0
CUST000794,20,13195.36,659.768,2924.88,846.0684276457474,3,8,0,20,20,6,2,32.75,40,2.55,4,0,0,0,0,0,0,0,0,0,0.15,0.4,0.0,1.0,0.0,0.0
CUST000795,29,21194.239999999998,730.8358620689654,7735.48,1472.678529004008,6,12,0,29,29,7,6,33.793103448275865,50,2.6551724137931036,4,0,0,0,0,0,0,0,0,0,0.20689655172413793,0.41379310344827586,0.0,1.0,0.0,0.0
CUST000796,24,16267.76,677.8233333333334,3753.32,907.7297577768526,7,13,0,24,24,6,6,34.166666666666664,40,2.8333333333333335,4,0,0,0,0,0,0,0,0,0,0.2916666666666667,0.5416666666666666,0.0,1.0,0.0,0.0
CUST000797,27,14193.86,525.6985185185185,2741.78,615.9700827444319,5,14,0,27,27,7,7,33.51851851851852,40,2.7037037037037037,4,0,0,0,0,0,0,0,0,0,0.18518518518518517,0.5185185185185185,0.0,1.0,0.0,0.0
CUST000798,22,12403.35,563.7886363636363,2515.07,617.5834644907017,2,8,0,22,22,4,6,32.27272727272727,40,2.4545454545454546,4,0,0,0,0,0,0,0,0,0,0.09090909090909091,0.36363636363636365,0.0,1.0,0.0,0.0
CUST000799,33,19224.06,582.5472727272728,3065.86,770.6602942334285,4,14,0,33,33,6,8,32.72727272727273,40,2.5454545454545454,4,0,0,0,0,0,0,0,0,0,0.12121212121212122,0.42424242424242425,0.0,1.0,0.0,0.0
CUST000800,24,16629.29,692.8870833333334,3069.73,833.1455025461412,3,11,0,24,24,8,5,32.916666666666664,40,2.5833333333333335,4,0,0,0,0,0,0,0,0,0,0.125,0.4583333333333333,0.0,1.0,0.0,0.0
CUST000801,18,9441.08,524.5044444444444,2260.02,692.707809475609,3,13,0,18,18,3,7,34.44444444444444,40,2.888888888888889,4,0,0,0,0,0,0,0,0,0,0.16666666666666666,0.7222222222222222,0.0,1.0,0.0,0.0
CUST000802,23,19591.22,851.7921739130435,7613.61,1581.532597054218,4,10,0,23,23,5,7,33.91304347826087,50,2.652173913043478,4,0,0,0,0,0,0,0,0,0,0.17391304347826086,0.43478260869565216,0.0,1.0,0.0,0.0
CUST000803,34,25524.42,750.7182352941176,3640.57,823.2943486309745,4,13,0,34,34,8,8,42.5,50,3.5,5,1,0,0,0,0,0,0,0,0,0.11764705882352941,0.38235294117647056,0.0,1.0,0.0,0.0
CUST000804,23,12491.619999999999,543.1139130434782,2851.25,597.590182131071,8,14,0,23,23,6,6,34.78260869565217,40,2.9565217391304346,4,0,0,0,0,0,0,0,0,0,0.34782608695652173,0.6086956521739131,0.0,1.0,0.0,0.0
CUST000805,35,22871.350000000002,653.4671428571429,3224.49,662.1277133585929,8,18,0,35,35,9,8,34.142857142857146,50,2.7714285714285714,4,0,0,0,0,0,0,0,0,0,0.22857142857142856,0.5142857142857142,0.0,1.0,0.0,0.0
CUST000806,28,19830.54,708.2335714285715,3861.0,987.199648471538,7,15,0,28,28,5,9,33.92857142857143,40,2.7857142857142856,4,0,0,0,0,0,0,0,0,0,0.25,0.5357142857142857,0.0,1.0,0.0,0.0
CUST000807,24,21952.010000000002,914.6670833333334,3450.51,970.6019703636151,7,12,0,24,24,9,8,33.958333333333336,40,2.7916666666666665,4,0,0,0,0,0,0,0,0,0,0.2916666666666667,0.5,0.0,1.0,0.0,0.0
CUST000808,31,28335.16,914.0374193548387,8731.28,1703.405306020791,6,16,0,31,31,6,7,35.16129032258065,80,2.806451612903226,5,0,0,0,1,0,0,0,0,0,0.1935483870967742,0.5161290322580645,0.0,1.0,0.03225806451612903,0.0
CUST000809,21,17240.1,820.9571428571428,3707.96,919.3332061453173,2,8,0,21,21,4,5,32.38095238095238,40,2.4761904761904763,4,0,0,0,0,0,0,0,0,0,0.09523809523809523,0.38095238095238093,0.0,1.0,0.0,0.0
CUST000810,17,12761.12,750.6541176470589,2643.01,823.9121172040956,3,5,0,17,17,4,4,32.35294117647059,40,2.4705882352941178,4,0,0,0,0,0,0,0,0,0,0.17647058823529413,0.29411764705882354,0.0,1.0,0.0,0.0
CUST000811,23,21925.81,953.2960869565218,4436.24,1096.3846363709933,4,10,0,23,23,5,6,33.69565217391305,50,2.652173913043478,4,0,0,0,0,0,0,0,0,0,0.17391304347826086,0.43478260869565216,0.0,1.0,0.0,0.0
CUST000812,18,8245.76,458.09777777777776,1266.25,438.33257055178547,4,7,0,18,18,6,5,33.05555555555556,40,2.611111111111111,4,0,0,0,0,0,0,0,0,0,0.2222222222222222,0.3888888888888889,0.0,1.0,0.0,0.0
CUST000813,28,22229.76,793.92,4624.11,999.7701151950068,6,12,0,28,28,7,7,33.214285714285715,40,2.642857142857143,4,0,0,0,0,0,0,0,0,0,0.21428571428571427,0.42857142857142855,0.0,1.0,0.0,0.0
CUST000814,19,5943.030000000001,312.79105263157896,2049.76,445.2388080806217,3,8,0,19,19,6,5,32.89473684210526,40,2.5789473684210527,4,0,0,0,0,0,0,0,0,0,0.15789473684210525,0.42105263157894735,0.0,1.0,0.0,0.0
CUST000815,28,17709.96,632.4985714285714,4358.02,842.7147583222809,6,13,0,28,28,6,6,48.392857142857146,55,3.6785714285714284,5,0,0,1,0,0,0,0,0,0,0.21428571428571427,0.4642857142857143,0.0,1.0,0.0,0.0
CUST000816,26,15163.89,583.2265384615384,2843.19,705.2599038649073,4,15,0,26,26,5,8,33.65384615384615,40,2.730769230769231,4,0,0,0,0,0,0,0,0,0,0.15384615384615385,0.5769230769230769,0.0,1.0,0.0,0.0
CUST000817,20,24315.47,1215.7735,5657.57,1382.8127414165474,5,7,0,20,20,4,5,34.0,50,2.65,4,0,0,0,0,0,0,0,0,0,0.25,0.35,0.0,1.0,0.0,0.0
CUST000818,12,12565.970000000001,1047.1641666666667,4554.01,1315.5201241227628,1,7,0,12,12,6,4,33.333333333333336,40,2.6666666666666665,4,0,0,0,0,0,0,0,0,0,0.08333333333333333,0.5833333333333334,0.0,1.0,0.0,0.0
CUST000819,18,9139.06,507.7255555555555,2820.28,689.7527212766157,2,8,0,18,18,4,5,32.77777777777778,40,2.5555555555555554,4,0,0,0,0,0,0,0,0,0,0.1111111111111111,0.4444444444444444,0.0,1.0,0.0,0.0
CUST000820,23,21394.06,930.1765217391305,6966.13,1577.2941095104752,3,15,0,23,23,7,6,34.78260869565217,55,2.8260869565217392,4,0,0,0,0,0,0,0,0,0,0.13043478260869565,0.6521739130434783,0.0,1.0,0.0,0.0
CUST000821,25,28490.25,1139.61,7414.84,1758.6769202585224,3,14,0,25,25,5,9,34.2,50,2.72,4,0,0,0,0,0,0,0,0,0,0.12,0.56,0.0,1.0,0.0,0.0
CUST000822,25,24307.170000000002,972.2868000000001,8753.53,2305.4119518477964,2,16,0,25,25,8,7,37.6,90,2.96,7,0,0,0,2,0,0,0,0,0,0.08,0.64,0.0,1.0,0.08,0.0
CUST000823,22,14869.77,675.8986363636363,4091.06,1070.9138718527386,7,10,0,22,22,5,5,33.86363636363637,40,2.772727272727273,4,0,0,0,0,0,0,0,0,0,0.3181818181818182,0.45454545454545453,0.0,1.0,0.0,0.0
CUST000824,24,19228.2,801.1750000000001,4355.44,1166.9107969931251,7,8,0,24,24,5,4,33.125,40,2.625,4,0,0,0,0,0,0,0,0,0,0.2916666666666667,0.3333333333333333,0.0,1.0,0.0,0.0
CUST000825,27,16671.57,617.4655555555555,2766.64,609.3361482625885,2,15,0,27,27,8,7,33.148148148148145,40,2.6296296296296298,4,0,0,0,0,0,0,0,0,0,0.07407407407407407,0.5555555555555556,0.0,1.0,0.0,0.0
CUST000826,16,28323.1,1770.19375,10718.38,3231.7309343711872,2,9,0,16,16,8,3,39.0625,75,3.0,6,0,0,0,0,0,0,0,0,0,0.125,0.5625,0.0,1.0,0.0,0.0
CUST000827,24,17182.239999999998,715.9266666666666,3189.41,824.184731786597,3,14,0,24,24,8,5,33.541666666666664,35,2.7083333333333335,3,0,0,0,0,0,0,0,0,0,0.125,0.5833333333333334,0.0,1.0,0.0,0.0
CUST000828,16,7917.5599999999995,494.84749999999997,1508.34,437.1738116203515,5,9,0,16,16,5,6,34.375,40,2.875,4,0,0,0,0,0,0,0,0,0,0.3125,0.5625,0.0,1.0,0.0,0.0
CUST000829,30,12323.36,410.7786666666667,2003.16,435.29323872640106,5,20,0,30,30,6,9,34.166666666666664,40,2.8333333333333335,4,0,0,0,0,0,0,0,0,0,0.16666666666666666,0.6666666666666666,0.0,1.0,0.0,0.0
CUST000830,28,17217.19,614.8996428571428,2537.93,681.881663804799,3,14,0,28,28,6,7,33.035714285714285,40,2.607142857142857,4,0,0,0,0,0,0,0,0,0,0.10714285714285714,0.5,0.0,1.0,0.0,0.0
CUST000831,19,12513.67,658.6142105263158,3809.52,996.1090054268146,3,12,0,19,19,5,4,33.94736842105263,40,2.789473684210526,4,0,0,0,0,0,0,0,0,0,0.15789473684210525,0.631578947368421,0.0,1.0,0.0,0.0
CUST000832,25,23410.530000000002,936.4212000000001,4749.46,1291.6736497864572,4,7,0,25,25,6,3,32.2,35,2.44,3,0,0,0,0,0,0,0,0,0,0.16,0.28,0.0,1.0,0.0,0.0
CUST000833,19,15047.27,791.9615789473685,4240.32,1009.1366445645127,4,9,0,19,19,6,5,33.421052631578945,40,2.6842105263157894,4,0,0,0,0,0,0,0,0,0,0.21052631578947367,0.47368421052631576,0.0,1.0,0.0,0.0
CUST000834,22,11009.39,500.42681818181813,1423.73,395.86048611896877,3,12,0,22,22,4,8,33.40909090909091,40,2.6818181818181817,4,0,0,0,0,0,0,0,0,0,0.13636363636363635,0.5454545454545454,0.0,1.0,0.0,0.0
CUST000835,22,9650.72,438.66909090909087,1807.17,428.9467382289198,7,6,0,22,22,3,6,32.95454545454545,40,2.590909090909091,4,0,0,0,0,0,0,0,0,0,0.3181818181818182,0.2727272727272727,0.0,1.0,0.0,0.0
CUST000836,33,36345.03,1101.3645454545454,13068.75,2345.2363241354415,6,18,0,33,33,6,9,34.24242424242424,55,2.757575757575758,4,0,0,0,0,0,0,0,0,0,0.18181818181818182,0.5454545454545454,0.0,1.0,0.0,0.0
CUST000837,29,30455.97,1050.2058620689656,6866.11,1438.298664378749,5,11,0,29,29,4,8,33.44827586206897,50,2.586206896551724,3,0,0,0,0,0,0,0,0,0,0.1724137931034483,0.3793103448275862,0.0,1.0,0.0,0.0
CUST000838,28,17958.44,641.3728571428571,3028.48,887.970093489795,6,12,0,28,28,6,5,33.214285714285715,40,2.642857142857143,4,0,0,0,0,0,0,0,0,0,0.21428571428571427,0.42857142857142855,0.0,1.0,0.0,0.0
CUST000839,20,8060.47,403.0235,1692.89,399.56347770871673,2,10,0,20,20,6,7,33.0,35,2.6,3,0,0,0,0,0,0,0,0,0,0.1,0.5,0.0,1.0,0.0,0.0
CUST000840,26,16865.46,648.6715384615384,4317.88,849.6670056660658,6,11,0,26,26,6,6,33.26923076923077,40,2.6538461538461537,4,0,0,0,0,0,0,0,0,0,0.23076923076923078,0.4230769230769231,0.0,1.0,0.0,0.0
CUST000841,22,16084.04,731.0927272727273,3562.28,796.0209822502696,2,9,0,22,22,4,6,32.5,35,2.5,3,0,0,0,0,0,0,0,0,0,0.09090909090909091,0.4090909090909091,0.0,1.0,0.0,0.0
CUST000842,21,18664.06,888.7647619047619,6373.64,1378.7737522292014,1,11,0,21,21,7,5,48.80952380952381,65,3.619047619047619,5,0,0,1,0,0,0,0,0,0,0.047619047619047616,0.5238095238095238,0.0,1.0,0.0,0.0
CUST000843,30,24220.28,807.3426666666667,4717.38,1312.056813012285,6,14,0,30,30,6,8,33.333333333333336,40,2.6666666666666665,4,0,0,0,0,0,0,0,0,0,0.2,0.4666666666666667,0.0,1.0,0.0,0.0
CUST000844,26,16829.13,647.2742307692308,2702.0,664.8229834785984,4,16,0,26,26,8,5,33.84615384615385,40,2.769230769230769,4,0,0,0,0,0,0,0,0,0,0.15384615384615385,0.6153846153846154,0.0,1.0,0.0,0.0
CUST000845,20,16512.15,825.6075000000001,5678.52,1199.3562841829823,5,9,0,20,20,3,6,34.5,55,2.75,4,0,0,0,0,0,0,0,0,0,0.25,0.45,0.0,1.0,0.0,0.0
CUST000846,22,19903.3,904.6954545454545,3877.67,947.5312201702922,3,10,0,22,22,4,5,32.95454545454545,40,2.590909090909091,4,0,0,0,0,0,0,0,0,0,0.13636363636363635,0.45454545454545453,0.0,1.0,0.0,0.0
CUST000847,25,18807.56,752.3024,3961.09,889.9499779120547,5,13,0,25,25,3,10,33.6,40,2.72,4,0,0,0,0,0,0,0,0,0,0.2,0.52,0.0,1.0,0.0,0.0
CUST000848,20,17294.8,864.74,3179.17,973.9235626820866,3,11,0,20,20,8,4,33.5,40,2.7,4,0,0,0,0,0,0,0,0,0,0.15,0.55,0.0,1.0,0.0,0.0
CUST000849,28,20642.329999999998,737.2260714285713,6881.62,1393.2806524978146,4,14,0,28,28,6,8,33.92857142857143,55,2.6785714285714284,4,0,0,0,0,0,0,0,0,0,0.14285714285714285,0.5,0.0,1.0,0.0,0.0
CUST000850,25,25210.0,1008.4,8210.76,1964.7471872567555,3,13,0,25,25,6,7,35.4,70,2.76,5,0,0,0,1,0,0,0,0,0,0.12,0.52,0.0,1.0,0.04,0.0
CUST000851,26,18112.760000000002,696.6446153846155,4601.04,1073.0259484736825,5,15,0,26,26,7,9,33.84615384615385,40,2.769230769230769,4,0,0,0,0,0,0,0,0,0,0.19230769230769232,0.5769230769230769,0.0,1.0,0.0,0.0
CUST000852,31,34761.85,1121.35,6813.07,1691.6629468721007,4,19,0,31,31,10,9,35.0,55,2.806451612903226,4,0,0,0,0,0,0,0,0,0,0.12903225806451613,0.6129032258064516,0.0,1.0,0.0,0.0
CUST000853,20,35446.85,1772.3425,27432.5,6056.577347374093,5,11,0,20,20,6,6,35.5,65,2.9,5,0,0,0,0,0,0,0,0,0,0.25,0.55,0.0,1.0,0.0,0.0
CUST000854,20,13162.02,658.101,3667.64,811.5936569095333,3,7,0,20,20,5,4,32.5,40,2.5,4,0,0,0,0,0,0,0,0,0,0.15,0.35,0.0,1.0,0.0,0.0
CUST000855,32,20555.56,642.36125,2940.71,793.3262150438535,6,19,0,32,32,9,9,33.90625,40,2.78125,4,0,0,0,0,0,0,0,0,0,0.1875,0.59375,0.0,1.0,0.0,0.0
CUST000856,25,22626.96,905.0784,7031.1,1397.9105422697837,6,13,0,25,25,8,5,34.6,55,2.8,4,0,0,0,0,0,0,0,0,0,0.24,0.52,0.0,1.0,0.0,0.0
CUST000857,18,18198.72,1011.0400000000001,4309.83,1193.045635012982,5,8,0,18,18,4,4,44.44444444444444,60,3.7777777777777777,5,1,0,0,0,0,0,0,0,0,0.2777777777777778,0.4444444444444444,0.0,1.0,0.0,0.0
CUST000858,14,13107.25,936.2321428571429,4772.22,1421.6630495692148,2,6,0,14,14,3,4,32.857142857142854,35,2.5714285714285716,3,0,0,0,0,0,0,0,0,0,0.14285714285714285,0.42857142857142855,0.0,1.0,0.0,0.0
CUST000859,20,16128.31,806.4155,5508.74,1246.514199009107,3,12,0,20,20,5,8,34.75,50,2.8,4,0,0,0,0,0,0,0,0,0,0.15,0.6,0.0,1.0,0.0,0.0
CUST000860,18,18295.35,1016.4083333333333,4451.7,1373.032603941106,3,10,0,18,18,5,7,43.611111111111114,45,3.7222222222222223,4,1,0,0,0,0,0,0,0,0,0.16666666666666666,0.5555555555555556,0.0,1.0,0.0,0.0
CUST000861,19,9242.77,486.4615789473684,1570.29,461.8169776396893,2,8,0,19,19,6,7,32.63157894736842,35,2.526315789473684,3,0,0,0,0,0,0,0,0,0,0.10526315789473684,0.42105263157894735,0.0,1.0,0.0,0.0
CUST000862,25,20537.4,821.4960000000001,4704.84,1150.0875302667187,4,11,0,25,25,7,7,33.0,40,2.6,4,0,0,0,0,0,0,0,0,0,0.16,0.44,0.0,1.0,0.0,0.0
CUST000863,27,14439.12,534.7822222222222,2547.26,560.4675583854646,4,14,0,27,27,8,5,33.333333333333336,40,2.6666666666666665,4,0,0,0,0,0,0,0,0,0,0.14814814814814814,0.5185185185185185,0.0,1.0,0.0,0.0
CUST000864,32,23212.05,725.3765625,4638.24,866.884905571182,5,13,0,32,32,6,6,32.8125,40,2.5625,4,0,0,0,0,0,0,0,0,0,0.15625,0.40625,0.0,1.0,0.0,0.0
CUST000865,31,26685.37,860.8183870967741,4868.08,1269.0589416968169,9,18,0,31,30,8,9,34.354838709677416,40,2.870967741935484,4,0,0,0,0,0,0,0,0,0,0.2903225806451613,0.5806451612903226,0.0,1.0,0.0,0.0
CUST000866,16,12619.82,788.73875,3272.24,906.9769551124217,4,6,0,16,16,5,3,33.125,40,2.625,4,0,0,0,0,0,0,0,0,0,0.25,0.375,0.0,1.0,0.0,0.0
CUST000867,23,9971.21,433.53086956521736,1169.81,352.8342754803661,4,16,0,23,23,8,9,34.34782608695652,40,2.869565217391304,4,0,0,0,0,0,0,0,0,0,0.17391304347826086,0.6956521739130435,0.0,1.0,0.0,0.0
CUST000868,28,12927.92,461.7114285714286,2044.93,464.7498747252579,5,11,0,28,28,5,6,32.857142857142854,40,2.5714285714285716,4,0,0,0,0,0,0,0,0,0,0.17857142857142858,0.39285714285714285,0.0,1.0,0.0,0.0
CUST000869,17,11471.8,674.8117647058823,4151.87,1009.6915821504314,5,7,0,17,17,6,3,33.529411764705884,40,2.7058823529411766,4,0,0,0,0,0,0,0,0,0,0.29411764705882354,0.4117647058823529,0.0,1.0,0.0,0.0
CUST000870,22,9216.16,418.91636363636366,1332.15,377.0791390795894,4,13,0,22,22,6,6,33.86363636363637,40,2.772727272727273,4,0,0,0,0,0,0,0,0,0,0.18181818181818182,0.5909090909090909,0.0,1.0,0.0,0.0
CUST000871,23,9765.99,424.6082608695652,1099.72,339.9753159843463,5,11,0,23,23,7,7,43.47826086956522,50,3.6956521739130435,5,1,0,0,0,0,0,0,0,0,0.21739130434782608,0.4782608695652174,0.0,1.0,0.0,0.0
CUST000872,29,28685.83,989.166551724138,11080.36,2179.2772979956253,4,13,0,29,29,7,7,34.310344827586206,55,2.6551724137931036,4,0,0,0,0,0,0,0,0,0,0.13793103448275862,0.4482758620689655,0.0,1.0,0.0,0.0
CUST000873,19,9182.61,483.2952631578948,1849.43,485.823196605153,1,7,0,19,19,4,6,32.10526315789474,40,2.4210526315789473,4,0,0,0,0,0,0,0,0,0,0.05263157894736842,0.3684210526315789,0.0,1.0,0.0,0.0
CUST000874,24,15389.48,641.2283333333334,5020.48,1026.761264380325,4,7,0,24,24,5,5,33.125,55,2.5,4,0,0,0,0,0,0,0,0,0,0.16666666666666666,0.2916666666666667,0.0,1.0,0.0,0.0
CUST000875,23,12308.15,535.1369565217391,2003.47,450.0803937221033,5,12,0,23,23,6,7,33.69565217391305,40,2.739130434782609,4,0,0,0,0,0,0,0,0,0,0.21739130434782608,0.5217391304347826,0.0,1.0,0.0,0.0
CUST000876,16,12581.880000000001,786.3675000000001,3546.26,1006.1060431087768,0,5,0,16,16,5,3,31.5625,35,2.3125,3,0,0,0,0,0,0,0,0,0,0.0,0.3125,0.0,1.0,0.0,0.0
CUST000877,27,29159.45,1079.9796296296297,7841.6,1889.6031010882066,6,16,0,27,27,7,8,35.55555555555556,55,2.888888888888889,4,0,0,0,0,0,0,0,0,0,0.2222222222222222,0.5925925925925926,0.0,1.0,0.0,0.0
CUST000878,17,12638.47,743.4394117647058,2229.1,717.1336250960363,7,8,0,17,17,3,8,34.411764705882355,40,2.8823529411764706,4,0,0,0,0,0,0,0,0,0,0.4117647058823529,0.47058823529411764,0.0,1.0,0.0,0.0
CUST000879,32,14998.45,468.7015625,3360.0,768.0643869645869,5,17,0,32,32,6,6,33.4375,40,2.6875,4,0,0,0,0,0,0,0,0,0,0.15625,0.53125,0.0,1.0,0.0,0.0
CUST000880,25,21117.01,844.6804,6569.22,1273.906777458225,7,16,0,25,25,7,8,35.4,50,2.96,4,0,0,0,0,0,0,0,0,0,0.28,0.64,0.0,1.0,0.0,0.0
CUST000881,21,13823.59,658.2661904761904,3312.43,765.8121179733065,8,7,0,21,21,5,5,33.57142857142857,40,2.7142857142857144,4,0,0,0,0,0,0,0,0,0,0.38095238095238093,0.3333333333333333,0.0,1.0,0.0,0.0
CUST000882,26,23745.94,913.3053846153846,5806.71,1279.3186979552227,7,16,0,26,26,7,8,35.19230769230769,50,2.923076923076923,4,0,0,0,0,0,0,0,0,0,0.2692307692307692,0.6153846153846154,0.0,1.0,0.0,0.0
CUST000883,19,14167.27,745.6457894736842,4124.68,959.3022101003984,3,9,0,19,19,6,4,33.1578947368421,40,2.6315789473684212,4,0,0,0,0,0,0,0,0,0,0.15789473684210525,0.47368421052631576,0.0,1.0,0.0,0.0
CUST000884,23,12902.77,560.99,2469.77,624.6199479974712,4,14,0,23,23,6,6,33.91304347826087,40,2.782608695652174,4,0,0,0,0,0,0,0,0,0,0.17391304347826086,0.6086956521739131,0.0,1.0,0.0,0.0
CUST000885,23,24342.12,1058.3530434782608,6503.37,1432.3950917493362,3,14,0,23,23,5,7,34.56521739130435,55,2.782608695652174,4,0,0,0,0,0,0,0,0,0,0.13043478260869565,0.6086956521739131,0.0,1.0,0.0,0.0
CUST000886,21,9514.6,453.0761904761905,2213.29,546.2927978243553,3,12,0,21,21,8,6,33.57142857142857,40,2.7142857142857144,4,0,0,0,0,0,0,0,0,0,0.14285714285714285,0.5714285714285714,0.0,1.0,0.0,0.0
CUST000887,29,12588.8,434.0965517241379,1734.07,419.8961926159834,4,14,0,29,29,7,7,33.10344827586207,40,2.6206896551724137,4,0,0,0,0,0,0,0,0,0,0.13793103448275862,0.4827586206896552,0.0,1.0,0.0,0.0
CUST000888,20,25696.84,1284.842,5619.31,1364.9491056353484,2,12,0,20,20,5,7,35.25,70,2.8,5,0,0,0,0,0,0,0,0,0,0.1,0.6,0.0,1.0,0.0,0.0
CUST000889,28,27056.01,966.2860714285714,3579.27,1090.5633213546084,4,21,0,28,28,6,8,34.464285714285715,40,2.892857142857143,4,0,0,0,0,0,0,0,0,0,0.14285714285714285,0.75,0.0,1.0,0.0,0.0
CUST000890,29,23529.89,811.3755172413793,3945.26,931.486673954162,6,18,0,29,29,8,9,34.13793103448276,40,2.8275862068965516,4,0,0,0,0,0,0,0,0,0,0.20689655172413793,0.6206896551724138,0.0,1.0,0.0,0.0
CUST000891,21,12978.24,618.0114285714286,3161.6,793.9335493558999,2,14,0,21,21,5,7,33.80952380952381,40,2.761904761904762,4,0,0,0,0,0,0,0,0,0,0.09523809523809523,0.6666666666666666,0.0,1.0,0.0,0.0
CUST000892,21,17030.739999999998,810.987619047619,5675.19,1231.5238083362608,2,13,0,21,21,8,7,34.523809523809526,55,2.761904761904762,4,0,0,0,0,0,0,0,0,0,0.09523809523809523,0.6190476190476191,0.0,1.0,0.0,0.0
CUST000893,18,6395.09,355.28277777777777,962.58,297.29864309469644,1,7,0,18,18,5,6,32.22222222222222,35,2.4444444444444446,3,0,0,0,0,0,0,0,0,0,0.05555555555555555,0.3888888888888889,0.0,1.0,0.0,0.0
CUST000894,18,10369.9,576.1055555555555,3187.05,750.9976996144154,6,6,0,18,18,4,4,33.333333333333336,40,2.6666666666666665,4,0,0,0,0,0,0,0,0,0,0.3333333333333333,0.3333333333333333,0.0,1.0,0.0,0.0
CUST000895,15,9970.58,664.7053333333333,1597.14,503.26184143142865,3,9,0,15,15,5,5,34.0,40,2.8,4,0,0,0,0,0,0,0,0,0,0.2,0.6,0.0,1.0,0.0,0.0
CUST000896,26,34623.05,1331.6557692307692,11627.34,2530.8991709543434,4,11,0,26,26,6,5,35.19230769230769,60,2.6923076923076925,5,0,0,0,0,0,0,0,0,0,0.15384615384615385,0.4230769230769231,0.0,1.0,0.0,0.0
CUST000897,24,21334.25,888.9270833333334,4069.57,1139.7526449552233,3,17,0,24,24,8,10,34.166666666666664,40,2.8333333333333335,4,0,0,0,0,0,0,0,0,0,0.125,0.7083333333333334,0.0,1.0,0.0,0.0
CUST000898,32,33988.03,1062.1259375,12535.67,2269.600827245036,5,15,0,32,32,9,6,33.75,55,2.65625,4,0,0,0,0,0,0,0,0,0,0.15625,0.46875,0.0,1.0,0.0,0.0
CUST000899,27,19550.9,724.1074074074074,4882.62,1028.4624164502618,4,14,0,27,27,6,9,33.888888888888886,45,2.7037037037037037,4,0,0,0,0,0,0,0,0,0,0.14814814814814814,0.5185185185185185,0.0,1.0,0.0,0.0
CUST000900,24,8742.119999999999,364.25499999999994,1959.05,520.0483232479877,2,11,0,24,24,6,6,32.708333333333336,40,2.5416666666666665,4,0,0,0,0,0,0,0,0,0,0.08333333333333333,0.4583333333333333,0.0,1.0,0.0,0.0
CUST000901,24,12103.84,504.32666666666665,3152.25,694.5130943183938,7,15,0,24,24,7,7,34.583333333333336,40,2.9166666666666665,4,0,0,0,0,0,0,0,0,0,0.2916666666666667,0.625,0.0,1.0,0.0,0.0
CUST000902,21,13619.52,648.5485714285714,1144.9,387.1635878189698,4,11,0,21,21,5,7,33.57142857142857,40,2.7142857142857144,4,0,0,0,0,0,0,0,0,0,0.19047619047619047,0.5238095238095238,0.0,1.0,0.0,0.0
CUST000903,25,13290.92,531.6368,2171.04,500.2814066996028,11,9,0,25,25,5,7,34.0,40,2.8,4,0,0,0,0,0,0,0,0,0,0.44,0.36,0.0,1.0,0.0,0.0
CUST000904,18,8147.33,452.62944444444446,3732.31,848.2419432149561,3,8,0,18,18,4,4,33.05555555555556,35,2.611111111111111,3,0,0,0,0,0,0,0,0,0,0.16666666666666666,0.4444444444444444,0.0,1.0,0.0,0.0
CUST000905,33,24520.43,743.0433333333333,3118.21,780.37341639142,4,21,0,33,33,10,7,33.78787878787879,40,2.757575757575758,4,0,0,0,0,0,0,0,0,0,0.12121212121212122,0.6363636363636364,0.0,1.0,0.0,0.0
CUST000906,23,27276.11,1185.9178260869564,9350.32,1983.0032770544517,3,13,0,23,23,6,7,35.0,70,2.782608695652174,5,0,0,0,1,0,0,0,0,0,0.13043478260869565,0.5652173913043478,0.0,1.0,0.043478260869565216,0.0
CUST000907,20,21915.079999999998,1095.754,6654.67,1526.2837545744549,2,10,0,20,20,5,7,34.0,55,2.65,4,0,0,0,0,0,0,0,0,0,0.1,0.5,0.0,1.0,0.0,0.0
CUST000908,22,17488.97,794.9531818181819,4195.31,928.642440444198,4,10,0,22,22,5,5,33.18181818181818,40,2.6363636363636362,4,0,0,0,0,0,0,0,0,0,0.18181818181818182,0.45454545454545453,0.0,1.0,0.0,0.0
CUST000909,24,22970.87,957.1195833333333,4128.19,1089.9210918086608,7,12,0,24,24,7,5,48.958333333333336,55,3.7916666666666665,5,0,0,1,0,0,0,0,0,0,0.2916666666666667,0.5,0.0,1.0,0.0,0.0
CUST000910,25,26737.34,1069.4936,6445.1,1540.8366647995715,5,10,0,25,25,5,5,34.6,55,2.68,4,0,0,0,0,0,0,0,0,0,0.2,0.4,0.0,1.0,0.0,0.0
CUST000911,20,9957.710000000001,497.88550000000004,2220.63,563.5759977563854,5,7,0,20,20,5,5,33.0,40,2.6,4,0,0,0,0,0,0,0,0,0,0.25,0.35,0.0,1.0,0.0,0.0
CUST000912,27,13653.52,505.6859259259259,2506.03,529.9256735274607,7,14,0,27,27,7,5,33.888888888888886,40,2.7777777777777777,4,0,0,0,0,0,0,0,0,0,0.25925925925925924,0.5185185185185185,0.0,1.0,0.0,0.0
CUST000913,24,12036.23,501.5095833333333,3221.87,701.2394979976475,2,10,0,24,24,7,5,32.5,40,2.5,4,0,0,0,0,0,0,0,0,0,0.08333333333333333,0.4166666666666667,0.0,1.0,0.0,0.0
CUST000914,19,10019.800000000001,527.3578947368421,2077.93,610.6280470828461,4,10,0,19,19,7,5,33.68421052631579,40,2.736842105263158,4,0,0,0,0,0,0,0,0,0,0.21052631578947367,0.5263157894736842,0.0,1.0,0.0,0.0
CUST000915,25,23367.86,934.7144000000001,6839.71,1564.460616722475,4,9,0,25,25,6,6,33.4,50,2.56,4,0,0,0,0,0,0,0,0,0,0.16,0.36,0.0,1.0,0.0,0.0
CUST000916,30,39092.009999999995,1303.0669999999998,11672.07,2229.8525991877764,4,16,0,30,30,9,6,34.5,65,2.7333333333333334,4,0,0,0,0,0,0,0,0,0,0.13333333333333333,0.5333333333333333,0.0,1.0,0.0,0.0
CUST000917,30,29225.34,974.178,6042.48,1414.381774941093,6,14,0,30,30,5,9,35.166666666666664,70,2.7666666666666666,5,0,0,0,0,1,0,1,0,0,0.2,0.4666666666666667,0.0,1.0,0.0,0.03333333333333333
CUST000918,19,10593.19,557.5363157894737,2018.56,648.5786319604373,2,8,0,19,19,4,5,32.63157894736842,40,2.526315789473684,4,0,0,0,0,0,0,0,0,0,0.10526315789473684,0.42105263157894735,0.0,1.0,0.0,0.0
CUST000919,21,14519.89,691.4233333333333,3960.19,1023.8056808903403,4,9,0,21,21,7,6,33.095238095238095,40,2.619047619047619,4,0,0,0,0,0,0,0,0,0,0.19047619047619047,0.42857142857142855,0.0,1.0,0.0,0.0
CUST000920,19,13953.42,734.3905263157894,3381.44,1034.5489155745001,2,4,0,19,19,3,3,31.57894736842105,35,2.3157894736842106,3,0,0,0,0,0,0,0,0,0,0.10526315789473684,0.21052631578947367,0.0,1.0,0.0,0.0
CUST000921,17,8820.82,518.8717647058824,2138.14,542.2870127321336,3,9,0,17,17,5,6,33.529411764705884,40,2.7058823529411766,4,0,0,0,0,0,0,0,0,0,0.17647058823529413,0.5294117647058824,0.0,1.0,0.0,0.0
CUST000922,24,16646.649999999998,693.6104166666665,4810.36,1164.419755237249,3,11,0,24,24,6,4,32.916666666666664,40,2.5833333333333335,4,0,0,0,0,0,0,0,0,0,0.125,0.4583333333333333,0.0,1.0,0.0,0.0
CUST000923,24,13092.18,545.5075,1629.16,467.3578149299388,2,11,0,24,24,8,5,32.708333333333336,35,2.5416666666666665,3,0,0,0,0,0,0,0,0,0,0.08333333333333333,0.4583333333333333,0.0,1.0,0.0,0.0
CUST000924,33,21254.64,644.0799999999999,8077.44,1391.9739574970502,7,13,0,33,33,6,7,34.09090909090909,65,2.6666666666666665,4,0,0,0,1,0,0,0,0,0,0.21212121212121213,0.3939393939393939,0.0,1.0,0.030303030303030304,0.0
CUST000925,30,22093.79,736.4596666666667,5853.89,1190.3670426515175,3,18,0,30,30,7,8,34.166666666666664,55,2.7333333333333334,4,0,0,0,0,0,0,0,0,0,0.1,0.6,0.0,1.0,0.0,0.0
CUST000926,26,39064.270000000004,1502.4719230769233,10221.49,2502.8482712382215,6,14,0,26,26,6,8,37.88461538461539,70,3.0,5,0,0,0,0,0,0,0,0,0,0.23076923076923078,0.5384615384615384,0.0,1.0,0.0,0.0
CUST000927,27,10310.05,381.8537037037037,1930.2,436.8552488846422,5,13,0,27,27,8,6,33.333333333333336,40,2.6666666666666665,4,0,0,0,0,0,0,0,0,0,0.18518518518518517,0.48148148148148145,0.0,1.0,0.0,0.0
CUST000928,26,9408.449999999999,361.8634615384615,1961.09,406.49132782820647,9,16,0,26,26,7,9,34.80769230769231,40,2.9615384615384617,4,0,0,0,0,0,0,0,0,0,0.34615384615384615,0.6153846153846154,0.0,1.0,0.0,0.0
CUST000929,14,7833.969999999999,559.5692857142857,1556.04,557.4354187701483,3,6,0,14,14,5,3,33.214285714285715,40,2.642857142857143,4,0,0,0,0,0,0,0,0,0,0.21428571428571427,0.42857142857142855,0.0,1.0,0.0,0.0
CUST000930,18,16481.829999999998,915.6572222222221,7246.23,1679.8721206540258,1,6,0,18,18,4,4,33.05555555555556,55,2.4444444444444446,4,0,0,0,0,0,0,0,0,0,0.05555555555555555,0.3333333333333333,0.0,1.0,0.0,0.0
CUST000931,19,12388.130000000001,652.0068421052632,1874.8,626.0826332491106,3,7,0,19,19,4,5,32.63157894736842,40,2.526315789473684,4,0,0,0,0,0,0,0,0,0,0.15789473684210525,0.3684210526315789,0.0,1.0,0.0,0.0
CUST000932,20,13088.56,654.428,2849.17,794.5569356075782,3,8,0,20,20,7,3,32.75,40,2.55,4,0,0,0,0,0,0,0,0,0,0.15,0.4,0.0,1.0,0.0,0.0
CUST000933,21,13675.35,651.2071428571429,3105.14,800.6985525348654,6,8,0,21,21,5,6,35.476190476190474,50,2.8095238095238093,4,0,0,0,0,0,0,0,0,0,0.2857142857142857,0.38095238095238093,0.0,1.0,0.0,0.0
CUST000934,24,13911.81,579.6587499999999,2204.31,609.2635168671485,1,11,0,24,24,6,5,32.5,35,2.5,3,0,0,0,0,0,0,0,0,0,0.041666666666666664,0.4583333333333333,0.0,1.0,0.0,0.0
CUST000935,19,20814.0,1095.4736842105262,10206.7,2388.5072131429024,2,11,0,19,19,7,3,34.473684210526315,50,2.736842105263158,4,0,0,0,0,0,0,0,0,0,0.10526315789473684,0.5789473684210527,0.0,1.0,0.0,0.0
CUST000936,24,14884.390000000001,620.1829166666668,2767.38,732.354952788422,3,12,0,24,24,7,4,33.125,40,2.625,4,0,0,0,0,0,0,0,0,0,0.125,0.5,0.0,1.0,0.0,0.0
CUST000937,25,22541.39,901.6555999999999,4475.17,1147.439701593218,4,11,0,25,25,6,4,33.0,40,2.6,4,0,0,0,0,0,0,0,0,0,0.16,0.44,0.0,1.0,0.0,0.0
CUST000938,19,26323.31,1385.4373684210527,7466.35,2152.430675349879,6,10,0,19,19,5,5,37.89473684210526,70,3.0526315789473686,5,0,0,0,0,0,0,0,0,0,0.3157894736842105,0.5263157894736842,0.0,1.0,0.0,0.0
CUST000939,24,14617.61,609.0670833333334,2913.57,692.0820505105946,4,9,0,24,24,4,5,42.708333333333336,50,3.5416666666666665,5,1,0,0,0,0,0,0,0,0,0.16666666666666666,0.375,0.0,1.0,0.0,0.0
CUST000940,15,8506.53,567.1020000000001,3357.4,860.1827278234051,4,8,0,15,15,5,4,34.0,40,2.8,4,0,0,0,0,0,0,0,0,0,0.26666666666666666,0.5333333333333333,0.0,1.0,0.0,0.0
CUST000941,30,14513.34,483.778,3021.19,618.6093995874384,7,10,0,30,30,6,7,32.833333333333336,40,2.566666666666667,4,0,0,0,0,0,0,0,0,0,0.23333333333333334,0.3333333333333333,0.0,1.0,0.0,0.0
CUST000942,28,20692.85,739.030357142857,12021.63,2235.102240746216,3,14,0,28,28,7,6,33.75,55,2.642857142857143,4,0,0,0,0,0,0,0,0,0,0.10714285714285714,0.5,0.0,1.0,0.0,0.0
CUST000943,27,15806.230000000001,585.415925925926,2522.82,627.457044979417,3,11,0,27,27,6,6,32.592592592592595,40,2.5185185185185186,4,0,0,0,0,0,0,0,0,0,0.1111111111111111,0.4074074074074074,0.0,1.0,0.0,0.0
CUST000944,21,24056.81,1145.562380952381,7381.57,1668.0800689382534,0,14,0,21,21,7,5,34.285714285714285,55,2.7142857142857144,4,0,0,0,0,0,0,0,0,0,0.0,0.6666666666666666,0.0,1.0,0.0,0.0
CUST000945,29,17503.52,603.5696551724138,5062.6,940.1763832596322,3,12,0,29,29,6,5,33.275862068965516,55,2.5517241379310347,4,0,0,0,0,0,0,0,0,0,0.10344827586206896,0.41379310344827586,0.0,1.0,0.0,0.0
CUST000946,27,10711.72,396.73037037037034,2745.34,529.749198158768,7,14,0,27,27,6,9,83.88888888888889,90,3.7777777777777777,5,0,1,0,0,0,0,0,0,0,0.25925925925925924,0.5185185185185185,0.0,1.0,0.0,0.0
CUST000947,21,11335.85,539.802380952381,1417.43,408.89220451,3,10,0,21,21,6,5,48.095238095238095,55,3.619047619047619,5,0,0,1,0,0,0,0,0,0,0.14285714285714285,0.47619047619047616,0.0,1.0,0.0,0.0
CUST000948,22,19963.93,907.4513636363637,5077.97,1252.9510551505252,4,11,0,22,22,6,5,34.31818181818182,55,2.727272727272727,4,0,0,0,0,0,0,0,0,0,0.18181818181818182,0.5,0.0,1.0,0.0,0.0
CUST000949,27,17480.39,647.4218518518518,3033.53,835.2259306965854,4,16,0,27,27,8,8,33.7037037037037,40,2.740740740740741,4,0,0,0,0,0,0,0,0,0,0.14814814814814814,0.5925925925925926,0.0,1.0,0.0,0.0
CUST000950,29,25679.68,885.5062068965517,7293.26,1546.4913347418171,6,15,0,29,29,6,8,34.310344827586206,50,2.7586206896551726,4,0,0,0,0,0,0,0,0,0,0.20689655172413793,0.5172413793103449,0.0,1.0,0.0,0.0
CUST000951,26,22203.05,853.9634615384615,5304.53,1154.3823137763063,6,9,0,26,26,4,5,34.23076923076923,65,2.6538461538461537,4,0,0,0,0,0,0,0,0,0,0.23076923076923078,0.34615384615384615,0.0,1.0,0.0,0.0
CUST000952,33,26192.55,793.7136363636364,6349.44,1244.3542736014183,3,19,0,33,33,10,8,33.93939393939394,50,2.696969696969697,4,0,0,0,0,0,0,0,0,0,0.09090909090909091,0.5757575757575758,0.0,1.0,0.0,0.0
CUST000953,24,14119.16,588.2983333333333,3776.1,793.2891665643781,2,10,0,24,24,6,7,32.5,35,2.5,3,0,0,0,0,0,0,0,0,0,0.08333333333333333,0.4166666666666667,0.0,1.0,0.0,0.0
CUST000954,21,10847.15,516.5309523809524,2281.11,491.10459380772204,5,11,0,21,21,5,5,48.80952380952381,55,3.761904761904762,5,0,0,1,0,0,0,0,0,0,0.23809523809523808,0.5238095238095238,0.0,1.0,0.0,0.0
CUST000955,17,15731.1,925.3588235294118,5503.27,1336.919721289775,4,11,0,17,17,6,6,35.588235294117645,50,2.9411764705882355,4,0,0,0,0,0,0,0,0,0,0.23529411764705882,0.6470588235294118,0.0,1.0,0.0,0.0
CUST000956,30,21854.989999999998,728.4996666666666,4756.82,1004.2541622087897,7,14,0,30,30,6,8,33.5,40,2.7,4,0,0,0,0,0,0,0,0,0,0.23333333333333334,0.4666666666666667,0.0,1.0,0.0,0.0
CUST000957,27,16301.300000000001,603.7518518518519,2383.88,554.3188038417898,1,13,0,27,27,6,6,32.592592592592595,40,2.5185185185185186,4,0,0,0,0,0,0,0,0,0,0.037037037037037035,0.48148148148148145,0.0,1.0,0.0,0.0
CUST000958,19,29330.649999999998,1543.7184210526314,9788.85,2700.7611322001294,2,10,0,19,19,5,8,36.8421052631579,70,2.8421052631578947,5,0,0,0,2,0,0,0,0,0,0.10526315789473684,0.5263157894736842,0.0,1.0,0.10526315789473684,0.0
CUST000959,28,25297.29,903.4746428571428,5515.54,1229.1339942007412,4,12,0,28,28,6,7,33.57142857142857,50,2.607142857142857,4,0,0,0,0,0,0,0,0,0,0.14285714285714285,0.42857142857142855,0.0,1.0,0.0,0.0
CUST000960,24,19396.39,808.1829166666666,3253.94,960.9402768370388,6,12,0,24,24,6,8,48.75,55,3.75,5,0,0,1,0,0,0,0,0,0,0.25,0.5,0.0,1.0,0.0,0.0
CUST000961,21,8788.86,418.51714285714286,1837.32,401.3906972407664,3,7,0,21,21,6,4,32.38095238095238,40,2.4761904761904763,4,0,0,0,0,0,0,0,0,0,0.14285714285714285,0.3333333333333333,0.0,1.0,0.0,0.0
CUST000962,25,18800.82,752.0328,6514.71,1281.714418596306,5,13,0,25,25,8,4,34.4,50,2.76,4,0,0,0,0,0,0,0,0,0,0.2,0.52,0.0,1.0,0.0,0.0
CUST000963,31,26426.15,852.4564516129033,8550.49,1670.9520018750757,8,13,0,31,31,7,7,34.516129032258064,65,2.7419354838709675,4,0,0,0,1,0,0,0,0,0,0.25806451612903225,0.41935483870967744,0.0,1.0,0.03225806451612903,0.0
CUST000964,27,17793.54,659.02,3561.78,832.3472702867754,4,15,0,27,27,6,7,33.51851851851852,40,2.7037037037037037,4,0,0,0,0,0,0,0,0,0,0.14814814814814814,0.5555555555555556,0.0,1.0,0.0,0.0
CUST000965,30,19706.52,656.884,3232.41,804.821532629097,9,16,0,30,30,9,6,34.166666666666664,40,2.8333333333333335,4,0,0,0,0,0,0,0,0,0,0.3,0.5333333333333333,0.0,1.0,0.0,0.0
CUST000966,28,11270.53,402.5189285714286,1462.88,386.41300437570857,5,17,0,28,28,8,8,33.92857142857143,40,2.7857142857142856,4,0,0,0,0,0,0,0,0,0,0.17857142857142858,0.6071428571428571,0.0,1.0,0.0,0.0
CUST000967,24,12619.14,525.7975,4040.41,852.0079593690781,1,12,0,24,24,5,5,32.708333333333336,40,2.5416666666666665,4,0,0,0,0,0,0,0,0,0,0.041666666666666664,0.5,0.0,1.0,0.0,0.0
CUST000968,31,14008.58,451.8896774193548,3691.75,655.5970211366322,6,19,0,31,31,7,7,34.03225806451613,40,2.806451612903226,4,0,0,0,0,0,0,0,0,0,0.1935483870967742,0.6129032258064516,0.0,1.0,0.0,0.0
CUST000969,21,7952.33,378.6823809523809,1138.01,280.5046071975425,8,13,0,21,21,6,5,35.0,40,3.0,4,0,0,0,0,0,0,0,0,0,0.38095238095238093,0.6190476190476191,0.0,1.0,0.0,0.0
CUST000970,29,19425.48,669.8441379310344,4358.7,1012.9605973739878,9,14,0,29,29,8,4,33.96551724137931,40,2.793103448275862,4,0,0,0,0,0,0,0,0,0,0.3103448275862069,0.4827586206896552,0.0,1.0,0.0,0.0
CUST000971,12,8745.74,728.8116666666666,1849.31,713.554294179794,2,4,0,12,12,4,4,32.5,35,2.5,3,0,0,0,0,0,0,0,0,0,0.16666666666666666,0.3333333333333333,0.0,1.0,0.0,0.0
CUST000972,29,17037.23,587.4906896551724,3268.24,780.1571471776468,3,23,0,29,29,11,8,34.48275862068966,40,2.896551724137931,4,0,0,0,0,0,0,0,0,0,0.10344827586206896,0.7931034482758621,0.0,1.0,0.0,0.0
CUST000973,27,25461.64,943.0237037037036,3193.97,944.3354466874417,3,16,0,27,27,5,8,33.51851851851852,40,2.7037037037037037,4,0,0,0,0,0,0,0,0,0,0.1111111111111111,0.5925925925925926,0.0,1.0,0.0,0.0
CUST000974,23,28052.43,1219.6708695652173,5659.62,1467.16142578082,3,11,0,23,23,5,6,43.91304347826087,65,3.652173913043478,5,1,0,0,0,0,0,0,0,0,0.13043478260869565,0.4782608695652174,0.0,1.0,0.0,0.0
CUST000975,28,30056.45,1073.444642857143,15558.81,2908.648922763361,6,12,0,28,28,6,7,34.464285714285715,70,2.7142857142857144,5,0,0,0,0,0,0,0,0,0,0.21428571428571427,0.42857142857142855,0.0,1.0,0.0,0.0
CUST000976,27,18017.04,667.2977777777778,3299.58,750.3549892311655,2,10,0,27,27,7,4,32.22222222222222,40,2.4444444444444446,4,0,0,0,0,0,0,0,0,0,0.07407407407407407,0.37037037037037035,0.0,1.0,0.0,0.0
CUST000977,19,18172.46,956.4452631578947,10045.25,2224.93431902649,4,13,0,19,19,7,6,36.31578947368421,70,3.0,5,0,0,0,0,0,0,0,0,0,0.21052631578947367,0.6842105263157895,0.0,1.0,0.0,0.0
CUST000978,19,21849.62,1149.98,4701.43,1405.0741568646436,2,9,0,19,19,5,5,42.89473684210526,50,3.5789473684210527,5,1,0,0,0,0,0,0,0,0,0.10526315789473684,0.47368421052631576,0.0,1.0,0.0,0.0
CUST000979,17,8584.15,504.95,2139.47,592.1683429988469,6,10,0,17,17,4,7,44.705882352941174,50,3.9411764705882355,5,1,0,0,0,0,0,0,0,0,0.35294117647058826,0.5882352941176471,0.0,1.0,0.0,0.0
CUST000980,21,10364.460000000001,493.5457142857143,2184.61,522.4475157522661,1,7,0,21,21,5,3,31.904761904761905,35,2.380952380952381,3,0,0,0,0,0,0,0,0,0,0.047619047619047616,0.3333333333333333,0.0,1.0,0.0,0.0
CUST000981,22,10857.07,493.5031818181818,1403.35,390.9822224236016,5,12,0,22,22,7,6,33.86363636363637,40,2.772727272727273,4,0,0,0,0,0,0,0,0,0,0.22727272727272727,0.5454545454545454,0.0,1.0,0.0,0.0
CUST000982,18,8619.16,478.84222222222223,1566.42,464.32072370868764,3,12,0,18,18,7,6,34.166666666666664,40,2.8333333333333335,4,0,0,0,0,0,0,0,0,0,0.16666666666666666,0.6666666666666666,0.0,1.0,0.0,0.0
CUST000983,19,17212.95,905.9447368421053,3642.62,1178.8211433479185,3,13,0,19,19,4,7,44.21052631578947,50,3.8421052631578947,5,1,0,0,0,0,0,0,0,0,0.15789473684210525,0.6842105263157895,0.0,1.0,0.0,0.0
CUST000984,23,10676.890000000001,464.21260869565225,1884.66,441.2991460059862,10,14,0,23,23,8,4,35.21739130434783,40,3.0434782608695654,4,0,0,0,0,0,0,0,0,0,0.43478260869565216,0.6086956521739131,0.0,1.0,0.0,0.0
CUST000985,32,29217.56,913.04875,3567.06,919.890020304847,6,12,0,32,32,10,4,32.8125,40,2.5625,4,0,0,0,0,0,0,0,0,0,0.1875,0.375,0.0,1.0,0.0,0.0
CUST000986,28,18577.49,663.4817857142858,2885.6,653.5126270312501,3,15,0,28,28,9,5,33.214285714285715,40,2.642857142857143,4,0,0,0,0,0,0,0,0,0,0.10714285714285714,0.5357142857142857,0.0,1.0,0.0,0.0
CUST000987,27,15826.59,586.17,2222.96,600.8672265023408,4,18,0,27,27,8,7,34.074074074074076,40,2.814814814814815,4,0,0,0,0,0,0,0,0,0,0.14814814814814814,0.6666666666666666,0.0,1.0,0.0,0.0
CUST000988,26,8625.13,331.7357692307692,1807.25,376.32582732704464,6,15,0,26,26,5,7,34.03846153846154,40,2.8076923076923075,4,0,0,0,0,0,0,0,0,0,0.23076923076923078,0.5769230769230769,0.0,1.0,0.0,0.0
CUST000989,13,6660.11,512.3161538461538,1173.57,338.1530252597301,3,5,0,0,13,2,5,13.076923076923077,20,1.6153846153846154,3,0,0,0,0,0,0,0,0,0,0.23076923076923078,0.38461538461538464,0.0,0.0,0.0,0.0
CUST000990,22,9045.56,411.16181818181815,1718.17,434.1892980260411,3,11,0,22,22,6,6,33.18181818181818,40,2.6363636363636362,4,0,0,0,0,0,0,0,0,0,0.13636363636363635,0.5,0.0,1.0,0.0,0.0
CUST000991,25,13223.79,528.9516,1791.08,470.29795922088937,3,16,0,25,25,8,8,33.8,40,2.76,4,0,0,0,0,0,0,0,0,0,0.12,0.64,0.0,1.0,0.0,0.0
CUST000992,19,19547.46,1028.8136842105262,4625.7,1114.686075016492,1,10,0,0,19,2,7,12.894736842105264,20,1.5789473684210527,3,0,0,0,0,0,0,0,0,0,0.05263157894736842,0.5263157894736842,0.0,0.0,0.0,0.0
CUST000993,18,14197.57,788.7538888888889,3023.35,712.9153552770969,2,8,0,18,18,6,7,32.77777777777778,35,2.5555555555555554,3,0,0,0,0,0,0,0,0,0,0.1111111111111111,0.4444444444444444,0.0,1.0,0.0,0.0
CUST000994,23,9866.64,428.98434782608695,1743.58,398.0080124573338,4,12,0,23,23,6,8,33.47826086956522,40,2.6956521739130435,4,0,0,0,0,0,0,0,0,0,0.17391304347826086,0.5217391304347826,0.0,1.0,0.0,0.0
CUST000995,16,7702.76,481.4225,1320.24,388.8960082164211,5,12,0,16,16,6,5,35.3125,40,3.0625,4,0,0,0,0,0,0,0,0,0,0.3125,0.75,0.0,1.0,0.0,0.0
CUST000996,25,19265.85,770.6339999999999,2751.81,733.7447825481737,3,20,0,25,25,8,6,34.6,40,2.92,4,0,0,0,0,0,0,0,0,0,0.12,0.8,0.0,1.0,0.0,0.0
CUST000997,21,13421.0,639.0952380952381,2796.83,742.5047484805673,3,11,0,21,21,7,5,33.333333333333336,40,2.6666666666666665,4,0,0,0,0,0,0,0,0,0,0.14285714285714285,0.5238095238095238,0.0,1.0,0.0,0.0
CUST000998,21,9562.15,455.3404761904762,2248.71,613.4052368824069,5,15,0,21,21,7,6,34.76190476190476,40,2.9523809523809526,4,0,0,0,0,0,0,0,0,0,0.23809523809523808,0.7142857142857143,0.0,1.0,0.0,0.0
CUST000999,24,16257.619999999999,677.4008333333333,3737.41,949.4161547013887,1,9,0,24,24,5,5,32.083333333333336,40,2.4166666666666665,4,0,0,0,0,0,0,0,0,0,0.041666666666666664,0.375,0.0,1.0,0.0,0.0
CUST001000,16,11753.92,734.62,2825.05,818.9449103897852,4,9,0,16,16,5,5,34.0625,40,2.8125,4,0,0,0,0,0,0,0,0,0,0.25,0.5625,0.0,1.0,0.0,0.0
CUST001001,23,11632.38,505.755652173913,2550.58,650.4678574046536,5,7,0,23,23,5,3,32.608695652173914,40,2.5217391304347827,4,0,0,0,0,0,0,0,0,0,0.21739130434782608,0.30434782608695654,0.0,1.0,0.0,0.0
CUST001002,27,21896.34,810.9755555555556,10569.25,2056.0480852415985,8,19,0,27,27,10,9,36.2962962962963,75,3.074074074074074,6,0,0,0,0,0,0,0,0,0,0.2962962962962963,0.7037037037037037,0.0,1.0,0.0,0.0
CUST001003,21,11314.300000000001,538.7761904761905,4784.18,1058.4021745795699,2,8,0,21,21,4,3,82.38095238095238,90,3.4761904761904763,5,0,1,0,0,0,0,0,0,0,0.09523809523809523,0.38095238095238093,0.0,1.0,0.0,0.0
CUST001004,26,19021.89,731.6111538461538,2633.22,786.2422788648645,2,11,0,26,26,8,5,32.5,35,2.5,3,0,0,0,0,0,0,0,0,0,0.07692307692307693,0.4230769230769231,0.0,1.0,0.0,0.0
CUST001005,29,16544.09,570.4858620689655,2687.6,645.0883907348181,5,11,0,29,29,6,5,32.758620689655174,40,2.5517241379310347,4,0,0,0,0,0,0,0,0,0,0.1724137931034483,0.3793103448275862,0.0,1.0,0.0,0.0
CUST001006,18,16434.4,913.0222222222224,2568.03,925.3498948000891,7,7,0,18,18,5,4,33.888888888888886,40,2.7777777777777777,4,0,0,0,0,0,0,0,0,0,0.3888888888888889,0.3888888888888889,0.0,1.0,0.0,0.0
CUST001007,23,23351.46,1015.2808695652174,5389.62,1432.7206961610837,6,10,0,23,23,7,5,34.34782608695652,50,2.739130434782609,4,0,0,0,0,0,0,0,0,0,0.2608695652173913,0.43478260869565216,0.0,1.0,0.0,0.0
CUST001008,26,26603.45,1023.2096153846154,3545.71,1125.0480521488164,7,13,0,26,25,9,6,33.84615384615385,40,2.769230769230769,4,0,0,0,0,0,0,0,0,0,0.2692307692307692,0.5,0.0,1.0,0.0,0.0
CUST001009,14,13560.98,968.6414285714285,4874.75,1294.7354035766248,6,6,0,14,14,5,5,49.285714285714285,55,3.857142857142857,5,0,0,1,0,0,0,0,0,0,0.42857142857142855,0.42857142857142855,0.0,1.0,0.0,0.0
CUST001010,22,10253.85,466.08409090909095,1553.62,440.6448608752867,3,9,0,22,22,4,6,32.72727272727273,40,2.5454545454545454,4,0,0,0,0,0,0,0,0,0,0.13636363636363635,0.4090909090909091,0.0,1.0,0.0,0.0
CUST001011,28,10587.789999999999,378.1353571428571,2800.12,539.0047176353848,7,14,0,28,28,6,7,33.75,40,2.75,4,0,0,0,0,0,0,0,0,0,0.25,0.5,0.0,1.0,0.0,0.0
CUST001012,17,7504.38,441.4341176470588,1641.19,449.40284182260723,1,10,0,17,17,6,7,33.23529411764706,35,2.6470588235294117,3,0,0,0,0,0,0,0,0,0,0.058823529411764705,0.5882352941176471,0.0,1.0,0.0,0.0
CUST001013,24,22045.79,918.5745833333334,8830.98,1895.8965582747599,5,12,0,24,24,7,6,35.0,65,2.7916666666666665,4,0,0,0,1,0,0,0,0,0,0.20833333333333334,0.5,0.0,1.0,0.041666666666666664,0.0
CUST001014,31,27222.86,878.1567741935484,5956.42,1318.424066900548,9,18,0,31,31,9,6,35.0,55,2.903225806451613,4,0,0,0,0,0,0,0,0,0,0.2903225806451613,0.5806451612903226,0.0,1.0,0.0,0.0
CUST001015,23,14987.24,651.6191304347826,5161.47,1081.0023474321204,8,9,0,23,23,3,5,34.56521739130435,60,2.782608695652174,5,0,0,0,0,0,0,0,0,0,0.34782608695652173,0.391304347826087,0.0,1.0,0.0,0.0
CUST001016,19,8203.22,431.74842105263156,2509.39,573.1604533274077,2,10,0,19,19,6,6,33.1578947368421,40,2.6315789473684212,4,0,0,0,0,0,0,0,0,0,0.10526315789473684,0.5263157894736842,0.0,1.0,0.0,0.0
CUST001017,20,14399.92,719.996,2193.98,644.8558681996923,1,9,0,20,20,6,5,32.5,40,2.5,4,0,0,0,0,0,0,0,0,0,0.05,0.45,0.0,1.0,0.0,0.0
CUST001018,21,13413.01,638.7147619047619,2717.89,653.4059278168437,4,10,0,21,21,5,6,33.333333333333336,40,2.6666666666666665,4,0,0,0,0,0,0,0,0,0,0.19047619047619047,0.47619047619047616,0.0,1.0,0.0,0.0
CUST001019,24,29341.89,1222.57875,9365.17,2002.3385131571242,4,14,0,24,24,6,7,50.208333333333336,80,3.8333333333333335,5,0,0,1,1,0,0,0,0,0,0.16666666666666666,0.5833333333333334,0.0,1.0,0.041666666666666664,0.0
CUST001020,23,17154.02,745.8269565217391,3835.39,974.0849678844746,6,10,0,23,23,6,7,33.47826086956522,40,2.6956521739130435,4,0,0,0,0,0,0,0,0,0,0.2608695652173913,0.43478260869565216,0.0,1.0,0.0,0.0
CUST001021,15,10308.23,687.2153333333333,2949.61,910.9333412876729,2,6,0,15,15,5,4,32.666666666666664,35,2.533333333333333,3,0,0,0,0,0,0,0,0,0,0.13333333333333333,0.4,0.0,1.0,0.0,0.0
CUST001022,17,9518.54,559.9141176470589,1493.99,429.26413844011626,2,10,0,17,17,5,7,33.529411764705884,40,2.7058823529411766,4,0,0,0,0,0,0,0,0,0,0.11764705882352941,0.5882352941176471,0.0,1.0,0.0,0.0
CUST001023,25,17252.25,690.09,2606.62,653.9474304305099,2,15,0,25,25,6,6,33.4,40,2.68,4,0,0,0,0,0,0,0,0,0,0.08,0.6,0.0,1.0,0.0,0.0
CUST001024,17,25250.02,1485.295294117647,7999.32,2132.110153615772,2,6,0,17,17,4,5,34.705882352941174,50,2.588235294117647,3,0,0,0,0,0,0,0,0,0,0.11764705882352941,0.35294117647058826,0.0,1.0,0.0,0.0
CUST001025,16,12750.0,796.875,3117.58,981.3433747538796,4,5,0,16,16,5,5,32.8125,40,2.5625,4,0,0,0,0,0,0,0,0,0,0.25,0.3125,0.0,1.0,0.0,0.0
CUST001026,20,20343.48,1017.174,8960.63,2019.2118028692075,1,10,0,20,20,5,6,34.5,65,2.65,4,0,0,0,1,0,0,0,0,0,0.05,0.5,0.0,1.0,0.05,0.0
CUST001027,25,11246.37,449.8548,3324.09,670.4033515362227,2,12,0,25,25,5,7,32.8,40,2.56,4,0,0,0,0,0,0,0,0,0,0.08,0.48,0.0,1.0,0.0,0.0
CUST001028,11,10782.04,980.1854545454546,4847.39,1454.2386754406148,2,4,0,11,11,3,3,32.72727272727273,40,2.5454545454545454,4,0,0,0,0,0,0,0,0,0,0.18181818181818182,0.36363636363636365,0.0,1.0,0.0,0.0
CUST001029,23,11294.66,491.07217391304346,1955.45,497.33090196071595,4,15,0,23,23,6,8,34.130434782608695,40,2.8260869565217392,4,0,0,0,0,0,0,0,0,0,0.17391304347826086,0.6521739130434783,0.0,1.0,0.0,0.0
CUST001030,28,16282.38,581.5135714285714,4281.45,935.4860788924585,7,13,0,28,28,6,6,33.57142857142857,40,2.7142857142857144,4,0,0,0,0,0,0,0,0,0,0.25,0.4642857142857143,0.0,1.0,0.0,0.0
CUST001031,17,7510.47,441.7923529411765,1347.34,424.15583339925627,3,10,0,17,17,6,8,33.8235294117647,40,2.764705882352941,4,0,0,0,0,0,0,0,0,0,0.17647058823529413,0.5882352941176471,0.0,1.0,0.0,0.0
CUST001032,11,5059.4,459.94545454545454,1257.2,398.2593464154642,2,7,0,11,11,3,6,34.09090909090909,40,2.8181818181818183,4,0,0,0,0,0,0,0,0,0,0.18181818181818182,0.6363636363636364,0.0,1.0,0.0,0.0
CUST001033,30,20849.07,694.9689999999999,3328.88,985.761740267306,4,16,0,30,30,6,7,33.333333333333336,40,2.6666666666666665,4,0,0,0,0,0,0,0,0,0,0.13333333333333333,0.5333333333333333,0.0,1.0,0.0,0.0
CUST001034,24,34207.21,1425.3004166666667,7688.06,2177.0832347901096,3,7,0,24,24,5,3,33.75,55,2.5,4,0,0,0,0,0,0,0,0,0,0.125,0.2916666666666667,0.0,1.0,0.0,0.0
CUST001035,23,17682.11,768.7873913043478,2355.2,720.6379252516947,3,15,0,23,23,4,10,33.91304347826087,40,2.782608695652174,4,0,0,0,0,0,0,0,0,0,0.13043478260869565,0.6521739130434783,0.0,1.0,0.0,0.0
CUST001036,14,8682.64,620.1885714285714,3689.41,999.1807705612337,1,6,0,14,14,5,5,32.5,35,2.5,3,0,0,0,0,0,0,0,0,0,0.07142857142857142,0.42857142857142855,0.0,1.0,0.0,0.0
CUST001037,27,9955.85,368.7351851851852,1858.22,430.5320562653608,5,12,0,27,27,7,6,33.148148148148145,40,2.6296296296296298,4,0,0,0,0,0,0,0,0,0,0.18518518518518517,0.4444444444444444,0.0,1.0,0.0,0.0
CUST001038,29,30181.96,1040.7572413793102,5590.41,1435.9221663842186,7,10,0,29,29,5,5,33.62068965517241,50,2.6206896551724137,4,0,0,0,0,0,0,0,0,0,0.2413793103448276,0.3448275862068966,0.0,1.0,0.0,0.0
CUST001039,26,16822.43,647.0165384615385,4385.58,1065.274127236524,2,9,0,26,26,5,4,32.11538461538461,35,2.423076923076923,3,0,0,0,0,0,0,0,0,0,0.07692307692307693,0.34615384615384615,0.0,1.0,0.0,0.0
CUST001040,28,14479.34,517.1192857142858,1940.07,517.6300501819062,7,10,0,28,28,7,3,33.035714285714285,40,2.607142857142857,4,0,0,0,0,0,0,0,0,0,0.25,0.35714285714285715,0.0,1.0,0.0,0.0
CUST001041,24,23509.29,979.55375,5283.94,1293.1628831391674,4,12,0,24,24,9,6,34.166666666666664,50,2.7083333333333335,4,0,0,0,0,0,0,0,0,0,0.16666666666666666,0.5,0.0,1.0,0.0,0.0
CUST001042,27,19417.26,719.1577777777777,3481.96,785.6216530989639,5,12,0,27,27,5,7,33.148148148148145,35,2.6296296296296298,3,0,0,0,0,0,0,0,0,0,0.18518518518518517,0.4444444444444444,0.0,1.0,0.0,0.0
CUST001043,26,12424.0,477.84615384615387,1670.18,424.3199013487529,3,13,0,26,26,4,5,33.07692307692308,40,2.6153846153846154,4,0,0,0,0,0,0,0,0,0,0.11538461538461539,0.5,0.0,1.0,0.0,0.0
CUST001044,22,11814.72,537.0327272727272,2559.78,643.0824089395122,3,7,0,22,22,5,5,32.27272727272727,40,2.4545454545454546,4,0,0,0,0,0,0,0,0,0,0.13636363636363635,0.3181818181818182,0.0,1.0,0.0,0.0
CUST001045,22,15327.47,696.7031818181817,2675.92,766.6453629341544,5,8,0,22,22,8,3,32.95454545454545,40,2.590909090909091,4,0,0,0,0,0,0,0,0,0,0.22727272727272727,0.36363636363636365,0.0,1.0,0.0,0.0
CUST001046,25,24897.030000000002,995.8812000000001,4329.39,1200.3969796325716,5,9,0,25,25,5,4,32.8,40,2.56,4,0,0,0,0,0,0,0,0,0,0.2,0.36,0.0,1.0,0.0,0.0
CUST001047,30,26830.56,894.3520000000001,2686.83,811.3736139641475,7,13,0,30,30,8,7,33.333333333333336,40,2.6666666666666665,4,0,0,0,0,0,0,0,0,0,0.23333333333333334,0.43333333333333335,0.0,1.0,0.0,0.0
CUST001048,26,20723.71,797.0657692307692,6369.54,1284.7519863916866,3,13,0,26,26,8,7,33.84615384615385,55,2.6538461538461537,4,0,0,0,0,0,0,0,0,0,0.11538461538461539,0.5,0.0,1.0,0.0,0.0
CUST001049,33,35080.23,1063.037272727273,8143.1,2090.760403044597,9,17,0,33,33,8,8,36.21212121212121,70,2.909090909090909,5,0,0,0,1,0,0,0,0,0,0.2727272727272727,0.5151515151515151,0.0,1.0,0.030303030303030304,0.0
CUST001050,20,58575.530000000006,2928.7765000000004,49642.54,11008.060952427102,3,8,0,20,20,4,7,35.0,80,2.7,6,0,0,0,0,0,0,0,0,0,0.15,0.4,0.0,1.0,0.0,0.0
CUST001051,19,12596.38,662.9673684210526,3568.22,985.7924292378644,4,11,0,19,19,6,6,33.94736842105263,40,2.789473684210526,4,0,0,0,0,0,0,0,0,0,0.21052631578947367,0.5789473684210527,0.0,1.0,0.0,0.0
CUST001052,17,8720.960000000001,512.9976470588235,1415.27,491.8560068446024,4,9,0,17,17,9,3,33.8235294117647,40,2.764705882352941,4,0,0,0,0,0,0,0,0,0,0.23529411764705882,0.5294117647058824,0.0,1.0,0.0,0.0
CUST001053,25,11408.78,456.3512,3022.44,652.9851071318549,6,15,0,25,25,9,6,34.2,40,2.84,4,0,0,0,0,0,0,0,0,0,0.24,0.6,0.0,1.0,0.0,0.0
CUST001054,14,7384.4800000000005,527.4628571428572,3573.86,913.0751508411105,2,9,0,14,14,3,5,33.92857142857143,40,2.7857142857142856,4,0,0,0,0,0,0,0,0,0,0.14285714285714285,0.6428571428571429,0.0,1.0,0.0,0.0
CUST001055,25,24028.35,961.1339999999999,6345.07,1640.4966541772242,3,13,0,25,25,9,4,34.0,55,2.68,4,0,0,0,0,0,0,0,0,0,0.12,0.52,0.0,1.0,0.0,0.0
CUST001056,30,32407.76,1080.2586666666666,8896.09,1732.4266791207056,4,9,0,30,29,4,6,33.333333333333336,70,2.5,5,0,0,0,1,0,0,0,0,0,0.13333333333333333,0.3,0.0,1.0,0.03333333333333333,0.0
CUST001057,26,10831.24,416.5861538461538,1170.63,331.20816940500634,7,12,0,26,25,6,7,33.65384615384615,40,2.730769230769231,4,0,0,0,0,0,0,0,0,0,0.2692307692307692,0.46153846153846156,0.0,1.0,0.0,0.0
CUST001058,20,13692.37,684.6185,2645.36,857.0997430273981,4,5,0,20,20,5,5,32.25,40,2.45,4,0,0,0,0,0,0,0,0,0,0.2,0.25,0.0,1.0,0.0,0.0
CUST001059,30,14913.93,497.13100000000003,2509.31,534.5321173496274,3,17,0,30,30,8,8,33.333333333333336,40,2.6666666666666665,4,0,0,0,0,0,0,0,0,0,0.1,0.5666666666666667,0.0,1.0,0.0,0.0
CUST001060,24,10896.630000000001,454.02625000000006,2214.35,512.5569064721327,4,10,0,24,24,8,5,32.916666666666664,35,2.5833333333333335,3,0,0,0,0,0,0,0,0,0,0.16666666666666666,0.4166666666666667,0.0,1.0,0.0,0.0
CUST001061,25,37481.28,1499.2512,10064.17,2487.243053458521,5,14,0,25,25,9,5,36.2,60,2.88,5,0,0,0,0,0,0,0,0,0,0.2,0.56,0.0,1.0,0.0,0.0
CUST001062,24,16863.41,702.6420833333333,2702.64,669.9280707397147,2,10,0,24,24,5,6,32.5,40,2.5,4,0,0,0,0,0,0,0,0,0,0.08333333333333333,0.4166666666666667,0.0,1.0,0.0,0.0
CUST001063,19,11172.16,588.0084210526315,4357.58,948.6523879943423,3,5,0,19,19,6,4,32.10526315789474,40,2.4210526315789473,4,0,0,0,0,0,0,0,0,0,0.15789473684210525,0.2631578947368421,0.0,1.0,0.0,0.0
CUST001064,26,38328.53,1474.1742307692307,10591.46,2730.9348025526688,4,15,0,26,26,5,8,36.73076923076923,60,2.8846153846153846,5,0,0,0,0,0,0,0,0,0,0.15384615384615385,0.5769230769230769,0.0,1.0,0.0,0.0
CUST001065,29,12514.65,431.5396551724138,1959.3,388.2565585177148,4,14,0,29,29,6,5,33.10344827586207,40,2.6206896551724137,4,0,0,0,0,0,0,0,0,0,0.13793103448275862,0.4827586206896552,0.0,1.0,0.0,0.0
CUST001066,22,14524.300000000001,660.1954545454546,6339.02,1340.4784303222891,3,14,0,22,22,6,8,34.77272727272727,55,2.8181818181818183,4,0,0,0,0,0,0,0,0,0,0.13636363636363635,0.6363636363636364,0.0,1.0,0.0,0.0
CUST001067,21,42969.2,2046.1523809523808,33665.72,7255.381001595923,2,13,0,21,21,7,6,35.714285714285715,80,2.857142857142857,6,0,0,0,0,0,0,0,0,0,0.09523809523809523,0.6190476190476191,0.0,1.0,0.0,0.0
CUST001068,20,9601.23,480.06149999999997,1428.65,429.34341329492514,3,9,0,20,20,6,6,33.0,35,2.6,3,0,0,0,0,0,0,0,0,0,0.15,0.45,0.0,1.0,0.0,0.0
CUST001069,25,13115.05,524.602,1522.63,408.3332796054387,4,14,0,25,25,9,5,33.6,35,2.72,3,0,0,0,0,0,0,0,0,0,0.16,0.56,0.0,1.0,0.0,0.0
CUST001070,15,14943.25,996.2166666666667,10317.49,2612.253144560585,5,8,0,15,15,4,4,61.666666666666664,95,5.0,7,1,0,1,0,0,0,0,0,0,0.3333333333333333,0.5333333333333333,0.0,1.0,0.0,0.0
CUST001071,23,16508.75,717.7717391304348,3297.4,735.5255837256917,1,10,0,23,23,6,6,42.391304347826086,45,3.4782608695652173,4,1,0,0,0,0,0,0,0,0,0.043478260869565216,0.43478260869565216,0.0,1.0,0.0,0.0
CUST001072,24,13856.92,577.3716666666667,5150.25,1026.9907053669692,1,13,0,24,24,8,6,33.75,50,2.625,3,0,0,0,0,0,0,0,0,0,0.041666666666666664,0.5416666666666666,0.0,1.0,0.0,0.0
CUST001073,20,10257.66,512.883,2071.37,612.9078572381092,2,7,0,20,20,3,6,32.25,35,2.45,3,0,0,0,0,0,0,0,0,0,0.1,0.35,0.0,1.0,0.0,0.0
CUST001074,25,29525.04,1181.0016,13275.32,2723.081355429727,4,13,0,25,25,6,7,34.2,55,2.72,4,0,0,0,0,0,0,0,0,0,0.16,0.52,0.0,1.0,0.0,0.0
CUST001075,24,24306.94,1012.7891666666666,8208.49,1852.3133796556804,2,7,0,24,24,5,3,33.333333333333336,65,2.4583333333333335,4,0,0,0,1,0,0,0,0,0,0.08333333333333333,0.2916666666666667,0.0,1.0,0.041666666666666664,0.0
CUST001076,31,46307.66,1493.795483870968,17713.41,3711.3744281311197,5,15,0,31,31,6,7,34.516129032258064,55,2.7096774193548385,4,0,0,0,0,0,0,0,0,0,0.16129032258064516,0.4838709677419355,0.0,1.0,0.0,0.0
CUST001077,21,11834.33,563.5395238095238,2807.39,703.2622586807585,1,10,0,21,21,6,7,32.61904761904762,35,2.5238095238095237,3,0,0,0,0,0,0,0,0,0,0.047619047619047616,0.47619047619047616,0.0,1.0,0.0,0.0
CUST001078,22,15569.550000000001,707.7068181818182,4128.34,947.4337247100534,6,7,0,22,22,6,4,32.95454545454545,40,2.590909090909091,4,0,0,0,0,0,0,0,0,0,0.2727272727272727,0.3181818181818182,0.0,1.0,0.0,0.0
CUST001079,26,16445.6,632.5230769230768,4580.52,1051.1586623179937,6,15,0,26,26,6,7,34.03846153846154,40,2.8076923076923075,4,0,0,0,0,0,0,0,0,0,0.23076923076923078,0.5769230769230769,0.0,1.0,0.0,0.0
CUST001080,35,23713.74,677.5354285714286,3359.19,788.5530435041537,6,19,0,35,35,10,8,33.57142857142857,40,2.7142857142857144,4,0,0,0,0,0,0,0,0,0,0.17142857142857143,0.5428571428571428,0.0,1.0,0.0,0.0
CUST001081,25,41837.509999999995,1673.5004,18435.48,4240.548973512038,7,10,0,25,25,4,5,35.6,70,2.8,5,0,0,0,0,0,0,0,0,0,0.28,0.4,0.0,1.0,0.0,0.0
CUST001082,19,6568.46,345.7084210526316,1108.79,344.9405243623434,3,9,0,0,19,2,8,13.157894736842104,20,1.631578947368421,3,0,0,0,0,0,0,0,0,0,0.15789473684210525,0.47368421052631576,0.0,0.0,0.0,0.0
CUST001083,32,24054.32,751.6975,4414.83,1007.4329332836584,4,18,0,32,32,8,10,48.4375,55,3.6875,5,0,0,1,0,0,0,0,0,0,0.125,0.5625,0.0,1.0,0.0,0.0
CUST001084,16,9668.27,604.266875,5604.63,1355.2338636546278,2,10,0,16,16,4,6,35.0,55,2.8125,4,0,0,0,0,0,0,0,0,0,0.125,0.625,0.0,1.0,0.0,0.0
CUST001085,24,26094.64,1087.2766666666666,6412.89,1479.245787627767,2,19,0,24,24,9,8,35.208333333333336,55,2.9166666666666665,4,0,0,0,0,0,0,0,0,0,0.08333333333333333,0.7916666666666666,0.0,1.0,0.0,0.0
CUST001086,27,18062.45,668.9796296296297,5707.55,1217.0983610699213,1,14,0,27,27,8,7,33.51851851851852,55,2.5925925925925926,4,0,0,0,0,0,0,0,0,0,0.037037037037037035,0.5185185185185185,0.0,1.0,0.0,0.0
CUST001087,23,18636.49,810.2821739130435,4762.85,1072.1873761612776,7,13,0,23,23,6,5,34.34782608695652,40,2.869565217391304,4,0,0,0,0,0,0,0,0,0,0.30434782608695654,0.5652173913043478,0.0,1.0,0.0,0.0
CUST001088,18,13921.22,773.401111111111,2826.77,844.8214914259482,4,10,0,18,18,6,5,33.888888888888886,40,2.7777777777777777,4,0,0,0,0,0,0,0,0,0,0.2222222222222222,0.5555555555555556,0.0,1.0,0.0,0.0
CUST001089,19,12952.78,681.7252631578948,3447.51,874.0152927620154,2,10,0,19,19,4,7,48.1578947368421,55,3.6315789473684212,5,0,0,1,0,0,0,0,0,0,0.10526315789473684,0.5263157894736842,0.0,1.0,0.0,0.0
CUST001090,31,22095.3,712.7516129032258,3124.08,741.924902736554,6,15,0,31,31,8,6,33.38709677419355,40,2.6774193548387095,4,0,0,0,0,0,0,0,0,0,0.1935483870967742,0.4838709677419355,0.0,1.0,0.0,0.0
CUST001091,39,26796.15,687.0807692307693,7200.34,1241.978772641263,5,18,0,39,39,8,7,33.84615384615385,65,2.641025641025641,4,0,0,0,0,0,0,0,0,0,0.1282051282051282,0.46153846153846156,0.0,1.0,0.0,0.0
CUST001092,30,17237.0,574.5666666666667,5056.89,901.5985793801085,3,8,0,30,30,5,4,32.5,50,2.4,4,0,0,0,0,0,0,0,0,0,0.1,0.26666666666666666,0.0,1.0,0.0,0.0
CUST001093,23,20222.12,879.2226086956522,6543.64,1436.0271858221063,4,14,0,23,23,7,7,49.78260869565217,70,3.8260869565217392,5,0,0,1,0,0,0,0,0,0,0.17391304347826086,0.6086956521739131,0.0,1.0,0.0,0.0
CUST001094,25,16272.33,650.8932,4327.8,970.2047915763283,2,11,0,25,25,5,6,32.6,35,2.52,3,0,0,0,0,0,0,0,0,0,0.08,0.44,0.0,1.0,0.0,0.0
CUST001095,27,11534.1,427.1888888888889,2138.16,476.2595544313831,10,16,0,27,27,6,7,34.81481481481482,40,2.962962962962963,4,0,0,0,0,0,0,0,0,0,0.37037037037037035,0.5925925925925926,0.0,1.0,0.0,0.0
CUST001096,18,13030.039999999999,723.8911111111111,7350.03,1685.61792075641,1,10,0,18,18,6,5,34.166666666666664,60,2.6666666666666665,5,0,0,0,0,0,0,0,0,0,0.05555555555555555,0.5555555555555556,0.0,1.0,0.0,0.0
CUST001097,14,10966.18,783.2985714285714,3543.48,918.249950418706,2,7,0,14,14,4,5,33.214285714285715,40,2.642857142857143,4,0,0,0,0,0,0,0,0,0,0.14285714285714285,0.5,0.0,1.0,0.0,0.0
CUST001098,22,23007.95,1045.8159090909091,8765.21,1834.9877452442981,2,15,0,22,22,6,5,35.45454545454545,70,2.8636363636363638,5,0,0,0,1,0,0,0,0,0,0.09090909090909091,0.6818181818181818,0.0,1.0,0.045454545454545456,0.0
CUST001099,40,24611.07,615.27675,2771.27,741.1767019232202,7,22,0,40,40,7,10,33.625,40,2.725,4,0,0,0,0,0,0,0,0,0,0.175,0.55,0.0,1.0,0.0,0.0
CUST001100,22,14435.17,656.1440909090909,2579.66,652.9584783609291,4,12,0,22,22,6,7,33.63636363636363,40,2.727272727272727,4,0,0,0,0,0,0,0,0,0,0.18181818181818182,0.5454545454545454,0.0,1.0,0.0,0.0
CUST001101,23,27365.56,1189.8069565217393,11708.68,2496.0986658664588,4,14,0,23,23,7,7,34.78260869565217,50,2.8260869565217392,4,0,0,0,0,0,0,0,0,0,0.17391304347826086,0.6086956521739131,0.0,1.0,0.0,0.0
CUST001102,23,16246.050000000001,706.35,2645.75,636.0171193665094,3,11,0,23,23,4,6,33.04347826086956,40,2.608695652173913,4,0,0,0,0,0,0,0,0,0,0.13043478260869565,0.4782608695652174,0.0,1.0,0.0,0.0
CUST001103,25,14183.78,567.3512000000001,1917.53,539.6610678960144,2,11,0,25,25,4,6,32.6,40,2.52,4,0,0,0,0,0,0,0,0,0,0.08,0.44,0.0,1.0,0.0,0.0
CUST001104,26,24653.05,948.1942307692308,7883.38,1546.0203658481944,4,12,0,26,26,6,6,33.84615384615385,50,2.6538461538461537,4,0,0,0,0,0,0,0,0,0,0.15384615384615385,0.46153846153846156,0.0,1.0,0.0,0.0
CUST001105,19,8500.94,447.41789473684213,1862.91,461.63173916709053,6,9,0,19,19,4,7,48.94736842105263,55,3.789473684210526,5,0,0,1,0,0,0,0,0,0,0.3157894736842105,0.47368421052631576,0.0,1.0,0.0,0.0
CUST001106,26,51830.0,1993.4615384615386,23714.9,5407.44683613085,7,11,0,26,26,7,5,35.57692307692308,70,2.8076923076923075,5,0,0,0,0,0,0,0,0,0,0.2692307692307692,0.4230769230769231,0.0,1.0,0.0,0.0
CUST001107,15,24857.39,1657.1593333333333,9061.57,3034.572061850535,1,8,0,15,15,6,3,39.666666666666664,85,3.0,6,0,0,0,2,0,0,0,0,0,0.06666666666666667,0.5333333333333333,0.0,1.0,0.13333333333333333,0.0
CUST001108,32,20029.27,625.9146875,3112.59,770.5466893893786,0,14,0,32,32,8,7,32.1875,35,2.4375,3,0,0,0,0,0,0,0,0,0,0.0,0.4375,0.0,1.0,0.0,0.0
CUST001109,18,8847.86,491.5477777777778,1862.61,495.3819159295839,4,12,0,18,18,5,5,34.44444444444444,40,2.888888888888889,4,0,0,0,0,0,0,0,0,0,0.2222222222222222,0.6666666666666666,0.0,1.0,0.0,0.0
CUST001110,23,19706.61,856.8091304347827,9355.33,1902.2011072867258,2,8,0,23,23,5,2,34.34782608695652,90,2.5652173913043477,7,0,0,0,1,0,0,0,0,0,0.08695652173913043,0.34782608695652173,0.0,1.0,0.043478260869565216,0.0
CUST001111,21,8995.42,428.35333333333335,2184.83,528.1620356986417,3,9,0,21,21,6,4,32.857142857142854,40,2.5714285714285716,4,0,0,0,0,0,0,0,0,0,0.14285714285714285,0.42857142857142855,0.0,1.0,0.0,0.0
CUST001112,22,18052.61,820.5731818181819,8854.26,1851.5388681500444,2,15,0,22,22,9,8,36.13636363636363,85,2.909090909090909,6,0,0,0,1,0,0,0,0,0,0.09090909090909091,0.6818181818181818,0.0,1.0,0.045454545454545456,0.0
CUST001113,20,14223.529999999999,711.1764999999999,2647.99,879.1718784010983,5,13,0,20,20,7,6,34.5,40,2.9,4,0,0,0,0,0,0,0,0,0,0.25,0.65,0.0,1.0,0.0,0.0
CUST001114,27,13590.04,503.3348148148148,3929.34,791.1392385831498,4,14,0,27,27,5,5,58.333333333333336,65,4.666666666666667,6,1,0,1,0,0,0,0,0,0,0.14814814814814814,0.5185185185185185,0.0,1.0,0.0,0.0
CUST001115,26,22089.39,849.5919230769231,7485.01,1456.7577170717693,5,13,0,26,26,4,5,34.80769230769231,70,2.769230769230769,5,0,0,0,0,0,0,0,0,0,0.19230769230769232,0.5,0.0,1.0,0.0,0.0
CUST001116,16,6027.99,376.749375,1519.66,398.2485480110589,3,5,0,16,16,6,3,32.5,35,2.5,3,0,0,0,0,0,0,0,0,0,0.1875,0.3125,0.0,1.0,0.0,0.0
CUST001117,28,25227.05,900.9660714285714,3091.72,941.4178587693781,2,12,0,28,28,7,7,32.5,40,2.5,4,0,0,0,0,0,0,0,0,0,0.07142857142857142,0.42857142857142855,0.0,1.0,0.0,0.0
CUST001118,26,26828.4,1031.8615384615384,5318.25,1238.6708567321418,4,11,0,26,26,6,6,33.65384615384615,55,2.6153846153846154,4,0,0,0,0,0,0,0,0,0,0.15384615384615385,0.4230769230769231,0.0,1.0,0.0,0.0
CUST001119,20,24097.74,1204.8870000000002,8737.77,1951.4103794330263,3,10,0,20,20,6,7,35.0,65,2.75,4,0,0,0,1,0,0,0,0,0,0.15,0.5,0.0,1.0,0.05,0.0
CUST001120,25,33894.02,1355.7607999999998,7108.49,1865.2272471201284,4,15,0,25,25,6,9,35.4,55,2.84,4,0,0,0,0,0,0,0,0,0,0.16,0.6,0.0,1.0,0.0,0.0
CUST001121,16,14142.59,883.911875,8077.99,1964.198791060344,3,10,0,16,16,6,7,37.1875,80,3.0,5,0,0,0,1,0,0,0,0,0,0.1875,0.625,0.0,1.0,0.0625,0.0
CUST001122,32,25386.25,793.3203125,3810.24,1052.4648071090667,10,15,0,32,32,4,9,33.90625,40,2.78125,4,0,0,0,0,0,0,0,0,0,0.3125,0.46875,0.0,1.0,0.0,0.0
CUST001123,29,24459.53,843.4320689655171,7979.11,1680.034416559416,4,11,0,29,29,3,8,33.275862068965516,55,2.5517241379310347,4,0,0,0,0,0,0,0,0,0,0.13793103448275862,0.3793103448275862,0.0,1.0,0.0,0.0
CUST001124,30,19874.24,662.4746666666667,3436.97,819.9308223457901,4,14,0,30,30,6,6,48.0,55,3.6,5,0,0,1,0,0,0,0,0,0,0.13333333333333333,0.4666666666666667,0.0,1.0,0.0,0.0
CUST001125,19,15573.0,819.6315789473684,3888.8,926.7054052769903,3,11,0,19,19,6,6,33.68421052631579,40,2.736842105263158,4,0,0,0,0,0,0,0,0,0,0.15789473684210525,0.5789473684210527,0.0,1.0,0.0,0.0
CUST001126,19,15262.68,803.2989473684211,7306.23,1677.244686445583,3,9,0,19,19,6,2,34.21052631578947,50,2.6842105263157894,4,0,0,0,0,0,0,0,0,0,0.15789473684210525,0.47368421052631576,0.0,1.0,0.0,0.0
CUST001127,21,8406.8,400.3238095238095,1153.79,298.2172415786215,2,11,0,21,21,4,6,33.095238095238095,40,2.619047619047619,4,0,0,0,0,0,0,0,0,0,0.09523809523809523,0.5238095238095238,0.0,1.0,0.0,0.0
CUST001128,23,16383.64,712.3321739130434,4750.21,973.0690007952652,6,8,0,23,23,7,7,33.04347826086956,40,2.608695652173913,4,0,0,0,0,0,0,0,0,0,0.2608695652173913,0.34782608695652173,0.0,1.0,0.0,0.0
CUST001129,29,27983.74,964.956551724138,9089.5,1877.024228577313,3,14,0,29,29,6,9,34.6551724137931,85,2.689655172413793,6,0,0,0,1,0,0,0,0,0,0.10344827586206896,0.4827586206896552,0.0,1.0,0.034482758620689655,0.0
CUST001130,16,15618.869999999999,976.1793749999999,3476.66,958.4143558292433,3,13,0,16,16,5,8,35.0,40,3.0,4,0,0,0,0,0,0,0,0,0,0.1875,0.8125,0.0,1.0,0.0,0.0
CUST001131,21,15198.93,723.7585714285715,4157.41,922.7516397020692,5,12,0,21,21,7,6,34.04761904761905,40,2.8095238095238093,4,0,0,0,0,0,0,0,0,0,0.23809523809523808,0.5714285714285714,0.0,1.0,0.0,0.0
CUST001132,25,13523.22,540.9288,2949.37,656.3888914121972,4,11,0,25,25,3,8,33.0,40,2.6,4,0,0,0,0,0,0,0,0,0,0.16,0.44,0.0,1.0,0.0,0.0
CUST001133,33,15952.97,483.4233333333333,3501.4,672.5713141308263,5,14,0,33,32,6,7,32.878787878787875,35,2.5757575757575757,3,0,0,0,0,0,0,0,0,0,0.15151515151515152,0.42424242424242425,0.0,1.0,0.0,0.0
CUST001134,20,17610.77,880.5385,5024.08,1135.2548181113348,4,12,0,20,20,5,5,50.0,70,3.85,5,0,0,1,0,0,0,0,0,0,0.2,0.6,0.0,1.0,0.0,0.0
CUST001135,21,9759.7,464.7476190476191,2073.91,540.8508937489588,4,11,0,21,21,5,6,33.57142857142857,40,2.7142857142857144,4,0,0,0,0,0,0,0,0,0,0.19047619047619047,0.5238095238095238,0.0,1.0,0.0,0.0
CUST001136,25,23931.48,957.2592,3418.53,1147.6890622824053,3,12,0,25,25,5,7,33.0,40,2.6,4,0,0,0,0,0,0,0,0,0,0.12,0.48,0.0,1.0,0.0,0.0
CUST001137,35,16522.87,472.082,1750.72,431.13736079051625,10,12,0,35,35,5,7,33.142857142857146,40,2.6285714285714286,4,0,0,0,0,0,0,0,0,0,0.2857142857142857,0.34285714285714286,0.0,1.0,0.0,0.0
CUST001138,22,12917.39,587.1540909090909,3065.64,765.8103744627964,5,12,0,22,22,7,6,33.86363636363637,40,2.772727272727273,4,0,0,0,0,0,0,0,0,0,0.22727272727272727,0.5454545454545454,0.0,1.0,0.0,0.0
CUST001139,14,23555.42,1682.53,12185.48,3285.166637602328,4,9,0,14,14,4,8,35.714285714285715,50,3.0,4,0,0,0,0,0,0,0,0,0,0.2857142857142857,0.6428571428571429,0.0,1.0,0.0,0.0
CUST001140,17,15604.22,917.895294117647,5950.36,1409.1918844594834,2,9,0,17,17,7,3,34.411764705882355,50,2.7058823529411766,4,0,0,0,0,0,0,0,0,0,0.11764705882352941,0.5294117647058824,0.0,1.0,0.0,0.0
CUST001141,28,12268.36,438.1557142857143,4131.07,809.6893358997888,6,11,0,28,28,7,5,33.035714285714285,40,2.607142857142857,4,0,0,0,0,0,0,0,0,0,0.21428571428571427,0.39285714285714285,0.0,1.0,0.0,0.0
CUST001142,23,18509.71,804.77,5401.29,1146.3725194202007,3,9,0,23,23,3,5,33.47826086956522,50,2.5652173913043477,4,0,0,0,0,0,0,0,0,0,0.13043478260869565,0.391304347826087,0.0,1.0,0.0,0.0
CUST001143,26,55659.07,2140.7334615384616,42705.68,8293.917489631514,9,12,0,26,25,6,7,35.76923076923077,80,2.923076923076923,6,0,0,0,0,0,0,0,0,0,0.34615384615384615,0.46153846153846156,0.0,1.0,0.0,0.0
CUST001144,35,19164.989999999998,547.5711428571428,2338.99,525.701990293603,4,22,0,35,35,10,9,33.714285714285715,40,2.742857142857143,4,0,0,0,0,0,0,0,0,0,0.11428571428571428,0.6285714285714286,0.0,1.0,0.0,0.0
CUST001145,21,12748.380000000001,607.0657142857143,3413.21,716.846816527572,3,12,0,21,21,5,7,33.57142857142857,40,2.7142857142857144,4,0,0,0,0,0,0,0,0,0,0.14285714285714285,0.5714285714285714,0.0,1.0,0.0,0.0
CUST001146,37,30052.899999999998,812.2405405405405,5627.48,1145.481101170416,10,20,0,37,37,7,10,34.5945945945946,55,2.8378378378378377,4,0,0,0,0,0,0,0,0,0,0.2702702702702703,0.5405405405405406,0.0,1.0,0.0,0.0
CUST001147,26,19366.83,744.878076923077,4053.97,960.954789958484,5,19,0,26,26,10,5,34.61538461538461,40,2.923076923076923,4,0,0,0,0,0,0,0,0,0,0.19230769230769232,0.7307692307692307,0.0,1.0,0.0,0.0
CUST001148,21,23036.83,1096.9919047619048,12034.64,2594.8604701324866,3,5,0,21,21,5,4,32.857142857142854,55,2.4285714285714284,4,0,0,0,0,0,0,0,0,0,0.14285714285714285,0.23809523809523808,0.0,1.0,0.0,0.0
CUST001149,26,16220.37,623.8603846153846,5456.72,1124.8674098736465,4,15,0,26,26,5,7,34.42307692307692,55,2.769230769230769,4,0,0,0,0,0,0,0,0,0,0.15384615384615385,0.5769230769230769,0.0,1.0,0.0,0.0
CUST001150,37,20918.76,565.3718918918919,2383.44,602.9963383242326,5,22,0,37,37,10,8,48.648648648648646,55,3.72972972972973,5,0,0,1,0,0,0,0,0,0,0.13513513513513514,0.5945945945945946,0.0,1.0,0.0,0.0
CUST001151,23,22035.45,958.0630434782609,5009.16,1390.1312957919895,2,10,0,23,23,4,6,33.47826086956522,55,2.5652173913043477,4,0,0,0,0,0,0,0,0,0,0.08695652173913043,0.43478260869565216,0.0,1.0,0.0,0.0
CUST001152,21,32789.299999999996,1561.3952380952378,24426.68,5248.017945497728,5,8,0,21,21,4,7,34.76190476190476,65,2.7142857142857144,4,0,0,0,0,0,0,0,0,0,0.23809523809523808,0.38095238095238093,0.0,1.0,0.0,0.0
CUST001153,28,19313.72,689.7757142857143,4044.76,874.9518073392028,5,18,0,28,28,7,10,34.107142857142854,40,2.8214285714285716,4,0,0,0,0,0,0,0,0,0,0.17857142857142858,0.6428571428571429,0.0,1.0,0.0,0.0
CUST001154,15,7628.47,508.5646666666667,1206.06,413.44700307927997,2,4,0,15,15,3,3,32.0,35,2.4,3,0,0,0,0,0,0,0,0,0,0.13333333333333333,0.26666666666666666,0.0,1.0,0.0,0.0
CUST001155,17,9685.67,569.7452941176471,2768.09,695.0325731586042,4,5,0,17,17,4,4,32.64705882352941,40,2.5294117647058822,4,0,0,0,0,0,0,0,0,0,0.23529411764705882,0.29411764705882354,0.0,1.0,0.0,0.0
CUST001156,27,19563.81,724.5855555555556,3514.51,870.5678351969403,3,13,0,27,27,7,7,32.96296296296296,40,2.5925925925925926,4,0,0,0,0,0,0,0,0,0,0.1111111111111111,0.48148148148148145,0.0,1.0,0.0,0.0
CUST001157,23,10266.62,446.3747826086957,2606.63,616.9928783799222,8,9,0,23,22,6,7,33.69565217391305,40,2.739130434782609,4,0,0,0,0,0,0,0,0,0,0.34782608695652173,0.391304347826087,0.0,1.0,0.0,0.0
CUST001158,18,9672.59,537.3661111111111,1487.48,464.7226454581636,8,8,0,18,18,3,5,34.44444444444444,40,2.888888888888889,4,0,0,0,0,0,0,0,0,0,0.4444444444444444,0.4444444444444444,0.0,1.0,0.0,0.0
CUST001159,21,14368.55,684.2166666666666,4042.02,1007.2637983136957,3,6,0,21,21,4,5,47.142857142857146,50,3.4285714285714284,4,0,0,1,0,0,0,0,0,0,0.14285714285714285,0.2857142857142857,0.0,1.0,0.0,0.0
CUST001160,24,10107.08,421.12833333333333,1932.82,459.84273632800074,5,11,0,24,24,5,7,33.333333333333336,40,2.6666666666666665,4,0,0,0,0,0,0,0,0,0,0.20833333333333334,0.4583333333333333,0.0,1.0,0.0,0.0
CUST001161,24,11495.17,478.96541666666667,2073.66,531.464269214773,2,10,0,24,24,3,6,47.5,55,3.5,5,0,0,1,0,0,0,0,0,0,0.08333333333333333,0.4166666666666667,0.0,1.0,0.0,0.0
CUST001162,25,16516.8,660.672,3611.43,911.7117264748032,6,15,0,25,25,7,5,34.2,40,2.84,4,0,0,0,0,0,0,0,0,0,0.24,0.6,0.0,1.0,0.0,0.0
CUST001163,25,13342.25,533.69,2910.34,691.7578369210331,4,14,0,25,25,8,7,33.6,40,2.72,4,0,0,0,0,0,0,0,0,0,0.16,0.56,0.0,1.0,0.0,0.0
CUST001164,28,18156.38,648.4421428571429,3333.74,773.723577270893,6,12,0,28,28,8,4,43.214285714285715,50,3.642857142857143,5,1,0,0,0,0,0,0,0,0,0.21428571428571427,0.42857142857142855,0.0,1.0,0.0,0.0
CUST001165,18,22734.47,1263.0261111111113,4008.17,1075.1533365341231,1,10,0,18,18,6,6,33.05555555555556,40,2.611111111111111,4,0,0,0,0,0,0,0,0,0,0.05555555555555555,0.5555555555555556,0.0,1.0,0.0,0.0
CUST001166,29,19976.34,688.8393103448276,3145.27,819.2804129754487,4,12,0,29,29,4,8,32.758620689655174,35,2.5517241379310347,3,0,0,0,0,0,0,0,0,0,0.13793103448275862,0.41379310344827586,0.0,1.0,0.0,0.0
CUST001167,18,7124.0,395.77777777777777,1021.97,318.9101351119531,5,7,0,18,18,6,5,33.333333333333336,40,2.6666666666666665,4,0,0,0,0,0,0,0,0,0,0.2777777777777778,0.3888888888888889,0.0,1.0,0.0,0.0
CUST001168,34,34175.89,1005.1732352941176,7036.19,1562.5888532229098,8,17,0,34,34,8,6,34.26470588235294,50,2.764705882352941,4,0,0,0,0,0,0,0,0,0,0.23529411764705882,0.5,0.0,1.0,0.0,0.0
CUST001169,32,20559.34,642.479375,5010.86,983.0336198790457,7,13,0,32,32,5,7,33.75,50,2.65625,4,0,0,0,0,0,0,0,0,0,0.21875,0.40625,0.0,1.0,0.0,0.0
CUST001170,23,24476.35,1064.1891304347826,3884.32,991.5369162242893,6,16,0,23,23,6,7,34.78260869565217,40,2.9565217391304346,4,0,0,0,0,0,0,0,0,0,0.2608695652173913,0.6956521739130435,0.0,1.0,0.0,0.0
CUST001171,13,21519.74,1655.3646153846155,12071.53,3367.1203917012317,3,6,0,13,13,6,3,35.76923076923077,50,2.8461538461538463,4,0,0,0,0,0,0,0,0,0,0.23076923076923078,0.46153846153846156,0.0,1.0,0.0,0.0
CUST001172,17,9919.79,583.5170588235295,3533.61,820.4473547002019,1,6,0,17,17,5,5,32.05882352941177,35,2.411764705882353,3,0,0,0,0,0,0,0,0,0,0.058823529411764705,0.35294117647058826,0.0,1.0,0.0,0.0
CUST001173,21,12069.65,574.745238095238,2483.18,677.45731382589,5,11,0,21,21,7,3,33.80952380952381,40,2.761904761904762,4,0,0,0,0,0,0,0,0,0,0.23809523809523808,0.5238095238095238,0.0,1.0,0.0,0.0
CUST001174,16,15480.09,967.505625,7923.46,1888.476020184772,1,12,0,16,16,6,8,35.3125,50,2.875,3,0,0,0,0,0,0,0,0,0,0.0625,0.75,0.0,1.0,0.0,0.0
CUST001175,18,8594.08,477.44888888888886,1570.19,473.54122491374545,1,10,0,18,18,5,6,48.05555555555556,55,3.611111111111111,5,0,0,1,0,0,0,0,0,0,0.05555555555555555,0.5555555555555556,0.0,1.0,0.0,0.0
CUST001176,30,18257.63,608.5876666666667,2487.44,583.4138137730922,5,13,0,30,30,7,6,43.0,50,3.6,5,1,0,0,0,0,0,0,0,0,0.16666666666666666,0.43333333333333335,0.0,1.0,0.0,0.0
CUST001177,36,23325.38,647.9272222222222,6756.53,1187.5645697467476,9,19,0,36,36,6,7,34.861111111111114,70,2.8333333333333335,5,0,0,0,0,0,0,0,0,0,0.25,0.5277777777777778,0.0,1.0,0.0,0.0
CUST001178,26,14581.62,560.8315384615385,1791.16,572.9683540768534,5,9,0,26,26,8,4,32.69230769230769,35,2.5384615384615383,3,0,0,0,0,0,0,0,0,0,0.19230769230769232,0.34615384615384615,0.0,1.0,0.0,0.0
CUST001179,26,18755.72,721.3738461538462,3776.98,846.4142677487281,4,13,0,26,26,9,5,33.26923076923077,40,2.6538461538461537,4,0,0,0,0,0,0,0,0,0,0.15384615384615385,0.5,0.0,1.0,0.0,0.0
CUST001180,21,11742.14,559.1495238095238,2203.79,566.7933290228123,6,12,0,21,21,9,7,34.285714285714285,40,2.857142857142857,4,0,0,0,0,0,0,0,0,0,0.2857142857142857,0.5714285714285714,0.0,1.0,0.0,0.0
CUST001181,25,20930.48,837.2192,7230.52,1620.88528992883,2,9,0,25,25,4,7,33.0,50,2.48,4,0,0,0,0,0,0,0,0,0,0.08,0.36,0.0,1.0,0.0,0.0
CUST001182,19,6368.72,335.1957894736842,2442.77,540.6483755569766,2,8,0,19,19,5,4,32.63157894736842,40,2.526315789473684,4,0,0,0,0,0,0,0,0,0,0.10526315789473684,0.42105263157894735,0.0,1.0,0.0,0.0
CUST001183,18,15976.25,887.5694444444445,3657.86,1082.8561580401874,4,8,0,18,18,6,4,33.333333333333336,40,2.6666666666666665,4,0,0,0,0,0,0,0,0,0,0.2222222222222222,0.4444444444444444,0.0,1.0,0.0,0.0
CUST001184,25,14665.699999999999,586.6279999999999,2707.04,722.9606719997522,2,17,0,25,25,8,7,33.8,40,2.76,4,0,0,0,0,0,0,0,0,0,0.08,0.68,0.0,1.0,0.0,0.0
CUST001185,21,17238.920000000002,820.9009523809525,4372.89,1038.29489821488,5,9,0,21,21,5,4,33.333333333333336,40,2.6666666666666665,4,0,0,0,0,0,0,0,0,0,0.23809523809523808,0.42857142857142855,0.0,1.0,0.0,0.0
CUST001186,16,16153.1,1009.56875,7549.79,1973.7060644343676,1,8,0,16,16,5,3,93.125,100,4.625,6,1,1,0,0,0,0,0,0,0,0.0625,0.5,0.0,1.0,0.0,0.0
CUST001187,24,21803.69,908.4870833333333,5235.98,1347.577801540292,5,13,0,24,24,5,8,34.583333333333336,55,2.7916666666666665,4,0,0,0,0,0,0,0,0,0,0.20833333333333334,0.5416666666666666,0.0,1.0,0.0,0.0
CUST001188,24,14905.96,621.0816666666666,4209.03,922.7632563483804,7,10,0,24,24,5,6,33.541666666666664,40,2.7083333333333335,4,0,0,0,0,0,0,0,0,0,0.2916666666666667,0.4166666666666667,0.0,1.0,0.0,0.0
CUST001189,35,28063.46,801.8131428571428,7301.6,1243.8766449285295,6,18,0,35,35,9,7,34.0,55,2.7142857142857144,4,0,0,0,0,0,0,0,0,0,0.17142857142857143,0.5142857142857142,0.0,1.0,0.0,0.0
CUST001190,26,19085.34,734.0515384615385,3614.81,904.3492658998173,3,10,0,26,25,7,4,32.5,40,2.5,4,0,0,0,0,0,0,0,0,0,0.11538461538461539,0.38461538461538464,0.0,1.0,0.0,0.0
CUST001191,23,16289.68,708.2469565217391,5121.28,1119.5425462353924,4,14,0,23,23,6,6,34.78260869565217,60,2.8260869565217392,5,0,0,0,0,0,0,0,0,0,0.17391304347826086,0.6086956521739131,0.0,1.0,0.0,0.0
CUST001192,19,15018.35,790.4394736842105,4014.59,987.3099609402966,4,11,0,19,19,5,5,33.94736842105263,40,2.789473684210526,4,0,0,0,0,0,0,0,0,0,0.21052631578947367,0.5789473684210527,0.0,1.0,0.0,0.0
CUST001193,17,9031.1,531.2411764705882,1816.83,491.73988891336586,4,10,0,17,17,7,5,34.11764705882353,40,2.823529411764706,4,0,0,0,0,0,0,0,0,0,0.23529411764705882,0.5882352941176471,0.0,1.0,0.0,0.0
CUST001194,26,10291.88,395.84153846153845,1799.55,430.6652629473829,8,11,0,26,26,6,5,33.65384615384615,40,2.730769230769231,4,0,0,0,0,0,0,0,0,0,0.3076923076923077,0.4230769230769231,0.0,1.0,0.0,0.0
CUST001195,26,14911.01,573.5003846153846,2538.99,588.1190024849104,10,16,0,26,26,7,10,36.73076923076923,55,3.1153846153846154,5,0,0,0,0,0,0,0,0,0,0.38461538461538464,0.6153846153846154,0.0,1.0,0.0,0.0
CUST001196,20,10367.42,518.371,1790.56,491.5137931233734,0,11,0,20,20,5,5,32.75,35,2.55,3,0,0,0,0,0,0,0,0,0,0.0,0.55,0.0,1.0,0.0,0.0
CUST001197,28,19138.11,683.5039285714286,4274.26,934.0199438720041,7,13,0,28,28,5,8,33.57142857142857,40,2.7142857142857144,4,0,0,0,0,0,0,0,0,0,0.25,0.4642857142857143,0.0,1.0,0.0,0.0
CUST001198,21,13923.220000000001,663.0104761904762,6624.96,1397.8871539522645,2,10,0,21,21,6,5,33.80952380952381,50,2.619047619047619,3,0,0,0,0,0,0,0,0,0,0.09523809523809523,0.47619047619047616,0.0,1.0,0.0,0.0
CUST001199,33,17253.26,522.8260606060605,2300.58,534.66882785012,2,15,0,33,33,8,5,47.57575757575758,55,3.515151515151515,5,0,0,1,0,0,0,0,0,0,0.06060606060606061,0.45454545454545453,0.0,1.0,0.0,0.0
CUST001200,17,9882.32,581.3129411764705,2767.02,697.3978918519605,2,6,0,17,17,4,3,32.35294117647059,40,2.4705882352941178,4,0,0,0,0,0,0,0,0,0,0.11764705882352941,0.35294117647058826,0.0,1.0,0.0,0.0
CUST001201,33,16391.63,496.71606060606064,2778.57,553.825199064083,6,18,0,33,33,9,8,33.63636363636363,40,2.727272727272727,4,0,0,0,0,0,0,0,0,0,0.18181818181818182,0.5454545454545454,0.0,1.0,0.0,0.0
CUST001202,31,17502.32,564.5909677419355,2707.5,652.9942592364032,4,15,0,31,31,8,6,43.064516129032256,50,3.6129032258064515,5,1,0,0,0,0,0,0,0,0,0.12903225806451613,0.4838709677419355,0.0,1.0,0.0,0.0
CUST001203,21,29307.73,1395.6061904761905,6064.19,1601.877473271524,6,12,0,21,21,8,4,35.23809523809524,55,2.9047619047619047,4,0,0,0,0,0,0,0,0,0,0.2857142857142857,0.5714285714285714,0.0,1.0,0.0,0.0
CUST001204,23,8418.27,366.0117391304348,2240.19,466.2794799810339,6,16,0,23,23,8,7,34.78260869565217,40,2.9565217391304346,4,0,0,0,0,0,0,0,0,0,0.2608695652173913,0.6956521739130435,0.0,1.0,0.0,0.0
CUST001205,37,28939.36,782.1448648648649,4989.13,1040.0218799905167,5,20,0,37,37,9,10,33.37837837837838,40,2.675675675675676,4,0,0,0,0,0,0,0,0,0,0.13513513513513514,0.5405405405405406,0.0,1.0,0.0,0.0
CUST001206,27,38595.72,1429.4711111111112,20061.14,3866.776982157237,6,14,0,27,27,5,6,34.44444444444444,55,2.7777777777777777,4,0,0,0,0,0,0,0,0,0,0.2222222222222222,0.5185185185185185,0.0,1.0,0.0,0.0
CUST001207,29,13461.93,464.2044827586207,2677.11,579.5349443339782,5,15,0,29,29,7,7,33.44827586206897,35,2.689655172413793,3,0,0,0,0,0,0,0,0,0,0.1724137931034483,0.5172413793103449,0.0,1.0,0.0,0.0
CUST001208,21,11711.35,557.6833333333334,1587.44,428.9050280695405,3,10,0,21,21,7,5,33.095238095238095,35,2.619047619047619,3,0,0,0,0,0,0,0,0,0,0.14285714285714285,0.47619047619047616,0.0,1.0,0.0,0.0
CUST001209,15,15601.949999999999,1040.1299999999999,8628.51,2175.7344015363115,2,8,0,1,15,2,6,15.666666666666666,45,1.8,3,0,0,0,1,0,0,0,0,0,0.13333333333333333,0.5333333333333333,0.0,0.06666666666666667,0.06666666666666667,0.0
CUST001210,24,21721.2,905.0500000000001,9052.25,1785.028522005717,4,13,0,24,24,6,9,35.0,65,2.7916666666666665,4,0,0,0,1,0,0,0,0,0,0.16666666666666666,0.5416666666666666,0.0,1.0,0.041666666666666664,0.0
CUST001211,32,25748.57,804.6428125,4232.09,949.5886570008815,8,19,0,32,31,9,9,34.21875,40,2.84375,4,0,0,0,0,0,0,0,0,0,0.25,0.59375,0.0,1.0,0.0,0.0
CUST001212,20,15049.72,752.486,3324.1,842.8657269377584,5,11,0,20,20,6,5,34.0,40,2.8,4,0,0,0,0,0,0,0,0,0,0.25,0.55,0.0,1.0,0.0,0.0
CUST001213,28,16767.0,598.8214285714286,2339.19,650.6714225105923,6,19,0,28,28,8,7,34.464285714285715,40,2.892857142857143,4,0,0,0,0,0,0,0,0,0,0.21428571428571427,0.6785714285714286,0.0,1.0,0.0,0.0
CUST001214,23,18669.96,811.7373913043477,6975.14,1463.3429922836317,4,10,0,23,23,4,6,33.91304347826087,55,2.652173913043478,4,0,0,0,0,0,0,0,0,0,0.17391304347826086,0.43478260869565216,0.0,1.0,0.0,0.0
CUST001215,21,12708.060000000001,605.1457142857143,2250.36,625.2030444709258,1,12,0,21,21,7,5,48.095238095238095,55,3.619047619047619,5,0,0,1,0,0,0,0,0,0,0.047619047619047616,0.5714285714285714,0.0,1.0,0.0,0.0
CUST001216,27,16978.58,628.8362962962964,2586.32,646.0356671991473,2,10,0,27,27,5,7,32.22222222222222,40,2.4444444444444446,4,0,0,0,0,0,0,0,0,0,0.07407407407407407,0.37037037037037035,0.0,1.0,0.0,0.0
CUST001217,21,16515.0,786.4285714285714,4568.61,1178.2442773987307,4,13,0,21,21,4,7,34.04761904761905,40,2.8095238095238093,4,0,0,0,0,0,0,0,0,0,0.19047619047619047,0.6190476190476191,0.0,1.0,0.0,0.0
CUST001218,21,34425.24,1639.2971428571427,14273.76,3212.9619197076436,2,8,0,21,21,4,4,34.285714285714285,55,2.5714285714285716,4,0,0,0,0,0,0,0,0,0,0.09523809523809523,0.38095238095238093,0.0,1.0,0.0,0.0
CUST001219,35,16497.31,471.3517142857143,2073.95,525.6854933294002,10,16,0,35,35,10,6,33.714285714285715,40,2.742857142857143,4,0,0,0,0,0,0,0,0,0,0.2857142857142857,0.45714285714285713,0.0,1.0,0.0,0.0
CUST001220,29,14139.460000000001,487.5675862068966,5605.0,1051.3629734596052,4,15,0,29,29,9,6,33.96551724137931,50,2.689655172413793,4,0,0,0,0,0,0,0,0,0,0.13793103448275862,0.5172413793103449,0.0,1.0,0.0,0.0
CUST001221,20,23166.59,1158.3295,11157.35,2800.8763307550635,4,10,0,20,20,5,7,35.5,55,2.8,4,0,0,0,0,0,0,0,0,0,0.2,0.5,0.0,1.0,0.0,0.0
CUST001222,23,20802.58,904.46,4414.58,1219.8777678782562,5,8,0,23,23,5,5,32.82608695652174,40,2.5652173913043477,4,0,0,0,0,0,0,0,0,0,0.21739130434782608,0.34782608695652173,0.0,1.0,0.0,0.0
CUST001223,24,14963.539999999999,623.4808333333333,3224.24,788.7538374021813,4,15,0,24,24,8,7,34.583333333333336,45,2.8333333333333335,4,0,0,0,0,0,0,0,0,0,0.16666666666666666,0.625,0.0,1.0,0.0,0.0
CUST001224,19,18185.79,957.1468421052632,3903.7,972.267158004382,5,10,0,19,19,6,5,33.94736842105263,40,2.789473684210526,4,0,0,0,0,0,0,0,0,0,0.2631578947368421,0.5263157894736842,0.0,1.0,0.0,0.0
CUST001225,24,44696.07,1862.33625,11413.98,3052.3377818689164,8,12,0,24,24,9,3,38.125,70,3.0416666666666665,5,0,0,0,1,0,0,0,0,0,0.3333333333333333,0.5,0.0,1.0,0.041666666666666664,0.0
CUST001226,28,19256.87,687.7453571428571,3030.01,742.1954382500118,6,12,0,28,28,6,8,33.214285714285715,40,2.642857142857143,4,0,0,0,0,0,0,0,0,0,0.21428571428571427,0.42857142857142855,0.0,1.0,0.0,0.0
CUST001227,36,20339.46,564.985,1905.05,541.730688355122,4,21,0,36,36,9,8,33.47222222222222,40,2.6944444444444446,4,0,0,0,0,0,0,0,0,0,0.1111111111111111,0.5833333333333334,0.0,1.0,0.0,0.0
CUST001228,20,10059.24,502.962,2559.58,622.0645755411233,3,10,0,20,20,5,7,33.25,40,2.65,4,0,0,0,0,0,0,0,0,0,0.15,0.5,0.0,1.0,0.0,0.0
CUST001229,27,19848.66,735.1355555555556,3469.77,970.5687620602569,4,14,0,27,27,8,6,33.333333333333336,40,2.6666666666666665,4,0,0,0,0,0,1,0,0,0,0.14814814814814814,0.5185185185185185,0.0,1.0,0.0,0.0
CUST001230,21,14538.43,692.3061904761905,2957.27,813.7981046701705,2,10,0,21,21,6,7,47.857142857142854,50,3.5714285714285716,4,0,0,1,0,0,0,0,0,0,0.09523809523809523,0.47619047619047616,0.0,1.0,0.0,0.0
CUST001231,32,28049.55,876.5484375,6997.68,1621.497271695773,2,14,0,32,32,8,7,33.125,50,2.53125,4,0,0,0,0,0,0,0,0,0,0.0625,0.4375,0.0,1.0,0.0,0.0
CUST001232,23,22695.48,986.76,5828.99,1353.2130086474663,7,14,0,23,23,7,7,35.43478260869565,50,2.9565217391304346,4,0,0,0,0,0,0,0,0,0,0.30434782608695654,0.6086956521739131,0.0,1.0,0.0,0.0
CUST001233,18,14956.23,830.9016666666666,3273.27,995.4557014946649,3,8,0,18,18,6,5,33.05555555555556,40,2.611111111111111,4,0,0,0,0,0,0,0,0,0,0.16666666666666666,0.4444444444444444,0.0,1.0,0.0,0.0
CUST001234,25,22209.52,888.3808,3653.04,881.0113401933787,2,17,0,25,25,7,7,33.8,40,2.76,4,0,0,0,0,0,0,0,0,0,0.08,0.68,0.0,1.0,0.0,0.0
CUST001235,29,26919.079999999998,928.2441379310344,6720.64,1462.1743014636927,6,18,0,29,29,8,6,34.827586206896555,55,2.8620689655172415,4,0,0,0,0,0,0,0,0,0,0.20689655172413793,0.6206896551724138,0.0,1.0,0.0,0.0
CUST001236,21,11365.87,541.2319047619048,1292.46,392.7717655155351,4,12,0,21,21,6,6,33.80952380952381,40,2.761904761904762,4,0,0,0,0,0,0,0,0,0,0.19047619047619047,0.5714285714285714,0.0,1.0,0.0,0.0
CUST001237,22,13600.2,618.1909090909091,2528.85,718.8832173647247,6,6,0,22,22,4,5,32.72727272727273,40,2.5454545454545454,4,0,0,0,0,0,0,0,0,0,0.2727272727272727,0.2727272727272727,0.0,1.0,0.0,0.0
CUST001238,27,16454.23,609.4159259259259,4284.89,848.927167118137,8,18,0,27,27,7,8,34.81481481481482,40,2.962962962962963,4,0,0,0,0,0,0,0,0,0,0.2962962962962963,0.6666666666666666,0.0,1.0,0.0,0.0
CUST001239,29,19442.99,670.4479310344828,3575.95,767.0264009163631,5,14,0,29,29,6,7,33.275862068965516,40,2.6551724137931036,4,0,0,0,0,0,0,0,0,0,0.1724137931034483,0.4827586206896552,0.0,1.0,0.0,0.0
CUST001240,24,11856.85,494.03541666666666,1665.61,489.36141318340816,3,14,0,24,24,9,6,33.541666666666664,40,2.7083333333333335,4,0,0,0,0,0,0,0,0,0,0.125,0.5833333333333334,0.0,1.0,0.0,0.0
CUST001241,26,15974.53,614.405,4038.57,839.8006338518684,4,13,0,26,26,8,6,33.26923076923077,40,2.6538461538461537,4,0,0,0,0,0,0,0,0,0,0.15384615384615385,0.5,0.0,1.0,0.0,0.0
CUST001242,21,14878.07,708.4795238095238,2935.19,831.638627887595,1,7,0,21,21,6,3,31.904761904761905,35,2.380952380952381,3,0,0,0,0,0,0,0,0,0,0.047619047619047616,0.3333333333333333,0.0,1.0,0.0,0.0
CUST001243,33,27301.85,827.3287878787878,3483.91,981.7195441665023,5,17,0,33,33,6,10,33.333333333333336,40,2.6666666666666665,4,0,0,0,0,0,0,0,0,0,0.15151515151515152,0.5151515151515151,0.0,1.0,0.0,0.0
CUST001244,26,10849.27,417.2796153846154,1361.15,360.50840903902116,5,12,0,26,26,5,9,33.26923076923077,40,2.6538461538461537,4,0,0,0,0,0,0,0,0,0,0.19230769230769232,0.46153846153846156,0.0,1.0,0.0,0.0
CUST001245,17,9106.119999999999,535.6541176470588,2896.58,782.240589093749,4,9,0,17,17,5,5,43.8235294117647,50,3.764705882352941,5,1,0,0,0,0,0,0,0,0,0.23529411764705882,0.5294117647058824,0.0,1.0,0.0,0.0
CUST001246,40,35336.52,883.4129999999999,3787.56,947.1547128710525,6,16,0,40,40,9,9,32.75,40,2.55,4,0,0,0,0,0,0,0,0,0,0.15,0.4,0.0,1.0,0.0,0.0
CUST001247,27,24878.98,921.4437037037037,5774.83,1352.100050073526,4,9,0,27,25,6,6,33.148148148148145,50,2.5185185185185186,4,0,0,0,0,0,0,0,0,0,0.14814814814814814,0.3333333333333333,0.0,1.0,0.0,0.0
CUST001248,24,15113.05,629.7104166666667,1830.47,613.0464302047402,4,14,0,24,24,7,9,33.75,40,2.75,4,0,0,0,0,0,0,0,0,0,0.16666666666666666,0.5833333333333334,0.0,1.0,0.0,0.0
CUST001249,19,17664.37,929.7036842105263,9226.06,2060.598505308619,5,9,0,19,19,5,3,35.526315789473685,70,2.8421052631578947,5,0,0,0,1,0,0,0,0,0,0.2631578947368421,0.47368421052631576,0.0,1.0,0.05263157894736842,0.0
CUST001250,25,18531.23,741.2492,2402.66,585.217893266545,5,11,0,25,25,4,6,33.2,40,2.64,4,0,0,0,0,0,0,0,0,0,0.2,0.44,0.0,1.0,0.0,0.0
CUST001251,26,36815.75,1415.9903846153845,12488.85,2411.5609049949057,9,17,0,26,26,10,8,36.34615384615385,70,3.076923076923077,5,0,0,0,0,0,0,0,0,0,0.34615384615384615,0.6538461538461539,0.0,1.0,0.0,0.0
CUST001252,27,14092.98,521.9622222222222,1856.58,615.4993377946405,4,11,0,27,27,5,8,32.77777777777778,40,2.5555555555555554,4,0,0,0,0,0,0,0,0,0,0.14814814814814814,0.4074074074074074,0.0,1.0,0.0,0.0
CUST001253,27,17871.73,661.9159259259259,4127.43,971.3894618347128,5,14,0,27,27,9,7,33.51851851851852,40,2.7037037037037037,4,0,0,0,0,0,0,0,0,0,0.18518518518518517,0.5185185185185185,0.0,1.0,0.0,0.0
CUST001254,16,11442.300000000001,715.1437500000001,3184.9,849.3962728736609,3,6,0,16,16,4,3,32.8125,40,2.5625,4,0,0,0,0,0,0,0,0,0,0.1875,0.375,0.0,1.0,0.0,0.0
CUST001255,29,18765.94,647.1013793103448,5069.4,974.148916203722,5,13,0,29,29,6,9,33.793103448275865,50,2.6551724137931036,4,0,0,0,0,0,0,0,0,0,0.1724137931034483,0.4482758620689655,0.0,1.0,0.0,0.0
CUST001256,26,24023.02,923.9623076923077,3462.75,963.0910272920528,3,12,0,26,26,7,9,32.88461538461539,40,2.576923076923077,4,0,0,0,0,0,0,0,0,0,0.11538461538461539,0.46153846153846156,0.0,1.0,0.0,0.0
CUST001257,26,20221.059999999998,777.7330769230769,4134.88,1023.4216605711225,4,13,0,26,26,6,6,33.26923076923077,40,2.6538461538461537,4,0,0,0,0,0,0,0,0,0,0.15384615384615385,0.5,0.0,1.0,0.0,0.0
CUST001258,27,7778.6,288.0962962962963,1050.64,308.6341603949215,3,14,0,27,27,7,6,33.148148148148145,40,2.6296296296296298,4,0,0,0,0,0,0,0,0,0,0.1111111111111111,0.5185185185185185,0.0,1.0,0.0,0.0
CUST001259,20,8314.65,415.73249999999996,1973.42,545.770563938586,3,10,0,20,20,4,7,33.25,40,2.65,4,0,0,0,0,0,0,0,0,0,0.15,0.5,0.0,1.0,0.0,0.0
CUST001260,29,20233.050000000003,697.6913793103449,9169.69,1681.0531618149469,7,17,0,29,29,9,8,35.86206896551724,80,2.9310344827586206,5,0,0,0,1,0,0,0,0,0,0.2413793103448276,0.5862068965517241,0.0,1.0,0.034482758620689655,0.0
CUST001261,24,10585.64,441.0683333333333,1534.06,495.1064688104681,6,14,0,24,24,5,7,34.166666666666664,40,2.8333333333333335,4,0,0,0,0,0,0,0,0,0,0.25,0.5833333333333334,0.0,1.0,0.0,0.0
CUST001262,26,23103.29,888.588076923077,11588.17,2219.4972979285544,5,13,0,26,26,6,6,34.23076923076923,50,2.730769230769231,3,0,0,0,0,0,0,0,0,0,0.19230769230769232,0.5,0.0,1.0,0.0,0.0
CUST001263,21,14969.1,712.8142857142857,2382.55,692.89611816326,2,10,0,21,21,6,3,32.857142857142854,40,2.5714285714285716,4,0,0,0,0,0,0,0,0,0,0.09523809523809523,0.47619047619047616,0.0,1.0,0.0,0.0
CUST001264,21,9631.109999999999,458.62428571428563,3002.89,623.0375472840415,4,12,0,21,21,7,7,33.80952380952381,40,2.761904761904762,4,0,0,0,0,0,0,0,0,0,0.19047619047619047,0.5714285714285714,0.0,1.0,0.0,0.0
CUST001265,22,16570.72,753.2145454545455,3745.53,972.2925119664216,5,10,0,22,22,5,5,33.40909090909091,40,2.6818181818181817,4,0,0,0,0,0,0,0,0,0,0.22727272727272727,0.45454545454545453,0.0,1.0,0.0,0.0
CUST001266,23,20270.43,881.3230434782608,5276.86,1212.9473665731255,3,11,0,23,23,7,7,33.91304347826087,50,2.652173913043478,4,0,0,0,0,0,0,0,0,0,0.13043478260869565,0.4782608695652174,0.0,1.0,0.0,0.0
CUST001267,25,13370.32,534.8128,2552.04,563.8560668477373,3,15,0,25,25,8,8,33.6,40,2.72,4,0,0,0,0,0,0,0,0,0,0.12,0.6,0.0,1.0,0.0,0.0
CUST001268,28,18658.08,666.36,5072.99,1000.2274955377048,4,10,0,28,28,6,3,33.214285714285715,50,2.5357142857142856,4,0,0,0,0,0,0,0,0,0,0.14285714285714285,0.35714285714285715,0.0,1.0,0.0,0.0
CUST001269,25,20615.18,824.6072,8794.39,1736.0196327723368,6,10,0,25,25,4,6,34.6,65,2.72,4,0,0,0,1,0,0,0,0,0,0.24,0.4,0.0,1.0,0.04,0.0
CUST001270,27,13031.94,482.6644444444445,1442.89,425.2719063894329,4,16,0,27,27,6,8,33.7037037037037,40,2.740740740740741,4,0,0,0,0,0,0,0,0,0,0.14814814814814814,0.5925925925925926,0.0,1.0,0.0,0.0
CUST001271,34,14113.77,415.1108823529412,1838.89,378.09956086922523,9,18,0,34,34,8,5,48.970588235294116,55,3.7941176470588234,5,0,0,1,0,0,0,0,0,0,0.2647058823529412,0.5294117647058824,0.0,1.0,0.0,0.0
CUST001272,25,16272.4,650.896,2369.3,680.037349752448,6,13,0,25,25,6,6,33.8,40,2.76,4,0,0,0,0,0,0,0,0,0,0.24,0.52,0.0,1.0,0.0,0.0
CUST001273,12,4997.49,416.4575,1276.0,341.87931892900986,3,7,0,12,12,4,3,34.166666666666664,40,2.8333333333333335,4,0,0,0,0,0,0,0,0,0,0.25,0.5833333333333334,0.0,1.0,0.0,0.0
CUST001274,24,12368.47,515.3529166666666,1808.01,476.0741964230143,6,9,0,24,24,6,7,33.125,40,2.625,4,0,0,0,0,0,0,0,0,0,0.25,0.375,0.0,1.0,0.0,0.0
CUST001275,27,10939.34,405.1607407407407,1381.81,367.23250601812634,4,13,0,27,27,9,7,33.148148148148145,40,2.6296296296296298,4,0,0,0,0,0,0,0,0,0,0.14814814814814814,0.48148148148148145,0.0,1.0,0.0,0.0
CUST001276,25,8618.19,344.7276,1230.71,300.9429949935148,6,11,0,25,25,5,6,33.4,40,2.68,4,0,0,0,0,0,0,0,0,0,0.24,0.44,0.0,1.0,0.0,0.0
CUST001277,21,13988.39,666.1138095238096,2576.08,746.1644123748879,3,6,0,21,21,7,4,32.142857142857146,35,2.4285714285714284,3,0,0,0,0,0,0,0,0,0,0.14285714285714285,0.2857142857142857,0.0,1.0,0.0,0.0
CUST001278,19,15720.51,827.3952631578948,2559.82,672.3571745266254,4,10,0,19,19,4,7,33.68421052631579,40,2.736842105263158,4,0,0,0,0,0,0,0,0,0,0.21052631578947367,0.5263157894736842,0.0,1.0,0.0,0.0
CUST001279,28,26642.49,951.5175,9024.04,1810.2270604143785,1,16,0,28,27,8,7,34.285714285714285,65,2.6785714285714284,4,0,0,0,1,0,0,0,0,0,0.03571428571428571,0.5714285714285714,0.0,1.0,0.03571428571428571,0.0
CUST001280,23,13282.14,577.484347826087,2777.2,719.1646981351861,1,11,0,23,23,4,6,32.608695652173914,35,2.5217391304347827,3,0,0,0,0,0,0,0,0,0,0.043478260869565216,0.4782608695652174,0.0,1.0,0.0,0.0
CUST001281,22,16454.36,747.9254545454546,2592.55,678.8045089625427,4,11,0,22,22,6,7,33.40909090909091,40,2.6818181818181817,4,0,0,0,0,0,0,0,0,0,0.18181818181818182,0.5,0.0,1.0,0.0,0.0
CUST001282,21,8410.76,400.51238095238097,1148.59,331.2380740027445,2,11,0,21,21,5,4,33.095238095238095,40,2.619047619047619,4,0,0,0,0,0,0,0,0,0,0.09523809523809523,0.5238095238095238,0.0,1.0,0.0,0.0
CUST001283,25,23826.92,953.0767999999999,8564.33,1705.9126502469774,5,18,0,25,25,6,11,36.0,70,3.0,5,0,0,0,1,0,0,0,0,0,0.2,0.72,0.0,1.0,0.04,0.0
CUST001284,31,22513.45,726.2403225806452,4439.41,1006.0203609386969,6,18,0,31,30,5,10,33.87096774193548,40,2.774193548387097,4,0,0,0,0,0,0,0,0,0,0.1935483870967742,0.5806451612903226,0.0,1.0,0.0,0.0
CUST001285,21,7130.0,339.5238095238095,1095.53,308.3170806081977,6,9,0,21,21,4,7,33.57142857142857,40,2.7142857142857144,4,0,0,0,0,0,0,0,0,0,0.2857142857142857,0.42857142857142855,0.0,1.0,0.0,0.0
CUST001286,23,11771.54,511.80608695652177,2330.76,622.4056556016351,5,11,0,23,23,6,5,33.47826086956522,40,2.6956521739130435,4,0,0,0,0,0,0,0,0,0,0.21739130434782608,0.4782608695652174,0.0,1.0,0.0,0.0
CUST001287,26,12043.37,463.2065384615385,2253.14,547.0277886684902,1,11,0,26,26,5,6,42.30769230769231,50,3.4615384615384617,5,1,0,0,0,0,0,0,0,0,0.038461538461538464,0.4230769230769231,0.0,1.0,0.0,0.0
CUST001288,33,14837.22,449.6127272727272,1588.52,467.3697390535191,4,15,0,33,33,6,5,32.878787878787875,40,2.5757575757575757,4,0,0,0,0,0,0,0,0,0,0.12121212121212122,0.45454545454545453,0.0,1.0,0.0,0.0
CUST001289,26,13841.23,532.355,3986.62,773.9403224241518,4,15,0,26,26,7,5,33.65384615384615,40,2.730769230769231,4,0,0,0,0,0,0,0,0,0,0.15384615384615385,0.5769230769230769,0.0,1.0,0.0,0.0
CUST001290,23,17721.64,770.5060869565217,4249.2,1122.5728318738454,5,10,0,23,23,6,7,33.26086956521739,40,2.652173913043478,4,0,0,0,0,0,0,0,0,0,0.21739130434782608,0.43478260869565216,0.0,1.0,0.0,0.0
CUST001291,19,9787.69,515.1415789473684,2525.03,671.3462265168992,3,6,0,19,19,3,4,32.36842105263158,35,2.473684210526316,3,0,0,0,0,0,0,0,0,0,0.15789473684210525,0.3157894736842105,0.0,1.0,0.0,0.0
CUST001292,28,20254.94,723.3907142857142,3923.51,987.9710910972625,4,10,0,28,28,5,5,32.5,40,2.5,4,0,0,0,0,0,0,0,0,0,0.14285714285714285,0.35714285714285715,0.0,1.0,0.0,0.0
CUST001293,23,8366.27,363.7508695652174,1902.83,436.75377159128175,1,11,0,23,23,5,6,32.608695652173914,35,2.5217391304347827,3,0,0,0,0,0,0,0,0,0,0.043478260869565216,0.4782608695652174,0.0,1.0,0.0,0.0
CUST001294,20,20679.969999999998,1033.9985,5654.9,1306.6543790204894,1,12,0,20,20,4,7,34.25,55,2.7,4,0,0,0,0,0,0,0,0,0,0.05,0.6,0.0,1.0,0.0,0.0
CUST001295,26,10052.75,386.6442307692308,2460.86,555.0973215008199,7,17,0,26,26,8,7,34.61538461538461,40,2.923076923076923,4,0,0,0,0,0,0,0,0,0,0.2692307692307692,0.6538461538461539,0.0,1.0,0.0,0.0
CUST001296,30,29709.34,990.3113333333333,5736.89,1460.8191600174275,4,13,0,30,30,7,9,43.5,65,3.6,5,1,0,0,0,0,0,0,0,0,0.13333333333333333,0.43333333333333335,0.0,1.0,0.0,0.0
CUST001297,28,13158.1,469.9321428571429,2145.59,557.1547927099637,6,16,0,28,28,7,6,33.92857142857143,40,2.7857142857142856,4,0,0,0,0,0,0,0,0,0,0.21428571428571427,0.5714285714285714,0.0,1.0,0.0,0.0
CUST001298,17,7449.75,438.22058823529414,1723.47,524.3834597466652,2,11,0,17,17,5,7,33.8235294117647,40,2.764705882352941,4,0,0,0,0,0,0,0,0,0,0.11764705882352941,0.6470588235294118,0.0,1.0,0.0,0.0
CUST001299,21,15152.14,721.5304761904762,5201.82,1171.0187474693826,8,10,0,21,21,7,5,35.23809523809524,55,2.9047619047619047,4,0,0,0,0,0,0,0,0,0,0.38095238095238093,0.47619047619047616,0.0,1.0,0.0,0.0
CUST001300,24,17794.94,741.4558333333333,5973.91,1336.0434004142903,6,12,0,24,24,7,8,35.833333333333336,70,2.875,5,0,0,0,0,0,0,0,0,0,0.25,0.5,0.0,1.0,0.0,0.0
CUST001301,28,21819.44,779.2657142857142,5323.86,1108.1723993482462,2,14,0,28,28,6,4,33.57142857142857,55,2.607142857142857,4,0,0,0,0,0,0,0,0,0,0.07142857142857142,0.5,0.0,1.0,0.0,0.0
CUST001302,24,17539.09,730.7954166666667,2995.85,659.157031432401,1,16,0,24,24,8,9,33.541666666666664,40,2.7083333333333335,4,0,0,0,0,0,0,0,0,0,0.041666666666666664,0.6666666666666666,0.0,1.0,0.0,0.0
CUST001303,27,19185.079999999998,710.5585185185184,3857.92,746.6024793159996,6,12,0,27,27,6,7,48.333333333333336,55,3.6666666666666665,5,0,0,1,0,0,0,0,0,0,0.2222222222222222,0.4444444444444444,0.0,1.0,0.0,0.0
CUST001304,20,7570.11,378.5055,1026.27,299.355356803758,6,11,0,20,20,4,5,34.25,40,2.85,4,0,0,0,0,0,0,0,0,0,0.3,0.55,0.0,1.0,0.0,0.0
CUST001305,29,32006.370000000003,1103.6679310344828,9258.85,1997.206133991359,7,15,0,29,29,6,8,36.55172413793103,90,2.9310344827586206,7,0,0,0,1,0,0,0,0,0,0.2413793103448276,0.5172413793103449,0.0,1.0,0.034482758620689655,0.0
CUST001306,23,20193.53,877.9795652173913,4108.43,1221.1469817477423,2,10,0,23,23,6,5,32.608695652173914,40,2.5217391304347827,4,0,0,0,0,0,0,0,0,0,0.08695652173913043,0.43478260869565216,0.0,1.0,0.0,0.0
CUST001307,23,20050.33,871.7534782608697,4753.05,1079.0191420098697,7,11,0,23,23,5,7,48.91304347826087,55,3.782608695652174,5,0,0,1,0,0,0,0,0,0,0.30434782608695654,0.4782608695652174,0.0,1.0,0.0,0.0
CUST001308,19,10854.41,571.2847368421053,1915.89,618.1635415969217,4,13,0,19,19,9,8,34.473684210526315,40,2.8947368421052633,4,0,0,0,0,0,0,0,0,0,0.21052631578947367,0.6842105263157895,0.0,1.0,0.0,0.0
CUST001309,20,9683.28,484.16400000000004,2049.53,626.1788997470461,2,10,0,20,20,4,5,33.0,40,2.6,4,0,0,0,0,0,0,0,0,0,0.1,0.5,0.0,1.0,0.0,0.0
CUST001310,23,13795.22,599.7921739130435,3015.93,736.6228323785672,2,7,0,23,23,5,5,31.956521739130434,35,2.391304347826087,3,0,0,0,0,0,0,0,0,0,0.08695652173913043,0.30434782608695654,0.0,1.0,0.0,0.0
CUST001311,26,26972.18,1037.3915384615384,9050.6,2073.4025377561247,5,14,0,26,26,6,6,36.34615384615385,85,2.8846153846153846,6,0,0,0,1,0,0,0,0,0,0.19230769230769232,0.5384615384615384,0.0,1.0,0.038461538461538464,0.0
CUST001312,18,8929.04,496.0577777777778,1437.32,435.64976385591257,1,8,0,18,18,5,5,32.5,40,2.5,4,0,0,0,0,0,0,0,0,0,0.05555555555555555,0.4444444444444444,0.0,1.0,0.0,0.0
CUST001313,26,17611.54,677.3669230769231,2797.07,701.1871260356638,4,16,0,26,26,7,9,33.84615384615385,40,2.769230769230769,4,0,0,0,0,0,0,0,0,0,0.15384615384615385,0.6153846153846154,0.0,1.0,0.0,0.0
CUST001314,25,21695.04,867.8016,7737.55,1528.6947064807719,4,14,0,25,25,6,8,34.4,50,2.76,4,0,0,0,0,0,0,0,0,0,0.16,0.56,0.0,1.0,0.0,0.0
CUST001315,27,22512.0,833.7777777777778,5711.26,1180.7783861449952,5,9,0,27,27,3,7,33.333333333333336,50,2.5555555555555554,4,0,0,0,0,0,0,0,0,0,0.18518518518518517,0.3333333333333333,0.0,1.0,0.0,0.0
CUST001316,18,15415.269999999999,856.4038888888888,5072.28,1346.7825065738707,4,8,0,18,18,4,4,34.44444444444444,50,2.7222222222222223,4,0,0,0,0,0,0,0,0,0,0.2222222222222222,0.4444444444444444,0.0,1.0,0.0,0.0
CUST001317,23,10358.14,450.35391304347826,1830.99,480.0031039647663,9,11,0,23,23,9,6,34.34782608695652,40,2.869565217391304,4,0,0,0,0,0,0,0,0,0,0.391304347826087,0.4782608695652174,0.0,1.0,0.0,0.0
CUST001318,21,20002.8,952.5142857142857,7278.83,1752.9492317507984,4,9,0,21,21,4,6,35.476190476190474,70,2.761904761904762,5,0,0,0,0,0,0,0,0,0,0.19047619047619047,0.42857142857142855,0.0,1.0,0.0,0.0
CUST001319,26,30628.140000000003,1178.0053846153846,6112.27,1590.594350781445,8,15,0,26,26,8,7,35.19230769230769,55,2.923076923076923,4,0,0,0,0,0,0,0,0,0,0.3076923076923077,0.5769230769230769,0.0,1.0,0.0,0.0
CUST001320,22,13632.18,619.6445454545454,2181.95,576.3362546682463,3,11,0,22,22,3,7,48.18181818181818,55,3.6363636363636362,5,0,0,1,0,0,0,0,0,0,0.13636363636363635,0.5,0.0,1.0,0.0,0.0
CUST001321,25,16307.47,652.2988,3420.96,695.830770807577,6,10,0,25,25,5,6,33.2,35,2.64,3,0,0,0,0,0,0,0,0,0,0.24,0.4,0.0,1.0,0.0,0.0
CUST001322,30,21108.71,703.6236666666666,4716.28,1049.6007742272798,3,14,0,30,30,8,6,32.833333333333336,40,2.566666666666667,4,0,0,0,0,0,0,0,0,0,0.1,0.4666666666666667,0.0,1.0,0.0,0.0
CUST001323,26,14233.53,547.4434615384615,2139.52,445.07723429483394,7,12,0,26,26,7,5,33.65384615384615,40,2.730769230769231,4,0,0,0,0,0,0,0,0,0,0.2692307692307692,0.46153846153846156,0.0,1.0,0.0,0.0
CUST001324,14,7762.53,554.4664285714285,1447.21,476.9460971093089,2,6,0,14,14,4,3,32.857142857142854,40,2.5714285714285716,4,0,0,0,0,0,0,0,0,0,0.14285714285714285,0.42857142857142855,0.0,1.0,0.0,0.0
CUST001325,22,9983.49,453.795,2118.88,571.4393461522862,6,13,0,22,22,8,6,34.31818181818182,40,2.8636363636363638,4,0,0,0,0,0,0,0,0,0,0.2727272727272727,0.5909090909090909,0.0,1.0,0.0,0.0
CUST001326,19,13999.84,736.8336842105264,1731.27,425.3397367100344,4,8,0,19,19,6,5,33.1578947368421,40,2.6315789473684212,4,0,0,0,0,0,0,0,0,0,0.21052631578947367,0.42105263157894735,0.0,1.0,0.0,0.0
CUST001327,24,21596.04,899.835,9479.66,1928.221648627248,8,8,0,24,24,6,5,35.416666666666664,85,2.7916666666666665,6,0,0,0,1,0,0,0,0,0,0.3333333333333333,0.3333333333333333,0.0,1.0,0.041666666666666664,0.0
CUST001328,20,18225.49,911.2745000000001,7219.64,1685.9635024034712,5,10,0,20,20,5,9,34.75,50,2.8,4,0,0,0,0,0,0,0,0,0,0.25,0.5,0.0,1.0,0.0,0.0
CUST001329,31,24199.1,780.6161290322581,11746.92,2068.9314443800495,5,18,0,31,31,8,6,34.354838709677416,55,2.774193548387097,4,0,0,0,0,0,0,0,0,0,0.16129032258064516,0.5806451612903226,0.0,1.0,0.0,0.0
CUST001330,29,12331.77,425.2334482758621,1805.54,456.40374780353557,12,12,0,29,29,6,5,34.13793103448276,40,2.8275862068965516,4,0,0,0,0,0,0,0,0,0,0.41379310344827586,0.41379310344827586,0.0,1.0,0.0,0.0
CUST001331,19,13782.76,725.4084210526316,3194.82,916.9793438680622,3,10,0,19,19,5,5,33.421052631578945,40,2.6842105263157894,4,0,0,0,0,0,0,0,0,0,0.15789473684210525,0.5263157894736842,0.0,1.0,0.0,0.0
CUST001332,25,12658.91,506.3564,2218.3,582.7682243245023,6,11,0,25,25,5,4,33.4,40,2.68,4,0,0,0,0,0,0,0,0,0,0.24,0.44,0.0,1.0,0.0,0.0
CUST001333,25,15898.91,635.9564,2757.52,595.5823090883408,1,13,0,25,25,5,8,32.8,35,2.56,3,0,0,0,0,0,0,0,0,0,0.04,0.52,0.0,1.0,0.0,0.0
CUST001334,25,26825.58,1073.0232,9170.1,1842.143170898867,7,18,0,25,25,8,9,36.4,70,3.08,5,0,0,0,1,0,0,0,0,0,0.28,0.72,0.0,1.0,0.04,0.0
CUST001335,31,19441.66,627.1503225806451,6700.84,1291.2825820955018,9,14,0,31,31,7,8,34.354838709677416,60,2.774193548387097,5,0,0,0,0,0,0,0,0,0,0.2903225806451613,0.45161290322580644,0.0,1.0,0.0,0.0
CUST001336,21,23863.09,1136.337619047619,8245.22,2093.323728592653,7,11,0,21,21,4,6,36.904761904761905,75,3.0,6,0,0,0,1,0,0,0,0,0,0.3333333333333333,0.5238095238095238,0.0,1.0,0.047619047619047616,0.0
CUST001337,21,9213.59,438.742380952381,1230.27,391.72479016402264,3,7,0,21,21,5,4,32.38095238095238,35,2.4761904761904763,3,0,0,0,0,0,0,0,0,0,0.14285714285714285,0.3333333333333333,0.0,1.0,0.0,0.0
CUST001338,19,21050.86,1107.94,7402.95,1832.390768440691,1,8,0,19,19,4,5,33.421052631578945,50,2.526315789473684,4,0,0,0,0,0,0,0,0,0,0.05263157894736842,0.42105263157894735,0.0,1.0,0.0,0.0
CUST001339,20,8014.08,400.704,1714.54,458.91923363943954,5,6,0,20,20,3,3,32.75,35,2.55,3,0,0,0,0,0,0,0,0,0,0.25,0.3,0.0,1.0,0.0,0.0
CUST001340,23,31948.36,1389.0591304347827,10075.19,2407.3339064841625,8,12,0,23,23,6,5,46.08695652173913,65,3.9565217391304346,5,1,0,0,0,0,0,0,0,0,0.34782608695652173,0.5217391304347826,0.0,1.0,0.0,0.0
CUST001341,25,14137.57,565.5028,4592.45,970.9696845315682,3,12,0,25,25,6,6,33.0,35,2.6,3,0,0,0,0,0,0,0,0,0,0.12,0.48,0.0,1.0,0.0,0.0
CUST001342,27,12400.82,459.28962962962964,2267.82,517.9422709922669,5,16,0,27,27,8,6,33.888888888888886,40,2.7777777777777777,4,0,0,0,0,0,0,0,0,0,0.18518518518518517,0.5925925925925926,0.0,1.0,0.0,0.0
CUST001343,29,34296.08,1182.623448275862,8545.06,1919.8470148672855,2,16,0,29,29,7,8,83.62068965517241,100,3.689655172413793,6,0,1,0,1,0,0,0,0,0,0.06896551724137931,0.5517241379310345,0.0,1.0,0.034482758620689655,0.0
CUST001344,16,17103.22,1068.95125,6671.66,1703.8975019128936,6,8,0,16,16,6,3,35.625,50,2.9375,4,0,0,0,0,0,0,0,0,0,0.375,0.5,0.0,1.0,0.0,0.0
CUST001345,26,18070.0,695.0,2703.06,802.8293977128641,7,15,0,26,26,6,8,34.23076923076923,40,2.8461538461538463,4,0,0,0,0,0,0,0,0,0,0.2692307692307692,0.5769230769230769,0.0,1.0,0.0,0.0
CUST001346,29,17434.62,601.1937931034482,3076.74,725.1595039487805,7,11,0,29,29,5,7,33.10344827586207,40,2.6206896551724137,4,0,0,0,0,0,0,0,0,0,0.2413793103448276,0.3793103448275862,0.0,1.0,0.0,0.0
CUST001347,26,16199.53,623.0588461538462,3705.83,716.3043985475836,2,11,0,26,26,5,8,32.5,40,2.5,4,0,0,0,0,0,0,0,0,0,0.07692307692307693,0.4230769230769231,0.0,1.0,0.0,0.0
CUST001348,26,23154.66,890.5638461538462,8010.03,1649.0481356930172,5,14,0,26,26,8,4,35.0,70,2.8076923076923075,5,0,0,0,1,0,0,0,0,0,0.19230769230769232,0.5384615384615384,0.0,1.0,0.038461538461538464,0.0
CUST001349,31,35549.5,1146.758064516129,7234.81,1838.7387983477868,5,12,0,31,31,4,6,34.67741935483871,50,2.6451612903225805,4,0,0,0,0,0,0,0,0,0,0.16129032258064516,0.3870967741935484,0.0,1.0,0.0,0.0
CUST001350,24,19177.43,799.0595833333333,6217.82,1325.761979416002,2,9,0,24,24,8,4,33.125,55,2.5,4,0,0,0,0,0,0,0,0,0,0.08333333333333333,0.375,0.0,1.0,0.0,0.0
CUST001351,15,8569.2,571.2800000000001,1679.41,612.7637597685704,2,7,0,15,15,5,5,33.0,40,2.6,4,0,0,0,0,0,0,0,0,0,0.13333333333333333,0.4666666666666667,0.0,1.0,0.0,0.0
CUST001352,26,32766.73,1260.2588461538462,14802.43,2860.9504792698904,3,13,0,26,26,5,7,33.84615384615385,50,2.6538461538461537,4,0,0,0,0,0,0,0,0,0,0.11538461538461539,0.5,0.0,1.0,0.0,0.0
CUST001353,23,23812.27,1035.3160869565218,6945.54,1712.5039035728282,5,10,0,23,23,6,5,35.0,50,2.739130434782609,4,0,0,0,0,0,0,0,0,0,0.21739130434782608,0.43478260869565216,0.0,1.0,0.0,0.0
CUST001354,18,15845.68,880.3155555555555,6394.5,1496.3928096601555,1,4,0,18,18,4,4,32.5,50,2.3333333333333335,3,0,0,0,0,0,0,0,0,0,0.05555555555555555,0.2222222222222222,0.0,1.0,0.0,0.0
CUST001355,31,19178.58,618.663870967742,9102.82,1592.4825379067267,5,11,0,31,31,7,4,33.70967741935484,70,2.5806451612903225,5,0,0,0,1,0,0,0,0,0,0.16129032258064516,0.3548387096774194,0.0,1.0,0.03225806451612903,0.0
CUST001356,19,12093.64,636.5073684210525,4673.41,1024.3681956744638,1,8,0,19,19,4,5,32.36842105263158,40,2.473684210526316,4,0,0,0,0,0,0,0,0,0,0.05263157894736842,0.42105263157894735,0.0,1.0,0.0,0.0
CUST001357,20,28804.02,1440.201,14254.51,3179.6023048950137,2,10,0,20,20,7,3,34.0,55,2.65,4,0,0,0,0,0,0,0,0,0,0.1,0.5,0.0,1.0,0.0,0.0
CUST001358,34,19323.16,568.3282352941177,3022.31,725.8426419518072,9,13,0,34,34,9,4,33.23529411764706,40,2.6470588235294117,4,0,0,0,0,0,0,0,0,0,0.2647058823529412,0.38235294117647056,0.0,1.0,0.0,0.0
CUST001359,23,21703.36,943.6243478260869,11024.05,2297.2047828350514,3,15,0,23,23,9,7,35.43478260869565,70,2.869565217391304,5,0,0,0,0,0,0,0,0,0,0.13043478260869565,0.6521739130434783,0.0,1.0,0.0,0.0
CUST001360,29,23831.17,821.7644827586206,4977.64,1148.804279338137,7,9,0,29,29,5,7,32.758620689655174,40,2.5517241379310347,4,0,0,0,0,0,0,0,0,0,0.2413793103448276,0.3103448275862069,0.0,1.0,0.0,0.0
CUST001361,24,34642.28,1443.4283333333333,16893.24,3445.1363119200596,8,11,0,24,24,6,9,34.791666666666664,50,2.8333333333333335,4,0,0,0,0,0,0,0,0,0,0.3333333333333333,0.4583333333333333,0.0,1.0,0.0,0.0
CUST001362,22,16557.73,752.6240909090909,3372.79,805.6433462510927,3,10,0,22,22,8,5,32.95454545454545,40,2.590909090909091,4,0,0,0,0,0,0,0,0,0,0.13636363636363635,0.45454545454545453,0.0,1.0,0.0,0.0
CUST001363,31,25538.88,823.8348387096775,3644.8,846.1798558339354,7,10,0,31,31,5,6,32.74193548387097,40,2.5483870967741935,4,0,0,0,0,0,0,0,0,0,0.22580645161290322,0.3225806451612903,0.0,1.0,0.0,0.0
CUST001364,22,24493.010000000002,1113.3186363636364,11243.75,2399.861082180533,4,13,0,22,22,4,9,34.77272727272727,50,2.8181818181818183,4,0,0,0,0,0,0,0,0,0,0.18181818181818182,0.5909090909090909,0.0,1.0,0.0,0.0
CUST001365,16,14617.82,913.61375,2956.33,970.3261045708637,3,6,0,16,16,4,4,32.8125,35,2.5625,3,0,0,0,0,0,0,0,0,0,0.1875,0.375,0.0,1.0,0.0,0.0
CUST001366,31,21748.29,701.5577419354839,8051.37,1452.480818784904,7,21,0,31,31,8,8,35.645161290322584,70,2.967741935483871,5,0,0,0,1,0,0,0,0,0,0.22580645161290322,0.6774193548387096,0.0,1.0,0.03225806451612903,0.0
CUST001367,17,6888.41,405.2005882352941,1938.64,504.366756654701,7,11,0,17,17,3,9,35.294117647058826,40,3.0588235294117645,4,0,0,0,0,0,0,0,0,0,0.4117647058823529,0.6470588235294118,0.0,1.0,0.0,0.0
CUST001368,26,20772.21,798.9311538461538,3829.3,867.5321861479351,6,17,0,26,26,7,9,34.42307692307692,40,2.8846153846153846,4,0,0,0,0,0,0,0,0,0,0.23076923076923078,0.6538461538461539,0.0,1.0,0.0,0.0
CUST001369,26,18323.82,704.7623076923077,2599.01,807.6639649374371,8,12,0,26,26,7,8,33.84615384615385,40,2.769230769230769,4,0,0,0,0,0,0,0,0,0,0.3076923076923077,0.46153846153846156,0.0,1.0,0.0,0.0
CUST001370,27,28126.62,1041.7266666666667,6695.45,1564.674829197133,3,15,0,27,27,8,7,34.074074074074076,50,2.7037037037037037,4,0,0,0,0,0,0,0,0,0,0.1111111111111111,0.5555555555555556,0.0,1.0,0.0,0.0
CUST001371,26,18584.08,714.7723076923078,3698.31,990.1039288854789,7,17,0,26,26,8,7,34.61538461538461,40,2.923076923076923,4,0,0,0,0,0,0,0,0,0,0.2692307692307692,0.6538461538461539,0.0,1.0,0.0,0.0
CUST001372,31,18816.11,606.9712903225807,2250.15,658.570246112703,8,13,0,31,30,6,6,33.38709677419355,40,2.6774193548387095,4,0,0,0,0,0,0,0,0,0,0.25806451612903225,0.41935483870967744,0.0,1.0,0.0,0.0
CUST001373,26,19814.75,762.1057692307693,5261.9,1211.7469638539987,4,10,0,26,26,7,4,33.46153846153846,50,2.576923076923077,4,0,0,0,0,0,0,0,0,0,0.15384615384615385,0.38461538461538464,0.0,1.0,0.0,0.0
CUST001374,25,20102.82,804.1128,3656.99,870.6608792679654,0,10,0,25,25,5,6,32.0,35,2.4,3,0,0,0,0,0,0,0,0,0,0.0,0.4,0.0,1.0,0.0,0.0
CUST001375,27,20580.440000000002,762.2385185185186,6083.55,1215.486202287614,8,11,0,27,27,3,8,44.25925925925926,60,3.740740740740741,5,1,0,0,0,0,0,0,0,0,0.2962962962962963,0.4074074074074074,0.0,1.0,0.0,0.0
CUST001376,35,19921.84,569.1954285714286,4424.29,828.0961552236156,7,17,0,35,35,7,7,33.42857142857143,40,2.6857142857142855,4,0,0,0,0,0,0,0,0,0,0.2,0.4857142857142857,0.0,1.0,0.0,0.0
CUST001377,20,13580.79,679.0395000000001,2881.12,800.4747021116841,5,9,0,20,20,5,6,33.5,40,2.7,4,0,0,0,0,0,0,0,0,0,0.25,0.45,0.0,1.0,0.0,0.0
CUST001378,26,17641.22,678.5084615384616,2998.2,797.7060407879198,4,9,0,26,26,5,6,32.5,40,2.5,4,0,0,0,0,0,0,0,0,0,0.15384615384615385,0.34615384615384615,0.0,1.0,0.0,0.0
CUST001379,24,29558.94,1231.6225,10390.0,2197.6551077756967,6,10,0,24,24,6,7,34.166666666666664,55,2.7083333333333335,4,0,0,0,0,0,0,0,0,0,0.25,0.4166666666666667,0.0,1.0,0.0,0.0
CUST001380,30,41854.04,1395.1346666666666,16070.77,3061.801171665455,8,15,0,30,30,8,8,35.666666666666664,65,2.8666666666666667,4,0,0,0,0,0,0,0,0,0,0.26666666666666666,0.5,0.0,1.0,0.0,0.0
CUST001381,27,21336.64,790.2459259259259,6775.96,1281.9124223274298,3,16,0,27,27,8,7,34.25925925925926,55,2.740740740740741,4,0,0,0,0,0,0,0,0,0,0.1111111111111111,0.5925925925925926,0.0,1.0,0.0,0.0
CUST001382,20,15492.89,774.6445,3178.18,827.2524777171782,4,14,0,20,20,5,8,34.5,40,2.9,4,0,0,0,0,0,0,0,0,0,0.2,0.7,0.0,1.0,0.0,0.0
CUST001383,24,17667.67,736.1529166666666,4088.24,1044.5364814928123,6,12,0,24,24,6,7,34.375,50,2.7916666666666665,4,0,0,0,0,0,0,0,0,0,0.25,0.5,0.0,1.0,0.0,0.0
CUST001384,27,11877.710000000001,439.91518518518524,2399.14,520.3649093174931,5,13,0,27,27,5,9,33.333333333333336,40,2.6666666666666665,4,0,0,0,0,0,0,0,0,0,0.18518518518518517,0.48148148148148145,0.0,1.0,0.0,0.0
CUST001385,32,17647.55,551.4859375,2506.82,669.3560778831346,3,21,0,32,32,10,9,33.75,40,2.75,4,0,0,0,0,0,0,0,0,0,0.09375,0.65625,0.0,1.0,0.0,0.0
CUST001386,23,13994.04,608.4365217391305,3150.21,683.0562382251265,2,12,0,23,23,5,5,33.04347826086956,35,2.608695652173913,3,0,0,0,0,0,0,0,0,0,0.08695652173913043,0.5217391304347826,0.0,1.0,0.0,0.0
CUST001387,19,19100.57,1005.2931578947369,9692.18,2159.91136523663,3,9,0,19,19,4,5,35.78947368421053,80,2.789473684210526,5,0,0,0,1,0,0,0,0,0,0.15789473684210525,0.47368421052631576,0.0,1.0,0.05263157894736842,0.0
CUST001388,35,61824.71,1766.4202857142857,15115.12,3119.1036045807678,8,16,0,35,35,6,9,37.0,85,2.8857142857142857,6,0,0,0,1,0,0,0,0,0,0.22857142857142856,0.45714285714285713,0.0,1.0,0.02857142857142857,0.0
CUST001389,24,15806.57,658.6070833333333,4643.21,919.4147745948491,2,11,0,24,24,4,4,32.708333333333336,40,2.5416666666666665,4,0,0,0,0,0,0,0,0,0,0.08333333333333333,0.4583333333333333,0.0,1.0,0.0,0.0
CUST001390,23,18880.04,820.8713043478261,5372.15,1193.2890885253564,4,8,0,23,23,4,6,33.47826086956522,50,2.5652173913043477,4,0,0,0,0,0,0,0,0,0,0.17391304347826086,0.34782608695652173,0.0,1.0,0.0,0.0
CUST001391,20,13307.35,665.3675000000001,2421.79,725.0741290950152,3,3,0,20,20,3,2,31.5,40,2.3,4,0,0,0,0,0,0,0,0,0,0.15,0.15,0.0,1.0,0.0,0.0
CUST001392,27,16351.68,605.6177777777777,2718.76,646.5078358876268,6,13,0,27,27,6,8,33.51851851851852,40,2.7037037037037037,4,0,0,0,0,0,0,0,0,0,0.2222222222222222,0.48148148148148145,0.0,1.0,0.0,0.0
CUST001393,25,33307.47,1332.2988,7695.92,1748.8168912875547,3,11,0,25,25,7,5,48.6,70,3.6,5,0,0,1,0,0,0,0,0,0,0.12,0.44,0.0,1.0,0.0,0.0
CUST001394,26,15241.9,586.2269230769231,2428.39,631.0369039209623,5,13,0,26,26,5,6,48.46153846153846,55,3.6923076923076925,5,0,0,1,0,0,0,0,0,0,0.19230769230769232,0.5,0.0,1.0,0.0,0.0
CUST001395,32,22031.66,688.489375,6617.65,1227.1920705518771,6,20,0,32,32,10,9,34.6875,50,2.84375,4,0,0,0,0,0,0,0,0,0,0.1875,0.625,0.0,1.0,0.0,0.0
CUST001396,22,21461.11,975.505,8044.55,1718.7731424305177,3,6,0,22,22,5,3,33.63636363636363,70,2.5,5,0,0,0,1,0,0,0,0,0,0.13636363636363635,0.2727272727272727,0.0,1.0,0.045454545454545456,0.0
CUST001397,21,18047.39,859.3995238095238,4428.71,983.4311888560184,3,13,0,21,21,7,6,33.80952380952381,40,2.761904761904762,4,0,0,0,0,0,0,0,0,0,0.14285714285714285,0.6190476190476191,0.0,1.0,0.0,0.0
CUST001398,27,22441.84,831.1792592592593,4396.53,1122.5590360590802,3,13,0,27,27,6,7,36.2962962962963,50,2.814814814814815,4,0,0,0,0,0,0,0,0,0,0.1111111111111111,0.48148148148148145,0.0,1.0,0.0,0.0
CUST001399,32,21558.43,673.7009375,3960.33,814.6116282378881,8,17,0,32,32,8,8,33.90625,40,2.78125,4,0,0,0,0,0,0,0,0,0,0.25,0.53125,0.0,1.0,0.0,0.0
CUST001400,24,12535.53,522.31375,1919.66,513.4751976890878,3,10,0,24,24,5,4,32.708333333333336,40,2.5416666666666665,4,0,0,0,0,0,0,0,0,0,0.125,0.4166666666666667,0.0,1.0,0.0,0.0
CUST001401,21,21143.53,1006.8347619047619,4769.97,1224.13562805197,4,13,0,21,21,6,6,34.04761904761905,40,2.8095238095238093,4,0,0,0,0,0,0,0,0,0,0.19047619047619047,0.6190476190476191,0.0,1.0,0.0,0.0
CUST001402,29,24698.7,851.6793103448276,5404.12,1166.042736401112,5,20,0,29,29,8,9,35.0,55,2.896551724137931,4,0,0,0,0,0,0,0,0,0,0.1724137931034483,0.6896551724137931,0.0,1.0,0.0,0.0
CUST001403,24,31565.85,1315.2437499999999,8186.67,2172.1880289915102,4,11,0,24,24,7,5,35.416666666666664,70,2.75,5,0,0,0,1,0,0,0,0,0,0.16666666666666666,0.4583333333333333,0.0,1.0,0.041666666666666664,0.0
CUST001404,22,17388.100000000002,790.3681818181819,6316.39,1359.7113656271265,4,10,0,22,22,8,6,34.09090909090909,55,2.6818181818181817,4,0,0,0,0,0,0,0,0,0,0.18181818181818182,0.45454545454545453,0.0,1.0,0.0,0.0
CUST001405,22,14512.16,659.6436363636363,3559.25,902.2171247994495,0,13,0,22,22,8,6,32.95454545454545,35,2.590909090909091,3,0,0,0,0,0,0,0,0,0,0.0,0.5909090909090909,0.0,1.0,0.0,0.0
CUST001406,23,14559.83,633.0360869565218,2264.52,651.6472947966639,5,13,0,23,23,8,5,33.91304347826087,40,2.782608695652174,4,0,0,0,0,0,0,0,0,0,0.21739130434782608,0.5652173913043478,0.0,1.0,0.0,0.0
CUST001407,19,10300.509999999998,542.1321052631578,4783.75,1057.6524014721313,5,11,0,19,18,6,6,34.21052631578947,40,2.8421052631578947,4,0,0,0,0,0,0,0,0,0,0.2631578947368421,0.5789473684210527,0.0,1.0,0.0,0.0
CUST001408,22,14839.69,674.5313636363636,4179.45,919.8806975301351,2,14,0,22,22,7,6,33.63636363636363,40,2.727272727272727,4,0,0,0,0,0,0,0,0,0,0.09090909090909091,0.6363636363636364,0.0,1.0,0.0,0.0
CUST001409,26,15911.65,611.9865384615384,4118.26,1031.1079968226113,6,12,0,26,26,7,5,33.46153846153846,40,2.6923076923076925,4,0,0,0,0,0,0,0,0,0,0.23076923076923078,0.46153846153846156,0.0,1.0,0.0,0.0
CUST001410,30,34190.47,1139.6823333333334,8647.79,2015.8274662037088,2,13,0,30,30,6,8,35.0,70,2.6333333333333333,5,0,0,0,1,0,0,0,0,0,0.06666666666666667,0.43333333333333335,0.0,1.0,0.03333333333333333,0.0
CUST001411,28,15231.85,543.9946428571428,2233.18,572.9800245595933,6,13,0,28,28,6,6,33.392857142857146,40,2.6785714285714284,4,0,0,0,0,0,0,0,0,0,0.21428571428571427,0.4642857142857143,0.0,1.0,0.0,0.0
CUST001412,21,50659.44,2412.3542857142857,24075.2,6196.309340578126,3,11,0,21,21,5,6,36.666666666666664,70,2.857142857142857,5,0,0,0,0,0,0,0,0,0,0.14285714285714285,0.5238095238095238,0.0,1.0,0.0,0.0
CUST001413,27,23285.08,862.4103703703704,5895.86,1228.2238387840994,4,10,0,27,27,5,3,48.333333333333336,65,3.5555555555555554,5,0,0,1,0,0,0,0,0,0,0.14814814814814814,0.37037037037037035,0.0,1.0,0.0,0.0
CUST001414,17,7062.1900000000005,415.4229411764706,2308.38,559.3772569313655,3,9,0,17,17,5,6,48.529411764705884,50,3.7058823529411766,4,0,0,1,0,0,0,0,0,0,0.17647058823529413,0.5294117647058824,0.0,1.0,0.0,0.0
CUST001415,27,17486.829999999998,647.6603703703703,4299.95,873.6680675901922,3,17,0,27,27,8,8,33.7037037037037,40,2.740740740740741,4,0,0,0,0,0,0,0,0,0,0.1111111111111111,0.6296296296296297,0.0,1.0,0.0,0.0
CUST001416,21,15113.55,719.6928571428571,1886.52,619.7355170888858,2,10,0,21,21,6,7,32.857142857142854,40,2.5714285714285716,4,0,0,0,0,0,0,0,0,0,0.09523809523809523,0.47619047619047616,0.0,1.0,0.0,0.0
CUST001417,22,19342.59,879.2086363636364,4867.64,1165.310175501194,2,12,0,22,22,8,5,33.86363636363637,45,2.6818181818181817,4,0,0,0,0,0,0,0,0,0,0.09090909090909091,0.5454545454545454,0.0,1.0,0.0,0.0
CUST001418,26,15580.27,599.2411538461539,4219.3,879.9296364929503,4,17,0,26,26,6,9,34.03846153846154,40,2.8076923076923075,4,0,0,0,0,0,0,0,0,0,0.15384615384615385,0.6538461538461539,0.0,1.0,0.0,0.0
CUST001419,20,27106.86,1355.343,8807.89,2214.6836460461363,2,9,0,20,20,6,6,34.5,70,2.65,5,0,0,0,1,0,0,0,0,0,0.1,0.45,0.0,1.0,0.05,0.0
CUST001420,26,27769.11,1068.0426923076923,3922.05,1203.748627777603,1,9,0,26,26,6,4,31.923076923076923,40,2.3846153846153846,4,0,0,0,0,0,0,0,0,0,0.038461538461538464,0.34615384615384615,0.0,1.0,0.0,0.0
CUST001421,14,13920.69,994.335,3109.7,965.5855468992736,2,5,0,14,14,4,3,47.5,50,3.5,4,0,0,1,0,0,0,0,0,0,0.14285714285714285,0.35714285714285715,0.0,1.0,0.0,0.0
CUST001422,17,12905.0,759.1176470588235,5050.64,1154.952829910866,6,10,0,17,17,6,6,35.88235294117647,60,3.0,5,0,0,0,0,0,0,0,0,0,0.35294117647058826,0.5882352941176471,0.0,1.0,0.0,0.0
CUST001423,29,12526.14,431.9358620689655,1728.69,467.7103738312941,5,18,0,29,29,6,6,33.96551724137931,40,2.793103448275862,4,0,0,0,0,0,0,0,0,0,0.1724137931034483,0.6206896551724138,0.0,1.0,0.0,0.0
CUST001424,28,31900.7,1139.3107142857143,8151.16,1959.8915891256322,4,12,0,28,28,7,7,35.535714285714285,65,2.7142857142857144,4,0,0,0,1,0,0,0,0,0,0.14285714285714285,0.42857142857142855,0.0,1.0,0.03571428571428571,0.0
CUST001425,24,22984.829999999998,957.70125,6677.17,1648.607284719076,2,12,0,24,24,7,5,34.583333333333336,55,2.6666666666666665,4,0,0,0,0,0,0,0,0,0,0.08333333333333333,0.5,0.0,1.0,0.0,0.0
CUST001426,35,36582.98,1045.228,6445.79,1493.6883776721772,6,16,0,35,35,8,10,33.714285714285715,55,2.657142857142857,4,0,0,0,0,0,0,0,0,0,0.17142857142857143,0.45714285714285713,0.0,1.0,0.0,0.0
CUST001427,22,14977.58,680.7990909090909,4002.83,987.6471712437599,1,9,0,22,22,5,7,47.27272727272727,50,3.4545454545454546,4,0,0,1,0,0,0,0,0,0,0.045454545454545456,0.4090909090909091,0.0,1.0,0.0,0.0
CUST001428,35,26161.89,747.4825714285714,6076.32,1265.82209898488,8,18,0,35,35,8,6,34.285714285714285,60,2.7714285714285714,5,0,0,0,0,0,0,0,0,0,0.22857142857142856,0.5142857142857142,0.0,1.0,0.0,0.0
CUST001429,23,13769.38,598.6686956521738,2583.33,665.7435506757862,6,14,0,23,23,6,5,34.34782608695652,40,2.869565217391304,4,0,0,0,0,0,0,0,0,0,0.2608695652173913,0.6086956521739131,0.0,1.0,0.0,0.0
CUST001430,16,10550.76,659.4225,3023.1,867.1247717716292,3,8,0,16,16,6,5,33.4375,35,2.6875,3,0,0,0,0,0,0,0,0,0,0.1875,0.5,0.0,1.0,0.0,0.0
CUST001431,20,22094.36,1104.718,14775.83,3239.115792622555,4,6,0,20,20,3,6,34.25,65,2.6,4,0,0,0,0,0,0,0,0,0,0.2,0.3,0.0,1.0,0.0,0.0
CUST001432,15,6687.29,445.8193333333333,2113.09,595.8884259474212,4,8,0,15,15,4,5,34.0,40,2.8,4,0,0,0,0,0,0,0,0,0,0.26666666666666666,0.5333333333333333,0.0,1.0,0.0,0.0
CUST001433,29,16750.0,577.5862068965517,4219.88,828.3929109961467,7,12,0,29,29,5,7,43.275862068965516,50,3.6551724137931036,5,1,0,0,0,0,0,0,0,0,0.2413793103448276,0.41379310344827586,0.0,1.0,0.0,0.0
CUST001434,30,20529.370000000003,684.3123333333334,5150.77,1017.9215249906032,8,12,0,30,30,6,5,34.0,55,2.7,4,0,0,0,0,0,1,0,0,0,0.26666666666666666,0.4,0.0,1.0,0.0,0.0
CUST001435,16,8828.25,551.765625,2387.84,625.890621977661,2,4,0,16,16,3,2,31.875,35,2.375,3,0,0,0,0,0,0,0,0,0,0.125,0.25,0.0,1.0,0.0,0.0
CUST001436,14,5680.75,405.76785714285717,1404.48,427.9161209715785,2,7,0,14,14,3,4,48.214285714285715,50,3.642857142857143,4,0,0,1,0,0,0,0,0,0,0.14285714285714285,0.5,0.0,1.0,0.0,0.0
CUST001437,20,10827.61,541.3805,2565.22,602.9373841232776,2,11,0,20,20,7,7,33.25,40,2.65,4,0,0,0,0,0,0,0,0,0,0.1,0.55,0.0,1.0,0.0,0.0
CUST001438,25,10439.29,417.57160000000005,1717.79,471.668569960942,3,12,0,25,25,8,6,33.0,40,2.6,4,0,0,0,0,0,0,0,0,0,0.12,0.48,0.0,1.0,0.0,0.0
CUST001439,17,7668.68,451.0988235294118,1841.61,436.01096974276845,4,11,0,17,17,6,5,34.411764705882355,40,2.8823529411764706,4,0,0,0,0,0,0,0,0,0,0.23529411764705882,0.6470588235294118,0.0,1.0,0.0,0.0
CUST001440,20,10752.47,537.6234999999999,2427.45,588.4595225383413,2,8,0,20,19,4,7,82.5,85,3.5,4,0,1,0,0,0,0,0,0,0,0.1,0.4,0.0,1.0,0.0,0.0
CUST001441,20,16392.3,819.615,2536.61,794.8419497014883,4,9,0,20,20,6,6,33.25,40,2.65,4,0,0,0,0,0,0,0,0,0,0.2,0.45,0.0,1.0,0.0,0.0
CUST001442,30,18643.93,621.4643333333333,2362.31,643.7567298593432,6,13,0,30,30,6,6,33.166666666666664,40,2.6333333333333333,4,0,0,0,0,0,0,0,0,0,0.2,0.43333333333333335,0.0,1.0,0.0,0.0
CUST001443,20,14803.66,740.183,3076.39,906.2854283519944,5,7,0,20,20,8,3,33.0,40,2.6,4,0,0,0,0,0,0,0,0,0,0.25,0.35,0.0,1.0,0.0,0.0
CUST001444,20,18887.59,944.3795,3890.99,1203.7246834960358,4,9,0,20,20,5,5,33.25,40,2.65,4,0,0,0,0,0,0,0,0,0,0.2,0.45,0.0,1.0,0.0,0.0
CUST001445,19,14473.85,761.7815789473684,3898.42,1041.0609480464477,3,8,0,19,19,4,5,42.89473684210526,50,3.5789473684210527,5,1,0,0,0,0,0,0,0,0,0.15789473684210525,0.42105263157894735,0.0,1.0,0.0,0.0
CUST001446,26,22438.11,863.0042307692308,8067.14,1712.180088670986,7,14,0,26,26,8,3,35.38461538461539,70,2.8846153846153846,5,0,0,0,1,0,0,0,0,0,0.2692307692307692,0.5384615384615384,0.0,1.0,0.038461538461538464,0.0
CUST001447,22,20181.87,917.3577272727272,7262.65,1551.6835967208922,4,8,0,22,22,6,4,33.63636363636363,55,2.590909090909091,4,0,0,0,0,0,0,0,0,0,0.18181818181818182,0.36363636363636365,0.0,1.0,0.0,0.0
CUST001448,28,21095.34,753.405,2843.9,693.3181829300898,6,13,0,28,28,8,5,33.392857142857146,40,2.6785714285714284,4,0,0,0,0,0,0,0,0,0,0.21428571428571427,0.4642857142857143,0.0,1.0,0.0,0.0
CUST001449,28,16431.33,586.8332142857143,5447.18,1085.5251813618913,4,16,0,28,28,8,8,34.285714285714285,55,2.75,4,0,0,0,0,1,0,1,0,0,0.14285714285714285,0.5714285714285714,0.0,1.0,0.0,0.03571428571428571
CUST001450,22,12112.24,550.5563636363636,3777.35,872.7615882906804,11,10,0,22,22,4,5,34.77272727272727,40,2.9545454545454546,4,0,0,0,0,0,0,0,0,0,0.5,0.45454545454545453,0.0,1.0,0.0,0.0
CUST001451,32,27154.39,848.5746875,10596.67,1852.482682477037,3,12,0,32,32,6,6,32.96875,50,2.5,4,0,0,0,0,0,0,0,0,0,0.09375,0.375,0.0,1.0,0.0,0.0
CUST001452,26,13112.26,504.3176923076923,2385.31,593.9133083089329,4,8,0,26,26,5,7,32.30769230769231,40,2.4615384615384617,4,0,0,0,0,0,0,0,0,0,0.15384615384615385,0.3076923076923077,0.0,1.0,0.0,0.0
CUST001453,17,8456.67,497.4511764705882,1666.16,541.3751862488984,1,10,0,17,17,7,5,33.23529411764706,40,2.6470588235294117,4,0,0,0,0,0,0,0,0,0,0.058823529411764705,0.5882352941176471,0.0,1.0,0.0,0.0
CUST001454,18,21062.269999999997,1170.126111111111,8709.23,2025.3340575413547,3,6,0,18,18,5,5,35.27777777777778,80,2.6666666666666665,5,0,0,0,1,0,0,0,0,0,0.16666666666666666,0.3333333333333333,0.0,1.0,0.05555555555555555,0.0
CUST001455,34,15663.73,460.6979411764706,3208.61,622.060053910706,4,15,0,34,34,7,5,32.794117647058826,40,2.5588235294117645,4,0,0,0,0,0,0,0,0,0,0.11764705882352941,0.4411764705882353,0.0,1.0,0.0,0.0
CUST001456,30,11900.76,396.692,2630.99,492.79513893146583,2,16,0,30,30,7,6,33.0,35,2.6,3,0,0,0,0,0,0,0,0,0,0.06666666666666667,0.5333333333333333,0.0,1.0,0.0,0.0
CUST001457,32,17130.09,535.3153125,2281.65,554.0325280422904,4,18,0,32,32,8,9,33.4375,40,2.6875,4,0,0,0,0,0,0,0,0,0,0.125,0.5625,0.0,1.0,0.0,0.0
CUST001458,21,17622.93,839.1871428571428,6676.71,1531.3129089710662,6,11,0,21,21,7,4,35.0,60,2.857142857142857,5,0,0,0,0,0,0,0,0,0,0.2857142857142857,0.5238095238095238,0.0,1.0,0.0,0.0
CUST001459,17,6905.87,406.22764705882355,1426.22,431.8888340986805,4,10,0,17,17,3,7,34.11764705882353,40,2.823529411764706,4,0,0,0,0,0,0,0,0,0,0.23529411764705882,0.5882352941176471,0.0,1.0,0.0,0.0
CUST001460,27,15424.69,571.2848148148148,2125.36,582.0825231235912,3,16,0,27,27,7,7,33.51851851851852,40,2.7037037037037037,4,0,0,0,0,0,0,0,0,0,0.1111111111111111,0.5925925925925926,0.0,1.0,0.0,0.0
CUST001461,32,16730.78,522.836875,1859.05,433.8878195841268,8,21,0,32,32,9,7,34.53125,40,2.90625,4,0,0,0,0,0,0,0,0,0,0.25,0.65625,0.0,1.0,0.0,0.0
CUST001462,23,12146.52,528.1095652173914,1716.37,477.5023580853555,5,12,0,23,23,7,7,33.69565217391305,40,2.739130434782609,4,0,0,0,0,0,0,0,0,0,0.21739130434782608,0.5217391304347826,0.0,1.0,0.0,0.0
CUST001463,20,11478.98,573.949,3098.73,642.9298035342829,2,8,0,20,20,5,3,32.5,40,2.5,4,0,0,0,0,0,0,0,0,0,0.1,0.4,0.0,1.0,0.0,0.0
CUST001464,17,21240.06,1249.4152941176471,4830.02,1385.790360819042,3,10,0,17,17,8,5,33.8235294117647,35,2.764705882352941,3,0,0,0,0,0,0,0,0,0,0.17647058823529413,0.5882352941176471,0.0,1.0,0.0,0.0
CUST001465,22,17031.24,774.1472727272728,4169.59,1101.9492090238998,2,9,0,22,22,7,5,32.5,40,2.5,4,0,0,0,0,0,0,0,0,0,0.09090909090909091,0.4090909090909091,0.0,1.0,0.0,0.0
CUST001466,20,13766.53,688.3265,5802.22,1263.8875648664116,2,16,0,20,20,8,8,35.5,55,2.95,4,0,0,0,0,0,0,0,0,0,0.1,0.8,0.0,1.0,0.0,0.0
CUST001467,23,12718.93,552.9969565217391,2444.05,606.627889854569,4,13,0,23,23,8,6,33.69565217391305,40,2.739130434782609,4,0,0,0,0,0,0,0,0,0,0.17391304347826086,0.5652173913043478,0.0,1.0,0.0,0.0
CUST001468,18,15571.62,865.09,3676.66,1030.1193563740421,1,7,0,18,18,5,5,32.22222222222222,35,2.4444444444444446,3,0,0,0,0,0,0,0,0,0,0.05555555555555555,0.3888888888888889,0.0,1.0,0.0,0.0
CUST001469,30,24669.19,822.3063333333333,2711.64,866.7827914188681,5,14,0,30,30,4,9,33.166666666666664,40,2.6333333333333333,4,0,0,0,0,0,0,0,0,0,0.16666666666666666,0.4666666666666667,0.0,1.0,0.0,0.0
CUST001470,23,17926.39,779.4082608695652,4661.4,1143.4025274299518,2,12,0,23,23,7,7,33.04347826086956,35,2.608695652173913,3,0,0,0,0,0,0,0,0,0,0.08695652173913043,0.5217391304347826,0.0,1.0,0.0,0.0
CUST001471,20,7741.62,387.081,1354.34,359.7780504392878,0,8,0,20,20,4,5,32.0,35,2.4,3,0,0,0,0,0,0,0,0,0,0.0,0.4,0.0,1.0,0.0,0.0
CUST001472,18,7174.62,398.59,1594.54,434.48086787906,2,12,0,18,18,8,6,33.888888888888886,40,2.7777777777777777,4,0,0,0,0,0,0,0,0,0,0.1111111111111111,0.6666666666666666,0.0,1.0,0.0,0.0
CUST001473,30,13211.2,440.37333333333333,1429.12,439.2128843058112,2,19,0,30,30,10,7,33.5,40,2.7,4,0,0,0,0,0,0,0,0,0,0.06666666666666667,0.6333333333333333,0.0,1.0,0.0,0.0
CUST001474,20,20489.64,1024.482,6710.51,1576.333886080711,3,13,0,20,20,7,7,35.0,55,2.85,4,0,0,0,0,0,0,0,0,0,0.15,0.65,0.0,1.0,0.0,0.0
CUST001475,24,10082.02,420.0841666666667,1851.33,395.05531009474856,3,11,0,24,24,7,5,32.916666666666664,40,2.5833333333333335,4,0,0,0,0,0,0,0,0,0,0.125,0.4583333333333333,0.0,1.0,0.0,0.0
CUST001476,25,17633.11,705.3244,3722.79,786.0208108042262,4,13,0,25,25,6,7,33.4,40,2.68,4,0,0,0,0,0,0,0,0,0,0.16,0.52,0.0,1.0,0.0,0.0
CUST001477,24,14524.99,605.2079166666666,2773.46,699.5377832974344,6,12,0,24,24,6,6,33.75,40,2.75,4,0,0,0,0,0,0,0,0,0,0.25,0.5,0.0,1.0,0.0,0.0
CUST001478,24,17240.09,718.3370833333333,4278.09,947.5189709720819,5,12,0,24,24,6,6,33.541666666666664,40,2.7083333333333335,4,0,0,0,0,0,0,0,0,0,0.20833333333333334,0.5,0.0,1.0,0.0,0.0
CUST001479,21,28500.93,1357.1871428571428,19362.27,4168.086601739631,5,11,0,21,21,7,4,35.476190476190474,75,2.857142857142857,6,0,0,0,0,0,0,0,0,0,0.23809523809523808,0.5238095238095238,0.0,1.0,0.0,0.0
CUST001480,19,10202.7,536.9842105263158,2772.7,682.8578078464375,3,12,0,19,19,3,8,33.94736842105263,40,2.789473684210526,4,0,0,0,0,0,0,0,0,0,0.15789473684210525,0.631578947368421,0.0,1.0,0.0,0.0
CUST001481,22,11107.26,504.87545454545455,3012.83,687.0919452420106,7,12,0,22,22,6,7,34.31818181818182,40,2.8636363636363638,4,0,0,0,0,0,0,0,0,0,0.3181818181818182,0.5454545454545454,0.0,1.0,0.0,0.0
CUST001482,18,8910.22,495.0122222222222,2744.41,696.9993418138132,2,5,0,0,18,1,4,11.944444444444445,15,1.3888888888888888,2,0,0,0,0,0,0,0,0,0,0.1111111111111111,0.2777777777777778,0.0,0.0,0.0,0.0
CUST001483,17,20941.48,1231.8517647058823,6154.82,1674.2669704987138,3,10,0,17,17,6,4,35.0,55,2.823529411764706,4,0,0,0,0,0,0,0,0,0,0.17647058823529413,0.5882352941176471,0.0,1.0,0.0,0.0
CUST001484,24,19524.08,813.5033333333334,3980.51,949.1463301380313,6,9,0,24,24,7,5,33.125,40,2.625,4,0,0,0,0,0,0,0,0,0,0.25,0.375,0.0,1.0,0.0,0.0
CUST001485,30,18572.87,619.0956666666666,2300.57,607.0709648040837,3,16,0,30,30,6,6,33.166666666666664,40,2.6333333333333333,4,0,0,0,0,0,0,0,0,0,0.1,0.5333333333333333,0.0,1.0,0.0,0.0
CUST001486,20,18902.47,945.1235,4957.6,1238.5845021860748,3,12,0,20,20,4,8,33.75,40,2.75,4,0,0,0,0,0,0,0,0,0,0.15,0.6,0.0,1.0,0.0,0.0
CUST001487,30,35510.88,1183.696,17215.39,3131.029119649607,4,14,0,30,30,9,8,33.666666666666664,60,2.6333333333333333,5,0,0,0,0,0,0,0,0,0,0.13333333333333333,0.4666666666666667,0.0,1.0,0.0,0.0
CUST001488,28,13044.14,465.8621428571428,1802.24,523.609905632733,4,11,0,28,28,6,9,32.67857142857143,40,2.5357142857142856,4,0,0,0,0,0,0,0,0,0,0.14285714285714285,0.39285714285714285,0.0,1.0,0.0,0.0
CUST001489,29,18751.8,646.6137931034483,2903.56,782.1377281501083,5,16,0,29,28,7,6,33.62068965517241,40,2.7241379310344827,4,0,0,0,0,0,0,0,0,0,0.1724137931034483,0.5517241379310345,0.0,1.0,0.0,0.0
CUST001490,26,15357.31,590.6657692307692,3192.48,665.2368957787779,5,14,0,26,26,7,7,33.65384615384615,40,2.730769230769231,4,0,0,0,0,0,0,0,0,0,0.19230769230769232,0.5384615384615384,0.0,1.0,0.0,0.0
CUST001491,28,16928.05,604.5732142857142,2730.09,653.5202777270166,3,15,0,28,28,8,7,33.214285714285715,40,2.642857142857143,4,0,0,0,0,0,0,0,0,0,0.10714285714285714,0.5357142857142857,0.0,1.0,0.0,0.0
CUST001492,21,12973.289999999999,617.7757142857142,2568.2,640.6237850764786,5,11,0,21,21,7,7,33.80952380952381,40,2.761904761904762,4,0,0,0,0,0,0,0,0,0,0.23809523809523808,0.5238095238095238,0.0,1.0,0.0,0.0
CUST001493,22,48231.689999999995,2192.349545454545,23524.03,5024.5422247655715,3,6,0,22,22,3,6,34.54545454545455,65,2.5454545454545454,4,0,0,0,0,0,0,0,0,0,0.13636363636363635,0.2727272727272727,0.0,1.0,0.0,0.0
CUST001494,21,11659.779999999999,555.227619047619,1441.9,459.04780496049386,4,7,0,21,21,5,6,32.61904761904762,40,2.5238095238095237,4,0,0,0,0,0,0,0,0,0,0.19047619047619047,0.3333333333333333,0.0,1.0,0.0,0.0
CUST001495,17,14015.18,824.4223529411765,2925.59,905.9626148297278,4,11,0,17,17,7,6,84.41176470588235,90,3.8823529411764706,5,0,1,0,0,0,0,0,0,0,0.23529411764705882,0.6470588235294118,0.0,1.0,0.0,0.0
CUST001496,28,20218.23,722.0796428571429,4130.15,881.7380578593879,5,9,0,28,28,6,5,32.5,40,2.5,4,0,0,0,0,0,0,0,0,0,0.17857142857142858,0.32142857142857145,0.0,1.0,0.0,0.0
CUST001497,15,6639.76,442.65066666666667,1835.84,522.7583968645372,4,8,0,15,15,8,5,34.0,40,2.8,4,0,0,0,0,0,0,0,0,0,0.26666666666666666,0.5333333333333333,0.0,1.0,0.0,0.0
CUST001498,20,23384.28,1169.214,5516.76,1714.209336093926,2,5,0,20,20,3,4,33.75,50,2.45,3,0,0,0,0,0,0,0,0,0,0.1,0.25,0.0,1.0,0.0,0.0
CUST001499,22,12625.91,573.905,1731.05,513.4896059294862,7,8,0,22,22,7,4,33.40909090909091,40,2.6818181818181817,4,0,0,0,0,0,0,0,0,0,0.3181818181818182,0.36363636363636365,0.0,1.0,0.0,0.0
CUST001500,19,39902.979999999996,2100.156842105263,34267.08,7800.625526962603,1,12,0,19,19,9,7,35.78947368421053,80,2.8421052631578947,6,0,0,0,0,0,0,0,0,0,0.05263157894736842,0.631578947368421,0.0,1.0,0.0,0.0
CUST001501,19,9970.49,524.7626315789473,3021.09,663.8487728880067,4,11,0,19,19,5,7,33.94736842105263,40,2.789473684210526,4,0,0,0,0,0,0,0,0,0,0.21052631578947367,0.5789473684210527,0.0,1.0,0.0,0.0
CUST001502,18,21264.87,1181.3816666666667,10302.31,2382.2662575476315,2,7,0,18,18,5,5,33.611111111111114,55,2.5555555555555554,4,0,0,0,0,0,0,0,0,0,0.1111111111111111,0.3888888888888889,0.0,1.0,0.0,0.0
CUST001503,25,20318.62,812.7447999999999,3543.27,951.9879355858455,4,13,0,25,25,5,6,33.4,40,2.68,4,0,0,0,0,0,0,0,0,0,0.16,0.52,0.0,1.0,0.0,0.0
CUST001504,16,13038.97,814.935625,2329.86,652.3143214020753,3,6,0,16,16,4,5,32.8125,40,2.5625,4,0,0,0,0,0,0,0,0,0,0.1875,0.375,0.0,1.0,0.0,0.0
CUST001505,20,13745.38,687.269,4033.87,994.550092522136,5,11,0,20,20,4,8,34.0,40,2.8,4,0,0,0,0,0,0,0,0,0,0.25,0.55,0.0,1.0,0.0,0.0
CUST001506,20,7874.41,393.7205,1392.06,327.23689287369723,5,12,0,20,20,4,9,34.25,40,2.85,4,0,0,0,0,0,0,0,0,0,0.25,0.6,0.0,1.0,0.0,0.0
CUST001507,24,22133.46,922.2275,3244.79,1085.5724792426945,8,9,0,24,24,7,3,48.541666666666664,55,3.7083333333333335,5,0,0,1,0,0,0,0,0,0,0.3333333333333333,0.375,0.0,1.0,0.0,0.0
CUST001508,23,13019.32,566.0573913043478,4352.18,922.4159248764154,4,12,0,23,23,6,7,33.47826086956522,40,2.6956521739130435,4,0,0,0,0,0,0,0,0,0,0.17391304347826086,0.5217391304347826,0.0,1.0,0.0,0.0
CUST001509,29,13059.48,450.32689655172413,2137.35,473.7104099786783,8,13,0,29,29,6,9,33.62068965517241,40,2.7241379310344827,4,0,0,0,0,0,0,0,0,0,0.27586206896551724,0.4482758620689655,0.0,1.0,0.0,0.0
CUST001510,32,20108.88,628.4025,2610.35,592.5458091560407,9,15,0,32,32,7,6,33.75,40,2.75,4,0,0,0,0,0,0,0,0,0,0.28125,0.46875,0.0,1.0,0.0,0.0
CUST001511,22,23252.49,1056.9313636363638,5564.99,1355.7050359211112,4,11,0,22,22,4,5,34.31818181818182,55,2.727272727272727,4,0,0,0,0,0,0,0,0,0,0.18181818181818182,0.5,0.0,1.0,0.0,0.0
CUST001512,22,9906.2,450.2818181818182,3790.46,780.1283964141896,5,12,0,22,22,8,4,33.86363636363637,40,2.772727272727273,4,0,0,0,0,0,0,0,0,0,0.22727272727272727,0.5454545454545454,0.0,1.0,0.0,0.0
CUST001513,20,13744.23,687.2115,4468.36,1091.8271227542582,1,8,0,20,20,5,6,33.75,50,2.55,4,0,0,0,0,0,0,0,0,0,0.05,0.4,0.0,1.0,0.0,0.0
CUST001514,24,16340.44,680.8516666666667,5072.7,1029.8718121737993,5,10,0,24,24,5,3,33.958333333333336,60,2.6666666666666665,5,0,0,0,0,0,0,0,0,0,0.20833333333333334,0.4166666666666667,0.0,1.0,0.0,0.0
CUST001515,23,13791.68,599.6382608695652,5700.99,1178.0535451469095,4,13,0,23,23,8,8,34.56521739130435,55,2.782608695652174,4,0,0,0,0,0,0,0,0,0,0.17391304347826086,0.5652173913043478,0.0,1.0,0.0,0.0
CUST001516,14,8755.8,625.4142857142857,2857.86,752.5315983727531,2,5,0,14,14,5,3,47.5,55,3.5,5,0,0,1,0,0,0,0,0,0,0.14285714285714285,0.35714285714285715,0.0,1.0,0.0,0.0
CUST001517,19,11380.23,598.9594736842105,3906.04,927.3933752936757,2,13,0,19,19,7,6,33.94736842105263,40,2.789473684210526,4,0,0,0,0,0,0,0,0,0,0.10526315789473684,0.6842105263157895,0.0,1.0,0.0,0.0
CUST001518,21,30380.86,1446.7076190476191,9582.65,2475.8745365747122,3,12,0,21,21,6,5,37.142857142857146,70,2.9047619047619047,5,0,0,0,1,0,0,0,0,0,0.14285714285714285,0.5714285714285714,0.0,1.0,0.047619047619047616,0.0
CUST001519,28,22504.8,803.7428571428571,3120.99,948.065003498284,6,16,0,28,28,9,6,33.92857142857143,40,2.7857142857142856,4,0,0,0,0,0,0,0,0,0,0.21428571428571427,0.5714285714285714,0.0,1.0,0.0,0.0
CUST001520,31,29501.41,951.6583870967742,13374.65,2375.5786126080197,3,13,0,31,31,6,6,33.70967741935484,65,2.5806451612903225,4,0,0,0,0,0,0,0,0,0,0.0967741935483871,0.41935483870967744,0.0,1.0,0.0,0.0
CUST001521,20,13642.859999999999,682.1429999999999,5399.69,1170.1278112874768,4,11,0,20,20,6,6,34.75,55,2.8,4,0,0,0,0,0,0,0,0,0,0.2,0.55,0.0,1.0,0.0,0.0
CUST001522,23,20185.39,877.6256521739131,4553.79,1157.7665169973768,7,13,0,23,23,6,5,34.34782608695652,40,2.869565217391304,4,0,0,0,0,0,0,0,0,0,0.30434782608695654,0.5652173913043478,0.0,1.0,0.0,0.0
CUST001523,27,20269.2,750.7111111111111,6203.86,1315.6209685582912,4,15,0,27,27,5,7,34.25925925925926,60,2.740740740740741,5,0,0,0,0,0,0,0,0,0,0.14814814814814814,0.5555555555555556,0.0,1.0,0.0,0.0
CUST001524,17,11089.94,652.3494117647059,3598.7,856.9422494943183,2,8,0,17,17,4,3,32.94117647058823,40,2.588235294117647,4,0,0,0,0,0,0,0,0,0,0.11764705882352941,0.47058823529411764,0.0,1.0,0.0,0.0
CUST001525,19,14388.11,757.2689473684211,5753.53,1260.9890775537833,2,5,0,19,19,3,5,32.89473684210526,55,2.4210526315789473,4,0,0,0,0,0,0,0,0,0,0.10526315789473684,0.2631578947368421,0.0,1.0,0.0,0.0
CUST001526,24,32176.67,1340.6945833333332,14843.15,3032.3793330047943,7,10,0,24,24,7,6,34.375,55,2.75,4,0,0,0,0,0,0,0,0,0,0.2916666666666667,0.4166666666666667,0.0,1.0,0.0,0.0
CUST001527,25,13022.59,520.9036,2453.78,649.2791633090756,4,13,0,25,25,7,10,33.4,40,2.68,4,0,0,0,0,0,0,0,0,0,0.16,0.52,0.0,1.0,0.0,0.0
CUST001528,24,12879.01,536.6254166666666,2665.75,601.8043796059167,2,9,0,24,24,7,4,32.291666666666664,40,2.4583333333333335,4,0,0,0,0,0,0,0,0,0,0.08333333333333333,0.375,0.0,1.0,0.0,0.0
CUST001529,15,10127.210000000001,675.1473333333334,1403.92,480.3360363844501,2,7,0,15,15,5,3,33.0,35,2.6,3,0,0,0,0,0,0,0,0,0,0.13333333333333333,0.4666666666666667,0.0,1.0,0.0,0.0
CUST001530,24,20852.420000000002,868.8508333333334,5473.42,1236.1093129651906,2,11,0,24,24,3,7,33.541666666666664,55,2.5833333333333335,4,0,0,0,0,0,0,0,0,0,0.08333333333333333,0.4583333333333333,0.0,1.0,0.0,0.0
CUST001531,21,15442.99,735.3804761904762,4198.12,957.971252337335,2,5,0,21,21,3,5,31.666666666666668,35,2.3333333333333335,3,0,0,0,0,0,0,0,0,0,0.09523809523809523,0.23809523809523808,0.0,1.0,0.0,0.0
CUST001532,22,11602.42,527.3827272727273,1752.0,448.56570370971156,4,11,0,22,22,4,5,48.40909090909091,55,3.6818181818181817,5,0,0,1,0,0,0,0,0,0,0.18181818181818182,0.5,0.0,1.0,0.0,0.0
CUST001533,28,31112.55,1111.1625,6459.79,1574.4102549999714,8,10,0,28,28,7,7,33.92857142857143,55,2.6785714285714284,4,0,0,0,0,0,0,0,0,0,0.2857142857142857,0.35714285714285715,0.0,1.0,0.0,0.0
CUST001534,21,10146.66,483.1742857142857,3364.88,724.6999771531074,4,8,0,21,21,5,4,32.857142857142854,40,2.5714285714285716,4,0,0,0,0,0,0,0,0,0,0.19047619047619047,0.38095238095238093,0.0,1.0,0.0,0.0
CUST001535,22,12601.81,572.8095454545454,2015.97,588.9603464983043,4,12,0,22,22,6,5,33.63636363636363,40,2.727272727272727,4,0,0,0,0,0,0,0,0,0,0.18181818181818182,0.5454545454545454,0.0,1.0,0.0,0.0
CUST001536,18,16880.29,937.7938888888889,6950.68,1634.492454347612,0,7,0,18,18,5,5,33.05555555555556,50,2.4444444444444446,3,0,0,0,0,0,0,0,0,0,0.0,0.3888888888888889,0.0,1.0,0.0,0.0
CUST001537,25,18990.65,759.6260000000001,5068.34,1183.0801608513264,5,14,0,25,25,5,6,34.6,60,2.8,5,0,0,0,0,0,0,0,0,0,0.2,0.56,0.0,1.0,0.0,0.0
CUST001538,32,15447.36,482.73,4109.58,751.8335710437432,7,13,0,32,32,9,7,33.125,40,2.625,4,0,0,0,0,0,0,0,0,0,0.21875,0.40625,0.0,1.0,0.0,0.0
CUST001539,23,7739.59,336.5039130434783,906.42,255.83477945628633,5,14,0,23,23,8,6,34.130434782608695,40,2.8260869565217392,4,0,0,0,0,0,0,0,0,0,0.21739130434782608,0.6086956521739131,0.0,1.0,0.0,0.0
CUST001540,26,15852.71,609.7196153846154,3479.23,796.2684061017654,6,8,0,26,26,4,4,32.69230769230769,40,2.5384615384615383,4,0,0,0,0,0,0,0,0,0,0.23076923076923078,0.3076923076923077,0.0,1.0,0.0,0.0
CUST001541,25,11664.210000000001,466.56840000000005,2558.88,519.9475529535007,7,12,0,25,25,7,7,33.8,40,2.76,4,0,0,0,0,0,0,0,0,0,0.28,0.48,0.0,1.0,0.0,0.0
CUST001542,19,7432.05,391.16052631578947,1228.31,417.8697443445702,3,14,0,19,18,7,7,34.473684210526315,40,2.8947368421052633,4,0,0,0,0,0,0,0,0,0,0.15789473684210525,0.7368421052631579,0.0,1.0,0.0,0.0
CUST001543,22,20203.2,918.3272727272728,8034.42,1719.1247075576177,5,12,0,22,22,9,6,36.13636363636363,80,2.909090909090909,5,0,0,0,1,0,0,0,0,0,0.22727272727272727,0.5454545454545454,0.0,1.0,0.045454545454545456,0.0
CUST001544,28,22615.71,807.7039285714285,3450.98,803.1178986616231,2,16,0,28,27,8,7,33.214285714285715,40,2.642857142857143,4,0,0,0,0,0,0,0,0,0,0.07142857142857142,0.5714285714285714,0.0,1.0,0.0,0.0
CUST001545,19,33972.24,1788.0126315789473,15289.93,3514.391092103126,5,9,0,19,19,5,4,36.578947368421055,65,2.8947368421052633,4,0,0,0,0,0,0,0,0,0,0.2631578947368421,0.47368421052631576,0.0,1.0,0.0,0.0
CUST001546,25,11846.85,473.874,2794.97,617.9136710806238,8,11,0,25,25,7,5,33.8,40,2.76,4,0,0,0,0,0,0,0,0,0,0.32,0.44,0.0,1.0,0.0,0.0
CUST001547,25,10865.85,434.634,1424.23,441.2170612351703,3,12,0,25,25,5,8,33.0,40,2.6,4,0,0,0,0,0,0,0,0,0,0.12,0.48,0.0,1.0,0.0,0.0
CUST001548,25,8443.74,337.7496,1652.49,376.1417170150102,6,12,0,25,25,7,6,33.6,40,2.72,4,0,0,0,0,0,0,0,0,0,0.24,0.48,0.0,1.0,0.0,0.0
CUST001549,23,16260.0,706.9565217391304,6889.94,1431.4687224367233,8,11,0,23,23,7,7,45.65217391304348,75,3.9130434782608696,5,1,0,0,0,0,0,0,0,0,0.34782608695652173,0.4782608695652174,0.0,1.0,0.0,0.0
CUST001550,38,27272.55,717.6986842105263,7525.79,1287.5604739010419,9,16,0,38,38,6,6,33.81578947368421,50,2.6842105263157894,4,0,0,0,0,0,0,0,0,0,0.23684210526315788,0.42105263157894735,0.0,1.0,0.0,0.0
CUST001551,32,32496.850000000002,1015.5265625000001,5287.06,1241.7839723574837,9,17,0,32,32,6,9,34.6875,55,2.84375,4,0,0,0,0,0,0,0,0,0,0.28125,0.53125,0.0,1.0,0.0,0.0
CUST001552,18,21424.16,1190.2311111111112,11393.27,2706.8360480889837,6,7,0,18,18,3,7,34.72222222222222,50,2.7777777777777777,4,0,0,0,0,0,0,0,0,0,0.3333333333333333,0.3888888888888889,0.0,1.0,0.0,0.0
CUST001553,15,8848.03,589.8686666666667,4059.33,990.8170280117794,2,7,0,15,15,6,3,33.0,40,2.6,4,0,0,0,0,0,0,0,0,0,0.13333333333333333,0.4666666666666667,0.0,1.0,0.0,0.0
CUST001554,21,12128.02,577.5247619047619,4147.7,943.7807388616228,3,12,0,21,21,6,6,34.285714285714285,50,2.761904761904762,4,0,0,0,0,0,0,0,0,0,0.14285714285714285,0.5714285714285714,0.0,1.0,0.0,0.0
CUST001555,26,21639.61,832.2926923076923,4843.58,1183.7617615062843,6,12,0,26,26,9,5,33.46153846153846,40,2.6923076923076925,4,0,0,0,0,0,0,0,0,0,0.23076923076923078,0.46153846153846156,0.0,1.0,0.0,0.0
CUST001556,30,18879.85,629.3283333333333,2240.05,539.951268995851,4,14,0,30,30,8,6,33.0,40,2.6,4,0,0,0,0,0,0,0,0,0,0.13333333333333333,0.4666666666666667,0.0,1.0,0.0,0.0
CUST001557,23,10280.32,446.97043478260866,3218.28,654.8724814210241,4,9,0,23,23,7,5,32.82608695652174,40,2.5652173913043477,4,0,0,0,0,0,0,0,0,0,0.17391304347826086,0.391304347826087,0.0,1.0,0.0,0.0
CUST001558,28,45791.8,1635.4214285714286,24985.03,4656.073259581562,4,11,0,28,28,4,6,33.92857142857143,70,2.607142857142857,5,0,0,0,0,0,0,0,0,0,0.14285714285714285,0.39285714285714285,0.0,1.0,0.0,0.0
CUST001559,22,10518.68,478.1218181818182,2193.0,584.4749346993204,8,11,0,22,22,5,6,34.31818181818182,40,2.8636363636363638,4,0,0,0,0,0,0,0,0,0,0.36363636363636365,0.5,0.0,1.0,0.0,0.0
CUST001560,22,9103.22,413.78272727272724,1678.52,528.0064109656049,3,11,0,22,22,5,6,33.18181818181818,40,2.6363636363636362,4,0,0,0,0,0,0,0,0,0,0.13636363636363635,0.5,0.0,1.0,0.0,0.0
CUST001561,31,18675.36,602.4309677419355,3416.12,783.9110723475159,7,12,0,31,31,7,7,33.064516129032256,40,2.6129032258064515,4,0,0,0,0,0,0,0,0,0,0.22580645161290322,0.3870967741935484,0.0,1.0,0.0,0.0
CUST001562,18,19336.02,1074.2233333333334,3978.46,924.5752795743567,0,11,0,18,18,6,8,33.05555555555556,35,2.611111111111111,3,0,0,0,0,0,0,0,0,0,0.0,0.6111111111111112,0.0,1.0,0.0,0.0
CUST001563,26,28754.530000000002,1105.9434615384616,9023.12,1800.564736782196,6,12,0,26,25,5,8,34.80769230769231,65,2.769230769230769,4,0,0,0,1,0,0,0,0,0,0.23076923076923078,0.46153846153846156,0.0,1.0,0.038461538461538464,0.0
CUST001564,11,8800.47,800.0427272727272,3276.21,925.6893404062824,3,3,0,11,11,3,2,32.72727272727273,35,2.5454545454545454,3,0,0,0,0,0,0,0,0,0,0.2727272727272727,0.2727272727272727,0.0,1.0,0.0,0.0
CUST001565,19,14210.84,747.938947368421,4996.15,1119.2790051928505,3,9,0,19,19,3,7,33.1578947368421,40,2.6315789473684212,4,0,0,0,0,0,0,0,0,0,0.15789473684210525,0.47368421052631576,0.0,1.0,0.0,0.0
CUST001566,23,14547.32,632.4921739130434,6728.17,1381.915512655454,4,11,0,23,23,8,7,34.130434782608695,50,2.6956521739130435,4,0,0,0,0,0,0,0,0,0,0.17391304347826086,0.4782608695652174,0.0,1.0,0.0,0.0
CUST001567,20,18034.06,901.7030000000001,3579.52,1004.7537228128671,4,9,0,20,20,3,5,33.25,40,2.65,4,0,0,0,0,0,0,0,0,0,0.2,0.45,0.0,1.0,0.0,0.0
CUST001568,22,15006.62,682.1190909090909,2267.84,555.3180252870044,2,10,0,22,22,5,4,32.72727272727273,40,2.5454545454545454,4,0,0,0,0,0,0,0,0,0,0.09090909090909091,0.45454545454545453,0.0,1.0,0.0,0.0
CUST001569,24,20248.63,843.6929166666667,5646.73,1206.9515197910416,4,14,0,24,24,7,6,34.583333333333336,55,2.7916666666666665,4,0,0,0,0,0,0,0,0,0,0.16666666666666666,0.5833333333333334,0.0,1.0,0.0,0.0
CUST001570,21,15967.41,760.3528571428571,3635.03,1073.2002258345963,2,9,0,21,21,3,4,32.61904761904762,35,2.5238095238095237,3,0,0,0,0,0,0,0,0,0,0.09523809523809523,0.42857142857142855,0.0,1.0,0.0,0.0
CUST001571,16,3420.4,213.775,824.69,222.53429578381844,0,8,0,16,16,4,5,47.5,50,3.5,4,0,0,1,0,0,0,0,0,0,0.0,0.5,0.0,1.0,0.0,0.0
CUST001572,30,16295.44,543.1813333333333,2711.84,605.7747647761008,6,20,0,30,30,8,9,34.333333333333336,40,2.8666666666666667,4,0,0,0,0,0,0,0,0,0,0.2,0.6666666666666666,0.0,1.0,0.0,0.0
CUST001573,30,15711.5,523.7166666666667,4267.27,826.5286624578532,6,14,0,30,30,8,8,33.333333333333336,40,2.6666666666666665,4,0,0,0,0,0,0,0,0,0,0.2,0.4666666666666667,0.0,1.0,0.0,0.0
CUST001574,18,8014.44,445.24666666666667,3529.25,798.953799488836,3,14,0,18,18,8,8,34.72222222222222,40,2.9444444444444446,4,0,0,0,0,0,0,0,0,0,0.16666666666666666,0.7777777777777778,0.0,1.0,0.0,0.0
CUST001575,17,11501.54,676.5611764705883,2404.35,655.0883699059459,3,8,0,17,17,4,6,33.23529411764706,40,2.6470588235294117,4,0,0,0,0,0,0,0,0,0,0.17647058823529413,0.47058823529411764,0.0,1.0,0.0,0.0
CUST001576,29,21713.46,748.74,5115.92,1234.6064881312238,8,13,0,29,29,7,5,35.86206896551724,75,2.8620689655172415,6,0,0,0,0,0,0,0,0,0,0.27586206896551724,0.4482758620689655,0.0,1.0,0.0,0.0
CUST001577,20,9268.23,463.4115,1564.67,449.12175644045334,2,9,0,20,20,5,6,32.75,40,2.55,4,0,0,0,0,0,0,0,0,0,0.1,0.45,0.0,1.0,0.0,0.0
CUST001578,32,28701.33,896.9165625,4647.46,1081.0703749036204,3,18,0,32,32,9,8,33.28125,40,2.65625,4,0,0,0,0,0,0,0,0,0,0.09375,0.5625,0.0,1.0,0.0,0.0
CUST001579,22,8323.45,378.3386363636364,1203.82,339.13126399944537,2,14,0,22,22,4,7,33.63636363636363,40,2.727272727272727,4,0,0,0,0,0,0,0,0,0,0.09090909090909091,0.6363636363636364,0.0,1.0,0.0,0.0
CUST001580,27,36259.020000000004,1342.9266666666667,15793.7,3063.4719905964917,2,16,0,27,27,10,6,34.074074074074076,55,2.7037037037037037,4,0,0,0,0,0,0,0,0,0,0.07407407407407407,0.5925925925925926,0.0,1.0,0.0,0.0
CUST001581,23,12407.199999999999,539.4434782608695,4183.86,909.1946263569988,5,10,0,23,23,6,5,33.26086956521739,40,2.652173913043478,4,0,0,0,0,0,0,0,0,0,0.21739130434782608,0.43478260869565216,0.0,1.0,0.0,0.0
CUST001582,24,15389.97,641.24875,2309.21,687.1988063417311,5,17,0,24,24,8,11,34.583333333333336,40,2.9166666666666665,4,0,0,0,0,0,0,0,0,0,0.20833333333333334,0.7083333333333334,0.0,1.0,0.0,0.0
CUST001583,12,6270.889999999999,522.5741666666667,2802.7,760.5896331669663,3,3,0,0,12,2,3,12.5,20,1.5,3,0,0,0,0,0,0,0,0,0,0.25,0.25,0.0,0.0,0.0,0.0
CUST001584,26,13106.9,504.11153846153843,1706.12,450.1837699490492,6,16,0,26,26,6,7,34.23076923076923,40,2.8461538461538463,4,0,0,0,0,0,0,0,0,0,0.23076923076923078,0.6153846153846154,0.0,1.0,0.0,0.0
CUST001585,35,24332.61,695.2174285714286,4250.0,790.405180845811,4,17,0,35,35,8,8,33.0,40,2.6,4,0,0,0,0,0,0,0,0,0,0.11428571428571428,0.4857142857142857,0.0,1.0,0.0,0.0
CUST001586,30,22931.280000000002,764.3760000000001,2711.18,730.7909409277519,7,13,0,30,29,7,6,33.333333333333336,40,2.6666666666666665,4,0,0,0,0,0,0,0,0,0,0.23333333333333334,0.43333333333333335,0.0,1.0,0.0,0.0
CUST001587,31,28756.0,927.6129032258065,7383.23,1650.608300347064,4,15,0,31,31,7,9,34.354838709677416,55,2.6774193548387095,4,0,0,0,0,0,0,0,0,0,0.12903225806451613,0.4838709677419355,0.0,1.0,0.0,0.0
CUST001588,31,35292.75,1138.475806451613,4934.07,1486.173723211779,7,10,0,31,31,6,5,32.74193548387097,40,2.5483870967741935,4,0,0,0,0,0,0,0,0,0,0.22580645161290322,0.3225806451612903,0.0,1.0,0.0,0.0
CUST001589,22,21370.829999999998,971.4013636363635,6093.12,1458.470546031324,9,13,0,22,22,6,6,35.90909090909091,55,3.0454545454545454,4,0,0,0,0,0,0,0,0,0,0.4090909090909091,0.5909090909090909,0.0,1.0,0.0,0.0
CUST001590,17,13245.460000000001,779.144705882353,2805.98,738.8859879416246,2,7,0,17,17,6,6,32.64705882352941,35,2.5294117647058822,3,0,0,0,0,0,0,0,0,0,0.11764705882352941,0.4117647058823529,0.0,1.0,0.0,0.0
CUST001591,25,20109.88,804.3952,6483.51,1493.5309284296727,3,12,0,25,25,6,8,33.8,55,2.64,4,0,0,0,0,0,0,0,0,0,0.12,0.48,0.0,1.0,0.0,0.0
CUST001592,25,29173.15,1166.9260000000002,5500.52,1356.6760989577924,7,10,0,25,25,6,6,34.8,65,2.76,4,0,0,0,0,0,0,0,0,0,0.28,0.4,0.0,1.0,0.0,0.0
CUST001593,17,12453.22,732.5423529411764,4464.69,1085.8542922080371,3,8,0,17,17,4,6,33.23529411764706,35,2.6470588235294117,3,0,0,0,0,0,0,0,0,0,0.17647058823529413,0.47058823529411764,0.0,1.0,0.0,0.0
CUST001594,21,9548.11,454.6719047619048,2302.48,515.5219285987653,4,9,0,21,21,5,6,33.095238095238095,40,2.619047619047619,4,0,0,0,0,0,0,0,0,0,0.19047619047619047,0.42857142857142855,0.0,1.0,0.0,0.0
CUST001595,32,23445.879999999997,732.6837499999999,4949.03,1013.931074497002,4,17,0,32,32,7,9,33.28125,35,2.65625,3,0,0,0,0,0,0,0,0,0,0.125,0.53125,0.0,1.0,0.0,0.0
CUST001596,12,13789.39,1149.1158333333333,4065.1,1223.135197503518,0,5,0,12,12,5,3,32.083333333333336,35,2.4166666666666665,3,0,0,0,0,0,0,0,0,0,0.0,0.4166666666666667,0.0,1.0,0.0,0.0
CUST001597,29,18075.23,623.2837931034483,3278.9,729.0395946890568,4,18,0,29,27,8,10,33.793103448275865,40,2.7586206896551726,4,0,0,0,0,0,0,0,0,0,0.13793103448275862,0.6206896551724138,0.0,1.0,0.0,0.0
CUST001598,21,10167.25,484.1547619047619,2211.13,560.3774777381675,3,6,0,21,21,5,3,32.142857142857146,40,2.4285714285714284,4,0,0,0,0,0,0,0,0,0,0.14285714285714285,0.2857142857142857,0.0,1.0,0.0,0.0
CUST001599,21,24305.38,1157.3990476190477,16050.98,3442.985709398029,7,8,0,21,21,8,3,35.23809523809524,70,2.8095238095238093,5,0,0,0,0,0,0,0,0,0,0.3333333333333333,0.38095238095238093,0.0,1.0,0.0,0.0
CUST001600,23,16788.33,729.9273913043479,6622.5,1377.0931791317053,6,10,0,23,23,6,7,34.34782608695652,55,2.739130434782609,4,0,0,0,0,0,0,0,0,0,0.2608695652173913,0.43478260869565216,0.0,1.0,0.0,0.0
CUST001601,31,36801.33,1187.139677419355,20425.48,3624.438614816998,5,14,0,31,31,5,8,33.70967741935484,55,2.6451612903225805,4,0,0,0,0,0,0,0,0,0,0.16129032258064516,0.45161290322580644,0.0,1.0,0.0,0.0
CUST001602,19,17462.25,919.0657894736842,6641.94,1681.228602696769,4,12,0,19,19,7,7,61.05263157894737,95,4.947368421052632,7,1,0,1,0,0,0,0,0,0,0.21052631578947367,0.631578947368421,0.0,1.0,0.0,0.0
CUST001603,20,8500.21,425.0105,1022.93,275.97443326425423,1,13,0,20,20,7,6,33.5,40,2.7,4,0,0,0,0,0,0,0,0,0,0.05,0.65,0.0,1.0,0.0,0.0
CUST001604,22,13303.48,604.7036363636363,3375.08,863.8370973111244,5,10,0,22,22,5,7,33.40909090909091,40,2.6818181818181817,4,0,0,0,0,0,0,0,0,0,0.22727272727272727,0.45454545454545453,0.0,1.0,0.0,0.0
CUST001605,24,12329.49,513.72875,2030.46,536.8411614354967,3,12,0,24,23,7,6,33.125,35,2.625,3,0,0,0,0,0,0,0,0,0,0.125,0.5,0.0,1.0,0.0,0.0
CUST001606,28,30373.68,1084.7742857142857,7102.72,1643.6920531049034,4,12,0,28,28,4,8,34.285714285714285,55,2.642857142857143,4,0,0,0,0,0,0,0,0,0,0.14285714285714285,0.42857142857142855,0.0,1.0,0.0,0.0
CUST001607,28,11477.34,409.90500000000003,1590.83,399.9009838234496,3,13,0,28,28,9,6,32.857142857142854,40,2.5714285714285716,4,0,0,0,0,0,0,0,0,0,0.10714285714285714,0.4642857142857143,0.0,1.0,0.0,0.0
CUST001608,21,17490.91,832.9004761904762,3579.18,824.4900790699437,2,14,0,21,21,7,7,33.80952380952381,40,2.761904761904762,4,0,0,0,0,0,0,0,0,0,0.09523809523809523,0.6666666666666666,0.0,1.0,0.0,0.0
CUST001609,23,13788.46,599.4982608695652,3040.84,764.7491998192027,8,11,0,23,23,5,7,34.130434782608695,40,2.8260869565217392,4,0,0,0,0,0,0,0,0,0,0.34782608695652173,0.4782608695652174,0.0,1.0,0.0,0.0
CUST001610,24,17503.08,729.2950000000001,2829.13,748.0642140537308,2,13,0,24,24,6,4,33.125,35,2.625,3,0,0,0,0,0,0,0,0,0,0.08333333333333333,0.5416666666666666,0.0,1.0,0.0,0.0
CUST001611,22,13142.68,597.3945454545454,2042.55,572.4770160803487,1,14,0,22,22,8,8,33.40909090909091,35,2.6818181818181817,3,0,0,0,0,0,0,0,0,0,0.045454545454545456,0.6363636363636364,0.0,1.0,0.0,0.0
CUST001612,26,15409.93,592.6896153846154,2158.15,553.5175258181499,7,14,0,26,26,6,7,34.03846153846154,40,2.8076923076923075,4,0,0,0,0,0,0,0,0,0,0.2692307692307692,0.5384615384615384,0.0,1.0,0.0,0.0
CUST001613,27,15437.15,571.7462962962962,2129.87,530.9260786236423,7,10,0,27,27,7,5,33.148148148148145,40,2.6296296296296298,4,0,0,0,0,0,0,0,0,0,0.25925925925925924,0.37037037037037035,0.0,1.0,0.0,0.0
CUST001614,20,15075.48,753.774,5802.12,1264.310043405826,2,15,0,20,20,9,4,35.25,55,2.9,4,0,0,0,0,0,0,0,0,0,0.1,0.75,0.0,1.0,0.0,0.0
CUST001615,33,20973.93,635.5736363636364,3355.42,772.212945237655,7,16,0,33,33,6,7,33.484848484848484,40,2.696969696969697,4,0,0,0,0,0,0,0,0,0,0.21212121212121213,0.48484848484848486,0.0,1.0,0.0,0.0
CUST001616,23,20057.28,872.055652173913,2236.69,613.110476199593,6,12,0,23,23,7,6,33.91304347826087,40,2.782608695652174,4,0,0,0,0,0,0,0,0,0,0.2608695652173913,0.5217391304347826,0.0,1.0,0.0,0.0
CUST001617,29,13093.52,451.50068965517244,2694.36,606.4992290769511,3,17,0,29,29,9,7,33.44827586206897,40,2.689655172413793,4,0,0,0,0,0,0,0,0,0,0.10344827586206896,0.5862068965517241,0.0,1.0,0.0,0.0
CUST001618,37,21401.78,578.4264864864865,2131.48,601.4370515007103,7,22,0,37,34,9,10,33.91891891891892,40,2.7837837837837838,4,0,0,0,0,0,0,0,0,0,0.1891891891891892,0.5945945945945946,0.0,1.0,0.0,0.0
CUST001619,17,6452.79,379.57588235294116,1527.08,400.53925914101757,0,10,0,17,17,7,6,32.94117647058823,35,2.588235294117647,3,0,0,0,0,0,0,0,0,0,0.0,0.5882352941176471,0.0,1.0,0.0,0.0
CUST001620,24,16477.11,686.54625,2785.28,735.7667481809737,8,7,0,24,24,3,5,33.125,40,2.625,4,0,0,0,0,0,0,0,0,0,0.3333333333333333,0.2916666666666667,0.0,1.0,0.0,0.0
CUST001621,29,15533.16,535.6262068965517,3454.3,655.9402188756762,8,14,0,29,29,9,7,48.793103448275865,55,3.7586206896551726,5,0,0,1,0,0,0,0,0,0,0.27586206896551724,0.4827586206896552,0.0,1.0,0.0,0.0
CUST001622,24,21281.56,886.7316666666667,3724.43,1063.936062060885,3,14,0,24,24,7,7,33.541666666666664,40,2.7083333333333335,4,0,0,0,0,0,0,0,0,0,0.125,0.5833333333333334,0.0,1.0,0.0,0.0
CUST001623,29,17300.46,596.5675862068965,2454.77,660.5627580850781,1,15,0,29,29,10,8,32.758620689655174,35,2.5517241379310347,3,0,0,0,0,0,0,0,0,0,0.034482758620689655,0.5172413793103449,0.0,1.0,0.0,0.0
CUST001624,24,15794.03,658.0845833333334,3610.79,822.222030285479,3,14,0,24,24,7,8,33.541666666666664,40,2.7083333333333335,4,0,0,0,0,0,0,0,0,0,0.125,0.5833333333333334,0.0,1.0,0.0,0.0
CUST001625,28,21297.26,760.6164285714285,2154.36,645.982463746698,6,10,0,28,28,5,7,42.857142857142854,45,3.5714285714285716,4,1,0,0,0,0,0,0,0,0,0.21428571428571427,0.35714285714285715,0.0,1.0,0.0,0.0
CUST001626,24,23551.18,981.2991666666667,4114.22,1187.3459653101982,3,15,0,24,24,8,9,43.75,50,3.75,5,1,0,0,0,0,0,0,0,0,0.125,0.625,0.0,1.0,0.0,0.0
CUST001627,21,8733.06,415.85999999999996,1661.06,376.56593431960886,3,12,0,21,21,5,7,33.57142857142857,40,2.7142857142857144,4,0,0,0,0,0,0,0,0,0,0.14285714285714285,0.5714285714285714,0.0,1.0,0.0,0.0
CUST001628,20,15283.07,764.1535,2502.14,809.558753131183,2,8,0,20,20,6,3,32.5,40,2.5,4,0,0,0,0,0,0,0,0,0,0.1,0.4,0.0,1.0,0.0,0.0
CUST001629,28,19423.73,693.7046428571429,2503.49,718.8726784269636,4,13,0,28,28,5,8,33.035714285714285,40,2.607142857142857,4,0,0,0,0,0,0,0,0,0,0.14285714285714285,0.4642857142857143,0.0,1.0,0.0,0.0
CUST001630,23,13586.77,590.7291304347826,2377.41,613.5887465329989,7,10,0,23,23,5,5,33.69565217391305,40,2.739130434782609,4,0,0,0,0,0,0,0,0,0,0.30434782608695654,0.43478260869565216,0.0,1.0,0.0,0.0
CUST001631,28,22998.56,821.3771428571429,3496.62,1084.4276227094356,4,18,0,28,28,8,6,33.92857142857143,40,2.7857142857142856,4,0,0,0,0,0,0,0,0,0,0.14285714285714285,0.6428571428571429,0.0,1.0,0.0,0.0
CUST001632,28,26248.96,937.4628571428572,4756.6,1160.9253335350152,2,17,0,28,28,7,9,33.392857142857146,40,2.6785714285714284,4,0,0,0,0,0,0,0,0,0,0.07142857142857142,0.6071428571428571,0.0,1.0,0.0,0.0
CUST001633,21,18312.850000000002,872.0404761904763,6211.93,1457.2656814749882,4,14,0,21,21,6,6,35.23809523809524,50,2.9047619047619047,4,0,0,0,0,0,0,0,0,0,0.19047619047619047,0.6666666666666666,0.0,1.0,0.0,0.0
CUST001634,27,36945.34,1368.3459259259257,10121.4,2321.587556471548,5,14,0,27,27,4,9,34.25925925925926,50,2.740740740740741,4,0,0,0,0,0,0,0,0,0,0.18518518518518517,0.5185185185185185,0.0,1.0,0.0,0.0
CUST001635,20,16192.63,809.6315,6779.82,1510.2942357256259,4,10,0,20,20,4,7,34.5,55,2.75,4,0,0,0,0,0,0,0,0,0,0.2,0.5,0.0,1.0,0.0,0.0
CUST001636,28,29404.07,1050.1453571428572,4062.9,1107.754441784126,6,17,0,28,28,5,11,34.107142857142854,40,2.8214285714285716,4,0,0,0,0,0,0,0,0,0,0.21428571428571427,0.6071428571428571,0.0,1.0,0.0,0.0
CUST001637,24,12513.72,521.405,2490.34,557.6373519942243,3,6,0,24,24,4,5,31.875,40,2.375,4,0,0,0,0,0,0,0,0,0,0.125,0.25,0.0,1.0,0.0,0.0
CUST001638,20,14480.89,724.0445,3513.63,821.3992741880036,4,12,0,20,20,5,6,34.0,35,2.8,3,0,0,0,0,0,0,0,0,0,0.2,0.6,0.0,1.0,0.0,0.0
CUST001639,23,11807.69,513.3778260869566,2145.54,557.3880312424478,6,12,0,23,23,7,5,33.91304347826087,40,2.782608695652174,4,0,0,0,0,0,0,0,0,0,0.2608695652173913,0.5217391304347826,0.0,1.0,0.0,0.0
CUST001640,23,16054.1,698.0043478260869,2881.3,892.4191028619706,7,16,0,23,23,10,6,35.0,40,3.0,4,0,0,0,0,0,0,0,0,0,0.30434782608695654,0.6956521739130435,0.0,1.0,0.0,0.0
CUST001641,26,16800.51,646.1734615384614,2504.91,640.2235809899059,5,12,0,26,26,5,6,33.26923076923077,40,2.6538461538461537,4,0,0,0,0,0,0,0,0,0,0.19230769230769232,0.46153846153846156,0.0,1.0,0.0,0.0
CUST001642,23,27500.75,1195.6847826086957,5977.12,1558.5504951100895,9,13,0,23,23,6,6,35.65217391304348,55,3.0,4,0,0,0,0,0,0,0,0,0,0.391304347826087,0.5652173913043478,0.0,1.0,0.0,0.0
CUST001643,17,11097.539999999999,652.7964705882353,5731.62,1368.9565707224845,3,7,0,17,16,3,5,34.11764705882353,55,2.6470588235294117,4,0,0,0,0,0,0,0,0,0,0.17647058823529413,0.4117647058823529,0.0,1.0,0.0,0.0
CUST001644,27,25131.1,930.7814814814815,5029.41,1177.4059231655892,5,9,0,27,27,5,5,33.333333333333336,50,2.5555555555555554,4,0,0,0,0,0,0,0,0,0,0.18518518518518517,0.3333333333333333,0.0,1.0,0.0,0.0
CUST001645,18,16709.09,928.2827777777778,3694.53,1030.8148443246564,3,7,0,18,17,4,5,32.77777777777778,40,2.5555555555555554,4,0,0,0,0,0,0,0,0,0,0.16666666666666666,0.3888888888888889,0.0,1.0,0.0,0.0
CUST001646,17,16305.97,959.1747058823529,7730.0,1789.369500456507,3,6,0,17,17,4,3,34.705882352941174,65,2.6470588235294117,4,0,0,0,0,0,0,0,0,0,0.17647058823529413,0.35294117647058826,0.0,1.0,0.0,0.0
CUST001647,34,16003.300000000001,470.6852941176471,1534.2,377.0185211770331,7,20,0,34,34,7,8,33.970588235294116,40,2.7941176470588234,4,0,0,0,0,0,0,0,0,0,0.20588235294117646,0.5882352941176471,0.0,1.0,0.0,0.0
CUST001648,35,18613.49,531.8140000000001,4087.77,736.7901711605709,5,14,0,35,35,5,7,32.714285714285715,40,2.5428571428571427,4,0,0,0,0,0,0,0,0,0,0.14285714285714285,0.4,0.0,1.0,0.0,0.0
CUST001649,21,13751.84,654.8495238095238,2516.58,734.644770698575,6,12,0,21,20,4,6,49.285714285714285,55,3.857142857142857,5,0,0,1,0,0,0,0,0,0,0.2857142857142857,0.5714285714285714,0.0,1.0,0.0,0.0
CUST001650,27,21306.69,789.1366666666667,4738.76,1102.0978328938093,6,16,0,27,27,7,6,34.074074074074076,40,2.814814814814815,4,0,0,0,0,0,0,0,0,0,0.2222222222222222,0.5925925925925926,0.0,1.0,0.0,0.0
CUST001651,17,11584.06,681.415294117647,3675.33,984.9378967802845,2,12,0,17,17,5,7,34.11764705882353,40,2.823529411764706,4,0,0,0,0,0,0,0,0,0,0.11764705882352941,0.7058823529411765,0.0,1.0,0.0,0.0
CUST001652,22,28004.04,1272.9109090909092,7196.67,2009.9336211117331,5,7,0,22,22,6,5,34.54545454545455,55,2.6363636363636362,4,0,0,0,0,0,0,0,0,0,0.22727272727272727,0.3181818181818182,0.0,1.0,0.0,0.0
CUST001653,25,20754.38,830.1752,6921.82,1485.6240832057752,5,13,0,25,25,6,7,34.4,50,2.76,4,0,0,0,0,0,0,0,0,0,0.2,0.52,0.0,1.0,0.0,0.0
CUST001654,19,10305.94,542.4178947368422,2248.79,565.3306415676774,5,10,0,19,18,6,6,33.94736842105263,40,2.789473684210526,4,0,0,0,0,0,0,0,0,0,0.2631578947368421,0.5263157894736842,0.0,1.0,0.0,0.0
CUST001655,32,23701.71,740.6784375,7431.29,1476.5354066499824,5,18,0,32,32,9,8,34.21875,55,2.75,4,0,0,0,0,0,0,0,0,0,0.15625,0.5625,0.0,1.0,0.0,0.0
CUST001656,29,24197.87,834.4093103448275,5128.33,1131.0232696953517,12,17,0,29,29,9,8,35.689655172413794,55,3.0344827586206895,4,0,0,0,0,0,0,0,0,0,0.41379310344827586,0.5862068965517241,0.0,1.0,0.0,0.0
CUST001657,25,10976.33,439.0532,1987.11,455.94731811654145,6,14,0,25,25,7,6,34.0,40,2.8,4,0,0,0,0,0,0,0,0,0,0.24,0.56,0.0,1.0,0.0,0.0
CUST001658,24,16033.16,668.0483333333333,3104.0,789.5860688645207,7,16,0,24,24,7,6,34.791666666666664,40,2.9583333333333335,4,0,0,0,0,0,0,0,0,0,0.2916666666666667,0.6666666666666666,0.0,1.0,0.0,0.0
CUST001659,30,22988.76,766.2919999999999,4732.71,1237.1773607452933,3,14,0,30,29,6,6,32.833333333333336,40,2.566666666666667,4,0,0,0,0,0,0,0,0,0,0.1,0.4666666666666667,0.0,1.0,0.0,0.0
CUST001660,17,19507.15,1147.479411764706,10217.17,2401.6804201211667,4,6,0,17,17,3,3,34.11764705882353,50,2.6470588235294117,4,0,0,0,0,0,0,0,0,0,0.23529411764705882,0.35294117647058826,0.0,1.0,0.0,0.0
CUST001661,20,15194.869999999999,759.7434999999999,4966.58,1142.407412967412,2,9,0,20,20,5,4,32.75,40,2.55,4,0,0,0,0,0,0,0,0,0,0.1,0.45,0.0,1.0,0.0,0.0
CUST001662,19,15034.44,791.2863157894737,7297.59,1635.0712023137319,5,13,0,19,19,8,6,35.78947368421053,55,3.0,4,0,0,0,0,0,0,0,0,0,0.2631578947368421,0.6842105263157895,0.0,1.0,0.0,0.0
CUST001663,20,7486.05,374.3025,2149.94,559.35594798487,4,7,0,20,20,4,4,47.75,55,3.55,5,0,0,1,0,0,0,0,0,0,0.2,0.35,0.0,1.0,0.0,0.0
CUST001664,17,11703.560000000001,688.444705882353,2155.84,678.4509224892179,3,7,0,17,17,7,3,32.94117647058823,40,2.588235294117647,4,0,0,0,0,0,0,0,0,0,0.17647058823529413,0.4117647058823529,0.0,1.0,0.0,0.0
CUST001665,24,24932.47,1038.8529166666667,5144.37,1164.3431447498224,7,14,0,24,23,8,5,35.208333333333336,60,2.9166666666666665,5,0,0,0,0,0,0,0,0,0,0.2916666666666667,0.5833333333333334,0.0,1.0,0.0,0.0
CUST001666,28,29267.72,1045.2757142857142,5769.3,1492.9791269048424,4,18,0,28,28,9,5,34.642857142857146,55,2.8214285714285716,4,0,0,0,0,0,0,0,0,0,0.14285714285714285,0.6428571428571429,0.0,1.0,0.0,0.0
CUST001667,26,18458.85,709.9557692307692,5110.43,1127.573261475007,2,7,0,26,26,3,3,32.5,55,2.3846153846153846,4,0,0,0,0,0,0,0,0,0,0.07692307692307693,0.2692307692307692,0.0,1.0,0.0,0.0
CUST001668,26,14217.38,546.8223076923076,5591.6,1082.2619672308836,6,14,0,26,26,8,7,44.61538461538461,70,3.8076923076923075,6,1,0,0,0,0,0,0,0,0,0.23076923076923078,0.5384615384615384,0.0,1.0,0.0,0.0
CUST001669,28,15898.54,567.8050000000001,1768.65,540.0607116111354,5,12,0,28,28,5,5,33.035714285714285,40,2.607142857142857,4,0,0,0,0,0,0,0,0,0,0.17857142857142858,0.42857142857142855,0.0,1.0,0.0,0.0
CUST001670,26,14968.18,575.6992307692308,1753.41,469.6116127944289,2,10,0,26,26,5,7,32.30769230769231,35,2.4615384615384617,3,0,0,0,0,0,0,0,0,0,0.07692307692307693,0.38461538461538464,0.0,1.0,0.0,0.0
CUST001671,14,10389.83,742.1307142857142,2261.08,760.8735929631684,3,11,0,14,14,5,5,35.0,40,3.0,4,0,0,0,0,0,0,0,0,0,0.21428571428571427,0.7857142857142857,0.0,1.0,0.0,0.0
CUST001672,28,30879.48,1102.8385714285714,8146.32,1715.6976797959317,3,13,0,28,28,5,6,34.107142857142854,65,2.642857142857143,4,0,0,0,1,0,0,0,0,0,0.10714285714285714,0.4642857142857143,0.0,1.0,0.03571428571428571,0.0
CUST001673,27,18017.72,667.3229629629631,4211.23,961.273926943643,6,12,0,27,27,5,9,44.44444444444444,60,3.740740740740741,5,1,0,0,0,0,0,0,0,0,0.2222222222222222,0.4444444444444444,0.0,1.0,0.0,0.0
CUST001674,20,13097.54,654.8770000000001,4397.06,1097.343027762969,3,7,0,20,20,5,2,32.5,40,2.5,4,0,0,0,0,0,0,0,0,0,0.15,0.35,0.0,1.0,0.0,0.0
CUST001675,26,20859.760000000002,802.2984615384617,4529.93,1136.1058025824614,4,16,0,26,26,8,6,33.84615384615385,40,2.769230769230769,4,0,0,0,0,0,0,0,0,0,0.15384615384615385,0.6153846153846154,0.0,1.0,0.0,0.0
CUST001676,24,15912.57,663.02375,6325.14,1283.5447715495873,4,12,0,24,24,8,6,34.166666666666664,50,2.7083333333333335,4,0,0,0,0,0,0,0,0,0,0.16666666666666666,0.5,0.0,1.0,0.0,0.0
CUST001677,25,17908.25,716.33,7307.34,1503.6959487986037,9,10,0,25,25,4,5,34.6,60,2.8,5,0,0,0,0,0,0,0,0,0,0.36,0.4,0.0,1.0,0.0,0.0
CUST001678,17,9090.679999999998,534.7458823529411,2345.43,640.310286307143,3,8,0,17,17,4,6,33.23529411764706,40,2.6470588235294117,4,0,0,0,0,0,0,0,0,0,0.17647058823529413,0.47058823529411764,0.0,1.0,0.0,0.0
CUST001679,28,16140.300000000001,576.4392857142858,2868.64,668.248889145291,8,13,0,28,28,7,6,33.75,40,2.75,4,0,0,0,0,0,0,0,0,0,0.2857142857142857,0.4642857142857143,0.0,1.0,0.0,0.0
CUST001680,25,23296.11,931.8444000000001,5289.03,1160.5359200389562,3,14,0,25,25,5,6,34.2,55,2.72,4,0,0,0,0,0,0,0,0,0,0.12,0.56,0.0,1.0,0.0,0.0
CUST001681,31,41688.49,1344.79,13158.45,2630.1215563847995,5,19,0,31,31,8,7,35.806451612903224,55,2.870967741935484,4,0,0,0,0,0,0,0,0,0,0.16129032258064516,0.6129032258064516,0.0,1.0,0.0,0.0
CUST001682,25,9930.57,397.2228,2636.87,548.5037669235584,3,9,0,25,25,5,6,32.4,40,2.48,4,0,0,0,0,0,0,0,0,0,0.12,0.36,0.0,1.0,0.0,0.0
CUST001683,23,12455.49,541.5430434782609,2007.72,605.9787139633535,4,11,0,23,23,8,5,33.26086956521739,40,2.652173913043478,4,0,0,0,0,0,0,0,0,0,0.17391304347826086,0.4782608695652174,0.0,1.0,0.0,0.0
CUST001684,32,26350.57,823.4553125,7034.47,1479.8667831609457,6,20,0,32,32,6,9,35.3125,55,2.875,4,0,0,0,0,0,0,0,0,0,0.1875,0.625,0.0,1.0,0.0,0.0
CUST001685,18,16806.66,933.7033333333334,2913.58,994.1397978920979,5,5,0,18,18,4,2,32.77777777777778,40,2.5555555555555554,4,0,0,0,0,0,0,0,0,0,0.2777777777777778,0.2777777777777778,0.0,1.0,0.0,0.0
CUST001686,22,14340.45,651.8386363636364,2018.97,655.2323818259366,4,13,0,22,22,7,7,33.86363636363637,40,2.772727272727273,4,0,0,0,0,0,0,0,0,0,0.18181818181818182,0.5909090909090909,0.0,1.0,0.0,0.0
CUST001687,17,7770.58,457.09294117647056,2167.81,515.3392823636277,3,8,0,17,17,6,3,33.23529411764706,35,2.6470588235294117,3,0,0,0,0,0,0,0,0,0,0.17647058823529413,0.47058823529411764,0.0,1.0,0.0,0.0
CUST001688,23,21533.16,936.224347826087,6915.08,1747.050366339131,3,12,0,23,23,7,6,35.0,55,2.739130434782609,4,0,0,0,0,0,0,0,0,0,0.13043478260869565,0.5217391304347826,0.0,1.0,0.0,0.0
CUST001689,27,27514.83,1019.0677777777778,7967.41,1623.9314807692267,6,17,0,27,27,8,9,35.0,55,2.888888888888889,4,0,0,0,0,0,0,0,0,0,0.2222222222222222,0.6296296296296297,0.0,1.0,0.0,0.0
CUST001690,17,8366.79,492.1641176470589,1531.54,488.32008635549215,5,6,0,17,17,6,3,33.23529411764706,40,2.6470588235294117,4,0,0,0,0,0,0,0,0,0,0.29411764705882354,0.35294117647058826,0.0,1.0,0.0,0.0
CUST001691,25,18456.06,738.2424000000001,3692.54,980.2927821543927,2,14,0,25,25,7,7,33.2,40,2.64,4,0,0,0,0,0,0,0,0,0,0.08,0.56,0.0,1.0,0.0,0.0
CUST001692,28,14422.07,515.0739285714286,2072.84,536.9727715032175,5,14,0,28,28,7,7,33.392857142857146,40,2.6785714285714284,4,0,0,0,0,0,0,0,0,0,0.17857142857142858,0.5,0.0,1.0,0.0,0.0
CUST001693,25,25161.4,1006.456,6660.18,1592.00970583306,7,13,0,25,25,7,6,34.8,55,2.84,4,0,0,0,0,0,0,0,0,0,0.28,0.52,0.0,1.0,0.0,0.0
CUST001694,30,32251.739999999998,1075.058,11731.63,2184.0011373156062,5,13,0,30,30,6,7,33.666666666666664,60,2.6333333333333333,5,0,0,0,0,0,0,0,0,0,0.16666666666666666,0.43333333333333335,0.0,1.0,0.0,0.0
CUST001695,21,13256.36,631.2552380952382,2603.8,627.0190545080673,5,10,0,21,21,7,7,33.57142857142857,40,2.7142857142857144,4,0,0,0,0,0,0,0,0,0,0.23809523809523808,0.47619047619047616,0.0,1.0,0.0,0.0
CUST001696,38,35446.34,932.7984210526315,8011.16,1627.0558768998058,11,18,0,38,38,9,8,35.26315789473684,70,2.8421052631578947,5,0,0,0,1,0,0,0,0,0,0.2894736842105263,0.47368421052631576,0.0,1.0,0.02631578947368421,0.0
CUST001697,22,29634.079999999998,1347.0036363636364,18790.66,3920.2374178923505,5,11,0,22,22,6,8,50.22727272727273,80,3.8181818181818183,5,0,0,1,0,0,0,0,0,0,0.22727272727272727,0.5,0.0,1.0,0.0,0.0
CUST001698,24,28731.280000000002,1197.1366666666668,10192.1,2004.4903134336357,6,12,0,24,24,6,7,35.208333333333336,65,2.8333333333333335,4,0,0,0,0,0,0,0,0,0,0.25,0.5,0.0,1.0,0.0,0.0
CUST001699,21,16093.23,766.3442857142857,2639.3,808.0180391029115,4,9,0,21,21,5,6,33.095238095238095,40,2.619047619047619,4,0,0,0,0,0,0,0,0,0,0.19047619047619047,0.42857142857142855,0.0,1.0,0.0,0.0
CUST001700,20,19706.25,985.3125,5356.11,1547.3615822590777,1,10,0,20,20,8,4,33.75,55,2.6,4,0,0,0,0,0,0,0,0,0,0.05,0.5,0.0,1.0,0.0,0.0
CUST001701,22,28556.9,1298.040909090909,7409.47,1877.0687116933632,4,11,0,22,22,6,4,35.22727272727273,55,2.772727272727273,4,0,0,0,0,0,0,0,0,0,0.18181818181818182,0.5,0.0,1.0,0.0,0.0
CUST001702,23,12798.42,556.4530434782608,2871.3,663.8604935214161,4,10,0,23,23,6,7,48.04347826086956,55,3.608695652173913,5,0,0,1,0,0,0,0,0,0,0.17391304347826086,0.43478260869565216,0.0,1.0,0.0,0.0
CUST001703,27,18685.39,692.0514814814815,3898.83,864.5958571570336,2,13,0,27,27,6,6,47.77777777777778,50,3.5555555555555554,4,0,0,1,0,0,0,0,0,0,0.07407407407407407,0.48148148148148145,0.0,1.0,0.0,0.0
CUST001704,20,13973.550000000001,698.6775,3327.29,833.413697662401,4,6,0,20,20,3,7,32.5,35,2.5,3,0,0,0,0,0,0,0,0,0,0.2,0.3,0.0,1.0,0.0,0.0
CUST001705,32,44955.65,1404.8640625,22178.79,4092.9803032374116,7,14,0,32,32,6,7,35.46875,70,2.78125,5,0,0,0,1,0,0,0,0,0,0.21875,0.4375,0.0,1.0,0.03125,0.0
CUST001706,24,16284.04,678.5016666666667,4226.8,981.9453175188024,7,9,0,24,24,4,7,33.333333333333336,35,2.6666666666666665,3,0,0,0,0,0,0,0,0,0,0.2916666666666667,0.375,0.0,1.0,0.0,0.0
CUST001707,23,20200.35,878.2760869565217,5831.41,1307.0418489535102,1,7,0,23,23,5,4,32.608695652173914,50,2.391304347826087,3,0,0,0,0,0,0,0,0,0,0.043478260869565216,0.30434782608695654,0.0,1.0,0.0,0.0
CUST001708,31,22921.67,739.4087096774193,2424.56,645.3622524119919,9,14,0,31,31,8,5,33.70967741935484,40,2.7419354838709675,4,0,0,0,0,0,0,0,0,0,0.2903225806451613,0.45161290322580644,0.0,1.0,0.0,0.0
CUST001709,20,9403.74,470.187,1025.9,280.61983707312527,1,11,0,20,20,6,5,33.0,40,2.6,4,0,0,0,0,0,0,0,0,0,0.05,0.55,0.0,1.0,0.0,0.0
CUST001710,32,16310.61,509.7065625,3280.97,647.8107598654717,6,21,0,32,32,8,11,34.21875,40,2.84375,4,0,0,0,0,0,0,0,0,0,0.1875,0.65625,0.0,1.0,0.0,0.0
CUST001711,26,37382.86,1437.8023076923077,6983.62,2137.1016973280566,3,9,0,26,26,5,8,34.61538461538461,55,2.576923076923077,4,0,0,0,0,0,0,0,0,0,0.11538461538461539,0.34615384615384615,0.0,1.0,0.0,0.0
CUST001712,31,13056.65,421.18225806451613,985.1,261.22461221089253,9,15,0,31,30,10,5,33.87096774193548,40,2.774193548387097,4,0,0,0,0,0,0,0,0,0,0.2903225806451613,0.4838709677419355,0.0,1.0,0.0,0.0
CUST001713,26,13619.619999999999,523.8315384615385,2955.93,764.9483219077865,3,12,0,26,26,5,7,32.88461538461539,40,2.576923076923077,4,0,0,0,0,0,0,0,0,0,0.11538461538461539,0.46153846153846156,0.0,1.0,0.0,0.0
CUST001714,17,9561.59,562.4464705882353,2557.93,672.541402842059,3,10,0,17,17,4,6,33.8235294117647,40,2.764705882352941,4,0,0,0,0,0,0,0,0,0,0.17647058823529413,0.5882352941176471,0.0,1.0,0.0,0.0
CUST001715,21,10143.69,483.03285714285715,2306.35,644.3230578843414,3,13,0,21,21,6,7,33.80952380952381,40,2.761904761904762,4,0,0,0,0,0,0,0,0,0,0.14285714285714285,0.6190476190476191,0.0,1.0,0.0,0.0
CUST001716,31,22162.43,714.9170967741935,5925.12,1163.9044901027278,4,15,0,31,30,8,5,33.70967741935484,55,2.6451612903225805,4,0,0,0,0,0,0,0,0,0,0.12903225806451613,0.4838709677419355,0.0,1.0,0.0,0.0
CUST001717,25,13510.57,540.4227999999999,1921.89,519.511735226132,3,10,0,25,25,7,5,32.6,40,2.52,4,0,0,0,0,0,0,0,0,0,0.12,0.4,0.0,1.0,0.0,0.0
CUST001718,30,15730.39,524.3463333333333,6318.36,1179.7800096203887,4,7,0,30,30,3,4,32.5,50,2.4,3,0,0,0,0,0,0,0,0,0,0.13333333333333333,0.23333333333333334,0.0,1.0,0.0,0.0
CUST001719,23,13148.42,571.6704347826087,2215.49,595.1088604195055,3,11,0,23,23,5,6,33.04347826086956,40,2.608695652173913,4,0,0,0,0,0,0,0,0,0,0.13043478260869565,0.4782608695652174,0.0,1.0,0.0,0.0
CUST001720,39,33644.16,862.6707692307693,7640.01,1475.6338667936368,5,16,0,39,39,6,8,33.205128205128204,50,2.5641025641025643,4,0,0,0,0,0,0,0,0,0,0.1282051282051282,0.41025641025641024,0.0,1.0,0.0,0.0
CUST001721,15,8359.1,557.2733333333333,3325.5,886.4761045096855,2,6,0,15,15,4,6,32.666666666666664,40,2.533333333333333,4,0,0,0,0,0,0,0,0,0,0.13333333333333333,0.4,0.0,1.0,0.0,0.0
CUST001722,36,32426.86,900.7461111111111,2993.96,868.949884792896,7,26,0,36,36,9,9,34.583333333333336,40,2.9166666666666665,4,0,0,0,0,0,0,0,0,0,0.19444444444444445,0.7222222222222222,0.0,1.0,0.0,0.0
CUST001723,30,19778.64,659.288,4455.0,905.1848402489688,3,12,0,30,30,5,8,42.5,50,3.5,5,1,0,0,0,0,0,0,0,0,0.1,0.4,0.0,1.0,0.0,0.0
CUST001724,17,7707.97,453.41,1464.64,373.6443603715972,4,7,0,17,17,4,5,33.23529411764706,40,2.6470588235294117,4,0,0,0,0,0,0,0,0,0,0.23529411764705882,0.4117647058823529,0.0,1.0,0.0,0.0
CUST001725,15,10037.11,669.1406666666667,2945.06,954.7233168714877,1,10,0,15,15,4,7,33.666666666666664,40,2.7333333333333334,4,0,0,0,0,0,0,0,0,0,0.06666666666666667,0.6666666666666666,0.0,1.0,0.0,0.0
CUST001726,28,27709.65,989.6303571428572,7178.85,1478.4936163378318,9,11,0,28,28,5,5,34.285714285714285,55,2.75,4,0,0,0,0,0,0,0,0,0,0.32142857142857145,0.39285714285714285,0.0,1.0,0.0,0.0
CUST001727,27,25088.989999999998,929.2218518518517,6996.03,1445.2209714222756,6,15,0,27,27,8,8,34.629629629629626,50,2.814814814814815,4,0,0,0,0,0,0,0,0,0,0.2222222222222222,0.5555555555555556,0.0,1.0,0.0,0.0
CUST001728,18,10526.7,584.8166666666667,4207.17,989.1788853030638,2,5,0,18,18,4,5,31.944444444444443,40,2.388888888888889,4,0,0,0,0,0,0,0,0,0,0.1111111111111111,0.2777777777777778,0.0,1.0,0.0,0.0
CUST001729,25,15990.82,639.6328,3962.05,918.9019273047224,4,13,0,25,25,6,7,43.4,50,3.68,5,1,0,0,0,0,0,0,0,0,0.16,0.52,0.0,1.0,0.0,0.0
CUST001730,21,16850.79,802.4185714285715,5283.39,1180.7127251846055,1,8,0,21,21,3,5,33.095238095238095,55,2.4761904761904763,4,0,0,0,0,0,0,0,0,0,0.047619047619047616,0.38095238095238093,0.0,1.0,0.0,0.0
CUST001731,20,8155.87,407.7935,1032.47,298.8757334143195,5,9,0,20,20,5,5,33.5,35,2.7,3,0,0,0,0,0,0,0,0,0,0.25,0.45,0.0,1.0,0.0,0.0
CUST001732,23,15930.439999999999,692.6278260869565,2547.81,739.5494510354785,3,14,0,23,23,5,7,33.69565217391305,40,2.739130434782609,4,0,0,0,0,0,0,0,0,0,0.13043478260869565,0.6086956521739131,0.0,1.0,0.0,0.0
CUST001733,23,14867.94,646.4321739130435,4555.76,1050.1149750599025,3,10,0,23,23,7,4,47.82608695652174,55,3.5652173913043477,5,0,0,1,0,0,0,0,0,0,0.13043478260869565,0.43478260869565216,0.0,1.0,0.0,0.0
CUST001734,27,16069.69,595.1737037037037,4279.3,962.0522794572196,6,12,0,27,27,6,7,33.333333333333336,40,2.6666666666666665,4,0,0,0,0,0,0,0,0,0,0.2222222222222222,0.4444444444444444,0.0,1.0,0.0,0.0
CUST001735,30,22943.54,764.7846666666667,4332.32,983.8259932554422,8,12,0,30,30,5,6,33.333333333333336,40,2.6666666666666665,4,0,0,0,0,0,0,0,0,0,0.26666666666666666,0.4,0.0,1.0,0.0,0.0
CUST001736,27,13813.69,511.6181481481482,4060.71,833.0171542283786,6,16,0,27,27,6,6,34.074074074074076,40,2.814814814814815,4,0,0,0,0,0,0,0,0,0,0.2222222222222222,0.5925925925925926,0.0,1.0,0.0,0.0
CUST001737,28,20280.59,724.3067857142858,8314.38,1573.1044394705261,4,19,0,28,28,8,9,35.357142857142854,65,2.892857142857143,4,0,0,0,1,0,0,0,0,0,0.14285714285714285,0.6785714285714286,0.0,1.0,0.03571428571428571,0.0
CUST001738,18,9240.81,513.3783333333333,2761.48,662.5948502423234,4,7,0,18,18,6,2,33.05555555555556,40,2.611111111111111,4,0,0,0,0,0,0,0,0,0,0.2222222222222222,0.3888888888888889,0.0,1.0,0.0,0.0
CUST001739,17,6072.97,357.2335294117647,1260.34,332.85959590608877,2,8,0,17,17,5,6,32.94117647058823,40,2.588235294117647,4,0,0,0,0,0,0,0,0,0,0.11764705882352941,0.47058823529411764,0.0,1.0,0.0,0.0
CUST001740,25,58375.84,2335.0335999999998,40018.74,7904.397552887823,6,9,0,25,25,4,6,34.8,75,2.72,5,0,0,0,0,0,0,0,0,0,0.24,0.36,0.0,1.0,0.0,0.0
CUST001741,34,25885.39,761.335,3755.56,987.1115818547659,5,20,0,34,34,8,9,33.6764705882353,40,2.735294117647059,4,0,0,0,0,0,0,0,0,0,0.14705882352941177,0.5882352941176471,0.0,1.0,0.0,0.0
CUST001742,28,26334.27,940.5096428571429,5228.5,1227.1394133375939,8,10,0,28,28,6,6,33.92857142857143,55,2.6785714285714284,4,0,0,0,0,0,0,0,0,0,0.2857142857142857,0.35714285714285715,0.0,1.0,0.0,0.0
CUST001743,33,19231.84,582.7830303030303,4215.97,866.0251897876761,2,14,0,33,33,6,5,32.42424242424242,40,2.484848484848485,4,0,0,0,0,0,0,0,0,0,0.06060606060606061,0.42424242424242425,0.0,1.0,0.0,0.0
CUST001744,23,26479.02,1151.2617391304348,8972.0,1885.1523879725628,4,12,0,23,23,7,7,35.0,65,2.782608695652174,4,0,0,0,1,0,0,0,0,0,0.17391304347826086,0.5217391304347826,0.0,1.0,0.043478260869565216,0.0
CUST001745,18,11480.37,637.7983333333334,3714.76,853.4965054220474,1,8,0,18,18,6,4,32.5,35,2.5,3,0,0,0,0,0,0,0,0,0,0.05555555555555555,0.4444444444444444,0.0,1.0,0.0,0.0
CUST001746,22,27196.73,1236.215,10628.64,2335.830182026143,1,12,0,22,22,8,8,33.86363636363637,60,2.6363636363636362,5,0,0,0,0,0,0,0,0,0,0.045454545454545456,0.5454545454545454,0.0,1.0,0.0,0.0
CUST001747,21,18571.11,884.3385714285714,4903.04,1068.0108995711876,3,7,0,21,21,5,3,32.38095238095238,35,2.4761904761904763,3,0,0,0,0,0,0,0,0,0,0.14285714285714285,0.3333333333333333,0.0,1.0,0.0,0.0
CUST001748,23,14174.13,616.2665217391304,4265.54,899.2635128390984,8,10,0,23,23,7,4,33.91304347826087,40,2.782608695652174,4,0,0,0,0,0,0,0,0,0,0.34782608695652173,0.43478260869565216,0.0,1.0,0.0,0.0
CUST001749,36,20741.03,576.1397222222222,3906.92,798.3044131245964,8,16,0,36,36,7,8,33.75,45,2.6944444444444446,4,0,0,0,0,0,0,0,0,0,0.2222222222222222,0.4444444444444444,0.0,1.0,0.0,0.0
CUST001750,30,16140.83,538.0276666666666,3547.44,827.4647166920353,6,16,0,30,30,8,9,33.666666666666664,40,2.7333333333333334,4,0,0,0,0,0,0,0,0,0,0.2,0.5333333333333333,0.0,1.0,0.0,0.0
CUST001751,25,20787.02,831.4808,4081.99,1133.39254517106,4,11,0,25,25,6,6,33.0,40,2.6,4,0,0,0,0,0,0,0,0,0,0.16,0.44,0.0,1.0,0.0,0.0
CUST001752,21,16982.63,808.6966666666667,3663.65,1017.8620449468253,2,11,0,21,21,7,7,33.095238095238095,40,2.619047619047619,4,0,0,0,0,0,0,0,0,0,0.09523809523809523,0.5238095238095238,0.0,1.0,0.0,0.0
CUST001753,21,11221.24,534.3447619047619,2022.71,467.00184494945034,5,8,0,21,21,5,3,33.095238095238095,40,2.619047619047619,4,0,0,0,0,0,0,0,0,0,0.23809523809523808,0.38095238095238093,0.0,1.0,0.0,0.0
CUST001754,32,23476.57,733.6428125,5080.94,1017.2014457299304,6,16,0,32,32,7,7,34.0625,50,2.71875,4,0,0,0,0,0,0,0,0,0,0.1875,0.5,0.0,1.0,0.0,0.0
CUST001755,27,31733.73,1175.3233333333333,8219.58,1633.2338820573125,4,16,0,27,27,6,10,35.0,75,2.814814814814815,6,0,0,0,1,0,0,0,0,0,0.14814814814814814,0.5925925925925926,0.0,1.0,0.037037037037037035,0.0
CUST001756,18,14145.34,785.8522222222223,4415.52,1025.3907647822139,3,10,0,18,18,7,6,48.611111111111114,55,3.7222222222222223,5,0,0,1,0,0,0,0,0,0,0.16666666666666666,0.5555555555555556,0.0,1.0,0.0,0.0
CUST001757,29,19650.63,677.6079310344828,6134.02,1167.8454324046586,9,13,0,29,29,9,5,34.48275862068966,60,2.793103448275862,5,0,0,0,0,0,0,0,0,0,0.3103448275862069,0.4482758620689655,0.0,1.0,0.0,0.0
CUST001758,14,7824.58,558.8985714285715,2391.23,653.8660312310177,1,8,0,14,14,3,8,33.214285714285715,40,2.642857142857143,4,0,0,0,0,0,0,0,0,0,0.07142857142857142,0.5714285714285714,0.0,1.0,0.0,0.0
CUST001759,19,16257.66,855.6663157894736,3059.31,866.4522561201353,4,10,0,19,19,6,6,43.68421052631579,50,3.736842105263158,5,1,0,0,0,0,0,0,0,0,0.21052631578947367,0.5263157894736842,0.0,1.0,0.0,0.0
CUST001760,39,29854.15,765.4910256410257,6177.29,1150.3038459623451,6,18,0,39,39,9,6,33.58974358974359,55,2.641025641025641,4,0,0,0,0,0,0,0,0,0,0.15384615384615385,0.46153846153846156,0.0,1.0,0.0,0.0
CUST001761,20,20443.02,1022.1510000000001,6006.28,1411.4147503756274,1,8,0,20,20,4,4,33.25,50,2.5,4,0,0,0,0,0,0,0,0,0,0.05,0.4,0.0,1.0,0.0,0.0
CUST001762,23,13286.369999999999,577.6682608695652,3135.45,869.4257503906199,3,16,0,23,23,7,9,34.130434782608695,40,2.8260869565217392,4,0,0,0,0,0,0,0,0,0,0.13043478260869565,0.6956521739130435,0.0,1.0,0.0,0.0
CUST001763,33,35933.04,1088.88,8928.63,2003.1120491375411,8,15,0,33,33,7,8,35.15151515151515,70,2.787878787878788,5,0,0,0,1,0,0,0,0,0,0.24242424242424243,0.45454545454545453,0.0,1.0,0.030303030303030304,0.0
CUST001764,22,21967.86,998.539090909091,5648.62,1277.1458626577842,3,11,0,22,22,6,6,49.09090909090909,70,3.6818181818181817,5,0,0,1,0,0,0,0,0,0,0.13636363636363635,0.5,0.0,1.0,0.0,0.0
CUST001765,28,15678.46,559.9449999999999,2572.28,598.3063071488334,5,17,0,28,28,7,7,33.92857142857143,40,2.7857142857142856,4,0,0,0,0,0,0,0,0,0,0.17857142857142858,0.6071428571428571,0.0,1.0,0.0,0.0
CUST001766,26,17143.34,659.3592307692307,3187.43,683.8837379609085,2,11,0,26,26,6,5,32.5,40,2.5,4,0,0,0,0,0,0,0,0,0,0.07692307692307693,0.4230769230769231,0.0,1.0,0.0,0.0
CUST001767,17,12436.6,731.564705882353,5007.93,1229.5990717613897,5,6,0,17,17,6,4,34.411764705882355,55,2.7058823529411766,4,0,0,0,0,0,0,0,0,0,0.29411764705882354,0.35294117647058826,0.0,1.0,0.0,0.0
CUST001768,16,7491.6900000000005,468.23062500000003,1452.16,426.577210884794,4,6,0,16,16,4,4,33.125,40,2.625,4,0,0,0,0,0,0,0,0,0,0.25,0.375,0.0,1.0,0.0,0.0
CUST001769,24,8914.98,371.4575,1758.26,403.723717208881,3,16,0,24,24,6,8,33.958333333333336,35,2.7916666666666665,3,0,0,0,0,0,0,0,0,0,0.125,0.6666666666666666,0.0,1.0,0.0,0.0
CUST001770,26,13192.59,507.4073076923077,2874.44,646.2942634284027,3,16,0,26,26,7,8,33.65384615384615,40,2.730769230769231,4,0,0,0,0,0,0,0,0,0,0.11538461538461539,0.6153846153846154,0.0,1.0,0.0,0.0
CUST001771,26,18629.48,716.5184615384616,4484.38,991.2073042010628,6,11,0,26,26,7,6,33.26923076923077,40,2.6538461538461537,4,0,0,0,0,0,0,0,0,0,0.23076923076923078,0.4230769230769231,0.0,1.0,0.0,0.0
CUST001772,13,8727.21,671.323846153846,3093.42,870.4265475667514,3,9,0,13,13,6,7,34.61538461538461,40,2.923076923076923,4,0,0,0,0,0,0,0,0,0,0.23076923076923078,0.6923076923076923,0.0,1.0,0.0,0.0
CUST001773,24,26054.300000000003,1085.5958333333335,7756.02,1810.8589126155784,7,14,0,24,24,6,6,46.041666666666664,65,3.9583333333333335,5,1,0,0,0,0,0,0,0,0,0.2916666666666667,0.5833333333333334,0.0,1.0,0.0,0.0
CUST001774,20,8945.38,447.26899999999995,1764.63,454.81368593605106,4,12,0,20,20,5,7,34.0,40,2.8,4,0,0,0,0,0,0,0,0,0,0.2,0.6,0.0,1.0,0.0,0.0
CUST001775,23,14225.210000000001,618.4873913043479,2554.9,598.3032316112974,6,10,0,23,23,8,4,33.47826086956522,40,2.6956521739130435,4,0,0,0,0,0,0,0,0,0,0.2608695652173913,0.43478260869565216,0.0,1.0,0.0,0.0
CUST001776,19,15212.130000000001,800.6384210526317,4440.15,1238.1207589248722,1,13,0,19,19,8,8,33.68421052631579,40,2.736842105263158,4,0,0,0,0,0,0,0,0,0,0.05263157894736842,0.6842105263157895,0.0,1.0,0.0,0.0
CUST001777,28,26583.08,949.3957142857143,5021.43,1074.0930638085758,4,15,0,28,28,6,7,49.107142857142854,65,3.7142857142857144,5,0,0,1,0,0,0,0,0,0,0.14285714285714285,0.5357142857142857,0.0,1.0,0.0,0.0
CUST001778,31,25323.75,816.8951612903226,10827.24,1951.6112129637418,14,17,0,31,31,8,6,36.12903225806452,70,3.064516129032258,5,0,0,0,0,0,0,0,0,0,0.45161290322580644,0.5483870967741935,0.0,1.0,0.0,0.0
CUST001779,21,9026.1,429.81428571428575,1673.84,436.1864693290179,2,7,0,21,21,4,5,32.142857142857146,40,2.4285714285714284,4,0,0,0,0,0,0,0,0,0,0.09523809523809523,0.3333333333333333,0.0,1.0,0.0,0.0
CUST001780,28,19864.54,709.4478571428572,3938.51,947.1377096453689,3,12,0,28,28,6,6,32.67857142857143,35,2.5357142857142856,3,0,0,0,0,0,0,0,0,0,0.10714285714285714,0.42857142857142855,0.0,1.0,0.0,0.0
CUST001781,28,10219.73,364.99035714285714,2578.78,486.47886495511386,4,15,0,28,28,6,6,33.392857142857146,40,2.6785714285714284,4,0,0,0,0,0,0,0,0,0,0.14285714285714285,0.5357142857142857,0.0,1.0,0.0,0.0
CUST001782,30,27015.940000000002,900.5313333333335,12446.97,2283.9667730186734,5,10,0,30,30,8,6,34.166666666666664,65,2.6,4,0,0,0,0,0,0,0,0,0,0.16666666666666666,0.3333333333333333,0.0,1.0,0.0,0.0
CUST001783,13,6857.29,527.4838461538461,2075.76,667.7796203156955,3,6,0,13,13,6,4,33.46153846153846,35,2.6923076923076925,3,0,0,0,0,0,0,0,0,0,0.23076923076923078,0.46153846153846156,0.0,1.0,0.0,0.0
CUST001784,30,24443.69,814.7896666666667,6926.39,1304.353863533082,6,14,0,30,30,8,5,34.0,50,2.7,4,0,0,0,0,0,0,0,0,0,0.2,0.4666666666666667,0.0,1.0,0.0,0.0
CUST001785,28,20941.420000000002,747.9078571428572,4984.24,1011.4068013245751,2,9,0,28,28,6,5,31.964285714285715,40,2.392857142857143,4,0,0,0,0,0,0,0,0,0,0.07142857142857142,0.32142857142857145,0.0,1.0,0.0,0.0
CUST001786,29,24232.1,835.5896551724137,5063.59,1119.823571379766,5,15,0,29,29,6,8,34.13793103448276,55,2.7241379310344827,4,0,0,0,0,0,0,0,0,0,0.1724137931034483,0.5172413793103449,0.0,1.0,0.0,0.0
CUST001787,25,14547.99,581.9196,2461.68,720.4554510775341,5,17,0,25,25,8,8,34.4,40,2.88,4,0,0,0,0,0,0,0,0,0,0.2,0.68,0.0,1.0,0.0,0.0
CUST001788,26,12842.07,493.9257692307692,1941.29,518.2488673691286,4,9,0,26,26,5,3,32.5,35,2.5,3,0,0,0,0,0,0,0,0,0,0.15384615384615385,0.34615384615384615,0.0,1.0,0.0,0.0
CUST001789,25,39619.98,1584.7992000000002,18615.56,3757.460245437202,4,15,0,25,25,6,7,36.0,70,2.88,5,0,0,0,0,0,0,0,0,0,0.16,0.6,0.0,1.0,0.0,0.0
CUST001790,27,58598.46000000001,2170.3133333333335,36226.55,6951.65730603363,11,11,0,27,27,6,8,36.48148148148148,75,2.962962962962963,5,0,0,0,0,0,0,0,0,0,0.4074074074074074,0.4074074074074074,0.0,1.0,0.0,0.0
CUST001791,22,24697.87,1122.6304545454545,9802.38,2026.0949619790592,2,8,0,22,22,3,4,33.86363636363637,70,2.5454545454545454,5,0,0,0,1,0,0,0,0,0,0.09090909090909091,0.36363636363636365,0.0,1.0,0.045454545454545456,0.0
CUST001792,28,20095.43,717.6939285714286,4788.52,1049.4236484052296,5,15,0,28,28,6,8,33.57142857142857,40,2.7142857142857144,4,0,0,0,0,0,0,0,0,0,0.17857142857142858,0.5357142857142857,0.0,1.0,0.0,0.0
CUST001793,24,16608.25,692.0104166666666,3049.22,690.3294374079616,4,15,0,24,23,5,7,43.958333333333336,50,3.7916666666666665,5,1,0,0,0,0,0,0,0,0,0.16666666666666666,0.625,0.0,1.0,0.0,0.0
CUST001794,29,15527.69,535.4375862068965,2933.85,652.5456926182868,6,13,0,29,29,6,6,43.275862068965516,50,3.6551724137931036,5,1,0,0,0,0,0,0,0,0,0.20689655172413793,0.4482758620689655,0.0,1.0,0.0,0.0
CUST001795,15,6783.88,452.25866666666667,1988.85,509.0833685285554,1,7,0,15,15,4,4,32.666666666666664,40,2.533333333333333,4,0,0,0,0,0,0,0,0,0,0.06666666666666667,0.4666666666666667,0.0,1.0,0.0,0.0
CUST001796,36,27459.3,762.7583333333333,3625.28,863.8641656566814,6,20,0,36,36,7,7,33.611111111111114,40,2.7222222222222223,4,0,0,0,0,0,0,0,0,0,0.16666666666666666,0.5555555555555556,0.0,1.0,0.0,0.0
CUST001797,32,17085.08,533.90875,2403.85,559.4289361180105,8,16,0,32,32,9,7,33.75,40,2.75,4,0,0,0,0,0,0,0,0,0,0.25,0.5,0.0,1.0,0.0,0.0
CUST001798,25,31985.65,1279.4260000000002,8702.91,2139.077322768706,3,12,0,25,25,7,7,35.2,65,2.72,4,0,0,0,1,0,0,0,0,0,0.12,0.48,0.0,1.0,0.04,0.0
CUST001799,23,10119.23,439.9665217391304,2305.9,611.0921524511273,4,13,0,23,23,8,4,43.69565217391305,50,3.739130434782609,5,1,0,0,0,0,0,0,0,0,0.17391304347826086,0.5652173913043478,0.0,1.0,0.0,0.0
CUST001800,35,29891.33,854.038,5477.18,1187.750824915335,2,11,0,35,34,5,6,32.42857142857143,55,2.4,4,0,0,0,0,0,0,0,0,0,0.05714285714285714,0.3142857142857143,0.0,1.0,0.0,0.0
CUST001801,24,17216.56,717.3566666666667,3299.19,798.2594751172658,3,10,0,24,24,5,7,32.708333333333336,35,2.5416666666666665,3,0,0,0,0,0,0,0,0,0,0.125,0.4166666666666667,0.0,1.0,0.0,0.0
CUST001802,23,9415.97,409.39,1362.8,373.0142889780741,3,12,0,23,23,6,6,33.26086956521739,40,2.652173913043478,4,0,0,0,0,0,0,0,0,0,0.13043478260869565,0.5217391304347826,0.0,1.0,0.0,0.0
CUST001803,17,22413.97,1318.4688235294118,12725.56,3033.547350145293,5,7,0,17,17,7,4,34.705882352941174,50,2.764705882352941,4,0,0,0,0,0,0,0,0,0,0.29411764705882354,0.4117647058823529,0.0,1.0,0.0,0.0
CUST001804,26,29153.1,1121.2730769230768,12441.67,2388.160725883866,5,10,0,26,26,3,7,43.65384615384615,65,3.6153846153846154,5,1,0,0,0,0,0,0,0,0,0.19230769230769232,0.38461538461538464,0.0,1.0,0.0,0.0
CUST001805,19,26121.93,1374.8384210526317,8984.29,2546.9059756873266,4,9,0,2,19,1,8,16.31578947368421,50,1.8421052631578947,4,0,0,0,1,0,0,0,0,0,0.21052631578947367,0.47368421052631576,0.0,0.10526315789473684,0.05263157894736842,0.0
CUST001806,18,16035.210000000001,890.845,5564.67,1250.7186216696289,5,6,0,18,18,6,4,34.166666666666664,50,2.6666666666666665,4,0,0,0,0,0,0,0,0,0,0.2777777777777778,0.3333333333333333,0.0,1.0,0.0,0.0
CUST001807,25,21379.18,855.1672,3726.45,1042.4725236367942,3,12,0,25,25,7,5,33.0,40,2.6,4,0,0,0,0,0,0,0,0,0,0.12,0.48,0.0,1.0,0.0,0.0
CUST001808,33,13553.01,410.6972727272727,2187.26,436.67576446426995,6,19,0,33,33,6,9,33.78787878787879,40,2.757575757575758,4,0,0,0,0,0,0,0,0,0,0.18181818181818182,0.5757575757575758,0.0,1.0,0.0,0.0
CUST001809,26,14476.04,556.7707692307692,2432.05,609.3001026746874,6,15,0,26,26,7,6,34.03846153846154,40,2.8076923076923075,4,0,0,0,0,0,0,0,0,0,0.23076923076923078,0.5769230769230769,0.0,1.0,0.0,0.0
CUST001810,18,11357.69,630.9827777777778,2291.01,663.913326047606,5,12,0,18,18,6,6,44.72222222222222,50,3.9444444444444446,5,1,0,0,0,0,0,0,0,0,0.2777777777777778,0.6666666666666666,0.0,1.0,0.0,0.0
CUST001811,25,11665.05,466.602,3422.36,713.6301407124935,3,14,0,25,25,6,7,33.4,40,2.68,4,0,0,0,0,0,0,0,0,0,0.12,0.56,0.0,1.0,0.0,0.0
CUST001812,20,15740.51,787.0255,4863.01,1369.7073777558055,0,8,0,20,20,5,6,34.25,50,2.55,4,0,0,0,0,0,0,0,0,0,0.0,0.4,0.0,1.0,0.0,0.0
CUST001813,26,11627.75,447.22115384615387,2613.0,574.3090475855446,5,13,0,26,24,6,8,33.46153846153846,40,2.6923076923076925,4,0,0,0,0,0,0,0,0,0,0.19230769230769232,0.5,0.0,1.0,0.0,0.0
CUST001814,22,19799.68,899.9854545454546,7396.25,1619.767857184736,3,9,0,22,21,6,6,33.63636363636363,50,2.590909090909091,4,0,0,0,0,0,0,0,0,0,0.13636363636363635,0.4090909090909091,0.0,1.0,0.0,0.0
CUST001815,20,51497.590000000004,2574.8795,40897.99,9046.108834939663,2,7,0,20,20,3,6,33.75,65,2.55,5,0,0,0,0,0,0,0,0,0,0.1,0.35,0.0,1.0,0.0,0.0
CUST001816,27,15834.16,586.4503703703704,1663.37,522.34670260191,6,12,0,27,27,7,6,48.333333333333336,55,3.6666666666666665,5,0,0,1,0,0,0,0,0,0,0.2222222222222222,0.4444444444444444,0.0,1.0,0.0,0.0
CUST001817,32,25339.28,791.8525,5993.33,1242.3475174637679,10,11,0,32,32,7,4,33.90625,50,2.6875,4,0,0,0,0,0,0,0,0,0,0.3125,0.34375,0.0,1.0,0.0,0.0
CUST001818,25,16733.36,669.3344000000001,2217.32,737.685925722458,4,13,0,25,25,8,7,33.4,40,2.68,4,0,0,0,0,0,0,0,0,0,0.16,0.52,0.0,1.0,0.0,0.0
CUST001819,23,14918.119999999999,648.6139130434782,3536.94,906.3666246750821,5,13,0,23,23,7,7,33.91304347826087,40,2.782608695652174,4,0,0,0,0,0,0,0,0,0,0.21739130434782608,0.5652173913043478,0.0,1.0,0.0,0.0
CUST001820,26,36986.880000000005,1422.572307692308,7639.41,2214.904617531523,3,11,0,26,26,7,6,35.0,55,2.6538461538461537,4,0,0,0,0,0,0,0,0,0,0.11538461538461539,0.4230769230769231,0.0,1.0,0.0,0.0
CUST001821,19,8671.78,456.4094736842106,1106.66,345.12884076455475,5,13,0,19,19,5,7,34.73684210526316,40,2.9473684210526314,4,0,0,0,0,0,0,0,0,0,0.2631578947368421,0.6842105263157895,0.0,1.0,0.0,0.0
CUST001822,23,17961.33,780.9273913043479,9176.71,1883.686845616179,6,8,0,23,23,4,6,34.56521739130435,70,2.6956521739130435,5,0,0,0,1,0,0,0,0,0,0.2608695652173913,0.34782608695652173,0.0,1.0,0.043478260869565216,0.0
CUST001823,24,10458.17,435.75708333333336,1732.54,390.332165864555,4,10,0,24,24,8,6,32.916666666666664,40,2.5833333333333335,4,0,0,0,0,0,0,0,0,0,0.16666666666666666,0.4166666666666667,0.0,1.0,0.0,0.0
CUST001824,24,36085.2,1503.55,13285.82,2896.2493410091006,3,7,0,24,24,5,5,34.375,70,2.5416666666666665,5,0,0,0,0,0,0,0,0,0,0.125,0.2916666666666667,0.0,1.0,0.0,0.0
CUST001825,26,31403.480000000003,1207.826153846154,8674.29,2072.8187143193722,5,11,0,26,25,6,6,35.19230769230769,70,2.730769230769231,5,0,0,0,1,0,0,0,0,0,0.19230769230769232,0.4230769230769231,0.0,1.0,0.038461538461538464,0.0
CUST001826,22,23127.37,1051.2440909090908,6504.11,1525.5222898362479,4,13,0,22,22,7,9,37.5,70,3.0,5,0,0,0,0,0,0,0,0,0,0.18181818181818182,0.5909090909090909,0.0,1.0,0.0,0.0
CUST001827,18,11075.34,615.2966666666666,5505.98,1272.9869937924368,2,8,0,18,18,7,3,34.72222222222222,70,2.6666666666666665,5,0,0,0,0,0,0,0,0,0,0.1111111111111111,0.4444444444444444,0.0,1.0,0.0,0.0
CUST001828,28,17445.79,623.0639285714286,2066.86,526.7934554301096,5,19,0,28,28,4,9,34.285714285714285,40,2.857142857142857,4,0,0,0,0,0,0,0,0,0,0.17857142857142858,0.6785714285714286,0.0,1.0,0.0,0.0
CUST001829,32,21870.7,683.459375,3964.23,913.4492198571638,8,17,0,32,32,8,7,33.90625,40,2.78125,4,0,0,0,0,0,0,0,0,0,0.25,0.53125,0.0,1.0,0.0,0.0
CUST001830,27,35398.63,1311.0603703703703,18599.47,3622.142172026512,4,16,0,27,27,5,8,35.18518518518518,55,2.814814814814815,4,0,0,0,0,0,0,0,0,0,0.14814814814814814,0.5925925925925926,0.0,1.0,0.0,0.0
CUST001831,21,15674.310000000001,746.3957142857143,4460.17,1000.2427392666815,6,8,0,21,21,5,5,33.333333333333336,40,2.6666666666666665,4,0,0,0,0,0,0,0,0,0,0.2857142857142857,0.38095238095238093,0.0,1.0,0.0,0.0
CUST001832,18,15409.54,856.0855555555556,3643.96,1184.3442682232235,2,8,0,18,18,4,4,32.77777777777778,40,2.5555555555555554,4,0,0,0,0,0,0,0,0,0,0.1111111111111111,0.4444444444444444,0.0,1.0,0.0,0.0
CUST001833,18,19526.14,1084.7855555555554,7769.52,1902.6898732745278,1,9,0,18,18,5,6,33.888888888888886,50,2.611111111111111,4,0,0,0,0,0,0,0,0,0,0.05555555555555555,0.5,0.0,1.0,0.0,0.0
CUST001834,24,16691.09,695.4620833333333,7855.14,1590.2386555345524,4,10,0,24,24,4,5,33.75,55,2.625,4,0,0,0,0,0,0,0,0,0,0.16666666666666666,0.4166666666666667,0.0,1.0,0.0,0.0
CUST001835,18,15344.26,852.4588888888889,7030.42,1615.5821888678174,6,5,0,18,17,5,2,34.166666666666664,55,2.6666666666666665,4,0,0,0,0,0,0,0,0,0,0.3333333333333333,0.2777777777777778,0.0,1.0,0.0,0.0
CUST001836,22,42731.14,1942.3245454545454,12253.37,3471.839086368419,4,13,0,22,22,5,6,37.95454545454545,70,3.0,5,0,0,0,2,0,0,0,0,0,0.18181818181818182,0.5909090909090909,0.0,1.0,0.09090909090909091,0.0
CUST001837,24,19082.61,795.10875,8002.97,1578.8447998576364,2,16,0,24,24,6,7,35.208333333333336,65,2.8333333333333335,4,0,0,0,1,0,0,0,0,0,0.08333333333333333,0.6666666666666666,0.0,1.0,0.041666666666666664,0.0
CUST001838,22,23244.149999999998,1056.5522727272726,6180.65,1305.6266947293266,3,15,0,22,22,5,9,35.0,55,2.8636363636363638,4,0,0,0,0,0,0,0,0,0,0.13636363636363635,0.6818181818181818,0.0,1.0,0.0,0.0
CUST001839,21,12084.88,575.4704761904761,3978.0,884.999943352971,6,9,0,21,21,6,5,33.57142857142857,40,2.7142857142857144,4,0,0,0,0,0,0,0,0,0,0.2857142857142857,0.42857142857142855,0.0,1.0,0.0,0.0
CUST001840,21,13975.69,665.5090476190477,4256.0,981.0263743952288,2,9,0,21,20,4,6,32.61904761904762,40,2.5238095238095237,4,0,0,0,0,0,0,0,0,0,0.09523809523809523,0.42857142857142855,0.0,1.0,0.0,0.0
CUST001841,34,23848.54,701.4276470588236,3486.26,863.2545154172293,5,14,0,34,34,7,7,32.794117647058826,40,2.5588235294117645,4,0,0,0,0,0,0,0,0,0,0.14705882352941177,0.4117647058823529,0.0,1.0,0.0,0.0
CUST001842,33,26523.27,803.7354545454546,3004.58,904.3992419767214,4,14,0,33,33,5,9,32.72727272727273,40,2.5454545454545454,4,0,0,0,0,0,0,0,0,0,0.12121212121212122,0.42424242424242425,0.0,1.0,0.0,0.0
CUST001843,29,41442.97,1429.0679310344829,17531.69,3371.8828310481067,4,12,0,29,29,5,7,34.6551724137931,70,2.6551724137931036,5,0,0,0,0,0,0,0,0,0,0.13793103448275862,0.41379310344827586,0.0,1.0,0.0,0.0
CUST001844,27,26649.33,987.0122222222222,4699.71,1391.7102301853515,4,15,0,27,27,5,8,33.51851851851852,40,2.7037037037037037,4,0,0,0,0,0,0,0,0,0,0.14814814814814814,0.5555555555555556,0.0,1.0,0.0,0.0
CUST001845,26,17543.65,674.7557692307693,2264.4,629.1810863156843,4,10,0,26,26,6,6,47.69230769230769,55,3.5384615384615383,5,0,0,1,0,0,0,0,0,0,0.15384615384615385,0.38461538461538464,0.0,1.0,0.0,0.0
CUST001846,20,7791.19,389.55949999999996,2084.31,463.0737375461925,1,10,0,20,20,5,4,42.75,50,3.55,5,1,0,0,0,0,0,0,0,0,0.05,0.5,0.0,1.0,0.0,0.0
CUST001847,28,19563.62,698.7007142857143,6687.42,1252.5750214419143,4,12,0,28,27,8,7,33.57142857142857,55,2.607142857142857,4,0,0,0,0,0,0,0,0,0,0.14285714285714285,0.42857142857142855,0.0,1.0,0.0,0.0
CUST001848,20,38616.42,1930.821,22978.56,5039.426786597125,3,13,0,20,20,7,7,35.75,65,2.9,4,0,0,0,0,0,0,0,0,0,0.15,0.65,0.0,1.0,0.0,0.0
CUST001849,19,9471.6,498.5052631578948,3626.18,813.6857641645781,6,7,0,19,19,3,6,33.421052631578945,40,2.6842105263157894,4,0,0,0,0,0,0,0,0,0,0.3157894736842105,0.3684210526315789,0.0,1.0,0.0,0.0
CUST001850,38,25730.68,677.1231578947369,4076.26,868.8814006466927,9,18,0,38,38,9,7,33.55263157894737,40,2.710526315789474,4,0,0,0,0,0,0,0,0,0,0.23684210526315788,0.47368421052631576,0.0,1.0,0.0,0.0
CUST001851,31,30133.96,972.0632258064516,9100.67,1725.4096174365611,6,15,0,31,31,8,6,34.516129032258064,65,2.7419354838709675,4,0,0,0,1,0,0,0,0,0,0.1935483870967742,0.4838709677419355,0.0,1.0,0.03225806451612903,0.0
CUST001852,28,16055.43,573.4082142857143,3337.46,696.7850388965211,5,11,0,28,28,4,7,32.857142857142854,40,2.5714285714285716,4,0,0,0,0,0,0,0,0,0,0.17857142857142858,0.39285714285714285,0.0,1.0,0.0,0.0
CUST001853,29,14181.23,489.00793103448274,2765.45,655.9338031026526,9,13,0,29,28,6,7,33.793103448275865,40,2.7586206896551726,4,0,0,0,0,0,0,0,0,0,0.3103448275862069,0.4482758620689655,0.0,1.0,0.0,0.0
CUST001854,26,17899.95,688.4596153846154,2943.72,700.8079969947876,4,13,0,26,26,5,7,33.26923076923077,40,2.6538461538461537,4,0,0,0,0,0,0,0,0,0,0.15384615384615385,0.5,0.0,1.0,0.0,0.0
CUST001855,26,29936.53,1151.405,16181.86,3129.777247320007,3,12,0,26,26,6,7,34.23076923076923,65,2.6538461538461537,4,0,0,0,0,0,0,0,0,0,0.11538461538461539,0.46153846153846156,0.0,1.0,0.0,0.0
CUST001856,28,14744.14,526.5764285714286,1904.61,529.2463508802927,4,11,0,28,28,5,6,32.67857142857143,40,2.5357142857142856,4,0,0,0,0,0,0,0,0,0,0.14285714285714285,0.39285714285714285,0.0,1.0,0.0,0.0
CUST001857,31,21938.94,707.7077419354838,4095.14,860.4187253142492,3,15,0,31,31,5,8,32.903225806451616,40,2.5806451612903225,4,0,0,0,0,0,0,0,0,0,0.0967741935483871,0.4838709677419355,0.0,1.0,0.0,0.0
CUST001858,37,26375.2,712.8432432432433,4696.08,847.5953505229238,3,18,0,37,37,9,5,32.83783783783784,40,2.5675675675675675,4,0,0,0,0,0,0,0,0,0,0.08108108108108109,0.4864864864864865,0.0,1.0,0.0,0.0
CUST001859,16,8280.91,517.556875,1834.83,566.0677193495345,2,6,0,16,16,3,4,32.5,40,2.5,4,0,0,0,0,0,0,0,0,0,0.125,0.375,0.0,1.0,0.0,0.0
CUST001860,24,13100.85,545.86875,2903.34,780.7670323432092,6,12,0,24,24,8,5,33.75,40,2.75,4,0,0,0,0,0,0,0,0,0,0.25,0.5,0.0,1.0,0.0,0.0
CUST001861,30,21362.8,712.0933333333334,3199.38,862.4568780238087,7,11,0,30,30,4,8,43.0,50,3.6,5,1,0,0,0,0,0,0,0,0,0.23333333333333334,0.36666666666666664,0.0,1.0,0.0,0.0
CUST001862,27,18065.77,669.1025925925926,4433.42,882.4881516641656,6,7,0,27,27,5,3,32.407407407407405,40,2.4814814814814814,4,0,0,0,0,0,0,0,0,0,0.2222222222222222,0.25925925925925924,0.0,1.0,0.0,0.0
CUST001863,24,16901.96,704.2483333333333,2599.0,666.212503084914,10,14,0,24,24,8,7,45.0,50,4.0,5,1,0,0,0,0,0,0,0,0,0.4166666666666667,0.5833333333333334,0.0,1.0,0.0,0.0
CUST001864,33,12851.9,389.45151515151514,1806.81,365.9638993049828,7,16,0,33,33,7,8,33.484848484848484,40,2.696969696969697,4,0,0,0,0,0,0,0,0,0,0.21212121212121213,0.48484848484848486,0.0,1.0,0.0,0.0
CUST001865,21,12374.52,589.2628571428571,2923.91,768.8057288947764,3,9,0,21,21,6,5,32.857142857142854,35,2.5714285714285716,3,0,0,0,0,0,0,0,0,0,0.14285714285714285,0.42857142857142855,0.0,1.0,0.0,0.0
CUST001866,24,15523.56,646.8149999999999,4432.76,965.0447344395831,3,12,0,24,24,6,6,33.125,35,2.625,3,0,0,0,0,0,0,0,0,0,0.125,0.5,0.0,1.0,0.0,0.0
CUST001867,23,14424.099999999999,627.1347826086956,8898.98,1813.3003946342242,2,12,0,23,23,7,7,34.56521739130435,70,2.6956521739130435,5,0,0,0,1,0,0,0,0,0,0.08695652173913043,0.5217391304347826,0.0,1.0,0.043478260869565216,0.0
CUST001868,36,18738.15,520.5041666666667,2025.38,525.9072567253932,4,15,0,36,36,5,9,32.638888888888886,40,2.5277777777777777,4,0,0,0,0,0,0,0,0,0,0.1111111111111111,0.4166666666666667,0.0,1.0,0.0,0.0
CUST001869,23,13146.36,571.5808695652174,2327.15,627.7796015388684,4,9,0,23,23,6,5,32.82608695652174,40,2.5652173913043477,4,0,0,0,0,0,0,0,0,0,0.17391304347826086,0.391304347826087,0.0,1.0,0.0,0.0
CUST001870,13,11046.210000000001,849.7084615384616,2761.96,1073.0691554356763,2,6,0,13,13,3,4,33.07692307692308,40,2.6153846153846154,4,0,0,0,0,0,0,0,0,0,0.15384615384615385,0.46153846153846156,0.0,1.0,0.0,0.0
CUST001871,24,14321.69,596.7370833333333,4015.98,984.3475766983898,3,13,0,24,24,6,5,33.958333333333336,50,2.7083333333333335,4,0,0,0,0,0,0,0,0,0,0.125,0.5416666666666666,0.0,1.0,0.0,0.0
CUST001872,30,30073.829999999998,1002.4609999999999,6932.74,1454.6197433180569,7,19,0,30,30,9,5,35.0,50,2.9,4,0,0,0,0,0,0,0,0,0,0.23333333333333334,0.6333333333333333,0.0,1.0,0.0,0.0
CUST001873,29,17773.7,612.8862068965517,2879.05,705.8923376702195,7,16,0,29,29,8,7,33.96551724137931,40,2.793103448275862,4,0,0,0,0,0,0,0,0,0,0.2413793103448276,0.5517241379310345,0.0,1.0,0.0,0.0
CUST001874,25,21794.07,871.7628,7280.33,1450.4487762169795,3,7,0,25,25,3,5,32.8,50,2.44,4,0,0,0,0,0,0,0,0,0,0.12,0.28,0.0,1.0,0.0,0.0
CUST001875,25,17103.15,684.1260000000001,3758.79,1018.9011887281645,7,13,0,25,25,7,4,34.0,40,2.8,4,0,0,0,0,0,0,0,0,0,0.28,0.52,0.0,1.0,0.0,0.0
CUST001876,12,3132.07,261.0058333333333,897.2,279.0562163780668,3,6,0,12,12,3,4,33.75,40,2.75,4,0,0,0,0,0,0,0,0,0,0.25,0.5,0.0,1.0,0.0,0.0
CUST001877,28,23909.05,853.8946428571428,5806.38,1383.1949850831325,4,7,0,28,28,7,2,32.67857142857143,50,2.4285714285714284,3,0,0,0,0,0,0,0,0,0,0.14285714285714285,0.25,0.0,1.0,0.0,0.0
CUST001878,18,21289.75,1182.763888888889,8990.45,2108.6519017222663,3,9,0,18,18,8,6,36.111111111111114,90,2.8333333333333335,7,0,0,0,1,0,0,0,0,0,0.16666666666666666,0.5,0.0,1.0,0.05555555555555555,0.0
CUST001879,21,18937.52,901.7866666666666,5138.15,1261.3238660127433,7,11,0,21,21,6,4,50.23809523809524,65,3.9047619047619047,5,0,0,1,0,0,0,0,0,0,0.3333333333333333,0.5238095238095238,0.0,1.0,0.0,0.0
CUST001880,21,14069.42,669.972380952381,3740.55,972.1631896749884,3,13,0,21,21,5,5,33.80952380952381,40,2.761904761904762,4,0,0,0,0,0,0,0,0,0,0.14285714285714285,0.6190476190476191,0.0,1.0,0.0,0.0
CUST001881,34,31958.65,939.9602941176471,5350.55,1249.3331982531668,8,17,0,34,34,9,7,34.26470588235294,60,2.764705882352941,5,0,0,0,0,0,0,0,0,0,0.23529411764705882,0.5,0.0,1.0,0.0,0.0
CUST001882,20,16629.6,831.4799999999999,4179.39,1191.4786811927613,6,10,0,20,20,5,6,34.0,40,2.8,4,0,0,0,0,0,0,0,0,0,0.3,0.5,0.0,1.0,0.0,0.0
CUST001883,21,21484.010000000002,1023.0480952380954,7627.52,1787.831471047031,6,11,0,21,21,5,5,35.0,50,2.857142857142857,4,0,0,0,0,0,0,0,0,0,0.2857142857142857,0.5238095238095238,0.0,1.0,0.0,0.0
CUST001884,25,18450.46,738.0183999999999,4496.03,1058.3086843350573,4,12,0,25,25,4,7,33.2,40,2.64,4,0,0,0,0,0,0,0,0,0,0.16,0.48,0.0,1.0,0.0,0.0
CUST001885,28,13904.93,496.6046428571429,2287.93,567.1162893908623,7,16,0,28,28,7,6,34.107142857142854,40,2.8214285714285716,4,0,0,0,0,0,0,0,0,0,0.25,0.5714285714285714,0.0,1.0,0.0,0.0
CUST001886,25,11259.63,450.38519999999994,2516.22,572.3565261058881,1,11,0,25,25,5,6,32.4,35,2.48,3,0,0,0,0,0,0,0,0,0,0.04,0.44,0.0,1.0,0.0,0.0
CUST001887,17,9435.49,555.0288235294117,1616.34,458.4717006108768,1,12,0,17,17,6,6,33.8235294117647,40,2.764705882352941,4,0,0,0,0,0,0,0,0,0,0.058823529411764705,0.7058823529411765,0.0,1.0,0.0,0.0
CUST001888,29,19912.81,686.6486206896552,4497.36,978.55351766824,11,13,0,29,29,5,6,34.13793103448276,40,2.8275862068965516,4,0,0,0,0,0,0,0,0,0,0.3793103448275862,0.4482758620689655,0.0,1.0,0.0,0.0
CUST001889,29,20080.81,692.441724137931,4203.89,1038.107441270855,4,17,0,29,29,8,7,33.62068965517241,40,2.7241379310344827,4,0,0,0,0,0,0,0,0,0,0.13793103448275862,0.5862068965517241,0.0,1.0,0.0,0.0
CUST001890,23,29817.600000000002,1296.417391304348,18884.38,3867.3869671420475,5,13,0,23,23,8,5,34.78260869565217,55,2.8260869565217392,4,0,0,0,0,0,0,0,0,0,0.21739130434782608,0.5652173913043478,0.0,1.0,0.0,0.0
CUST001891,26,22641.95,870.8442307692308,8802.58,1730.0628728278587,4,10,0,26,24,5,5,34.61538461538461,80,2.6538461538461537,5,0,0,0,1,0,0,0,0,0,0.15384615384615385,0.38461538461538464,0.0,1.0,0.038461538461538464,0.0
CUST001892,23,14665.38,637.6252173913043,2646.22,736.094007267535,5,15,0,23,23,10,4,34.34782608695652,40,2.869565217391304,4,0,0,0,0,0,0,0,0,0,0.21739130434782608,0.6521739130434783,0.0,1.0,0.0,0.0
CUST001893,25,13355.68,534.2272,4703.92,960.4735164209371,4,10,0,25,25,9,4,42.8,45,3.56,4,1,0,0,0,0,0,0,0,0,0.16,0.4,0.0,1.0,0.0,0.0
CUST001894,24,33374.26,1390.5941666666668,8876.49,2025.5930028704026,4,14,0,24,24,7,7,35.208333333333336,70,2.8333333333333335,5,0,0,0,1,0,0,0,0,0,0.16666666666666666,0.5833333333333334,0.0,1.0,0.041666666666666664,0.0
CUST001895,19,21808.96,1147.84,8573.46,2064.425667107225,3,11,0,19,19,5,6,35.526315789473685,65,2.8421052631578947,4,0,0,0,1,0,0,0,0,0,0.15789473684210525,0.5789473684210527,0.0,1.0,0.05263157894736842,0.0
CUST001896,18,10560.19,586.6772222222222,1957.06,655.2952258585489,4,6,0,18,18,4,3,32.77777777777778,35,2.5555555555555554,3,0,0,0,0,0,0,0,0,0,0.2222222222222222,0.3333333333333333,0.0,1.0,0.0,0.0
CUST001897,29,22829.86,787.2365517241379,5382.23,1273.7086515292817,3,15,0,29,29,8,7,33.793103448275865,55,2.6551724137931036,4,0,0,0,0,0,0,0,0,0,0.10344827586206896,0.5172413793103449,0.0,1.0,0.0,0.0
CUST001898,23,10668.65,463.85434782608695,1935.4,444.069870984962,6,10,0,23,23,5,6,33.47826086956522,40,2.6956521739130435,4,0,0,0,0,0,0,0,0,0,0.2608695652173913,0.43478260869565216,0.0,1.0,0.0,0.0
CUST001899,20,16768.27,838.4135,4239.69,1168.0458820308431,1,12,0,20,20,5,8,33.25,40,2.65,4,0,0,0,0,0,0,0,0,0,0.05,0.6,0.0,1.0,0.0,0.0
CUST001900,34,21073.15,619.7985294117648,3699.87,792.6084956805878,4,19,0,34,34,9,8,33.38235294117647,40,2.676470588235294,4,0,0,0,0,0,0,0,0,0,0.11764705882352941,0.5588235294117647,0.0,1.0,0.0,0.0
CUST001901,23,13832.67,601.4204347826087,4369.38,901.6704187001442,4,8,0,23,23,5,4,32.608695652173914,40,2.5217391304347827,4,0,0,0,0,0,0,0,0,0,0.17391304347826086,0.34782608695652173,0.0,1.0,0.0,0.0
CUST001902,23,23000.57,1000.0247826086957,3845.8,1086.2484762615932,5,10,0,23,23,6,8,33.26086956521739,40,2.652173913043478,4,0,0,0,0,0,0,0,0,0,0.21739130434782608,0.43478260869565216,0.0,1.0,0.0,0.0
CUST001903,38,18953.18,498.7678947368421,2080.52,592.000502835606,7,18,0,38,38,6,6,33.28947368421053,40,2.6578947368421053,4,0,0,0,0,0,0,0,0,0,0.18421052631578946,0.47368421052631576,0.0,1.0,0.0,0.0
CUST001904,30,18253.4,608.4466666666667,1784.8,467.1696802081094,5,12,0,30,30,5,7,32.833333333333336,40,2.566666666666667,4,0,0,0,0,0,0,0,0,0,0.16666666666666666,0.4,0.0,1.0,0.0,0.0
CUST001905,21,12474.289999999999,594.0138095238095,2491.84,707.6808982195025,4,8,0,21,21,8,4,32.857142857142854,35,2.5714285714285716,3,0,0,0,0,0,0,0,0,0,0.19047619047619047,0.38095238095238093,0.0,1.0,0.0,0.0
CUST001906,29,8797.98,303.3786206896552,929.22,262.1829795298932,5,13,0,29,29,7,6,33.10344827586207,40,2.6206896551724137,4,0,0,0,0,0,0,0,0,0,0.1724137931034483,0.4482758620689655,0.0,1.0,0.0,0.0
CUST001907,25,12609.82,504.39279999999997,4045.4,828.6014042425144,2,14,0,25,25,6,7,33.2,40,2.64,4,0,0,0,0,0,0,0,0,0,0.08,0.56,0.0,1.0,0.0,0.0
CUST001908,29,17197.54,593.0186206896552,1941.74,568.4053260955106,4,20,0,29,29,6,9,35.172413793103445,50,2.896551724137931,4,0,0,0,0,0,0,0,0,0,0.13793103448275862,0.6896551724137931,0.0,1.0,0.0,0.0
CUST001909,18,15245.25,846.9583333333334,4192.48,1016.2796707324796,4,7,0,18,18,5,4,33.05555555555556,40,2.611111111111111,4,0,0,0,0,0,0,0,0,0,0.2222222222222222,0.3888888888888889,0.0,1.0,0.0,0.0
CUST001910,18,14270.17,792.7872222222222,7166.9,1630.4131135852206,4,10,0,18,18,6,4,35.0,50,2.8333333333333335,4,0,0,0,0,0,0,0,0,0,0.2222222222222222,0.5555555555555556,0.0,1.0,0.0,0.0
CUST001911,26,28621.65,1100.8326923076925,7760.95,1569.9390798233103,7,11,0,26,26,6,4,49.80769230769231,80,3.769230769230769,5,0,0,1,0,0,0,0,0,0,0.2692307692307692,0.4230769230769231,0.0,1.0,0.0,0.0
CUST001912,15,5608.08,373.872,896.07,271.51440351690894,2,8,0,15,15,5,4,33.333333333333336,35,2.6666666666666665,3,0,0,0,0,0,0,0,0,0,0.13333333333333333,0.5333333333333333,0.0,1.0,0.0,0.0
CUST001913,18,11695.51,649.7505555555556,3299.23,789.5938438096046,2,11,0,18,18,6,6,33.611111111111114,35,2.7222222222222223,3,0,0,0,0,0,0,0,0,0,0.1111111111111111,0.6111111111111112,0.0,1.0,0.0,0.0
CUST001914,31,30704.85,990.4790322580644,3065.0,872.3646023857792,6,18,0,31,31,6,9,33.87096774193548,40,2.774193548387097,4,0,0,0,0,0,0,0,0,0,0.1935483870967742,0.5806451612903226,0.0,1.0,0.0,0.0
CUST001915,20,7952.41,397.6205,1051.06,343.8640793666651,3,13,0,20,20,8,5,34.0,40,2.8,4,0,0,0,0,0,0,0,0,0,0.15,0.65,0.0,1.0,0.0,0.0
CUST001916,23,26309.5,1143.891304347826,6940.71,1661.7782017966185,5,12,0,23,23,5,6,34.56521739130435,50,2.782608695652174,4,0,0,0,0,0,0,0,0,0,0.21739130434782608,0.5217391304347826,0.0,1.0,0.0,0.0
CUST001917,22,11849.16,538.5981818181818,1852.53,539.2263638693632,5,14,0,22,21,8,5,34.31818181818182,40,2.8636363636363638,4,0,0,0,0,0,0,0,0,0,0.22727272727272727,0.6363636363636364,0.0,1.0,0.0,0.0
CUST001918,25,19084.34,763.3736,4091.52,915.8916069322833,2,10,0,25,24,6,6,32.4,40,2.48,4,0,0,0,0,0,0,0,0,0,0.08,0.4,0.0,1.0,0.0,0.0
CUST001919,20,11655.7,582.7850000000001,1718.49,506.89998686027536,4,8,0,20,20,4,5,33.0,40,2.6,4,0,0,0,0,0,0,0,0,0,0.2,0.4,0.0,1.0,0.0,0.0
CUST001920,24,15229.84,634.5766666666667,4056.53,906.5794764971226,4,12,0,24,24,6,5,43.333333333333336,50,3.6666666666666665,5,1,0,0,0,0,0,0,0,0,0.16666666666666666,0.5,0.0,1.0,0.0,0.0
CUST001921,21,8867.83,422.27761904761905,1616.51,410.3603898758354,5,4,0,21,21,4,4,32.142857142857146,35,2.4285714285714284,3,0,0,0,0,0,0,0,0,0,0.23809523809523808,0.19047619047619047,0.0,1.0,0.0,0.0
CUST001922,18,19031.73,1057.3183333333334,6350.96,1764.8412073886589,0,10,0,18,18,4,6,35.0,55,2.6666666666666665,4,0,0,0,0,0,0,0,0,0,0.0,0.5555555555555556,0.0,1.0,0.0,0.0
CUST001923,26,20677.98,795.3069230769231,3482.53,825.9134111794976,6,11,0,26,25,6,5,33.26923076923077,40,2.6538461538461537,4,0,0,0,0,0,0,0,0,0,0.23076923076923078,0.4230769230769231,0.0,1.0,0.0,0.0
CUST001924,18,8712.32,484.0177777777778,1868.23,609.1886835258413,4,7,0,18,18,3,6,33.05555555555556,40,2.611111111111111,4,0,0,0,0,0,0,0,0,0,0.2222222222222222,0.3888888888888889,0.0,1.0,0.0,0.0
CUST001925,27,15566.72,576.5451851851851,3187.91,646.8014543735752,6,15,0,27,27,7,8,33.888888888888886,40,2.7777777777777777,4,0,0,0,0,0,0,0,0,0,0.2222222222222222,0.5555555555555556,0.0,1.0,0.0,0.0
CUST001926,21,20697.87,985.6128571428571,6150.39,1450.1472915919364,3,10,0,21,20,8,4,34.04761904761905,55,2.6666666666666665,4,0,0,0,0,0,0,0,0,0,0.14285714285714285,0.47619047619047616,0.0,1.0,0.0,0.0
CUST001927,25,32411.88,1296.4752,12503.98,2570.403167772065,3,9,0,25,23,4,5,33.2,55,2.52,4,0,0,0,0,0,0,0,0,0,0.12,0.36,0.0,1.0,0.0,0.0
CUST001928,26,13809.94,531.1515384615385,2491.67,567.8695584705509,5,13,0,26,26,5,7,33.46153846153846,40,2.6923076923076925,4,0,0,0,0,0,0,0,0,0,0.19230769230769232,0.5,0.0,1.0,0.0,0.0
CUST001929,20,11771.810000000001,588.5905,1428.43,466.9286857582723,7,10,0,20,20,3,8,34.25,40,2.85,4,0,0,0,0,0,0,0,0,0,0.35,0.5,0.0,1.0,0.0,0.0
CUST001930,24,18982.52,790.9383333333334,4523.03,944.7107666171265,7,9,0,24,24,5,4,33.333333333333336,40,2.6666666666666665,4,0,0,0,0,0,0,0,0,0,0.2916666666666667,0.375,0.0,1.0,0.0,0.0
CUST001931,33,18961.05,574.5772727272727,5105.18,951.4615473485804,7,19,0,33,33,6,10,34.54545454545455,55,2.8181818181818183,4,0,0,0,0,0,0,0,0,0,0.21212121212121213,0.5757575757575758,0.0,1.0,0.0,0.0
CUST001932,20,9347.13,467.3565,1639.75,418.8959293098566,2,10,0,20,19,4,6,33.0,35,2.6,3,0,0,0,0,0,0,0,0,0,0.1,0.5,0.0,1.0,0.0,0.0
CUST001933,21,13478.6,641.8380952380952,1782.72,491.37025014360654,1,14,0,21,21,7,7,33.57142857142857,35,2.7142857142857144,3,0,0,0,0,0,0,0,0,0,0.047619047619047616,0.6666666666666666,0.0,1.0,0.0,0.0
CUST001934,17,24154.77,1420.8688235294119,7494.97,1885.50950222971,3,7,0,17,17,6,5,34.11764705882353,55,2.6470588235294117,4,0,0,0,0,0,0,0,0,0,0.17647058823529413,0.4117647058823529,0.0,1.0,0.0,0.0
CUST001935,27,22483.53,832.7233333333332,8371.24,1655.278962410868,3,12,0,27,26,7,6,34.074074074074076,70,2.6296296296296298,5,0,0,0,1,0,0,0,0,0,0.1111111111111111,0.4444444444444444,0.0,1.0,0.037037037037037035,0.0
CUST001936,22,24985.25,1135.6931818181818,12158.84,2560.6962586958493,1,10,0,22,22,5,6,34.09090909090909,70,2.590909090909091,5,0,0,0,0,0,0,0,0,0,0.045454545454545456,0.45454545454545453,0.0,1.0,0.0,0.0
CUST001937,23,13815.89,600.6908695652173,2289.09,698.6179210016475,5,10,0,23,23,6,8,33.26086956521739,40,2.652173913043478,4,0,0,0,0,0,0,0,0,0,0.21739130434782608,0.43478260869565216,0.0,1.0,0.0,0.0
CUST001938,22,12527.75,569.4431818181819,4791.1,1031.6794835116757,5,9,0,22,22,5,5,33.18181818181818,40,2.6363636363636362,4,0,0,0,0,0,0,0,0,0,0.22727272727272727,0.4090909090909091,0.0,1.0,0.0,0.0
CUST001939,24,11541.78,480.9075,3331.07,733.3858844176397,4,16,0,24,24,7,7,34.166666666666664,40,2.8333333333333335,4,0,0,0,0,0,0,0,0,0,0.16666666666666666,0.6666666666666666,0.0,1.0,0.0,0.0
CUST001940,23,13751.75,597.9021739130435,2914.84,681.3268291153167,5,9,0,23,23,3,7,33.04347826086956,40,2.608695652173913,4,0,0,0,0,0,0,0,0,0,0.21739130434782608,0.391304347826087,0.0,1.0,0.0,0.0
CUST001941,33,32596.54,987.7739393939394,5511.62,1272.085400444727,8,14,0,33,33,8,8,33.93939393939394,55,2.696969696969697,4,0,0,0,0,0,0,0,0,0,0.24242424242424243,0.42424242424242425,0.0,1.0,0.0,0.0
CUST001942,29,28570.33,985.1837931034484,10584.13,1941.6109730571188,4,16,0,29,28,6,7,34.13793103448276,50,2.7241379310344827,4,0,0,0,0,0,0,0,0,0,0.13793103448275862,0.5517241379310345,0.0,1.0,0.0,0.0
CUST001943,21,12425.59,591.6947619047619,3351.75,796.876065694152,2,12,0,21,21,7,5,33.333333333333336,35,2.6666666666666665,3,0,0,0,0,0,0,0,0,0,0.09523809523809523,0.5714285714285714,0.0,1.0,0.0,0.0
CUST001944,18,6305.84,350.32444444444445,1624.11,392.43451527495,5,10,0,18,18,7,6,34.166666666666664,40,2.8333333333333335,4,0,0,0,0,0,0,0,0,0,0.2777777777777778,0.5555555555555556,0.0,1.0,0.0,0.0
CUST001945,35,29905.739999999998,854.4497142857142,10042.23,1729.7016483902748,6,18,0,35,35,9,9,34.0,55,2.7142857142857144,4,0,0,0,0,0,0,0,0,0,0.17142857142857143,0.5142857142857142,0.0,1.0,0.0,0.0
CUST001946,29,24289.260000000002,837.5606896551725,8646.74,1638.324421160515,6,9,0,29,29,5,3,34.310344827586206,85,2.6206896551724137,6,0,0,0,1,0,0,0,0,0,0.20689655172413793,0.3103448275862069,0.0,1.0,0.034482758620689655,0.0
CUST001947,22,16304.59,741.1177272727273,4004.67,929.1579521569481,2,15,0,22,22,5,9,33.86363636363637,40,2.772727272727273,4,0,0,0,0,0,0,0,0,0,0.09090909090909091,0.6818181818181818,0.0,1.0,0.0,0.0
CUST001948,24,20333.91,847.24625,2615.23,702.9950413630086,5,14,0,24,23,6,7,33.958333333333336,40,2.7916666666666665,4,0,0,0,0,0,0,0,0,0,0.20833333333333334,0.5833333333333334,0.0,1.0,0.0,0.0
CUST001949,24,23280.010000000002,970.0004166666668,8478.45,1705.2696010958382,4,8,0,24,24,8,6,33.958333333333336,65,2.5833333333333335,4,0,0,0,1,0,0,0,0,0,0.16666666666666666,0.3333333333333333,0.0,1.0,0.041666666666666664,0.0
CUST001950,31,35402.87,1142.028064516129,12569.51,2463.0385536885387,7,14,0,31,31,6,7,35.16129032258065,70,2.774193548387097,5,0,0,0,0,0,0,0,0,0,0.22580645161290322,0.45161290322580644,0.0,1.0,0.0,0.0
CUST001951,21,16992.73,809.177619047619,4803.06,1198.2328324783325,3,9,0,21,21,6,4,32.857142857142854,35,2.5714285714285716,3,0,0,0,0,0,0,0,0,0,0.14285714285714285,0.42857142857142855,0.0,1.0,0.0,0.0
CUST001952,19,11137.29,586.1731578947368,1346.47,404.7252485198739,5,12,0,19,19,6,6,34.473684210526315,40,2.8947368421052633,4,0,0,0,0,0,0,0,0,0,0.2631578947368421,0.631578947368421,0.0,1.0,0.0,0.0
CUST001953,31,38960.3,1256.7838709677421,11425.63,2376.3234407948726,6,16,0,31,31,7,9,34.83870967741935,55,2.774193548387097,4,0,0,0,0,0,0,0,0,0,0.1935483870967742,0.5161290322580645,0.0,1.0,0.0,0.0
CUST001954,21,12193.88,580.6609523809524,3167.56,726.9673933740411,4,10,0,21,21,4,6,33.333333333333336,40,2.6666666666666665,4,0,0,0,0,0,0,0,0,0,0.19047619047619047,0.47619047619047616,0.0,1.0,0.0,0.0
CUST001955,23,29160.61,1267.8526086956522,10647.66,2249.4504835064567,3,10,0,23,23,5,5,33.69565217391305,50,2.608695652173913,3,0,0,0,0,0,0,0,0,0,0.13043478260869565,0.43478260869565216,0.0,1.0,0.0,0.0
CUST001956,32,20963.28,655.1025,2376.78,693.3000239899868,6,11,0,32,32,7,5,32.65625,40,2.53125,4,0,0,0,0,0,0,0,0,0,0.1875,0.34375,0.0,1.0,0.0,0.0
CUST001957,27,25791.06,955.2244444444445,5672.13,1357.2441312208107,5,14,0,27,27,5,6,34.81481481481482,70,2.7777777777777777,5,0,0,0,0,0,0,0,0,0,0.18518518518518517,0.5185185185185185,0.0,1.0,0.0,0.0
CUST001958,32,23115.12,722.3475,5486.67,1119.096263261191,6,21,0,32,32,8,8,35.3125,65,2.90625,4,0,0,0,0,0,0,0,0,0,0.1875,0.65625,0.0,1.0,0.0,0.0
CUST001959,34,29018.41,853.4826470588235,4953.6,1297.6599883784022,5,14,0,34,34,8,6,32.794117647058826,40,2.5588235294117645,4,0,0,0,0,0,0,0,0,0,0.14705882352941177,0.4117647058823529,0.0,1.0,0.0,0.0
CUST001960,23,19920.13,866.0926086956522,5595.38,1280.7249899398862,4,10,0,23,23,7,5,33.91304347826087,55,2.652173913043478,4,0,0,0,0,0,0,0,0,0,0.17391304347826086,0.43478260869565216,0.0,1.0,0.0,0.0
CUST001961,24,14343.210000000001,597.6337500000001,2364.48,660.6606067237781,7,16,0,24,24,5,9,34.791666666666664,40,2.9583333333333335,4,0,0,0,0,0,0,0,0,0,0.2916666666666667,0.6666666666666666,0.0,1.0,0.0,0.0
CUST001962,29,19716.21,679.8693103448276,2147.93,578.951443793809,4,14,0,29,29,10,8,48.10344827586207,55,3.6206896551724137,5,0,0,1,0,0,0,0,0,0,0.13793103448275862,0.4827586206896552,0.0,1.0,0.0,0.0
CUST001963,28,24572.88,877.6028571428571,4643.28,1171.8046977991369,4,14,0,28,28,8,7,33.214285714285715,35,2.642857142857143,3,0,0,0,0,0,0,0,0,0,0.14285714285714285,0.5,0.0,1.0,0.0,0.0
CUST001964,33,21866.850000000002,662.6318181818183,4954.33,905.261154776118,9,12,0,33,33,4,8,33.18181818181818,40,2.6363636363636362,4,0,0,0,0,0,0,0,0,0,0.2727272727272727,0.36363636363636365,0.0,1.0,0.0,0.0
CUST001965,22,11998.51,545.3868181818182,5858.69,1205.494269601384,6,9,0,22,22,5,4,34.31818181818182,60,2.727272727272727,5,0,0,0,0,0,0,0,0,0,0.2727272727272727,0.4090909090909091,0.0,1.0,0.0,0.0
CUST001966,19,9659.56,508.3978947368421,1722.76,511.48593884853386,4,12,0,19,18,5,7,34.21052631578947,40,2.8421052631578947,4,0,0,0,0,0,0,0,0,0,0.21052631578947367,0.631578947368421,0.0,1.0,0.0,0.0
CUST001967,23,26635.79,1158.0778260869565,11863.84,2503.9247722724426,3,10,0,23,23,5,5,33.69565217391305,50,2.608695652173913,4,0,0,0,0,0,0,0,0,0,0.13043478260869565,0.43478260869565216,0.0,1.0,0.0,0.0
CUST001968,21,7554.67,359.74619047619046,1340.23,370.56046149685466,5,15,0,21,20,8,5,34.76190476190476,40,2.9523809523809526,4,0,0,0,0,0,0,0,0,0,0.23809523809523808,0.7142857142857143,0.0,1.0,0.0,0.0
CUST001969,16,7964.32,497.77,2426.92,653.2804116151042,5,8,0,16,16,4,6,49.0625,55,3.8125,5,0,0,1,0,0,0,0,0,0,0.3125,0.5,0.0,1.0,0.0,0.0
CUST001970,28,19090.08,681.7885714285715,2512.8,667.8500941895528,7,15,0,28,28,9,7,33.92857142857143,40,2.7857142857142856,4,0,0,0,0,0,0,0,0,0,0.25,0.5357142857142857,0.0,1.0,0.0,0.0
CUST001971,28,26592.11,949.7182142857143,4445.36,1128.321208318419,6,11,0,28,28,7,4,33.035714285714285,40,2.607142857142857,4,0,0,0,0,0,0,0,0,0,0.21428571428571427,0.39285714285714285,0.0,1.0,0.0,0.0
CUST001972,19,15598.369999999999,820.9668421052631,4445.24,1192.438517553433,4,7,0,19,19,5,3,34.473684210526315,55,2.6842105263157894,5,0,0,0,0,0,0,0,0,0,0.21052631578947367,0.3684210526315789,0.0,1.0,0.0,0.0
CUST001973,18,8494.03,471.8905555555556,1620.98,477.59676450367533,5,10,0,18,18,5,3,34.166666666666664,40,2.8333333333333335,4,0,0,0,0,0,0,0,0,0,0.2777777777777778,0.5555555555555556,0.0,1.0,0.0,0.0
CUST001974,22,21410.73,973.215,4553.31,1037.6684689003516,6,13,0,22,22,6,5,34.31818181818182,40,2.8636363636363638,4,0,0,0,0,0,0,0,0,0,0.2727272727272727,0.5909090909090909,0.0,1.0,0.0,0.0
CUST001975,23,21699.989999999998,943.4778260869564,7208.47,1709.9252308373457,3,13,0,23,23,9,5,35.65217391304348,65,2.8260869565217392,5,0,0,0,0,0,0,0,0,0,0.13043478260869565,0.5652173913043478,0.0,1.0,0.0,0.0
CUST001976,15,8999.539999999999,599.9693333333332,1242.53,450.76916559312684,2,6,0,15,14,6,4,32.666666666666664,40,2.533333333333333,4,0,0,0,0,0,0,0,0,0,0.13333333333333333,0.4,0.0,1.0,0.0,0.0
CUST001977,17,8608.46,506.37999999999994,3449.41,798.3329743518676,6,12,0,17,17,4,7,35.294117647058826,40,3.0588235294117645,4,0,0,0,0,0,0,0,0,0,0.35294117647058826,0.7058823529411765,0.0,1.0,0.0,0.0
CUST001978,29,34778.729999999996,1199.2665517241378,18949.67,3471.0188886697183,3,16,0,29,29,6,9,33.96551724137931,55,2.689655172413793,4,0,0,0,0,0,0,0,0,0,0.10344827586206896,0.5517241379310345,0.0,1.0,0.0,0.0
CUST001979,21,18882.61,899.1719047619048,5748.77,1297.8695588872522,4,11,0,21,21,6,5,34.523809523809526,55,2.761904761904762,4,0,0,0,0,0,0,0,0,0,0.19047619047619047,0.5238095238095238,0.0,1.0,0.0,0.0
CUST001980,23,13985.210000000001,608.0526086956522,3301.41,713.6877768974927,2,13,0,23,23,7,7,33.26086956521739,35,2.652173913043478,3,0,0,0,0,0,0,0,0,0,0.08695652173913043,0.5652173913043478,0.0,1.0,0.0,0.0
CUST001981,24,17597.260000000002,733.2191666666668,4877.04,1019.329953240455,5,14,0,24,24,7,6,33.958333333333336,40,2.7916666666666665,4,0,0,0,0,0,0,0,0,0,0.20833333333333334,0.5833333333333334,0.0,1.0,0.0,0.0
CUST001982,20,16066.4,803.3199999999999,5596.6,1397.3157750976843,3,9,0,20,20,4,4,34.0,60,2.65,5,0,0,0,0,0,0,0,0,0,0.15,0.45,0.0,1.0,0.0,0.0
CUST001983,30,20166.55,672.2183333333334,4374.5,817.2936857242399,3,17,0,30,30,10,7,33.333333333333336,40,2.6666666666666665,4,0,0,0,0,0,0,0,0,0,0.1,0.5666666666666667,0.0,1.0,0.0,0.0
CUST001984,27,52531.49,1945.6107407407408,13467.56,3245.74467434484,2,10,0,27,27,5,6,36.2962962962963,70,2.6666666666666665,5,0,0,0,2,0,0,0,0,0,0.07407407407407407,0.37037037037037035,0.0,1.0,0.07407407407407407,0.0
CUST001985,26,14135.82,543.6853846153846,2709.7,673.9302937499145,4,18,0,26,26,7,7,34.23076923076923,40,2.8461538461538463,4,0,0,0,0,0,0,0,0,0,0.15384615384615385,0.6923076923076923,0.0,1.0,0.0,0.0
CUST001986,22,73731.78,3351.4445454545453,37738.13,8793.926540186008,4,12,0,22,22,5,8,37.27272727272727,80,2.9545454545454546,6,0,0,0,0,0,0,0,0,0,0.18181818181818182,0.5454545454545454,0.0,1.0,0.0,0.0
CUST001987,29,20177.03,695.7596551724138,3364.51,735.76937114193,4,14,0,29,29,8,4,43.10344827586207,50,3.6206896551724137,5,1,0,0,0,0,0,0,0,0,0.13793103448275862,0.4827586206896552,0.0,1.0,0.0,0.0
CUST001988,30,31523.64,1050.788,11632.7,2198.647145653985,9,15,0,30,30,8,5,34.666666666666664,50,2.8333333333333335,4,0,0,0,0,0,0,0,0,0,0.3,0.5,0.0,1.0,0.0,0.0
CUST001989,31,23239.08,749.647741935484,3647.05,959.4370636149433,9,17,0,31,31,9,9,34.193548387096776,40,2.838709677419355,4,0,0,0,0,0,0,0,0,0,0.2903225806451613,0.5483870967741935,0.0,1.0,0.0,0.0
CUST001990,18,21050.11,1169.4505555555556,6694.75,1818.1407823522945,4,12,0,18,18,5,4,36.666666666666664,55,3.0,4,0,0,0,0,0,0,0,0,0,0.2222222222222222,0.6666666666666666,0.0,1.0,0.0,0.0
CUST001991,18,16611.41,922.8561111111111,7911.33,1805.3449971099344,2,8,0,18,18,5,6,33.888888888888886,50,2.611111111111111,4,0,0,0,0,0,0,0,0,0,0.1111111111111111,0.4444444444444444,0.0,1.0,0.0,0.0
CUST001992,23,15813.0,687.5217391304348,5273.9,1178.6131339674075,2,9,0,23,23,7,4,33.26086956521739,55,2.5217391304347827,4,0,0,0,0,0,0,0,0,0,0.08695652173913043,0.391304347826087,0.0,1.0,0.0,0.0
CUST001993,29,15125.54,521.5703448275863,3316.7,719.0132966706266,7,9,0,29,29,6,7,32.758620689655174,40,2.5517241379310347,4,0,0,0,0,0,0,0,0,0,0.2413793103448276,0.3103448275862069,0.0,1.0,0.0,0.0
CUST001994,29,14227.6,490.60689655172416,2624.66,597.8541697013665,2,19,0,29,29,9,6,33.62068965517241,40,2.7241379310344827,4,0,0,0,0,0,0,0,0,0,0.06896551724137931,0.6551724137931034,0.0,1.0,0.0,0.0
CUST001995,33,12234.03,370.72818181818184,1350.34,372.5562364215514,6,16,0,33,33,8,6,33.333333333333336,40,2.6666666666666665,4,0,0,0,0,0,0,0,0,0,0.18181818181818182,0.48484848484848486,0.0,1.0,0.0,0.0
CUST001996,23,12833.09,557.9604347826087,2952.32,800.3136426681176,7,12,0,23,23,5,6,34.130434782608695,40,2.8260869565217392,4,0,0,0,0,0,0,0,0,0,0.30434782608695654,0.5217391304347826,0.0,1.0,0.0,0.0
CUST001997,26,20139.77,774.6065384615384,6927.62,1404.186430679181,5,11,0,26,26,5,5,34.42307692307692,70,2.6923076923076925,5,0,0,0,0,0,0,0,0,0,0.19230769230769232,0.4230769230769231,0.0,1.0,0.0,0.0
CUST001998,23,16623.64,722.7669565217391,2180.16,645.6709528814671,6,13,0,23,23,7,8,34.130434782608695,40,2.8260869565217392,4,0,0,0,0,0,0,0,0,0,0.2608695652173913,0.5652173913043478,0.0,1.0,0.0,0.0
CUST001999,22,14543.27,661.0577272727273,3814.41,1057.0221259608425,3,10,0,22,22,5,5,32.95454545454545,40,2.590909090909091,4,0,0,0,0,0,0,0,0,0,0.13636363636363635,0.45454545454545453,0.0,1.0,0.0,0.0
CUST002000,28,11771.94,420.4264285714286,2410.58,491.22802879687293,7,12,0,28,28,7,6,33.392857142857146,40,2.6785714285714284,4,0,0,0,0,0,0,0,0,0,0.25,0.42857142857142855,0.0,1.0,0.0,0.0
CUST002001,23,10047.19,436.83434782608697,1888.05,517.583010090925,9,12,0,23,23,7,8,44.56521739130435,50,3.9130434782608696,5,1,0,0,0,0,0,0,0,0,0.391304347826087,0.5217391304347826,0.0,1.0,0.0,0.0
CUST002002,20,10743.29,537.1645000000001,1898.34,516.2482215539649,5,7,0,20,20,3,4,33.0,40,2.6,4,0,0,0,0,0,0,0,0,0,0.25,0.35,0.0,1.0,0.0,0.0
CUST002003,32,22132.9,691.653125,4899.27,1024.6543279641803,5,12,0,32,32,6,6,32.65625,40,2.53125,4,0,0,0,0,0,0,0,0,0,0.15625,0.375,0.0,1.0,0.0,0.0
CUST002004,29,31721.97,1093.8610344827587,5012.81,1437.1785035899454,7,9,0,29,29,5,5,33.44827586206897,55,2.586206896551724,4,0,0,0,0,0,0,0,0,0,0.2413793103448276,0.3103448275862069,0.0,1.0,0.0,0.0
CUST002005,30,17303.25,576.775,3229.68,663.4374164479295,7,17,0,30,30,9,6,34.0,40,2.8,4,0,0,0,0,0,0,0,0,0,0.23333333333333334,0.5666666666666667,0.0,1.0,0.0,0.0
CUST002006,25,15182.48,607.2991999999999,2507.11,675.0223552465998,7,17,0,25,25,7,6,34.8,40,2.96,4,0,0,0,0,0,0,0,0,0,0.28,0.68,0.0,1.0,0.0,0.0
CUST002007,30,15435.63,514.521,1668.12,381.87342494375787,7,13,0,30,30,7,6,33.333333333333336,40,2.6666666666666665,4,0,0,0,0,0,0,0,0,0,0.23333333333333334,0.43333333333333335,0.0,1.0,0.0,0.0
CUST002008,25,19100.41,764.0164,5058.56,1024.5690954611114,6,9,0,1,25,2,5,13.8,30,1.64,3,0,0,0,0,0,0,0,0,0,0.24,0.36,0.0,0.04,0.0,0.0
CUST002009,37,33573.75,907.3986486486486,8739.24,1627.2116567889348,9,24,0,37,37,9,7,35.4054054054054,70,2.945945945945946,5,0,0,0,1,0,0,0,0,0,0.24324324324324326,0.6486486486486487,0.0,1.0,0.02702702702702703,0.0
CUST002010,31,12335.789999999999,397.9287096774193,2291.56,483.09743039916856,7,8,0,31,30,4,5,47.41935483870968,55,3.4838709677419355,5,0,0,1,0,0,0,0,0,0,0.22580645161290322,0.25806451612903225,0.0,1.0,0.0,0.0
CUST002011,19,9161.19,482.16789473684213,2544.45,605.1719089516718,3,9,0,19,19,6,4,33.1578947368421,40,2.6315789473684212,4,0,0,0,0,0,0,0,0,0,0.15789473684210525,0.47368421052631576,0.0,1.0,0.0,0.0
CUST002012,24,15478.550000000001,644.9395833333334,4712.13,1110.8388368000542,6,12,0,24,24,5,7,33.75,40,2.75,4,0,0,0,0,0,0,0,0,0,0.25,0.5,0.0,1.0,0.0,0.0
CUST002013,24,13459.58,560.8158333333333,1944.98,500.39655549084415,0,7,0,24,24,3,5,31.458333333333332,35,2.2916666666666665,3,0,0,0,0,0,0,0,0,0,0.0,0.2916666666666667,0.0,1.0,0.0,0.0
CUST002014,25,33004.23,1320.1692,8945.29,2390.5585123877086,7,11,0,25,25,7,7,51.4,85,3.88,6,0,0,1,2,0,0,0,0,0,0.28,0.44,0.0,1.0,0.08,0.0
CUST002015,15,12346.48,823.0986666666666,3536.48,972.2403651424789,6,7,0,0,15,2,6,14.333333333333334,20,1.8666666666666667,3,0,0,0,0,0,0,0,0,0,0.4,0.4666666666666667,0.0,0.0,0.0,0.0
CUST002016,30,24183.41,806.1136666666666,4692.45,1037.1801894908613,5,11,0,30,30,8,5,32.666666666666664,40,2.533333333333333,4,0,0,0,0,0,0,0,0,0,0.16666666666666666,0.36666666666666664,0.0,1.0,0.0,0.0
CUST002017,17,11654.61,685.5652941176471,3990.9,909.4052459926601,6,8,0,17,17,5,5,34.11764705882353,40,2.823529411764706,4,0,0,0,0,0,0,0,0,0,0.35294117647058826,0.47058823529411764,0.0,1.0,0.0,0.0
CUST002018,27,13637.17,505.08037037037036,2355.68,670.7921352256799,5,12,0,27,27,5,7,33.148148148148145,40,2.6296296296296298,4,0,0,0,0,0,0,0,0,0,0.18518518518518517,0.4444444444444444,0.0,1.0,0.0,0.0
CUST002019,23,18034.96,784.1286956521739,5374.35,1238.251179873176,1,13,0,23,23,6,8,33.91304347826087,55,2.652173913043478,4,0,0,0,0,0,0,0,0,0,0.043478260869565216,0.5652173913043478,0.0,1.0,0.0,0.0
CUST002020,25,20994.0,839.76,3523.21,906.9912024196635,6,11,0,25,25,7,5,33.4,40,2.68,4,0,0,0,0,0,0,0,0,0,0.24,0.44,0.0,1.0,0.0,0.0
CUST002021,23,26796.89,1165.0821739130436,8853.84,1907.4324796675014,2,12,0,23,23,5,7,34.56521739130435,70,2.6956521739130435,5,0,0,0,1,0,0,0,0,0,0.08695652173913043,0.5217391304347826,0.0,1.0,0.043478260869565216,0.0
CUST002022,29,38709.71,1334.8175862068965,11964.49,2656.9079622059267,3,14,0,29,29,6,8,35.3448275862069,65,2.7241379310344827,4,0,0,0,1,0,0,0,0,0,0.10344827586206896,0.4827586206896552,0.0,1.0,0.034482758620689655,0.0
CUST002023,30,22036.809999999998,734.5603333333332,5652.31,1080.9297908919966,7,16,0,30,30,7,9,34.5,50,2.8,4,0,0,0,0,0,0,0,0,0,0.23333333333333334,0.5333333333333333,0.0,1.0,0.0,0.0
CUST002024,25,24211.050000000003,968.4420000000001,5990.72,1376.2133205314988,4,12,0,25,25,6,6,34.0,50,2.68,4,0,0,0,0,0,0,0,0,0,0.16,0.48,0.0,1.0,0.0,0.0
CUST002025,31,16045.02,517.5812903225807,1922.24,523.3233435250903,6,14,0,31,31,8,8,33.225806451612904,40,2.6451612903225805,4,0,0,0,0,0,0,0,0,0,0.1935483870967742,0.45161290322580644,0.0,1.0,0.0,0.0
CUST002026,25,13399.95,535.998,2154.85,516.603436746537,6,9,0,25,25,4,5,33.0,40,2.6,4,0,0,0,0,0,0,0,0,0,0.24,0.36,0.0,1.0,0.0,0.0
CUST002027,19,12316.02,648.2115789473685,2648.38,745.4882939930726,5,7,0,19,19,5,6,33.1578947368421,40,2.6315789473684212,4,0,0,0,0,0,0,0,0,0,0.2631578947368421,0.3684210526315789,0.0,1.0,0.0,0.0
CUST002028,25,16194.869999999999,647.7948,5266.92,1083.2560281127758,4,12,0,25,25,6,7,34.0,55,2.68,4,0,0,0,0,0,0,0,0,0,0.16,0.48,0.0,1.0,0.0,0.0
CUST002029,18,11681.53,648.973888888889,5101.0,1182.1638864892132,4,12,0,18,18,5,6,35.55555555555556,50,2.9444444444444446,4,0,0,0,0,0,0,0,0,0,0.2222222222222222,0.6666666666666666,0.0,1.0,0.0,0.0
CUST002030,28,25252.0,901.8571428571429,5120.71,1188.0777173227943,4,9,0,28,28,4,6,33.035714285714285,50,2.5,4,0,0,0,0,1,0,1,0,0,0.14285714285714285,0.32142857142857145,0.0,1.0,0.0,0.03571428571428571
CUST002031,34,32123.89,944.820294117647,8540.22,1650.2559231873893,6,23,0,34,33,9,8,35.294117647058826,70,2.911764705882353,5,0,0,0,1,0,0,0,0,0,0.17647058823529413,0.6764705882352942,0.0,1.0,0.029411764705882353,0.0
CUST002032,21,9343.38,444.9228571428571,1856.11,545.1464360623012,4,9,0,21,21,6,4,33.095238095238095,40,2.619047619047619,4,0,0,0,0,0,0,0,0,0,0.19047619047619047,0.42857142857142855,0.0,1.0,0.0,0.0
CUST002033,24,15374.39,640.5995833333333,2477.56,592.0882622694104,4,15,0,24,24,6,9,33.958333333333336,40,2.7916666666666665,4,0,0,0,0,0,0,0,0,0,0.16666666666666666,0.625,0.0,1.0,0.0,0.0
CUST002034,27,18224.670000000002,674.9877777777779,4276.81,872.8851768762353,4,11,0,27,27,6,8,32.77777777777778,40,2.5555555555555554,4,0,0,0,0,0,0,0,0,0,0.14814814814814814,0.4074074074074074,0.0,1.0,0.0,0.0
CUST002035,31,28772.94,928.1593548387096,6137.74,1394.1371630317574,7,20,0,31,31,9,10,35.0,55,2.903225806451613,4,0,0,0,0,0,0,0,0,0,0.22580645161290322,0.6451612903225806,0.0,1.0,0.0,0.0
CUST002036,31,19945.11,643.3906451612903,3750.59,904.9936316753302,2,18,0,31,31,12,5,33.225806451612904,40,2.6451612903225805,4,0,0,0,0,0,0,0,0,0,0.06451612903225806,0.5806451612903226,0.0,1.0,0.0,0.0
CUST002037,33,20640.33,625.4645454545455,3428.38,809.7846636417105,5,17,0,33,32,6,10,33.333333333333336,40,2.6666666666666665,4,0,0,0,0,0,0,0,0,0,0.15151515151515152,0.5151515151515151,0.0,1.0,0.0,0.0
CUST002038,20,22468.3,1123.415,7214.19,1664.6163493177007,3,9,0,20,20,5,6,44.0,65,3.65,5,1,0,0,0,0,0,0,0,0,0.15,0.45,0.0,1.0,0.0,0.0
CUST002039,26,12398.17,476.85269230769234,2230.32,527.3807524099278,9,8,0,26,26,3,4,33.26923076923077,40,2.6538461538461537,4,0,0,0,0,0,0,0,0,0,0.34615384615384615,0.3076923076923077,0.0,1.0,0.0,0.0
CUST002040,22,18018.64,819.0290909090909,4931.58,1060.2160827281034,4,12,0,22,22,7,8,33.63636363636363,40,2.727272727272727,4,0,0,0,0,0,0,0,0,0,0.18181818181818182,0.5454545454545454,0.0,1.0,0.0,0.0
CUST002041,23,14899.46,647.8026086956521,2882.27,801.6504475382897,5,11,0,23,23,5,5,33.47826086956522,40,2.6956521739130435,4,0,0,0,0,0,0,0,0,0,0.21739130434782608,0.4782608695652174,0.0,1.0,0.0,0.0
CUST002042,25,12002.74,480.1096,2652.84,563.8602531691696,4,13,0,25,25,7,7,33.4,40,2.68,4,0,0,0,0,0,0,0,0,0,0.16,0.52,0.0,1.0,0.0,0.0
CUST002043,18,7737.47,429.8594444444445,1499.52,433.47917205507764,5,11,0,18,18,6,7,34.44444444444444,40,2.888888888888889,4,0,0,0,0,0,0,0,0,0,0.2777777777777778,0.6111111111111112,0.0,1.0,0.0,0.0
CUST002044,23,15574.85,677.1673913043478,3545.19,821.9288871430167,3,9,0,23,23,7,6,32.608695652173914,40,2.5217391304347827,4,0,0,0,0,0,0,0,0,0,0.13043478260869565,0.391304347826087,0.0,1.0,0.0,0.0
CUST002045,22,42219.200000000004,1919.0545454545456,14150.86,3473.2829617301586,6,8,0,22,22,4,6,35.68181818181818,65,2.772727272727273,4,0,0,0,1,0,0,0,0,0,0.2727272727272727,0.36363636363636365,0.0,1.0,0.045454545454545456,0.0
CUST002046,15,15616.38,1041.0919999999999,4602.17,1327.7862706518054,2,9,0,15,15,9,4,48.666666666666664,55,3.7333333333333334,5,0,0,1,0,0,0,0,0,0,0.13333333333333333,0.6,0.0,1.0,0.0,0.0
CUST002047,25,30217.27,1208.6908,5613.75,1489.137406170991,6,16,0,25,25,7,9,35.2,55,2.92,4,0,0,0,0,0,0,0,0,0,0.24,0.64,0.0,1.0,0.0,0.0
CUST002048,25,19493.79,779.7516,6419.28,1303.329062275653,5,11,0,25,24,7,4,34.0,50,2.68,4,0,0,0,0,0,0,0,0,0,0.2,0.44,0.0,1.0,0.0,0.0
CUST002049,28,25399.77,907.1346428571429,4557.1,1263.1343341055076,5,15,0,28,28,8,7,33.57142857142857,40,2.7142857142857144,4,0,0,0,0,0,0,0,0,0,0.17857142857142858,0.5357142857142857,0.0,1.0,0.0,0.0
CUST002050,30,27695.08,923.1693333333334,6823.36,1657.7145244685594,7,16,0,30,30,7,8,35.166666666666664,60,2.8333333333333335,5,0,0,0,0,0,0,0,0,0,0.23333333333333334,0.5333333333333333,0.0,1.0,0.0,0.0
CUST002051,27,17171.74,635.9903703703704,1942.59,520.9760898653565,4,14,0,27,27,7,8,33.333333333333336,40,2.6666666666666665,4,0,0,0,0,0,0,0,0,0,0.14814814814814814,0.5185185185185185,0.0,1.0,0.0,0.0
CUST002052,15,8456.84,563.7893333333334,1514.01,505.69751888521927,3,8,0,15,15,3,5,33.666666666666664,40,2.7333333333333334,4,0,0,0,0,0,0,0,0,0,0.2,0.5333333333333333,0.0,1.0,0.0,0.0
CUST002053,21,11493.59,547.3138095238095,1987.05,630.7944772148547,2,10,0,21,21,4,5,32.857142857142854,35,2.5714285714285716,3,0,0,0,0,0,0,0,0,0,0.09523809523809523,0.47619047619047616,0.0,1.0,0.0,0.0
CUST002054,18,15063.08,836.8377777777778,5075.09,1303.641306727635,3,11,0,18,18,6,6,35.0,60,2.8333333333333335,5,0,0,0,0,0,0,0,0,0,0.16666666666666666,0.6111111111111112,0.0,1.0,0.0,0.0
CUST002055,24,14821.91,617.5795833333333,4179.49,940.2427458373816,6,13,0,24,24,7,6,33.958333333333336,40,2.7916666666666665,4,0,0,0,0,0,0,0,0,0,0.25,0.5416666666666666,0.0,1.0,0.0,0.0
CUST002056,18,9250.77,513.9316666666667,2411.04,610.5646063926501,1,4,0,18,18,3,4,81.38888888888889,90,3.2777777777777777,5,0,1,0,0,0,0,0,0,0,0.05555555555555555,0.2222222222222222,0.0,1.0,0.0,0.0
CUST002057,20,15246.480000000001,762.3240000000001,6062.89,1302.4552143483318,3,7,0,20,20,7,3,33.5,50,2.55,4,0,0,0,0,0,0,0,0,0,0.15,0.35,0.0,1.0,0.0,0.0
CUST002058,24,24568.09,1023.6704166666667,6853.44,1632.652905606937,5,15,0,24,24,8,8,35.0,50,2.875,4,0,0,0,0,0,0,0,0,0,0.20833333333333334,0.625,0.0,1.0,0.0,0.0
CUST002059,24,8838.2,368.2583333333334,1733.78,426.56086899013985,1,9,0,24,23,6,4,47.083333333333336,55,3.4166666666666665,5,0,0,1,0,0,0,0,0,0,0.041666666666666664,0.375,0.0,1.0,0.0,0.0
CUST002060,22,11626.98,528.4990909090909,3098.59,712.1800278682156,2,12,0,22,22,8,6,33.18181818181818,40,2.6363636363636362,4,0,0,0,0,0,0,0,0,0,0.09090909090909091,0.5454545454545454,0.0,1.0,0.0,0.0
CUST002061,22,11252.63,511.4831818181818,4895.73,1027.3950217042748,5,10,0,22,22,5,6,43.40909090909091,50,3.6818181818181817,5,1,0,0,0,0,0,0,0,0,0.22727272727272727,0.45454545454545453,0.0,1.0,0.0,0.0
CUST002062,24,14127.61,588.6504166666667,2448.26,705.2640142126189,6,12,0,24,24,6,7,33.75,40,2.75,4,0,0,0,0,0,0,0,0,0,0.25,0.5,0.0,1.0,0.0,0.0
CUST002063,27,20741.09,768.1885185185185,3790.24,900.9188223300088,6,18,0,27,27,7,7,34.44444444444444,40,2.888888888888889,4,0,0,0,0,0,0,0,0,0,0.2222222222222222,0.6666666666666666,0.0,1.0,0.0,0.0
CUST002064,33,22650.760000000002,686.3866666666668,7185.87,1257.434113074286,6,12,0,33,33,8,10,33.333333333333336,55,2.5757575757575757,4,0,0,0,0,0,0,0,0,0,0.18181818181818182,0.36363636363636365,0.0,1.0,0.0,0.0
CUST002065,23,12106.58,526.3730434782609,2945.24,742.4141254315654,2,14,0,23,23,7,5,33.47826086956522,40,2.6956521739130435,4,0,0,0,0,0,0,0,0,0,0.08695652173913043,0.6086956521739131,0.0,1.0,0.0,0.0
CUST002066,17,14752.33,867.7841176470588,5983.2,1504.8626268577593,2,6,0,17,17,4,5,34.411764705882355,65,2.588235294117647,4,0,0,0,0,0,0,0,0,0,0.11764705882352941,0.35294117647058826,0.0,1.0,0.0,0.0
CUST002067,29,20915.18,721.2131034482759,4736.36,1026.6022698101297,4,17,0,29,29,6,8,33.62068965517241,40,2.7241379310344827,4,0,0,0,0,0,0,0,0,0,0.13793103448275862,0.5862068965517241,0.0,1.0,0.0,0.0
CUST002068,24,11574.47,482.2695833333333,2204.73,459.1531804687858,5,10,0,24,24,6,7,33.125,35,2.625,3,0,0,0,0,0,0,0,0,0,0.20833333333333334,0.4166666666666667,0.0,1.0,0.0,0.0
CUST002069,26,18471.57,710.4449999999999,2576.44,786.9669871868832,7,13,0,26,26,5,7,33.84615384615385,40,2.769230769230769,4,0,0,0,0,0,0,0,0,0,0.2692307692307692,0.5,0.0,1.0,0.0,0.0
CUST002070,15,10893.970000000001,726.2646666666667,2283.86,788.3178261142671,1,10,0,15,15,4,6,33.666666666666664,40,2.7333333333333334,4,0,0,0,0,0,0,0,0,0,0.06666666666666667,0.6666666666666666,0.0,1.0,0.0,0.0
CUST002071,22,20966.27,953.0122727272727,10050.45,2097.718836974906,5,9,0,22,22,4,6,34.09090909090909,50,2.6818181818181817,4,0,0,0,0,0,0,0,0,0,0.22727272727272727,0.4090909090909091,0.0,1.0,0.0,0.0
CUST002072,19,15321.94,806.4178947368422,3660.17,898.4863177315931,3,6,0,19,19,4,6,32.36842105263158,40,2.473684210526316,4,0,0,0,0,0,0,0,0,0,0.15789473684210525,0.3157894736842105,0.0,1.0,0.0,0.0
CUST002073,16,5990.75,374.421875,1468.55,434.5767040729596,4,8,0,16,16,5,6,33.75,40,2.75,4,0,0,0,0,0,0,0,0,0,0.25,0.5,0.0,1.0,0.0,0.0
CUST002074,27,10642.83,394.1788888888889,1596.3,390.5740334857571,3,18,0,27,27,8,9,33.888888888888886,40,2.7777777777777777,4,0,0,0,0,0,0,0,0,0,0.1111111111111111,0.6666666666666666,0.0,1.0,0.0,0.0
CUST002075,22,25677.83,1167.174090909091,9614.24,2006.89307408636,7,9,0,22,22,4,7,35.22727272727273,75,2.8181818181818183,6,0,0,0,1,0,0,0,0,0,0.3181818181818182,0.4090909090909091,0.0,1.0,0.045454545454545456,0.0
CUST002076,26,20594.84,792.1092307692307,3845.79,1015.4875898086517,6,11,0,26,25,4,6,33.26923076923077,40,2.6538461538461537,4,0,0,0,0,0,0,0,0,0,0.23076923076923078,0.4230769230769231,0.0,1.0,0.0,0.0
CUST002077,22,14505.08,659.3218181818182,3544.38,812.9767532706218,6,9,0,22,22,5,6,33.40909090909091,40,2.6818181818181817,4,0,0,0,0,0,0,0,0,0,0.2727272727272727,0.4090909090909091,0.0,1.0,0.0,0.0
CUST002078,27,16181.22,599.3044444444445,5762.79,1152.9618308824427,3,12,0,27,27,5,6,33.51851851851852,55,2.5925925925925926,4,0,0,0,0,0,0,0,0,0,0.1111111111111111,0.4444444444444444,0.0,1.0,0.0,0.0
CUST002079,23,8847.39,384.6691304347826,1908.49,410.51134454386215,3,11,0,23,23,6,5,33.04347826086956,35,2.608695652173913,3,0,0,0,0,0,0,0,0,0,0.13043478260869565,0.4782608695652174,0.0,1.0,0.0,0.0
CUST002080,18,16761.510000000002,931.1950000000002,3240.96,974.0674021203715,5,6,0,18,18,4,4,33.05555555555556,40,2.611111111111111,4,0,0,0,0,0,0,0,0,0,0.2777777777777778,0.3333333333333333,0.0,1.0,0.0,0.0
CUST002081,24,38113.92,1588.08,10063.39,2288.657955409866,8,11,0,24,24,6,4,34.791666666666664,55,2.8333333333333335,4,0,0,0,0,0,0,0,0,0,0.3333333333333333,0.4583333333333333,0.0,1.0,0.0,0.0
CUST002082,22,12645.63,574.8013636363636,1732.37,488.15305547002214,2,13,0,22,22,6,4,33.40909090909091,40,2.6818181818181817,4,0,0,0,0,0,0,0,0,0,0.09090909090909091,0.5909090909090909,0.0,1.0,0.0,0.0
CUST002083,20,12391.01,619.5505,3597.41,807.1591737919967,2,10,0,20,20,5,6,33.0,40,2.6,4,0,0,0,0,0,0,0,0,0,0.1,0.5,0.0,1.0,0.0,0.0
CUST002084,22,12328.79,560.3995454545455,3410.54,771.9491199769041,3,8,0,22,22,4,5,32.5,40,2.5,4,0,0,0,0,0,0,0,0,0,0.13636363636363635,0.36363636363636365,0.0,1.0,0.0,0.0
CUST002085,35,17256.24,493.0354285714286,2194.17,512.8892916280498,7,15,0,35,34,7,8,33.142857142857146,40,2.6285714285714286,4,0,0,0,0,0,0,0,0,0,0.2,0.42857142857142855,0.0,1.0,0.0,0.0
CUST002086,21,10710.82,510.0390476190476,1783.29,394.44289671516157,4,14,0,21,21,7,7,34.285714285714285,40,2.857142857142857,4,0,0,0,0,0,0,0,0,0,0.19047619047619047,0.6666666666666666,0.0,1.0,0.0,0.0
CUST002087,24,31701.55,1320.8979166666666,10832.57,2416.152567148637,6,13,0,24,23,7,5,35.625,60,2.875,5,0,0,0,0,0,0,0,0,0,0.25,0.5416666666666666,0.0,1.0,0.0,0.0
CUST002088,23,21956.0,954.6086956521739,4799.87,1268.310610530632,3,13,0,23,22,7,8,33.47826086956522,40,2.6956521739130435,4,0,0,0,0,0,0,0,0,0,0.13043478260869565,0.5652173913043478,0.0,1.0,0.0,0.0
CUST002089,24,15811.52,658.8133333333334,2300.34,647.7301145751494,8,7,0,24,24,6,3,33.125,40,2.625,4,0,0,0,0,0,0,0,0,0,0.3333333333333333,0.2916666666666667,0.0,1.0,0.0,0.0
CUST002090,25,17490.59,699.6236,3641.16,849.1840476641877,2,11,0,25,25,5,5,32.6,35,2.52,3,0,0,0,0,0,0,0,0,0,0.08,0.44,0.0,1.0,0.0,0.0
CUST002091,25,13262.47,530.4988,5098.59,1008.7168083978445,6,9,0,25,25,5,8,33.8,50,2.64,4,0,0,0,0,0,0,0,0,0,0.24,0.36,0.0,1.0,0.0,0.0
CUST002092,17,8788.07,516.945294117647,1811.11,520.3815267080208,0,7,0,17,17,3,5,32.05882352941177,35,2.411764705882353,3,0,0,0,0,0,0,0,0,0,0.0,0.4117647058823529,0.0,1.0,0.0,0.0
CUST002093,28,21506.69,768.0960714285713,4502.92,1270.668928050743,3,16,0,28,28,8,6,33.392857142857146,40,2.6785714285714284,4,0,0,0,0,0,0,0,0,0,0.10714285714285714,0.5714285714285714,0.0,1.0,0.0,0.0
CUST002094,18,14707.619999999999,817.0899999999999,6552.2,1494.9034104308034,4,10,0,18,18,5,7,35.833333333333336,70,2.888888888888889,5,0,0,0,0,0,0,0,0,0,0.2222222222222222,0.5555555555555556,0.0,1.0,0.0,0.0
CUST002095,27,24227.85,897.3277777777777,3507.11,1027.2128334753272,7,10,0,27,27,6,5,33.148148148148145,40,2.6296296296296298,4,0,0,0,0,0,0,0,0,0,0.25925925925925924,0.37037037037037035,0.0,1.0,0.0,0.0
CUST002096,29,22842.41,787.6693103448276,5910.68,1310.5378098947751,8,15,0,29,29,8,5,34.6551724137931,55,2.8275862068965516,4,0,0,0,0,0,0,0,0,0,0.27586206896551724,0.5172413793103449,0.0,1.0,0.0,0.0
CUST002097,34,23764.62,698.9594117647058,4839.66,976.8581999294169,6,21,0,34,34,8,10,33.970588235294116,40,2.7941176470588234,4,0,0,0,0,0,0,0,0,0,0.17647058823529413,0.6176470588235294,0.0,1.0,0.0,0.0
CUST002098,23,26351.12,1145.7008695652173,9619.64,2008.108236531707,2,12,0,23,23,5,8,35.21739130434783,85,2.739130434782609,6,0,0,0,1,0,0,0,0,0,0.08695652173913043,0.5217391304347826,0.0,1.0,0.043478260869565216,0.0
CUST002099,29,14390.43,496.22172413793106,2467.84,597.8365300760316,8,14,0,29,29,8,7,33.793103448275865,40,2.7586206896551726,4,0,0,0,0,0,0,0,0,0,0.27586206896551724,0.4827586206896552,0.0,1.0,0.0,0.0
CUST002100,20,12869.27,643.4635000000001,3488.15,835.0621019028907,5,9,0,20,20,4,4,33.5,40,2.7,4,0,0,0,0,0,0,0,0,0,0.25,0.45,0.0,1.0,0.0,0.0
CUST002101,24,12956.81,539.8670833333333,1803.38,452.9508079105007,2,5,0,24,24,3,4,31.458333333333332,35,2.2916666666666665,3,0,0,0,0,0,0,0,0,0,0.08333333333333333,0.20833333333333334,0.0,1.0,0.0,0.0
CUST002102,22,11978.39,544.4722727272728,2064.43,570.2707567290322,3,7,0,22,22,4,3,32.27272727272727,40,2.4545454545454546,4,0,0,0,0,0,0,0,0,0,0.13636363636363635,0.3181818181818182,0.0,1.0,0.0,0.0
CUST002103,27,13167.69,487.69222222222226,3083.4,615.4615720449999,2,14,0,27,27,8,7,32.96296296296296,40,2.5925925925925926,4,0,0,0,0,0,0,0,0,0,0.07407407407407407,0.5185185185185185,0.0,1.0,0.0,0.0
CUST002104,23,17286.88,751.6034782608696,2240.74,657.5060398105494,4,7,0,23,23,5,4,32.391304347826086,40,2.4782608695652173,4,0,0,0,0,0,0,0,0,0,0.17391304347826086,0.30434782608695654,0.0,1.0,0.0,0.0
CUST002105,24,33108.59,1379.524583333333,10936.42,2328.7511152957336,4,12,0,24,24,8,5,34.166666666666664,50,2.7083333333333335,4,0,0,0,0,0,0,0,0,0,0.16666666666666666,0.5,0.0,1.0,0.0,0.0
CUST002106,31,33633.63,1084.9558064516127,9063.61,2223.0045409022064,4,14,0,31,31,8,6,35.16129032258065,75,2.7096774193548385,6,0,0,0,2,0,0,0,0,0,0.12903225806451613,0.45161290322580644,0.0,1.0,0.06451612903225806,0.0
CUST002107,33,15118.29,458.13000000000005,3153.78,569.7060785944802,6,20,0,33,33,8,8,33.93939393939394,40,2.787878787878788,4,0,0,0,0,0,0,0,0,0,0.18181818181818182,0.6060606060606061,0.0,1.0,0.0,0.0
CUST002108,22,20171.3,916.8772727272727,3056.23,935.1979772432288,2,9,0,22,22,4,6,32.5,35,2.5,3,0,0,0,0,0,0,0,0,0,0.09090909090909091,0.4090909090909091,0.0,1.0,0.0,0.0
CUST002109,29,17802.96,613.895172413793,2601.37,659.2074810256235,6,14,0,29,29,8,7,48.44827586206897,55,3.689655172413793,5,0,0,1,0,0,0,0,0,0,0.20689655172413793,0.4827586206896552,0.0,1.0,0.0,0.0
CUST002110,24,20872.39,869.6829166666666,4741.58,1255.9495638117596,3,12,0,24,24,6,5,33.125,35,2.625,3,0,0,0,0,0,0,0,0,0,0.125,0.5,0.0,1.0,0.0,0.0
CUST002111,19,16946.71,891.9321052631578,4777.28,1206.6712930416788,4,13,0,19,19,4,7,34.473684210526315,40,2.8947368421052633,4,0,0,0,0,0,0,0,0,0,0.21052631578947367,0.6842105263157895,0.0,1.0,0.0,0.0
CUST002112,22,43377.670000000006,1971.7122727272729,16571.11,3868.7294405317934,5,9,0,22,22,5,4,37.27272727272727,75,2.8636363636363638,6,0,0,0,1,0,0,0,0,0,0.22727272727272727,0.4090909090909091,0.0,1.0,0.045454545454545456,0.0
CUST002113,27,19621.07,726.7062962962963,3345.13,868.831331870347,5,9,0,27,27,6,5,32.592592592592595,40,2.5185185185185186,4,0,0,0,0,0,0,0,0,0,0.18518518518518517,0.3333333333333333,0.0,1.0,0.0,0.0
CUST002114,24,16004.39,666.8495833333333,2125.62,612.2008493203144,3,11,0,24,24,8,5,32.916666666666664,35,2.5833333333333335,3,0,0,0,0,0,0,0,0,0,0.125,0.4583333333333333,0.0,1.0,0.0,0.0
CUST002115,21,13923.92,663.0438095238095,2963.42,686.4758826461145,4,9,0,21,21,4,7,33.095238095238095,40,2.619047619047619,4,0,0,0,0,0,0,0,0,0,0.19047619047619047,0.42857142857142855,0.0,1.0,0.0,0.0
CUST002116,27,19536.97,723.5914814814815,3281.91,871.4490206445447,2,12,0,27,27,6,6,32.592592592592595,35,2.5185185185185186,3,0,0,0,0,0,0,0,0,0,0.07407407407407407,0.4444444444444444,0.0,1.0,0.0,0.0
CUST002117,17,9702.61,570.7417647058824,1880.99,566.4215905162348,5,9,0,17,17,5,4,34.11764705882353,40,2.823529411764706,4,0,0,0,0,0,0,0,0,0,0.29411764705882354,0.5294117647058824,0.0,1.0,0.0,0.0
CUST002118,22,47699.54,2168.160909090909,17742.47,5077.850276600381,4,6,0,22,22,3,6,35.45454545454545,70,2.6363636363636362,5,0,0,0,0,0,0,0,0,0,0.18181818181818182,0.2727272727272727,0.0,1.0,0.0,0.0
CUST002119,34,23045.66,677.8135294117646,7240.77,1322.5372518735442,7,18,0,34,34,6,8,34.26470588235294,60,2.764705882352941,5,0,0,0,0,0,0,0,0,0,0.20588235294117646,0.5294117647058824,0.0,1.0,0.0,0.0
CUST002120,34,29419.72,865.2858823529413,4471.92,1076.0127845475647,4,14,0,34,34,7,8,32.64705882352941,40,2.5294117647058822,4,0,0,0,0,0,0,0,0,0,0.11764705882352941,0.4117647058823529,0.0,1.0,0.0,0.0
CUST002121,18,10410.94,578.3855555555556,1905.64,491.1470984185566,5,7,0,18,18,6,5,33.333333333333336,40,2.6666666666666665,4,0,0,0,0,0,0,0,0,0,0.2777777777777778,0.3888888888888889,0.0,1.0,0.0,0.0
CUST002122,18,12586.800000000001,699.2666666666668,7652.76,1759.7121317520357,2,12,0,18,18,5,7,35.0,55,2.8333333333333335,4,0,0,0,0,0,0,0,0,0,0.1111111111111111,0.6666666666666666,0.0,1.0,0.0,0.0
CUST002123,24,24565.03,1023.5429166666667,16391.37,3285.668016987769,7,6,0,24,24,6,2,34.166666666666664,75,2.625,6,0,0,0,0,0,0,0,0,0,0.2916666666666667,0.25,0.0,1.0,0.0,0.0
CUST002124,21,13628.18,648.9609523809524,1789.75,525.2710184933561,3,14,0,21,21,6,6,34.04761904761905,40,2.8095238095238093,4,0,0,0,0,0,0,0,0,0,0.14285714285714285,0.6666666666666666,0.0,1.0,0.0,0.0
CUST002125,23,9947.61,432.5047826086957,1673.94,367.79992893703354,3,11,0,23,23,5,5,33.04347826086956,40,2.608695652173913,4,0,0,0,0,0,0,0,0,0,0.13043478260869565,0.4782608695652174,0.0,1.0,0.0,0.0
CUST002126,24,16833.36,701.39,7793.73,1569.0866621285024,4,7,0,24,24,4,3,33.125,55,2.5,4,0,0,0,0,0,0,0,0,0,0.16666666666666666,0.2916666666666667,0.0,1.0,0.0,0.0
CUST002127,26,19383.87,745.5334615384616,3174.65,809.7301435858359,1,16,0,26,26,6,9,33.26923076923077,40,2.6538461538461537,4,0,0,0,0,0,0,0,0,0,0.038461538461538464,0.6153846153846154,0.0,1.0,0.0,0.0
CUST002128,28,11181.34,399.3335714285714,2126.84,492.6267701723853,2,12,0,28,28,5,8,32.5,40,2.5,4,0,0,0,0,0,0,0,0,0,0.07142857142857142,0.42857142857142855,0.0,1.0,0.0,0.0
CUST002129,25,32644.829999999998,1305.7931999999998,11389.46,2628.211852677786,6,12,0,25,25,8,5,37.0,80,2.92,5,0,0,0,1,0,0,0,0,0,0.24,0.48,0.0,1.0,0.04,0.0
CUST002130,22,16804.68,763.8490909090909,2463.37,677.7381069474094,3,11,0,22,22,7,5,33.18181818181818,40,2.6363636363636362,4,0,0,0,0,0,0,0,0,0,0.13636363636363635,0.5,0.0,1.0,0.0,0.0
CUST002131,28,17432.14,622.5764285714286,2513.67,586.9535482611909,3,10,0,28,28,6,5,32.32142857142857,40,2.4642857142857144,4,0,0,0,0,0,0,0,0,0,0.10714285714285714,0.35714285714285715,0.0,1.0,0.0,0.0
CUST002132,25,11269.630000000001,450.78520000000003,1747.16,465.7008925454907,3,10,0,25,25,6,5,32.6,40,2.52,4,0,0,0,0,0,0,0,0,0,0.12,0.4,0.0,1.0,0.0,0.0
CUST002133,20,20560.91,1028.0455,9023.03,1994.0921997041137,1,10,0,20,20,5,4,34.5,65,2.65,4,0,0,0,1,0,0,0,0,0,0.05,0.5,0.0,1.0,0.05,0.0
CUST002134,21,14308.27,681.3461904761905,4156.73,910.8045874032266,2,7,0,21,21,4,3,32.142857142857146,40,2.4285714285714284,4,0,0,0,0,0,0,0,0,0,0.09523809523809523,0.3333333333333333,0.0,1.0,0.0,0.0
CUST002135,31,22668.26,731.234193548387,3856.84,955.9309802413359,9,9,0,31,31,6,5,47.903225806451616,55,3.5806451612903225,5,0,0,1,0,0,0,0,0,0,0.2903225806451613,0.2903225806451613,0.0,1.0,0.0,0.0
CUST002136,28,19390.56,692.5200000000001,3796.18,893.5228780216811,1,12,0,28,28,6,8,32.32142857142857,40,2.4642857142857144,4,0,0,0,0,0,0,0,0,0,0.03571428571428571,0.42857142857142855,0.0,1.0,0.0,0.0
CUST002137,27,29641.68,1097.84,10556.04,2085.8822632088395,3,13,0,27,26,6,6,33.7037037037037,55,2.6296296296296298,4,0,0,0,0,0,0,0,0,0,0.1111111111111111,0.48148148148148145,0.0,1.0,0.0,0.0
CUST002138,21,17897.46,852.26,2282.25,748.3983914667375,8,11,0,21,21,6,7,34.523809523809526,40,2.9047619047619047,4,0,0,0,0,0,0,0,0,0,0.38095238095238093,0.5238095238095238,0.0,1.0,0.0,0.0
CUST002139,20,10632.26,531.613,3158.89,769.0345091161896,2,8,0,20,20,5,5,32.5,40,2.5,4,0,0,0,0,0,0,0,0,0,0.1,0.4,0.0,1.0,0.0,0.0
CUST002140,22,22688.94,1031.3154545454545,4677.83,1338.5552735291285,3,13,0,22,22,6,7,83.63636363636364,90,3.727272727272727,5,0,1,0,0,0,0,0,0,0,0.13636363636363635,0.5909090909090909,0.0,1.0,0.0,0.0
CUST002141,24,20175.12,840.63,9173.23,1856.02032215261,4,14,0,24,24,8,7,35.208333333333336,65,2.8333333333333335,4,0,0,0,1,0,0,0,0,0,0.16666666666666666,0.5833333333333334,0.0,1.0,0.041666666666666664,0.0
CUST002142,13,9607.7,739.0538461538462,2755.7,822.8379313443045,2,8,0,13,13,7,4,33.84615384615385,40,2.769230769230769,4,0,0,0,0,0,0,0,0,0,0.15384615384615385,0.6153846153846154,0.0,1.0,0.0,0.0
CUST002143,29,15604.28,538.0786206896552,2510.96,538.2605065308867,3,16,0,29,28,7,9,43.275862068965516,50,3.6551724137931036,5,1,0,0,0,0,0,0,0,0,0.10344827586206896,0.5517241379310345,0.0,1.0,0.0,0.0
CUST002144,24,17434.65,726.44375,3584.25,891.4811306389644,4,12,0,24,24,6,6,33.333333333333336,40,2.6666666666666665,4,0,0,0,0,0,0,0,0,0,0.16666666666666666,0.5,0.0,1.0,0.0,0.0
CUST002145,20,11044.41,552.2205,3332.24,765.9893527120059,3,12,0,20,20,4,6,33.75,40,2.75,4,0,0,0,0,0,0,0,0,0,0.15,0.6,0.0,1.0,0.0,0.0
CUST002146,28,25898.79,924.9567857142857,10040.19,1878.320333897744,4,16,0,28,28,5,8,34.285714285714285,55,2.75,4,0,0,0,0,0,0,0,0,0,0.14285714285714285,0.5714285714285714,0.0,1.0,0.0,0.0
CUST002147,20,12468.81,623.4404999999999,2444.6,643.1522040001598,4,10,0,20,20,5,5,33.5,40,2.7,4,0,0,0,0,0,0,0,0,0,0.2,0.5,0.0,1.0,0.0,0.0
CUST002148,32,24350.21,760.9440625,5635.14,1033.600482375485,6,15,0,32,32,8,7,33.90625,55,2.6875,4,0,0,0,0,0,0,0,0,0,0.1875,0.46875,0.0,1.0,0.0,0.0
CUST002149,24,26895.14,1120.6308333333334,12745.73,2621.707114754773,5,14,0,24,24,8,7,34.791666666666664,55,2.8333333333333335,4,0,0,0,0,0,0,0,0,0,0.20833333333333334,0.5833333333333334,0.0,1.0,0.0,0.0
CUST002150,25,32663.07,1306.5228,16290.91,3184.0910156792525,3,10,0,25,25,5,6,33.4,50,2.56,4,0,0,0,0,0,0,0,0,0,0.12,0.4,0.0,1.0,0.0,0.0
CUST002151,26,16721.51,643.135,2498.58,624.8434279289493,3,10,0,26,26,6,5,32.5,40,2.5,4,0,0,0,0,0,0,0,0,0,0.11538461538461539,0.38461538461538464,0.0,1.0,0.0,0.0
CUST002152,24,18966.59,790.2745833333333,9462.33,1921.1467535777756,3,13,0,24,24,6,7,34.791666666666664,70,2.75,5,0,0,0,1,0,0,0,0,0,0.125,0.5416666666666666,0.0,1.0,0.041666666666666664,0.0
CUST002153,19,24757.08,1303.0042105263158,6925.55,1652.559439876742,2,9,0,19,19,3,5,33.94736842105263,55,2.6315789473684212,4,0,0,0,0,0,0,0,0,0,0.10526315789473684,0.47368421052631576,0.0,1.0,0.0,0.0
CUST002154,26,22789.58,876.5223076923078,4461.8,1109.468889317074,4,18,0,26,26,6,6,34.23076923076923,40,2.8461538461538463,4,0,0,0,0,0,0,0,0,0,0.15384615384615385,0.6923076923076923,0.0,1.0,0.0,0.0
CUST002155,20,10462.68,523.134,1842.59,509.9013537042961,4,8,0,20,20,5,5,33.0,35,2.6,3,0,0,0,0,0,0,0,0,0,0.2,0.4,0.0,1.0,0.0,0.0
CUST002156,29,18099.57,624.1231034482759,2732.01,708.5923890064596,4,19,0,29,29,9,6,33.96551724137931,40,2.793103448275862,4,0,0,0,0,0,0,0,0,0,0.13793103448275862,0.6551724137931034,0.0,1.0,0.0,0.0
CUST002157,20,6020.610000000001,301.0305,989.06,284.4587526750074,2,8,0,20,19,4,6,32.5,40,2.5,4,0,0,0,0,0,0,0,0,0,0.1,0.4,0.0,1.0,0.0,0.0
CUST002158,22,19218.91,873.5868181818182,3171.8,939.4008888211492,2,16,0,22,22,6,7,34.09090909090909,40,2.8181818181818183,4,0,0,0,0,0,0,0,0,0,0.09090909090909091,0.7272727272727273,0.0,1.0,0.0,0.0
CUST002159,31,22088.45,712.5306451612903,3599.9,766.372440022628,5,13,0,31,31,7,5,32.903225806451616,40,2.5806451612903225,4,0,0,0,0,0,0,0,0,0,0.16129032258064516,0.41935483870967744,0.0,1.0,0.0,0.0
CUST002160,19,14215.210000000001,748.1689473684211,4792.91,1156.974599605438,4,10,0,19,19,6,4,33.68421052631579,40,2.736842105263158,4,0,0,0,0,0,0,0,0,0,0.21052631578947367,0.5263157894736842,0.0,1.0,0.0,0.0
CUST002161,24,23074.46,961.4358333333333,6547.12,1594.4136675441068,2,11,0,24,23,4,7,34.375,55,2.625,4,0,0,0,0,0,0,0,0,0,0.08333333333333333,0.4583333333333333,0.0,1.0,0.0,0.0
CUST002162,27,31935.95,1182.812962962963,7794.75,1771.051918669143,5,15,0,27,27,6,8,35.74074074074074,70,2.8518518518518516,5,0,0,0,0,0,0,0,0,0,0.18518518518518517,0.5555555555555556,0.0,1.0,0.0,0.0
CUST002163,32,28415.05,887.9703125,4988.19,1184.695690804004,5,18,0,32,32,5,9,33.59375,40,2.71875,4,0,0,0,0,0,0,0,0,0,0.15625,0.5625,0.0,1.0,0.0,0.0
CUST002164,25,8595.1,343.80400000000003,1088.34,286.9141738540174,4,10,0,25,25,6,6,32.8,35,2.56,3,0,0,0,0,0,0,0,0,0,0.16,0.4,0.0,1.0,0.0,0.0
CUST002165,15,10227.119999999999,681.8079999999999,2093.9,634.6780970719386,1,11,0,15,15,8,5,34.0,40,2.8,4,0,0,0,0,0,0,0,0,0,0.06666666666666667,0.7333333333333333,0.0,1.0,0.0,0.0
CUST002166,32,23020.68,719.39625,9056.48,1657.702649953514,3,19,0,32,32,9,5,49.53125,85,3.75,6,0,0,1,1,0,0,0,0,0,0.09375,0.59375,0.0,1.0,0.03125,0.0
CUST002167,26,17591.31,676.5888461538462,3333.53,734.6131019105331,8,15,0,26,26,5,9,34.42307692307692,40,2.8846153846153846,4,0,0,0,0,0,0,0,0,0,0.3076923076923077,0.5769230769230769,0.0,1.0,0.0,0.0
CUST002168,28,18209.760000000002,650.3485714285715,3244.21,843.3204507128214,7,17,0,28,28,7,6,34.285714285714285,40,2.857142857142857,4,0,0,0,0,0,0,0,0,0,0.25,0.6071428571428571,0.0,1.0,0.0,0.0
CUST002169,21,20618.57,981.8366666666667,6329.83,1333.5590360172787,2,11,0,21,21,6,6,34.04761904761905,50,2.6666666666666665,4,0,0,0,0,0,0,0,0,0,0.09523809523809523,0.5238095238095238,0.0,1.0,0.0,0.0
CUST002170,24,20300.010000000002,845.8337500000001,9587.42,1905.375440809986,5,12,0,24,23,6,8,35.0,75,2.7916666666666665,6,0,0,0,1,0,0,0,0,0,0.20833333333333334,0.5,0.0,1.0,0.041666666666666664,0.0
CUST002171,20,13858.52,692.926,3183.02,889.4941506177305,3,10,0,20,20,8,5,33.25,40,2.65,4,0,0,0,0,0,0,0,0,0,0.15,0.5,0.0,1.0,0.0,0.0
CUST002172,23,12007.869999999999,522.0813043478261,2363.55,552.9058450857972,6,13,0,23,23,7,7,44.130434782608695,50,3.8260869565217392,5,1,0,0,0,0,0,0,0,0,0.2608695652173913,0.5652173913043478,0.0,1.0,0.0,0.0
CUST002173,24,13010.75,542.1145833333334,2253.19,524.8156965771241,2,9,0,24,24,6,6,32.291666666666664,40,2.4583333333333335,4,0,0,0,0,0,0,0,0,0,0.08333333333333333,0.375,0.0,1.0,0.0,0.0
CUST002174,22,24201.73,1100.0786363636364,8342.78,1877.866916067259,5,12,0,22,22,7,6,50.45454545454545,80,3.8636363636363638,5,0,0,1,1,0,0,0,0,0,0.22727272727272727,0.5454545454545454,0.0,1.0,0.045454545454545456,0.0
CUST002175,29,25303.85,872.5465517241379,7216.87,1453.6709686791373,4,14,0,29,29,8,7,33.793103448275865,55,2.6551724137931036,4,0,0,0,0,0,0,0,0,0,0.13793103448275862,0.4827586206896552,0.0,1.0,0.0,0.0
CUST002176,17,19002.949999999997,1117.820588235294,5907.11,1692.7880123167763,2,6,0,17,17,3,6,33.529411764705884,55,2.5294117647058822,4,0,0,0,0,0,0,0,0,0,0.11764705882352941,0.35294117647058826,0.0,1.0,0.0,0.0
CUST002177,29,22663.2,781.4896551724138,3538.4,984.1459610621165,2,14,0,29,29,8,5,32.758620689655174,40,2.5517241379310347,4,0,0,0,0,0,0,0,0,0,0.06896551724137931,0.4827586206896552,0.0,1.0,0.0,0.0
CUST002178,13,9219.96,709.2276923076922,2828.9,843.5745973154344,1,6,0,13,13,3,5,32.69230769230769,35,2.5384615384615383,3,0,0,0,0,0,0,0,0,0,0.07692307692307693,0.46153846153846156,0.0,1.0,0.0,0.0
CUST002179,26,20004.42,769.4007692307691,8271.73,1599.1177151515096,3,12,0,26,26,8,7,34.23076923076923,70,2.6538461538461537,5,0,0,0,1,0,0,0,0,0,0.11538461538461539,0.46153846153846156,0.0,1.0,0.038461538461538464,0.0
CUST002180,20,14991.22,749.5609999999999,3544.58,912.181047714473,4,10,0,20,20,6,5,33.5,40,2.7,4,0,0,0,0,0,0,0,0,0,0.2,0.5,0.0,1.0,0.0,0.0
CUST002181,36,49151.41,1365.3169444444445,17642.33,3197.3805392439785,8,21,0,36,36,9,10,35.69444444444444,55,2.888888888888889,4,0,0,0,0,0,0,0,0,0,0.2222222222222222,0.5833333333333334,0.0,1.0,0.0,0.0
CUST002182,24,12189.32,507.8883333333333,2969.25,671.24158749917,4,12,0,24,24,9,5,43.333333333333336,50,3.6666666666666665,5,1,0,0,0,0,0,0,0,0,0.16666666666666666,0.5,0.0,1.0,0.0,0.0
CUST002183,21,13350.0,635.7142857142857,3734.85,1022.6661384028095,2,9,0,21,21,5,6,47.61904761904762,50,3.5238095238095237,4,0,0,1,0,0,0,0,0,0,0.09523809523809523,0.42857142857142855,0.0,1.0,0.0,0.0
CUST002184,30,13541.48,451.38266666666664,2117.06,414.7117500055234,5,13,0,30,30,6,6,33.0,40,2.6,4,0,0,0,0,0,0,0,0,0,0.16666666666666666,0.43333333333333335,0.0,1.0,0.0,0.0
CUST002185,32,18173.57,567.9240625,2471.09,638.6796853633806,1,19,0,32,32,7,8,33.125,40,2.625,4,0,0,0,0,0,0,0,0,0,0.03125,0.59375,0.0,1.0,0.0,0.0
CUST002186,23,13243.57,575.8073913043478,2212.7,634.4387424990647,5,10,0,23,23,5,7,33.26086956521739,40,2.652173913043478,4,0,0,0,0,0,0,0,0,0,0.21739130434782608,0.43478260869565216,0.0,1.0,0.0,0.0
CUST002187,22,15501.45,704.6113636363636,3304.42,954.9644874139883,3,12,0,22,22,5,7,33.40909090909091,40,2.6818181818181817,4,0,0,0,0,0,0,0,0,0,0.13636363636363635,0.5454545454545454,0.0,1.0,0.0,0.0
CUST002188,18,8994.210000000001,499.6783333333334,2117.71,528.2035131322907,1,7,0,18,18,6,4,32.22222222222222,40,2.4444444444444446,4,0,0,0,0,0,0,0,0,0,0.05555555555555555,0.3888888888888889,0.0,1.0,0.0,0.0
CUST002189,24,9657.73,402.40541666666667,2502.87,519.9579369607837,2,15,0,24,24,6,5,33.541666666666664,40,2.7083333333333335,4,0,0,0,0,0,0,0,0,0,0.08333333333333333,0.625,0.0,1.0,0.0,0.0
CUST002190,25,11000.18,440.0072,3244.03,639.9193633675002,5,15,0,25,25,9,6,34.0,40,2.8,4,0,0,0,0,0,0,0,0,0,0.2,0.6,0.0,1.0,0.0,0.0
CUST002191,30,22928.02,764.2673333333333,8066.42,1465.8078949306146,7,19,0,30,30,9,9,35.5,70,2.933333333333333,5,0,0,0,1,0,0,0,0,0,0.23333333333333334,0.6333333333333333,0.0,1.0,0.03333333333333333,0.0
CUST002192,22,26055.02,1184.3190909090908,9489.08,2298.146526326335,2,7,0,22,22,4,5,36.59090909090909,85,2.6818181818181817,6,0,0,0,1,0,0,0,0,0,0.09090909090909091,0.3181818181818182,0.0,1.0,0.045454545454545456,0.0
CUST002193,21,14665.81,698.3719047619047,5397.92,1211.2929747035564,5,11,0,21,21,8,4,34.76190476190476,60,2.8095238095238093,5,0,0,0,0,0,0,0,0,0,0.23809523809523808,0.5238095238095238,0.0,1.0,0.0,0.0
CUST002194,19,6109.29,321.5415789473684,2114.65,491.1636559828908,0,5,0,19,19,3,4,31.31578947368421,35,2.263157894736842,3,0,0,0,0,0,0,0,0,0,0.0,0.2631578947368421,0.0,1.0,0.0,0.0
CUST002195,22,7784.66,353.8481818181818,1254.34,358.0792132719926,2,8,0,22,22,4,6,32.27272727272727,40,2.4545454545454546,4,0,0,0,0,0,0,0,0,0,0.09090909090909091,0.36363636363636365,0.0,1.0,0.0,0.0
CUST002196,15,10495.18,699.6786666666667,2719.42,766.3970741059071,5,7,0,15,15,4,3,34.0,40,2.8,4,0,0,0,0,0,0,0,0,0,0.3333333333333333,0.4666666666666667,0.0,1.0,0.0,0.0
CUST002197,28,19609.53,700.3403571428571,3252.59,813.484352725667,7,9,0,28,28,4,6,32.857142857142854,40,2.5714285714285716,4,0,0,0,0,0,0,0,0,0,0.25,0.32142857142857145,0.0,1.0,0.0,0.0
CUST002198,22,10817.0,491.6818181818182,1668.25,530.6772569053028,4,5,0,22,22,4,4,32.04545454545455,35,2.409090909090909,3,0,0,0,0,0,0,0,0,0,0.18181818181818182,0.22727272727272727,0.0,1.0,0.0,0.0
CUST002199,22,19376.82,880.7645454545454,4541.04,1210.3492964143597,5,12,0,22,22,7,4,33.86363636363637,40,2.772727272727273,4,0,0,0,0,0,0,0,0,0,0.22727272727272727,0.5454545454545454,0.0,1.0,0.0,0.0
CUST002200,19,7070.76,372.14526315789476,1485.24,423.7048707711592,5,13,0,19,19,5,8,34.73684210526316,40,2.9473684210526314,4,0,0,0,0,0,0,0,0,0,0.2631578947368421,0.6842105263157895,0.0,1.0,0.0,0.0
CUST002201,22,15353.36,697.88,5821.0,1209.9873942633412,6,13,0,22,22,8,7,35.22727272727273,50,2.909090909090909,4,0,0,0,0,0,0,0,0,0,0.2727272727272727,0.5909090909090909,0.0,1.0,0.0,0.0
CUST002202,27,12835.22,475.3785185185185,2752.81,568.8541323350336,9,16,0,27,27,7,6,34.629629629629626,40,2.925925925925926,4,0,0,0,0,0,0,0,0,0,0.3333333333333333,0.5925925925925926,0.0,1.0,0.0,0.0
CUST002203,19,21330.85,1122.6763157894736,13510.47,3054.3221329275716,1,6,0,19,19,4,5,32.89473684210526,55,2.4210526315789473,4,0,0,0,0,0,0,0,0,0,0.05263157894736842,0.3157894736842105,0.0,1.0,0.0,0.0
CUST002204,23,13907.06,604.6547826086957,2194.6,627.3770629727139,6,11,0,23,23,7,6,33.69565217391305,40,2.739130434782609,4,0,0,0,0,0,0,0,0,0,0.2608695652173913,0.4782608695652174,0.0,1.0,0.0,0.0
CUST002205,23,21228.16,922.9634782608696,3342.02,904.347824364501,3,19,0,23,23,8,4,34.78260869565217,40,2.9565217391304346,4,0,0,0,0,0,0,0,0,0,0.13043478260869565,0.8260869565217391,0.0,1.0,0.0,0.0
CUST002206,20,7582.03,379.1015,1157.0,296.07248856843364,4,11,0,20,20,6,6,33.75,40,2.75,4,0,0,0,0,0,0,0,0,0,0.2,0.55,0.0,1.0,0.0,0.0
CUST002207,28,17398.829999999998,621.3867857142857,5257.56,995.4951313795547,4,15,0,28,28,6,7,34.107142857142854,60,2.7142857142857144,5,0,0,0,0,0,0,0,0,0,0.14285714285714285,0.5357142857142857,0.0,1.0,0.0,0.0
CUST002208,17,6224.3,366.13529411764705,1138.3,285.8130380624204,2,8,0,17,17,4,4,82.94117647058823,90,3.588235294117647,5,0,1,0,0,0,0,0,0,0,0.11764705882352941,0.47058823529411764,0.0,1.0,0.0,0.0
CUST002209,22,11365.24,516.6018181818182,2157.65,560.0093199618698,4,11,0,22,22,6,5,33.40909090909091,40,2.6818181818181817,4,0,0,0,0,0,0,0,0,0,0.18181818181818182,0.5,0.0,1.0,0.0,0.0
CUST002210,21,38381.04,1827.6685714285716,18243.83,4049.0672607086753,1,15,0,21,21,8,6,36.42857142857143,70,2.9047619047619047,5,0,0,0,0,0,0,0,0,0,0.047619047619047616,0.7142857142857143,0.0,1.0,0.0,0.0
CUST002211,31,25756.46,830.8535483870968,4736.56,1098.5108087119531,5,14,0,31,31,7,5,33.064516129032256,40,2.6129032258064515,4,0,0,0,0,0,0,0,0,0,0.16129032258064516,0.45161290322580644,0.0,1.0,0.0,0.0
CUST002212,20,12570.640000000001,628.532,4495.97,1039.7564739657475,6,11,0,20,20,4,3,34.25,40,2.85,4,0,0,0,0,0,0,0,0,0,0.3,0.55,0.0,1.0,0.0,0.0
CUST002213,12,13313.94,1109.4950000000001,5656.06,1619.776158382274,3,4,0,12,12,5,3,32.916666666666664,40,2.5833333333333335,4,0,0,0,0,0,0,0,0,0,0.25,0.3333333333333333,0.0,1.0,0.0,0.0
CUST002214,26,11329.93,435.76653846153846,3696.87,747.4776267310871,7,10,0,26,26,8,5,33.26923076923077,40,2.6538461538461537,4,0,0,0,0,0,0,0,0,0,0.2692307692307692,0.38461538461538464,0.0,1.0,0.0,0.0
CUST002215,25,21514.31,860.5724,5882.65,1465.0813160745263,4,16,0,25,25,4,7,35.6,55,2.88,4,0,0,0,0,0,0,0,0,0,0.16,0.64,0.0,1.0,0.0,0.0
CUST002216,19,8620.54,453.7126315789474,1860.4,519.5554995789093,5,8,0,19,19,5,5,33.421052631578945,40,2.6842105263157894,4,0,0,0,0,0,0,0,0,0,0.2631578947368421,0.42105263157894735,0.0,1.0,0.0,0.0
CUST002217,23,26546.79,1154.2082608695653,8766.67,2249.577007804421,2,14,0,23,23,5,8,35.869565217391305,70,2.8260869565217392,5,0,0,0,1,1,0,1,0,0,0.08695652173913043,0.6086956521739131,0.0,1.0,0.043478260869565216,0.043478260869565216
CUST002218,24,19202.68,800.1116666666667,5297.41,1091.86096718308,6,11,0,24,24,5,7,34.375,50,2.75,4,0,0,0,0,0,0,0,0,0,0.25,0.4583333333333333,0.0,1.0,0.0,0.0
CUST002219,36,22791.3,633.0916666666667,2648.39,673.8763363004477,10,9,0,36,36,5,6,32.638888888888886,40,2.5277777777777777,4,0,0,0,0,0,0,0,0,0,0.2777777777777778,0.25,0.0,1.0,0.0,0.0
CUST002220,22,9243.26,420.14818181818185,2487.92,517.0182090340023,2,11,0,22,22,7,7,32.95454545454545,35,2.590909090909091,3,0,0,0,0,0,0,0,0,0,0.09090909090909091,0.5,0.0,1.0,0.0,0.0
CUST002221,19,9788.03,515.1594736842105,1645.6,536.8246743633001,4,7,0,19,19,7,2,32.89473684210526,40,2.5789473684210527,4,0,0,0,0,0,0,0,0,0,0.21052631578947367,0.3684210526315789,0.0,1.0,0.0,0.0
CUST002222,19,11519.42,606.2852631578947,2814.71,651.4441404497518,4,8,0,19,19,3,4,33.1578947368421,40,2.6315789473684212,4,0,0,0,0,0,0,0,0,0,0.21052631578947367,0.42105263157894735,0.0,1.0,0.0,0.0
CUST002223,24,15719.19,654.9662500000001,4620.68,1021.6408389313158,3,18,0,24,24,7,9,34.375,40,2.875,4,0,0,0,0,0,0,0,0,0,0.125,0.75,0.0,1.0,0.0,0.0
CUST002224,24,21104.32,879.3466666666667,4396.49,1123.3508498728904,4,11,0,24,24,4,9,33.125,40,2.625,4,0,0,0,0,0,0,0,0,0,0.16666666666666666,0.4583333333333333,0.0,1.0,0.0,0.0
CUST002225,23,12162.45,528.8021739130435,2953.99,671.6670897574489,4,10,0,23,23,6,6,33.04347826086956,35,2.608695652173913,3,0,0,0,0,0,0,0,0,0,0.17391304347826086,0.43478260869565216,0.0,1.0,0.0,0.0
CUST002226,33,44232.03,1340.3645454545454,13966.1,2723.546653259646,7,20,0,33,33,8,7,35.303030303030305,55,2.878787878787879,4,0,0,0,0,0,0,0,0,0,0.21212121212121213,0.6060606060606061,0.0,1.0,0.0,0.0
CUST002227,17,12296.17,723.3041176470588,2038.34,547.6623573660465,3,10,0,17,17,5,6,33.8235294117647,40,2.764705882352941,4,0,0,0,0,0,0,0,0,0,0.17647058823529413,0.5882352941176471,0.0,1.0,0.0,0.0
CUST002228,25,16556.31,662.2524000000001,2055.43,654.4761461293554,5,14,0,25,25,6,6,33.8,40,2.76,4,0,0,0,0,0,0,0,0,0,0.2,0.56,0.0,1.0,0.0,0.0
CUST002229,29,15840.619999999999,546.2282758620689,2683.48,634.9998203715661,7,18,0,29,29,8,8,34.310344827586206,40,2.8620689655172415,4,0,0,0,0,0,0,0,0,0,0.2413793103448276,0.6206896551724138,0.0,1.0,0.0,0.0
CUST002230,19,11896.550000000001,626.1342105263159,3231.83,906.4464712351303,2,9,0,19,19,5,6,32.89473684210526,40,2.5789473684210527,4,0,0,0,0,0,0,0,0,0,0.10526315789473684,0.47368421052631576,0.0,1.0,0.0,0.0
CUST002231,22,21847.79,993.0813636363637,5002.48,1342.9478942318879,5,10,0,22,22,4,6,34.31818181818182,50,2.727272727272727,4,0,0,0,0,0,0,0,0,0,0.22727272727272727,0.45454545454545453,0.0,1.0,0.0,0.0
CUST002232,11,5098.28,463.47999999999996,1851.14,514.7448809070372,2,6,0,11,11,6,4,33.63636363636363,40,2.727272727272727,4,0,0,0,0,0,0,0,0,0,0.18181818181818182,0.5454545454545454,0.0,1.0,0.0,0.0
CUST002233,24,10094.699999999999,420.61249999999995,1596.97,397.58394092371833,4,13,0,24,24,7,7,33.541666666666664,35,2.7083333333333335,3,0,0,0,0,0,0,0,0,0,0.16666666666666666,0.5416666666666666,0.0,1.0,0.0,0.0
CUST002234,21,8158.25,388.48809523809524,1495.95,352.15398409813633,4,12,0,21,21,6,8,33.80952380952381,40,2.761904761904762,4,0,0,0,0,0,0,0,0,0,0.19047619047619047,0.5714285714285714,0.0,1.0,0.0,0.0
CUST002235,31,22288.03,718.9687096774193,4259.72,1120.9222641728013,6,17,0,31,31,7,8,33.70967741935484,40,2.7419354838709675,4,0,0,0,0,0,0,0,0,0,0.1935483870967742,0.5483870967741935,0.0,1.0,0.0,0.0
CUST002236,29,10368.75,357.5431034482759,1918.69,414.24842826758857,7,9,0,29,28,6,6,32.758620689655174,40,2.5517241379310347,4,0,0,0,0,0,0,0,0,0,0.2413793103448276,0.3103448275862069,0.0,1.0,0.0,0.0
CUST002237,20,16676.63,833.8315,3098.99,981.153807494416,3,10,0,20,20,6,7,33.25,40,2.65,4,0,0,0,0,0,0,0,0,0,0.15,0.5,0.0,1.0,0.0,0.0
CUST002238,22,11086.55,503.93409090909086,1768.09,447.45975654810184,4,17,0,22,22,7,9,34.77272727272727,40,2.9545454545454546,4,0,0,0,0,0,0,0,0,0,0.18181818181818182,0.7727272727272727,0.0,1.0,0.0,0.0
CUST002239,15,6924.29,461.6193333333333,2318.38,663.551837284631,5,5,0,0,15,2,5,13.333333333333334,20,1.6666666666666667,3,0,0,0,0,0,0,0,0,0,0.3333333333333333,0.3333333333333333,0.0,0.0,0.0,0.0
CUST002240,24,9036.5,376.5208333333333,1723.38,408.8930516376333,4,14,0,24,24,8,6,33.75,40,2.75,4,0,0,0,0,0,0,0,0,0,0.16666666666666666,0.5833333333333334,0.0,1.0,0.0,0.0
CUST002241,21,16719.12,796.1485714285714,2655.18,797.1960212725959,2,11,0,21,21,5,5,33.095238095238095,35,2.619047619047619,3,0,0,0,0,0,0,0,0,0,0.09523809523809523,0.5238095238095238,0.0,1.0,0.0,0.0
CUST002242,33,22441.28,680.0387878787878,5048.73,1015.1217391332848,7,16,0,33,33,11,7,34.09090909090909,55,2.727272727272727,4,0,0,0,0,0,0,0,0,0,0.21212121212121213,0.48484848484848486,0.0,1.0,0.0,0.0
CUST002243,25,14428.06,577.1224,2553.67,561.2288698567338,1,9,0,25,25,5,4,32.0,35,2.4,3,0,0,0,0,0,0,0,0,0,0.04,0.36,0.0,1.0,0.0,0.0
CUST002244,23,13288.34,577.7539130434783,3908.86,814.80312710126,4,12,0,23,23,6,5,33.47826086956522,40,2.6956521739130435,4,0,0,0,0,0,0,0,0,0,0.17391304347826086,0.5217391304347826,0.0,1.0,0.0,0.0
CUST002245,25,37651.4,1506.056,12103.48,2597.0363306501254,4,16,0,25,25,7,8,35.6,50,2.88,4,0,0,0,0,0,0,0,0,0,0.16,0.64,0.0,1.0,0.0,0.0
CUST002246,28,20662.04,737.9300000000001,3631.97,888.0892035400749,9,16,0,28,28,6,8,34.464285714285715,40,2.892857142857143,4,0,0,0,0,0,0,0,0,0,0.32142857142857145,0.5714285714285714,0.0,1.0,0.0,0.0
CUST002247,14,12873.54,919.5385714285715,7388.93,1902.760763558116,5,8,0,14,14,6,7,34.642857142857146,40,2.9285714285714284,4,0,0,0,0,0,0,0,0,0,0.35714285714285715,0.5714285714285714,0.0,1.0,0.0,0.0
CUST002248,22,10575.07,480.685,2772.02,658.2111458646656,3,12,0,22,22,7,6,33.40909090909091,40,2.6818181818181817,4,0,0,0,0,0,0,0,0,0,0.13636363636363635,0.5454545454545454,0.0,1.0,0.0,0.0
CUST002249,24,9429.33,392.88875,1990.3,467.7458960971874,6,12,0,24,24,6,8,33.75,40,2.75,4,0,0,0,0,0,0,0,0,0,0.25,0.5,0.0,1.0,0.0,0.0
CUST002250,25,13101.77,524.0708,1962.85,566.0656947955188,2,16,0,25,25,7,7,33.6,40,2.72,4,0,0,0,0,0,0,0,0,0,0.08,0.64,0.0,1.0,0.0,0.0
CUST002251,30,19042.79,634.7596666666667,7242.11,1288.7167585210445,6,19,0,30,30,9,6,34.833333333333336,55,2.8666666666666667,4,0,0,0,0,0,0,0,0,0,0.2,0.6333333333333333,0.0,1.0,0.0,0.0
CUST002252,19,22808.46,1200.4452631578947,12249.85,2780.735572474721,5,10,0,19,19,5,4,35.78947368421053,70,2.8947368421052633,5,0,0,0,0,0,0,0,0,0,0.2631578947368421,0.5263157894736842,0.0,1.0,0.0,0.0
CUST002253,22,18407.43,836.7013636363637,6947.32,1480.1671137096564,5,15,0,22,22,7,6,35.45454545454545,50,2.9545454545454546,4,0,0,0,0,0,0,0,0,0,0.22727272727272727,0.6818181818181818,0.0,1.0,0.0,0.0
CUST002254,27,11433.67,423.4692592592593,1935.55,446.0789593517646,2,15,0,27,27,6,6,33.148148148148145,40,2.6296296296296298,4,0,0,0,0,0,0,0,0,0,0.07407407407407407,0.5555555555555556,0.0,1.0,0.0,0.0
CUST002255,38,23092.59,607.6997368421053,2242.55,512.4468093029692,6,14,0,38,38,7,7,32.63157894736842,40,2.526315789473684,4,0,0,0,0,0,0,0,0,0,0.15789473684210525,0.3684210526315789,0.0,1.0,0.0,0.0
CUST002256,15,10885.89,725.726,2821.74,973.5623390253812,3,9,0,15,15,4,6,34.0,40,2.8,4,0,0,0,0,0,0,0,0,0,0.2,0.6,0.0,1.0,0.0,0.0
CUST002257,25,22890.8,915.632,6041.85,1504.2427636715868,2,16,0,25,25,6,9,84.2,100,3.76,5,0,1,0,0,0,0,0,0,0,0.08,0.64,0.0,1.0,0.0,0.0
CUST002258,18,9682.89,537.9383333333333,2135.5,616.4017030958073,6,9,0,18,18,8,5,34.166666666666664,40,2.8333333333333335,4,0,0,0,0,0,0,0,0,0,0.3333333333333333,0.5,0.0,1.0,0.0,0.0
CUST002259,24,11757.31,489.8879166666666,2077.2,608.1355391399487,3,10,0,24,24,6,5,32.708333333333336,40,2.5416666666666665,4,0,0,0,0,0,0,0,0,0,0.125,0.4166666666666667,0.0,1.0,0.0,0.0
CUST002260,26,18280.38,703.0915384615384,2988.21,749.8361731028574,5,9,0,26,26,5,4,32.69230769230769,40,2.5384615384615383,4,0,0,0,0,0,0,0,0,0,0.19230769230769232,0.34615384615384615,0.0,1.0,0.0,0.0
CUST002261,27,14171.289999999999,524.8625925925926,4052.68,805.2585816971255,7,8,0,27,27,3,4,32.77777777777778,40,2.5555555555555554,4,0,0,0,0,0,0,0,0,0,0.25925925925925924,0.2962962962962963,0.0,1.0,0.0,0.0
CUST002262,19,10140.42,533.7063157894737,1482.27,477.55968042644247,7,13,0,19,19,6,6,35.26315789473684,40,3.0526315789473686,4,0,0,0,0,0,0,0,0,0,0.3684210526315789,0.6842105263157895,0.0,1.0,0.0,0.0
CUST002263,25,13988.300000000001,559.532,4125.84,941.1515144270521,3,15,0,25,25,8,6,33.6,35,2.72,3,0,0,0,0,0,0,0,0,0,0.12,0.6,0.0,1.0,0.0,0.0
CUST002264,25,20182.44,807.2976,4562.34,1061.073225384249,3,10,0,25,25,5,5,32.6,35,2.52,3,0,0,0,0,0,0,0,0,0,0.12,0.4,0.0,1.0,0.0,0.0
CUST002265,15,9348.53,623.2353333333334,2756.8,754.9055157895748,3,8,0,15,15,5,3,33.666666666666664,40,2.7333333333333334,4,0,0,0,0,0,0,0,0,0,0.2,0.5333333333333333,0.0,1.0,0.0,0.0
CUST002266,22,18205.85,827.5386363636363,3672.62,968.6941075159624,4,11,0,22,22,7,5,33.40909090909091,40,2.6818181818181817,4,0,0,0,0,0,0,0,0,0,0.18181818181818182,0.5,0.0,1.0,0.0,0.0
CUST002267,26,13240.91,509.26576923076925,1644.83,370.85163351586385,3,14,0,26,26,8,6,33.26923076923077,40,2.6538461538461537,4,0,0,0,0,0,0,0,0,0,0.11538461538461539,0.5384615384615384,0.0,1.0,0.0,0.0
CUST002268,28,27875.52,995.5542857142857,4156.95,1249.5939865010039,9,11,0,28,28,6,6,33.57142857142857,40,2.7142857142857144,4,0,0,0,0,0,0,0,0,0,0.32142857142857145,0.39285714285714285,0.0,1.0,0.0,0.0
CUST002269,23,17401.04,756.5669565217391,3460.81,821.7273478385459,2,12,0,23,23,7,7,33.04347826086956,40,2.608695652173913,4,0,0,0,0,0,0,0,0,0,0.08695652173913043,0.5217391304347826,0.0,1.0,0.0,0.0
CUST002270,25,17358.75,694.35,2199.52,541.9677293898595,1,15,0,25,24,8,7,33.2,35,2.64,3,0,0,0,0,0,0,0,0,0,0.04,0.6,0.0,1.0,0.0,0.0
CUST002271,22,9211.22,418.6918181818182,1800.07,508.3983863883235,9,13,0,22,22,5,7,35.0,40,3.0,4,0,0,0,0,0,0,0,0,0,0.4090909090909091,0.5909090909090909,0.0,1.0,0.0,0.0
CUST002272,19,10513.630000000001,553.3489473684211,1636.9,463.3424547890486,6,10,0,19,19,5,6,34.21052631578947,40,2.8421052631578947,4,0,0,0,0,0,0,0,0,0,0.3157894736842105,0.5263157894736842,0.0,1.0,0.0,0.0
CUST002273,25,22295.54,891.8216,6387.54,1293.0345897979682,7,15,0,25,25,5,8,35.2,50,2.92,4,0,0,0,0,0,0,0,0,0,0.28,0.6,0.0,1.0,0.0,0.0
CUST002274,27,24626.53,912.0937037037037,13086.6,2473.9973472813153,8,12,0,27,27,5,8,84.07407407407408,100,3.7777777777777777,6,0,1,0,0,0,0,0,0,0,0.2962962962962963,0.4444444444444444,0.0,1.0,0.0,0.0
CUST002275,21,12522.3,596.3,1766.32,565.8935900679562,3,8,0,21,21,5,4,32.61904761904762,35,2.5238095238095237,3,0,0,0,0,0,0,0,0,0,0.14285714285714285,0.38095238095238093,0.0,1.0,0.0,0.0
CUST002276,31,34289.75,1106.1209677419354,14461.92,2698.392268349625,7,17,0,31,31,7,9,35.16129032258065,55,2.838709677419355,4,0,0,0,0,0,0,0,0,0,0.22580645161290322,0.5483870967741935,0.0,1.0,0.0,0.0
CUST002277,20,10574.6,528.73,1347.03,388.16387193256946,5,11,0,20,20,5,7,34.0,40,2.8,4,0,0,0,0,0,0,0,0,0,0.25,0.55,0.0,1.0,0.0,0.0
CUST002278,21,13794.93,656.9014285714286,2000.93,603.075157955339,4,10,0,21,21,6,4,33.333333333333336,40,2.6666666666666665,4,0,0,0,0,0,0,0,0,0,0.19047619047619047,0.47619047619047616,0.0,1.0,0.0,0.0
CUST002279,20,9721.05,486.05249999999995,1289.11,358.3775185746685,9,4,0,20,20,3,3,33.25,40,2.65,4,0,0,0,0,0,0,0,0,0,0.45,0.2,0.0,1.0,0.0,0.0
CUST002280,29,13838.51,477.19,1996.04,465.98610104962205,5,14,0,29,28,5,7,33.275862068965516,40,2.6551724137931036,4,0,0,0,0,0,0,0,0,0,0.1724137931034483,0.4827586206896552,0.0,1.0,0.0,0.0
CUST002281,28,19022.97,679.3917857142858,2268.65,626.3344108562287,8,12,0,28,28,5,7,33.57142857142857,40,2.7142857142857144,4,0,0,0,0,0,0,0,0,0,0.2857142857142857,0.42857142857142855,0.0,1.0,0.0,0.0
CUST002282,27,47239.32,1749.6044444444444,16005.27,3518.913850736128,6,12,0,27,27,6,6,36.111111111111114,70,2.814814814814815,5,0,0,0,1,0,0,0,0,0,0.2222222222222222,0.4444444444444444,0.0,1.0,0.037037037037037035,0.0
CUST002283,30,30784.67,1026.1556666666665,16383.99,2947.8693527742034,4,17,0,30,30,6,5,34.166666666666664,55,2.7333333333333334,4,0,0,0,0,0,0,0,0,0,0.13333333333333333,0.5666666666666667,0.0,1.0,0.0,0.0
CUST002284,21,23012.56,1095.8361904761905,5617.45,1343.3813985889346,4,9,0,21,21,7,3,34.04761904761905,50,2.6666666666666665,4,0,0,0,0,0,0,0,0,0,0.19047619047619047,0.42857142857142855,0.0,1.0,0.0,0.0
CUST002285,17,16866.62,992.1541176470588,6204.63,1510.9417014028818,6,9,0,17,17,5,3,35.588235294117645,55,2.9411764705882355,4,0,0,0,0,0,0,0,0,0,0.35294117647058826,0.5294117647058824,0.0,1.0,0.0,0.0
CUST002286,27,21500.2,796.3037037037037,2579.72,807.9019974845966,2,12,0,27,27,4,7,32.592592592592595,35,2.5185185185185186,3,0,0,0,0,0,0,0,0,0,0.07407407407407407,0.4444444444444444,0.0,1.0,0.0,0.0
CUST002287,17,14054.390000000001,826.7288235294118,4654.68,1250.5076699129156,3,12,0,17,17,7,6,34.411764705882355,40,2.8823529411764706,4,0,0,0,0,0,0,0,0,0,0.17647058823529413,0.7058823529411765,0.0,1.0,0.0,0.0
CUST002288,27,11322.960000000001,419.36888888888893,1423.75,395.7478632950077,5,15,0,27,27,7,8,33.7037037037037,40,2.740740740740741,4,0,0,0,0,0,0,0,0,0,0.18518518518518517,0.5555555555555556,0.0,1.0,0.0,0.0
CUST002289,30,16913.91,563.797,2323.22,553.9505470779237,8,20,0,30,30,11,8,34.666666666666664,40,2.933333333333333,4,0,0,0,0,0,0,0,0,0,0.26666666666666666,0.6666666666666666,0.0,1.0,0.0,0.0
CUST002290,24,12159.49,506.6454166666667,1722.35,464.29817359087133,4,15,0,24,24,5,8,33.958333333333336,40,2.7916666666666665,4,0,0,0,0,0,0,0,0,0,0.16666666666666666,0.625,0.0,1.0,0.0,0.0
CUST002291,17,6841.2,402.4235294117647,1551.61,450.6051388402763,2,5,0,17,17,4,3,32.05882352941177,35,2.411764705882353,3,0,0,0,0,0,0,0,0,0,0.11764705882352941,0.29411764705882354,0.0,1.0,0.0,0.0
CUST002292,15,12137.4,809.16,3098.2,870.4063679930525,3,7,0,15,15,4,4,33.333333333333336,35,2.6666666666666665,3,0,0,0,0,0,0,0,0,0,0.2,0.4666666666666667,0.0,1.0,0.0,0.0
CUST002293,28,13884.09,495.86035714285714,1452.08,426.24899583226687,5,16,0,28,28,6,6,33.75,40,2.75,4,0,0,0,0,0,0,0,0,0,0.17857142857142858,0.5714285714285714,0.0,1.0,0.0,0.0
CUST002294,21,12186.470000000001,580.3080952380953,2733.94,629.4026326416108,5,6,0,21,21,4,4,32.61904761904762,40,2.5238095238095237,4,0,0,0,0,0,0,0,0,0,0.23809523809523808,0.2857142857142857,0.0,1.0,0.0,0.0
CUST002295,24,12790.74,532.9475,1772.37,489.83938481426475,2,13,0,24,24,5,9,33.125,40,2.625,4,0,0,0,0,0,0,0,0,0,0.08333333333333333,0.5416666666666666,0.0,1.0,0.0,0.0
CUST002296,25,17824.85,712.9939999999999,4724.01,971.1605934181706,6,11,0,25,25,5,6,33.4,40,2.68,4,0,0,0,0,0,0,0,0,0,0.24,0.44,0.0,1.0,0.0,0.0
CUST002297,24,11524.02,480.1675,2086.42,536.4880712661461,4,15,0,24,24,6,6,33.958333333333336,40,2.7916666666666665,4,0,0,0,0,0,0,0,0,0,0.16666666666666666,0.625,0.0,1.0,0.0,0.0
CUST002298,21,25717.34,1224.635238095238,11600.48,2472.1566351702295,6,11,0,21,21,6,6,35.0,55,2.857142857142857,4,0,0,0,0,0,0,0,0,0,0.2857142857142857,0.5238095238095238,0.0,1.0,0.0,0.0
CUST002299,24,29129.04,1213.71,19267.74,3864.8941162716606,5,12,0,24,24,5,7,35.0,70,2.7916666666666665,5,0,0,0,0,0,0,0,0,0,0.20833333333333334,0.5,0.0,1.0,0.0,0.0
CUST002300,25,9572.33,382.8932,1599.76,460.00863017918846,2,14,0,25,25,6,8,48.2,55,3.64,5,0,0,1,0,0,0,0,0,0,0.08,0.56,0.0,1.0,0.0,0.0
CUST002301,25,21942.71,877.7084,7384.11,1551.1650961687903,5,9,0,25,25,8,5,33.6,50,2.6,4,0,0,0,0,0,0,0,0,0,0.2,0.36,0.0,1.0,0.0,0.0
CUST002302,34,20647.43,607.2773529411764,5106.27,936.3730727145576,8,17,0,34,34,7,6,34.26470588235294,55,2.764705882352941,4,0,0,0,0,0,0,0,0,0,0.23529411764705882,0.5,0.0,1.0,0.0,0.0
CUST002303,34,26975.02,793.3829411764706,8329.44,1557.5786270917129,9,16,0,34,34,7,8,34.705882352941174,70,2.7941176470588234,5,0,0,0,1,0,0,0,0,0,0.2647058823529412,0.47058823529411764,0.0,1.0,0.029411764705882353,0.0
CUST002304,33,27286.56,826.8654545454546,2889.8,817.5388851191228,5,13,0,33,33,6,8,32.72727272727273,40,2.5454545454545454,4,0,0,0,0,0,0,0,0,0,0.15151515151515152,0.3939393939393939,0.0,1.0,0.0,0.0
CUST002305,26,9707.36,373.36,1372.62,357.24102771098393,5,9,0,26,26,4,4,42.69230769230769,50,3.5384615384615383,5,1,0,0,0,0,0,0,0,0,0.19230769230769232,0.34615384615384615,0.0,1.0,0.0,0.0
CUST002306,21,13852.64,659.6495238095238,2809.42,785.7608435680426,1,13,0,21,21,6,8,33.333333333333336,40,2.6666666666666665,4,0,0,0,0,0,0,0,0,0,0.047619047619047616,0.6190476190476191,0.0,1.0,0.0,0.0
CUST002307,19,11491.59,604.8205263157895,2023.42,720.7400211778761,6,9,0,19,19,5,6,33.94736842105263,40,2.789473684210526,4,0,0,0,0,0,0,0,0,0,0.3157894736842105,0.47368421052631576,0.0,1.0,0.0,0.0
CUST002308,22,10789.130000000001,490.415,2171.79,526.902099741408,3,13,0,22,22,8,6,33.63636363636363,40,2.727272727272727,4,0,0,0,0,0,0,0,0,0,0.13636363636363635,0.5909090909090909,0.0,1.0,0.0,0.0
CUST002309,21,19184.59,913.5519047619048,5066.93,1180.849701878351,4,14,0,21,21,5,7,35.23809523809524,60,2.9047619047619047,5,0,0,0,0,0,0,0,0,0,0.19047619047619047,0.6666666666666666,0.0,1.0,0.0,0.0
CUST002310,17,13052.34,767.7847058823529,2810.58,706.6300671949718,4,9,0,17,17,7,4,33.8235294117647,40,2.764705882352941,4,0,0,0,0,0,0,0,0,0,0.23529411764705882,0.5294117647058824,0.0,1.0,0.0,0.0
CUST002311,28,27162.96,970.1057142857143,5490.85,1209.8474243640028,8,15,0,28,27,8,6,34.82142857142857,55,2.857142857142857,4,0,0,0,0,0,0,0,0,0,0.2857142857142857,0.5357142857142857,0.0,1.0,0.0,0.0
CUST002312,27,17652.530000000002,653.7974074074075,2863.36,739.6623933909754,4,12,0,27,27,6,7,32.96296296296296,40,2.5925925925925926,4,0,0,0,0,0,0,0,0,0,0.14814814814814814,0.4444444444444444,0.0,1.0,0.0,0.0
CUST002313,22,24913.21,1132.4186363636363,6990.85,1703.621366818051,3,15,0,22,22,7,6,35.0,55,2.8636363636363638,4,0,0,0,0,0,0,0,0,0,0.13636363636363635,0.6818181818181818,0.0,1.0,0.0,0.0
CUST002314,27,22754.010000000002,842.7411111111112,5564.57,1223.4488761860978,5,20,0,27,27,10,6,35.370370370370374,50,2.962962962962963,4,0,0,0,0,0,0,0,0,0,0.18518518518518517,0.7407407407407407,0.0,1.0,0.0,0.0
CUST002315,35,33209.53,948.8437142857142,11252.38,1875.077326383675,6,14,0,35,34,6,4,33.42857142857143,55,2.6,4,0,0,0,0,0,0,0,0,0,0.17142857142857143,0.4,0.0,1.0,0.0,0.0
CUST002316,30,24282.309999999998,809.4103333333333,10755.05,1971.3959496333857,8,15,0,30,30,6,6,34.5,50,2.8,4,0,0,0,0,0,0,0,0,0,0.26666666666666666,0.5,0.0,1.0,0.0,0.0
CUST002317,23,17882.379999999997,777.4947826086956,2604.14,751.9049725855084,3,12,0,23,23,6,6,48.26086956521739,55,3.652173913043478,5,0,0,1,0,0,0,0,0,0,0.13043478260869565,0.5217391304347826,0.0,1.0,0.0,0.0
CUST002318,22,11259.220000000001,511.7827272727273,5011.5,1033.2317033886668,6,12,0,22,21,7,5,35.0,55,2.8636363636363638,4,0,0,0,0,0,0,0,0,0,0.2727272727272727,0.5454545454545454,0.0,1.0,0.0,0.0
CUST002319,16,22093.63,1380.851875,4250.08,1217.939343838429,7,9,0,16,16,7,5,35.0,40,3.0,4,0,0,0,0,0,0,0,0,0,0.4375,0.5625,0.0,1.0,0.0,0.0
CUST002320,19,22791.19,1199.5363157894735,4519.76,1292.1771402353409,7,10,0,19,19,7,6,34.473684210526315,40,2.8947368421052633,4,0,0,0,0,0,0,0,0,0,0.3684210526315789,0.5263157894736842,0.0,1.0,0.0,0.0
CUST002321,20,7649.14,382.457,2195.88,488.71470266511596,7,10,0,20,20,7,8,34.25,40,2.85,4,0,0,0,0,0,0,0,0,0,0.35,0.5,0.0,1.0,0.0,0.0
CUST002322,20,16021.380000000001,801.0690000000001,2699.55,738.9984715809278,4,12,0,20,20,6,6,34.0,40,2.8,4,0,0,0,0,0,0,0,0,0,0.2,0.6,0.0,1.0,0.0,0.0
CUST002323,28,26328.85,940.3160714285714,3588.09,1023.2321595963169,3,13,0,28,28,6,6,32.857142857142854,40,2.5714285714285716,4,0,0,0,0,0,0,0,0,0,0.10714285714285714,0.4642857142857143,0.0,1.0,0.0,0.0
CUST002324,25,12115.18,484.60720000000003,2104.15,507.60214884559605,7,16,0,25,25,7,8,34.6,40,2.92,4,0,0,0,0,0,0,0,0,0,0.28,0.64,0.0,1.0,0.0,0.0
CUST002325,24,25005.5,1041.8958333333333,7488.25,1849.5169555152518,1,14,0,24,24,7,9,34.583333333333336,65,2.7083333333333335,4,0,0,0,0,0,0,0,0,0,0.041666666666666664,0.5833333333333334,0.0,1.0,0.0,0.0
CUST002326,31,22784.54,734.9851612903226,6130.48,1154.9816658165935,4,18,0,31,30,8,9,34.193548387096776,50,2.7419354838709675,4,0,0,0,0,0,0,0,0,0,0.12903225806451613,0.5806451612903226,0.0,1.0,0.0,0.0
CUST002327,37,29905.6,808.2594594594594,5555.48,1123.670217286356,8,20,0,37,37,10,11,34.32432432432432,50,2.7837837837837838,4,0,0,0,0,0,0,0,0,0,0.21621621621621623,0.5405405405405406,0.0,1.0,0.0,0.0
CUST002328,30,12184.44,406.148,1639.93,386.0859148302937,3,16,0,30,30,10,6,33.166666666666664,40,2.6333333333333333,4,0,0,0,0,0,0,0,0,0,0.1,0.5333333333333333,0.0,1.0,0.0,0.0
CUST002329,26,24839.79,955.3765384615385,6266.0,1549.3860905066683,7,11,0,26,26,7,6,35.0,60,2.769230769230769,5,0,0,0,0,0,0,0,0,0,0.2692307692307692,0.4230769230769231,0.0,1.0,0.0,0.0
CUST002330,25,15857.91,634.3164,6035.01,1186.3590317573905,1,18,0,25,25,6,7,34.6,55,2.8,4,0,0,0,0,0,0,0,0,0,0.04,0.72,0.0,1.0,0.0,0.0
CUST002331,21,23135.54,1101.692380952381,6707.9,1529.0962733683734,2,8,0,21,21,7,4,33.333333333333336,50,2.5238095238095237,4,0,0,0,0,0,0,0,0,0,0.09523809523809523,0.38095238095238093,0.0,1.0,0.0,0.0
CUST002332,13,8729.21,671.4776923076922,3124.43,877.0153390824457,4,7,0,13,12,4,5,34.23076923076923,40,2.8461538461538463,4,0,0,0,0,0,0,0,0,0,0.3076923076923077,0.5384615384615384,0.0,1.0,0.0,0.0
CUST002333,30,26627.98,887.5993333333333,13875.73,2525.5878665698915,4,15,0,30,30,7,6,34.333333333333336,70,2.7,5,0,0,0,0,0,0,0,0,0,0.13333333333333333,0.5,0.0,1.0,0.0,0.0
CUST002334,29,20022.01,690.4141379310345,2231.02,659.4459100775289,4,11,0,29,29,5,7,32.58620689655172,35,2.5172413793103448,3,0,0,0,0,0,0,0,0,0,0.13793103448275862,0.3793103448275862,0.0,1.0,0.0,0.0
CUST002335,22,16728.97,760.4077272727274,4142.82,1130.0511795149635,4,12,0,22,22,7,5,48.63636363636363,55,3.727272727272727,5,0,0,1,0,0,0,0,0,0,0.18181818181818182,0.5454545454545454,0.0,1.0,0.0,0.0
CUST002336,22,14901.640000000001,677.3472727272728,5332.01,1144.3485567371918,3,11,0,22,22,8,4,44.09090909090909,65,3.6818181818181817,5,1,0,0,0,0,0,0,0,0,0.13636363636363635,0.5,0.0,1.0,0.0,0.0
CUST002337,24,39749.39,1656.2245833333334,25005.33,5013.645621479687,0,12,0,24,24,5,4,33.75,65,2.5833333333333335,5,0,0,0,0,0,0,0,0,0,0.0,0.5,0.0,1.0,0.0,0.0
CUST002338,26,18937.53,728.3665384615384,3303.27,871.5613999756636,3,11,0,26,26,7,6,32.69230769230769,40,2.5384615384615383,4,0,0,0,0,0,0,0,0,0,0.11538461538461539,0.4230769230769231,0.0,1.0,0.0,0.0
CUST002339,29,15716.05,541.9327586206896,3921.27,809.3762634756671,10,15,0,29,29,6,6,34.310344827586206,40,2.8620689655172415,4,0,0,0,0,0,0,0,0,0,0.3448275862068966,0.5172413793103449,0.0,1.0,0.0,0.0
CUST002340,23,24488.989999999998,1064.7386956521739,5630.36,1570.1159314241283,3,11,0,23,23,6,5,33.91304347826087,50,2.652173913043478,4,0,0,0,0,0,0,0,0,0,0.13043478260869565,0.4782608695652174,0.0,1.0,0.0,0.0
CUST002341,23,13779.7,599.1173913043478,2864.41,702.1455050979454,2,12,0,23,23,4,6,33.04347826086956,35,2.608695652173913,3,0,0,0,0,0,0,0,0,0,0.08695652173913043,0.5217391304347826,0.0,1.0,0.0,0.0
CUST002342,27,13151.99,487.1107407407407,3166.32,655.7735330533525,4,15,0,27,27,6,7,43.51851851851852,50,3.7037037037037037,5,1,0,0,0,0,0,0,0,0,0.14814814814814814,0.5555555555555556,0.0,1.0,0.0,0.0
CUST002343,22,24515.87,1114.3577272727273,6569.58,1597.9413552232397,5,12,0,22,22,6,6,34.77272727272727,60,2.8181818181818183,5,0,0,0,0,0,0,0,0,0,0.22727272727272727,0.5454545454545454,0.0,1.0,0.0,0.0
CUST002344,23,33051.72,1437.031304347826,7484.06,1966.1641419301332,4,10,0,23,23,5,6,35.65217391304348,55,2.739130434782609,4,0,0,0,0,0,0,0,0,0,0.17391304347826086,0.43478260869565216,0.0,1.0,0.0,0.0
CUST002345,23,15394.039999999999,669.3060869565217,5337.11,1218.1235815822297,5,13,0,23,23,5,8,35.43478260869565,70,2.869565217391304,5,0,0,0,0,0,0,0,0,0,0.21739130434782608,0.5652173913043478,0.0,1.0,0.0,0.0
CUST002346,15,8754.82,583.6546666666667,1839.9,537.1536509745029,1,7,0,15,15,3,6,32.666666666666664,40,2.533333333333333,4,0,0,0,0,0,0,0,0,0,0.06666666666666667,0.4666666666666667,0.0,1.0,0.0,0.0
CUST002347,22,20935.06,951.5936363636364,3744.76,1049.5971097228346,3,12,0,22,22,6,8,33.40909090909091,40,2.6818181818181817,4,0,0,0,0,0,0,0,0,0,0.13636363636363635,0.5454545454545454,0.0,1.0,0.0,0.0
CUST002348,28,21695.93,774.8546428571428,3507.88,1028.6290598385367,7,12,0,28,28,6,5,33.392857142857146,40,2.6785714285714284,4,0,0,0,0,0,0,0,0,0,0.25,0.42857142857142855,0.0,1.0,0.0,0.0
CUST002349,25,46261.38,1850.4551999999999,32791.78,6497.710649284561,6,10,0,25,25,4,9,44.4,80,3.72,7,1,0,0,0,0,0,0,0,0,0.24,0.4,0.0,1.0,0.0,0.0
CUST002350,25,13313.779999999999,532.5512,2381.79,602.6633730527626,2,14,0,25,25,5,8,33.2,40,2.64,4,0,0,0,0,0,0,0,0,0,0.08,0.56,0.0,1.0,0.0,0.0
CUST002351,20,10218.61,510.93050000000005,2054.64,522.0062135189278,8,14,0,20,20,6,7,35.5,40,3.1,4,0,0,0,0,0,0,0,0,0,0.4,0.7,0.0,1.0,0.0,0.0
CUST002352,19,13891.38,731.1252631578947,3119.65,817.0381046830641,4,9,0,19,19,4,5,33.421052631578945,40,2.6842105263157894,4,0,0,0,0,0,0,0,0,0,0.21052631578947367,0.47368421052631576,0.0,1.0,0.0,0.0
CUST002353,27,15750.1,583.337037037037,3422.65,681.449226991862,4,16,0,27,27,5,7,33.7037037037037,40,2.740740740740741,4,0,0,0,0,0,0,0,0,0,0.14814814814814814,0.5925925925925926,0.0,1.0,0.0,0.0
CUST002354,24,17247.16,718.6316666666667,3136.85,909.3113323526368,4,12,0,24,24,7,3,33.333333333333336,40,2.6666666666666665,4,0,0,0,0,0,0,0,0,0,0.16666666666666666,0.5,0.0,1.0,0.0,0.0
CUST002355,22,11747.83,533.9922727272727,2215.9,552.7339401464568,4,9,0,22,22,5,6,32.95454545454545,40,2.590909090909091,4,0,0,0,0,0,0,0,0,0,0.18181818181818182,0.4090909090909091,0.0,1.0,0.0,0.0
CUST002356,23,23339.5,1014.7608695652174,5933.18,1517.0145251833917,7,7,0,23,23,6,6,34.78260869565217,55,2.6956521739130435,4,0,0,0,0,0,0,0,0,0,0.30434782608695654,0.30434782608695654,0.0,1.0,0.0,0.0
CUST002357,31,15397.53,496.69451612903225,2228.7,519.3833624972258,7,17,0,31,31,8,8,33.87096774193548,40,2.774193548387097,4,0,0,0,0,0,0,0,0,0,0.22580645161290322,0.5483870967741935,0.0,1.0,0.0,0.0
CUST002358,15,6429.7,428.64666666666665,2316.97,551.6694587039113,2,5,0,15,15,5,5,32.333333333333336,35,2.466666666666667,3,0,0,0,0,0,0,0,0,0,0.13333333333333333,0.3333333333333333,0.0,1.0,0.0,0.0
CUST002359,16,9479.74,592.48375,1540.52,415.173435869477,0,8,0,16,16,6,5,32.5,35,2.5,3,0,0,0,0,0,0,0,0,0,0.0,0.5,0.0,1.0,0.0,0.0
CUST002360,24,23470.32,977.93,5947.99,1367.6088522546268,4,12,0,24,24,5,6,34.166666666666664,50,2.7083333333333335,4,0,0,0,0,0,0,0,0,0,0.16666666666666666,0.5,0.0,1.0,0.0,0.0
CUST002361,26,26126.14,1004.8515384615384,6033.53,1542.6977172283423,4,15,0,26,26,7,8,34.42307692307692,55,2.769230769230769,4,0,0,0,0,0,0,0,0,0,0.15384615384615385,0.5769230769230769,0.0,1.0,0.0,0.0
CUST002362,21,16645.09,792.6233333333333,2307.34,668.6527397336627,3,13,0,21,21,6,6,43.80952380952381,50,3.761904761904762,5,1,0,0,0,0,0,0,0,0,0.14285714285714285,0.6190476190476191,0.0,1.0,0.0,0.0
CUST002363,19,50057.189999999995,2634.5889473684206,30019.68,6877.745284712696,4,12,0,19,19,6,7,36.8421052631579,65,3.0,5,0,0,0,0,0,0,0,0,0,0.21052631578947367,0.631578947368421,0.0,1.0,0.0,0.0
CUST002364,15,9979.69,665.3126666666667,2381.3,667.2677097737211,1,9,0,15,15,4,6,33.333333333333336,35,2.6666666666666665,3,0,0,0,0,0,0,0,0,0,0.06666666666666667,0.6,0.0,1.0,0.0,0.0
CUST002365,14,11842.279999999999,845.8771428571428,3771.26,1049.3118870033798,1,7,0,14,14,5,4,32.857142857142854,35,2.5714285714285716,3,0,0,0,0,0,0,0,0,0,0.07142857142857142,0.5,0.0,1.0,0.0,0.0
CUST002366,29,20382.68,702.8510344827587,6363.27,1178.177097193993,3,12,0,29,29,5,6,33.275862068965516,50,2.5517241379310347,4,0,0,0,0,0,0,0,0,0,0.10344827586206896,0.41379310344827586,0.0,1.0,0.0,0.0
CUST002367,20,14969.39,748.4694999999999,4188.11,1105.0159297993234,1,8,0,20,19,6,4,32.25,40,2.45,4,0,0,0,0,0,0,0,0,0,0.05,0.4,0.0,1.0,0.0,0.0
CUST002368,24,16779.91,699.1629166666667,3194.7,883.4430431210318,6,6,0,24,24,4,4,32.5,40,2.5,4,0,0,0,0,0,0,0,0,0,0.25,0.25,0.0,1.0,0.0,0.0
CUST002369,27,22456.24,831.7125925925926,7454.21,1418.275668559408,4,7,0,27,27,3,7,32.77777777777778,50,2.4444444444444446,4,0,0,0,0,0,0,0,0,0,0.14814814814814814,0.25925925925925924,0.0,1.0,0.0,0.0
CUST002370,18,12877.85,715.4361111111111,4581.39,1038.356253265589,1,10,0,18,18,4,6,33.05555555555556,35,2.611111111111111,3,0,0,0,0,0,0,0,0,0,0.05555555555555555,0.5555555555555556,0.0,1.0,0.0,0.0
CUST002371,27,14719.6,545.1703703703704,2621.84,669.783041717939,3,16,0,27,27,6,9,33.51851851851852,40,2.7037037037037037,4,0,0,0,0,0,0,0,0,0,0.1111111111111111,0.5925925925925926,0.0,1.0,0.0,0.0
CUST002372,22,17902.1,813.7318181818181,3573.73,886.505215184275,5,8,0,22,22,6,5,32.95454545454545,40,2.590909090909091,4,0,0,0,0,0,0,0,0,0,0.22727272727272727,0.36363636363636365,0.0,1.0,0.0,0.0
CUST002373,23,16562.37,720.1030434782608,2923.64,816.4282035317829,6,14,0,23,23,7,7,34.34782608695652,40,2.869565217391304,4,0,0,0,0,0,0,0,0,0,0.2608695652173913,0.6086956521739131,0.0,1.0,0.0,0.0
CUST002374,22,28627.0,1301.2272727272727,7368.58,1814.1435909651216,3,11,0,22,22,6,3,34.09090909090909,55,2.6818181818181817,4,0,0,0,0,0,0,0,0,0,0.13636363636363635,0.5,0.0,1.0,0.0,0.0
CUST002375,26,22582.55,868.5596153846153,7592.71,1513.8421063756437,6,11,0,26,26,5,6,34.03846153846154,60,2.6923076923076925,5,0,0,0,0,0,0,0,0,0,0.23076923076923078,0.4230769230769231,0.0,1.0,0.0,0.0
CUST002376,26,16738.59,643.7919230769231,3503.67,770.9959362851104,3,14,0,26,26,7,9,33.26923076923077,40,2.6538461538461537,4,0,0,0,0,0,0,0,0,0,0.11538461538461539,0.5384615384615384,0.0,1.0,0.0,0.0
CUST002377,24,25667.88,1069.4950000000001,9235.8,1885.9719997875388,2,12,0,24,24,6,7,34.375,65,2.6666666666666665,4,0,0,0,1,0,0,0,0,0,0.08333333333333333,0.5,0.0,1.0,0.041666666666666664,0.0
CUST002378,22,10500.44,477.2927272727273,2297.53,543.783067217257,4,10,0,0,22,2,7,13.181818181818182,20,1.6363636363636365,3,0,0,0,0,0,0,0,0,0,0.18181818181818182,0.45454545454545453,0.0,0.0,0.0,0.0
CUST002379,16,5459.17,341.198125,951.2,254.1961772914442,4,8,0,16,15,4,5,33.75,40,2.75,4,0,0,0,0,0,0,0,0,0,0.25,0.5,0.0,1.0,0.0,0.0
CUST002380,19,11855.75,623.9868421052631,2361.63,575.4062003977194,2,11,0,19,19,4,7,33.421052631578945,40,2.6842105263157894,4,0,0,0,0,0,0,0,0,0,0.10526315789473684,0.5789473684210527,0.0,1.0,0.0,0.0
CUST002381,20,20447.41,1022.3705,8396.24,1834.1334143704657,4,10,0,20,20,5,4,35.25,65,2.8,4,0,0,0,1,0,0,0,0,0,0.2,0.5,0.0,1.0,0.05,0.0
CUST002382,24,19459.649999999998,810.8187499999999,7069.53,1454.0591380094568,5,13,0,24,24,6,8,34.583333333333336,55,2.7916666666666665,4,0,0,0,0,0,0,0,0,0,0.20833333333333334,0.5416666666666666,0.0,1.0,0.0,0.0
CUST002383,18,9723.41,540.1894444444445,2369.09,682.6722346904994,2,8,0,18,18,7,6,32.77777777777778,40,2.5555555555555554,4,0,0,0,0,0,0,0,0,0,0.1111111111111111,0.4444444444444444,0.0,1.0,0.0,0.0
CUST002384,20,10256.529999999999,512.8264999999999,3670.64,778.8079832212884,2,12,0,20,20,6,5,33.5,40,2.7,4,0,0,0,0,0,0,0,0,0,0.1,0.6,0.0,1.0,0.0,0.0
CUST002385,22,12226.55,555.7522727272727,2847.43,803.9996693136717,2,13,0,22,22,7,7,33.40909090909091,40,2.6818181818181817,4,0,0,0,0,0,0,0,0,0,0.09090909090909091,0.5909090909090909,0.0,1.0,0.0,0.0
CUST002386,21,21402.89,1019.1852380952381,5226.9,1422.60296921038,8,7,0,21,21,3,6,44.523809523809526,60,3.761904761904762,5,1,0,0,0,0,0,0,0,0,0.38095238095238093,0.3333333333333333,0.0,1.0,0.0,0.0
CUST002387,21,8597.65,409.41190476190474,1987.52,470.01004686728817,5,17,0,21,21,7,8,35.23809523809524,40,3.0476190476190474,4,0,0,0,0,0,0,0,0,0,0.23809523809523808,0.8095238095238095,0.0,1.0,0.0,0.0
CUST002388,31,52998.07,1709.6151612903225,16536.24,3142.611335603849,5,14,0,31,31,5,9,34.354838709677416,50,2.6774193548387095,4,0,0,0,0,0,0,0,0,0,0.16129032258064516,0.45161290322580644,0.0,1.0,0.0,0.0
CUST002389,27,15949.380000000001,590.7177777777778,2544.23,624.1773926188054,3,15,0,27,27,6,10,33.333333333333336,40,2.6666666666666665,4,0,0,0,0,0,0,0,0,0,0.1111111111111111,0.5555555555555556,0.0,1.0,0.0,0.0
CUST002390,23,10419.25,453.0108695652174,1477.14,347.17696966078535,4,12,0,23,23,4,6,33.47826086956522,40,2.6956521739130435,4,0,0,0,0,0,0,0,0,0,0.17391304347826086,0.5217391304347826,0.0,1.0,0.0,0.0
CUST002391,17,12485.42,734.4364705882354,6722.2,1594.269100755661,4,3,0,17,17,3,2,33.23529411764706,50,2.4705882352941178,4,0,0,0,0,0,0,0,0,0,0.23529411764705882,0.17647058823529413,0.0,1.0,0.0,0.0
CUST002392,16,8703.29,543.955625,1844.0,545.563620964213,4,6,0,16,16,4,3,33.125,40,2.625,4,0,0,0,0,0,0,0,0,0,0.25,0.375,0.0,1.0,0.0,0.0
CUST002393,26,15520.300000000001,596.9346153846154,3034.8,751.0323430171608,2,8,0,26,26,5,6,31.923076923076923,40,2.3846153846153846,4,0,0,0,0,0,0,0,0,0,0.07692307692307693,0.3076923076923077,0.0,1.0,0.0,0.0
CUST002394,26,12177.33,468.3588461538462,3238.63,617.1583456995584,2,15,0,26,26,8,8,33.26923076923077,40,2.6538461538461537,4,0,0,0,0,0,0,0,0,0,0.07692307692307693,0.5769230769230769,0.0,1.0,0.0,0.0
CUST002395,30,25250.34,841.678,7359.59,1581.34807992814,7,18,0,30,30,7,8,34.833333333333336,60,2.8666666666666667,5,0,0,0,0,0,0,0,0,0,0.23333333333333334,0.6,0.0,1.0,0.0,0.0
CUST002396,26,16317.46,627.5946153846154,2519.08,669.9273346758185,5,15,0,26,26,7,7,33.84615384615385,40,2.769230769230769,4,0,0,0,0,0,0,0,0,0,0.19230769230769232,0.5769230769230769,0.0,1.0,0.0,0.0
CUST002397,25,13808.72,552.3488,3145.27,700.7491056619338,7,11,0,25,25,5,6,33.6,40,2.72,4,0,0,0,0,0,0,0,0,0,0.28,0.44,0.0,1.0,0.0,0.0
CUST002398,30,15036.76,501.22533333333337,2911.36,660.3527356033671,7,20,0,30,30,9,7,34.5,40,2.9,4,0,0,0,0,0,0,0,0,0,0.23333333333333334,0.6666666666666666,0.0,1.0,0.0,0.0
CUST002399,29,16977.2,585.4206896551724,1940.4,576.4918299627437,6,14,0,29,29,6,6,33.44827586206897,40,2.689655172413793,4,0,0,0,0,0,0,0,0,0,0.20689655172413793,0.4827586206896552,0.0,1.0,0.0,0.0
CUST002400,23,12260.1,533.0478260869565,3118.57,664.1143171716237,3,15,0,23,23,7,5,48.91304347826087,55,3.782608695652174,5,0,0,1,0,0,0,0,0,0,0.13043478260869565,0.6521739130434783,0.0,1.0,0.0,0.0
CUST002401,23,21292.86,925.7765217391304,6243.37,1521.4033858687203,4,10,0,23,23,5,5,33.91304347826087,55,2.652173913043478,4,0,0,0,0,0,0,0,0,0,0.17391304347826086,0.43478260869565216,0.0,1.0,0.0,0.0
CUST002402,28,18694.68,667.6671428571428,4142.62,854.9219145016918,5,11,0,28,28,5,6,33.392857142857146,50,2.607142857142857,4,0,0,0,0,0,0,0,0,0,0.17857142857142858,0.39285714285714285,0.0,1.0,0.0,0.0
CUST002403,35,47094.63,1345.560857142857,8478.32,2075.05595075576,8,19,0,35,35,10,9,36.0,70,2.8857142857142857,5,0,0,0,1,0,0,0,0,0,0.22857142857142856,0.5428571428571428,0.0,1.0,0.02857142857142857,0.0
CUST002404,20,17901.63,895.0815,5059.8,1143.6584085582779,5,11,0,20,20,5,6,35.0,50,2.85,4,0,0,0,0,0,0,0,0,0,0.25,0.55,0.0,1.0,0.0,0.0
CUST002405,33,22831.85,691.8742424242424,3114.44,760.3494074767136,1,15,0,33,33,9,5,32.42424242424242,35,2.484848484848485,3,0,0,0,0,0,1,0,0,0,0.030303030303030304,0.45454545454545453,0.0,1.0,0.0,0.0
CUST002406,16,10821.28,676.33,3646.41,907.9570304663835,1,8,0,16,16,4,5,32.8125,35,2.5625,3,0,0,0,0,0,0,0,0,0,0.0625,0.5,0.0,1.0,0.0,0.0
CUST002407,22,16839.46,765.43,7626.5,1565.9307550220124,2,11,0,22,22,4,7,33.86363636363637,50,2.6363636363636362,4,0,0,0,0,0,0,0,0,0,0.09090909090909091,0.5,0.0,1.0,0.0,0.0
CUST002408,28,21531.47,768.9810714285715,4830.47,1004.6561110089851,11,14,0,28,28,5,8,34.464285714285715,40,2.892857142857143,4,0,0,0,0,0,0,0,0,0,0.39285714285714285,0.5,0.0,1.0,0.0,0.0
CUST002409,28,14282.05,510.07321428571424,3466.34,720.3846682415124,5,9,0,28,28,6,5,32.5,40,2.5,4,0,0,0,0,0,0,0,0,0,0.17857142857142858,0.32142857142857145,0.0,1.0,0.0,0.0
CUST002410,25,16935.54,677.4216,7741.32,1527.2779094429188,6,11,0,25,25,7,5,34.2,50,2.72,4,0,0,0,0,0,0,0,0,0,0.24,0.44,0.0,1.0,0.0,0.0
CUST002411,31,19016.6,613.4387096774193,3463.21,747.9758258559872,8,19,0,31,30,7,9,34.354838709677416,40,2.870967741935484,4,0,0,0,0,0,0,0,0,0,0.25806451612903225,0.6129032258064516,0.0,1.0,0.0,0.0
CUST002412,20,10889.16,544.458,2689.87,654.6581160511025,5,13,0,20,20,7,7,34.5,40,2.9,4,0,0,0,0,0,0,0,0,0,0.25,0.65,0.0,1.0,0.0,0.0
CUST002413,24,13637.66,568.2358333333333,2511.99,638.542372302232,1,11,0,24,24,8,5,32.5,35,2.5,3,0,0,0,0,0,0,0,0,0,0.041666666666666664,0.4583333333333333,0.0,1.0,0.0,0.0
CUST002414,21,9367.15,446.0547619047619,2747.52,628.1531236141316,7,9,0,21,21,8,6,48.80952380952381,55,3.761904761904762,5,0,0,1,0,0,0,0,0,0,0.3333333333333333,0.42857142857142855,0.0,1.0,0.0,0.0
CUST002415,29,25061.44,864.1875862068965,3914.85,1043.7590017358796,5,17,0,29,29,6,7,33.793103448275865,40,2.7586206896551726,4,0,0,0,0,0,0,0,0,0,0.1724137931034483,0.5862068965517241,0.0,1.0,0.0,0.0
CUST002416,25,29658.53,1186.3411999999998,4975.34,1435.0654435115496,5,16,0,25,25,7,8,49.2,55,3.84,5,0,0,1,0,0,0,0,0,0,0.2,0.64,0.0,1.0,0.0,0.0
CUST002417,20,17175.55,858.7774999999999,2839.19,807.3301185934771,6,10,0,20,20,6,7,34.0,40,2.8,4,0,0,0,0,0,0,0,0,0,0.3,0.5,0.0,1.0,0.0,0.0
CUST002418,20,17550.39,877.5195,6426.12,1451.8444727981278,1,6,0,20,20,4,4,32.75,50,2.4,4,0,0,0,0,0,0,0,0,0,0.05,0.3,0.0,1.0,0.0,0.0
CUST002419,29,14920.91,514.5141379310345,2667.14,546.9485489025012,3,16,0,29,29,9,7,33.275862068965516,40,2.6551724137931036,4,0,0,0,0,0,0,0,0,0,0.10344827586206896,0.5517241379310345,0.0,1.0,0.0,0.0
CUST002420,23,16842.03,732.2621739130434,2151.35,518.9398880844093,4,11,0,23,23,8,7,33.26086956521739,40,2.652173913043478,4,0,0,0,0,0,0,0,0,0,0.17391304347826086,0.4782608695652174,0.0,1.0,0.0,0.0
CUST002421,30,20061.600000000002,668.72,3733.96,836.9184347725105,7,19,0,30,30,7,8,34.333333333333336,40,2.8666666666666667,4,0,0,0,0,0,0,0,0,0,0.23333333333333334,0.6333333333333333,0.0,1.0,0.0,0.0
CUST002422,32,35379.57,1105.6115625,7981.32,1878.9412648275286,6,15,0,32,32,9,9,34.53125,55,2.71875,4,0,0,0,0,0,0,0,0,0,0.1875,0.46875,0.0,1.0,0.0,0.0
CUST002423,23,12162.66,528.8113043478261,2729.85,674.0994501778202,5,15,0,23,23,7,8,34.34782608695652,40,2.869565217391304,4,0,0,0,0,0,0,0,0,0,0.21739130434782608,0.6521739130434783,0.0,1.0,0.0,0.0
CUST002424,25,18450.46,738.0183999999999,3220.58,832.6142845964149,8,9,0,25,25,4,6,33.4,40,2.68,4,0,0,0,0,0,0,0,0,0,0.32,0.36,0.0,1.0,0.0,0.0
CUST002425,27,18518.91,685.8855555555556,3082.41,683.418966843199,7,11,0,27,27,6,7,33.333333333333336,40,2.6666666666666665,4,0,0,0,0,0,0,0,0,0,0.25925925925925924,0.4074074074074074,0.0,1.0,0.0,0.0
CUST002426,18,7538.23,418.79055555555556,1590.23,378.4371949365415,1,6,0,18,18,5,5,41.94444444444444,50,3.388888888888889,5,1,0,0,0,0,0,0,0,0,0.05555555555555555,0.3333333333333333,0.0,1.0,0.0,0.0
CUST002427,30,32147.32,1071.5773333333334,8940.01,1746.3178087048018,7,16,0,30,30,7,7,35.0,65,2.8333333333333335,4,0,0,0,1,0,0,0,0,0,0.23333333333333334,0.5333333333333333,0.0,1.0,0.03333333333333333,0.0
CUST002428,29,16614.79,572.9237931034484,4467.19,881.883885774465,6,14,0,29,28,7,6,33.44827586206897,40,2.689655172413793,4,0,0,0,0,0,0,0,0,0,0.20689655172413793,0.4827586206896552,0.0,1.0,0.0,0.0
CUST002429,20,12194.56,609.728,1691.16,473.1070652900551,6,12,0,20,20,8,5,34.5,40,2.9,4,0,0,0,0,0,0,0,0,0,0.3,0.6,0.0,1.0,0.0,0.0
CUST002430,20,16038.73,801.9365,2351.92,702.4085280269596,2,12,0,20,20,6,9,33.5,40,2.7,4,0,0,0,0,0,0,0,0,0,0.1,0.6,0.0,1.0,0.0,0.0
CUST002431,17,13704.95,806.1735294117648,7836.77,1831.7510209118936,2,7,0,17,17,6,5,33.8235294117647,50,2.588235294117647,3,0,0,0,0,0,0,0,0,0,0.11764705882352941,0.4117647058823529,0.0,1.0,0.0,0.0
CUST002432,23,14675.52,638.0660869565218,2193.7,665.9562051785464,5,14,0,23,23,6,10,34.130434782608695,40,2.8260869565217392,4,0,0,0,0,0,0,0,0,0,0.21739130434782608,0.6086956521739131,0.0,1.0,0.0,0.0
CUST002433,14,14682.060000000001,1048.7185714285715,4145.92,1209.2882111509116,1,9,0,14,14,6,6,48.57142857142857,50,3.7142857142857144,4,0,0,1,0,0,0,0,0,0,0.07142857142857142,0.6428571428571429,0.0,1.0,0.0,0.0
CUST002434,25,10733.83,429.3532,1587.91,368.125977279065,9,8,0,25,25,5,4,33.4,40,2.68,4,0,0,0,0,0,0,0,0,0,0.36,0.32,0.0,1.0,0.0,0.0
CUST002435,20,21751.26,1087.5629999999999,4960.53,1517.7783571741677,5,7,0,20,20,6,4,33.0,40,2.6,4,0,0,0,0,0,0,0,0,0,0.25,0.35,0.0,1.0,0.0,0.0
CUST002436,20,11565.4,578.27,2738.05,682.0251770858224,2,15,0,20,20,6,6,34.25,40,2.85,4,0,0,0,0,0,0,0,0,0,0.1,0.75,0.0,1.0,0.0,0.0
CUST002437,25,16110.22,644.4087999999999,2678.93,673.7426578964206,3,11,0,25,25,6,7,32.8,40,2.56,4,0,0,0,0,0,0,0,0,0,0.12,0.44,0.0,1.0,0.0,0.0
CUST002438,28,25687.06,917.3950000000001,6168.56,1394.0742435766124,6,13,0,28,27,8,6,49.107142857142854,65,3.7142857142857144,5,0,0,1,0,0,0,0,0,0,0.21428571428571427,0.4642857142857143,0.0,1.0,0.0,0.0
CUST002439,24,12787.369999999999,532.8070833333333,2450.41,537.5584186209474,3,15,0,24,24,4,7,33.75,40,2.75,4,0,0,0,0,0,0,0,0,0,0.125,0.625,0.0,1.0,0.0,0.0
CUST002440,19,8965.16,471.85052631578947,1312.87,398.0537296713387,3,10,0,19,18,6,7,33.421052631578945,40,2.6842105263157894,4,0,0,0,0,0,0,0,0,0,0.15789473684210525,0.5263157894736842,0.0,1.0,0.0,0.0
CUST002441,29,16834.21,580.49,1875.18,486.81211973555935,8,18,0,29,29,7,5,34.48275862068966,40,2.896551724137931,4,0,0,0,0,0,0,0,0,0,0.27586206896551724,0.6206896551724138,0.0,1.0,0.0,0.0
CUST002442,25,24624.260000000002,984.9704,6339.25,1434.5907599744255,4,11,0,25,25,7,6,48.8,70,3.64,5,0,0,1,0,0,0,0,0,0,0.16,0.44,0.0,1.0,0.0,0.0
CUST002443,30,21254.95,708.4983333333333,3827.12,853.2373505577341,6,12,0,30,29,6,5,33.0,40,2.6,4,0,0,0,0,0,0,0,0,0,0.2,0.4,0.0,1.0,0.0,0.0
CUST002444,21,10655.45,507.402380952381,2081.23,442.2132616272918,5,11,0,21,21,5,7,43.80952380952381,50,3.761904761904762,5,1,0,0,0,0,0,0,0,0,0.23809523809523808,0.5238095238095238,0.0,1.0,0.0,0.0
CUST002445,17,11692.22,687.7776470588235,3367.78,860.8307338156658,7,6,0,17,16,5,4,33.8235294117647,40,2.764705882352941,4,0,0,0,0,0,0,0,0,0,0.4117647058823529,0.35294117647058826,0.0,1.0,0.0,0.0
CUST002446,25,16131.75,645.27,3797.78,759.4605465778544,2,9,0,25,25,6,5,32.2,40,2.44,4,0,0,0,0,0,0,0,0,0,0.08,0.36,0.0,1.0,0.0,0.0
CUST002447,27,12034.09,445.707037037037,2228.42,534.5894561524242,7,12,0,27,27,7,8,33.51851851851852,40,2.7037037037037037,4,0,0,0,0,0,0,0,0,0,0.25925925925925924,0.4444444444444444,0.0,1.0,0.0,0.0
CUST002448,13,13467.87,1035.99,9031.77,2421.678763285915,3,8,0,13,13,6,4,35.38461538461539,50,2.923076923076923,4,0,0,0,1,0,0,0,0,0,0.23076923076923078,0.6153846153846154,0.0,1.0,0.07692307692307693,0.0
CUST002449,24,17323.969999999998,721.8320833333332,4739.19,1041.9630780656255,5,12,0,24,24,7,5,33.541666666666664,40,2.7083333333333335,4,0,0,0,0,0,0,0,0,0,0.20833333333333334,0.5,0.0,1.0,0.0,0.0
CUST002450,26,13979.58,537.6761538461539,3094.15,703.1273597582556,6,11,0,26,26,6,6,33.26923076923077,40,2.6538461538461537,4,0,0,0,0,0,0,0,0,0,0.23076923076923078,0.4230769230769231,0.0,1.0,0.0,0.0
CUST002451,27,24749.07,916.6322222222223,3365.38,944.1878187071001,4,11,0,27,27,6,7,47.77777777777778,55,3.5555555555555554,5,0,0,1,0,0,0,0,0,0,0.14814814814814814,0.4074074074074074,0.0,1.0,0.0,0.0
CUST002452,33,9232.24,279.76484848484847,1469.51,323.10407049356024,6,13,0,33,33,9,5,32.878787878787875,40,2.5757575757575757,4,0,0,0,0,0,0,0,0,0,0.18181818181818182,0.3939393939393939,0.0,1.0,0.0,0.0
CUST002453,32,24352.16,761.005,3097.66,763.7740551134975,6,15,0,32,32,6,6,33.28125,40,2.65625,4,0,0,0,0,0,1,0,0,0,0.1875,0.46875,0.0,1.0,0.0,0.0
CUST002454,23,23271.1,1011.7869565217391,4868.48,1357.32228919307,5,13,0,23,23,7,9,33.91304347826087,40,2.782608695652174,4,0,0,0,0,0,0,0,0,0,0.21739130434782608,0.5652173913043478,0.0,1.0,0.0,0.0
CUST002455,16,8350.5,521.90625,1384.11,454.7858899874386,2,9,0,16,16,7,5,33.4375,40,2.6875,4,0,0,0,0,0,0,0,0,0,0.125,0.5625,0.0,1.0,0.0,0.0
CUST002456,21,15726.140000000001,748.8638095238096,2774.09,804.5003711153662,4,13,0,21,21,5,8,34.04761904761905,40,2.8095238095238093,4,0,0,0,0,0,0,0,0,0,0.19047619047619047,0.6190476190476191,0.0,1.0,0.0,0.0
CUST002457,21,17518.559999999998,834.2171428571428,2955.72,899.4298989312222,4,13,0,21,21,9,6,34.04761904761905,40,2.8095238095238093,4,0,0,0,0,0,0,0,0,0,0.19047619047619047,0.6190476190476191,0.0,1.0,0.0,0.0
CUST002458,25,11853.5,474.14,1686.64,520.5607830983813,5,10,0,25,24,5,7,33.0,40,2.6,4,0,0,0,0,0,0,0,0,0,0.2,0.4,0.0,1.0,0.0,0.0
CUST002459,20,16918.02,845.9010000000001,5666.55,1403.4222181881726,4,11,0,20,20,4,6,34.75,50,2.8,4,0,0,0,0,0,0,0,0,0,0.2,0.55,0.0,1.0,0.0,0.0
CUST002460,28,18647.8,665.9928571428571,3888.12,937.437566007414,6,13,0,28,28,7,8,33.392857142857146,40,2.6785714285714284,4,0,0,0,0,0,0,0,0,0,0.21428571428571427,0.4642857142857143,0.0,1.0,0.0,0.0
CUST002461,35,34865.77,996.164857142857,4914.86,1164.9866813890833,5,20,0,35,35,8,8,33.57142857142857,40,2.7142857142857144,4,0,0,0,0,0,0,0,0,0,0.14285714285714285,0.5714285714285714,0.0,1.0,0.0,0.0
CUST002462,15,29605.81,1973.7206666666668,7196.39,2660.207427423838,1,9,0,15,15,6,6,40.333333333333336,70,3.066666666666667,5,0,0,0,0,0,0,0,0,0,0.06666666666666667,0.6,0.0,1.0,0.0,0.0
CUST002463,20,13162.46,658.1229999999999,2581.54,710.9186649540156,2,11,0,20,20,7,5,33.25,40,2.65,4,0,0,0,0,0,0,0,0,0,0.1,0.55,0.0,1.0,0.0,0.0
CUST002464,26,11330.54,435.79,1949.42,474.67395802171404,3,8,0,26,25,5,5,32.11538461538461,40,2.423076923076923,4,0,0,0,0,0,0,0,0,0,0.11538461538461539,0.3076923076923077,0.0,1.0,0.0,0.0
CUST002465,22,31079.06,1412.6845454545455,8050.22,2425.0899662363586,3,15,0,22,21,8,7,62.5,95,5.0,7,1,0,1,1,0,0,0,0,0,0.13636363636363635,0.6818181818181818,0.0,1.0,0.045454545454545456,0.0
CUST002466,21,36095.23,1718.8204761904763,12762.83,2972.7094887298967,4,11,0,21,21,8,6,36.19047619047619,70,2.857142857142857,5,0,0,0,0,0,0,0,0,0,0.19047619047619047,0.5238095238095238,0.0,1.0,0.0,0.0
CUST002467,18,9857.2,547.6222222222223,2846.36,660.5102146207133,6,8,0,18,18,5,6,33.888888888888886,40,2.7777777777777777,4,0,0,0,0,0,0,0,0,0,0.3333333333333333,0.4444444444444444,0.0,1.0,0.0,0.0
CUST002468,18,13286.04,738.1133333333333,2183.05,582.3830413456927,1,5,0,18,18,6,4,31.666666666666668,35,2.3333333333333335,3,0,0,0,0,0,0,0,0,0,0.05555555555555555,0.2777777777777778,0.0,1.0,0.0,0.0
CUST002469,32,26641.2,832.5375,4235.09,1005.2668335290629,7,23,0,32,31,8,10,34.6875,40,2.9375,4,0,0,0,0,0,0,0,0,0,0.21875,0.71875,0.0,1.0,0.0,0.0
CUST002470,18,14157.24,786.5133333333333,6351.29,1435.774173157423,2,9,0,18,18,6,5,34.166666666666664,55,2.6666666666666665,4,0,0,0,0,0,0,0,0,0,0.1111111111111111,0.5,0.0,1.0,0.0,0.0
CUST002471,17,13601.99,800.1170588235294,4557.3,1081.3597588901941,4,9,0,17,17,5,4,33.8235294117647,40,2.764705882352941,4,0,0,0,0,0,0,0,0,0,0.23529411764705882,0.5294117647058824,0.0,1.0,0.0,0.0
CUST002472,42,20810.12,495.4790476190476,2268.45,567.1265045731109,4,18,0,42,42,7,9,32.61904761904762,40,2.5238095238095237,4,0,0,0,0,0,0,0,0,0,0.09523809523809523,0.42857142857142855,0.0,1.0,0.0,0.0
CUST002473,23,13361.75,580.945652173913,2380.99,616.4547485776012,4,10,0,23,23,6,5,33.04347826086956,40,2.608695652173913,4,0,0,0,0,0,0,0,0,0,0.17391304347826086,0.43478260869565216,0.0,1.0,0.0,0.0
CUST002474,20,15295.65,764.7825,3751.7,982.5849708315039,2,9,0,20,20,7,4,32.75,35,2.55,3,0,0,0,0,0,0,0,0,0,0.1,0.45,0.0,1.0,0.0,0.0
CUST002475,25,13687.27,547.4908,3107.66,609.4382928492432,7,9,0,25,25,6,7,33.2,40,2.64,4,0,0,0,0,0,0,0,0,0,0.28,0.36,0.0,1.0,0.0,0.0
CUST002476,16,13968.42,873.02625,4709.4,1150.0102455710266,3,8,0,16,16,5,7,43.4375,50,3.6875,5,1,0,0,0,0,0,0,0,0,0.1875,0.5,0.0,1.0,0.0,0.0
CUST002477,13,5070.75,390.0576923076923,1199.09,397.0214926624218,3,7,0,13,13,5,4,33.84615384615385,40,2.769230769230769,4,0,0,0,0,0,0,0,0,0,0.23076923076923078,0.5384615384615384,0.0,1.0,0.0,0.0
CUST002478,25,12618.93,504.7572,4137.99,861.0879478965354,7,13,0,25,25,5,6,34.0,40,2.8,4,0,0,0,0,0,0,0,0,0,0.28,0.52,0.0,1.0,0.0,0.0
CUST002479,31,22638.670000000002,730.2796774193549,3763.34,963.1833809767963,8,15,0,31,31,5,9,33.70967741935484,40,2.7419354838709675,4,0,0,0,0,0,0,0,0,0,0.25806451612903225,0.4838709677419355,0.0,1.0,0.0,0.0
CUST002480,27,33814.92,1252.4044444444444,13660.96,2675.5528899697797,3,14,0,27,27,4,7,33.888888888888886,50,2.6666666666666665,4,0,0,0,0,0,0,0,0,0,0.1111111111111111,0.5185185185185185,0.0,1.0,0.0,0.0
CUST002481,23,14212.59,617.9386956521739,2145.67,606.562233937401,0,9,0,23,23,4,5,31.956521739130434,35,2.391304347826087,3,0,0,0,0,0,0,0,0,0,0.0,0.391304347826087,0.0,1.0,0.0,0.0
CUST002482,23,20228.45,879.4978260869566,3884.91,1076.7930009943943,3,9,0,23,23,5,3,32.608695652173914,40,2.5217391304347827,4,0,0,0,0,0,0,0,0,0,0.13043478260869565,0.391304347826087,0.0,1.0,0.0,0.0
CUST002483,18,8629.56,479.41999999999996,1207.15,424.9751029247271,4,11,0,18,18,3,8,34.166666666666664,40,2.8333333333333335,4,0,0,0,0,0,0,0,0,0,0.2222222222222222,0.6111111111111112,0.0,1.0,0.0,0.0
CUST002484,37,31086.2,840.1675675675676,6328.79,1367.7283861681126,7,17,0,37,37,6,9,34.32432432432432,60,2.7027027027027026,5,0,0,0,0,0,0,0,0,0,0.1891891891891892,0.4594594594594595,0.0,1.0,0.0,0.0
CUST002485,26,10977.7,422.2192307692308,1432.49,344.35399804181833,4,12,0,26,26,4,6,33.07692307692308,35,2.6153846153846154,3,0,0,0,0,0,0,0,0,0,0.15384615384615385,0.46153846153846156,0.0,1.0,0.0,0.0
CUST002486,18,18255.04,1014.1688888888889,6800.22,1590.7801538197941,1,8,0,18,17,4,5,33.611111111111114,50,2.5555555555555554,3,0,0,0,0,0,0,0,0,0,0.05555555555555555,0.4444444444444444,0.0,1.0,0.0,0.0
CUST002487,24,14832.41,618.0170833333333,2886.59,653.5159475881158,6,9,0,24,24,6,5,43.125,50,3.625,5,1,0,0,0,0,0,0,0,0,0.25,0.375,0.0,1.0,0.0,0.0
CUST002488,24,19287.829999999998,803.6595833333332,3384.67,853.9254634384165,4,12,0,24,24,6,8,33.333333333333336,40,2.6666666666666665,4,0,0,0,0,0,0,0,0,0,0.16666666666666666,0.5,0.0,1.0,0.0,0.0
CUST002489,27,27192.25,1007.1203703703703,17439.02,3305.516923594997,5,18,0,27,27,7,8,35.55555555555556,65,2.925925925925926,4,0,0,0,0,0,0,0,0,0,0.18518518518518517,0.6666666666666666,0.0,1.0,0.0,0.0
CUST002490,15,7914.8,527.6533333333333,1130.8,393.94274501808127,4,8,0,15,15,5,3,34.0,40,2.8,4,0,0,0,0,0,0,0,0,0,0.26666666666666666,0.5333333333333333,0.0,1.0,0.0,0.0
CUST002491,28,18033.72,644.0614285714286,3677.75,928.3011218497547,6,16,0,28,28,7,8,33.92857142857143,40,2.7857142857142856,4,0,0,0,0,0,0,0,0,0,0.21428571428571427,0.5714285714285714,0.0,1.0,0.0,0.0
CUST002492,29,24627.19,849.213448275862,3085.13,737.766503631428,2,9,0,29,29,5,3,31.896551724137932,35,2.3793103448275863,3,0,0,0,0,0,0,0,0,0,0.06896551724137931,0.3103448275862069,0.0,1.0,0.0,0.0
CUST002493,15,10896.92,726.4613333333333,6442.58,1594.4346147498118,5,9,0,15,15,5,5,36.0,55,3.0,4,0,0,0,0,0,0,0,0,0,0.3333333333333333,0.6,0.0,1.0,0.0,0.0
CUST002494,18,13976.96,776.4977777777777,2135.91,653.8586886958118,3,9,0,18,18,6,6,33.333333333333336,40,2.6666666666666665,4,0,0,0,0,0,0,0,0,0,0.16666666666666666,0.5,0.0,1.0,0.0,0.0
CUST002495,26,13190.31,507.31961538461536,1960.78,531.9649759183833,5,11,0,26,26,8,8,33.07692307692308,40,2.6153846153846154,4,0,0,0,0,0,0,0,0,0,0.19230769230769232,0.4230769230769231,0.0,1.0,0.0,0.0
CUST002496,26,13492.1,518.9269230769231,2539.19,605.8787827925269,3,14,0,26,26,7,7,33.26923076923077,40,2.6538461538461537,4,0,0,0,0,0,0,0,0,0,0.11538461538461539,0.5384615384615384,0.0,1.0,0.0,0.0
CUST002497,22,11090.41,504.10954545454547,2904.24,641.0401179443211,2,13,0,22,22,8,6,33.40909090909091,35,2.6818181818181817,3,0,0,0,0,0,0,0,0,0,0.09090909090909091,0.5909090909090909,0.0,1.0,0.0,0.0
CUST002498,29,28815.7,993.6448275862069,12207.17,2245.237201377015,4,17,0,29,29,6,7,34.310344827586206,55,2.7586206896551726,4,0,0,0,0,0,0,0,0,0,0.13793103448275862,0.5862068965517241,0.0,1.0,0.0,0.0
CUST002499,27,16967.780000000002,628.4362962962964,3083.58,705.2351240442828,6,17,0,27,27,10,7,34.25925925925926,40,2.8518518518518516,4,0,0,0,0,0,0,0,0,0,0.2222222222222222,0.6296296296296297,0.0,1.0,0.0,0.0
CUST002500,25,24880.43,995.2172,6825.69,1435.9608070745987,6,14,0,25,25,8,5,36.0,65,2.92,4,0,0,0,0,0,0,0,0,0,0.24,0.56,0.0,1.0,0.0,0.0
CUST002501,18,10904.54,605.8077777777778,2771.51,711.2029966898717,3,10,0,18,18,7,4,33.611111111111114,40,2.7222222222222223,4,0,0,0,0,0,0,0,0,0,0.16666666666666666,0.5555555555555556,0.0,1.0,0.0,0.0
CUST002502,21,13980.130000000001,665.7204761904762,3489.29,927.6014823429088,2,10,0,21,21,5,5,32.857142857142854,40,2.5714285714285716,4,0,0,0,0,0,0,0,0,0,0.09523809523809523,0.47619047619047616,0.0,1.0,0.0,0.0
CUST002503,18,15902.15,883.4527777777778,2724.47,869.625105607925,3,7,0,18,18,7,3,32.77777777777778,40,2.5555555555555554,4,0,0,0,0,0,0,0,0,0,0.16666666666666666,0.3888888888888889,0.0,1.0,0.0,0.0
CUST002504,28,26306.829999999998,939.5296428571428,7827.87,1556.6454873136472,8,11,0,28,28,7,8,34.107142857142854,50,2.7142857142857144,4,0,0,0,0,0,0,0,0,0,0.2857142857142857,0.39285714285714285,0.0,1.0,0.0,0.0
CUST002505,27,23168.3,858.0851851851852,5286.21,1232.0145311998006,4,10,0,27,27,6,5,33.333333333333336,50,2.5555555555555554,4,0,0,0,0,0,0,0,0,0,0.14814814814814814,0.37037037037037035,0.0,1.0,0.0,0.0
CUST002506,29,14409.68,496.8855172413793,2619.66,522.7504217091023,8,17,0,29,29,8,6,34.310344827586206,40,2.8620689655172415,4,0,0,0,0,0,0,0,0,0,0.27586206896551724,0.5862068965517241,0.0,1.0,0.0,0.0
CUST002507,26,22907.68,881.0646153846154,4767.92,1129.1709187088757,2,16,0,26,26,6,8,33.46153846153846,40,2.6923076923076925,4,0,0,0,0,0,0,0,0,0,0.07692307692307693,0.6153846153846154,0.0,1.0,0.0,0.0
CUST002508,26,20998.11,807.6196153846154,4534.6,1185.0039839274154,3,13,0,26,26,5,8,33.07692307692308,40,2.6153846153846154,4,0,0,0,0,0,0,0,0,0,0.11538461538461539,0.5,0.0,1.0,0.0,0.0
CUST002509,21,21637.77,1030.3700000000001,6704.96,1686.8988867445494,4,11,0,21,21,7,6,34.523809523809526,60,2.761904761904762,5,0,0,0,0,0,0,0,0,0,0.19047619047619047,0.5238095238095238,0.0,1.0,0.0,0.0
CUST002510,30,28011.25,933.7083333333334,6882.36,1413.061556364915,11,11,0,30,30,7,4,34.333333333333336,50,2.7666666666666666,4,0,0,0,0,0,0,0,0,0,0.36666666666666664,0.36666666666666664,0.0,1.0,0.0,0.0
CUST002511,20,21992.9,1099.645,6063.17,1661.139400001349,5,8,0,20,20,5,4,34.25,55,2.7,4,0,0,0,0,0,0,0,0,0,0.25,0.4,0.0,1.0,0.0,0.0
CUST002512,14,7502.15,535.8678571428571,2048.81,561.3017700938058,5,9,0,14,14,6,6,35.0,40,3.0,4,0,0,0,0,0,0,0,0,0,0.35714285714285715,0.6428571428571429,0.0,1.0,0.0,0.0
CUST002513,28,16538.63,590.6653571428571,2048.21,618.0118251983961,4,13,0,28,28,5,9,33.035714285714285,40,2.607142857142857,4,0,0,0,0,0,0,0,0,0,0.14285714285714285,0.4642857142857143,0.0,1.0,0.0,0.0
CUST002514,22,14515.13,659.7786363636363,2790.01,748.2926597534611,4,14,0,22,22,8,7,34.09090909090909,40,2.8181818181818183,4,0,0,0,0,0,0,0,0,0,0.18181818181818182,0.6363636363636364,0.0,1.0,0.0,0.0
CUST002515,20,23598.38,1179.919,10876.97,2385.91904305878,6,8,0,20,20,5,6,34.5,50,2.75,4,0,0,0,0,0,0,0,0,0,0.3,0.4,0.0,1.0,0.0,0.0
CUST002516,21,17955.85,855.0404761904762,6899.86,1587.523483856148,1,14,0,21,21,7,5,35.23809523809524,70,2.8095238095238093,5,0,0,0,0,0,0,0,0,0,0.047619047619047616,0.6666666666666666,0.0,1.0,0.0,0.0
CUST002517,23,14219.24,618.2278260869565,3922.48,849.495082114057,3,15,0,23,23,6,8,33.91304347826087,40,2.782608695652174,4,0,0,0,0,0,0,0,0,0,0.13043478260869565,0.6521739130434783,0.0,1.0,0.0,0.0
CUST002518,25,19098.28,763.9312,4461.41,993.3856077421965,2,10,0,25,25,6,4,32.4,35,2.48,3,0,0,0,0,0,0,0,0,0,0.08,0.4,0.0,1.0,0.0,0.0
CUST002519,29,26624.98,918.1027586206897,4245.21,1055.34200426719,4,12,0,29,29,8,6,32.758620689655174,40,2.5517241379310347,4,0,0,0,0,0,0,0,0,0,0.13793103448275862,0.41379310344827586,0.0,1.0,0.0,0.0
CUST002520,27,18412.27,681.935925925926,2430.3,758.7054857820922,4,15,0,27,27,6,8,33.51851851851852,40,2.7037037037037037,4,0,0,0,0,0,0,0,0,0,0.14814814814814814,0.5555555555555556,0.0,1.0,0.0,0.0
CUST002521,21,15012.69,714.89,2572.16,725.0281354747551,3,9,0,21,20,5,5,32.857142857142854,40,2.5714285714285716,4,0,0,0,0,0,0,0,0,0,0.14285714285714285,0.42857142857142855,0.0,1.0,0.0,0.0
CUST002522,22,11279.86,512.7209090909091,3589.87,772.0261410939837,4,14,0,22,22,9,7,34.09090909090909,40,2.8181818181818183,4,0,0,0,0,0,0,0,0,0,0.18181818181818182,0.6363636363636364,0.0,1.0,0.0,0.0
CUST002523,19,10778.9,567.3105263157895,1959.3,621.0524521011239,5,10,0,19,18,4,5,33.94736842105263,40,2.789473684210526,4,0,0,0,0,0,0,0,0,0,0.2631578947368421,0.5263157894736842,0.0,1.0,0.0,0.0
CUST002524,36,31587.399999999998,877.4277777777777,5473.07,1146.193905914231,9,21,0,36,35,10,9,34.72222222222222,55,2.861111111111111,4,0,0,0,0,0,0,0,0,0,0.25,0.5833333333333334,0.0,1.0,0.0,0.0
CUST002525,20,11960.48,598.024,2538.51,683.1269489279272,4,8,0,20,20,6,3,43.0,50,3.6,5,1,0,0,0,0,0,0,0,0,0.2,0.4,0.0,1.0,0.0,0.0
CUST002526,29,15373.68,530.1268965517241,3526.36,834.9690589267511,5,15,0,29,29,8,8,33.44827586206897,40,2.689655172413793,4,0,0,0,0,0,0,0,0,0,0.1724137931034483,0.5172413793103449,0.0,1.0,0.0,0.0
CUST002527,30,19441.09,648.0363333333333,5658.96,1086.681143191898,9,15,0,30,30,8,6,34.666666666666664,55,2.8333333333333335,4,0,0,0,0,0,0,0,0,0,0.3,0.5,0.0,1.0,0.0,0.0
CUST002528,32,19900.32,621.885,1910.58,549.464999495844,5,16,0,32,32,5,9,33.28125,40,2.65625,4,0,0,0,0,0,0,0,0,0,0.15625,0.5,0.0,1.0,0.0,0.0
CUST002529,16,8754.83,547.176875,3398.68,811.8448837942606,1,7,0,16,16,5,3,32.5,40,2.5,4,0,0,0,0,0,0,0,0,0,0.0625,0.4375,0.0,1.0,0.0,0.0
CUST002530,30,14209.01,473.63366666666667,1994.63,475.2978509385264,5,13,0,30,30,7,9,33.0,40,2.6,4,0,0,0,0,0,0,0,0,0,0.16666666666666666,0.43333333333333335,0.0,1.0,0.0,0.0
CUST002531,21,12368.39,588.9709523809523,5153.84,1121.18919328945,4,10,0,21,21,6,4,34.285714285714285,55,2.7142857142857144,4,0,0,0,0,0,0,0,0,0,0.19047619047619047,0.47619047619047616,0.0,1.0,0.0,0.0
CUST002532,27,21409.18,792.9325925925926,4255.29,1054.2609575964818,3,14,0,27,27,7,7,33.148148148148145,40,2.6296296296296298,4,0,0,0,0,0,0,0,0,0,0.1111111111111111,0.5185185185185185,0.0,1.0,0.0,0.0
CUST002533,26,15026.17,577.9296153846154,3501.68,739.2762181890109,5,14,0,26,26,6,6,33.65384615384615,40,2.730769230769231,4,0,0,0,0,0,0,0,0,0,0.19230769230769232,0.5384615384615384,0.0,1.0,0.0,0.0
CUST002534,24,13744.57,572.6904166666667,2999.91,701.9401057595527,7,12,0,24,24,8,7,33.958333333333336,40,2.7916666666666665,4,0,0,0,0,0,0,0,0,0,0.2916666666666667,0.5,0.0,1.0,0.0,0.0
CUST002535,24,16465.32,686.055,3882.54,927.5124813598259,6,12,0,24,24,5,8,33.75,40,2.75,4,0,0,0,0,0,0,0,0,0,0.25,0.5,0.0,1.0,0.0,0.0
CUST002536,18,12430.93,690.6072222222223,3135.22,919.9476168770223,3,7,0,18,18,5,4,32.77777777777778,40,2.5555555555555554,4,0,0,0,0,0,0,0,0,0,0.16666666666666666,0.3888888888888889,0.0,1.0,0.0,0.0
CUST002537,30,16117.179999999998,537.2393333333333,2392.99,627.1101919721942,1,13,0,30,30,8,3,32.333333333333336,35,2.466666666666667,3,0,0,0,0,0,0,0,0,0,0.03333333333333333,0.43333333333333335,0.0,1.0,0.0,0.0
CUST002538,24,12160.27,506.6779166666667,1651.06,441.3253325173595,2,11,0,24,23,8,8,32.708333333333336,35,2.5416666666666665,3,0,0,0,0,0,0,0,0,0,0.08333333333333333,0.4583333333333333,0.0,1.0,0.0,0.0
CUST002539,26,12241.32,470.82,1877.73,519.062946163565,4,13,0,26,26,8,6,33.26923076923077,40,2.6538461538461537,4,0,0,0,0,0,0,0,0,0,0.15384615384615385,0.5,0.0,1.0,0.0,0.0
CUST002540,33,44488.71,1348.1427272727271,6170.37,1733.6612076042147,7,17,0,33,33,7,6,45.45454545454545,60,3.8181818181818183,5,1,0,0,0,1,0,1,0,0,0.21212121212121213,0.5151515151515151,0.0,1.0,0.0,0.030303030303030304
CUST002541,28,33117.98,1182.785,6664.43,1649.2313122729274,4,14,0,28,28,8,6,33.92857142857143,50,2.6785714285714284,4,0,0,0,0,0,0,0,0,0,0.14285714285714285,0.5,0.0,1.0,0.0,0.0
CUST002542,22,27007.3,1227.6045454545454,6139.03,1866.198554698644,3,9,0,22,22,6,4,34.54545454545455,55,2.6363636363636362,4,0,0,0,0,0,0,0,0,0,0.13636363636363635,0.4090909090909091,0.0,1.0,0.0,0.0
CUST002543,19,10173.119999999999,535.4273684210526,3513.45,834.5154620486343,2,4,0,0,19,2,5,11.578947368421053,20,1.3157894736842106,3,0,0,0,0,0,0,0,0,0,0.10526315789473684,0.21052631578947367,0.0,0.0,0.0,0.0
CUST002544,28,15747.640000000001,562.4157142857143,2415.8,661.8739568238753,7,15,0,28,28,8,5,33.92857142857143,40,2.7857142857142856,4,0,0,0,0,0,0,0,0,0,0.25,0.5357142857142857,0.0,1.0,0.0,0.0
CUST002545,28,15143.189999999999,540.8282142857142,3612.84,767.0111731672231,2,14,0,28,28,7,7,32.857142857142854,40,2.5714285714285716,4,0,0,0,0,0,0,0,0,0,0.07142857142857142,0.5,0.0,1.0,0.0,0.0
CUST002546,24,21220.63,884.1929166666667,3315.18,987.5694306223836,5,9,0,24,24,3,7,32.916666666666664,40,2.5833333333333335,4,0,0,0,0,0,0,0,0,0,0.20833333333333334,0.375,0.0,1.0,0.0,0.0
CUST002547,25,20847.34,833.8936,6041.34,1288.6948898914488,3,17,0,25,25,8,4,34.8,50,2.84,4,0,0,0,0,0,0,0,0,0,0.12,0.68,0.0,1.0,0.0,0.0
CUST002548,22,14518.69,659.9404545454546,2658.57,680.1879404601368,2,13,0,22,22,7,6,33.40909090909091,40,2.6818181818181817,4,0,0,0,0,0,0,0,0,0,0.09090909090909091,0.5909090909090909,0.0,1.0,0.0,0.0
CUST002549,23,19918.81,866.0352173913044,7210.83,1558.7309830052884,0,12,0,23,23,6,5,33.47826086956522,50,2.5652173913043477,3,0,0,0,0,0,0,0,0,0,0.0,0.5217391304347826,0.0,1.0,0.0,0.0
CUST002550,30,14966.14,498.8713333333333,3379.96,628.0109006616726,4,15,0,30,30,7,8,33.166666666666664,40,2.6333333333333333,4,0,0,0,0,0,0,0,0,0,0.13333333333333333,0.5,0.0,1.0,0.0,0.0
CUST002551,34,25540.71,751.1973529411764,5989.62,1118.5232387754218,4,15,0,34,34,8,7,33.38235294117647,50,2.588235294117647,4,0,0,0,0,0,0,0,0,0,0.11764705882352941,0.4411764705882353,0.0,1.0,0.0,0.0
CUST002552,28,9931.14,354.6835714285714,2106.56,423.0556591891399,3,14,0,28,28,7,9,33.035714285714285,40,2.607142857142857,4,0,0,0,0,0,0,0,0,0,0.10714285714285714,0.5,0.0,1.0,0.0,0.0
CUST002553,30,22362.81,745.427,6058.41,1168.8561915029698,10,17,0,30,30,7,8,35.166666666666664,55,2.933333333333333,4,0,0,0,0,0,0,0,0,0,0.3333333333333333,0.5666666666666667,0.0,1.0,0.0,0.0
CUST002554,27,22355.56,827.9837037037038,5583.84,1303.1157309580644,3,15,0,27,26,8,6,34.629629629629626,65,2.740740740740741,4,0,0,0,0,0,0,0,0,0,0.1111111111111111,0.5555555555555556,0.0,1.0,0.0,0.0
CUST002555,21,11844.27,564.0128571428571,2996.39,789.2633368346895,3,15,0,21,21,7,7,34.285714285714285,40,2.857142857142857,4,0,0,0,0,0,0,0,0,0,0.14285714285714285,0.7142857142857143,0.0,1.0,0.0,0.0
CUST002556,25,13344.6,533.784,2738.8,612.877744415638,2,12,0,25,25,6,9,32.8,40,2.56,4,0,0,0,0,0,0,0,0,0,0.08,0.48,0.0,1.0,0.0,0.0
CUST002557,22,13236.4,601.6545454545454,3521.29,735.6575674911028,4,9,0,22,22,6,4,32.95454545454545,40,2.590909090909091,4,0,0,0,0,0,0,0,0,0,0.18181818181818182,0.4090909090909091,0.0,1.0,0.0,0.0
CUST002558,14,8681.68,620.12,2508.9,670.8301431005525,3,4,0,14,14,4,3,32.5,35,2.5,3,0,0,0,0,0,0,0,0,0,0.21428571428571427,0.2857142857142857,0.0,1.0,0.0,0.0
CUST002559,27,17336.13,642.078888888889,3807.55,782.8551003530079,5,10,0,27,27,8,4,32.77777777777778,40,2.5555555555555554,4,0,0,0,0,0,0,0,0,0,0.18518518518518517,0.37037037037037035,0.0,1.0,0.0,0.0
CUST002560,25,16558.14,662.3256,3690.67,946.5848136198188,3,10,0,25,25,6,5,32.6,40,2.52,4,0,0,0,0,0,0,0,0,0,0.12,0.4,0.0,1.0,0.0,0.0
CUST002561,25,25768.52,1030.7408,7541.4,1678.4094979620834,2,15,0,25,25,9,7,49.2,70,3.72,5,0,0,1,0,0,0,0,0,0,0.08,0.6,0.0,1.0,0.0,0.0
CUST002562,25,16107.59,644.3036,4080.58,942.9640206015284,5,15,0,25,25,7,8,34.0,40,2.8,4,0,0,0,0,0,0,0,0,0,0.2,0.6,0.0,1.0,0.0,0.0
CUST002563,21,5671.9,270.0904761904762,768.01,218.6308076295788,3,11,0,21,21,8,6,33.333333333333336,40,2.6666666666666665,4,0,0,0,0,0,0,0,0,0,0.14285714285714285,0.5238095238095238,0.0,1.0,0.0,0.0
CUST002564,15,25036.300000000003,1669.0866666666668,12286.32,3646.41028520549,1,7,0,15,15,5,4,37.333333333333336,65,2.8,4,0,0,0,1,0,0,0,0,0,0.06666666666666667,0.4666666666666667,0.0,1.0,0.06666666666666667,0.0
CUST002565,28,17381.61,620.7717857142858,2466.16,556.7581458437404,6,12,0,28,28,6,5,33.214285714285715,40,2.642857142857143,4,0,0,0,0,0,0,0,0,0,0.21428571428571427,0.42857142857142855,0.0,1.0,0.0,0.0
CUST002566,20,13515.15,675.7574999999999,3483.42,879.521039716474,5,12,0,20,20,6,9,34.25,40,2.85,4,0,0,0,0,0,0,0,0,0,0.25,0.6,0.0,1.0,0.0,0.0
CUST002567,15,10378.17,691.878,4310.75,1064.0397905368552,3,7,0,15,15,3,6,33.333333333333336,40,2.6666666666666665,4,0,0,0,0,0,0,0,0,0,0.2,0.4666666666666667,0.0,1.0,0.0,0.0
CUST002568,18,20062.57,1114.5872222222222,8731.11,2010.9720834895204,7,9,0,18,18,6,6,36.388888888888886,75,3.0,6,0,0,0,1,0,0,0,0,0,0.3888888888888889,0.5,0.0,1.0,0.05555555555555555,0.0
CUST002569,23,13590.800000000001,590.904347826087,2391.8,633.3124403830021,3,13,0,23,23,7,6,33.47826086956522,40,2.6956521739130435,4,0,0,0,0,0,0,0,0,0,0.13043478260869565,0.5652173913043478,0.0,1.0,0.0,0.0
CUST002570,23,12774.84,555.4278260869565,1908.24,430.34001196682226,4,12,0,23,23,5,8,33.47826086956522,40,2.6956521739130435,4,0,0,0,0,0,0,0,0,0,0.17391304347826086,0.5217391304347826,0.0,1.0,0.0,0.0
CUST002571,25,25771.12,1030.8447999999999,8545.29,1748.1484240693064,7,13,0,25,24,5,10,35.4,65,2.88,4,0,0,0,1,0,0,0,0,0,0.28,0.52,0.0,1.0,0.04,0.0
CUST002572,28,20666.3,738.0821428571428,4529.17,1135.048161736719,5,15,0,28,28,9,7,33.57142857142857,40,2.7142857142857144,4,0,0,0,0,0,0,0,0,0,0.17857142857142858,0.5357142857142857,0.0,1.0,0.0,0.0
CUST002573,31,13289.42,428.6909677419355,4172.94,771.2101389822569,3,13,0,31,31,6,7,32.58064516129032,40,2.5161290322580645,4,0,0,0,0,0,0,0,0,0,0.0967741935483871,0.41935483870967744,0.0,1.0,0.0,0.0
CUST002574,17,13448.460000000001,791.0858823529412,3388.72,951.4362449874061,3,5,0,17,17,3,4,32.35294117647059,40,2.4705882352941178,4,0,0,0,0,0,0,0,0,0,0.17647058823529413,0.29411764705882354,0.0,1.0,0.0,0.0
CUST002575,15,2285.4300000000003,152.36200000000002,666.08,157.33089721076044,4,6,0,15,15,4,4,33.333333333333336,40,2.6666666666666665,4,0,0,0,0,0,0,0,0,0,0.26666666666666666,0.4,0.0,1.0,0.0,0.0
CUST002576,20,13294.42,664.721,2707.95,829.4517880656255,3,7,0,20,20,6,3,32.5,35,2.5,3,0,0,0,0,0,0,0,0,0,0.15,0.35,0.0,1.0,0.0,0.0
CUST002577,20,9912.16,495.608,2001.69,580.6792418194403,2,13,0,20,20,5,7,33.75,40,2.75,4,0,0,0,0,0,0,0,0,0,0.1,0.65,0.0,1.0,0.0,0.0
CUST002578,21,13520.39,643.8280952380952,7606.88,1615.4461481944206,0,8,0,21,21,6,5,32.857142857142854,50,2.4285714285714284,3,0,0,0,0,0,0,0,0,0,0.0,0.38095238095238093,0.0,1.0,0.0,0.0
CUST002579,17,51463.24999999999,3027.2499999999995,41764.88,10004.947230954667,2,10,0,17,17,6,4,36.1764705882353,75,2.8823529411764706,5,0,0,0,0,0,0,0,0,0,0.11764705882352941,0.5882352941176471,0.0,1.0,0.0,0.0
CUST002580,30,15001.55,500.0516666666666,2170.13,523.555163698208,4,18,0,30,30,8,7,33.666666666666664,40,2.7333333333333334,4,0,0,0,0,0,0,0,0,0,0.13333333333333333,0.6,0.0,1.0,0.0,0.0
CUST002581,25,14652.98,586.1192,5826.31,1160.7922583122559,5,11,0,25,25,5,6,34.0,50,2.68,4,0,0,0,0,0,0,0,0,0,0.2,0.44,0.0,1.0,0.0,0.0
CUST002582,24,24493.17,1020.5487499999999,11271.28,2239.7220859804916,5,9,0,24,24,6,6,34.375,70,2.6666666666666665,5,0,0,0,0,0,0,0,0,0,0.20833333333333334,0.375,0.0,1.0,0.0,0.0
CUST002583,22,14801.7,672.8045454545455,4944.6,1032.86975191282,3,13,0,22,22,6,5,48.63636363636363,55,3.727272727272727,5,0,0,1,0,0,0,0,0,0,0.13636363636363635,0.5909090909090909,0.0,1.0,0.0,0.0
CUST002584,18,15272.53,848.473888888889,4107.31,1019.3262910439419,3,8,0,18,18,6,7,33.05555555555556,40,2.611111111111111,4,0,0,0,0,0,0,0,0,0,0.16666666666666666,0.4444444444444444,0.0,1.0,0.0,0.0
CUST002585,19,11055.51,581.8689473684211,3042.8,729.4566976782921,5,11,0,19,19,8,5,35.0,50,2.8947368421052633,4,0,0,0,0,0,0,0,0,0,0.2631578947368421,0.5789473684210527,0.0,1.0,0.0,0.0
CUST002586,24,23756.54,989.8558333333334,6843.51,1468.0663377557055,3,10,0,24,24,7,4,33.541666666666664,55,2.5833333333333335,4,0,0,0,0,0,0,0,0,0,0.125,0.4166666666666667,0.0,1.0,0.0,0.0
CUST002587,24,21596.99,899.8745833333334,5843.46,1451.3163679674578,3,16,0,24,24,8,6,34.791666666666664,55,2.8333333333333335,4,0,0,0,0,0,0,0,0,0,0.125,0.6666666666666666,0.0,1.0,0.0,0.0
CUST002588,23,10219.8,444.3391304347826,1432.16,335.7779932405697,3,8,0,23,23,4,5,32.391304347826086,40,2.4782608695652173,4,0,0,0,0,0,0,0,0,0,0.13043478260869565,0.34782608695652173,0.0,1.0,0.0,0.0
CUST002589,23,13734.87,597.1682608695653,2004.39,521.2622051124138,6,11,0,23,23,7,3,48.69565217391305,55,3.739130434782609,5,0,0,1,0,0,0,0,0,0,0.2608695652173913,0.4782608695652174,0.0,1.0,0.0,0.0
CUST002590,18,6107.96,339.3311111111111,1224.81,342.1211017941022,3,10,0,18,18,7,5,33.611111111111114,40,2.7222222222222223,4,0,0,0,0,0,0,0,0,0,0.16666666666666666,0.5555555555555556,0.0,1.0,0.0,0.0
CUST002591,22,11971.9,544.1772727272727,2757.48,662.43910016718,4,10,0,22,22,5,5,33.18181818181818,40,2.6363636363636362,4,0,0,0,0,0,0,0,0,0,0.18181818181818182,0.45454545454545453,0.0,1.0,0.0,0.0
CUST002592,29,13316.06,459.1744827586207,4091.1,787.360930888688,6,18,0,29,29,9,7,49.13793103448276,55,3.8275862068965516,5,0,0,1,0,0,0,0,0,0,0.20689655172413793,0.6206896551724138,0.0,1.0,0.0,0.0
CUST002593,30,19162.75,638.7583333333333,3907.66,865.9499608824395,7,10,0,30,30,3,9,32.833333333333336,40,2.566666666666667,4,0,0,0,0,0,0,0,0,0,0.23333333333333334,0.3333333333333333,0.0,1.0,0.0,0.0
CUST002594,28,24813.93,886.2117857142857,4667.73,1094.070265165321,6,13,0,28,27,7,4,33.392857142857146,35,2.6785714285714284,3,0,0,0,0,0,1,0,0,0,0.21428571428571427,0.4642857142857143,0.0,1.0,0.0,0.0
CUST002595,22,10329.03,469.5013636363637,1923.18,439.44516076195396,6,9,0,22,22,4,5,33.40909090909091,40,2.6818181818181817,4,0,0,0,0,0,0,0,0,0,0.2727272727272727,0.4090909090909091,0.0,1.0,0.0,0.0
CUST002596,26,33857.93,1302.228076923077,5342.51,1572.663229706905,9,11,0,26,26,7,6,35.38461538461539,60,2.8461538461538463,5,0,0,0,0,0,0,0,0,0,0.34615384615384615,0.4230769230769231,0.0,1.0,0.0,0.0
CUST002597,16,9939.89,621.243125,1900.04,567.0996060272392,3,12,0,16,16,6,7,49.6875,55,3.9375,5,0,0,1,0,0,0,0,0,0,0.1875,0.75,0.0,1.0,0.0,0.0
CUST002598,24,19009.67,792.0695833333333,4661.2,1132.6103456731737,5,13,0,24,24,6,7,33.75,40,2.75,4,0,0,0,0,0,0,0,0,0,0.20833333333333334,0.5416666666666666,0.0,1.0,0.0,0.0
CUST002599,26,22982.36,883.9369230769231,7395.81,1497.1995622889267,4,18,0,26,26,7,8,45.0,60,3.8846153846153846,5,1,0,0,0,0,0,0,0,0,0.15384615384615385,0.6923076923076923,0.0,1.0,0.0,0.0
CUST002600,30,11380.39,379.3463333333333,1628.18,393.31840521287,7,15,0,30,30,6,7,33.666666666666664,40,2.7333333333333334,4,0,0,0,0,0,0,0,0,0,0.23333333333333334,0.5,0.0,1.0,0.0,0.0
CUST002601,28,18709.12,668.1828571428571,3500.61,777.3599711314317,5,13,0,28,28,7,6,33.214285714285715,40,2.642857142857143,4,0,0,0,0,0,0,0,0,0,0.17857142857142858,0.4642857142857143,0.0,1.0,0.0,0.0
CUST002602,22,11411.12,518.6872727272728,1593.4,507.10770187108153,2,8,0,22,22,6,5,32.27272727272727,40,2.4545454545454546,4,0,0,0,0,0,0,0,0,0,0.09090909090909091,0.36363636363636365,0.0,1.0,0.0,0.0
CUST002603,24,11923.52,496.81333333333333,1641.26,420.1047387587246,6,13,0,24,24,8,5,33.958333333333336,40,2.7916666666666665,4,0,0,0,0,0,0,0,0,0,0.25,0.5416666666666666,0.0,1.0,0.0,0.0
CUST002604,28,13827.35,493.8339285714286,2847.93,583.6819414292868,8,16,0,28,28,7,7,34.285714285714285,40,2.857142857142857,4,0,0,0,0,0,0,0,0,0,0.2857142857142857,0.5714285714285714,0.0,1.0,0.0,0.0
CUST002605,26,32254.41,1240.5542307692308,14354.48,2861.6964311431398,3,16,0,26,26,6,7,35.0,70,2.8076923076923075,5,0,0,0,0,0,0,0,0,0,0.11538461538461539,0.6153846153846154,0.0,1.0,0.0,0.0
CUST002606,25,20605.62,824.2248,5152.34,1202.5987655979307,6,12,0,25,25,4,6,34.4,55,2.76,4,0,0,0,0,0,0,0,0,0,0.24,0.48,0.0,1.0,0.0,0.0
CUST002607,19,7730.25,406.85526315789474,2058.19,479.2716748285699,3,9,0,19,19,5,7,33.1578947368421,40,2.6315789473684212,4,0,0,0,0,0,0,0,0,0,0.15789473684210525,0.47368421052631576,0.0,1.0,0.0,0.0
CUST002608,28,23662.8,845.1,6739.87,1305.5369428053843,6,12,0,28,28,9,3,33.92857142857143,50,2.6785714285714284,4,0,0,0,0,0,0,0,0,0,0.21428571428571427,0.42857142857142855,0.0,1.0,0.0,0.0
CUST002609,15,7999.27,533.2846666666667,1577.47,445.9474677240849,1,5,0,0,15,2,5,12.0,20,1.4,3,0,0,0,0,0,0,0,0,0,0.06666666666666667,0.3333333333333333,0.0,0.0,0.0,0.0
CUST002610,23,15526.25,675.054347826087,3224.32,661.6558552864038,5,12,0,23,23,7,7,33.69565217391305,40,2.739130434782609,4,0,0,0,0,0,0,0,0,0,0.21739130434782608,0.5217391304347826,0.0,1.0,0.0,0.0
CUST002611,30,23760.62,792.0206666666667,4048.21,1063.8880976122064,4,12,0,30,30,7,6,32.666666666666664,40,2.533333333333333,4,0,0,0,0,0,0,0,0,0,0.13333333333333333,0.4,0.0,1.0,0.0,0.0
CUST002612,24,21553.5,898.0625,3988.63,1280.5059103992417,6,11,0,24,24,6,5,33.541666666666664,40,2.7083333333333335,4,0,0,0,0,0,0,0,0,0,0.25,0.4583333333333333,0.0,1.0,0.0,0.0
CUST002613,17,4147.27,243.95705882352945,687.86,214.21224444942177,5,14,0,17,17,6,10,35.588235294117645,40,3.1176470588235294,4,0,0,0,0,0,0,0,0,0,0.29411764705882354,0.8235294117647058,0.0,1.0,0.0,0.0
CUST002614,18,17444.34,969.13,7699.46,1724.0459728447945,4,8,0,18,18,6,5,34.44444444444444,50,2.7222222222222223,4,0,0,0,0,0,0,0,0,0,0.2222222222222222,0.4444444444444444,0.0,1.0,0.0,0.0
CUST002615,25,18796.14,751.8456,7589.18,1520.709344689401,5,15,0,25,25,7,8,34.8,55,2.84,4,0,0,0,0,0,0,0,0,0,0.2,0.6,0.0,1.0,0.0,0.0
CUST002616,24,11590.69,482.9454166666667,1737.06,440.77057042903914,5,13,0,24,24,5,7,33.75,40,2.75,4,0,0,0,0,0,0,0,0,0,0.20833333333333334,0.5416666666666666,0.0,1.0,0.0,0.0
CUST002617,20,12599.06,629.953,3079.02,861.1111362108353,5,11,0,20,20,7,6,44.0,50,3.8,5,1,0,0,0,0,0,0,0,0,0.25,0.55,0.0,1.0,0.0,0.0
CUST002618,31,17953.94,579.1593548387096,3653.97,845.4867529060226,8,17,0,31,31,7,9,34.03225806451613,40,2.806451612903226,4,0,0,0,0,0,0,0,0,0,0.25806451612903225,0.5483870967741935,0.0,1.0,0.0,0.0
CUST002619,24,21831.01,909.6254166666666,11097.41,2210.8205805478046,5,11,0,24,24,6,6,44.166666666666664,65,3.7083333333333335,5,1,0,0,0,0,0,0,0,0,0.20833333333333334,0.4583333333333333,0.0,1.0,0.0,0.0
CUST002620,25,12711.630000000001,508.46520000000004,3807.26,804.9421120445039,3,10,0,25,25,7,6,47.6,55,3.52,5,0,0,1,0,0,0,0,0,0,0.12,0.4,0.0,1.0,0.0,0.0
CUST002621,26,24340.670000000002,936.1796153846154,7135.93,1581.8800017383894,0,10,0,26,26,6,6,32.69230769230769,55,2.423076923076923,4,0,0,0,0,0,0,0,0,0,0.0,0.38461538461538464,0.0,1.0,0.0,0.0
CUST002622,25,15389.4,615.576,2933.21,790.963747099069,6,9,0,25,25,7,6,33.0,40,2.6,4,0,0,0,0,0,0,0,0,0,0.24,0.36,0.0,1.0,0.0,0.0
CUST002623,20,11046.68,552.3340000000001,2702.56,646.9704915047477,4,12,0,20,20,8,5,34.0,40,2.8,4,0,0,0,0,0,0,0,0,0,0.2,0.6,0.0,1.0,0.0,0.0
CUST002624,14,16212.01,1158.0007142857144,4517.32,1442.9755488064573,2,9,0,14,14,6,5,48.92857142857143,55,3.7857142857142856,5,0,0,1,0,0,0,0,0,0,0.14285714285714285,0.6428571428571429,0.0,1.0,0.0,0.0
CUST002625,23,16270.31,707.4047826086957,2904.42,814.4980274314502,6,14,0,23,23,6,8,34.34782608695652,40,2.869565217391304,4,0,0,0,0,0,0,0,0,0,0.2608695652173913,0.6086956521739131,0.0,1.0,0.0,0.0
CUST002626,26,18274.93,702.881923076923,4025.2,820.0283438126719,6,13,0,26,26,7,5,33.65384615384615,40,2.730769230769231,4,0,0,0,0,0,0,0,0,0,0.23076923076923078,0.5,0.0,1.0,0.0,0.0
CUST002627,19,8906.58,468.76736842105265,2228.43,531.0787924471608,5,9,0,19,19,5,6,33.68421052631579,40,2.736842105263158,4,0,0,0,0,0,0,0,0,0,0.2631578947368421,0.47368421052631576,0.0,1.0,0.0,0.0
CUST002628,24,10600.06,441.6691666666666,3177.49,770.5513560116868,1,12,0,24,24,8,7,33.958333333333336,50,2.625,4,0,0,0,0,0,0,0,0,0,0.041666666666666664,0.5,0.0,1.0,0.0,0.0
CUST002629,28,19967.11,713.1110714285714,5836.57,1084.9727409729542,5,13,0,28,28,6,7,43.92857142857143,65,3.6785714285714284,5,1,0,0,0,0,0,0,0,0,0.17857142857142858,0.4642857142857143,0.0,1.0,0.0,0.0
CUST002630,19,18115.01,953.4215789473683,6221.67,1500.3446211612081,4,8,0,19,19,6,3,34.21052631578947,50,2.6842105263157894,4,0,0,0,0,0,0,0,0,0,0.21052631578947367,0.42105263157894735,0.0,1.0,0.0,0.0
CUST002631,26,16140.1,620.7730769230769,2790.03,744.0557659518229,8,16,0,26,26,8,5,34.61538461538461,40,2.923076923076923,4,0,0,0,0,0,0,0,0,0,0.3076923076923077,0.6153846153846154,0.0,1.0,0.0,0.0
CUST002632,26,16132.83,620.4934615384616,5739.68,1104.3820426172904,5,10,0,26,26,7,6,33.65384615384615,50,2.6153846153846154,4,0,0,0,0,0,0,0,0,0,0.19230769230769232,0.38461538461538464,0.0,1.0,0.0,0.0
CUST002633,19,8938.51,470.4478947368421,3180.34,710.023039216013,2,11,0,19,19,6,6,43.421052631578945,50,3.6842105263157894,5,1,0,0,0,0,0,0,0,0,0.10526315789473684,0.5789473684210527,0.0,1.0,0.0,0.0
CUST002634,28,13863.17,495.11321428571426,3641.98,691.4976402415673,9,13,0,28,28,5,7,33.92857142857143,40,2.7857142857142856,4,0,0,0,0,0,0,0,0,0,0.32142857142857145,0.4642857142857143,0.0,1.0,0.0,0.0
CUST002635,18,15437.880000000001,857.6600000000001,6136.64,1815.008869814658,5,8,0,18,18,6,3,46.666666666666664,80,3.888888888888889,6,1,0,0,0,0,0,0,0,0,0.2777777777777778,0.4444444444444444,0.0,1.0,0.0,0.0
CUST002636,23,15264.48,663.6730434782609,2321.63,577.355358631334,4,11,0,23,23,5,8,33.26086956521739,40,2.652173913043478,4,0,0,0,0,0,0,0,0,0,0.17391304347826086,0.4782608695652174,0.0,1.0,0.0,0.0
CUST002637,18,21041.8,1168.9888888888888,4958.74,1519.8593047263942,7,6,0,18,18,4,4,48.611111111111114,55,3.7222222222222223,5,0,0,1,0,0,0,0,0,0,0.3888888888888889,0.3333333333333333,0.0,1.0,0.0,0.0
CUST002638,28,14006.79,500.2425,2131.56,503.3133550753668,2,14,0,28,28,4,8,32.857142857142854,40,2.5714285714285716,4,0,0,0,0,0,0,0,0,0,0.07142857142857142,0.5,0.0,1.0,0.0,0.0
CUST002639,30,28101.79,936.7263333333334,5435.08,1164.0610438149156,9,14,0,30,30,8,9,34.5,50,2.8,4,0,0,0,0,0,0,0,0,0,0.3,0.4666666666666667,0.0,1.0,0.0,0.0
CUST002640,25,19979.91,799.1964,3756.98,1016.2477618830621,3,11,0,25,25,6,6,32.8,40,2.56,4,0,0,0,0,0,0,0,0,0,0.12,0.44,0.0,1.0,0.0,0.0
CUST002641,24,12013.67,500.56958333333336,1818.07,494.8502488498671,2,15,0,24,24,7,7,33.541666666666664,35,2.7083333333333335,3,0,0,0,0,0,0,0,0,0,0.08333333333333333,0.625,0.0,1.0,0.0,0.0
CUST002642,21,23587.71,1123.2242857142858,6640.15,1714.409752592919,3,11,0,21,21,5,6,34.285714285714285,55,2.7142857142857144,4,0,0,0,0,0,0,0,0,0,0.14285714285714285,0.5238095238095238,0.0,1.0,0.0,0.0
CUST002643,18,13547.47,752.6372222222221,3802.89,1166.699561824902,5,11,0,18,18,6,8,34.44444444444444,40,2.888888888888889,4,0,0,0,0,0,0,0,0,0,0.2777777777777778,0.6111111111111112,0.0,1.0,0.0,0.0
CUST002644,26,16230.0,624.2307692307693,5113.7,1035.6183035111846,5,12,0,26,26,7,4,34.03846153846154,55,2.6923076923076925,4,0,0,0,0,0,0,0,0,0,0.19230769230769232,0.46153846153846156,0.0,1.0,0.0,0.0
CUST002645,16,13201.75,825.109375,5120.1,1243.6007837966265,2,8,0,16,16,7,4,34.375,55,2.6875,4,0,0,0,0,0,0,0,0,0,0.125,0.5,0.0,1.0,0.0,0.0
CUST002646,35,35320.92,1009.1691428571428,16077.51,2677.3982706619054,5,23,0,35,35,9,9,34.57142857142857,55,2.8285714285714287,4,0,0,0,0,0,0,0,0,0,0.14285714285714285,0.6571428571428571,0.0,1.0,0.0,0.0
CUST002647,20,19703.6,985.18,5001.15,1190.2449028224135,2,12,0,20,20,7,5,34.5,55,2.75,4,0,0,0,0,0,0,0,0,0,0.1,0.6,0.0,1.0,0.0,0.0
CUST002648,29,21373.15,737.0051724137932,6869.64,1291.6288143398647,4,17,0,29,29,6,8,34.310344827586206,55,2.7586206896551726,4,0,0,0,0,0,0,0,0,0,0.13793103448275862,0.5862068965517241,0.0,1.0,0.0,0.0
CUST002649,20,11441.64,572.082,3849.55,872.6154645516759,3,9,0,20,20,5,6,33.0,40,2.6,4,0,0,0,0,0,0,0,0,0,0.15,0.45,0.0,1.0,0.0,0.0
CUST002650,26,15274.28,587.4723076923077,2435.01,615.5916120046321,9,11,0,26,26,5,7,33.84615384615385,40,2.769230769230769,4,0,0,0,0,0,0,0,0,0,0.34615384615384615,0.4230769230769231,0.0,1.0,0.0,0.0
CUST002651,26,14801.07,569.271923076923,3234.24,818.4060386337296,7,11,0,26,26,6,8,33.46153846153846,40,2.6923076923076925,4,0,0,0,0,0,0,0,0,0,0.2692307692307692,0.4230769230769231,0.0,1.0,0.0,0.0
CUST002652,28,23677.46,845.6235714285714,5872.78,1283.1058781295003,5,14,0,28,28,8,6,34.107142857142854,50,2.7142857142857144,4,0,0,0,0,0,0,0,0,0,0.17857142857142858,0.5,0.0,1.0,0.0,0.0
CUST002653,20,5590.66,279.533,761.75,192.366653913548,5,8,0,20,20,4,6,33.25,40,2.65,4,0,0,0,0,0,0,0,0,0,0.25,0.4,0.0,1.0,0.0,0.0
CUST002654,30,35677.81,1189.2603333333332,9692.35,1878.8819532379712,5,11,0,30,30,5,7,34.333333333333336,80,2.6333333333333333,5,0,0,0,1,0,0,0,0,0,0.16666666666666666,0.36666666666666664,0.0,1.0,0.03333333333333333,0.0
CUST002655,28,20665.65,738.0589285714286,6612.3,1240.0145071921368,5,13,0,28,28,9,4,34.464285714285715,65,2.7142857142857144,4,0,0,0,0,0,0,0,0,0,0.17857142857142858,0.4642857142857143,0.0,1.0,0.0,0.0
CUST002656,19,14384.3,757.0684210526315,5983.36,1332.905123352176,1,7,0,19,19,6,3,33.1578947368421,55,2.473684210526316,4,0,0,0,0,0,0,0,0,0,0.05263157894736842,0.3684210526315789,0.0,1.0,0.0,0.0
CUST002657,21,14327.869999999999,682.2795238095238,2843.49,791.5941812221473,3,13,0,21,21,6,6,33.80952380952381,40,2.761904761904762,4,0,0,0,0,0,0,0,0,0,0.14285714285714285,0.6190476190476191,0.0,1.0,0.0,0.0
CUST002658,18,14474.77,804.1538888888889,4892.25,1278.1197075812252,2,8,0,18,18,5,4,32.77777777777778,40,2.5555555555555554,4,0,0,0,0,0,0,0,0,0,0.1111111111111111,0.4444444444444444,0.0,1.0,0.0,0.0
CUST002659,18,11717.28,650.96,2560.88,723.9065134394081,2,10,0,18,18,4,8,33.333333333333336,35,2.6666666666666665,3,0,0,0,0,0,0,0,0,0,0.1111111111111111,0.5555555555555556,0.0,1.0,0.0,0.0
CUST002660,20,34028.259999999995,1701.4129999999998,11982.23,3025.0266706368407,5,7,0,20,20,6,3,45.0,65,3.7,5,1,0,0,0,0,0,0,0,0,0.25,0.35,0.0,1.0,0.0,0.0
CUST002661,22,25202.16,1145.5527272727272,10895.87,2315.905184361854,4,6,0,22,22,4,4,33.18181818181818,50,2.5,3,0,0,0,0,0,0,0,0,0,0.18181818181818182,0.2727272727272727,0.0,1.0,0.0,0.0
CUST002662,31,26565.96,856.9664516129031,8294.82,1504.7496129844958,6,15,0,31,31,9,7,34.516129032258064,70,2.7419354838709675,5,0,0,0,1,0,0,0,0,0,0.1935483870967742,0.4838709677419355,0.0,1.0,0.03225806451612903,0.0
CUST002663,17,18815.47,1106.7923529411764,9052.72,2156.242546437927,5,9,0,17,17,7,6,36.1764705882353,65,2.9411764705882355,4,0,0,0,1,0,0,0,0,0,0.29411764705882354,0.5294117647058824,0.0,1.0,0.058823529411764705,0.0
CUST002664,25,22990.760000000002,919.6304000000001,6308.8,1589.6365609353395,6,13,0,25,25,6,5,36.4,75,2.92,6,0,0,0,0,0,0,0,0,0,0.24,0.52,0.0,1.0,0.0,0.0
CUST002665,33,42563.020000000004,1289.788484848485,7616.06,1985.271963759187,3,21,0,33,32,7,9,35.45454545454545,55,2.8181818181818183,4,0,0,0,0,0,0,0,0,0,0.09090909090909091,0.6363636363636364,0.0,1.0,0.0,0.0
CUST002666,22,19412.88,882.4036363636365,9519.38,1987.1317415227152,4,11,0,22,22,6,6,35.0,70,2.772727272727273,5,0,0,0,1,0,0,0,0,0,0.18181818181818182,0.5,0.0,1.0,0.045454545454545456,0.0
CUST002667,36,33050.2,918.061111111111,4270.56,1013.0208079481256,7,13,0,36,36,9,7,32.77777777777778,40,2.5555555555555554,4,0,0,0,0,0,0,0,0,0,0.19444444444444445,0.3611111111111111,0.0,1.0,0.0,0.0
CUST002668,19,6720.98,353.7357894736842,1450.52,424.8327807936224,2,11,0,19,19,5,5,33.421052631578945,40,2.6842105263157894,4,0,0,0,0,0,0,0,0,0,0.10526315789473684,0.5789473684210527,0.0,1.0,0.0,0.0
CUST002669,28,24511.0,875.3928571428571,5117.18,1305.2447702842935,4,12,0,28,28,8,6,33.57142857142857,50,2.607142857142857,4,0,0,0,0,0,0,0,0,0,0.14285714285714285,0.42857142857142855,0.0,1.0,0.0,0.0
CUST002670,15,8203.220000000001,546.8813333333334,1559.17,484.2604023201134,1,6,0,15,15,4,5,32.333333333333336,35,2.466666666666667,3,0,0,0,0,0,0,0,0,0,0.06666666666666667,0.4,0.0,1.0,0.0,0.0
CUST002671,25,24134.7,965.388,8117.6,1699.6967031453974,2,14,0,25,25,7,6,34.6,65,2.72,4,0,0,0,1,0,0,0,0,0,0.08,0.56,0.0,1.0,0.04,0.0
CUST002672,18,9578.56,532.1422222222222,1678.72,474.525326015446,1,10,0,18,17,7,4,33.05555555555556,40,2.611111111111111,4,0,0,0,0,0,0,0,0,0,0.05555555555555555,0.5555555555555556,0.0,1.0,0.0,0.0
CUST002673,31,18710.05,603.55,3835.97,795.0872640660268,9,16,0,31,31,8,7,34.03225806451613,40,2.806451612903226,4,0,0,0,0,0,0,0,0,0,0.2903225806451613,0.5161290322580645,0.0,1.0,0.0,0.0
CUST002674,24,17587.44,732.81,5868.29,1218.076791792844,3,15,0,24,24,5,7,45.208333333333336,80,3.8333333333333335,6,1,0,0,0,0,0,0,0,0,0.125,0.625,0.0,1.0,0.0,0.0
CUST002675,15,10946.41,729.7606666666667,2592.84,876.5724671735171,2,8,0,15,15,4,5,33.333333333333336,40,2.6666666666666665,4,0,0,0,0,0,0,0,0,0,0.13333333333333333,0.5333333333333333,0.0,1.0,0.0,0.0
CUST002676,25,11080.14,443.2056,1663.4,421.6850912517538,3,9,0,25,25,6,5,32.4,40,2.48,4,0,0,0,0,0,0,0,0,0,0.12,0.36,0.0,1.0,0.0,0.0
CUST002677,18,10513.81,584.1005555555555,1965.8,669.0854395496291,4,8,0,18,18,6,4,33.333333333333336,40,2.6666666666666665,4,0,0,0,0,0,0,0,0,0,0.2222222222222222,0.4444444444444444,0.0,1.0,0.0,0.0
CUST002678,22,15044.26,683.83,2929.74,694.9191919243286,2,11,0,22,22,5,7,32.95454545454545,35,2.590909090909091,3,0,0,0,0,0,0,0,0,0,0.09090909090909091,0.5,0.0,1.0,0.0,0.0
CUST002679,24,24039.83,1001.6595833333334,6195.24,1593.8674320261807,3,10,0,24,24,4,5,34.375,55,2.625,4,0,0,0,0,0,0,0,0,0,0.125,0.4166666666666667,0.0,1.0,0.0,0.0
CUST002680,21,12857.96,612.2838095238095,4477.8,988.2541206566061,3,6,0,21,21,4,3,32.142857142857146,40,2.4285714285714284,4,0,0,0,0,0,0,0,0,0,0.14285714285714285,0.2857142857142857,0.0,1.0,0.0,0.0
CUST002681,23,14456.42,628.54,2028.07,520.4187668249833,7,11,0,23,23,6,5,33.91304347826087,40,2.782608695652174,4,0,0,0,0,0,0,0,0,0,0.30434782608695654,0.4782608695652174,0.0,1.0,0.0,0.0
CUST002682,30,14576.539999999999,485.88466666666665,2286.49,512.6655529998516,6,15,0,30,30,8,8,33.5,40,2.7,4,0,0,0,0,0,0,0,0,0,0.2,0.5,0.0,1.0,0.0,0.0
CUST002683,24,14805.0,616.875,3993.2,860.774133410052,4,9,0,24,24,7,5,47.708333333333336,50,3.5416666666666665,4,0,0,1,0,0,0,0,0,0,0.16666666666666666,0.375,0.0,1.0,0.0,0.0
CUST002684,29,20547.78,708.5441379310345,3947.97,805.434698153369,4,10,0,29,29,7,5,32.41379310344828,40,2.4827586206896552,4,0,0,0,0,0,0,0,0,0,0.13793103448275862,0.3448275862068966,0.0,1.0,0.0,0.0
CUST002685,20,19136.88,956.844,3839.59,1208.726250560351,4,11,0,20,20,5,9,33.75,40,2.75,4,0,0,0,0,0,0,0,0,0,0.2,0.55,0.0,1.0,0.0,0.0
CUST002686,33,24358.9,738.1484848484849,4664.3,1041.7220584989348,4,20,0,33,33,7,7,33.63636363636363,40,2.727272727272727,4,0,0,0,0,0,0,0,0,0,0.12121212121212122,0.6060606060606061,0.0,1.0,0.0,0.0
CUST002687,24,19528.05,813.6687499999999,4351.15,1106.343132919999,3,5,0,24,24,4,3,31.666666666666668,40,2.3333333333333335,4,0,0,0,0,0,0,0,0,0,0.125,0.20833333333333334,0.0,1.0,0.0,0.0
CUST002688,25,17557.71,702.3084,3122.75,823.715145710174,8,16,0,25,25,6,8,44.8,50,3.96,5,1,0,0,0,0,0,0,0,0,0.32,0.64,0.0,1.0,0.0,0.0
CUST002689,26,10839.55,416.9057692307692,2607.2,524.0177376476722,10,11,0,26,26,7,6,34.03846153846154,40,2.8076923076923075,4,0,0,0,0,0,0,0,0,0,0.38461538461538464,0.4230769230769231,0.0,1.0,0.0,0.0
CUST002690,29,34949.3,1205.148275862069,13646.41,2696.0496488183126,6,17,0,29,29,9,8,35.3448275862069,55,2.8620689655172415,4,0,0,0,0,0,0,0,0,0,0.20689655172413793,0.5862068965517241,0.0,1.0,0.0,0.0
CUST002691,30,20154.11,671.8036666666667,4049.18,962.9611768787707,6,12,0,30,29,5,6,33.0,40,2.6,4,0,0,0,0,0,0,0,0,0,0.2,0.4,0.0,1.0,0.0,0.0
CUST002692,30,21292.29,709.743,5025.45,1019.9822608976403,3,14,0,30,30,5,8,33.5,50,2.6,4,0,0,0,0,0,0,0,0,0,0.1,0.4666666666666667,0.0,1.0,0.0,0.0
CUST002693,22,9149.32,415.8781818181818,2183.97,555.2699372174666,4,8,0,22,22,4,6,32.72727272727273,40,2.5454545454545454,4,0,0,0,0,0,0,0,0,0,0.18181818181818182,0.36363636363636365,0.0,1.0,0.0,0.0
CUST002694,27,45579.49,1688.1292592592592,33794.53,6431.537795339777,7,9,0,27,27,4,7,34.629629629629626,75,2.7037037037037037,5,0,0,0,0,0,0,0,0,0,0.25925925925925924,0.3333333333333333,0.0,1.0,0.0,0.0
CUST002695,21,11631.74,553.8923809523809,3392.97,830.1740194616111,4,12,0,21,21,5,6,33.80952380952381,40,2.761904761904762,4,0,0,0,0,0,0,0,0,0,0.19047619047619047,0.5714285714285714,0.0,1.0,0.0,0.0
CUST002696,20,11261.01,563.0505,2719.17,677.6253080269983,0,6,0,20,20,4,3,31.5,35,2.3,3,0,0,0,0,0,0,0,0,0,0.0,0.3,0.0,1.0,0.0,0.0
CUST002697,30,25024.96,834.1653333333333,4131.94,1144.0295340313955,3,13,0,30,30,5,9,32.666666666666664,35,2.533333333333333,3,0,0,0,0,0,0,0,0,0,0.1,0.43333333333333335,0.0,1.0,0.0,0.0
CUST002698,23,16282.09,707.9169565217392,7314.19,1516.673390214838,10,11,0,23,23,7,4,45.43478260869565,70,3.9565217391304346,6,1,0,0,0,0,0,0,0,0,0.43478260869565216,0.4782608695652174,0.0,1.0,0.0,0.0
CUST002699,26,33422.020000000004,1285.4623076923078,13803.86,2796.166956163109,4,15,0,26,26,6,7,35.76923076923077,65,2.8461538461538463,4,0,0,0,0,0,0,0,0,0,0.15384615384615385,0.5769230769230769,0.0,1.0,0.0,0.0
CUST002700,18,14740.08,818.8933333333333,4799.3,1137.673374965716,4,9,0,18,18,5,5,33.611111111111114,40,2.7222222222222223,4,0,0,0,0,0,0,0,0,0,0.2222222222222222,0.5,0.0,1.0,0.0,0.0
CUST002701,18,18404.72,1022.4844444444445,8364.39,1993.555809712361,6,8,0,18,18,6,3,35.833333333333336,75,2.888888888888889,6,0,0,0,1,0,0,0,0,0,0.3333333333333333,0.4444444444444444,0.0,1.0,0.05555555555555555,0.0
CUST002702,26,11177.710000000001,429.91192307692313,1619.58,394.9255885152972,3,11,0,26,26,6,6,32.69230769230769,35,2.5384615384615383,3,0,0,0,0,0,0,0,0,0,0.11538461538461539,0.4230769230769231,0.0,1.0,0.0,0.0
CUST002703,24,13540.58,564.1908333333333,2251.68,523.5673057676926,5,12,0,24,24,6,9,33.541666666666664,40,2.7083333333333335,4,0,0,0,0,0,0,0,0,0,0.20833333333333334,0.5,0.0,1.0,0.0,0.0
CUST002704,18,16440.43,913.3572222222223,3642.25,1165.5248903280371,1,10,0,18,18,8,3,33.05555555555556,40,2.611111111111111,4,0,0,0,0,0,0,0,0,0,0.05555555555555555,0.5555555555555556,0.0,1.0,0.0,0.0
CUST002705,31,54082.149999999994,1744.5854838709677,34780.84,6181.412805382945,8,11,0,31,31,6,5,34.03225806451613,60,2.6774193548387095,4,0,0,0,0,0,0,0,0,0,0.25806451612903225,0.3548387096774194,0.0,1.0,0.0,0.0
CUST002706,17,16317.0,959.8235294117648,9514.06,2245.1077038778703,2,9,0,17,17,5,6,35.294117647058826,75,2.764705882352941,6,0,0,0,1,0,0,0,0,0,0.11764705882352941,0.5294117647058824,0.0,1.0,0.058823529411764705,0.0
CUST002707,21,32266.83,1536.5157142857145,6079.42,2000.6714589646433,6,9,0,21,21,3,6,36.42857142857143,55,2.857142857142857,4,0,0,0,0,0,0,0,0,0,0.2857142857142857,0.42857142857142855,0.0,1.0,0.0,0.0
CUST002708,19,15387.69,809.8784210526316,3005.67,794.3424003277678,2,7,0,19,19,4,3,32.36842105263158,40,2.473684210526316,4,0,0,0,0,0,0,0,0,0,0.10526315789473684,0.3684210526315789,0.0,1.0,0.0,0.0
CUST002709,21,24082.1,1146.7666666666667,8236.08,2034.4492379224735,5,11,0,21,21,6,8,37.857142857142854,80,3.0,5,0,0,0,1,0,0,0,0,0,0.23809523809523808,0.5238095238095238,0.0,1.0,0.047619047619047616,0.0
CUST002710,18,8694.77,483.0427777777778,2019.72,593.2624753385059,0,11,0,18,18,7,6,33.05555555555556,35,2.611111111111111,3,0,0,0,0,0,0,0,0,0,0.0,0.6111111111111112,0.0,1.0,0.0,0.0
CUST002711,11,13372.560000000001,1215.6872727272728,6142.21,1804.3605518803104,2,8,0,11,11,5,4,34.54545454545455,40,2.909090909090909,4,0,0,0,0,0,0,0,0,0,0.18181818181818182,0.7272727272727273,0.0,1.0,0.0,0.0
CUST002712,27,20712.34,767.1237037037037,4121.54,967.1226204219963,5,14,0,27,27,8,8,33.51851851851852,40,2.7037037037037037,4,0,0,0,0,0,0,0,0,0,0.18518518518518517,0.5185185185185185,0.0,1.0,0.0,0.0
CUST002713,25,18938.09,757.5236,4653.17,1081.6508242222474,4,11,0,25,25,5,6,33.0,40,2.6,4,0,0,0,0,0,0,0,0,0,0.16,0.44,0.0,1.0,0.0,0.0
CUST002714,22,16179.09,735.4131818181818,2954.72,873.7798958568911,0,7,0,22,22,7,4,31.59090909090909,35,2.3181818181818183,3,0,0,0,0,0,0,0,0,0,0.0,0.3181818181818182,0.0,1.0,0.0,0.0
CUST002715,26,27552.3,1059.7038461538461,5674.39,1390.7514072186354,5,11,0,26,26,7,7,33.84615384615385,50,2.6538461538461537,4,0,0,0,0,0,0,0,0,0,0.19230769230769232,0.4230769230769231,0.0,1.0,0.0,0.0
CUST002716,21,13593.02,647.2866666666666,5699.16,1245.391971992486,1,10,0,21,21,8,4,33.57142857142857,50,2.5714285714285716,3,0,0,0,0,0,0,0,0,0,0.047619047619047616,0.47619047619047616,0.0,1.0,0.0,0.0
CUST002717,20,13007.6,650.38,4620.49,1030.6298031326587,3,11,0,20,20,5,6,33.5,40,2.7,4,0,0,0,0,0,0,0,0,0,0.15,0.55,0.0,1.0,0.0,0.0
CUST002718,22,13749.4,624.9727272727273,4349.69,950.3567926444999,3,11,0,22,22,7,5,33.18181818181818,40,2.6363636363636362,4,0,0,0,0,0,0,0,0,0,0.13636363636363635,0.5,0.0,1.0,0.0,0.0
CUST002719,27,33314.21,1233.8596296296296,10420.46,2172.9326982382436,4,11,0,27,27,6,4,44.25925925925926,65,3.6296296296296298,5,1,0,0,0,0,0,0,0,0,0.14814814814814814,0.4074074074074074,0.0,1.0,0.0,0.0
CUST002720,16,9817.82,613.61375,3541.02,858.5129775052908,2,6,0,16,16,4,5,47.5,55,3.5,5,0,0,1,0,0,0,0,0,0,0.125,0.375,0.0,1.0,0.0,0.0
CUST002721,24,14167.22,590.3008333333333,3094.02,734.7977762795437,4,18,0,24,24,8,8,34.583333333333336,40,2.9166666666666665,4,0,0,0,0,0,0,0,0,0,0.16666666666666666,0.75,0.0,1.0,0.0,0.0
CUST002722,24,14777.67,615.73625,2975.43,770.7847843075969,4,10,0,24,24,7,5,32.916666666666664,40,2.5833333333333335,4,0,0,0,0,0,0,0,0,0,0.16666666666666666,0.4166666666666667,0.0,1.0,0.0,0.0
CUST002723,23,29436.87,1279.8639130434783,14077.4,2918.4219249680114,6,10,0,23,23,6,6,35.0,70,2.782608695652174,5,0,0,0,0,0,0,0,0,0,0.2608695652173913,0.43478260869565216,0.0,1.0,0.0,0.0
CUST002724,20,17099.239999999998,854.9619999999999,8563.81,1922.2564753177585,3,8,0,20,20,4,4,34.5,70,2.65,5,0,0,0,1,0,0,0,0,0,0.15,0.4,0.0,1.0,0.05,0.0
CUST002725,24,18132.62,755.5258333333333,2002.21,636.5544611416021,7,14,0,24,24,7,6,34.375,40,2.875,4,0,0,0,0,0,0,0,0,0,0.2916666666666667,0.5833333333333334,0.0,1.0,0.0,0.0
CUST002726,19,19252.09,1013.2678947368421,4114.59,1246.921330275219,6,9,0,19,19,4,5,33.94736842105263,40,2.789473684210526,4,0,0,0,0,0,0,0,0,0,0.3157894736842105,0.47368421052631576,0.0,1.0,0.0,0.0
CUST002727,26,23620.45,908.4788461538462,8057.6,1619.9696283531416,4,10,0,26,26,6,6,34.03846153846154,70,2.6153846153846154,5,0,0,0,1,0,0,0,0,0,0.15384615384615385,0.38461538461538464,0.0,1.0,0.038461538461538464,0.0
CUST002728,24,17365.89,723.57875,3820.16,1047.7002996182205,5,9,0,24,24,4,5,32.916666666666664,40,2.5833333333333335,4,0,0,0,0,0,0,0,0,0,0.20833333333333334,0.375,0.0,1.0,0.0,0.0
CUST002729,27,29331.84,1086.3644444444444,5779.77,1460.0116246411121,4,15,0,27,27,7,8,34.25925925925926,55,2.740740740740741,4,0,0,0,0,1,0,1,0,0,0.14814814814814814,0.5555555555555556,0.0,1.0,0.0,0.037037037037037035
CUST002730,26,8061.17,310.045,1428.73,310.8833913511624,7,11,0,26,26,7,5,33.46153846153846,40,2.6923076923076925,4,0,0,0,0,0,0,0,0,0,0.2692307692307692,0.4230769230769231,0.0,1.0,0.0,0.0
CUST002731,27,15105.59,559.4662962962963,5126.06,962.4893178554012,4,10,0,27,27,7,6,43.333333333333336,65,3.5555555555555554,5,1,0,0,0,0,0,0,0,0,0.14814814814814814,0.37037037037037035,0.0,1.0,0.0,0.0
CUST002732,26,13227.76,508.76,3026.49,665.1328536285062,5,13,0,26,26,6,6,33.46153846153846,40,2.6923076923076925,4,0,0,0,0,0,0,0,0,0,0.19230769230769232,0.5,0.0,1.0,0.0,0.0
CUST002733,13,16224.619999999999,1248.0476923076922,11152.17,3017.987526614808,1,4,0,13,13,3,3,31.923076923076923,35,2.3846153846153846,3,0,0,0,0,0,0,0,0,0,0.07692307692307693,0.3076923076923077,0.0,1.0,0.0,0.0
CUST002734,25,20212.89,808.5156,3065.55,871.25968335164,5,14,0,25,25,5,9,33.8,40,2.76,4,0,0,0,0,0,0,0,0,0,0.2,0.56,0.0,1.0,0.0,0.0
CUST002735,27,14496.48,536.9066666666666,1939.55,486.46031117261134,7,16,0,27,27,8,7,34.25925925925926,40,2.8518518518518516,4,0,0,0,0,0,0,0,0,0,0.25925925925925924,0.5925925925925926,0.0,1.0,0.0,0.0
CUST002736,21,30100.3,1433.347619047619,8650.26,2310.6464290689405,6,10,0,21,21,5,6,36.42857142857143,70,2.9047619047619047,5,0,0,0,1,0,0,0,0,0,0.2857142857142857,0.47619047619047616,0.0,1.0,0.047619047619047616,0.0
CUST002737,24,44535.58,1855.6491666666668,23884.15,4793.9597595488,7,11,0,24,24,5,7,34.583333333333336,55,2.7916666666666665,4,0,0,0,0,0,0,0,0,0,0.2916666666666667,0.4583333333333333,0.0,1.0,0.0,0.0
CUST002738,29,16107.16,555.4193103448276,2858.25,752.3536260293477,8,14,0,29,29,6,8,33.793103448275865,40,2.7586206896551726,4,0,0,0,0,0,0,0,0,0,0.27586206896551724,0.4827586206896552,0.0,1.0,0.0,0.0
CUST002739,21,16865.78,803.1323809523809,3762.03,898.932336641111,2,9,0,21,21,7,3,32.61904761904762,40,2.5238095238095237,4,0,0,0,0,0,0,0,0,0,0.09523809523809523,0.42857142857142855,0.0,1.0,0.0,0.0
CUST002740,21,15213.07,724.4319047619048,3095.7,873.8893163760446,4,15,0,21,21,8,7,34.523809523809526,40,2.9047619047619047,4,0,0,0,0,0,0,0,0,0,0.19047619047619047,0.7142857142857143,0.0,1.0,0.0,0.0
CUST002741,18,19061.649999999998,1058.9805555555554,9763.13,2223.6458024511226,2,7,0,18,18,4,4,35.27777777777778,85,2.6666666666666665,6,0,0,0,1,0,0,0,0,0,0.1111111111111111,0.3888888888888889,0.0,1.0,0.05555555555555555,0.0
CUST002742,30,18209.63,606.9876666666667,5827.51,1067.3430957794972,6,13,0,30,30,5,9,33.833333333333336,60,2.6666666666666665,5,0,0,0,0,0,0,0,0,0,0.2,0.43333333333333335,0.0,1.0,0.0,0.0
CUST002743,19,10139.67,533.6668421052632,1977.3,513.3643298872496,1,8,0,19,19,5,4,32.36842105263158,35,2.473684210526316,3,0,0,0,0,0,0,0,0,0,0.05263157894736842,0.42105263157894735,0.0,1.0,0.0,0.0
CUST002744,24,16127.98,671.9991666666666,2562.54,708.2242428835452,6,12,0,24,24,5,6,33.75,40,2.75,4,0,0,0,0,0,0,0,0,0,0.25,0.5,0.0,1.0,0.0,0.0
CUST002745,16,9446.07,590.379375,1960.82,567.7586274638047,5,9,0,16,16,8,7,34.375,40,2.875,4,0,0,0,0,0,0,0,0,0,0.3125,0.5625,0.0,1.0,0.0,0.0
CUST002746,27,24240.75,897.8055555555555,4167.3,1110.0301365844266,6,5,0,27,27,3,4,32.03703703703704,40,2.4074074074074074,4,0,0,0,0,0,0,0,0,0,0.2222222222222222,0.18518518518518517,0.0,1.0,0.0,0.0
CUST002747,27,25634.96,949.442962962963,8299.89,1708.9017663238367,4,14,0,27,27,5,6,34.629629629629626,65,2.740740740740741,4,0,0,0,1,0,0,0,0,0,0.14814814814814814,0.5185185185185185,0.0,1.0,0.037037037037037035,0.0
CUST002748,33,19951.19,604.5815151515151,4552.98,867.1318801699125,5,20,0,33,33,9,8,33.78787878787879,40,2.757575757575758,4,0,0,0,0,0,0,0,0,0,0.15151515151515152,0.6060606060606061,0.0,1.0,0.0,0.0
CUST002749,17,9198.32,541.0776470588235,1789.22,546.8561359892725,4,8,0,17,17,4,6,33.529411764705884,40,2.7058823529411766,4,0,0,0,0,0,0,0,0,0,0.23529411764705882,0.47058823529411764,0.0,1.0,0.0,0.0
CUST002750,27,16504.37,611.2729629629629,3299.98,751.5584794372027,4,17,0,27,26,8,7,33.888888888888886,40,2.7777777777777777,4,0,0,0,0,0,0,0,0,0,0.14814814814814814,0.6296296296296297,0.0,1.0,0.0,0.0
CUST002751,19,14290.130000000001,752.1121052631579,4644.1,1075.5518885389797,0,10,0,19,19,8,7,32.63157894736842,35,2.526315789473684,3,0,0,0,0,0,0,0,0,0,0.0,0.5263157894736842,0.0,1.0,0.0,0.0
CUST002752,21,16527.34,787.0161904761904,3764.69,1080.4923209929639,6,12,0,21,21,6,7,34.285714285714285,40,2.857142857142857,4,0,0,0,0,0,0,0,0,0,0.2857142857142857,0.5714285714285714,0.0,1.0,0.0,0.0
CUST002753,26,12873.32,495.1276923076923,2800.36,581.6984798557253,4,11,0,26,26,6,6,32.88461538461539,40,2.576923076923077,4,0,0,0,0,0,0,0,0,0,0.15384615384615385,0.4230769230769231,0.0,1.0,0.0,0.0
CUST002754,19,11127.04,585.6336842105263,3682.04,945.6095817584815,3,14,0,19,19,7,8,34.473684210526315,40,2.8947368421052633,4,0,0,0,0,0,0,0,0,0,0.15789473684210525,0.7368421052631579,0.0,1.0,0.0,0.0
CUST002755,24,11727.18,488.6325,2087.69,440.02522762905306,2,9,0,24,23,7,5,32.291666666666664,40,2.4583333333333335,4,0,0,0,0,0,0,0,0,0,0.08333333333333333,0.375,0.0,1.0,0.0,0.0
CUST002756,25,18410.95,736.438,3598.56,979.1248510064145,5,8,0,25,25,5,3,32.6,40,2.52,4,0,0,0,0,0,0,0,0,0,0.2,0.32,0.0,1.0,0.0,0.0
CUST002757,26,20281.17,780.045,6540.65,1379.7151121568538,4,18,0,26,25,7,8,35.0,55,2.8846153846153846,4,0,0,0,0,0,0,0,0,0,0.15384615384615385,0.6923076923076923,0.0,1.0,0.0,0.0
CUST002758,17,18555.39,1091.4935294117647,9409.2,2265.1145295628576,2,8,0,17,17,6,5,35.88235294117647,80,2.764705882352941,5,0,0,0,1,0,0,0,0,0,0.11764705882352941,0.47058823529411764,0.0,1.0,0.058823529411764705,0.0
CUST002759,24,17428.89,726.20375,4459.73,1104.1338686000324,5,11,0,24,24,5,6,33.333333333333336,40,2.6666666666666665,4,0,0,0,0,0,0,0,0,0,0.20833333333333334,0.4583333333333333,0.0,1.0,0.0,0.0
CUST002760,29,25160.11,867.59,3380.95,894.9860980524462,7,12,0,29,29,4,9,33.275862068965516,40,2.6551724137931036,4,0,0,0,0,0,0,0,0,0,0.2413793103448276,0.41379310344827586,0.0,1.0,0.0,0.0
CUST002761,18,12041.08,668.9488888888889,3155.57,718.8615739846123,2,7,0,0,18,1,7,12.5,20,1.5,3,0,0,0,0,0,0,0,0,0,0.1111111111111111,0.3888888888888889,0.0,0.0,0.0,0.0
CUST002762,23,15828.58,688.1991304347827,2809.34,767.1807957409746,7,13,0,23,23,7,5,34.34782608695652,40,2.869565217391304,4,0,0,0,0,0,0,0,0,0,0.30434782608695654,0.5652173913043478,0.0,1.0,0.0,0.0
CUST002763,28,22932.82,819.0292857142857,6187.7,1232.5956559106644,5,20,0,28,28,9,9,35.17857142857143,50,2.9285714285714284,4,0,0,0,0,0,0,0,0,0,0.17857142857142858,0.7142857142857143,0.0,1.0,0.0,0.0
CUST002764,26,10936.85,420.6480769230769,1785.85,495.35369768293225,4,14,0,26,26,6,7,33.46153846153846,40,2.6923076923076925,4,0,0,0,0,0,0,0,0,0,0.15384615384615385,0.5384615384615384,0.0,1.0,0.0,0.0
CUST002765,28,22641.53,808.6260714285714,6043.09,1333.1795769438907,4,12,0,28,28,6,7,33.57142857142857,50,2.607142857142857,4,0,0,0,0,0,0,0,0,0,0.14285714285714285,0.42857142857142855,0.0,1.0,0.0,0.0
CUST002766,28,20543.46,733.6949999999999,4768.66,1072.6672703316442,2,12,0,28,28,6,5,32.5,40,2.5,4,0,0,0,0,0,0,0,0,0,0.07142857142857142,0.42857142857142855,0.0,1.0,0.0,0.0
CUST002767,18,17879.03,993.2794444444444,6732.44,1540.9609549447962,2,10,0,18,18,6,5,34.44444444444444,55,2.7222222222222223,4,0,0,0,0,0,0,0,0,0,0.1111111111111111,0.5555555555555556,0.0,1.0,0.0,0.0
CUST002768,27,15736.78,582.8437037037037,3072.38,763.3977405407212,5,17,0,27,27,8,7,34.074074074074076,40,2.814814814814815,4,0,0,0,0,0,0,0,0,0,0.18518518518518517,0.6296296296296297,0.0,1.0,0.0,0.0
CUST002769,20,18386.31,919.3155,6913.57,1537.5958791413202,1,11,0,20,20,5,5,34.0,55,2.65,4,0,0,0,0,0,0,0,0,0,0.05,0.55,0.0,1.0,0.0,0.0
CUST002770,18,20436.74,1135.3744444444446,10108.24,2370.5230769258305,5,9,0,18,18,7,7,35.0,50,2.8333333333333335,4,0,0,0,0,0,0,0,0,0,0.2777777777777778,0.5,0.0,1.0,0.0,0.0
CUST002771,19,14433.19,759.6415789473684,2421.0,825.066845899727,5,10,0,19,19,5,5,33.94736842105263,40,2.789473684210526,4,0,0,0,0,0,0,0,0,0,0.2631578947368421,0.5263157894736842,0.0,1.0,0.0,0.0
CUST002772,31,16188.33,522.2041935483871,2998.03,651.4286251860813,7,15,0,31,31,7,8,33.54838709677419,40,2.7096774193548385,4,0,0,0,0,0,0,0,0,0,0.22580645161290322,0.4838709677419355,0.0,1.0,0.0,0.0
CUST002773,31,25047.86,807.9954838709677,4971.87,934.2871676661258,3,16,0,31,31,8,5,33.064516129032256,40,2.6129032258064515,4,0,0,0,0,0,0,0,0,0,0.0967741935483871,0.5161290322580645,0.0,1.0,0.0,0.0
CUST002774,14,9375.56,669.6828571428571,1977.34,594.7580799390179,4,10,0,14,14,8,5,35.0,40,3.0,4,0,0,0,0,0,0,0,0,0,0.2857142857142857,0.7142857142857143,0.0,1.0,0.0,0.0
CUST002775,29,19382.48,668.3613793103448,4111.83,955.6859051028823,5,15,0,29,29,11,6,33.44827586206897,40,2.689655172413793,4,0,0,0,0,0,0,0,0,0,0.1724137931034483,0.5172413793103449,0.0,1.0,0.0,0.0
CUST002776,18,10950.01,608.3338888888889,1561.21,373.1371740217371,4,8,0,18,18,4,6,33.333333333333336,40,2.6666666666666665,4,0,0,0,0,0,0,0,0,0,0.2222222222222222,0.4444444444444444,0.0,1.0,0.0,0.0
CUST002777,24,13840.78,576.6991666666667,2769.64,698.1656325588018,8,14,0,24,24,6,5,34.583333333333336,40,2.9166666666666665,4,0,0,0,0,0,0,0,0,0,0.3333333333333333,0.5833333333333334,0.0,1.0,0.0,0.0
CUST002778,24,20976.4,874.0166666666668,3808.72,1068.863715523321,4,14,0,24,24,7,6,33.75,40,2.75,4,0,0,0,0,0,0,0,0,0,0.16666666666666666,0.5833333333333334,0.0,1.0,0.0,0.0
CUST002779,16,7641.200000000001,477.57500000000005,2324.01,552.0960521624235,5,11,0,16,16,6,6,35.0,40,3.0,4,0,0,0,0,0,0,0,0,0,0.3125,0.6875,0.0,1.0,0.0,0.0
CUST002780,24,17757.2,739.8833333333333,4433.92,1019.2004374088998,6,10,0,24,24,5,6,33.333333333333336,40,2.6666666666666665,4,0,0,0,0,0,0,0,0,0,0.25,0.4166666666666667,0.0,1.0,0.0,0.0
CUST002781,28,12665.8,452.34999999999997,1940.44,453.7419358246777,4,15,0,28,28,7,6,33.392857142857146,40,2.6785714285714284,4,0,0,0,0,0,0,0,0,0,0.14285714285714285,0.5357142857142857,0.0,1.0,0.0,0.0
CUST002782,30,35658.689999999995,1188.6229999999998,9102.38,1954.3707935824077,5,14,0,30,30,5,7,45.333333333333336,90,3.7666666666666666,6,1,0,0,1,0,0,0,0,0,0.16666666666666666,0.4666666666666667,0.0,1.0,0.03333333333333333,0.0
CUST002783,26,13588.7,522.6423076923077,3322.03,769.8829148295613,3,12,0,26,25,6,6,32.88461538461539,40,2.576923076923077,4,0,0,0,0,0,0,0,0,0,0.11538461538461539,0.46153846153846156,0.0,1.0,0.0,0.0
CUST002784,25,15948.71,637.9484,3377.6,843.5488649829362,5,9,0,25,24,5,5,32.8,40,2.56,4,0,0,0,0,0,0,0,0,0,0.2,0.36,0.0,1.0,0.0,0.0
CUST002785,23,22058.22,959.053043478261,3733.76,1138.0372388116893,6,11,0,23,23,5,7,43.69565217391305,50,3.739130434782609,5,1,0,0,0,0,0,0,0,0,0.2608695652173913,0.4782608695652174,0.0,1.0,0.0,0.0
CUST002786,31,23246.3,749.8806451612903,3743.4,1028.1512041781127,7,19,0,31,31,7,6,34.193548387096776,40,2.838709677419355,4,0,0,0,0,0,0,0,0,0,0.22580645161290322,0.6129032258064516,0.0,1.0,0.0,0.0
CUST002787,21,9225.59,439.31380952380954,1452.62,399.77966582201486,2,8,0,21,21,5,5,32.38095238095238,40,2.4761904761904763,4,0,0,0,0,0,0,0,0,0,0.09523809523809523,0.38095238095238093,0.0,1.0,0.0,0.0
CUST002788,25,29517.24,1180.6896000000002,17015.86,3343.9675089972093,4,9,0,25,25,5,6,34.0,65,2.6,4,0,0,0,0,0,0,0,0,0,0.16,0.36,0.0,1.0,0.0,0.0
CUST002789,23,13544.18,588.8773913043478,1335.74,343.6893772026949,3,14,0,23,23,8,7,33.69565217391305,40,2.739130434782609,4,0,0,0,0,0,0,0,0,0,0.13043478260869565,0.6086956521739131,0.0,1.0,0.0,0.0
CUST002790,17,13923.119999999999,819.0070588235294,2912.0,814.7401584843223,1,6,0,17,17,5,5,32.05882352941177,35,2.411764705882353,3,0,0,0,0,0,0,0,0,0,0.058823529411764705,0.35294117647058826,0.0,1.0,0.0,0.0
CUST002791,27,17919.81,663.6966666666667,3884.87,859.8699254941009,10,11,0,27,27,6,6,33.888888888888886,40,2.7777777777777777,4,0,0,0,0,0,0,0,0,0,0.37037037037037035,0.4074074074074074,0.0,1.0,0.0,0.0
CUST002792,29,24763.98,853.9303448275862,3860.46,1011.6833815000859,6,13,0,29,28,7,6,33.275862068965516,40,2.6551724137931036,4,0,0,0,0,0,0,0,0,0,0.20689655172413793,0.4482758620689655,0.0,1.0,0.0,0.0
CUST002793,19,15736.440000000002,828.2336842105265,9387.2,2142.2680948139746,4,7,0,19,19,4,5,34.73684210526316,75,2.6842105263157894,6,0,0,0,1,0,0,0,0,0,0.21052631578947367,0.3684210526315789,0.0,1.0,0.05263157894736842,0.0
CUST002794,14,4231.46,302.2471428571429,1095.69,296.9420060557946,4,6,0,14,14,4,3,48.57142857142857,55,3.7142857142857144,5,0,0,1,0,0,0,0,0,0,0.2857142857142857,0.42857142857142855,0.0,1.0,0.0,0.0
CUST002795,15,8025.7699999999995,535.0513333333333,2064.12,548.3722487099781,2,7,0,15,15,4,4,33.0,40,2.6,4,0,0,0,0,0,0,0,0,0,0.13333333333333333,0.4666666666666667,0.0,1.0,0.0,0.0
CUST002796,31,15783.9,509.158064516129,2445.25,594.0480241721167,7,14,0,31,31,4,6,33.38709677419355,40,2.6774193548387095,4,0,0,0,0,0,0,0,0,0,0.22580645161290322,0.45161290322580644,0.0,1.0,0.0,0.0
CUST002797,28,17681.41,631.4789285714286,3385.62,803.5529438057018,6,16,0,28,28,8,7,33.92857142857143,40,2.7857142857142856,4,0,0,0,0,0,0,0,0,0,0.21428571428571427,0.5714285714285714,0.0,1.0,0.0,0.0
CUST002798,24,22593.33,941.3887500000001,13132.26,2641.094581193831,3,15,0,24,24,7,4,35.833333333333336,70,2.875,5,0,0,0,0,0,0,0,0,0,0.125,0.625,0.0,1.0,0.0,0.0
CUST002799,20,10053.91,502.6955,1826.49,553.1954650694645,2,11,0,20,20,5,5,33.25,40,2.65,4,0,0,0,0,0,0,0,0,0,0.1,0.55,0.0,1.0,0.0,0.0
CUST002800,28,14362.35,512.9410714285715,3210.59,784.18320082859,5,15,0,28,28,7,7,33.57142857142857,40,2.7142857142857144,4,0,0,0,0,0,0,0,0,0,0.17857142857142858,0.5357142857142857,0.0,1.0,0.0,0.0
CUST002801,27,22143.22,820.1192592592593,4405.21,1173.537907260074,7,14,0,27,27,4,7,33.888888888888886,40,2.7777777777777777,4,0,0,0,0,0,0,0,0,0,0.25925925925925924,0.5185185185185185,0.0,1.0,0.0,0.0
CUST002802,22,9658.52,439.0236363636364,1904.13,466.5862494508635,4,11,0,22,22,5,5,33.40909090909091,40,2.6818181818181817,4,0,0,0,0,0,0,0,0,0,0.18181818181818182,0.5,0.0,1.0,0.0,0.0
CUST002803,22,16601.14,754.5972727272728,3506.01,1060.9955405057838,7,9,0,22,22,4,6,33.63636363636363,40,2.727272727272727,4,0,0,0,0,0,0,0,0,0,0.3181818181818182,0.4090909090909091,0.0,1.0,0.0,0.0
CUST002804,29,16115.380000000001,555.7027586206897,2186.12,444.42415873879946,6,13,0,29,29,9,6,33.275862068965516,40,2.6551724137931036,4,0,0,0,0,0,0,0,0,0,0.20689655172413793,0.4482758620689655,0.0,1.0,0.0,0.0
CUST002805,21,22841.94,1087.7114285714285,6112.57,1352.9202507401747,5,13,0,21,21,7,5,35.23809523809524,55,2.9047619047619047,4,0,0,0,0,0,0,0,0,0,0.23809523809523808,0.6190476190476191,0.0,1.0,0.0,0.0
CUST002806,30,14927.52,497.584,2039.06,439.07325773646284,3,17,0,30,30,7,8,33.333333333333336,40,2.6666666666666665,4,0,0,0,0,0,0,0,0,0,0.1,0.5666666666666667,0.0,1.0,0.0,0.0
CUST002807,23,7972.09,346.61260869565217,1020.37,286.79503031096476,5,15,0,23,23,9,6,49.34782608695652,55,3.869565217391304,5,0,0,1,0,0,0,0,0,0,0.21739130434782608,0.6521739130434783,0.0,1.0,0.0,0.0
CUST002808,34,20238.31,595.2444117647059,3732.16,719.8514402173388,12,20,0,34,34,9,8,34.705882352941174,40,2.9411764705882355,4,0,0,0,0,0,0,0,0,0,0.35294117647058826,0.5882352941176471,0.0,1.0,0.0,0.0
CUST002809,18,22904.36,1272.4644444444446,8060.94,2104.0790743674174,3,12,0,18,18,6,7,36.111111111111114,70,2.9444444444444446,5,0,0,0,1,0,0,0,0,0,0.16666666666666666,0.6666666666666666,0.0,1.0,0.05555555555555555,0.0
CUST002810,15,5719.73,381.3153333333333,1163.26,310.85111265837924,2,8,0,0,15,2,5,13.333333333333334,15,1.6666666666666667,2,0,0,0,0,0,0,0,0,0,0.13333333333333333,0.5333333333333333,0.0,0.0,0.0,0.0
CUST002811,26,16116.38,619.8607692307692,5583.36,1076.0382622562192,4,14,0,26,25,6,8,34.80769230769231,65,2.769230769230769,4,0,0,0,0,0,0,0,0,0,0.15384615384615385,0.5384615384615384,0.0,1.0,0.0,0.0
CUST002812,29,20537.12,708.1765517241379,4951.12,1078.8433062023812,8,15,0,29,29,7,7,33.96551724137931,40,2.793103448275862,4,0,0,0,0,0,0,0,0,0,0.27586206896551724,0.5172413793103449,0.0,1.0,0.0,0.0
CUST002813,25,17950.21,718.0083999999999,3079.26,838.1090344026446,4,8,0,25,25,5,5,32.4,40,2.48,4,0,0,0,0,0,0,0,0,0,0.16,0.32,0.0,1.0,0.0,0.0
CUST002814,25,10869.539999999999,434.78159999999997,1690.57,491.0361315938642,6,9,0,25,25,7,4,33.0,35,2.6,3,0,0,0,0,0,0,0,0,0,0.24,0.36,0.0,1.0,0.0,0.0
CUST002815,20,12194.43,609.7215,2104.44,493.3238757788042,6,7,0,20,20,5,5,33.25,40,2.65,4,0,0,0,0,0,0,0,0,0,0.3,0.35,0.0,1.0,0.0,0.0
CUST002816,16,10214.08,638.38,3329.45,838.3951333669187,2,6,0,16,16,4,2,32.5,40,2.5,4,0,0,0,0,0,0,0,0,0,0.125,0.375,0.0,1.0,0.0,0.0
CUST002817,24,39237.44,1634.8933333333334,12956.62,3299.360188611892,7,13,0,24,24,7,9,36.666666666666664,55,2.9583333333333335,4,0,0,0,0,0,0,0,0,0,0.2916666666666667,0.5416666666666666,0.0,1.0,0.0,0.0
CUST002818,25,25926.28,1037.0511999999999,6724.79,1569.3966122667443,2,16,0,25,25,7,8,34.4,55,2.76,4,0,0,0,0,0,0,0,0,0,0.08,0.64,0.0,1.0,0.0,0.0
CUST002819,20,10914.2,545.71,4325.88,974.6087603967579,3,10,0,20,20,8,6,33.25,40,2.65,4,0,0,0,0,0,0,0,0,0,0.15,0.5,0.0,1.0,0.0,0.0
CUST002820,24,14329.119999999999,597.0466666666666,2987.25,704.9395034029311,2,12,0,24,24,7,9,32.916666666666664,40,2.5833333333333335,4,0,0,0,0,0,0,0,0,0,0.08333333333333333,0.5,0.0,1.0,0.0,0.0
CUST002821,33,15407.07,466.8809090909091,2168.75,536.1887928493776,3,16,0,33,33,9,9,32.878787878787875,35,2.5757575757575757,3,0,0,0,0,0,0,0,0,0,0.09090909090909091,0.48484848484848486,0.0,1.0,0.0,0.0
CUST002822,28,25823.36,922.2628571428571,5340.11,1247.9797394985792,7,14,0,28,28,8,8,34.464285714285715,55,2.7857142857142856,4,0,0,0,0,0,0,0,0,0,0.25,0.5,0.0,1.0,0.0,0.0
CUST002823,33,41270.35,1250.6166666666666,9111.61,2139.6393405587464,7,10,0,33,32,3,3,34.84848484848485,65,2.6363636363636362,4,0,0,0,1,0,0,0,0,0,0.21212121212121213,0.30303030303030304,0.0,1.0,0.030303030303030304,0.0
CUST002824,27,19836.89,734.6996296296296,2952.76,745.5080124187981,6,14,0,27,27,7,5,33.7037037037037,40,2.740740740740741,4,0,0,0,0,0,0,0,0,0,0.2222222222222222,0.5185185185185185,0.0,1.0,0.0,0.0
CUST002825,31,37747.68,1217.6670967741936,15680.61,2980.3673082034634,6,15,0,31,31,7,6,34.67741935483871,55,2.7419354838709675,4,0,0,0,0,0,0,0,0,0,0.1935483870967742,0.4838709677419355,0.0,1.0,0.0,0.0
CUST002826,26,23330.77,897.3373076923077,4820.69,1190.3696222285166,5,16,0,26,26,7,8,34.03846153846154,40,2.8076923076923075,4,0,0,0,0,0,0,0,0,0,0.19230769230769232,0.6153846153846154,0.0,1.0,0.0,0.0
CUST002827,24,19193.14,799.7141666666666,6578.1,1326.9190194743437,2,12,0,24,24,4,9,33.75,55,2.625,4,0,0,0,0,0,0,0,0,0,0.08333333333333333,0.5,0.0,1.0,0.0,0.0
CUST002828,25,12714.27,508.5708,2568.91,512.7326211740383,5,12,0,25,25,5,9,33.4,40,2.68,4,0,0,0,0,0,0,0,0,0,0.2,0.48,0.0,1.0,0.0,0.0
CUST002829,19,10093.84,531.2547368421052,3951.93,896.0385597814442,2,10,0,19,19,4,6,33.94736842105263,50,2.6842105263157894,4,0,0,0,0,0,0,0,0,0,0.10526315789473684,0.5263157894736842,0.0,1.0,0.0,0.0
CUST002830,21,27095.79,1290.2757142857142,14249.39,3017.995201456708,6,9,0,21,21,9,4,34.523809523809526,50,2.761904761904762,4,0,0,0,0,0,0,0,0,0,0.2857142857142857,0.42857142857142855,0.0,1.0,0.0,0.0
CUST002831,22,5492.42,249.65545454545455,1281.39,283.1348497956957,2,11,0,22,22,6,6,32.95454545454545,40,2.590909090909091,4,0,0,0,0,0,0,0,0,0,0.09090909090909091,0.5,0.0,1.0,0.0,0.0
CUST002832,18,6170.0,342.77777777777777,1090.8,289.28480006338464,1,7,0,18,18,3,7,32.22222222222222,40,2.4444444444444446,4,0,0,0,0,0,0,0,0,0,0.05555555555555555,0.3888888888888889,0.0,1.0,0.0,0.0
CUST002833,24,11930.29,497.0954166666667,2151.17,528.7235441586132,6,13,0,24,24,5,7,33.958333333333336,40,2.7916666666666665,4,0,0,0,0,0,0,0,0,0,0.25,0.5416666666666666,0.0,1.0,0.0,0.0
CUST002834,28,21266.89,759.5317857142857,3173.17,737.607671116079,4,13,0,28,28,9,5,33.035714285714285,40,2.607142857142857,4,0,0,0,0,0,0,0,0,0,0.14285714285714285,0.4642857142857143,0.0,1.0,0.0,0.0
CUST002835,17,5717.7,336.33529411764704,1266.5,318.68006238855077,3,6,0,17,17,4,4,32.64705882352941,40,2.5294117647058822,4,0,0,0,0,0,0,0,0,0,0.17647058823529413,0.35294117647058826,0.0,1.0,0.0,0.0
CUST002836,22,15956.37,725.2895454545455,6825.84,1447.8015398773452,3,8,0,22,22,6,5,34.09090909090909,65,2.590909090909091,4,0,0,0,0,0,0,0,0,0,0.13636363636363635,0.36363636363636365,0.0,1.0,0.0,0.0
CUST002837,20,16687.9,834.3950000000001,3967.71,1112.135513919528,3,9,0,20,20,6,3,33.0,40,2.6,4,0,0,0,0,0,0,0,0,0,0.15,0.45,0.0,1.0,0.0,0.0
CUST002838,25,24230.239999999998,969.2095999999999,10064.39,2073.9062796839044,10,13,0,25,24,7,8,35.4,55,2.96,4,0,0,0,0,0,0,0,0,0,0.4,0.52,0.0,1.0,0.0,0.0
CUST002839,23,47558.56,2067.7634782608693,25119.16,5236.357363689875,4,14,0,23,23,6,9,36.73913043478261,80,2.9565217391304346,6,0,0,0,0,0,0,0,0,0,0.17391304347826086,0.6086956521739131,0.0,1.0,0.0,0.0
CUST002840,29,41960.83,1446.9251724137932,12164.55,2702.136551385404,8,12,0,29,29,7,6,35.3448275862069,65,2.793103448275862,5,0,0,0,1,0,0,0,0,0,0.27586206896551724,0.41379310344827586,0.0,1.0,0.034482758620689655,0.0
CUST002841,22,19546.45,888.475,3684.77,1172.6848886565108,4,12,0,22,22,7,6,33.63636363636363,40,2.727272727272727,4,0,0,0,0,0,0,0,0,0,0.18181818181818182,0.5454545454545454,0.0,1.0,0.0,0.0
CUST002842,17,26427.39,1554.5523529411764,13776.04,3196.073861526297,3,9,0,17,17,5,5,34.705882352941174,55,2.764705882352941,4,0,0,0,0,0,0,0,0,0,0.17647058823529413,0.5294117647058824,0.0,1.0,0.0,0.0
CUST002843,27,15093.529999999999,559.0196296296295,2214.29,573.01398020589,4,13,0,27,27,8,7,33.148148148148145,40,2.6296296296296298,4,0,0,0,0,0,0,0,0,0,0.14814814814814814,0.48148148148148145,0.0,1.0,0.0,0.0
CUST002844,18,6821.69,378.98277777777776,1522.8,419.65366658718153,4,13,0,18,18,6,7,34.72222222222222,40,2.9444444444444446,4,0,0,0,0,0,0,0,0,0,0.2222222222222222,0.7222222222222222,0.0,1.0,0.0,0.0
CUST002845,29,13689.7,472.0586206896552,2277.85,489.2230361846668,6,14,0,29,29,5,9,33.44827586206897,40,2.689655172413793,4,0,0,0,0,0,0,0,0,0,0.20689655172413793,0.4827586206896552,0.0,1.0,0.0,0.0
CUST002846,23,19778.829999999998,859.9491304347825,5826.61,1288.113181432838,3,14,0,23,23,7,6,50.21739130434783,85,3.8260869565217392,6,0,0,1,0,0,0,0,0,0,0.13043478260869565,0.6086956521739131,0.0,1.0,0.0,0.0
CUST002847,18,11055.08,614.1711111111111,3581.85,835.9966277436129,3,13,0,18,18,7,7,34.44444444444444,40,2.888888888888889,4,0,0,0,0,0,0,0,0,0,0.16666666666666666,0.7222222222222222,0.0,1.0,0.0,0.0
CUST002848,20,25456.31,1272.8155000000002,8643.89,2078.696834655068,2,8,0,20,20,6,3,36.5,85,2.75,6,0,0,0,1,0,0,0,0,0,0.1,0.4,0.0,1.0,0.05,0.0
CUST002849,31,15437.98,497.9993548387097,1932.12,465.4393930752279,4,17,0,31,31,8,5,33.38709677419355,40,2.6774193548387095,4,0,0,0,0,0,0,0,0,0,0.12903225806451613,0.5483870967741935,0.0,1.0,0.0,0.0
CUST002850,24,9412.32,392.18,1775.06,451.300442730445,4,8,0,24,24,6,8,32.5,40,2.5,4,0,0,0,0,0,0,0,0,0,0.16666666666666666,0.3333333333333333,0.0,1.0,0.0,0.0
CUST002851,22,22236.76,1010.7618181818181,3523.78,1207.3652120359573,5,12,0,22,22,6,6,33.86363636363637,40,2.772727272727273,4,0,0,0,0,0,0,0,0,0,0.22727272727272727,0.5454545454545454,0.0,1.0,0.0,0.0
CUST002852,25,18989.59,759.5836,2614.86,753.5699167566781,2,13,0,25,25,5,7,33.0,40,2.6,4,0,0,0,0,0,0,0,0,0,0.08,0.52,0.0,1.0,0.0,0.0
CUST002853,17,9642.17,567.1864705882354,1824.78,623.8178733306419,0,6,0,17,17,3,4,31.764705882352942,35,2.3529411764705883,3,0,0,0,0,0,0,0,0,0,0.0,0.35294117647058826,0.0,1.0,0.0,0.0
CUST002854,27,19157.16,709.5244444444444,3069.89,723.369577523951,3,17,0,27,27,10,7,33.7037037037037,40,2.740740740740741,4,0,0,0,0,0,0,0,0,0,0.1111111111111111,0.6296296296296297,0.0,1.0,0.0,0.0
CUST002855,19,20191.48,1062.7094736842105,5213.28,1310.8317822727577,4,9,0,19,19,7,5,34.473684210526315,50,2.736842105263158,4,0,0,0,0,0,0,0,0,0,0.21052631578947367,0.47368421052631576,0.0,1.0,0.0,0.0
CUST002856,32,16248.529999999999,507.76656249999996,2209.74,496.0242804255386,4,12,0,32,32,5,5,32.5,40,2.5,4,0,0,0,0,0,0,0,0,0,0.125,0.375,0.0,1.0,0.0,0.0
CUST002857,21,13891.87,661.5176190476191,3048.25,703.2391688458824,1,10,0,21,21,6,6,32.61904761904762,40,2.5238095238095237,4,0,0,0,0,0,0,0,0,0,0.047619047619047616,0.47619047619047616,0.0,1.0,0.0,0.0
CUST002858,27,24029.49,889.9811111111112,5049.41,1004.7676363423661,4,16,0,27,27,8,7,34.44444444444444,55,2.7777777777777777,4,0,0,0,0,0,0,0,0,0,0.14814814814814814,0.5925925925925926,0.0,1.0,0.0,0.0
CUST002859,18,8434.77,468.59833333333336,1418.17,453.3979633864064,5,3,0,18,18,3,2,32.22222222222222,40,2.4444444444444446,4,0,0,0,0,0,0,0,0,0,0.2777777777777778,0.16666666666666666,0.0,1.0,0.0,0.0
CUST002860,20,8992.07,449.6035,1738.06,442.9753802387121,3,14,0,20,19,6,6,34.25,40,2.85,4,0,0,0,0,0,0,0,0,0,0.15,0.7,0.0,1.0,0.0,0.0
CUST002861,27,14377.31,532.4929629629629,3315.92,689.1671901975088,6,14,0,27,27,8,6,33.7037037037037,40,2.740740740740741,4,0,0,0,0,0,0,0,0,0,0.2222222222222222,0.5185185185185185,0.0,1.0,0.0,0.0
CUST002862,30,18237.25,607.9083333333333,3855.64,902.716926712349,4,17,0,30,30,9,8,33.5,40,2.7,4,0,0,0,0,0,0,0,0,0,0.13333333333333333,0.5666666666666667,0.0,1.0,0.0,0.0
CUST002863,17,11504.46,676.7329411764705,4208.51,1033.8693532657107,3,7,0,17,17,8,3,32.94117647058823,35,2.588235294117647,3,0,0,0,0,0,0,0,0,0,0.17647058823529413,0.4117647058823529,0.0,1.0,0.0,0.0
CUST002864,19,21055.11,1108.1636842105263,6450.76,1761.9998489980087,3,8,0,19,19,4,5,33.94736842105263,60,2.6315789473684212,5,0,0,0,0,0,0,0,0,0,0.15789473684210525,0.42105263157894735,0.0,1.0,0.0,0.0
CUST002865,29,23440.3,808.2862068965517,3014.11,810.5709786203348,7,11,0,29,29,7,6,33.10344827586207,40,2.6206896551724137,4,0,0,0,0,0,0,0,0,0,0.2413793103448276,0.3793103448275862,0.0,1.0,0.0,0.0
CUST002866,27,23864.8,883.8814814814815,4382.57,1150.3228635631747,6,18,0,27,27,9,6,34.44444444444444,40,2.888888888888889,4,0,0,0,0,0,0,0,0,0,0.2222222222222222,0.6666666666666666,0.0,1.0,0.0,0.0
CUST002867,22,18510.46,841.3845454545454,9280.76,1949.8336807795083,6,12,0,22,22,6,7,35.68181818181818,70,2.909090909090909,5,0,0,0,1,0,0,0,0,0,0.2727272727272727,0.5454545454545454,0.0,1.0,0.045454545454545456,0.0
CUST002868,31,29473.1,950.7451612903226,10090.47,1930.0881868952188,6,15,0,31,31,8,7,44.03225806451613,70,3.7096774193548385,6,1,0,0,0,0,0,0,0,0,0.1935483870967742,0.4838709677419355,0.0,1.0,0.0,0.0
CUST002869,18,13700.05,761.1138888888888,1923.5,535.8941086263754,2,12,0,18,18,7,7,33.888888888888886,40,2.7777777777777777,4,0,0,0,0,0,0,0,0,0,0.1111111111111111,0.6666666666666666,0.0,1.0,0.0,0.0
CUST002870,27,23488.48,869.9437037037037,5180.33,1346.7759592224688,5,12,0,27,27,8,5,33.888888888888886,55,2.6666666666666665,4,0,0,0,0,0,0,0,0,0,0.18518518518518517,0.4444444444444444,0.0,1.0,0.0,0.0
CUST002871,28,24667.84,880.9942857142858,2991.59,783.7933937017981,4,13,0,28,28,6,6,33.035714285714285,40,2.607142857142857,4,0,0,0,0,0,0,0,0,0,0.14285714285714285,0.4642857142857143,0.0,1.0,0.0,0.0
CUST002872,23,12883.35,560.145652173913,1760.14,591.1295085052781,4,11,0,23,23,5,7,33.26086956521739,40,2.652173913043478,4,0,0,0,0,0,0,0,0,0,0.17391304347826086,0.4782608695652174,0.0,1.0,0.0,0.0
CUST002873,20,15358.94,767.947,6007.48,1288.0722112729875,3,10,0,20,20,8,6,35.0,75,2.75,6,0,0,0,0,0,0,0,0,0,0.15,0.5,0.0,1.0,0.0,0.0
CUST002874,35,39084.33,1116.6951428571429,10560.25,2103.6450671958614,6,18,0,35,35,6,7,34.57142857142857,55,2.742857142857143,4,0,0,0,0,0,0,0,0,0,0.17142857142857143,0.5142857142857142,0.0,1.0,0.0,0.0
CUST002875,18,9725.18,540.2877777777778,2891.44,715.2497371305769,2,9,0,18,18,4,6,33.05555555555556,40,2.611111111111111,4,0,0,0,0,0,0,0,0,0,0.1111111111111111,0.5,0.0,1.0,0.0,0.0
CUST002876,23,18852.48,819.6730434782609,4297.16,1142.0642174646061,9,10,0,23,23,4,8,34.130434782608695,40,2.8260869565217392,4,0,0,0,0,0,0,0,0,0,0.391304347826087,0.43478260869565216,0.0,1.0,0.0,0.0
CUST002877,25,31179.06,1247.1624000000002,5771.04,1599.6869384280578,3,12,0,25,25,4,7,33.8,50,2.64,4,0,0,0,0,0,0,0,0,0,0.12,0.48,0.0,1.0,0.0,0.0
CUST002878,25,12503.07,500.1228,2208.4,524.4855799854431,7,13,0,25,25,6,7,34.0,40,2.8,4,0,0,0,0,0,0,0,0,0,0.28,0.52,0.0,1.0,0.0,0.0
CUST002879,26,24261.46,933.1330769230769,8063.76,1558.8643087062305,5,13,0,26,26,5,9,34.80769230769231,65,2.769230769230769,4,0,0,0,1,0,0,0,0,0,0.19230769230769232,0.5,0.0,1.0,0.038461538461538464,0.0
CUST002880,20,15093.08,754.654,3992.12,1088.8723635964918,3,9,0,20,20,7,4,33.0,40,2.6,4,0,0,0,0,0,0,0,0,0,0.15,0.45,0.0,1.0,0.0,0.0
CUST002881,17,11617.470000000001,683.3805882352942,3661.84,945.4990434386397,4,7,0,17,16,5,4,33.23529411764706,40,2.6470588235294117,4,0,0,0,0,0,0,0,0,0,0.23529411764705882,0.4117647058823529,0.0,1.0,0.0,0.0
CUST002882,27,21520.48,797.0548148148148,4517.26,1128.158081961547,5,13,0,27,27,5,7,33.333333333333336,40,2.6666666666666665,4,0,0,0,0,0,0,0,0,0,0.18518518518518517,0.48148148148148145,0.0,1.0,0.0,0.0
CUST002883,16,8389.06,524.31625,2127.21,599.158093582153,2,8,0,16,16,5,6,33.125,35,2.625,3,0,0,0,0,0,0,0,0,0,0.125,0.5,0.0,1.0,0.0,0.0
CUST002884,21,13793.84,656.8495238095238,4306.61,902.4655345245943,1,12,0,21,21,4,6,48.095238095238095,50,3.619047619047619,4,0,0,1,0,0,0,0,0,0,0.047619047619047616,0.5714285714285714,0.0,1.0,0.0,0.0
CUST002885,22,17567.41,798.5186363636363,7182.26,1530.2848131959136,1,12,0,22,22,6,6,33.86363636363637,55,2.6363636363636362,4,0,0,0,0,0,0,0,0,0,0.045454545454545456,0.5454545454545454,0.0,1.0,0.0,0.0
CUST002886,26,25684.149999999998,987.851923076923,8289.92,1648.6759592910164,6,10,0,26,26,4,6,34.42307692307692,65,2.6923076923076925,4,0,0,0,1,0,0,0,0,0,0.23076923076923078,0.38461538461538464,0.0,1.0,0.038461538461538464,0.0
CUST002887,25,21300.97,852.0388,3768.23,1083.1384959240747,7,10,0,25,25,7,5,33.4,40,2.68,4,0,0,0,0,0,0,0,0,0,0.28,0.4,0.0,1.0,0.0,0.0
CUST002888,22,20532.75,933.3068181818181,8878.74,1912.082071294426,7,13,0,22,22,6,7,36.13636363636363,70,3.0,5,0,0,0,1,0,0,0,0,0,0.3181818181818182,0.5909090909090909,0.0,1.0,0.045454545454545456,0.0
CUST002889,23,21692.79,943.1647826086956,5869.74,1358.9917784247582,4,15,0,23,23,5,8,36.30434782608695,70,2.9565217391304346,5,0,0,0,0,0,0,0,0,0,0.17391304347826086,0.6521739130434783,0.0,1.0,0.0,0.0
CUST002890,21,10604.68,504.9847619047619,1888.07,574.5477913247865,4,9,0,21,21,6,6,33.095238095238095,40,2.619047619047619,4,0,0,0,0,0,0,0,0,0,0.19047619047619047,0.42857142857142855,0.0,1.0,0.0,0.0
CUST002891,35,32700.85,934.31,8354.63,1671.5840809191602,4,16,0,35,35,8,8,34.285714285714285,80,2.657142857142857,5,0,0,0,1,0,0,0,0,0,0.11428571428571428,0.45714285714285713,0.0,1.0,0.02857142857142857,0.0
CUST002892,30,18080.55,602.685,2911.86,715.8080581280393,3,20,0,30,30,7,11,33.833333333333336,40,2.7666666666666666,4,0,0,0,0,0,0,0,0,0,0.1,0.6666666666666666,0.0,1.0,0.0,0.0
CUST002893,22,9780.14,444.55181818181813,3062.77,785.8654434360968,7,10,0,22,22,4,7,33.86363636363637,40,2.772727272727273,4,0,0,0,0,0,0,0,0,0,0.3181818181818182,0.45454545454545453,0.0,1.0,0.0,0.0
CUST002894,29,27463.91,947.0313793103448,9884.13,1978.041634221159,11,15,0,29,29,6,9,36.37931034482759,75,3.0,6,0,0,0,1,0,0,0,0,0,0.3793103448275862,0.5172413793103449,0.0,1.0,0.034482758620689655,0.0
CUST002895,23,22420.14,974.7886956521739,10213.8,2309.4602042848655,5,8,0,23,23,4,6,34.56521739130435,50,2.652173913043478,4,0,0,0,0,0,0,0,0,0,0.21739130434782608,0.34782608695652173,0.0,1.0,0.0,0.0
CUST002896,31,20541.65,662.6338709677419,4279.67,917.276173958085,3,17,0,31,31,7,7,33.225806451612904,40,2.6451612903225805,4,0,0,0,0,0,0,0,0,0,0.0967741935483871,0.5483870967741935,0.0,1.0,0.0,0.0
CUST002897,35,15473.02,442.08628571428574,3773.54,689.2451885602433,8,12,0,35,35,6,5,47.857142857142854,55,3.5714285714285716,5,0,0,1,0,0,0,0,0,0,0.22857142857142856,0.34285714285714286,0.0,1.0,0.0,0.0
CUST002898,22,7775.7,353.4409090909091,1570.49,399.73739083016187,5,8,0,22,22,6,4,32.95454545454545,40,2.590909090909091,4,0,0,0,0,0,0,0,0,0,0.22727272727272727,0.36363636363636365,0.0,1.0,0.0,0.0
CUST002899,22,22676.14,1030.7336363636364,5935.58,1463.9188842039725,1,11,0,22,22,6,5,33.63636363636363,55,2.590909090909091,4,0,0,0,0,0,0,0,0,0,0.045454545454545456,0.5,0.0,1.0,0.0,0.0
CUST002900,25,13506.58,540.2632,1979.8,517.0340352088375,7,6,0,25,25,5,3,32.6,40,2.52,4,0,0,0,0,0,0,0,0,0,0.28,0.24,0.0,1.0,0.0,0.0
CUST002901,26,19372.4,745.0923076923077,6318.68,1267.3246980448466,5,12,0,26,26,5,8,34.03846153846154,60,2.6923076923076925,5,0,0,0,0,0,0,0,0,0,0.19230769230769232,0.46153846153846156,0.0,1.0,0.0,0.0
CUST002902,22,16116.59,732.5722727272728,3094.84,793.381419482649,2,12,0,22,22,3,8,33.18181818181818,40,2.6363636363636362,4,0,0,0,0,0,0,0,0,0,0.09090909090909091,0.5454545454545454,0.0,1.0,0.0,0.0
CUST002903,23,13392.6,582.2869565217392,3376.42,702.6147885475873,4,12,0,23,23,6,6,33.47826086956522,35,2.6956521739130435,3,0,0,0,0,0,0,0,0,0,0.17391304347826086,0.5217391304347826,0.0,1.0,0.0,0.0
CUST002904,23,33555.01,1458.9134782608696,7182.07,2013.4590687028872,5,13,0,23,23,6,7,86.08695652173913,100,3.9130434782608696,6,0,1,0,0,1,0,1,0,0,0.21739130434782608,0.5652173913043478,0.0,1.0,0.0,0.043478260869565216
CUST002905,27,19081.809999999998,706.7337037037037,4187.99,867.2345394996325,3,14,0,27,27,7,8,33.148148148148145,40,2.6296296296296298,4,0,0,0,0,0,0,0,0,0,0.1111111111111111,0.5185185185185185,0.0,1.0,0.0,0.0
CUST002906,20,13972.55,698.6274999999999,4173.19,964.9192426905339,3,11,0,20,20,4,7,33.5,40,2.7,4,0,0,0,0,0,0,0,0,0,0.15,0.55,0.0,1.0,0.0,0.0
CUST002907,26,12709.64,488.83230769230767,1749.13,526.169990731571,7,12,0,26,26,6,3,43.65384615384615,50,3.730769230769231,5,1,0,0,0,0,0,0,0,0,0.2692307692307692,0.46153846153846156,0.0,1.0,0.0,0.0
CUST002908,23,23555.34,1024.1452173913044,5741.71,1549.8399463283872,5,11,0,23,23,7,5,35.21739130434783,55,2.782608695652174,4,0,0,0,0,0,0,0,0,0,0.21739130434782608,0.4782608695652174,0.0,1.0,0.0,0.0
CUST002909,19,13443.61,707.5584210526316,5593.79,1227.4905455407031,3,8,0,19,18,6,4,33.94736842105263,60,2.6315789473684212,5,0,0,0,0,0,0,0,0,0,0.15789473684210525,0.42105263157894735,0.0,1.0,0.0,0.0
CUST002910,23,26867.13,1168.1360869565217,13093.25,2666.5940862127673,7,15,0,23,23,6,8,35.65217391304348,55,3.0,4,0,0,0,0,0,0,0,0,0,0.30434782608695654,0.6521739130434783,0.0,1.0,0.0,0.0
CUST002911,30,25353.41,845.1136666666666,5166.49,1024.7788939301554,7,13,0,30,30,9,5,34.0,55,2.7,4,0,0,0,0,0,0,0,0,0,0.23333333333333334,0.43333333333333335,0.0,1.0,0.0,0.0
CUST002912,29,21999.67,758.6093103448276,3999.86,1110.1341634264977,9,18,0,29,29,8,5,44.6551724137931,50,3.9310344827586206,5,1,0,0,0,0,0,0,0,0,0.3103448275862069,0.6206896551724138,0.0,1.0,0.0,0.0
CUST002913,23,8188.2,356.0086956521739,1913.24,401.02110011710164,5,10,0,23,23,4,5,33.26086956521739,40,2.652173913043478,4,0,0,0,0,0,0,0,0,0,0.21739130434782608,0.43478260869565216,0.0,1.0,0.0,0.0
CUST002914,26,31727.71,1220.2965384615384,10489.31,2119.554448093169,4,17,0,26,26,9,7,34.80769230769231,50,2.8461538461538463,4,0,0,0,0,0,0,0,0,0,0.15384615384615385,0.6538461538461539,0.0,1.0,0.0,0.0
CUST002915,30,13611.91,453.7303333333333,4281.7,769.2766850413191,1,20,0,30,29,7,8,34.0,50,2.7333333333333334,4,0,0,0,0,0,0,0,0,0,0.03333333333333333,0.6666666666666666,0.0,1.0,0.0,0.0
CUST002916,21,11387.48,542.2609523809524,1680.53,391.0671450646904,4,10,0,21,21,7,3,33.333333333333336,35,2.6666666666666665,3,0,0,0,0,0,0,0,0,0,0.19047619047619047,0.47619047619047616,0.0,1.0,0.0,0.0
CUST002917,27,15469.37,572.9396296296296,2618.38,634.9804442868935,5,14,0,27,27,4,7,33.51851851851852,40,2.7037037037037037,4,0,0,0,0,0,0,0,0,0,0.18518518518518517,0.5185185185185185,0.0,1.0,0.0,0.0
CUST002918,22,28396.21,1290.736818181818,5113.67,1351.220890163116,4,10,0,22,22,6,8,34.09090909090909,50,2.6818181818181817,4,0,0,0,0,0,0,0,0,0,0.18181818181818182,0.45454545454545453,0.0,1.0,0.0,0.0
CUST002919,23,18907.11,822.0482608695653,5265.11,1359.6700551325348,3,9,0,23,23,7,6,33.47826086956522,50,2.5652173913043477,4,0,0,0,0,0,0,0,0,0,0.13043478260869565,0.391304347826087,0.0,1.0,0.0,0.0
CUST002920,27,14566.08,539.4844444444444,2296.67,561.3482815599033,10,13,0,27,27,7,8,34.25925925925926,40,2.8518518518518516,4,0,0,0,0,0,0,0,0,0,0.37037037037037035,0.48148148148148145,0.0,1.0,0.0,0.0
CUST002921,21,27087.47,1289.8795238095238,10654.59,2389.9397282305595,1,10,0,21,21,5,7,33.57142857142857,50,2.5714285714285716,4,0,0,0,0,0,0,0,0,0,0.047619047619047616,0.47619047619047616,0.0,1.0,0.0,0.0
CUST002922,27,24200.74,896.3237037037038,5280.78,1444.135197597372,5,10,0,27,27,5,6,33.51851851851852,55,2.5925925925925926,4,0,0,0,0,0,0,0,0,0,0.18518518518518517,0.37037037037037035,0.0,1.0,0.0,0.0
CUST002923,21,8514.119999999999,405.4342857142857,1563.2,451.5587323546232,3,12,0,21,21,9,6,33.57142857142857,40,2.7142857142857144,4,0,0,0,0,0,0,0,0,0,0.14285714285714285,0.5714285714285714,0.0,1.0,0.0,0.0
CUST002924,17,11022.35,648.3735294117647,1835.69,656.2597938596914,4,7,0,17,17,5,6,33.23529411764706,40,2.6470588235294117,4,0,0,0,0,0,0,0,0,0,0.23529411764705882,0.4117647058823529,0.0,1.0,0.0,0.0
CUST002925,24,10577.42,440.72583333333336,1084.47,382.5120426625599,6,11,0,24,24,6,6,48.541666666666664,55,3.7083333333333335,5,0,0,1,0,0,0,0,0,0,0.25,0.4583333333333333,0.0,1.0,0.0,0.0
CUST002926,21,18496.9,880.804761904762,9251.37,1953.5718967870603,5,11,0,21,21,4,5,51.19047619047619,100,3.9047619047619047,7,0,0,1,1,0,0,0,0,0,0.23809523809523808,0.5238095238095238,0.0,1.0,0.047619047619047616,0.0
CUST002927,30,15907.789999999999,530.2596666666666,2235.94,547.1806803939965,3,14,0,30,30,7,7,32.833333333333336,40,2.566666666666667,4,0,0,0,0,0,1,0,0,0,0.1,0.4666666666666667,0.0,1.0,0.0,0.0
CUST002928,23,17211.21,748.3134782608695,2459.95,805.0204943557687,6,14,0,23,23,6,9,34.34782608695652,40,2.869565217391304,4,0,0,0,0,0,0,0,0,0,0.2608695652173913,0.6086956521739131,0.0,1.0,0.0,0.0
CUST002929,21,12951.01,616.7147619047619,2488.14,696.0887625053219,3,9,0,21,21,5,5,32.857142857142854,40,2.5714285714285716,4,0,0,0,0,0,0,0,0,0,0.14285714285714285,0.42857142857142855,0.0,1.0,0.0,0.0
CUST002930,25,17695.010000000002,707.8004000000001,3207.3,853.3395665339405,4,13,0,25,25,5,5,33.4,40,2.68,4,0,0,0,0,0,0,0,0,0,0.16,0.52,0.0,1.0,0.0,0.0
CUST002931,13,12561.56,966.2738461538461,3532.44,1189.141370468194,0,8,0,13,13,5,4,33.07692307692308,35,2.6153846153846154,3,0,0,0,0,0,0,0,0,0,0.0,0.6153846153846154,0.0,1.0,0.0,0.0
CUST002932,24,17219.95,717.4979166666667,2443.84,741.5446217479412,6,12,0,24,24,8,5,33.75,40,2.75,4,0,0,0,0,0,0,0,0,0,0.25,0.5,0.0,1.0,0.0,0.0
CUST002933,19,15835.35,833.4394736842105,3188.64,814.0757551936748,5,6,0,19,19,5,3,32.89473684210526,40,2.5789473684210527,4,0,0,0,0,0,0,0,0,0,0.2631578947368421,0.3157894736842105,0.0,1.0,0.0,0.0
CUST002934,19,15406.79,810.8836842105263,4845.7,1141.1551725053314,3,6,0,19,19,3,4,32.36842105263158,40,2.473684210526316,4,0,0,0,0,0,0,0,0,0,0.15789473684210525,0.3157894736842105,0.0,1.0,0.0,0.0
CUST002935,22,12477.130000000001,567.1422727272728,1972.96,569.3812706951277,3,8,0,22,21,4,5,32.5,40,2.5,4,0,0,0,0,0,0,0,0,0,0.13636363636363635,0.36363636363636365,0.0,1.0,0.0,0.0
CUST002936,17,13167.33,774.5488235294117,3042.74,844.460037389887,5,9,0,17,17,5,6,34.11764705882353,40,2.823529411764706,4,0,0,0,0,0,0,0,0,0,0.29411764705882354,0.5294117647058824,0.0,1.0,0.0,0.0
CUST002937,25,12130.75,485.23,4136.64,835.1776750538377,4,13,0,25,25,6,4,33.4,40,2.68,4,0,0,0,0,0,0,0,0,0,0.16,0.52,0.0,1.0,0.0,0.0
CUST002938,16,7196.06,449.75375,2423.92,577.7204149399028,1,8,0,16,16,6,6,32.8125,35,2.5625,3,0,0,0,0,0,0,0,0,0,0.0625,0.5,0.0,1.0,0.0,0.0
CUST002939,22,20425.73,928.4422727272727,11289.57,2364.0129140810986,8,13,0,22,21,7,7,35.68181818181818,55,3.0,4,0,0,0,0,0,0,0,0,0,0.36363636363636365,0.5909090909090909,0.0,1.0,0.0,0.0
CUST002940,17,13823.91,813.1711764705882,2544.08,757.9114686663802,4,8,0,17,17,6,3,33.529411764705884,40,2.7058823529411766,4,0,0,0,0,0,0,0,0,0,0.23529411764705882,0.47058823529411764,0.0,1.0,0.0,0.0
CUST002941,31,18769.98,605.4832258064516,4095.57,871.8016020761722,0,14,0,31,31,8,7,32.25806451612903,35,2.4516129032258065,3,0,0,0,0,0,0,0,0,0,0.0,0.45161290322580644,0.0,1.0,0.0,0.0
CUST002942,27,23420.21,867.4151851851851,6722.44,1469.5430084353807,4,14,0,27,27,6,8,34.074074074074076,50,2.7037037037037037,4,0,0,0,0,0,0,0,0,0,0.14814814814814814,0.5185185185185185,0.0,1.0,0.0,0.0
CUST002943,31,14130.64,455.82709677419354,2093.56,507.57841903948565,8,13,0,31,31,8,6,33.38709677419355,40,2.6774193548387095,4,0,0,0,0,0,0,0,0,0,0.25806451612903225,0.41935483870967744,0.0,1.0,0.0,0.0
CUST002944,26,17497.66,672.9869230769231,3683.54,928.6086732774758,3,14,0,26,26,5,5,43.26923076923077,45,3.6538461538461537,4,1,0,0,0,0,0,0,0,0,0.11538461538461539,0.5384615384615384,0.0,1.0,0.0,0.0
CUST002945,20,9485.14,474.25699999999995,1524.13,463.3698996095997,4,8,0,20,20,4,5,33.0,40,2.6,4,0,0,0,0,0,0,0,0,0,0.2,0.4,0.0,1.0,0.0,0.0
CUST002946,23,8786.01,382.0004347826087,1665.23,405.166768251367,3,12,0,23,23,6,6,33.26086956521739,40,2.652173913043478,4,0,0,0,0,0,0,0,0,0,0.13043478260869565,0.5217391304347826,0.0,1.0,0.0,0.0
CUST002947,23,16831.06,731.7852173913044,3326.58,775.898554304325,3,14,0,23,23,7,4,33.69565217391305,40,2.739130434782609,4,0,0,0,0,0,0,0,0,0,0.13043478260869565,0.6086956521739131,0.0,1.0,0.0,0.0
CUST002948,25,16148.68,645.9472000000001,3789.95,978.4900211487427,5,10,0,25,25,6,6,33.0,40,2.6,4,0,0,0,0,0,0,0,0,0,0.2,0.4,0.0,1.0,0.0,0.0
CUST002949,23,13392.68,582.2904347826087,3855.83,860.0297928902772,8,13,0,23,23,7,7,34.56521739130435,40,2.9130434782608696,4,0,0,0,0,0,0,0,0,0,0.34782608695652173,0.5652173913043478,0.0,1.0,0.0,0.0
CUST002950,21,10728.44,510.8780952380953,1922.1,402.9569888042525,4,11,0,21,21,7,5,33.57142857142857,35,2.7142857142857144,3,0,0,0,0,0,0,0,0,0,0.19047619047619047,0.5238095238095238,0.0,1.0,0.0,0.0
CUST002951,22,15526.06,705.73,3049.39,721.2579639768285,1,11,0,22,22,6,4,32.72727272727273,40,2.5454545454545454,4,0,0,0,0,0,0,0,0,0,0.045454545454545456,0.5,0.0,1.0,0.0,0.0
CUST002952,27,35154.27,1302.01,17689.01,3366.8849772761305,5,11,0,27,27,5,5,33.7037037037037,55,2.6296296296296298,4,0,0,0,0,0,0,0,0,0,0.18518518518518517,0.4074074074074074,0.0,1.0,0.0,0.0
CUST002953,25,13737.17,549.4868,2502.3,732.6248161162256,5,11,0,25,25,6,6,33.2,40,2.64,4,0,0,0,0,0,0,0,0,0,0.2,0.44,0.0,1.0,0.0,0.0
CUST002954,25,16792.07,671.6828,5088.24,1237.6774994673153,4,13,0,25,25,5,7,34.2,50,2.72,4,0,0,0,0,0,0,0,0,0,0.16,0.52,0.0,1.0,0.0,0.0
CUST002955,30,17170.53,572.351,4924.54,976.2605812163556,5,19,0,30,30,9,10,34.5,45,2.8333333333333335,4,0,0,0,0,0,0,0,0,0,0.16666666666666666,0.6333333333333333,0.0,1.0,0.0,0.0
CUST002956,22,18386.65,835.7568181818183,5945.14,1453.6514279184653,2,13,0,22,22,7,6,34.31818181818182,50,2.727272727272727,4,0,0,0,0,0,0,0,0,0,0.09090909090909091,0.5909090909090909,0.0,1.0,0.0,0.0
CUST002957,24,19594.61,816.4420833333334,7811.94,1590.1230920113212,5,11,0,24,24,5,5,49.166666666666664,65,3.7083333333333335,5,0,0,1,0,0,0,0,0,0,0.20833333333333334,0.4583333333333333,0.0,1.0,0.0,0.0
CUST002958,20,11142.5,557.125,4550.46,1013.1973161521377,1,13,0,20,20,6,4,33.5,35,2.7,3,0,0,0,0,0,0,0,0,0,0.05,0.65,0.0,1.0,0.0,0.0
CUST002959,29,14886.99,513.3444827586206,2172.57,512.2216930586809,5,19,0,29,29,5,8,34.13793103448276,40,2.8275862068965516,4,0,0,0,0,0,0,0,0,0,0.1724137931034483,0.6551724137931034,0.0,1.0,0.0,0.0
CUST002960,30,18181.36,606.0453333333334,7369.89,1337.1982083078071,6,16,0,30,30,8,6,34.333333333333336,55,2.7666666666666666,4,0,0,0,0,0,0,0,0,0,0.2,0.5333333333333333,0.0,1.0,0.0,0.0
CUST002961,30,64685.81,2156.1936666666666,27273.67,5658.734185984001,5,16,0,30,30,7,9,36.333333333333336,80,2.8666666666666667,6,0,0,0,0,0,0,0,0,0,0.16666666666666666,0.5333333333333333,0.0,1.0,0.0,0.0
CUST002962,19,35819.81,1885.2531578947367,15197.75,3456.7019791800467,4,9,0,19,19,6,5,35.526315789473685,55,2.789473684210526,4,0,0,0,0,0,0,0,0,0,0.21052631578947367,0.47368421052631576,0.0,1.0,0.0,0.0
CUST002963,24,14762.5,615.1041666666666,3191.98,787.2757584443066,5,11,0,24,24,6,5,33.333333333333336,40,2.6666666666666665,4,0,0,0,0,0,0,0,0,0,0.20833333333333334,0.4583333333333333,0.0,1.0,0.0,0.0
CUST002964,33,41770.56,1265.7745454545454,16393.59,2868.2083125240083,7,17,0,33,33,9,7,34.24242424242424,55,2.757575757575758,4,0,0,0,0,0,0,0,0,0,0.21212121212121213,0.5151515151515151,0.0,1.0,0.0,0.0
CUST002965,30,25165.1,838.8366666666666,5872.25,1218.4534222935445,4,12,0,30,30,8,7,33.333333333333336,55,2.566666666666667,4,0,0,0,0,0,0,0,0,0,0.13333333333333333,0.4,0.0,1.0,0.0,0.0
CUST002966,35,19726.09,563.6025714285714,2271.47,624.2755102721445,6,19,0,35,35,8,5,33.57142857142857,40,2.7142857142857144,4,0,0,0,0,0,0,0,0,0,0.17142857142857143,0.5428571428571428,0.0,1.0,0.0,0.0
CUST002967,29,19271.04,664.5186206896552,4835.44,965.4127042385406,4,17,0,29,29,7,7,33.62068965517241,40,2.7241379310344827,4,0,0,0,0,0,0,0,0,0,0.13793103448275862,0.5862068965517241,0.0,1.0,0.0,0.0
CUST002968,16,14810.27,925.641875,5222.72,1360.1189162874389,1,9,0,16,16,5,5,34.375,55,2.6875,4,0,0,0,0,0,0,0,0,0,0.0625,0.5625,0.0,1.0,0.0,0.0
CUST002969,27,34871.64,1291.542222222222,7073.54,1891.5985836737166,4,15,0,27,27,9,5,35.0,55,2.7777777777777777,4,0,0,0,0,0,0,0,0,0,0.14814814814814814,0.5555555555555556,0.0,1.0,0.0,0.0
CUST002970,18,13612.94,756.2744444444445,3164.46,850.0078659443808,4,7,0,18,18,6,2,33.05555555555556,40,2.611111111111111,4,0,0,0,0,0,0,0,0,0,0.2222222222222222,0.3888888888888889,0.0,1.0,0.0,0.0
CUST002971,31,14987.99,483.4835483870968,3701.84,739.5774745467774,11,11,0,31,31,10,4,33.54838709677419,40,2.7096774193548385,4,0,0,0,0,0,0,0,0,0,0.3548387096774194,0.3548387096774194,0.0,1.0,0.0,0.0
CUST002972,23,10773.25,468.4021739130435,2378.0,594.3706684916754,3,14,0,23,23,9,8,33.69565217391305,40,2.739130434782609,4,0,0,0,0,0,0,0,0,0,0.13043478260869565,0.6086956521739131,0.0,1.0,0.0,0.0
CUST002973,24,13216.56,550.6899999999999,3641.06,869.0023909058018,6,5,0,24,23,3,6,32.291666666666664,40,2.4583333333333335,4,0,0,0,0,0,0,0,0,0,0.25,0.20833333333333334,0.0,1.0,0.0,0.0
CUST002974,25,19841.6,793.664,7993.98,1599.035420631242,8,13,0,25,25,8,7,35.0,50,2.88,4,0,0,0,0,0,0,0,0,0,0.32,0.52,0.0,1.0,0.0,0.0
CUST002975,24,15230.56,634.6066666666667,3859.6,909.3913772105647,5,9,0,24,24,6,6,32.916666666666664,40,2.5833333333333335,4,0,0,0,0,0,0,0,0,0,0.20833333333333334,0.375,0.0,1.0,0.0,0.0
CUST002976,22,10711.55,486.88863636363635,1916.28,431.56128249145684,6,10,0,22,22,7,6,33.63636363636363,40,2.727272727272727,4,0,0,0,0,0,0,0,0,0,0.2727272727272727,0.45454545454545453,0.0,1.0,0.0,0.0
CUST002977,18,15680.08,871.1155555555556,5228.13,1205.0393761895584,1,13,0,18,18,5,5,35.0,50,2.8333333333333335,4,0,0,0,0,0,0,0,0,0,0.05555555555555555,0.7222222222222222,0.0,1.0,0.0,0.0
CUST002978,24,32521.370000000003,1355.0570833333334,10539.44,2468.235132745098,6,10,0,24,24,5,7,35.0,55,2.75,4,0,0,0,0,0,0,0,0,0,0.25,0.4166666666666667,0.0,1.0,0.0,0.0
CUST002979,21,24168.22,1150.8676190476192,13870.31,2969.535024181235,3,12,0,21,21,5,8,35.23809523809524,75,2.8095238095238093,6,0,0,0,0,0,0,0,0,0,0.14285714285714285,0.5714285714285714,0.0,1.0,0.0,0.0
CUST002980,18,6871.639999999999,381.75777777777773,1111.8,288.872639829095,2,7,0,18,18,3,6,32.5,35,2.5,3,0,0,0,0,0,0,0,0,0,0.1111111111111111,0.3888888888888889,0.0,1.0,0.0,0.0
CUST002981,27,17787.04,658.7792592592593,5771.41,1141.0887729132473,9,9,0,27,27,4,7,34.074074074074076,50,2.7037037037037037,4,0,0,0,0,0,0,0,0,0,0.3333333333333333,0.3333333333333333,0.0,1.0,0.0,0.0
CUST002982,23,18607.97,809.0421739130435,3575.22,1051.5528918740586,2,7,0,23,23,4,4,31.956521739130434,40,2.391304347826087,4,0,0,0,0,0,0,0,0,0,0.08695652173913043,0.30434782608695654,0.0,1.0,0.0,0.0
CUST002983,28,29669.5,1059.625,7062.5,1521.513444228038,6,10,0,28,28,5,5,33.57142857142857,60,2.607142857142857,5,0,0,0,0,0,0,0,0,0,0.21428571428571427,0.35714285714285715,0.0,1.0,0.0,0.0
CUST002984,22,28088.01,1276.7277272727272,7575.22,1917.7268443628323,5,10,0,22,22,7,5,35.22727272727273,55,2.772727272727273,4,0,0,0,0,0,0,0,0,0,0.22727272727272727,0.45454545454545453,0.0,1.0,0.0,0.0
CUST002985,24,15850.22,660.4258333333333,2780.85,683.5555687847673,4,14,0,24,24,4,8,33.75,40,2.75,4,0,0,0,0,0,0,0,0,0,0.16666666666666666,0.5833333333333334,0.0,1.0,0.0,0.0
CUST002986,14,8968.17,640.5835714285714,1676.35,439.89902716606275,1,5,0,14,14,4,2,32.142857142857146,35,2.4285714285714284,3,0,0,0,0,0,0,0,0,0,0.07142857142857142,0.35714285714285715,0.0,1.0,0.0,0.0
CUST002987,20,14724.21,736.2104999999999,5537.01,1266.0155948880476,4,8,0,20,20,4,4,34.0,50,2.65,4,0,0,0,0,0,0,0,0,0,0.2,0.4,0.0,1.0,0.0,0.0
CUST002988,30,17421.66,580.722,1795.3,577.4558329872809,5,15,0,30,30,5,7,33.333333333333336,40,2.6666666666666665,4,0,0,0,0,0,0,0,0,0,0.16666666666666666,0.5,0.0,1.0,0.0,0.0
CUST002989,19,11705.5,616.078947368421,4832.78,1080.1925186275037,5,9,0,19,19,4,6,33.68421052631579,40,2.736842105263158,4,0,0,0,0,0,0,0,0,0,0.2631578947368421,0.47368421052631576,0.0,1.0,0.0,0.0
CUST002990,23,20997.21,912.9221739130435,9607.7,1959.644484589341,2,14,0,23,23,6,7,35.0,70,2.782608695652174,5,0,0,0,1,0,0,0,0,0,0.08695652173913043,0.6086956521739131,0.0,1.0,0.043478260869565216,0.0
CUST002991,25,12395.12,495.80480000000006,2733.28,611.365067554567,4,15,0,25,25,7,8,33.8,40,2.76,4,0,0,0,0,0,0,0,0,0,0.16,0.6,0.0,1.0,0.0,0.0
CUST002992,28,13979.4,499.2642857142857,2225.66,562.9740139547825,3,13,0,28,28,8,8,47.857142857142854,55,3.5714285714285716,5,0,0,1,0,0,0,0,0,0,0.10714285714285714,0.4642857142857143,0.0,1.0,0.0,0.0
CUST002993,23,33421.01,1453.0873913043479,7776.45,2221.179153081488,5,11,0,23,23,7,5,35.21739130434783,55,2.782608695652174,4,0,0,0,0,0,0,0,0,0,0.21739130434782608,0.4782608695652174,0.0,1.0,0.0,0.0
CUST002994,29,22880.33,788.9768965517242,4520.39,1114.5840556301819,7,17,0,29,29,5,9,34.13793103448276,40,2.8275862068965516,4,0,0,0,0,0,0,0,0,0,0.2413793103448276,0.5862068965517241,0.0,1.0,0.0,0.0
CUST002995,31,27304.41,880.7874193548387,6540.01,1292.001111599026,5,11,0,31,31,7,5,33.225806451612904,55,2.5483870967741935,4,0,0,0,0,0,1,0,0,0,0.16129032258064516,0.3548387096774194,0.0,1.0,0.0,0.0
CUST002996,22,7001.35,318.2431818181818,780.9,239.4753618182158,3,10,0,22,22,7,4,32.95454545454545,40,2.590909090909091,4,0,0,0,0,0,0,0,0,0,0.13636363636363635,0.45454545454545453,0.0,1.0,0.0,0.0
CUST002997,26,16854.09,648.2342307692307,5192.74,1034.2577151877497,3,10,0,26,26,4,5,33.26923076923077,50,2.5384615384615383,4,0,0,0,0,0,0,0,0,0,0.11538461538461539,0.38461538461538464,0.0,1.0,0.0,0.0
CUST002998,38,41676.98,1096.7626315789475,8811.04,1718.9473593777695,5,19,0,38,38,6,9,34.078947368421055,65,2.6842105263157894,4,0,0,0,1,0,0,0,0,0,0.13157894736842105,0.5,0.0,1.0,0.02631578947368421,0.0
CUST002999,25,18703.67,748.1468,3081.5,811.73315970993,4,14,0,25,25,6,6,33.6,40,2.72,4,0,0,0,0,0,0,0,0,0,0.16,0.56,0.0,1.0,0.0,0.0
CUST003000,23,15039.44,653.888695652174,3424.67,796.8808132582504,6,6,0,23,23,3,4,32.608695652173914,40,2.5217391304347827,4,0,0,0,0,0,0,0,0,0,0.2608695652173913,0.2608695652173913,0.0,1.0,0.0,0.0
CUST003001,22,19719.45,896.3386363636364,3087.22,988.9780220645065,1,10,0,22,22,6,6,32.5,35,2.5,3,0,0,0,0,0,0,0,0,0,0.045454545454545456,0.45454545454545453,0.0,1.0,0.0,0.0
CUST003002,17,11176.95,657.4676470588236,2736.75,790.9848017703107,4,11,0,17,17,5,6,34.411764705882355,40,2.8823529411764706,4,0,0,0,0,0,0,0,0,0,0.23529411764705882,0.6470588235294118,0.0,1.0,0.0,0.0
CUST003003,24,20019.83,834.1595833333334,4865.95,1084.8137457946577,3,15,0,24,24,5,7,43.75,50,3.75,5,1,0,0,0,0,0,0,0,0,0.125,0.625,0.0,1.0,0.0,0.0
CUST003004,26,12352.8,475.1076923076923,2294.31,549.1062206845426,4,14,0,26,26,7,9,33.46153846153846,40,2.6923076923076925,4,0,0,0,0,0,0,0,0,0,0.15384615384615385,0.5384615384615384,0.0,1.0,0.0,0.0
CUST003005,26,15708.33,604.1665384615385,1798.02,535.2691724502154,5,12,0,26,26,5,6,33.26923076923077,40,2.6538461538461537,4,0,0,0,0,0,0,0,0,0,0.19230769230769232,0.46153846153846156,0.0,1.0,0.0,0.0
CUST003006,33,28085.850000000002,851.0863636363637,4038.86,1106.26664126415,6,14,0,33,33,7,5,33.03030303030303,40,2.606060606060606,4,0,0,0,0,0,0,0,0,0,0.18181818181818182,0.42424242424242425,0.0,1.0,0.0,0.0
CUST003007,30,17394.2,579.8066666666667,4039.87,799.325188006489,8,13,0,30,30,8,6,33.5,40,2.7,4,0,0,0,0,0,0,0,0,0,0.26666666666666666,0.43333333333333335,0.0,1.0,0.0,0.0
CUST003008,31,26013.13,839.1332258064516,4287.07,1054.0233070427082,8,15,0,31,31,9,9,33.70967741935484,40,2.7419354838709675,4,0,0,0,0,0,0,0,0,0,0.25806451612903225,0.4838709677419355,0.0,1.0,0.0,0.0
CUST003009,18,8783.130000000001,487.9516666666667,1431.11,426.37947463635777,3,8,0,18,18,5,5,33.05555555555556,40,2.611111111111111,4,0,0,0,0,0,0,0,0,0,0.16666666666666666,0.4444444444444444,0.0,1.0,0.0,0.0
CUST003010,18,24517.699999999997,1362.0944444444442,17573.82,4068.6765851538357,3,8,0,1,18,2,7,14.166666666666666,35,1.6666666666666667,3,0,0,0,0,0,0,0,0,0,0.16666666666666666,0.4444444444444444,0.0,0.05555555555555555,0.0,0.0
CUST003011,27,9644.17,357.1914814814815,1326.8,320.69136374766344,5,14,0,27,26,7,9,33.51851851851852,40,2.7037037037037037,4,0,0,0,0,0,0,0,0,0,0.18518518518518517,0.5185185185185185,0.0,1.0,0.0,0.0
CUST003012,28,14131.95,504.71250000000003,2462.39,650.2609518728275,4,16,0,28,28,9,5,33.57142857142857,40,2.7142857142857144,4,0,0,0,0,0,0,0,0,0,0.14285714285714285,0.5714285714285714,0.0,1.0,0.0,0.0
CUST003013,24,17757.97,739.9154166666667,6038.3,1258.670960573542,4,13,0,24,24,7,5,34.375,55,2.75,4,0,0,0,0,0,0,0,0,0,0.16666666666666666,0.5416666666666666,0.0,1.0,0.0,0.0
CUST003014,24,18473.62,769.7341666666666,2385.9,682.903817671698,3,8,0,24,24,3,7,32.291666666666664,40,2.4583333333333335,4,0,0,0,0,0,0,0,0,0,0.125,0.3333333333333333,0.0,1.0,0.0,0.0
CUST003015,32,18106.67,565.8334375,2495.85,597.3136444092667,7,17,0,32,32,8,7,33.75,40,2.75,4,0,0,0,0,0,0,0,0,0,0.21875,0.53125,0.0,1.0,0.0,0.0
CUST003016,24,28386.39,1182.76625,16411.37,3329.4293040214307,4,10,0,24,24,6,3,33.75,60,2.625,5,0,0,0,0,0,0,0,0,0,0.16666666666666666,0.4166666666666667,0.0,1.0,0.0,0.0
CUST003017,22,22882.210000000003,1040.1004545454546,7990.13,1909.8376537473578,4,7,0,22,22,3,7,33.40909090909091,50,2.5454545454545454,4,0,0,0,0,0,0,0,0,0,0.18181818181818182,0.3181818181818182,0.0,1.0,0.0,0.0
CUST003018,24,15363.039999999999,640.1266666666667,2373.97,539.42919556063,6,16,0,24,24,10,8,34.583333333333336,40,2.9166666666666665,4,0,0,0,0,0,0,0,0,0,0.25,0.6666666666666666,0.0,1.0,0.0,0.0
CUST003019,30,26852.96,895.0986666666666,12452.05,2256.6202135994763,6,16,0,30,30,7,6,34.333333333333336,50,2.7666666666666666,4,0,0,0,0,0,0,0,0,0,0.2,0.5333333333333333,0.0,1.0,0.0,0.0
CUST003020,24,22953.06,956.3775,4261.47,1185.1320969530193,4,16,0,24,24,7,8,34.166666666666664,40,2.8333333333333335,4,0,0,0,0,0,0,0,0,0,0.16666666666666666,0.6666666666666666,0.0,1.0,0.0,0.0
CUST003021,24,11399.77,474.9904166666667,1984.76,501.40590738511287,6,13,0,24,24,7,7,33.958333333333336,40,2.7916666666666665,4,0,0,0,0,0,0,0,0,0,0.25,0.5416666666666666,0.0,1.0,0.0,0.0
CUST003022,17,11173.949999999999,657.2911764705882,4166.11,1000.1246382319201,3,5,0,17,17,6,1,32.35294117647059,40,2.4705882352941178,4,0,0,0,0,0,0,0,0,0,0.17647058823529413,0.29411764705882354,0.0,1.0,0.0,0.0
CUST003023,22,9679.93,439.9968181818182,1178.99,381.23373664467397,5,13,0,22,22,7,6,34.09090909090909,40,2.8181818181818183,4,0,0,0,0,0,0,0,0,0,0.22727272727272727,0.5909090909090909,0.0,1.0,0.0,0.0
CUST003024,20,7472.96,373.648,1377.0,399.2136009126996,2,9,0,20,20,5,6,32.75,35,2.55,3,0,0,0,0,0,0,0,0,0,0.1,0.45,0.0,1.0,0.0,0.0
CUST003025,25,16207.96,648.3184,2219.72,581.3293842900081,5,18,0,25,25,8,7,34.6,40,2.92,4,0,0,0,0,0,0,0,0,0,0.2,0.72,0.0,1.0,0.0,0.0
CUST003026,30,21695.41,723.1803333333334,3281.52,760.1494609137544,6,17,0,30,30,8,8,33.833333333333336,40,2.7666666666666666,4,0,0,0,0,0,0,0,0,0,0.2,0.5666666666666667,0.0,1.0,0.0,0.0
CUST003027,26,15352.07,590.4642307692308,2475.52,558.6766223437173,1,14,0,26,26,9,5,32.88461538461539,40,2.576923076923077,4,0,0,0,0,0,0,0,0,0,0.038461538461538464,0.5384615384615384,0.0,1.0,0.0,0.0
CUST003028,30,23745.44,791.5146666666666,7000.9,1307.0263543836188,5,13,0,30,30,9,6,33.666666666666664,55,2.6333333333333333,4,0,0,0,0,0,0,0,0,0,0.16666666666666666,0.43333333333333335,0.0,1.0,0.0,0.0
CUST003029,19,8725.18,459.22,2786.62,617.5743181188802,5,4,0,19,19,4,3,32.36842105263158,40,2.473684210526316,4,0,0,0,0,0,0,0,0,0,0.2631578947368421,0.21052631578947367,0.0,1.0,0.0,0.0
CUST003030,17,15373.380000000001,904.3164705882353,2342.49,763.9993966943067,3,5,0,17,16,4,2,32.35294117647059,35,2.4705882352941178,3,0,0,0,0,0,0,0,0,0,0.17647058823529413,0.29411764705882354,0.0,1.0,0.0,0.0
CUST003031,30,16790.64,559.688,1815.24,475.42020761601543,7,15,0,30,30,8,3,33.666666666666664,40,2.7333333333333334,4,0,0,0,0,0,0,0,0,0,0.23333333333333334,0.5,0.0,1.0,0.0,0.0
CUST003032,22,31087.95,1413.0886363636364,15760.75,3321.516364842585,3,8,0,22,22,3,6,33.40909090909091,50,2.5454545454545454,4,0,0,0,0,0,0,0,0,0,0.13636363636363635,0.36363636363636365,0.0,1.0,0.0,0.0
CUST003033,27,17559.51,650.3522222222222,2809.05,713.3941733137078,7,17,0,27,27,8,9,34.44444444444444,40,2.888888888888889,4,0,0,0,0,0,0,0,0,0,0.25925925925925924,0.6296296296296297,0.0,1.0,0.0,0.0
CUST003034,20,11127.130000000001,556.3565000000001,1952.32,605.143958281829,7,7,0,20,20,5,4,33.5,40,2.7,4,0,0,0,0,0,0,0,0,0,0.35,0.35,0.0,1.0,0.0,0.0
CUST003035,23,13055.67,567.6378260869566,2256.56,580.6097933126118,6,6,0,23,23,3,5,32.608695652173914,35,2.5217391304347827,3,0,0,0,0,0,0,0,0,0,0.2608695652173913,0.2608695652173913,0.0,1.0,0.0,0.0
CUST003036,26,16002.65,615.4865384615384,2847.7,783.7541447976773,4,13,0,26,26,7,6,33.26923076923077,40,2.6538461538461537,4,0,0,0,0,0,0,0,0,0,0.15384615384615385,0.5,0.0,1.0,0.0,0.0
CUST003037,28,21389.39,763.9067857142857,7366.39,1449.9760212118285,2,10,0,28,28,7,4,32.857142857142854,50,2.4642857142857144,4,0,0,0,0,0,0,0,0,0,0.07142857142857142,0.35714285714285715,0.0,1.0,0.0,0.0
CUST003038,24,21409.55,892.0645833333333,8826.24,1802.4294863852851,4,12,0,24,24,5,8,45.416666666666664,95,3.7916666666666665,7,1,0,0,1,0,0,0,0,0,0.16666666666666666,0.5,0.0,1.0,0.041666666666666664,0.0
CUST003039,22,14403.78,654.7172727272728,1863.37,583.3458515624028,3,9,0,22,22,4,4,32.72727272727273,40,2.5454545454545454,4,0,0,0,0,0,0,0,0,0,0.13636363636363635,0.4090909090909091,0.0,1.0,0.0,0.0
CUST003040,27,18641.12,690.4118518518518,3950.45,968.4711896395385,5,11,0,27,26,4,6,32.96296296296296,40,2.5925925925925926,4,0,0,0,0,0,0,0,0,0,0.18518518518518517,0.4074074074074074,0.0,1.0,0.0,0.0
CUST003041,25,35850.37,1434.0148000000002,17901.57,3513.077285828053,5,14,0,25,25,7,8,35.2,70,2.84,5,0,0,0,0,0,0,0,0,0,0.2,0.56,0.0,1.0,0.0,0.0
CUST003042,19,7290.43,383.70684210526315,1063.28,300.79865218471366,4,12,0,19,19,6,6,34.21052631578947,40,2.8421052631578947,4,0,0,0,0,0,0,0,0,0,0.21052631578947367,0.631578947368421,0.0,1.0,0.0,0.0
CUST003043,27,28159.11,1042.93,10821.61,2061.4503164389275,4,15,0,27,27,5,8,34.25925925925926,55,2.740740740740741,4,0,0,0,0,0,0,0,0,0,0.14814814814814814,0.5555555555555556,0.0,1.0,0.0,0.0
CUST003044,29,21094.37,727.3920689655172,2857.76,756.7354174600417,6,17,0,29,29,9,5,33.96551724137931,40,2.793103448275862,4,0,0,0,0,0,0,0,0,0,0.20689655172413793,0.5862068965517241,0.0,1.0,0.0,0.0
CUST003045,17,11542.41,678.9652941176471,5542.04,1305.108234635722,3,9,0,17,17,6,6,34.705882352941174,50,2.764705882352941,4,0,0,0,0,0,0,0,0,0,0.17647058823529413,0.5294117647058824,0.0,1.0,0.0,0.0
CUST003046,32,15623.62,488.238125,2225.94,555.2219152644457,5,18,0,32,32,8,7,33.59375,40,2.71875,4,0,0,0,0,0,0,0,0,0,0.15625,0.5625,0.0,1.0,0.0,0.0
CUST003047,27,15877.05,588.0388888888889,4030.99,949.2225614977816,2,15,0,27,27,6,9,33.148148148148145,35,2.6296296296296298,3,0,0,0,0,0,0,0,0,0,0.07407407407407407,0.5555555555555556,0.0,1.0,0.0,0.0
CUST003048,30,19043.64,634.788,2899.6,739.2062763084423,6,17,0,30,30,8,8,33.833333333333336,40,2.7666666666666666,4,0,0,0,0,0,0,0,0,0,0.2,0.5666666666666667,0.0,1.0,0.0,0.0
CUST003049,21,24041.129999999997,1144.8157142857142,14802.71,3173.274509183804,7,12,0,21,21,6,6,35.476190476190474,55,2.9523809523809526,4,0,0,0,0,0,0,0,0,0,0.3333333333333333,0.5714285714285714,0.0,1.0,0.0,0.0
CUST003050,24,14790.7,616.2791666666667,1582.78,484.11363136926457,5,13,0,24,24,7,7,33.75,40,2.75,4,0,0,0,0,0,0,0,0,0,0.20833333333333334,0.5416666666666666,0.0,1.0,0.0,0.0
CUST003051,29,32515.65,1121.2293103448276,7255.58,1705.3130287510498,7,12,0,29,29,7,5,34.6551724137931,55,2.7241379310344827,4,0,0,0,0,0,0,0,0,0,0.2413793103448276,0.41379310344827586,0.0,1.0,0.0,0.0
CUST003052,26,13540.46,520.786923076923,2671.85,551.8366765612393,5,13,0,26,26,8,5,33.46153846153846,40,2.6923076923076925,4,0,0,0,0,0,0,0,0,0,0.19230769230769232,0.5,0.0,1.0,0.0,0.0
CUST003053,33,32975.64,999.2618181818182,9005.6,1904.360408702641,6,15,0,33,33,9,8,35.303030303030305,80,2.757575757575758,5,0,0,0,1,0,0,0,0,0,0.18181818181818182,0.45454545454545453,0.0,1.0,0.030303030303030304,0.0
CUST003054,30,24444.539999999997,814.8179999999999,4210.98,1081.41873422227,9,16,0,30,30,6,6,34.166666666666664,40,2.8333333333333335,4,0,0,0,0,0,0,0,0,0,0.3,0.5333333333333333,0.0,1.0,0.0,0.0
CUST003055,27,23700.96,877.8133333333333,3671.99,953.4606281573215,7,14,0,27,27,9,8,33.888888888888886,40,2.7777777777777777,4,0,0,0,0,0,0,0,0,0,0.25925925925925924,0.5185185185185185,0.0,1.0,0.0,0.0
CUST003056,21,15443.04,735.3828571428572,5203.01,1110.5634446988738,5,11,0,21,21,8,5,35.476190476190474,70,2.857142857142857,5,0,0,0,0,0,0,0,0,0,0.23809523809523808,0.5238095238095238,0.0,1.0,0.0,0.0
CUST003057,21,36538.19,1739.9138095238097,14501.17,3184.684735449455,6,11,0,21,21,6,5,35.95238095238095,50,2.9047619047619047,4,0,0,0,0,0,0,0,0,0,0.2857142857142857,0.5238095238095238,0.0,1.0,0.0,0.0
CUST003058,16,15601.98,975.12375,3740.3,1080.9725771722117,2,7,0,16,16,5,4,82.8125,90,3.5625,5,0,1,0,0,0,0,0,0,0,0.125,0.4375,0.0,1.0,0.0,0.0
CUST003059,26,35856.79,1379.1073076923078,13898.67,3633.876072552345,5,11,0,26,26,5,4,34.61538461538461,55,2.6923076923076925,4,0,0,0,0,0,0,0,0,0,0.19230769230769232,0.4230769230769231,0.0,1.0,0.0,0.0
CUST003060,20,19306.260000000002,965.3130000000001,6390.04,1680.2923212787773,4,10,0,20,20,5,6,34.5,60,2.75,5,0,0,0,0,0,0,0,0,0,0.2,0.5,0.0,1.0,0.0,0.0
CUST003061,15,6442.86,429.524,1215.3,384.0122902013871,0,4,0,15,15,3,2,31.333333333333332,35,2.2666666666666666,3,0,0,0,0,0,0,0,0,0,0.0,0.26666666666666666,0.0,1.0,0.0,0.0
CUST003062,28,21107.89,753.8532142857142,7163.35,1473.9535614652018,5,17,0,28,28,8,7,34.642857142857146,50,2.8214285714285716,4,0,0,0,0,0,0,0,0,0,0.17857142857142858,0.6071428571428571,0.0,1.0,0.0,0.0
CUST003063,18,54162.73,3009.040555555556,34477.97,8268.148032984578,3,9,0,18,18,5,5,36.94444444444444,75,2.888888888888889,5,0,0,0,0,0,0,0,0,0,0.16666666666666666,0.5,0.0,1.0,0.0,0.0
CUST003064,31,19573.190000000002,631.3932258064517,4633.14,919.2934124401817,3,18,0,31,31,6,9,33.38709677419355,40,2.6774193548387095,4,0,0,0,0,0,0,0,0,0,0.0967741935483871,0.5806451612903226,0.0,1.0,0.0,0.0
CUST003065,28,17805.14,635.8978571428571,2243.71,601.2146773198969,6,9,0,28,28,4,7,32.67857142857143,40,2.5357142857142856,4,0,0,0,0,0,0,0,0,0,0.21428571428571427,0.32142857142857145,0.0,1.0,0.0,0.0
CUST003066,22,22119.66,1005.4390909090909,6812.02,1436.7412733448102,7,10,0,22,22,4,4,34.77272727272727,50,2.8181818181818183,4,0,0,0,0,0,0,0,0,0,0.3181818181818182,0.45454545454545453,0.0,1.0,0.0,0.0
CUST003067,18,20575.52,1143.0844444444444,11674.47,2704.1567135913992,3,8,0,18,18,6,5,34.166666666666664,50,2.6666666666666665,3,0,0,0,0,0,0,0,0,0,0.16666666666666666,0.4444444444444444,0.0,1.0,0.0,0.0
CUST003068,24,21041.34,876.7225,5930.67,1309.4051448629177,7,12,0,24,24,7,5,34.791666666666664,60,2.8333333333333335,5,0,0,0,0,0,0,0,0,0,0.2916666666666667,0.5,0.0,1.0,0.0,0.0
CUST003069,29,23391.68,806.6096551724138,7467.33,1435.7975166100016,6,11,0,29,29,8,6,33.62068965517241,50,2.6206896551724137,3,0,0,0,0,0,0,0,0,0,0.20689655172413793,0.3793103448275862,0.0,1.0,0.0,0.0
CUST003070,23,6808.72,296.0313043478261,885.92,256.8338179429073,1,9,0,23,23,4,5,32.17391304347826,40,2.4347826086956523,4,0,0,0,0,0,0,0,0,0,0.043478260869565216,0.391304347826087,0.0,1.0,0.0,0.0
CUST003071,23,15058.550000000001,654.7195652173914,3794.52,911.3538447749953,4,15,0,23,23,8,8,34.130434782608695,40,2.8260869565217392,4,0,0,0,0,0,0,0,0,0,0.17391304347826086,0.6521739130434783,0.0,1.0,0.0,0.0
CUST003072,30,30864.870000000003,1028.8290000000002,12725.59,2346.2702894408303,10,17,0,30,30,9,8,36.166666666666664,65,3.0,5,0,0,0,0,0,0,0,0,0,0.3333333333333333,0.5666666666666667,0.0,1.0,0.0,0.0
CUST003073,20,21903.98,1095.199,6458.8,1479.8989791657366,6,8,0,20,20,4,5,34.5,50,2.75,4,0,0,0,0,0,0,0,0,0,0.3,0.4,0.0,1.0,0.0,0.0
CUST003074,29,19537.84,673.7186206896552,4807.49,959.5182934671071,6,14,0,29,29,6,8,33.44827586206897,40,2.689655172413793,4,0,0,0,0,0,0,0,0,0,0.20689655172413793,0.4827586206896552,0.0,1.0,0.0,0.0
CUST003075,27,14380.06,532.5948148148148,2969.15,880.8877624758856,6,13,0,27,27,7,6,33.51851851851852,40,2.7037037037037037,4,0,0,0,0,0,0,0,0,0,0.2222222222222222,0.48148148148148145,0.0,1.0,0.0,0.0
CUST003076,19,13055.810000000001,687.1478947368422,2554.84,758.8823854164239,7,9,0,19,19,5,5,34.21052631578947,40,2.8421052631578947,4,0,0,0,0,0,0,0,0,0,0.3684210526315789,0.47368421052631576,0.0,1.0,0.0,0.0
CUST003077,19,16211.22,853.2221052631579,4990.19,1342.6717605190486,3,8,0,19,19,4,8,32.89473684210526,40,2.5789473684210527,4,0,0,0,0,0,0,0,0,0,0.15789473684210525,0.42105263157894735,0.0,1.0,0.0,0.0
CUST003078,29,29277.59,1009.5720689655172,5336.29,1427.1188006819377,5,14,0,29,29,6,6,33.96551724137931,55,2.689655172413793,4,0,0,0,0,0,0,0,0,0,0.1724137931034483,0.4827586206896552,0.0,1.0,0.0,0.0
CUST003079,30,16615.62,553.8539999999999,3868.96,783.2826198171297,5,14,0,30,30,6,7,33.166666666666664,40,2.6333333333333333,4,0,0,0,0,0,0,0,0,0,0.16666666666666666,0.4666666666666667,0.0,1.0,0.0,0.0
CUST003080,17,22640.38,1331.7870588235294,4009.43,1371.89731729804,4,7,0,17,17,3,4,33.23529411764706,35,2.6470588235294117,3,0,0,0,0,0,0,0,0,0,0.23529411764705882,0.4117647058823529,0.0,1.0,0.0,0.0
CUST003081,35,24313.2,694.6628571428572,6609.53,1236.3610502827653,9,11,0,35,35,5,5,33.42857142857143,55,2.6,4,0,0,0,0,0,0,0,0,0,0.2571428571428571,0.3142857142857143,0.0,1.0,0.0,0.0
CUST003082,24,31391.34,1307.9725,20380.18,4096.945189035203,2,11,0,24,24,8,4,34.166666666666664,70,2.625,5,0,0,0,0,0,0,0,0,0,0.08333333333333333,0.4583333333333333,0.0,1.0,0.0,0.0
CUST003083,22,20498.24,931.7381818181819,12242.73,2554.471728702315,7,10,0,22,22,5,7,35.45454545454545,65,2.8636363636363638,4,0,0,0,0,0,0,0,0,0,0.3181818181818182,0.45454545454545453,0.0,1.0,0.0,0.0
CUST003084,17,7134.14,419.6552941176471,1481.14,393.9755065692163,4,7,0,17,17,4,4,33.23529411764706,40,2.6470588235294117,4,0,0,0,0,0,0,0,0,0,0.23529411764705882,0.4117647058823529,0.0,1.0,0.0,0.0
CUST003085,20,13118.74,655.937,3135.97,739.5878890165792,5,14,0,20,20,9,5,34.75,40,2.95,4,0,0,0,0,0,0,0,0,0,0.25,0.7,0.0,1.0,0.0,0.0
CUST003086,26,45291.090000000004,1741.9650000000001,19525.83,4565.728927351032,3,13,0,26,26,8,7,34.61538461538461,50,2.6923076923076925,4,0,0,0,0,0,0,0,0,0,0.11538461538461539,0.5,0.0,1.0,0.0,0.0
CUST003087,28,21960.84,784.3157142857143,5179.49,1237.2894460261184,7,17,0,28,28,9,5,35.0,55,2.892857142857143,4,0,0,0,0,0,0,0,0,0,0.25,0.6071428571428571,0.0,1.0,0.0,0.0
CUST003088,22,29148.24,1324.92,9755.7,2305.1520756010045,5,9,0,22,22,4,8,34.77272727272727,65,2.727272727272727,4,0,0,0,1,0,0,0,0,0,0.22727272727272727,0.4090909090909091,0.0,1.0,0.045454545454545456,0.0
CUST003089,23,12769.95,555.2152173913043,2349.28,527.8514611557581,7,15,0,23,23,6,7,34.78260869565217,40,2.9565217391304346,4,0,0,0,0,0,0,0,0,0,0.30434782608695654,0.6521739130434783,0.0,1.0,0.0,0.0
CUST003090,30,12671.8,422.3933333333333,1462.37,379.3122855936765,6,13,0,30,30,7,7,33.166666666666664,40,2.6333333333333333,4,0,0,0,0,0,0,0,0,0,0.2,0.43333333333333335,0.0,1.0,0.0,0.0
CUST003091,25,15493.6,619.744,3192.65,693.6964704033026,7,9,0,25,25,5,5,33.2,35,2.64,3,0,0,0,0,0,0,0,0,0,0.28,0.36,0.0,1.0,0.0,0.0
CUST003092,16,23109.6,1444.35,5493.3,1864.5520761941727,3,8,0,16,16,4,6,34.6875,50,2.75,4,0,0,0,0,0,0,0,0,0,0.1875,0.5,0.0,1.0,0.0,0.0
CUST003093,17,16880.59,992.9758823529412,7079.16,1682.1776184311618,1,6,0,17,17,6,3,35.88235294117647,70,2.6470588235294117,5,0,0,0,0,0,0,0,0,0,0.058823529411764705,0.35294117647058826,0.0,1.0,0.0,0.0
CUST003094,24,17747.45,739.4770833333333,3257.75,899.2065822929397,3,13,0,24,24,6,6,33.333333333333336,40,2.6666666666666665,4,0,0,0,0,0,0,0,0,0,0.125,0.5416666666666666,0.0,1.0,0.0,0.0
CUST003095,23,17403.76,756.6852173913043,6118.01,1372.6919677800643,3,12,0,23,23,8,5,34.130434782608695,50,2.6956521739130435,4,0,0,0,0,0,0,0,0,0,0.13043478260869565,0.5217391304347826,0.0,1.0,0.0,0.0
CUST003096,17,19031.5,1119.5,6571.17,1918.1539209843145,2,12,0,17,17,6,4,36.470588235294116,55,2.9411764705882355,4,0,0,0,0,0,0,0,0,0,0.11764705882352941,0.7058823529411765,0.0,1.0,0.0,0.0
CUST003097,28,17162.72,612.9542857142858,4024.65,841.3830465125442,7,12,0,28,28,5,9,33.392857142857146,40,2.6785714285714284,4,0,0,0,0,0,0,0,0,0,0.25,0.42857142857142855,0.0,1.0,0.0,0.0
CUST003098,24,15942.84,664.285,3885.79,957.6824912936617,1,17,0,24,24,6,7,33.75,40,2.75,4,0,0,0,0,0,0,0,0,0,0.041666666666666664,0.7083333333333334,0.0,1.0,0.0,0.0
CUST003099,22,11214.960000000001,509.77090909090913,2175.02,625.0432366294967,1,12,0,22,22,5,5,32.95454545454545,40,2.590909090909091,4,0,0,0,0,0,0,0,0,0,0.045454545454545456,0.5454545454545454,0.0,1.0,0.0,0.0
CUST003100,27,18935.75,701.324074074074,3183.23,804.9605527805469,6,18,0,27,27,8,6,34.44444444444444,40,2.888888888888889,4,0,0,0,0,0,0,0,0,0,0.2222222222222222,0.6666666666666666,0.0,1.0,0.0,0.0
CUST003101,28,28088.56,1003.1628571428572,7788.12,1606.0926672952849,2,13,0,28,28,6,6,33.392857142857146,50,2.5714285714285716,4,0,0,0,0,0,0,0,0,0,0.07142857142857142,0.4642857142857143,0.0,1.0,0.0,0.0
CUST003102,18,11243.7,624.6500000000001,2440.82,575.5963417800605,3,8,0,18,18,6,4,33.05555555555556,40,2.611111111111111,4,0,0,0,0,0,0,0,0,0,0.16666666666666666,0.4444444444444444,0.0,1.0,0.0,0.0
CUST003103,24,28728.39,1197.01625,11047.5,2307.8744096072705,6,13,0,24,24,6,6,34.791666666666664,55,2.8333333333333335,4,0,0,0,0,0,0,0,0,0,0.25,0.5416666666666666,0.0,1.0,0.0,0.0
CUST003104,22,11049.460000000001,502.2481818181819,2645.67,656.8396819811576,8,15,0,22,22,7,7,35.22727272727273,40,3.0454545454545454,4,0,0,0,0,0,0,0,0,0,0.36363636363636365,0.6818181818181818,0.0,1.0,0.0,0.0
CUST003105,20,18959.6,947.9799999999999,6055.17,1606.1405413435548,4,11,0,20,20,5,6,34.75,55,2.8,4,0,0,0,0,0,0,0,0,0,0.2,0.55,0.0,1.0,0.0,0.0
CUST003106,22,14671.14,666.87,3218.89,831.683277633522,3,13,0,22,22,6,8,33.63636363636363,40,2.727272727272727,4,0,0,0,0,0,0,0,0,0,0.13636363636363635,0.5909090909090909,0.0,1.0,0.0,0.0
CUST003107,24,13228.19,551.1745833333333,1830.93,524.3919621559163,4,15,0,24,24,7,7,33.958333333333336,40,2.7916666666666665,4,0,0,0,0,0,0,0,0,0,0.16666666666666666,0.625,0.0,1.0,0.0,0.0
CUST003108,27,27040.41,1001.4966666666667,5501.36,1479.0897343064648,6,14,0,27,27,7,5,34.44444444444444,50,2.7777777777777777,4,0,0,0,0,0,0,0,0,0,0.2222222222222222,0.5185185185185185,0.0,1.0,0.0,0.0
CUST003109,29,25036.5,863.3275862068965,3801.56,1000.7809721935564,3,16,0,29,29,9,8,33.275862068965516,40,2.6551724137931036,4,0,0,0,0,0,0,0,0,0,0.10344827586206896,0.5517241379310345,0.0,1.0,0.0,0.0
CUST003110,23,9486.93,412.47521739130434,1912.53,401.26030988589355,5,14,0,23,23,7,6,34.130434782608695,40,2.8260869565217392,4,0,0,0,0,0,0,0,0,0,0.21739130434782608,0.6086956521739131,0.0,1.0,0.0,0.0
CUST003111,31,13569.15,437.71451612903223,1279.36,377.686807596265,4,22,0,31,30,11,9,34.193548387096776,40,2.838709677419355,4,0,0,0,0,0,0,0,0,0,0.12903225806451613,0.7096774193548387,0.0,1.0,0.0,0.0
CUST003112,26,25053.420000000002,963.593076923077,7084.27,1532.3835124661691,4,15,0,26,26,4,10,34.42307692307692,55,2.769230769230769,4,0,0,0,0,0,0,0,0,0,0.15384615384615385,0.5769230769230769,0.0,1.0,0.0,0.0
CUST003113,30,19261.55,642.0516666666666,4121.06,912.1674354093466,4,15,0,30,30,6,8,33.666666666666664,50,2.6666666666666665,4,0,0,0,0,0,0,0,0,0,0.13333333333333333,0.5,0.0,1.0,0.0,0.0
CUST003114,17,9352.85,550.1676470588236,3771.57,867.8582285253264,3,8,0,17,17,6,4,33.23529411764706,40,2.6470588235294117,4,0,0,0,0,0,0,0,0,0,0.17647058823529413,0.47058823529411764,0.0,1.0,0.0,0.0
CUST003115,24,17508.68,729.5283333333333,4124.3,1007.724695550917,1,12,0,24,24,5,7,32.708333333333336,40,2.5416666666666665,4,0,0,0,0,0,0,0,0,0,0.041666666666666664,0.5,0.0,1.0,0.0,0.0
CUST003116,24,41985.82,1749.4091666666666,28120.52,5700.9503780662035,4,14,0,24,24,7,7,35.625,75,2.875,5,0,0,0,0,0,0,0,0,0,0.16666666666666666,0.5833333333333334,0.0,1.0,0.0,0.0
CUST003117,19,13095.94,689.26,2455.11,725.5000948005146,2,14,0,19,19,6,9,34.21052631578947,40,2.8421052631578947,4,0,0,0,0,0,0,0,0,0,0.10526315789473684,0.7368421052631579,0.0,1.0,0.0,0.0
CUST003118,20,41398.95,2069.9474999999998,27543.07,6100.714920294502,3,9,0,20,20,5,7,51.25,95,3.8,7,0,0,1,0,0,0,0,0,0,0.15,0.45,0.0,1.0,0.0,0.0
CUST003119,28,29571.260000000002,1056.1164285714287,14328.04,2680.1491324056806,5,15,0,28,28,5,8,34.285714285714285,55,2.75,4,0,0,0,0,0,0,0,0,0,0.17857142857142858,0.5357142857142857,0.0,1.0,0.0,0.0
CUST003120,27,24840.04,920.0014814814815,7168.14,1474.728811376998,4,17,0,27,26,8,8,34.629629629629626,50,2.814814814814815,4,0,0,0,0,0,0,0,0,0,0.14814814814814814,0.6296296296296297,0.0,1.0,0.0,0.0
CUST003121,26,15680.92,603.1123076923077,4183.63,817.4180541696285,5,10,0,26,26,9,4,32.88461538461539,40,2.576923076923077,4,0,0,0,0,0,0,0,0,0,0.19230769230769232,0.38461538461538464,0.0,1.0,0.0,0.0
CUST003122,24,24587.77,1024.4904166666668,4964.91,1509.8685440316785,8,13,0,24,24,8,3,34.375,40,2.875,4,0,0,0,0,0,0,0,0,0,0.3333333333333333,0.5416666666666666,0.0,1.0,0.0,0.0
CUST003123,29,27452.38,946.6337931034483,4952.45,1065.987972062315,5,12,0,29,29,9,5,32.93103448275862,40,2.586206896551724,4,0,0,0,0,0,0,0,0,0,0.1724137931034483,0.41379310344827586,0.0,1.0,0.0,0.0
CUST003124,19,15504.43,816.0226315789474,5334.8,1214.4611212744255,4,7,0,19,19,5,3,33.94736842105263,55,2.6315789473684212,4,0,0,0,0,0,0,0,0,0,0.21052631578947367,0.3684210526315789,0.0,1.0,0.0,0.0
CUST003125,27,16457.35,609.5314814814815,2124.5,600.2765861520305,5,11,0,27,27,6,4,32.96296296296296,40,2.5925925925925926,4,0,0,0,0,0,0,0,0,0,0.18518518518518517,0.4074074074074074,0.0,1.0,0.0,0.0
CUST003126,24,15604.04,650.1683333333334,3358.82,802.7889910732495,7,13,0,24,24,5,7,34.166666666666664,40,2.8333333333333335,4,0,0,0,0,0,0,0,0,0,0.2916666666666667,0.5416666666666666,0.0,1.0,0.0,0.0
CUST003127,26,16953.399999999998,652.053846153846,3842.35,854.6310176682188,4,11,0,26,26,4,7,32.88461538461539,40,2.576923076923077,4,0,0,0,0,0,0,0,0,0,0.15384615384615385,0.4230769230769231,0.0,1.0,0.0,0.0
CUST003128,25,29086.63,1163.4652,7934.86,2160.3180110810076,2,12,0,25,25,7,5,35.2,55,2.68,4,0,0,0,0,0,0,0,0,0,0.08,0.48,0.0,1.0,0.0,0.0
CUST003129,25,21765.64,870.6256,5448.93,1340.1167053005747,5,12,0,25,25,5,7,34.2,55,2.72,4,0,0,0,0,0,0,0,0,0,0.2,0.48,0.0,1.0,0.0,0.0
CUST003130,14,6614.21,472.44357142857143,2698.81,689.3613605092664,5,7,0,14,14,4,4,34.285714285714285,40,2.857142857142857,4,0,0,0,0,0,0,0,0,0,0.35714285714285715,0.5,0.0,1.0,0.0,0.0
CUST003131,23,9295.17,404.1378260869565,1702.7,492.86542230065675,3,11,0,23,23,6,6,48.04347826086956,55,3.608695652173913,5,0,0,1,0,0,0,0,0,0,0.13043478260869565,0.4782608695652174,0.0,1.0,0.0,0.0
CUST003132,30,21739.07,724.6356666666667,2681.61,780.2532208760636,1,9,0,30,30,5,5,31.666666666666668,35,2.3333333333333335,3,0,0,0,0,0,0,0,0,0,0.03333333333333333,0.3,0.0,1.0,0.0,0.0
CUST003133,15,6456.03,430.402,1622.36,459.40802471690205,1,9,0,15,15,7,4,33.333333333333336,40,2.6666666666666665,4,0,0,0,0,0,0,0,0,0,0.06666666666666667,0.6,0.0,1.0,0.0,0.0
CUST003134,29,14697.67,506.8162068965517,3967.65,767.8464471001896,4,15,0,29,29,7,10,33.275862068965516,40,2.6551724137931036,4,0,0,0,0,0,0,0,0,0,0.13793103448275862,0.5172413793103449,0.0,1.0,0.0,0.0
CUST003135,12,6456.49,538.0408333333334,2666.03,732.1643286170411,1,8,0,12,12,3,8,33.75,40,2.75,4,0,0,0,0,0,0,0,0,0,0.08333333333333333,0.6666666666666666,0.0,1.0,0.0,0.0
CUST003136,16,5031.21,314.450625,1250.9,376.56022869245857,2,8,0,16,16,6,2,33.125,40,2.625,4,0,0,0,0,0,0,0,0,0,0.125,0.5,0.0,1.0,0.0,0.0
CUST003137,16,12653.78,790.86125,5073.25,1209.6495090004378,5,10,0,16,16,5,6,35.9375,55,3.0,4,0,0,0,0,0,0,0,0,0,0.3125,0.625,0.0,1.0,0.0,0.0
CUST003138,22,12225.65,555.7113636363637,2874.53,604.0635815895656,1,8,0,22,22,5,5,32.04545454545455,35,2.409090909090909,3,0,0,0,0,0,0,0,0,0,0.045454545454545456,0.36363636363636365,0.0,1.0,0.0,0.0
CUST003139,15,16408.739999999998,1093.916,6151.96,1557.8075200687847,6,6,0,1,15,1,6,15.333333333333334,40,1.8666666666666667,4,0,0,0,0,0,0,0,0,0,0.4,0.4,0.0,0.06666666666666667,0.0,0.0
CUST003140,21,18099.9,861.9000000000001,6157.95,1328.8660582240782,3,9,0,21,21,3,7,33.80952380952381,55,2.619047619047619,4,0,0,0,0,0,0,0,0,0,0.14285714285714285,0.42857142857142855,0.0,1.0,0.0,0.0
CUST003141,23,11467.67,498.59434782608696,2556.62,628.4594560642721,5,9,0,23,23,5,8,48.04347826086956,55,3.608695652173913,5,0,0,1,0,0,0,0,0,0,0.21739130434782608,0.391304347826087,0.0,1.0,0.0,0.0
CUST003142,26,14987.0,576.4230769230769,7582.98,1444.8090126955028,2,17,0,26,26,10,7,34.42307692307692,55,2.769230769230769,4,0,0,0,0,0,0,0,0,0,0.07692307692307693,0.6538461538461539,0.0,1.0,0.0,0.0
CUST003143,21,17859.47,850.4509523809525,7604.25,1734.5443801929796,3,12,0,21,21,6,7,34.523809523809526,50,2.761904761904762,4,0,0,0,0,0,0,0,0,0,0.14285714285714285,0.5714285714285714,0.0,1.0,0.0,0.0
CUST003144,24,19669.96,819.5816666666666,5914.47,1180.0344528451062,2,15,0,24,24,7,6,34.375,50,2.75,3,0,0,0,0,0,0,0,0,0,0.08333333333333333,0.625,0.0,1.0,0.0,0.0
CUST003145,28,15262.97,545.1060714285715,1913.51,498.89828395760856,4,15,0,28,28,7,6,33.392857142857146,40,2.6785714285714284,4,0,0,0,0,0,0,0,0,0,0.14285714285714285,0.5357142857142857,0.0,1.0,0.0,0.0
CUST003146,25,24474.9,978.9960000000001,7336.18,1556.2341106578403,5,13,0,25,25,6,7,35.6,70,2.84,5,0,0,0,0,0,0,0,0,0,0.2,0.52,0.0,1.0,0.0,0.0
CUST003147,19,8074.75,424.9868421052632,1585.95,353.7903654559769,0,15,0,19,19,7,7,33.94736842105263,35,2.789473684210526,3,0,0,0,0,0,0,0,0,0,0.0,0.7894736842105263,0.0,1.0,0.0,0.0
CUST003148,24,22296.67,929.0279166666666,5319.1,1334.7613601362839,8,10,0,24,24,6,5,34.583333333333336,55,2.7916666666666665,4,0,0,0,0,0,0,0,0,0,0.3333333333333333,0.4166666666666667,0.0,1.0,0.0,0.0
CUST003149,20,9399.97,469.9985,1828.61,471.4608503283898,5,13,0,20,20,8,6,34.5,40,2.9,4,0,0,0,0,0,0,0,0,0,0.25,0.65,0.0,1.0,0.0,0.0
CUST003150,22,11268.92,512.2236363636364,1211.24,411.98881155110274,3,9,0,22,22,5,5,32.72727272727273,40,2.5454545454545454,4,0,0,0,0,0,0,0,0,0,0.13636363636363635,0.4090909090909091,0.0,1.0,0.0,0.0
CUST003151,23,19878.010000000002,864.2613043478261,5190.38,1119.2636444811885,4,13,0,23,23,8,7,34.56521739130435,50,2.782608695652174,4,0,0,0,0,0,0,0,0,0,0.17391304347826086,0.5652173913043478,0.0,1.0,0.0,0.0
CUST003152,20,8701.77,435.0885,1703.07,400.67023411798124,3,8,0,20,20,6,5,32.75,40,2.55,4,0,0,0,0,0,0,0,0,0,0.15,0.4,0.0,1.0,0.0,0.0
CUST003153,26,28403.75,1092.451923076923,7829.0,1916.3605700431622,4,14,0,26,26,6,5,35.0,55,2.769230769230769,4,0,0,0,0,0,0,0,0,0,0.15384615384615385,0.5384615384615384,0.0,1.0,0.0,0.0
CUST003154,29,19882.44,685.6013793103448,4076.74,894.882183126137,7,11,0,29,28,4,7,33.10344827586207,40,2.6206896551724137,4,0,0,0,0,0,0,0,0,0,0.2413793103448276,0.3793103448275862,0.0,1.0,0.0,0.0
CUST003155,30,39287.75,1309.5916666666667,10940.51,2225.5622185402226,8,14,0,30,30,6,6,34.333333333333336,50,2.7666666666666666,4,0,0,0,0,0,0,0,0,0,0.26666666666666666,0.4666666666666667,0.0,1.0,0.0,0.0
CUST003156,25,16716.27,668.6508,2828.19,746.4505672677417,3,10,0,25,25,7,5,32.6,40,2.52,4,0,0,0,0,0,0,0,0,0,0.12,0.4,0.0,1.0,0.0,0.0
CUST003157,24,17139.95,714.1645833333333,5270.68,1417.9194250884984,4,12,0,24,24,4,6,35.0,55,2.75,4,0,0,0,0,0,0,0,0,0,0.16666666666666666,0.5,0.0,1.0,0.0,0.0
CUST003158,25,14895.75,595.83,2258.58,585.0982205507606,7,16,0,25,25,7,8,34.6,40,2.92,4,0,0,0,0,0,0,0,0,0,0.28,0.64,0.0,1.0,0.0,0.0
CUST003159,23,14631.02,636.1313043478261,3675.98,912.1704375394702,3,14,0,23,23,7,8,33.69565217391305,40,2.739130434782609,4,0,0,0,0,0,0,0,0,0,0.13043478260869565,0.6086956521739131,0.0,1.0,0.0,0.0
CUST003160,24,26667.13,1111.1304166666666,8350.84,1786.6185586074853,3,13,0,24,24,6,6,34.791666666666664,65,2.75,4,0,0,0,1,0,0,0,0,0,0.125,0.5416666666666666,0.0,1.0,0.041666666666666664,0.0
CUST003161,22,15089.73,685.8968181818182,2427.52,638.8211835455496,5,9,0,22,22,6,4,83.18181818181819,90,3.6363636363636362,5,0,1,0,0,0,0,0,0,0,0.22727272727272727,0.4090909090909091,0.0,1.0,0.0,0.0
CUST003162,19,11788.16,620.4294736842105,4564.38,1003.8269634446948,4,8,0,19,19,6,4,43.1578947368421,50,3.6315789473684212,5,1,0,0,0,0,0,0,0,0,0.21052631578947367,0.42105263157894735,0.0,1.0,0.0,0.0
CUST003163,30,16893.32,563.1106666666667,2204.86,568.20495256877,3,16,0,30,30,6,9,33.166666666666664,40,2.6333333333333333,4,0,0,0,0,0,0,0,0,0,0.1,0.5333333333333333,0.0,1.0,0.0,0.0
CUST003164,24,11977.89,499.07874999999996,2124.54,511.5544502814118,3,13,0,24,24,8,7,33.333333333333336,40,2.6666666666666665,4,0,0,0,0,0,0,0,0,0,0.125,0.5416666666666666,0.0,1.0,0.0,0.0
CUST003165,24,25520.79,1063.36625,9826.54,2087.2978759272823,4,14,0,24,24,7,7,35.208333333333336,70,2.8333333333333335,5,0,0,0,1,0,0,0,0,0,0.16666666666666666,0.5833333333333334,0.0,1.0,0.041666666666666664,0.0
CUST003166,23,8249.8,358.6869565217391,3043.14,629.7231502554031,6,14,0,23,22,6,7,34.34782608695652,40,2.869565217391304,4,0,0,0,0,0,0,0,0,0,0.2608695652173913,0.6086956521739131,0.0,1.0,0.0,0.0
CUST003167,29,16311.039999999999,562.4496551724137,4036.26,810.8137727065268,2,17,0,29,29,8,7,33.275862068965516,40,2.6551724137931036,4,0,0,0,0,0,0,0,0,0,0.06896551724137931,0.5862068965517241,0.0,1.0,0.0,0.0
CUST003168,19,23154.68,1218.6673684210527,8544.72,2470.4108893120547,3,10,0,19,19,7,6,36.31578947368421,70,2.8421052631578947,5,0,0,0,1,0,0,0,0,0,0.15789473684210525,0.5263157894736842,0.0,1.0,0.05263157894736842,0.0
CUST003169,20,10425.06,521.2529999999999,2196.64,551.4013646691014,4,9,0,20,20,4,6,33.25,40,2.65,4,0,0,0,0,0,0,0,0,0,0.2,0.45,0.0,1.0,0.0,0.0
CUST003170,25,8738.41,349.5364,1950.04,403.2010354533662,5,13,0,25,25,6,6,33.6,40,2.72,4,0,0,0,0,0,0,0,0,0,0.2,0.52,0.0,1.0,0.0,0.0
CUST003171,29,10255.62,353.6420689655173,1186.69,317.8826615657701,5,21,0,29,29,7,9,34.48275862068966,40,2.896551724137931,4,0,0,0,0,0,0,0,0,0,0.1724137931034483,0.7241379310344828,0.0,1.0,0.0,0.0
CUST003172,27,48120.67,1782.247037037037,22310.11,4552.987598067057,2,13,0,27,27,5,8,35.55555555555556,70,2.7037037037037037,5,0,0,0,1,0,0,0,0,0,0.07407407407407407,0.48148148148148145,0.0,1.0,0.037037037037037035,0.0
CUST003173,16,15197.65,949.853125,2641.06,910.4970673188628,3,4,0,16,16,4,4,32.1875,40,2.4375,4,0,0,0,0,0,0,0,0,0,0.1875,0.25,0.0,1.0,0.0,0.0
CUST003174,20,13091.2,654.5600000000001,3595.79,916.3807679182963,3,8,0,20,20,4,5,32.75,40,2.55,4,0,0,0,0,0,0,0,0,0,0.15,0.4,0.0,1.0,0.0,0.0
CUST003175,16,13299.52,831.22,5145.36,1441.4469052078655,2,7,0,16,16,5,4,34.0625,50,2.625,4,0,0,0,0,0,0,0,0,0,0.125,0.4375,0.0,1.0,0.0,0.0
CUST003176,21,19780.11,941.9100000000001,5800.89,1297.5733830269485,3,9,0,21,21,7,5,44.523809523809526,80,3.6666666666666665,6,1,0,0,0,0,0,0,0,0,0.14285714285714285,0.42857142857142855,0.0,1.0,0.0,0.0
CUST003177,20,14851.98,742.5989999999999,7280.59,1638.4806391285028,3,8,0,20,20,6,3,33.75,50,2.6,4,0,0,0,0,0,0,0,0,0,0.15,0.4,0.0,1.0,0.0,0.0
CUST003178,16,14689.84,918.115,4619.0,1339.9756988094969,6,5,0,16,16,4,5,33.4375,40,2.6875,4,0,0,0,0,0,0,0,0,0,0.375,0.3125,0.0,1.0,0.0,0.0
CUST003179,24,23589.85,982.9104166666666,6151.9,1614.366109445409,4,11,0,24,24,7,5,36.458333333333336,65,2.8333333333333335,4,0,0,0,0,0,0,0,0,0,0.16666666666666666,0.4583333333333333,0.0,1.0,0.0,0.0
CUST003180,23,15215.74,661.5539130434782,4531.61,969.7167877306854,3,14,0,23,23,6,8,33.69565217391305,40,2.739130434782609,4,0,0,0,0,0,0,0,0,0,0.13043478260869565,0.6086956521739131,0.0,1.0,0.0,0.0
CUST003181,29,66510.61,2293.4693103448276,50000.0,9210.992247235648,3,17,0,29,29,9,7,35.0,85,2.793103448275862,7,0,0,0,0,0,0,0,0,0,0.10344827586206896,0.5862068965517241,0.0,1.0,0.0,0.0
CUST003182,21,12044.63,573.5538095238095,5161.08,1107.4827129326948,3,12,0,21,21,3,7,35.23809523809524,70,2.8095238095238093,5,0,0,0,0,0,0,0,0,0,0.14285714285714285,0.5714285714285714,0.0,1.0,0.0,0.0
CUST003183,23,20232.59,879.6778260869565,4983.93,1176.6717433466797,4,10,0,23,23,7,4,33.04347826086956,40,2.608695652173913,4,0,0,0,0,0,0,0,0,0,0.17391304347826086,0.43478260869565216,0.0,1.0,0.0,0.0
CUST003184,19,20157.45,1060.9184210526316,14320.33,3232.5146902755705,3,13,0,19,19,4,9,35.26315789473684,55,2.8947368421052633,4,0,0,0,0,0,0,0,0,0,0.15789473684210525,0.6842105263157895,0.0,1.0,0.0,0.0
CUST003185,26,18456.41,709.8619230769231,5310.96,1162.7365169049067,4,8,0,26,26,7,4,33.65384615384615,65,2.5384615384615383,4,0,0,0,0,0,0,0,0,0,0.15384615384615385,0.3076923076923077,0.0,1.0,0.0,0.0
CUST003186,20,18988.35,949.4174999999999,4537.16,1126.099253440248,4,9,0,20,20,5,6,33.25,40,2.65,4,0,0,0,0,0,0,0,0,0,0.2,0.45,0.0,1.0,0.0,0.0
CUST003187,18,13444.24,746.9022222222222,3300.77,880.7424826384741,2,7,0,18,18,6,7,32.5,40,2.5,4,0,0,0,0,0,0,0,0,0,0.1111111111111111,0.3888888888888889,0.0,1.0,0.0,0.0
CUST003188,29,14655.720000000001,505.36965517241384,3827.71,808.5415681225176,6,13,0,29,28,5,8,33.275862068965516,40,2.6551724137931036,4,0,0,0,0,0,0,0,0,0,0.20689655172413793,0.4482758620689655,0.0,1.0,0.0,0.0
CUST003189,23,10288.23,447.31434782608693,1758.24,462.2210796875342,1,9,0,23,23,4,6,32.17391304347826,40,2.4347826086956523,4,0,0,0,0,0,0,0,0,0,0.043478260869565216,0.391304347826087,0.0,1.0,0.0,0.0
CUST003190,16,12014.779999999999,750.9237499999999,2320.58,815.0503235332569,4,10,0,16,16,6,6,34.375,40,2.875,4,0,0,0,0,0,0,0,0,0,0.25,0.625,0.0,1.0,0.0,0.0
CUST003191,32,41247.509999999995,1288.9846874999998,17298.8,3166.7563567259817,6,20,0,32,32,8,9,35.78125,65,2.90625,4,0,0,0,0,0,0,0,0,0,0.1875,0.625,0.0,1.0,0.0,0.0
CUST003192,17,10586.59,622.7405882352941,4783.46,1175.4817912428002,3,7,0,17,17,6,3,32.94117647058823,40,2.588235294117647,4,0,0,0,0,0,0,0,0,0,0.17647058823529413,0.4117647058823529,0.0,1.0,0.0,0.0
CUST003193,30,18009.97,600.3323333333334,3105.92,684.1707953462444,5,16,0,30,30,5,9,33.5,40,2.7,4,0,0,0,0,0,0,0,0,0,0.16666666666666666,0.5333333333333333,0.0,1.0,0.0,0.0
CUST003194,32,20803.68,650.115,2263.92,562.0744693342863,6,16,0,32,32,8,8,33.4375,40,2.6875,4,0,0,0,0,0,0,0,0,0,0.1875,0.5,0.0,1.0,0.0,0.0
CUST003195,22,13713.21,623.3277272727272,2544.14,708.9852973553241,5,13,0,22,22,6,7,34.09090909090909,40,2.8181818181818183,4,0,0,0,0,0,0,0,0,0,0.22727272727272727,0.5909090909090909,0.0,1.0,0.0,0.0
CUST003196,25,18463.77,738.5508,4988.88,1092.1035487760917,5,14,0,25,25,9,8,33.8,40,2.76,4,0,0,0,0,0,0,0,0,0,0.2,0.56,0.0,1.0,0.0,0.0
CUST003197,32,27417.420000000002,856.7943750000001,7705.53,1433.9745884798824,9,17,0,32,32,9,9,35.15625,65,2.875,4,0,0,0,0,0,0,0,0,0,0.28125,0.53125,0.0,1.0,0.0,0.0
CUST003198,16,19801.07,1237.566875,8175.88,2058.7835275479833,2,10,0,16,16,9,3,36.875,85,2.9375,6,0,0,0,1,0,0,0,0,0,0.125,0.625,0.0,1.0,0.0625,0.0
CUST003199,14,18012.44,1286.6028571428571,7280.83,2167.583509584343,6,7,0,0,14,2,6,14.642857142857142,20,1.9285714285714286,3,0,0,0,0,0,0,0,0,0,0.42857142857142855,0.5,0.0,0.0,0.0,0.0
CUST003200,22,17152.75,779.6704545454545,4722.09,1255.038116197794,3,10,0,22,22,4,8,32.95454545454545,40,2.590909090909091,4,0,0,0,0,0,0,0,0,0,0.13636363636363635,0.45454545454545453,0.0,1.0,0.0,0.0
CUST003201,27,13793.61,510.87444444444446,3594.56,731.4178038804724,6,14,0,27,27,7,7,33.7037037037037,40,2.740740740740741,4,0,0,0,0,0,0,0,0,0,0.2222222222222222,0.5185185185185185,0.0,1.0,0.0,0.0
CUST003202,26,26006.04,1000.2323076923077,8766.57,1766.771112961286,6,16,0,26,26,8,8,35.57692307692308,70,2.923076923076923,5,0,0,0,1,0,0,0,0,0,0.23076923076923078,0.6153846153846154,0.0,1.0,0.038461538461538464,0.0
CUST003203,25,32250.36,1290.0144,8212.35,1813.5458856226935,4,10,0,25,25,6,6,34.2,65,2.64,4,0,0,0,1,0,0,0,0,0,0.16,0.4,0.0,1.0,0.04,0.0
CUST003204,20,8929.15,446.4575,1971.26,557.4589170406712,6,12,0,20,19,7,5,34.5,40,2.9,4,0,0,0,0,0,0,0,0,0,0.3,0.6,0.0,1.0,0.0,0.0
CUST003205,18,16929.46,940.5255555555555,5664.93,1273.328031130014,7,9,0,18,18,4,7,35.55555555555556,55,2.9444444444444446,4,0,0,0,0,0,0,0,0,0,0.3888888888888889,0.5,0.0,1.0,0.0,0.0
CUST003206,27,23105.25,855.75,6737.02,1364.105201489522,4,10,0,27,27,6,5,33.333333333333336,50,2.5555555555555554,4,0,0,0,0,0,0,0,0,0,0.14814814814814814,0.37037037037037035,0.0,1.0,0.0,0.0
CUST003207,31,19049.81,614.51,6255.62,1166.0544247046676,4,15,0,31,31,8,7,34.193548387096776,65,2.6774193548387095,4,0,0,0,0,0,0,0,0,0,0.12903225806451613,0.4838709677419355,0.0,1.0,0.0,0.0
CUST003208,25,15767.12,630.6848,2632.92,673.6170258705362,3,13,0,25,25,7,9,33.2,40,2.64,4,0,0,0,0,0,0,0,0,0,0.12,0.52,0.0,1.0,0.0,0.0
CUST003209,24,9361.36,390.0566666666667,2149.05,455.58983891087894,8,12,0,24,24,7,7,34.166666666666664,40,2.8333333333333335,4,0,0,0,0,0,0,0,0,0,0.3333333333333333,0.5,0.0,1.0,0.0,0.0
CUST003210,25,19752.97,790.1188000000001,3322.8,957.9855198771708,5,13,0,25,25,8,7,33.6,40,2.72,4,0,0,0,0,0,0,0,0,0,0.2,0.52,0.0,1.0,0.0,0.0
CUST003211,18,34171.28,1898.4044444444444,6138.25,2012.3284837843134,3,9,0,18,18,5,5,36.666666666666664,60,2.8333333333333335,5,0,0,0,0,0,0,0,0,0,0.16666666666666666,0.5,0.0,1.0,0.0,0.0
CUST003212,21,19147.05,911.7642857142857,5279.14,1147.979267663713,0,8,0,21,21,5,4,33.57142857142857,65,2.4761904761904763,4,0,0,0,0,0,0,0,0,0,0.0,0.38095238095238093,0.0,1.0,0.0,0.0
CUST003213,33,38223.8,1158.2969696969699,9982.11,2197.9121460838765,6,19,0,33,33,8,8,51.06060606060606,85,3.878787878787879,6,0,0,1,1,0,0,0,0,0,0.18181818181818182,0.5757575757575758,0.0,1.0,0.030303030303030304,0.0
CUST003214,26,14293.73,549.7588461538461,3483.64,791.9992258497575,4,12,0,26,26,5,7,33.07692307692308,40,2.6153846153846154,4,0,0,0,0,0,0,0,0,0,0.15384615384615385,0.46153846153846156,0.0,1.0,0.0,0.0
CUST003215,18,15231.18,846.1766666666667,3858.23,1155.7387313188863,3,10,0,18,18,4,6,33.611111111111114,40,2.7222222222222223,4,0,0,0,0,0,0,0,0,0,0.16666666666666666,0.5555555555555556,0.0,1.0,0.0,0.0
CUST003216,30,30694.58,1023.1526666666667,11212.93,2031.6828473696607,6,15,0,30,30,9,6,34.166666666666664,50,2.7333333333333334,4,0,0,0,0,0,0,0,0,0,0.2,0.5,0.0,1.0,0.0,0.0
CUST003217,27,21046.05,779.4833333333333,2263.0,715.4852697349487,4,13,0,27,27,6,7,33.148148148148145,40,2.6296296296296298,4,0,0,0,0,0,0,0,0,0,0.14814814814814814,0.48148148148148145,0.0,1.0,0.0,0.0
CUST003218,20,20749.23,1037.4615,7750.28,1724.2272527387754,3,10,0,20,20,5,6,34.25,50,2.7,4,0,0,0,0,0,0,0,0,0,0.15,0.5,0.0,1.0,0.0,0.0
CUST003219,20,9672.880000000001,483.64400000000006,1863.07,454.46386376407145,5,12,0,20,20,6,7,34.25,40,2.85,4,0,0,0,0,0,0,0,0,0,0.25,0.6,0.0,1.0,0.0,0.0
CUST003220,22,11973.29,544.2404545454546,2206.6,541.4390373939335,5,8,0,22,22,3,6,32.95454545454545,40,2.590909090909091,4,0,0,0,0,0,0,0,0,0,0.22727272727272727,0.36363636363636365,0.0,1.0,0.0,0.0
CUST003221,26,12021.87,462.3796153846154,1903.88,499.9656168136426,5,16,0,26,26,7,7,34.03846153846154,40,2.8076923076923075,4,0,0,0,0,0,0,0,0,0,0.19230769230769232,0.6153846153846154,0.0,1.0,0.0,0.0
CUST003222,27,27918.31,1034.0114814814815,9875.04,1915.4788541846372,9,14,0,27,27,8,6,35.55555555555556,70,2.925925925925926,5,0,0,0,1,0,0,0,0,0,0.3333333333333333,0.5185185185185185,0.0,1.0,0.037037037037037035,0.0
CUST003223,22,16645.67,756.6213636363635,4667.03,1088.9931365269545,1,9,0,22,21,3,6,47.27272727272727,55,3.4545454545454546,5,0,0,1,0,0,0,0,0,0,0.045454545454545456,0.4090909090909091,0.0,1.0,0.0,0.0
CUST003224,28,30711.78,1096.8492857142858,8826.13,1908.4063186429944,3,13,0,28,28,8,7,35.357142857142854,80,2.7142857142857144,5,0,0,0,1,0,0,0,0,0,0.10714285714285714,0.4642857142857143,0.0,1.0,0.03571428571428571,0.0
CUST003225,20,14703.05,735.1524999999999,5477.91,1212.853464563608,5,11,0,20,20,6,6,35.0,55,2.85,4,0,0,0,0,0,0,0,0,0,0.25,0.55,0.0,1.0,0.0,0.0
CUST003226,22,19509.88,886.8127272727273,6473.59,1385.466440899553,1,12,0,22,22,8,8,33.86363636363637,50,2.6363636363636362,4,0,0,0,0,0,0,0,0,0,0.045454545454545456,0.5454545454545454,0.0,1.0,0.0,0.0
CUST003227,27,14162.86,524.5503703703704,3439.75,741.404590285231,1,9,0,27,27,5,4,31.85185185185185,40,2.3703703703703702,4,0,0,0,0,0,0,0,0,0,0.037037037037037035,0.3333333333333333,0.0,1.0,0.0,0.0
CUST003228,31,18633.45,601.0790322580646,5216.99,964.9016619509466,5,16,0,31,31,8,10,34.03225806451613,55,2.7096774193548385,4,0,0,0,0,0,0,0,0,0,0.16129032258064516,0.5161290322580645,0.0,1.0,0.0,0.0
CUST003229,22,19381.96,880.9981818181818,3229.7,952.6457428937999,6,12,0,22,22,6,8,34.09090909090909,40,2.8181818181818183,4,0,0,0,0,0,0,0,0,0,0.2727272727272727,0.5454545454545454,0.0,1.0,0.0,0.0
CUST003230,16,9255.699999999999,578.4812499999999,2384.1,609.9106120394474,1,6,0,16,16,5,3,32.1875,35,2.4375,3,0,0,0,0,0,0,0,0,0,0.0625,0.375,0.0,1.0,0.0,0.0
CUST003231,24,7932.48,330.52,1320.76,351.202478153087,5,14,0,24,24,7,6,33.958333333333336,40,2.7916666666666665,4,0,0,0,0,0,0,0,0,0,0.20833333333333334,0.5833333333333334,0.0,1.0,0.0,0.0
CUST003232,20,28597.41,1429.8705,10309.05,2409.013891778947,4,8,0,20,20,3,6,34.0,50,2.65,4,0,0,0,0,0,0,0,0,0,0.2,0.4,0.0,1.0,0.0,0.0
CUST003233,30,17603.48,586.7826666666666,3762.6,855.4534393461722,5,16,0,30,30,6,8,34.5,55,2.7666666666666666,5,0,0,0,0,0,0,0,0,0,0.16666666666666666,0.5333333333333333,0.0,1.0,0.0,0.0
CUST003234,26,13987.880000000001,537.9953846153846,2185.78,527.1042675617854,3,12,0,26,26,6,7,32.88461538461539,40,2.576923076923077,4,0,0,0,0,0,0,0,0,0,0.11538461538461539,0.46153846153846156,0.0,1.0,0.0,0.0
CUST003235,25,21860.9,874.436,3087.47,827.5503743176805,3,14,0,25,25,9,8,33.4,40,2.68,4,0,0,0,0,0,0,0,0,0,0.12,0.56,0.0,1.0,0.0,0.0
CUST003236,29,27875.91,961.2382758620689,15562.0,2877.4135629962507,7,13,0,29,29,8,7,34.13793103448276,55,2.7241379310344827,4,0,0,0,0,0,0,0,0,0,0.2413793103448276,0.4482758620689655,0.0,1.0,0.0,0.0
CUST003237,21,15283.07,727.765238095238,3457.89,779.3703295649575,5,14,0,21,21,7,5,49.523809523809526,55,3.9047619047619047,5,0,0,1,0,0,0,0,0,0,0.23809523809523808,0.6666666666666666,0.0,1.0,0.0,0.0
CUST003238,26,13390.24,515.0092307692307,3101.85,586.9785370312824,5,10,0,26,26,8,3,32.88461538461539,40,2.576923076923077,4,0,0,0,0,0,0,0,0,0,0.19230769230769232,0.38461538461538464,0.0,1.0,0.0,0.0
CUST003239,29,16830.350000000002,580.3568965517242,2716.17,701.9094102217763,4,16,0,29,29,4,9,33.44827586206897,40,2.689655172413793,4,0,0,0,0,0,0,0,0,0,0.13793103448275862,0.5517241379310345,0.0,1.0,0.0,0.0
CUST003240,24,18801.420000000002,783.3925,7685.0,1638.7127051870025,3,14,0,24,24,7,6,34.375,55,2.75,4,0,0,0,0,0,0,0,0,0,0.125,0.5833333333333334,0.0,1.0,0.0,0.0
CUST003241,25,19453.93,778.1572,2801.03,711.0061907578583,7,9,0,25,25,6,5,33.2,40,2.64,4,0,0,0,0,0,0,0,0,0,0.28,0.36,0.0,1.0,0.0,0.0
CUST003242,33,20740.19,628.4906060606061,2833.6,768.2444140536405,5,16,0,33,33,7,7,33.18181818181818,40,2.6363636363636362,4,0,0,0,0,0,0,0,0,0,0.15151515151515152,0.48484848484848486,0.0,1.0,0.0,0.0
CUST003243,22,20161.25,916.4204545454545,4391.27,1161.1332211392098,7,7,0,22,21,5,4,33.18181818181818,40,2.6363636363636362,4,0,0,0,0,0,0,0,0,0,0.3181818181818182,0.3181818181818182,0.0,1.0,0.0,0.0
CUST003244,30,24998.02,833.2673333333333,4969.12,1198.2983688344336,6,17,0,30,30,9,5,33.833333333333336,40,2.7666666666666666,4,0,0,0,0,0,0,0,0,0,0.2,0.5666666666666667,0.0,1.0,0.0,0.0
CUST003245,23,16586.38,721.1469565217392,2649.78,742.2688800773109,2,10,0,23,23,6,7,32.608695652173914,40,2.5217391304347827,4,0,0,0,0,0,0,0,0,0,0.08695652173913043,0.43478260869565216,0.0,1.0,0.0,0.0
CUST003246,28,16763.52,598.6971428571429,2275.32,646.8674645629142,4,13,0,28,28,6,8,33.035714285714285,40,2.607142857142857,4,0,0,0,0,0,0,0,0,0,0.14285714285714285,0.4642857142857143,0.0,1.0,0.0,0.0
CUST003247,21,8892.9,423.47142857142853,1737.01,416.5748269793281,5,10,0,21,21,5,6,33.57142857142857,40,2.7142857142857144,4,0,0,0,0,0,0,0,0,0,0.23809523809523808,0.47619047619047616,0.0,1.0,0.0,0.0
CUST003248,18,9727.51,540.4172222222222,3383.12,877.2955993801803,2,10,0,18,18,7,4,33.333333333333336,40,2.6666666666666665,4,0,0,0,0,0,0,0,0,0,0.1111111111111111,0.5555555555555556,0.0,1.0,0.0,0.0
CUST003249,25,22510.16,900.4064,10151.97,1998.0923055314533,6,12,0,25,25,7,5,34.4,50,2.76,4,0,0,0,0,0,0,0,0,0,0.24,0.48,0.0,1.0,0.0,0.0
CUST003250,30,13397.22,446.57399999999996,2560.66,524.4348367107796,5,19,0,30,30,9,8,34.0,40,2.8,4,0,0,0,0,0,0,0,0,0,0.16666666666666666,0.6333333333333333,0.0,1.0,0.0,0.0
CUST003251,31,24800.18,800.0058064516129,9106.07,1618.670832800324,7,16,0,31,31,7,7,35.32258064516129,80,2.838709677419355,5,0,0,0,1,0,0,0,0,0,0.22580645161290322,0.5161290322580645,0.0,1.0,0.03225806451612903,0.0
CUST003252,20,16461.25,823.0625,3528.54,833.9533511999527,2,11,0,20,20,4,7,33.25,40,2.65,4,0,0,0,0,0,0,0,0,0,0.1,0.55,0.0,1.0,0.0,0.0
CUST003253,21,16429.52,782.3580952380953,3244.54,808.0085825263184,4,13,0,21,21,7,5,34.04761904761905,40,2.8095238095238093,4,0,0,0,0,0,0,0,0,0,0.19047619047619047,0.6190476190476191,0.0,1.0,0.0,0.0
CUST003254,28,13916.43,497.01535714285717,2656.35,622.3813256177001,6,15,0,28,28,7,6,33.75,40,2.75,4,0,0,0,0,0,0,0,0,0,0.21428571428571427,0.5357142857142857,0.0,1.0,0.0,0.0
CUST003255,22,16175.4,735.2454545454545,3976.05,968.4708336426299,4,13,0,22,22,8,6,33.86363636363637,40,2.772727272727273,4,0,0,0,0,0,0,0,0,0,0.18181818181818182,0.5909090909090909,0.0,1.0,0.0,0.0
CUST003256,24,17000.989999999998,708.3745833333332,3179.35,753.7845594239151,3,8,0,24,24,5,5,32.291666666666664,40,2.4583333333333335,4,0,0,0,0,0,0,0,0,0,0.125,0.3333333333333333,0.0,1.0,0.0,0.0
CUST003257,23,17223.17,748.8334782608695,3523.35,827.7237048930622,4,8,0,23,23,4,7,32.608695652173914,35,2.5217391304347827,3,0,0,0,0,0,0,0,0,0,0.17391304347826086,0.34782608695652173,0.0,1.0,0.0,0.0
CUST003258,20,11205.96,560.298,2026.29,480.3598312734451,2,7,0,20,20,4,5,32.25,35,2.45,3,0,0,0,0,0,0,0,0,0,0.1,0.35,0.0,1.0,0.0,0.0
CUST003259,24,14937.52,622.3966666666666,4435.93,969.1496233371257,3,18,0,24,24,8,9,34.375,40,2.875,4,0,0,0,0,0,0,0,0,0,0.125,0.75,0.0,1.0,0.0,0.0
CUST003260,27,26135.14,967.9681481481481,8994.53,1867.3858340966658,6,13,0,27,27,7,8,34.81481481481482,65,2.7777777777777777,4,0,0,0,1,0,0,0,0,0,0.2222222222222222,0.48148148148148145,0.0,1.0,0.037037037037037035,0.0
CUST003261,24,12344.9,514.3708333333333,1753.23,508.4743655880254,6,18,0,24,24,7,11,35.0,40,3.0,4,0,0,0,0,0,0,0,0,0,0.25,0.75,0.0,1.0,0.0,0.0
CUST003262,24,15421.06,642.5441666666667,5561.69,1169.600703521307,5,12,0,24,24,8,6,34.375,50,2.75,4,0,0,0,0,0,0,0,0,0,0.20833333333333334,0.5,0.0,1.0,0.0,0.0
CUST003263,24,13176.24,549.01,2245.49,604.1866167364833,6,11,0,24,24,7,5,33.541666666666664,40,2.7083333333333335,4,0,0,0,0,0,0,0,0,0,0.25,0.4583333333333333,0.0,1.0,0.0,0.0
CUST003264,27,10176.75,376.9166666666667,1068.68,321.67237380482453,3,12,0,27,26,5,7,32.77777777777778,40,2.5555555555555554,4,0,0,0,0,0,0,0,0,0,0.1111111111111111,0.4444444444444444,0.0,1.0,0.0,0.0
CUST003265,23,14070.94,611.78,1883.01,606.6619728481422,4,15,0,23,22,9,8,34.130434782608695,40,2.8260869565217392,4,0,0,0,0,0,0,0,0,0,0.17391304347826086,0.6521739130434783,0.0,1.0,0.0,0.0
CUST003266,17,17340.06,1020.0035294117648,4554.68,1413.3731496889861,0,8,0,17,17,6,4,32.35294117647059,35,2.4705882352941178,3,0,0,0,0,0,0,0,0,0,0.0,0.47058823529411764,0.0,1.0,0.0,0.0
CUST003267,20,14921.78,746.089,3607.67,787.1991188277321,6,9,0,20,20,4,3,33.75,40,2.75,4,0,0,0,0,0,0,0,0,0,0.3,0.45,0.0,1.0,0.0,0.0
CUST003268,25,24840.46,993.6184,5067.68,1321.8762536626996,5,14,0,25,25,7,7,34.6,50,2.8,4,0,0,0,0,0,0,0,0,0,0.2,0.56,0.0,1.0,0.0,0.0
CUST003269,26,15658.7,602.2576923076923,2883.67,736.174059533791,3,12,0,26,26,7,5,32.88461538461539,40,2.576923076923077,4,0,0,0,0,0,0,0,0,0,0.11538461538461539,0.46153846153846156,0.0,1.0,0.0,0.0
CUST003270,14,5474.89,391.06357142857144,1223.92,303.40744224448525,3,8,0,14,14,7,6,33.92857142857143,40,2.7857142857142856,4,0,0,0,0,0,0,0,0,0,0.21428571428571427,0.5714285714285714,0.0,1.0,0.0,0.0
CUST003271,26,28076.47,1079.8642307692307,9869.25,2210.477425994978,4,15,0,26,26,7,9,36.34615384615385,80,2.8846153846153846,5,0,0,0,1,0,0,0,0,0,0.15384615384615385,0.5769230769230769,0.0,1.0,0.038461538461538464,0.0
CUST003272,23,17629.149999999998,766.4847826086956,4845.82,1121.2422869213558,2,12,0,23,23,7,6,33.04347826086956,40,2.608695652173913,4,0,0,0,0,0,0,0,0,0,0.08695652173913043,0.5217391304347826,0.0,1.0,0.0,0.0
CUST003273,22,9843.51,447.43227272727273,1510.43,451.06260037437545,5,12,0,22,22,7,8,33.86363636363637,40,2.772727272727273,4,0,0,0,0,0,0,0,0,0,0.22727272727272727,0.5454545454545454,0.0,1.0,0.0,0.0
CUST003274,23,14719.96,639.9982608695652,3279.51,790.535344961376,3,13,0,23,23,6,7,48.47826086956522,55,3.6956521739130435,5,0,0,1,0,0,0,0,0,0,0.13043478260869565,0.5652173913043478,0.0,1.0,0.0,0.0
CUST003275,24,22136.43,922.35125,5279.02,1123.9919810533715,5,13,0,24,24,5,8,34.583333333333336,55,2.7916666666666665,4,0,0,0,0,0,0,0,0,0,0.20833333333333334,0.5416666666666666,0.0,1.0,0.0,0.0
CUST003276,34,38415.5,1129.8676470588234,7611.79,1874.5214475280834,7,13,0,34,34,6,8,34.11764705882353,50,2.6470588235294117,4,0,0,0,0,0,0,0,0,0,0.20588235294117646,0.38235294117647056,0.0,1.0,0.0,0.0
CUST003277,21,8832.03,420.5728571428572,1492.2,447.3485118354912,3,10,0,21,21,4,5,33.095238095238095,40,2.619047619047619,4,0,0,0,0,0,0,0,0,0,0.14285714285714285,0.47619047619047616,0.0,1.0,0.0,0.0
CUST003278,33,20054.45,607.7106060606061,2708.45,691.8855268708626,7,18,0,33,33,9,6,33.78787878787879,40,2.757575757575758,4,0,0,0,0,0,0,0,0,0,0.21212121212121213,0.5454545454545454,0.0,1.0,0.0,0.0
CUST003279,22,16335.46,742.5209090909091,5414.92,1183.083561400579,3,12,0,22,22,7,6,34.31818181818182,60,2.727272727272727,5,0,0,0,0,0,0,0,0,0,0.13636363636363635,0.5454545454545454,0.0,1.0,0.0,0.0
CUST003280,23,18120.91,787.8656521739131,4523.84,1148.2535593707123,4,13,0,23,23,9,8,33.69565217391305,40,2.739130434782609,4,0,0,0,0,0,0,0,0,0,0.17391304347826086,0.5652173913043478,0.0,1.0,0.0,0.0
CUST003281,31,28614.079999999998,923.0348387096774,6804.66,1429.2305196687034,4,7,0,31,30,4,5,32.41935483870968,50,2.3870967741935485,4,0,0,0,0,0,0,0,0,0,0.12903225806451613,0.22580645161290322,0.0,1.0,0.0,0.0
CUST003282,21,17082.420000000002,813.4485714285715,4229.01,1047.7176194055617,5,10,0,21,21,6,4,33.57142857142857,40,2.7142857142857144,4,0,0,0,0,0,0,0,0,0,0.23809523809523808,0.47619047619047616,0.0,1.0,0.0,0.0
CUST003283,25,37229.15,1489.1660000000002,21650.0,4395.723720422307,7,10,0,25,25,6,8,35.0,55,2.76,4,0,0,0,0,0,0,0,0,0,0.28,0.4,0.0,1.0,0.0,0.0
CUST003284,24,19574.61,815.60875,5237.07,1183.927824541875,2,13,0,24,24,4,7,48.958333333333336,70,3.6666666666666665,5,0,0,1,0,0,0,0,0,0,0.08333333333333333,0.5416666666666666,0.0,1.0,0.0,0.0
CUST003285,19,28147.11,1481.4268421052632,14900.17,3349.451379796818,2,12,0,19,18,5,5,35.526315789473685,70,2.8421052631578947,5,0,0,0,0,0,0,0,0,0,0.10526315789473684,0.631578947368421,0.0,1.0,0.0,0.0
CUST003286,16,8621.15,538.821875,2436.54,601.8417958480313,3,8,0,16,16,4,4,33.4375,40,2.6875,4,0,0,0,0,0,0,0,0,0,0.1875,0.5,0.0,1.0,0.0,0.0
CUST003287,29,19580.55,675.1913793103448,3716.86,943.6528305576463,2,13,0,29,29,4,8,32.58620689655172,40,2.5172413793103448,4,0,0,0,0,0,0,0,0,0,0.06896551724137931,0.4482758620689655,0.0,1.0,0.0,0.0
CUST003288,24,9601.37,400.05708333333337,2219.01,460.3209302165947,6,14,0,24,24,3,7,44.166666666666664,50,3.8333333333333335,5,1,0,0,0,0,0,0,0,0,0.25,0.5833333333333334,0.0,1.0,0.0,0.0
CUST003289,32,15121.4,472.54375,1360.63,401.9539329306122,6,13,0,32,32,6,7,32.96875,40,2.59375,4,0,0,0,0,0,0,0,0,0,0.1875,0.40625,0.0,1.0,0.0,0.0
CUST003290,31,23217.48,748.9509677419354,4284.47,850.2045312251041,4,15,0,31,31,7,9,33.064516129032256,40,2.6129032258064515,4,0,0,0,0,0,0,0,0,0,0.12903225806451613,0.4838709677419355,0.0,1.0,0.0,0.0
CUST003291,20,46517.009999999995,2325.8504999999996,32872.95,7253.452337650908,0,8,0,20,20,4,5,34.25,80,2.55,6,0,0,0,0,0,0,0,0,0,0.0,0.4,0.0,1.0,0.0,0.0
CUST003292,23,11393.039999999999,495.3495652173913,1857.67,446.0212476642612,2,10,0,23,23,4,7,32.608695652173914,40,2.5217391304347827,4,0,0,0,0,0,0,0,0,0,0.08695652173913043,0.43478260869565216,0.0,1.0,0.0,0.0
CUST003293,19,10391.94,546.9442105263158,2326.98,555.2199767491139,6,13,0,19,19,6,7,35.0,40,3.0,4,0,0,0,0,0,0,0,0,0,0.3157894736842105,0.6842105263157895,0.0,1.0,0.0,0.0
CUST003294,29,21785.86,751.2365517241379,3887.56,951.837044315119,2,17,0,29,29,10,6,33.275862068965516,40,2.6551724137931036,4,0,0,0,0,0,0,0,0,0,0.06896551724137931,0.5862068965517241,0.0,1.0,0.0,0.0
CUST003295,25,22087.99,883.5196000000001,7164.6,1511.4961184961742,8,12,0,25,25,4,8,34.8,50,2.84,4,0,0,0,0,0,0,0,0,0,0.32,0.48,0.0,1.0,0.0,0.0
CUST003296,30,16569.899999999998,552.3299999999999,5887.69,1051.9084418725606,5,16,0,30,30,6,9,34.166666666666664,55,2.7333333333333334,4,0,0,0,0,0,0,0,0,0,0.16666666666666666,0.5333333333333333,0.0,1.0,0.0,0.0
CUST003297,27,33453.86,1239.0318518518518,8357.31,2085.2525499915923,6,15,0,27,27,6,7,35.925925925925924,70,2.888888888888889,5,0,0,0,1,0,0,0,0,0,0.2222222222222222,0.5555555555555556,0.0,1.0,0.037037037037037035,0.0
CUST003298,31,23362.010000000002,753.6132258064516,5490.0,1058.3083113894147,4,15,0,31,30,6,7,33.70967741935484,55,2.6451612903225805,4,0,0,0,0,0,0,0,0,0,0.12903225806451613,0.4838709677419355,0.0,1.0,0.0,0.0
CUST003299,28,13709.41,489.6217857142857,2154.26,431.9675534801845,6,15,0,28,28,6,6,33.75,40,2.75,4,0,0,0,0,0,0,0,0,0,0.21428571428571427,0.5357142857142857,0.0,1.0,0.0,0.0
CUST003300,28,16877.489999999998,602.7674999999999,2799.7,724.0316712308726,5,16,0,28,28,8,8,34.285714285714285,50,2.7857142857142856,4,0,0,0,0,0,0,0,0,0,0.17857142857142858,0.5714285714285714,0.0,1.0,0.0,0.0
CUST003301,23,16520.05,718.2630434782608,6683.21,1400.4743100316043,4,12,0,23,22,6,5,34.34782608695652,55,2.739130434782609,4,0,0,0,0,0,0,0,0,0,0.17391304347826086,0.5217391304347826,0.0,1.0,0.0,0.0
CUST003302,20,13300.21,665.0105,2755.06,681.0094770070539,2,9,0,20,20,4,4,32.75,40,2.55,4,0,0,0,0,0,0,0,0,0,0.1,0.45,0.0,1.0,0.0,0.0
CUST003303,21,9333.33,444.4442857142857,1243.75,345.4417677926546,1,15,0,21,21,7,9,33.80952380952381,40,2.761904761904762,4,0,0,0,0,0,0,0,0,0,0.047619047619047616,0.7142857142857143,0.0,1.0,0.0,0.0
CUST003304,20,13075.86,653.793,2659.55,753.8794154875097,1,8,0,20,20,4,5,32.25,35,2.45,3,0,0,0,0,0,0,0,0,0,0.05,0.4,0.0,1.0,0.0,0.0
CUST003305,27,14990.949999999999,555.2203703703703,3764.47,793.5295545825697,5,13,0,27,27,6,7,33.333333333333336,40,2.6666666666666665,4,0,0,0,0,0,0,0,0,0,0.18518518518518517,0.48148148148148145,0.0,1.0,0.0,0.0
CUST003306,26,14959.84,575.3784615384616,1927.56,552.6401648935215,4,12,0,26,26,7,5,33.07692307692308,40,2.6153846153846154,4,0,0,0,0,0,0,0,0,0,0.15384615384615385,0.46153846153846156,0.0,1.0,0.0,0.0
CUST003307,24,12974.95,540.6229166666667,1812.76,475.67892829255953,5,13,0,24,24,5,7,33.75,40,2.75,4,0,0,0,0,0,0,0,0,0,0.20833333333333334,0.5416666666666666,0.0,1.0,0.0,0.0
CUST003308,25,29977.760000000002,1199.1104,9993.69,2074.1255983977926,3,13,0,25,25,7,6,35.2,80,2.76,5,0,0,0,1,0,0,0,0,0,0.12,0.52,0.0,1.0,0.04,0.0
CUST003309,28,20018.8,714.9571428571428,4297.85,982.4461960307232,5,13,0,28,28,6,5,48.214285714285715,55,3.642857142857143,5,0,0,1,0,0,0,0,0,0,0.17857142857142858,0.4642857142857143,0.0,1.0,0.0,0.0
CUST003310,25,23088.07,923.5228,3209.98,889.1931026053901,3,11,0,25,25,6,6,32.8,40,2.56,4,0,0,0,0,0,0,0,0,0,0.12,0.44,0.0,1.0,0.0,0.0
CUST003311,27,14006.69,518.7662962962963,2301.2,575.8057983726815,4,17,0,27,27,8,6,33.888888888888886,40,2.7777777777777777,4,0,0,0,0,0,0,0,0,0,0.14814814814814814,0.6296296296296297,0.0,1.0,0.0,0.0
CUST003312,24,13984.16,582.6733333333333,4083.1,841.8707352477973,4,6,0,24,24,4,4,32.083333333333336,40,2.4166666666666665,4,0,0,0,0,0,0,0,0,0,0.16666666666666666,0.25,0.0,1.0,0.0,0.0
CUST003313,24,13763.529999999999,573.4804166666667,3851.5,895.9248444143901,3,10,0,24,24,7,7,32.708333333333336,40,2.5416666666666665,4,0,0,0,0,0,0,0,0,0,0.125,0.4166666666666667,0.0,1.0,0.0,0.0
CUST003314,23,13857.550000000001,602.5021739130435,3297.57,736.1046627839903,2,11,0,23,23,4,8,32.82608695652174,40,2.5652173913043477,4,0,0,0,0,0,0,0,0,0,0.08695652173913043,0.4782608695652174,0.0,1.0,0.0,0.0
CUST003315,25,16242.14,649.6856,3079.83,827.5019617503434,1,11,0,25,25,6,6,32.4,35,2.48,3,0,0,0,0,0,0,0,0,0,0.04,0.44,0.0,1.0,0.0,0.0
CUST003316,31,20658.17,666.3925806451613,2836.63,628.175147730672,6,14,0,31,31,7,5,33.225806451612904,40,2.6451612903225805,4,0,0,0,0,0,0,0,0,0,0.1935483870967742,0.45161290322580644,0.0,1.0,0.0,0.0
CUST003317,29,20149.94,694.8255172413793,6724.87,1223.828756796199,5,13,0,29,28,6,7,33.793103448275865,55,2.6551724137931036,4,0,0,0,0,0,0,0,0,0,0.1724137931034483,0.4482758620689655,0.0,1.0,0.0,0.0
CUST003318,18,20145.7,1119.2055555555555,5771.33,1630.1749681127599,2,9,0,18,18,6,7,34.166666666666664,55,2.6666666666666665,4,0,0,0,0,0,0,0,0,0,0.1111111111111111,0.5,0.0,1.0,0.0,0.0
CUST003319,30,28517.33,950.5776666666667,11032.7,2093.106470291735,8,13,0,30,30,6,7,34.166666666666664,55,2.7333333333333334,4,0,0,0,0,0,0,0,0,0,0.26666666666666666,0.43333333333333335,0.0,1.0,0.0,0.0
CUST003320,25,20597.47,823.8988,7086.37,1367.6267120280545,4,11,0,25,25,8,5,34.4,65,2.68,4,0,0,0,0,0,0,0,0,0,0.16,0.44,0.0,1.0,0.0,0.0
CUST003321,32,24010.54,750.329375,3618.73,710.7714989926382,9,14,0,32,32,6,7,33.59375,40,2.71875,4,0,0,0,0,0,0,0,0,0,0.28125,0.4375,0.0,1.0,0.0,0.0
CUST003322,22,17513.61,796.0731818181819,4303.67,1102.7583412791864,3,8,0,22,22,5,4,32.5,35,2.5,3,0,0,0,0,0,0,0,0,0,0.13636363636363635,0.36363636363636365,0.0,1.0,0.0,0.0
CUST003323,30,18286.23,609.5409999999999,5309.26,991.2921542294666,3,17,0,30,30,6,9,34.0,55,2.7,4,0,0,0,0,0,0,0,0,0,0.1,0.5666666666666667,0.0,1.0,0.0,0.0
CUST003324,22,14401.72,654.6236363636364,3627.96,851.6412024161432,5,11,0,22,22,5,7,33.63636363636363,40,2.727272727272727,4,0,0,0,0,0,0,0,0,0,0.22727272727272727,0.5,0.0,1.0,0.0,0.0
CUST003325,15,6856.349999999999,457.09,1973.31,520.128086711066,2,8,0,15,15,5,4,33.333333333333336,35,2.6666666666666665,3,0,0,0,0,0,0,0,0,0,0.13333333333333333,0.5333333333333333,0.0,1.0,0.0,0.0
CUST003326,21,9358.16,445.62666666666667,1356.03,349.63426979249806,3,7,0,21,21,3,4,47.38095238095238,50,3.4761904761904763,4,0,0,1,0,0,0,0,0,0,0.14285714285714285,0.3333333333333333,0.0,1.0,0.0,0.0
CUST003327,27,21483.329999999998,795.6788888888888,5604.4,1161.73423714235,4,10,0,27,27,6,5,33.333333333333336,55,2.5555555555555554,4,0,0,0,0,0,0,0,0,0,0.14814814814814814,0.37037037037037035,0.0,1.0,0.0,0.0
CUST003328,28,14683.29,524.4032142857143,1760.73,518.3831618997067,4,14,0,28,28,5,8,33.214285714285715,40,2.642857142857143,4,0,0,0,0,0,0,0,0,0,0.14285714285714285,0.5,0.0,1.0,0.0,0.0
CUST003329,23,9240.51,401.76130434782607,1477.4,327.76231812791565,8,12,0,23,23,5,8,34.34782608695652,40,2.869565217391304,4,0,0,0,0,0,0,0,0,0,0.34782608695652173,0.5217391304347826,0.0,1.0,0.0,0.0
CUST003330,24,16708.09,696.1704166666667,3672.56,798.8534248777738,6,13,0,24,24,7,7,33.958333333333336,40,2.7916666666666665,4,0,0,0,0,0,0,0,0,0,0.25,0.5416666666666666,0.0,1.0,0.0,0.0
CUST003331,28,13608.84,486.03000000000003,2154.76,477.98197216894965,5,14,0,28,28,6,8,33.392857142857146,40,2.6785714285714284,4,0,0,0,0,0,0,0,0,0,0.17857142857142858,0.5,0.0,1.0,0.0,0.0
CUST003332,24,12833.66,534.7358333333333,2064.11,573.1776642005565,6,8,0,24,23,5,5,32.916666666666664,40,2.5833333333333335,4,0,0,0,0,0,0,0,0,0,0.25,0.3333333333333333,0.0,1.0,0.0,0.0
CUST003333,23,19032.98,827.5208695652174,8158.92,1708.6427142376465,3,12,0,23,23,5,7,34.78260869565217,70,2.739130434782609,5,0,0,0,1,0,0,0,0,0,0.13043478260869565,0.5217391304347826,0.0,1.0,0.043478260869565216,0.0
CUST003334,28,11708.5,418.1607142857143,2539.79,634.5262253806119,5,15,0,28,28,7,8,43.57142857142857,50,3.7142857142857144,5,1,0,0,0,0,0,0,0,0,0.17857142857142858,0.5357142857142857,0.0,1.0,0.0,0.0
CUST003335,27,19822.8,734.1777777777778,6910.9,1311.550155591975,7,11,0,27,27,3,8,34.074074074074076,50,2.7037037037037037,4,0,0,0,0,0,0,0,0,0,0.25925925925925924,0.4074074074074074,0.0,1.0,0.0,0.0
CUST003336,25,25634.45,1025.378,7133.61,1690.4969476236859,5,12,0,25,25,5,7,35.0,55,2.76,4,0,0,0,0,0,0,0,0,0,0.2,0.48,0.0,1.0,0.0,0.0
CUST003337,28,22072.79,788.3139285714286,4652.46,1072.0703362405648,10,17,0,28,28,6,9,34.82142857142857,40,2.9642857142857144,4,0,0,0,0,0,0,0,0,0,0.35714285714285715,0.6071428571428571,0.0,1.0,0.0,0.0
CUST003338,18,12197.539999999999,677.6411111111111,4027.6,996.1366767543315,6,11,0,18,18,5,8,49.72222222222222,55,3.9444444444444446,5,0,0,1,0,0,0,0,0,0,0.3333333333333333,0.6111111111111112,0.0,1.0,0.0,0.0
CUST003339,19,17324.71,911.8268421052632,3144.0,947.9604116502653,3,13,0,19,19,10,5,34.21052631578947,40,2.8421052631578947,4,0,0,0,0,0,0,0,0,0,0.15789473684210525,0.6842105263157895,0.0,1.0,0.0,0.0
CUST003340,25,19910.61,796.4244,3023.6,968.709466520105,4,11,0,25,25,6,7,33.0,40,2.6,4,0,0,0,0,0,0,0,0,0,0.16,0.44,0.0,1.0,0.0,0.0
CUST003341,27,15846.54,586.9088888888889,2569.28,592.1383020514804,9,13,0,27,26,4,6,34.074074074074076,40,2.814814814814815,4,0,0,0,0,0,0,0,0,0,0.3333333333333333,0.48148148148148145,0.0,1.0,0.0,0.0
CUST003342,23,13721.3,596.5782608695652,5574.28,1144.14675242237,2,9,0,23,23,6,4,33.91304347826087,65,2.5652173913043477,4,0,0,0,0,0,0,0,0,0,0.08695652173913043,0.391304347826087,0.0,1.0,0.0,0.0
CUST003343,22,11910.710000000001,541.3959090909092,1952.42,500.6822816599184,3,10,0,22,22,6,6,32.95454545454545,40,2.590909090909091,4,0,0,0,0,0,0,0,0,0,0.13636363636363635,0.45454545454545453,0.0,1.0,0.0,0.0
CUST003344,19,11377.42,598.8115789473684,2359.28,669.0755996668768,1,13,0,19,19,5,7,33.68421052631579,40,2.736842105263158,4,0,0,0,0,0,0,0,0,0,0.05263157894736842,0.6842105263157895,0.0,1.0,0.0,0.0
CUST003345,20,13983.25,699.1625,2954.29,860.347323070441,6,8,0,20,20,6,4,33.5,40,2.7,4,0,0,0,0,0,0,0,0,0,0.3,0.4,0.0,1.0,0.0,0.0
CUST003346,18,15299.460000000001,849.97,4080.75,973.646740262365,2,8,0,18,18,4,5,32.77777777777778,40,2.5555555555555554,4,0,0,0,0,0,0,0,0,0,0.1111111111111111,0.4444444444444444,0.0,1.0,0.0,0.0
CUST003347,22,31308.06,1423.0936363636365,9021.21,2186.4743131973587,7,9,0,22,22,4,5,50.22727272727273,85,3.8181818181818183,6,0,0,1,1,0,0,0,0,0,0.3181818181818182,0.4090909090909091,0.0,1.0,0.045454545454545456,0.0
CUST003348,25,12588.89,503.55559999999997,2677.34,594.7981623492124,6,11,0,25,25,6,6,33.4,40,2.68,4,0,0,0,0,0,0,0,0,0,0.24,0.44,0.0,1.0,0.0,0.0
CUST003349,23,23920.31,1040.0134782608695,11675.54,2406.407540748069,5,14,0,23,23,4,9,35.0,55,2.869565217391304,4,0,0,0,0,0,0,0,0,0,0.21739130434782608,0.6086956521739131,0.0,1.0,0.0,0.0
CUST003350,27,13033.09,482.707037037037,1492.41,443.7259301971711,5,19,0,27,27,7,9,34.44444444444444,40,2.888888888888889,4,0,0,0,0,0,0,0,0,0,0.18518518518518517,0.7037037037037037,0.0,1.0,0.0,0.0
CUST003351,26,21931.18,843.506923076923,4026.5,820.8482050697033,4,18,0,26,25,8,7,34.23076923076923,40,2.8461538461538463,4,0,0,0,0,0,0,0,0,0,0.15384615384615385,0.6923076923076923,0.0,1.0,0.0,0.0
CUST003352,25,14921.75,596.87,3449.5,667.1037882768567,2,12,0,25,25,6,5,32.8,40,2.56,4,0,0,0,0,0,0,0,0,0,0.08,0.48,0.0,1.0,0.0,0.0
CUST003353,25,16296.42,651.8568,3649.73,961.8869348218637,5,10,0,25,25,5,7,48.6,65,3.64,5,0,0,1,0,0,0,0,0,0,0.2,0.4,0.0,1.0,0.0,0.0
CUST003354,27,19878.41,736.2374074074074,6092.62,1223.86778341828,6,12,0,27,27,5,8,34.074074074074076,55,2.7037037037037037,4,0,0,0,0,0,0,0,0,0,0.2222222222222222,0.4444444444444444,0.0,1.0,0.0,0.0
CUST003355,23,57097.840000000004,2482.514782608696,50000.0,10361.276134535248,4,5,0,23,23,3,5,33.91304347826087,80,2.5217391304347827,6,0,0,0,0,0,0,0,0,0,0.17391304347826086,0.21739130434782608,0.0,1.0,0.0,0.0
CUST003356,20,12249.26,612.463,4997.17,1084.4775489709805,7,12,0,20,20,7,8,34.75,40,2.95,4,0,0,0,0,0,0,0,0,0,0.35,0.6,0.0,1.0,0.0,0.0
CUST003357,27,24315.79,900.5848148148149,5274.25,1406.6764903744142,6,14,0,27,27,7,8,35.18518518518518,55,2.814814814814815,4,0,0,0,0,0,0,0,0,0,0.2222222222222222,0.5185185185185185,0.0,1.0,0.0,0.0
CUST003358,19,16356.92,860.8905263157894,4760.66,1383.748831935565,3,11,0,19,19,6,5,33.68421052631579,40,2.736842105263158,4,0,0,0,0,0,0,0,0,0,0.15789473684210525,0.5789473684210527,0.0,1.0,0.0,0.0
CUST003359,20,14827.75,741.3875,7265.54,1571.661184151058,5,6,0,20,20,3,4,33.75,50,2.6,4,0,0,0,0,0,0,0,0,0,0.25,0.3,0.0,1.0,0.0,0.0
CUST003360,37,17891.85,483.5635135135135,1872.16,486.95265312403274,9,16,0,37,37,6,9,33.37837837837838,40,2.675675675675676,4,0,0,0,0,0,0,0,0,0,0.24324324324324326,0.43243243243243246,0.0,1.0,0.0,0.0
CUST003361,27,17645.49,653.5366666666667,3137.4,738.0568513697615,7,16,0,27,27,7,9,34.25925925925926,40,2.8518518518518516,4,0,0,0,0,0,0,0,0,0,0.25925925925925924,0.5925925925925926,0.0,1.0,0.0,0.0
CUST003362,27,27865.98,1032.0733333333333,6977.6,1344.5219944592263,4,18,0,27,27,10,8,34.81481481481482,60,2.8518518518518516,5,0,0,0,0,0,0,0,0,0,0.14814814814814814,0.6666666666666666,0.0,1.0,0.0,0.0
CUST003363,19,10687.88,562.52,1849.96,566.2990678568663,5,5,0,19,19,3,4,32.63157894736842,40,2.526315789473684,4,0,0,0,0,0,0,0,0,0,0.2631578947368421,0.2631578947368421,0.0,1.0,0.0,0.0
CUST003364,20,19020.71,951.0355,10079.55,2210.573498630413,3,11,0,20,20,4,9,34.5,50,2.75,4,0,0,0,0,0,0,0,0,0,0.15,0.55,0.0,1.0,0.0,0.0
CUST003365,17,10638.5,625.7941176470588,1816.44,581.6764655830897,4,11,0,17,17,6,4,34.411764705882355,40,2.8823529411764706,4,0,0,0,0,0,0,0,0,0,0.23529411764705882,0.6470588235294118,0.0,1.0,0.0,0.0
CUST003366,26,10110.11,388.85038461538466,1817.37,402.3995707898384,7,18,0,26,26,9,8,34.80769230769231,40,2.9615384615384617,4,0,0,0,0,0,0,0,0,0,0.2692307692307692,0.6923076923076923,0.0,1.0,0.0,0.0
CUST003367,21,19176.84,913.1828571428572,5272.93,1401.244399018754,2,9,0,21,21,6,5,33.57142857142857,50,2.5714285714285716,3,0,0,0,0,0,0,0,0,0,0.09523809523809523,0.42857142857142855,0.0,1.0,0.0,0.0
CUST003368,16,12551.56,784.4725,2090.1,624.7637051077791,2,6,0,16,16,4,6,32.5,40,2.5,4,0,0,0,0,0,0,0,0,0,0.125,0.375,0.0,1.0,0.0,0.0
CUST003369,36,25211.47,700.3186111111112,3998.31,959.2300078624158,6,18,0,36,35,9,8,33.333333333333336,40,2.6666666666666665,4,0,0,0,0,0,0,0,0,0,0.16666666666666666,0.5,0.0,1.0,0.0,0.0
CUST003370,22,17518.04,796.2745454545455,5029.31,1302.8792459732708,6,7,0,22,22,6,5,33.86363636363637,50,2.6363636363636362,4,0,0,0,0,0,0,0,0,0,0.2727272727272727,0.3181818181818182,0.0,1.0,0.0,0.0
CUST003371,23,21455.81,932.8613043478261,6087.56,1295.1089088788297,3,11,0,23,23,8,5,33.91304347826087,55,2.652173913043478,4,0,0,0,0,0,0,0,0,0,0.13043478260869565,0.4782608695652174,0.0,1.0,0.0,0.0
CUST003372,26,19020.15,731.5442307692308,4781.25,1047.5706604107356,5,9,0,26,26,6,4,32.69230769230769,40,2.5384615384615383,4,0,0,0,0,0,0,0,0,0,0.19230769230769232,0.34615384615384615,0.0,1.0,0.0,0.0
CUST003373,27,26978.41,999.2003703703704,10840.08,2059.622441045336,2,19,0,27,27,10,6,34.629629629629626,50,2.814814814814815,4,0,0,0,0,0,0,0,0,0,0.07407407407407407,0.7037037037037037,0.0,1.0,0.0,0.0
CUST003374,30,23543.87,784.7956666666666,10645.63,1892.8411080913725,7,17,0,30,30,7,8,34.666666666666664,55,2.8333333333333335,4,0,0,0,0,0,0,0,0,0,0.23333333333333334,0.5666666666666667,0.0,1.0,0.0,0.0
CUST003375,21,11080.18,527.6276190476191,1997.33,540.8860746858322,4,13,0,21,21,6,5,34.04761904761905,40,2.8095238095238093,4,0,0,0,0,0,0,0,0,0,0.19047619047619047,0.6190476190476191,0.0,1.0,0.0,0.0
CUST003376,23,52100.34,2265.2321739130434,40760.36,8417.49669951117,5,13,0,23,23,8,6,35.869565217391305,75,2.9130434782608696,5,0,0,0,0,0,0,0,0,0,0.21739130434782608,0.5652173913043478,0.0,1.0,0.0,0.0
CUST003377,29,21725.85,749.1672413793103,3980.91,918.083991620968,3,15,0,29,29,7,9,33.10344827586207,40,2.6206896551724137,4,0,0,0,0,0,0,0,0,0,0.10344827586206896,0.5172413793103449,0.0,1.0,0.0,0.0
CUST003378,15,10657.95,710.5300000000001,4701.44,1249.6183395112512,4,9,0,15,15,5,6,35.333333333333336,45,2.933333333333333,4,0,0,0,0,0,0,0,0,0,0.26666666666666666,0.6,0.0,1.0,0.0,0.0
CUST003379,23,39944.87,1736.7334782608698,13231.94,2948.9105153530986,2,11,0,23,23,6,6,34.56521739130435,55,2.652173913043478,4,0,0,0,0,0,0,0,0,0,0.08695652173913043,0.4782608695652174,0.0,1.0,0.0,0.0
CUST003380,29,19879.0,685.4827586206897,3880.83,767.9850402881583,5,13,0,29,29,7,7,33.10344827586207,40,2.6206896551724137,4,0,0,0,0,0,0,0,0,0,0.1724137931034483,0.4482758620689655,0.0,1.0,0.0,0.0
CUST003381,21,17116.14,815.0542857142857,3004.51,911.6838432349858,1,4,0,21,21,3,3,31.19047619047619,35,2.238095238095238,3,0,0,0,0,0,0,0,0,0,0.047619047619047616,0.19047619047619047,0.0,1.0,0.0,0.0
CUST003382,33,22717.61,688.4124242424242,6527.25,1143.6478723202736,6,15,0,33,33,8,7,33.78787878787879,50,2.6666666666666665,4,0,0,0,0,0,0,0,0,0,0.18181818181818182,0.45454545454545453,0.0,1.0,0.0,0.0
CUST003383,20,12083.83,604.1915,4397.5,942.9736543301672,4,8,0,20,20,4,5,33.0,40,2.6,4,0,0,0,0,0,0,0,0,0,0.2,0.4,0.0,1.0,0.0,0.0
CUST003384,28,29597.48,1057.0528571428572,10110.11,1890.945859210572,1,19,0,28,28,10,6,34.285714285714285,55,2.75,4,0,0,0,0,0,0,0,0,0,0.03571428571428571,0.6785714285714286,0.0,1.0,0.0,0.0
CUST003385,33,34222.17,1037.0354545454545,13921.52,2475.739597808464,4,17,0,33,33,9,8,33.78787878787879,55,2.6666666666666665,4,0,0,0,0,0,0,0,0,0,0.12121212121212122,0.5151515151515151,0.0,1.0,0.0,0.0
CUST003386,19,8756.19,460.8521052631579,1950.42,429.0842721499272,6,10,0,19,19,5,5,34.21052631578947,40,2.8421052631578947,4,0,0,0,0,0,0,0,0,0,0.3157894736842105,0.5263157894736842,0.0,1.0,0.0,0.0
CUST003387,28,38630.59,1379.6639285714284,15778.67,2953.220541090867,5,12,0,28,28,5,7,44.285714285714285,75,3.6785714285714284,5,1,0,0,0,0,0,0,0,0,0.17857142857142858,0.42857142857142855,0.0,1.0,0.0,0.0
CUST003388,24,15462.51,644.27125,4446.63,933.9716133863026,3,12,0,24,24,7,9,33.125,40,2.625,4,0,0,0,0,0,0,0,0,0,0.125,0.5,0.0,1.0,0.0,0.0
CUST003389,21,18945.81,902.1814285714287,5716.34,1615.2419370028929,1,12,0,21,21,7,4,49.04761904761905,70,3.6666666666666665,5,0,0,1,0,0,0,0,0,0,0.047619047619047616,0.5714285714285714,0.0,1.0,0.0,0.0
CUST003390,22,15147.83,688.5377272727272,2026.38,699.7749190917226,3,10,0,22,22,3,8,32.95454545454545,40,2.590909090909091,4,0,0,0,0,0,0,0,0,0,0.13636363636363635,0.45454545454545453,0.0,1.0,0.0,0.0
CUST003391,31,19597.24,632.1690322580646,6561.34,1236.0357718134073,6,16,0,31,31,8,7,44.193548387096776,60,3.7419354838709675,5,1,0,0,0,0,0,0,0,0,0.1935483870967742,0.5161290322580645,0.0,1.0,0.0,0.0
CUST003392,20,18687.32,934.366,4648.22,1269.2712749049936,5,7,0,20,20,5,5,33.0,40,2.6,4,0,0,0,0,0,0,0,0,0,0.25,0.35,0.0,1.0,0.0,0.0
CUST003393,27,31560.74,1168.9162962962964,13965.6,2688.4850571710285,5,13,0,27,27,4,8,34.074074074074076,50,2.7037037037037037,4,0,0,0,0,0,0,0,0,0,0.18518518518518517,0.48148148148148145,0.0,1.0,0.0,0.0
CUST003394,23,17808.9,774.3000000000001,4592.1,979.023096825699,4,12,0,23,23,6,5,33.47826086956522,40,2.6956521739130435,4,0,0,0,0,0,0,0,0,0,0.17391304347826086,0.5217391304347826,0.0,1.0,0.0,0.0
CUST003395,23,14132.53,614.4578260869565,2729.86,736.2867261774174,3,11,0,23,23,7,5,33.04347826086956,40,2.608695652173913,4,0,0,0,0,0,0,0,0,0,0.13043478260869565,0.4782608695652174,0.0,1.0,0.0,0.0
CUST003396,31,21228.71,684.7970967741935,3521.36,802.9326292792505,3,14,0,31,31,7,8,32.74193548387097,35,2.5483870967741935,3,0,0,0,0,0,0,0,0,0,0.0967741935483871,0.45161290322580644,0.0,1.0,0.0,0.0
CUST003397,23,11010.51,478.7178260869565,2186.25,537.1879028875237,6,7,0,23,23,4,5,32.82608695652174,40,2.5652173913043477,4,0,0,0,0,0,0,0,0,0,0.2608695652173913,0.30434782608695654,0.0,1.0,0.0,0.0
CUST003398,25,11283.810000000001,451.35240000000005,1544.88,472.60858286994045,3,12,0,25,25,4,7,33.0,40,2.6,4,0,0,0,0,0,0,0,0,0,0.12,0.48,0.0,1.0,0.0,0.0
CUST003399,22,7902.94,359.2245454545454,2106.99,482.17427233539166,3,11,0,22,22,6,6,43.18181818181818,50,3.6363636363636362,5,1,0,0,0,0,0,0,0,0,0.13636363636363635,0.5,0.0,1.0,0.0,0.0
CUST003400,21,22955.149999999998,1093.1023809523808,10227.05,2286.017935992421,5,9,0,21,21,6,5,34.285714285714285,60,2.7142857142857144,5,0,0,0,0,0,0,0,0,0,0.23809523809523808,0.42857142857142855,0.0,1.0,0.0,0.0
CUST003401,11,9724.810000000001,884.0736363636365,5142.56,1449.606950771641,2,5,0,11,11,5,2,33.18181818181818,40,2.6363636363636362,4,0,0,0,0,0,0,0,0,0,0.18181818181818182,0.45454545454545453,0.0,1.0,0.0,0.0
CUST003402,27,24153.45,894.5722222222222,10448.4,2015.439039919921,4,16,0,27,26,6,9,35.55555555555556,70,2.8518518518518516,5,0,0,0,0,0,0,0,0,0,0.14814814814814814,0.5925925925925926,0.0,1.0,0.0,0.0
CUST003403,17,9518.44,559.9082352941177,1386.15,474.23628426707415,4,13,0,17,17,9,5,50.0,55,4.0,5,0,0,1,0,0,0,0,0,0,0.23529411764705882,0.7647058823529411,0.0,1.0,0.0,0.0
CUST003404,19,11225.92,590.8378947368421,3803.21,933.4088246706797,3,10,0,19,19,6,6,33.421052631578945,40,2.6842105263157894,4,0,0,0,0,0,0,0,0,0,0.15789473684210525,0.5263157894736842,0.0,1.0,0.0,0.0
CUST003405,20,27830.260000000002,1391.5130000000001,11124.54,2700.553900057698,4,9,0,20,20,7,4,36.75,75,2.85,6,0,0,0,0,0,0,0,0,0,0.2,0.45,0.0,1.0,0.0,0.0
CUST003406,23,11746.85,510.7326086956522,1119.27,335.24244918915014,3,13,0,23,22,6,6,33.47826086956522,40,2.6956521739130435,4,0,0,0,0,0,0,0,0,0,0.13043478260869565,0.5652173913043478,0.0,1.0,0.0,0.0
CUST003407,18,15701.8,872.3222222222222,6804.33,1596.5038241016655,6,7,0,18,18,5,6,34.72222222222222,50,2.7777777777777777,4,0,0,0,0,0,0,0,0,0,0.3333333333333333,0.3888888888888889,0.0,1.0,0.0,0.0
CUST003408,19,5171.35,272.1763157894737,870.6,232.2105104619639,5,13,0,19,19,8,7,34.73684210526316,40,2.9473684210526314,4,0,0,0,0,0,0,0,0,0,0.2631578947368421,0.6842105263157895,0.0,1.0,0.0,0.0
CUST003409,27,15448.01,572.1485185185185,2200.32,589.548669816442,4,13,0,27,27,6,7,33.148148148148145,40,2.6296296296296298,4,0,0,0,0,0,0,0,0,0,0.14814814814814814,0.48148148148148145,0.0,1.0,0.0,0.0
CUST003410,22,16710.09,759.5495454545454,7852.08,1645.4825747409097,6,14,0,22,22,8,5,35.45454545454545,55,2.9545454545454546,4,0,0,0,0,0,0,0,0,0,0.2727272727272727,0.6363636363636364,0.0,1.0,0.0,0.0
CUST003411,20,10317.09,515.8545,1605.21,461.7579755271096,2,13,0,20,20,8,4,33.75,40,2.75,4,0,0,0,0,0,0,0,0,0,0.1,0.65,0.0,1.0,0.0,0.0
CUST003412,25,14041.33,561.6532,2722.99,615.2985923701326,4,13,0,25,25,6,8,33.4,40,2.68,4,0,0,0,0,0,0,0,0,0,0.16,0.52,0.0,1.0,0.0,0.0
CUST003413,25,20745.59,829.8236,5458.35,1126.0578526985194,5,9,0,25,25,6,3,33.6,50,2.6,4,0,0,0,0,0,0,0,0,0,0.2,0.36,0.0,1.0,0.0,0.0
CUST003414,25,18627.22,745.0888,5149.7,1087.68306085811,7,13,0,25,25,7,4,34.8,50,2.84,4,0,0,0,0,0,0,0,0,0,0.28,0.52,0.0,1.0,0.0,0.0
CUST003415,26,16366.99,629.4996153846154,3540.5,837.970415981284,4,9,0,26,26,4,6,42.5,50,3.5,5,1,0,0,0,0,0,0,0,0,0.15384615384615385,0.34615384615384615,0.0,1.0,0.0,0.0
CUST003416,26,10804.38,415.5530769230769,2176.64,440.10149177451535,4,15,0,26,26,7,7,33.65384615384615,40,2.730769230769231,4,0,0,0,0,0,0,0,0,0,0.15384615384615385,0.5769230769230769,0.0,1.0,0.0,0.0
CUST003417,32,26189.98,818.436875,7031.82,1269.1264241415965,8,15,0,32,32,9,7,34.6875,65,2.78125,4,0,0,0,0,0,0,0,0,0,0.25,0.46875,0.0,1.0,0.0,0.0
CUST003418,27,18097.94,670.294074074074,6967.55,1321.39874284574,6,14,0,27,27,5,8,34.44444444444444,50,2.7777777777777777,4,0,0,0,0,0,0,0,0,0,0.2222222222222222,0.5185185185185185,0.0,1.0,0.0,0.0
CUST003419,24,18445.31,768.5545833333334,4081.09,993.8589892236666,7,17,0,24,24,9,8,35.0,40,3.0,4,0,0,0,0,0,0,0,0,0,0.2916666666666667,0.7083333333333334,0.0,1.0,0.0,0.0
CUST003420,21,11632.75,553.9404761904761,1830.22,557.7785392741118,4,6,0,21,21,4,7,32.38095238095238,40,2.4761904761904763,4,0,0,0,0,0,0,0,0,0,0.19047619047619047,0.2857142857142857,0.0,1.0,0.0,0.0
CUST003421,19,17235.82,907.1484210526315,9482.09,2118.6918121967597,4,9,0,19,19,5,5,35.26315789473684,75,2.789473684210526,6,0,0,0,1,0,0,0,0,0,0.21052631578947367,0.47368421052631576,0.0,1.0,0.05263157894736842,0.0
CUST003422,16,9737.97,608.623125,2001.54,534.9928932327824,1,3,0,16,16,4,2,31.25,35,2.25,3,0,0,0,0,0,0,0,0,0,0.0625,0.1875,0.0,1.0,0.0,0.0
CUST003423,28,18882.63,674.3796428571429,2254.75,550.2120192319277,9,15,0,28,28,8,8,34.285714285714285,40,2.857142857142857,4,0,0,0,0,0,0,0,0,0,0.32142857142857145,0.5357142857142857,0.0,1.0,0.0,0.0
CUST003424,20,10070.5,503.525,1384.85,415.22216123927024,2,6,0,20,20,3,4,32.0,40,2.4,4,0,0,0,0,0,0,0,0,0,0.1,0.3,0.0,1.0,0.0,0.0
CUST003425,25,52455.119999999995,2098.2048,31061.76,6369.928180952487,6,14,0,25,25,6,4,36.6,75,2.96,5,0,0,0,0,0,0,0,0,0,0.24,0.56,0.0,1.0,0.0,0.0
CUST003426,20,8096.610000000001,404.83050000000003,2394.11,550.7002483964824,3,14,0,20,20,8,5,34.25,40,2.85,4,0,0,0,0,0,0,0,0,0,0.15,0.7,0.0,1.0,0.0,0.0
CUST003427,21,19690.73,937.6538095238095,7418.94,1711.4962302835381,3,13,0,21,21,6,8,34.76190476190476,55,2.8095238095238093,4,0,0,0,0,0,0,0,0,0,0.14285714285714285,0.6190476190476191,0.0,1.0,0.0,0.0
CUST003428,25,14492.47,579.6988,3198.08,814.5727831677575,12,9,0,25,25,5,7,34.2,40,2.84,4,0,0,0,0,0,0,0,0,0,0.48,0.36,0.0,1.0,0.0,0.0
CUST003429,22,15654.52,711.569090909091,2356.66,712.6972344545293,7,9,0,22,22,6,4,33.63636363636363,40,2.727272727272727,4,0,0,0,0,0,0,0,0,0,0.3181818181818182,0.4090909090909091,0.0,1.0,0.0,0.0
CUST003430,26,16663.91,640.9196153846153,4245.48,839.6699997426645,5,14,0,26,26,9,5,33.65384615384615,40,2.730769230769231,4,0,0,0,0,0,0,0,0,0,0.19230769230769232,0.5384615384615384,0.0,1.0,0.0,0.0
CUST003431,21,12102.05,576.2880952380953,3119.46,697.9676984547283,4,11,0,21,21,6,4,33.57142857142857,40,2.7142857142857144,4,0,0,0,0,0,0,0,0,0,0.19047619047619047,0.5238095238095238,0.0,1.0,0.0,0.0
CUST003432,34,27807.43,817.8655882352941,7853.51,1455.1891261904677,5,21,0,34,34,7,10,34.411764705882355,55,2.7941176470588234,4,0,0,0,0,0,0,0,0,0,0.14705882352941177,0.6176470588235294,0.0,1.0,0.0,0.0
CUST003433,22,12783.68,581.0763636363637,2135.03,633.3417747648876,4,7,0,22,22,6,5,32.5,40,2.5,4,0,0,0,0,0,0,0,0,0,0.18181818181818182,0.3181818181818182,0.0,1.0,0.0,0.0
CUST003434,23,16605.72,721.9878260869566,3652.43,1055.4517954108414,6,10,0,23,23,5,7,33.47826086956522,40,2.6956521739130435,4,0,0,0,0,0,0,0,0,0,0.2608695652173913,0.43478260869565216,0.0,1.0,0.0,0.0
CUST003435,25,29829.18,1193.1672,7745.94,2026.7886744645248,7,9,0,25,25,6,5,49.8,70,3.72,5,0,0,1,0,0,0,0,0,0,0.28,0.36,0.0,1.0,0.0,0.0
CUST003436,14,9274.98,662.4985714285714,3746.25,1040.0394979767107,4,9,0,14,14,4,4,34.642857142857146,40,2.9285714285714284,4,0,0,0,0,0,0,0,0,0,0.2857142857142857,0.6428571428571429,0.0,1.0,0.0,0.0
CUST003437,29,21574.12,743.9351724137931,3731.47,843.132835249501,7,14,0,29,29,7,9,33.62068965517241,40,2.7241379310344827,4,0,0,0,0,0,0,0,0,0,0.2413793103448276,0.4827586206896552,0.0,1.0,0.0,0.0
CUST003438,25,15224.67,608.9868,5701.8,1129.8153674963887,7,13,0,25,25,6,6,34.8,55,2.84,4,0,0,0,0,0,0,0,0,0,0.28,0.52,0.0,1.0,0.0,0.0
CUST003439,22,23524.09,1069.2768181818183,8518.51,1872.7880098078024,3,11,0,22,22,5,5,35.45454545454545,85,2.772727272727273,6,0,0,0,1,0,0,0,0,0,0.13636363636363635,0.5,0.0,1.0,0.045454545454545456,0.0
CUST003440,26,17859.61,686.9080769230769,2755.77,649.6231433316964,3,12,0,26,26,7,6,32.88461538461539,40,2.576923076923077,4,0,0,0,0,0,0,0,0,0,0.11538461538461539,0.46153846153846156,0.0,1.0,0.0,0.0
CUST003441,23,32212.15,1400.5282608695652,10418.34,2520.952846264235,5,5,0,23,23,4,2,33.91304347826087,50,2.5217391304347827,4,0,0,0,0,0,0,0,0,0,0.21739130434782608,0.21739130434782608,0.0,1.0,0.0,0.0
CUST003442,23,14690.89,638.734347826087,2085.47,707.2798214017245,2,10,0,23,23,6,6,32.608695652173914,40,2.5217391304347827,4,0,0,0,0,0,0,0,0,0,0.08695652173913043,0.43478260869565216,0.0,1.0,0.0,0.0
CUST003443,19,12886.86,678.2557894736842,2019.63,651.4385616065058,5,7,0,19,19,5,3,33.1578947368421,35,2.6315789473684212,3,0,0,0,0,0,0,0,0,0,0.2631578947368421,0.3684210526315789,0.0,1.0,0.0,0.0
CUST003444,24,23702.54,987.6058333333334,4178.76,1162.1563527561382,5,15,0,24,24,8,7,34.166666666666664,40,2.8333333333333335,4,0,0,0,0,0,0,0,0,0,0.20833333333333334,0.625,0.0,1.0,0.0,0.0
CUST003445,28,20425.61,729.4860714285714,3654.34,839.7214812831927,6,16,0,28,27,8,8,48.92857142857143,55,3.7857142857142856,5,0,0,1,0,0,0,0,0,0,0.21428571428571427,0.5714285714285714,0.0,1.0,0.0,0.0
CUST003446,25,19669.2,786.768,4110.73,891.0069987519738,5,13,0,25,25,4,9,33.6,40,2.72,4,0,0,0,0,0,0,0,0,0,0.2,0.52,0.0,1.0,0.0,0.0
CUST003447,30,20987.89,699.5963333333333,2487.35,680.7406701298597,5,19,0,30,28,6,10,34.0,40,2.8,4,0,0,0,0,0,0,0,0,0,0.16666666666666666,0.6333333333333333,0.0,1.0,0.0,0.0
CUST003448,35,27366.21,781.8917142857142,3526.86,757.8439188617921,9,14,0,35,35,6,9,33.285714285714285,40,2.657142857142857,4,0,0,0,0,0,0,0,0,0,0.2571428571428571,0.4,0.0,1.0,0.0,0.0
CUST003449,29,27260.04,940.0013793103449,5681.12,1244.159070636882,4,17,0,29,29,6,7,34.310344827586206,60,2.7586206896551726,5,0,0,0,0,0,0,0,0,0,0.13793103448275862,0.5862068965517241,0.0,1.0,0.0,0.0
CUST003450,22,15570.210000000001,707.7368181818182,4165.23,995.134221343731,3,11,0,22,22,8,4,33.18181818181818,40,2.6363636363636362,4,0,0,0,0,0,0,0,0,0,0.13636363636363635,0.5,0.0,1.0,0.0,0.0
CUST003451,24,17666.079999999998,736.0866666666666,3153.74,888.5848077734602,5,10,0,24,24,5,6,33.125,40,2.625,4,0,0,0,0,0,0,0,0,0,0.20833333333333334,0.4166666666666667,0.0,1.0,0.0,0.0
CUST003452,26,22864.11,879.3888461538462,7485.32,1755.2707467905386,4,12,0,26,26,7,7,35.76923076923077,65,2.769230769230769,4,0,0,0,0,0,0,0,0,0,0.15384615384615385,0.46153846153846156,0.0,1.0,0.0,0.0
CUST003453,27,19565.21,724.6374074074074,8155.04,1654.4185467840418,5,12,0,27,27,7,5,34.44444444444444,70,2.7037037037037037,5,0,0,0,1,0,0,0,0,0,0.18518518518518517,0.4444444444444444,0.0,1.0,0.037037037037037035,0.0
CUST003454,30,22425.94,747.5313333333332,2622.78,648.5048793623542,7,15,0,30,30,7,7,33.666666666666664,40,2.7333333333333334,4,0,0,0,0,0,0,0,0,0,0.23333333333333334,0.5,0.0,1.0,0.0,0.0
CUST003455,22,26675.45,1212.5204545454546,8661.57,1853.930000377518,7,13,0,22,22,6,6,36.13636363636363,70,3.0,5,0,0,0,1,0,0,0,0,0,0.3181818181818182,0.5909090909090909,0.0,1.0,0.045454545454545456,0.0
CUST003456,23,27680.73,1203.51,6224.76,1686.806973800985,2,14,0,23,23,7,7,34.34782608695652,55,2.739130434782609,4,0,0,0,0,0,0,0,0,0,0.08695652173913043,0.6086956521739131,0.0,1.0,0.0,0.0
CUST003457,33,15080.710000000001,456.99121212121213,2534.56,525.1056112926092,4,17,0,33,33,7,8,33.18181818181818,40,2.6363636363636362,4,0,0,0,0,0,0,0,0,0,0.12121212121212122,0.5151515151515151,0.0,1.0,0.0,0.0
CUST003458,21,13115.31,624.5385714285715,2281.84,595.893454967293,4,13,0,21,21,6,9,34.04761904761905,40,2.8095238095238093,4,0,0,0,0,0,0,0,0,0,0.19047619047619047,0.6190476190476191,0.0,1.0,0.0,0.0
CUST003459,24,16651.38,693.8075,3431.31,816.6248640500621,3,13,0,24,24,4,7,33.333333333333336,35,2.6666666666666665,3,0,0,0,0,0,0,0,0,0,0.125,0.5416666666666666,0.0,1.0,0.0,0.0
CUST003460,29,18356.46,632.9813793103448,3739.04,954.9342691392958,5,23,0,29,29,9,9,34.827586206896555,40,2.9655172413793105,4,0,0,0,0,0,0,0,0,0,0.1724137931034483,0.7931034482758621,0.0,1.0,0.0,0.0
CUST003461,24,16075.05,669.7937499999999,5058.59,1110.0428736718568,6,14,0,24,24,6,8,35.0,50,2.875,4,0,0,0,0,0,0,0,0,0,0.25,0.5833333333333334,0.0,1.0,0.0,0.0
CUST003462,32,18076.03,564.8759375,2488.54,637.030385591484,6,17,0,32,32,8,7,33.59375,40,2.71875,4,0,0,0,0,0,0,0,0,0,0.1875,0.53125,0.0,1.0,0.0,0.0
CUST003463,25,12473.3,498.93199999999996,2046.55,549.9837008721258,7,12,0,25,25,7,5,33.8,40,2.76,4,0,0,0,0,0,0,0,0,0,0.28,0.48,0.0,1.0,0.0,0.0
CUST003464,22,13903.630000000001,631.9831818181818,4117.63,901.4071617061339,4,10,0,22,22,6,4,33.18181818181818,40,2.6363636363636362,4,0,0,0,0,0,0,0,0,0,0.18181818181818182,0.45454545454545453,0.0,1.0,0.0,0.0
CUST003465,23,20980.59,912.1995652173913,3899.75,1083.3157609625196,7,12,0,23,23,5,5,49.130434782608695,55,3.8260869565217392,5,0,0,1,0,0,0,0,0,0,0.30434782608695654,0.5217391304347826,0.0,1.0,0.0,0.0
CUST003466,28,27284.18,974.4350000000001,4752.72,1290.483966991827,3,16,0,28,28,7,7,33.392857142857146,40,2.6785714285714284,4,0,0,0,0,0,0,0,0,0,0.10714285714285714,0.5714285714285714,0.0,1.0,0.0,0.0
CUST003467,26,18839.5,724.5961538461538,4369.44,1115.2731267813347,4,13,0,26,26,8,6,33.26923076923077,40,2.6538461538461537,4,0,0,0,0,0,0,0,0,0,0.15384615384615385,0.5,0.0,1.0,0.0,0.0
CUST003468,19,11512.48,605.92,2656.12,689.6617922817918,3,9,0,19,19,4,6,43.1578947368421,50,3.6315789473684212,5,1,0,0,0,0,0,0,0,0,0.15789473684210525,0.47368421052631576,0.0,1.0,0.0,0.0
CUST003469,19,8049.9400000000005,423.68105263157895,1900.4,478.472752026867,2,11,0,19,19,8,5,33.421052631578945,40,2.6842105263157894,4,0,0,0,0,0,0,0,0,0,0.10526315789473684,0.5789473684210527,0.0,1.0,0.0,0.0
CUST003470,21,15564.66,741.1742857142857,2645.13,730.1402772520595,4,10,0,21,21,6,6,43.333333333333336,50,3.6666666666666665,5,1,0,0,0,0,0,0,0,0,0.19047619047619047,0.47619047619047616,0.0,1.0,0.0,0.0
CUST003471,22,14536.89,660.7677272727273,1978.19,578.5337381109973,4,10,0,22,22,5,8,33.18181818181818,40,2.6363636363636362,4,0,0,0,0,0,0,0,0,0,0.18181818181818182,0.45454545454545453,0.0,1.0,0.0,0.0
CUST003472,18,11665.9,648.1055555555555,3683.39,883.4435346330671,2,10,0,18,18,6,5,33.333333333333336,40,2.6666666666666665,4,0,0,0,0,0,0,0,0,0,0.1111111111111111,0.5555555555555556,0.0,1.0,0.0,0.0
CUST003473,20,23639.15,1181.9575,6459.16,1469.8436764602766,4,15,0,20,20,6,6,35.75,50,3.0,4,0,0,0,0,0,0,0,0,0,0.2,0.75,0.0,1.0,0.0,0.0
CUST003474,21,16610.13,790.9585714285715,3013.3,818.7672062575889,3,7,0,21,21,6,4,32.38095238095238,35,2.4761904761904763,3,0,0,0,0,0,0,0,0,0,0.14285714285714285,0.3333333333333333,0.0,1.0,0.0,0.0
CUST003475,17,12796.27,752.7217647058824,4876.26,1186.8107913765957,4,11,0,17,17,6,7,34.411764705882355,40,2.8823529411764706,4,0,0,0,0,0,0,0,0,0,0.23529411764705882,0.6470588235294118,0.0,1.0,0.0,0.0
CUST003476,26,20684.829999999998,795.5703846153846,2667.47,795.1447990924961,5,10,0,26,26,5,4,32.88461538461539,40,2.576923076923077,4,0,0,0,0,0,0,0,0,0,0.19230769230769232,0.38461538461538464,0.0,1.0,0.0,0.0
CUST003477,30,18235.3,607.8433333333334,3447.61,722.8717167221178,6,17,0,30,30,6,5,48.833333333333336,55,3.7666666666666666,5,0,0,1,0,0,0,0,0,0,0.2,0.5666666666666667,0.0,1.0,0.0,0.0
CUST003478,28,36532.88,1304.7457142857143,9875.27,2422.796692587016,5,18,0,28,27,5,8,36.607142857142854,65,2.9642857142857144,4,0,0,0,2,0,0,0,0,0,0.17857142857142858,0.6428571428571429,0.0,1.0,0.07142857142857142,0.0
CUST003479,26,17533.6,674.3692307692307,8496.16,1641.706339416214,7,12,0,26,26,6,5,35.0,65,2.8076923076923075,4,0,0,0,1,0,0,0,0,0,0.2692307692307692,0.46153846153846156,0.0,1.0,0.038461538461538464,0.0
CUST003480,23,12342.01,536.6091304347826,2559.35,614.5335876974508,4,14,0,23,23,9,7,33.91304347826087,40,2.782608695652174,4,0,0,0,0,0,0,0,0,0,0.17391304347826086,0.6086956521739131,0.0,1.0,0.0,0.0
CUST003481,21,8606.69,409.84238095238095,1303.37,400.4790248927497,2,9,0,21,21,5,5,42.61904761904762,50,3.5238095238095237,5,1,0,0,0,0,0,0,0,0,0.09523809523809523,0.42857142857142855,0.0,1.0,0.0,0.0
CUST003482,21,14537.24,692.2495238095238,3431.85,897.2434896809013,4,11,0,21,21,5,6,33.57142857142857,40,2.7142857142857144,4,0,0,0,0,0,0,0,0,0,0.19047619047619047,0.5238095238095238,0.0,1.0,0.0,0.0
CUST003483,22,15895.78,722.5354545454546,3118.59,832.2136134758586,1,12,0,22,22,4,9,32.95454545454545,40,2.590909090909091,4,0,0,0,0,0,0,0,0,0,0.045454545454545456,0.5454545454545454,0.0,1.0,0.0,0.0
CUST003484,28,29067.16,1038.1128571428571,6049.41,1637.4063019975108,1,13,0,28,28,7,5,33.92857142857143,50,2.5714285714285716,3,0,0,0,0,0,0,0,0,0,0.03571428571428571,0.4642857142857143,0.0,1.0,0.0,0.0
CUST003485,18,17380.66,965.5922222222222,3985.3,1366.4322256994913,2,6,0,18,18,4,4,32.22222222222222,35,2.4444444444444446,3,0,0,0,0,0,0,0,0,0,0.1111111111111111,0.3333333333333333,0.0,1.0,0.0,0.0
CUST003486,25,19829.74,793.1896,5681.5,1188.3986442529852,5,13,0,25,25,6,7,34.4,55,2.76,4,0,0,0,0,0,0,0,0,0,0.2,0.52,0.0,1.0,0.0,0.0
CUST003487,21,10898.74,518.9876190476191,2696.29,646.0162758081624,8,16,0,21,21,6,7,35.714285714285715,40,3.142857142857143,4,0,0,0,0,0,0,0,0,0,0.38095238095238093,0.7619047619047619,0.0,1.0,0.0,0.0
CUST003488,19,11995.17,631.3247368421053,5593.45,1232.5187511549418,5,4,0,19,19,3,3,33.421052631578945,55,2.526315789473684,4,0,0,0,0,0,0,0,0,0,0.2631578947368421,0.21052631578947367,0.0,1.0,0.0,0.0
CUST003489,25,14853.31,594.1324,2689.62,654.3813365199734,4,11,0,25,24,5,5,33.0,40,2.6,4,0,0,0,0,0,0,0,0,0,0.16,0.44,0.0,1.0,0.0,0.0
CUST003490,27,13989.9,518.1444444444444,1939.34,477.55558508797475,8,13,0,27,27,8,7,33.888888888888886,40,2.7777777777777777,4,0,0,0,0,0,0,0,0,0,0.2962962962962963,0.48148148148148145,0.0,1.0,0.0,0.0
CUST003491,25,16381.71,655.2683999999999,4227.99,917.6432095168216,5,12,0,25,25,6,7,33.4,40,2.68,4,0,0,0,0,0,0,0,0,0,0.2,0.48,0.0,1.0,0.0,0.0
CUST003492,18,14647.74,813.7633333333333,3999.96,1046.7590320772467,4,7,0,18,17,5,5,33.05555555555556,40,2.611111111111111,4,0,0,0,0,0,0,0,0,0,0.2222222222222222,0.3888888888888889,0.0,1.0,0.0,0.0
CUST003493,28,19120.22,682.865,3505.93,856.1394042703819,3,8,0,28,28,6,5,31.964285714285715,40,2.392857142857143,4,0,0,0,0,0,0,0,0,0,0.10714285714285714,0.2857142857142857,0.0,1.0,0.0,0.0
CUST003494,23,30287.56,1316.8504347826088,15409.16,3130.443914429097,3,11,0,23,23,7,4,33.91304347826087,50,2.652173913043478,4,0,0,0,0,0,0,0,0,0,0.13043478260869565,0.4782608695652174,0.0,1.0,0.0,0.0
CUST003495,20,17284.1,864.2049999999999,5670.01,1279.5874677801437,4,15,0,20,20,9,6,35.75,55,3.0,4,0,0,0,0,0,0,0,0,0,0.2,0.75,0.0,1.0,0.0,0.0
CUST003496,22,18490.68,840.4854545454546,4452.84,1044.449960723129,2,10,0,22,22,6,6,32.72727272727273,40,2.5454545454545454,4,0,0,0,0,0,0,0,0,0,0.09090909090909091,0.45454545454545453,0.0,1.0,0.0,0.0
CUST003497,24,12609.71,525.4045833333333,2762.54,677.530652430152,2,15,0,24,24,6,7,33.541666666666664,40,2.7083333333333335,4,0,0,0,0,0,0,0,0,0,0.08333333333333333,0.625,0.0,1.0,0.0,0.0
CUST003498,25,22697.66,907.9064,5480.52,1363.8212144922077,4,15,0,25,25,8,7,34.6,50,2.8,4,0,0,0,0,0,0,0,0,0,0.16,0.6,0.0,1.0,0.0,0.0
CUST003499,28,16187.19,578.1139285714286,3209.44,639.1997636880113,5,12,0,28,28,4,7,33.035714285714285,40,2.607142857142857,4,0,0,0,0,0,0,0,0,0,0.17857142857142858,0.42857142857142855,0.0,1.0,0.0,0.0
CUST003500,21,23082.71,1099.1766666666667,9998.98,2198.8904281963055,2,9,0,21,21,4,7,49.285714285714285,85,3.619047619047619,6,0,0,1,1,0,0,0,0,0,0.09523809523809523,0.42857142857142855,0.0,1.0,0.047619047619047616,0.0
CUST003501,23,18322.5,796.6304347826087,4083.3,1003.9347701305475,4,18,0,23,23,10,5,34.78260869565217,40,2.9565217391304346,4,0,0,0,0,0,0,0,0,0,0.17391304347826086,0.782608695652174,0.0,1.0,0.0,0.0
CUST003502,23,17823.56,774.9373913043479,5274.18,1224.7924316582917,5,10,0,23,23,7,6,34.130434782608695,55,2.6956521739130435,4,0,0,0,0,0,0,0,0,0,0.21739130434782608,0.43478260869565216,0.0,1.0,0.0,0.0
CUST003503,23,12547.39,545.5386956521739,3292.77,782.2761761465085,1,13,0,23,23,6,6,33.04347826086956,40,2.608695652173913,4,0,0,0,0,0,0,0,0,0,0.043478260869565216,0.5652173913043478,0.0,1.0,0.0,0.0
CUST003504,31,28946.03,933.7429032258065,6230.72,1511.4038148118977,7,20,0,31,31,10,6,35.645161290322584,55,2.935483870967742,4,0,0,0,0,0,0,0,0,0,0.22580645161290322,0.6451612903225806,0.0,1.0,0.0,0.0
CUST003505,21,8343.74,397.32095238095235,2041.26,464.7781054643685,3,10,0,21,21,3,5,33.095238095238095,35,2.619047619047619,3,0,0,0,0,0,0,0,0,0,0.14285714285714285,0.47619047619047616,0.0,1.0,0.0,0.0
CUST003506,21,10057.19,478.91380952380956,3889.22,826.1290599929056,3,12,0,21,21,5,6,33.57142857142857,40,2.7142857142857144,4,0,0,0,0,0,0,0,0,0,0.14285714285714285,0.5714285714285714,0.0,1.0,0.0,0.0
CUST003507,28,26552.280000000002,948.2957142857143,8312.66,1540.3009753157755,7,15,0,28,28,6,6,35.17857142857143,65,2.857142857142857,4,0,0,0,1,0,0,0,0,0,0.25,0.5357142857142857,0.0,1.0,0.03571428571428571,0.0
CUST003508,17,19236.56,1131.5623529411766,4312.39,1343.3579605811021,3,9,0,17,17,6,6,33.529411764705884,35,2.7058823529411766,3,0,0,0,0,0,0,0,0,0,0.17647058823529413,0.5294117647058824,0.0,1.0,0.0,0.0
CUST003509,16,7148.9,446.80625,1972.07,481.6095345799679,1,8,0,16,16,5,7,32.8125,35,2.5625,3,0,0,0,0,0,0,0,0,0,0.0625,0.5,0.0,1.0,0.0,0.0
CUST003510,32,15267.35,477.1046875,3173.35,680.7664005534349,8,16,0,32,32,7,7,33.75,40,2.75,4,0,0,0,0,0,0,0,0,0,0.25,0.5,0.0,1.0,0.0,0.0
CUST003511,20,7568.0599999999995,378.40299999999996,1815.62,408.5040729308003,5,9,0,20,20,7,5,33.5,40,2.7,4,0,0,0,0,0,0,0,0,0,0.25,0.45,0.0,1.0,0.0,0.0
CUST003512,24,12447.15,518.63125,1657.77,483.22196361067955,6,8,0,24,24,5,6,32.916666666666664,40,2.5833333333333335,4,0,0,0,0,0,0,0,0,0,0.25,0.3333333333333333,0.0,1.0,0.0,0.0
CUST003513,25,15134.02,605.3608,2665.67,674.1991103951908,7,11,0,25,25,6,5,33.6,40,2.72,4,0,0,0,0,0,0,0,0,0,0.28,0.44,0.0,1.0,0.0,0.0
CUST003514,28,17383.73,620.8475,3578.31,891.6410772262694,4,17,0,28,28,8,6,33.75,40,2.75,4,0,0,0,0,0,0,0,0,0,0.14285714285714285,0.6071428571428571,0.0,1.0,0.0,0.0
CUST003515,24,15701.4,654.225,3210.62,743.6315103188745,3,13,0,24,24,5,6,33.333333333333336,40,2.6666666666666665,4,0,0,0,0,0,0,0,0,0,0.125,0.5416666666666666,0.0,1.0,0.0,0.0
CUST003516,26,17515.24,673.663076923077,3062.07,752.9402891479205,6,10,0,26,26,5,7,33.07692307692308,40,2.6153846153846154,4,0,0,0,0,0,0,0,0,0,0.23076923076923078,0.38461538461538464,0.0,1.0,0.0,0.0
CUST003517,22,24120.39,1096.3813636363636,9615.12,2138.1450605390587,7,12,0,22,22,7,8,35.90909090909091,75,2.9545454545454546,6,0,0,0,1,0,0,0,0,0,0.3181818181818182,0.5454545454545454,0.0,1.0,0.045454545454545456,0.0
CUST003518,26,35272.93,1356.6511538461539,7741.83,1745.5306725126932,7,14,0,26,26,7,7,35.57692307692308,60,2.8846153846153846,5,0,0,0,0,0,0,0,0,0,0.2692307692307692,0.5384615384615384,0.0,1.0,0.0,0.0
CUST003519,28,17535.41,626.2646428571428,2082.18,582.583847174599,2,12,0,28,28,6,7,32.5,40,2.5,4,0,0,0,0,0,0,0,0,0,0.07142857142857142,0.42857142857142855,0.0,1.0,0.0,0.0
CUST003520,30,22423.79,747.4596666666667,8174.6,1689.002065990618,7,16,0,30,30,9,7,35.666666666666664,70,2.8666666666666667,5,0,0,0,1,0,0,0,0,0,0.23333333333333334,0.5333333333333333,0.0,1.0,0.03333333333333333,0.0
CUST003521,22,15390.57,699.5713636363636,3471.96,859.0589109811662,4,9,0,22,22,7,2,32.95454545454545,40,2.590909090909091,4,0,0,0,0,0,0,0,0,0,0.18181818181818182,0.4090909090909091,0.0,1.0,0.0,0.0
CUST003522,34,26383.6,775.9882352941177,4456.51,1035.0294166672213,7,18,0,34,34,9,6,43.6764705882353,50,3.735294117647059,5,1,0,0,0,0,0,0,0,0,0.20588235294117646,0.5294117647058824,0.0,1.0,0.0,0.0
CUST003523,26,15863.56,610.136923076923,2608.23,698.9075073499741,4,14,0,26,26,7,7,33.46153846153846,40,2.6923076923076925,4,0,0,0,0,0,0,0,0,0,0.15384615384615385,0.5384615384615384,0.0,1.0,0.0,0.0
CUST003524,26,29301.96,1126.9984615384615,6615.97,1727.9736328884012,3,12,0,26,26,6,7,33.65384615384615,50,2.6153846153846154,4,0,0,0,0,0,0,0,0,0,0.11538461538461539,0.46153846153846156,0.0,1.0,0.0,0.0
CUST003525,28,14081.869999999999,502.9239285714285,2324.19,619.6601962147347,5,17,0,28,28,8,8,33.92857142857143,40,2.7857142857142856,4,0,0,0,0,0,0,0,0,0,0.17857142857142858,0.6071428571428571,0.0,1.0,0.0,0.0
CUST003526,24,22618.91,942.4545833333333,7802.28,1637.1321376724052,3,9,0,24,24,7,5,33.333333333333336,55,2.5416666666666665,4,0,0,0,0,0,0,0,0,0,0.125,0.375,0.0,1.0,0.0,0.0
CUST003527,21,16440.3,782.8714285714285,6295.1,1393.5448539938923,6,8,0,21,21,4,6,34.285714285714285,50,2.7142857142857144,4,0,0,0,0,0,0,0,0,0,0.2857142857142857,0.38095238095238093,0.0,1.0,0.0,0.0
CUST003528,22,11210.6,509.57272727272726,1456.05,421.78876906159263,3,9,0,22,22,5,7,32.72727272727273,40,2.5454545454545454,4,0,0,0,0,0,0,0,0,0,0.13636363636363635,0.4090909090909091,0.0,1.0,0.0,0.0
CUST003529,30,15348.099999999999,511.6033333333333,2795.93,573.1862394595208,4,17,0,30,30,9,7,33.5,40,2.7,4,0,0,0,0,0,0,0,0,0,0.13333333333333333,0.5666666666666667,0.0,1.0,0.0,0.0
CUST003530,25,20985.55,839.422,2305.79,695.6032341668152,4,11,0,25,25,6,6,33.0,40,2.6,4,0,0,0,0,0,0,0,0,0,0.16,0.44,0.0,1.0,0.0,0.0
CUST003531,25,16646.2,665.8480000000001,3196.38,760.4975965171315,4,14,0,25,25,7,6,33.6,40,2.72,4,0,0,0,0,0,0,0,0,0,0.16,0.56,0.0,1.0,0.0,0.0
CUST003532,25,23937.33,957.4932000000001,7826.17,1595.7866732971129,3,9,0,25,25,5,6,33.2,50,2.52,4,0,0,0,0,0,0,0,0,0,0.12,0.36,0.0,1.0,0.0,0.0
CUST003533,22,15851.41,720.5186363636363,4392.32,969.6859485779302,4,13,0,22,22,6,8,33.86363636363637,40,2.772727272727273,4,0,0,0,0,0,0,0,0,0,0.18181818181818182,0.5909090909090909,0.0,1.0,0.0,0.0
CUST003534,19,8527.42,448.81157894736845,1453.27,370.57127855759796,4,11,0,19,19,6,5,43.94736842105263,50,3.789473684210526,5,1,0,0,0,0,0,0,0,0,0.21052631578947367,0.5789473684210527,0.0,1.0,0.0,0.0
CUST003535,19,15521.89,816.9415789473684,3830.39,1122.6277993334468,3,12,0,19,19,7,6,33.94736842105263,40,2.789473684210526,4,0,0,0,0,0,0,0,0,0,0.15789473684210525,0.631578947368421,0.0,1.0,0.0,0.0
CUST003536,31,28560.23,921.2977419354838,8314.44,1538.3712950730492,5,12,0,31,31,5,6,34.354838709677416,80,2.6451612903225805,5,0,0,0,1,0,0,0,0,0,0.16129032258064516,0.3870967741935484,0.0,1.0,0.03225806451612903,0.0
CUST003537,17,11684.3,687.3117647058823,2530.27,702.2091670064848,5,9,0,17,17,5,5,34.11764705882353,40,2.823529411764706,4,0,0,0,0,0,0,0,0,0,0.29411764705882354,0.5294117647058824,0.0,1.0,0.0,0.0
CUST003538,21,10465.67,498.3652380952381,1519.69,453.7974655352215,2,13,0,21,21,6,8,33.57142857142857,40,2.7142857142857144,4,0,0,0,0,0,0,0,0,0,0.09523809523809523,0.6190476190476191,0.0,1.0,0.0,0.0
CUST003539,26,27516.63,1058.3319230769232,12690.92,2490.674766805203,1,10,0,26,26,4,5,32.88461538461539,50,2.4615384615384617,3,0,0,0,0,0,0,0,0,0,0.038461538461538464,0.38461538461538464,0.0,1.0,0.0,0.0
CUST003540,22,11492.93,522.4059090909091,2831.42,593.0343757695437,2,9,0,22,22,3,6,32.5,35,2.5,3,0,0,0,0,0,0,0,0,0,0.09090909090909091,0.4090909090909091,0.0,1.0,0.0,0.0
CUST003541,28,20937.29,747.7603571428572,3368.46,864.6054513132615,6,11,0,28,28,5,6,33.035714285714285,40,2.607142857142857,4,0,0,0,0,0,0,0,0,0,0.21428571428571427,0.39285714285714285,0.0,1.0,0.0,0.0
CUST003542,27,14660.88,542.9955555555555,4209.62,822.0040522796116,3,15,0,27,26,7,7,33.333333333333336,40,2.6666666666666665,4,0,0,0,0,0,0,0,0,0,0.1111111111111111,0.5555555555555556,0.0,1.0,0.0,0.0
CUST003543,24,9732.19,405.5079166666667,1087.38,344.4123965978194,2,8,0,24,24,4,5,32.083333333333336,40,2.4166666666666665,4,0,0,0,0,0,0,0,0,0,0.08333333333333333,0.3333333333333333,0.0,1.0,0.0,0.0
CUST003544,28,24074.25,859.7946428571429,7327.04,1504.5529856343874,4,17,0,28,28,7,9,35.0,65,2.8214285714285716,4,0,0,0,0,0,0,0,0,0,0.14285714285714285,0.6071428571428571,0.0,1.0,0.0,0.0
CUST003545,25,12425.64,497.0256,3982.83,799.3374819920141,6,13,0,25,25,8,6,33.8,40,2.76,4,0,0,0,0,0,0,0,0,0,0.24,0.52,0.0,1.0,0.0,0.0
CUST003546,21,10200.03,485.71571428571434,2053.4,440.5984326750543,3,11,0,21,21,8,8,33.333333333333336,40,2.6666666666666665,4,0,0,0,0,0,0,0,0,0,0.14285714285714285,0.5238095238095238,0.0,1.0,0.0,0.0
CUST003547,19,10663.21,561.2215789473684,1783.33,469.10493537353966,5,11,0,19,19,6,5,34.21052631578947,35,2.8421052631578947,3,0,0,0,0,0,0,0,0,0,0.2631578947368421,0.5789473684210527,0.0,1.0,0.0,0.0
CUST003548,27,46513.16,1722.7096296296297,9175.06,2434.2773329304714,3,19,0,27,26,8,9,36.666666666666664,70,2.962962962962963,5,0,0,0,2,0,0,0,0,0,0.1111111111111111,0.7037037037037037,0.0,1.0,0.07407407407407407,0.0
CUST003549,23,17972.84,781.4278260869565,4616.74,1196.4130782048499,2,8,0,23,23,5,6,32.17391304347826,40,2.4347826086956523,4,0,0,0,0,0,0,0,0,0,0.08695652173913043,0.34782608695652173,0.0,1.0,0.0,0.0
CUST003550,20,13450.64,672.5319999999999,3715.21,979.6490370621729,7,11,0,20,20,5,6,34.5,40,2.9,4,0,0,0,0,0,0,0,0,0,0.35,0.55,0.0,1.0,0.0,0.0
CUST003551,25,12361.4,494.45599999999996,1910.64,513.1586402695889,2,10,0,25,25,6,5,32.4,40,2.48,4,0,0,0,0,0,0,0,0,0,0.08,0.4,0.0,1.0,0.0,0.0
CUST003552,23,38078.48,1655.586086956522,9733.91,2445.974956446052,7,8,0,23,23,4,6,35.65217391304348,70,2.782608695652174,5,0,0,0,1,0,0,0,0,0,0.30434782608695654,0.34782608695652173,0.0,1.0,0.043478260869565216,0.0
CUST003553,21,13204.74,628.7971428571428,4038.4,916.4735865923407,3,12,0,21,21,7,8,33.57142857142857,40,2.7142857142857144,4,0,0,0,0,0,0,0,0,0,0.14285714285714285,0.5714285714285714,0.0,1.0,0.0,0.0
CUST003554,29,15273.23,526.6631034482758,2910.39,613.6054284025074,6,11,0,29,29,5,9,32.93103448275862,40,2.586206896551724,4,0,0,0,0,0,0,0,0,0,0.20689655172413793,0.3793103448275862,0.0,1.0,0.0,0.0
CUST003555,33,20646.32,625.6460606060606,3216.0,756.25690849712,4,19,0,33,33,7,8,33.484848484848484,40,2.696969696969697,4,0,0,0,0,0,0,0,0,0,0.12121212121212122,0.5757575757575758,0.0,1.0,0.0,0.0
CUST003556,22,10657.36,484.42545454545456,1643.77,444.4408918301014,4,7,0,22,22,4,2,32.5,35,2.5,3,0,0,0,0,0,0,0,0,0,0.18181818181818182,0.3181818181818182,0.0,1.0,0.0,0.0
CUST003557,26,15028.82,578.0315384615385,1811.44,454.2661364063345,2,10,0,26,26,7,7,32.30769230769231,35,2.4615384615384617,3,0,0,0,0,0,0,0,0,0,0.07692307692307693,0.38461538461538464,0.0,1.0,0.0,0.0
CUST003558,26,15405.730000000001,592.5280769230769,3030.34,714.0283598906657,6,11,0,26,25,5,7,48.26923076923077,55,3.6538461538461537,5,0,0,1,0,0,0,0,0,0,0.23076923076923078,0.4230769230769231,0.0,1.0,0.0,0.0
CUST003559,19,11986.14,630.8494736842105,4002.01,888.3555294504915,3,8,0,19,19,4,5,32.89473684210526,40,2.5789473684210527,4,0,0,0,0,0,0,0,0,0,0.15789473684210525,0.42105263157894735,0.0,1.0,0.0,0.0
CUST003560,25,20572.09,822.8836,5373.39,1231.36656573053,9,14,0,25,25,5,8,36.0,65,3.0,4,0,0,0,0,0,0,0,0,0,0.36,0.56,0.0,1.0,0.0,0.0
CUST003561,25,31482.609999999997,1259.3044,8354.07,2102.864202365986,1,18,0,25,25,9,7,36.0,70,2.88,5,0,0,0,1,0,0,0,0,0,0.04,0.72,0.0,1.0,0.04,0.0
CUST003562,25,19441.5,777.66,6237.13,1291.08444142576,1,15,0,25,25,7,8,34.0,55,2.68,4,0,0,0,0,0,0,0,0,0,0.04,0.6,0.0,1.0,0.0,0.0
CUST003563,27,14763.27,546.7877777777778,1522.58,404.57275179486794,6,11,0,27,27,6,4,33.148148148148145,40,2.6296296296296298,4,0,0,0,0,0,0,0,0,0,0.2222222222222222,0.4074074074074074,0.0,1.0,0.0,0.0
CUST003564,18,6200.9,344.4944444444444,1125.5,338.87122527630083,1,8,0,18,18,9,5,32.5,35,2.5,3,0,0,0,0,0,0,0,0,0,0.05555555555555555,0.4444444444444444,0.0,1.0,0.0,0.0
CUST003565,26,14491.88,557.38,2097.12,580.550183622398,7,11,0,26,26,4,6,43.46153846153846,50,3.6923076923076925,5,1,0,0,0,0,0,0,0,0,0.2692307692307692,0.4230769230769231,0.0,1.0,0.0,0.0
CUST003566,19,16779.69,883.1415789473683,4802.36,1309.6054828130625,3,13,0,19,19,7,5,35.0,45,2.8947368421052633,4,0,0,0,0,0,0,0,0,0,0.15789473684210525,0.6842105263157895,0.0,1.0,0.0,0.0
CUST003567,27,16146.11,598.0040740740741,1671.93,482.69598404935886,6,11,0,27,27,4,8,33.148148148148145,40,2.6296296296296298,4,0,0,0,0,0,0,0,0,0,0.2222222222222222,0.4074074074074074,0.0,1.0,0.0,0.0
CUST003568,21,17564.26,836.3933333333332,4177.69,925.2246796391312,2,9,0,21,21,4,5,32.61904761904762,40,2.5238095238095237,4,0,0,0,0,0,0,0,0,0,0.09523809523809523,0.42857142857142855,0.0,1.0,0.0,0.0
CUST003569,22,8836.039999999999,401.63818181818175,1592.29,469.17287184227445,4,5,0,0,22,2,5,12.045454545454545,20,1.4090909090909092,3,0,0,0,0,0,0,0,0,0,0.18181818181818182,0.22727272727272727,0.0,0.0,0.0,0.0
CUST003570,22,16873.99,766.9995454545456,3626.87,955.0946504453406,2,14,0,22,22,8,6,33.63636363636363,40,2.727272727272727,4,0,0,0,0,0,0,0,0,0,0.09090909090909091,0.6363636363636364,0.0,1.0,0.0,0.0
CUST003571,31,46258.89,1492.2222580645162,19219.71,3765.032622900461,6,17,0,31,31,8,8,35.96774193548387,70,2.870967741935484,5,0,0,0,1,0,0,0,0,0,0.1935483870967742,0.5483870967741935,0.0,1.0,0.03225806451612903,0.0
CUST003572,23,9753.56,424.0678260869565,2278.36,545.8653051220314,3,15,0,23,23,7,8,33.91304347826087,40,2.782608695652174,4,0,0,0,0,0,0,0,0,0,0.13043478260869565,0.6521739130434783,0.0,1.0,0.0,0.0
CUST003573,36,29475.22,818.7561111111112,4966.91,1157.0776714200003,12,13,0,36,36,7,8,33.47222222222222,40,2.6944444444444446,4,0,0,0,0,0,0,0,0,0,0.3333333333333333,0.3611111111111111,0.0,1.0,0.0,0.0
CUST003574,24,11217.35,467.38958333333335,2428.34,521.0190879794609,1,13,0,24,23,7,8,32.916666666666664,35,2.5833333333333335,3,0,0,0,0,0,0,0,0,0,0.041666666666666664,0.5416666666666666,0.0,1.0,0.0,0.0
CUST003575,24,12331.53,513.81375,2607.8,573.3334822794823,3,9,0,24,24,7,3,32.5,35,2.5,3,0,0,0,0,0,0,0,0,0,0.125,0.375,0.0,1.0,0.0,0.0
CUST003576,21,15498.1,738.004761904762,3455.45,809.3429477830708,3,12,0,21,21,8,7,43.57142857142857,50,3.7142857142857144,5,1,0,0,0,0,0,0,0,0,0.14285714285714285,0.5714285714285714,0.0,1.0,0.0,0.0
CUST003577,24,17822.48,742.6033333333334,3088.44,878.2598783546565,8,13,0,24,24,4,9,34.375,40,2.875,4,0,0,0,0,0,0,0,0,0,0.3333333333333333,0.5416666666666666,0.0,1.0,0.0,0.0
CUST003578,20,11256.470000000001,562.8235000000001,2178.17,537.4423669789603,5,10,0,20,20,7,6,33.75,40,2.75,4,0,0,0,0,0,0,0,0,0,0.25,0.5,0.0,1.0,0.0,0.0
CUST003579,27,19692.58,729.3548148148149,2629.32,702.5847344647115,4,14,0,27,27,4,7,33.333333333333336,40,2.6666666666666665,4,0,0,0,0,0,0,0,0,0,0.14814814814814814,0.5185185185185185,0.0,1.0,0.0,0.0
CUST003580,19,26978.64,1419.9284210526316,19169.34,4311.835997547607,3,7,0,19,19,5,5,34.473684210526315,70,2.6315789473684212,5,0,0,0,0,0,0,0,0,0,0.15789473684210525,0.3684210526315789,0.0,1.0,0.0,0.0
CUST003581,11,7762.87,705.7154545454546,2720.8,775.0824246151325,4,4,0,11,11,4,2,33.63636363636363,40,2.727272727272727,4,0,0,0,0,0,0,0,0,0,0.36363636363636365,0.36363636363636365,0.0,1.0,0.0,0.0
CUST003582,27,28360.239999999998,1050.3792592592592,12297.13,2391.6255333445456,5,13,0,27,27,7,6,34.074074074074076,55,2.7037037037037037,4,0,0,0,0,0,0,0,0,0,0.18518518518518517,0.48148148148148145,0.0,1.0,0.0,0.0
CUST003583,23,18730.37,814.3639130434782,5672.56,1222.5611194081619,5,11,0,23,23,6,9,35.0,70,2.782608695652174,5,0,0,0,0,0,0,0,0,0,0.21739130434782608,0.4782608695652174,0.0,1.0,0.0,0.0
CUST003584,32,36047.29,1126.4778125,7751.55,1468.8767731616463,6,18,0,32,32,8,8,34.375,50,2.78125,4,0,0,0,0,0,0,0,0,0,0.1875,0.5625,0.0,1.0,0.0,0.0
CUST003585,35,17785.13,508.14657142857146,1914.99,529.5300416514898,9,11,0,35,35,6,8,32.857142857142854,40,2.5714285714285716,4,0,0,0,0,0,0,0,0,0,0.2571428571428571,0.3142857142857143,0.0,1.0,0.0,0.0
CUST003586,28,12298.57,439.23464285714283,1571.97,420.08968757108454,2,7,0,28,28,5,5,46.607142857142854,50,3.3214285714285716,4,0,0,1,0,0,0,0,0,0,0.07142857142857142,0.25,0.0,1.0,0.0,0.0
CUST003587,35,20680.23,590.8637142857143,4111.58,817.208970593294,5,17,0,35,35,10,8,33.142857142857146,40,2.6285714285714286,4,0,0,0,0,0,0,0,0,0,0.14285714285714285,0.4857142857142857,0.0,1.0,0.0,0.0
CUST003588,25,13176.3,527.052,3295.91,803.2398428447964,9,14,0,25,25,5,5,44.6,50,3.92,5,1,0,0,0,0,0,0,0,0,0.36,0.56,0.0,1.0,0.0,0.0
CUST003589,35,23949.06,684.2588571428572,6433.55,1116.3532093377326,9,14,0,35,35,8,5,33.857142857142854,55,2.6857142857142855,4,0,0,0,0,0,0,0,0,0,0.2571428571428571,0.4,0.0,1.0,0.0,0.0
CUST003590,23,15416.96,670.3026086956521,2860.47,846.4555769325158,4,8,0,23,23,6,6,32.608695652173914,40,2.5217391304347827,4,0,0,0,0,0,0,0,0,0,0.17391304347826086,0.34782608695652173,0.0,1.0,0.0,0.0
CUST003591,29,29697.6,1024.0551724137931,6227.36,1252.8355822425403,3,11,0,29,29,8,8,33.10344827586207,55,2.5172413793103448,4,0,0,0,0,0,0,0,0,0,0.10344827586206896,0.3793103448275862,0.0,1.0,0.0,0.0
CUST003592,16,9564.25,597.765625,2157.5,599.9102269725446,5,7,0,16,16,4,5,33.75,40,2.75,4,0,0,0,0,0,0,0,0,0,0.3125,0.4375,0.0,1.0,0.0,0.0
CUST003593,18,7770.94,431.71888888888884,1272.36,376.6418504735029,5,6,0,18,18,5,5,33.05555555555556,40,2.611111111111111,4,0,0,0,0,0,0,0,0,0,0.2777777777777778,0.3333333333333333,0.0,1.0,0.0,0.0
CUST003594,22,14279.07,649.0486363636363,3013.06,804.6245078668413,6,15,0,22,22,8,10,34.77272727272727,40,2.9545454545454546,4,0,0,0,0,0,0,0,0,0,0.2727272727272727,0.6818181818181818,0.0,1.0,0.0,0.0
CUST003595,27,20715.35,767.2351851851852,5681.89,1147.1075209022652,4,16,0,27,27,6,8,34.44444444444444,55,2.7777777777777777,4,0,0,0,0,0,0,0,0,0,0.14814814814814814,0.5925925925925926,0.0,1.0,0.0,0.0
CUST003596,23,37660.56,1637.415652173913,20599.23,4291.887321890862,4,12,0,23,23,7,5,35.869565217391305,70,2.8260869565217392,5,0,0,0,0,0,0,0,0,0,0.17391304347826086,0.5217391304347826,0.0,1.0,0.0,0.0
CUST003597,17,18774.39,1104.375882352941,6122.57,1900.4238420154425,1,9,0,17,17,8,5,34.11764705882353,55,2.6470588235294117,4,0,0,0,0,0,0,0,0,0,0.058823529411764705,0.5294117647058824,0.0,1.0,0.0,0.0
CUST003598,16,10905.039999999999,681.5649999999999,2895.01,819.1913860386961,7,7,0,16,16,5,5,34.375,40,2.875,4,0,0,0,0,0,0,0,0,0,0.4375,0.4375,0.0,1.0,0.0,0.0
CUST003599,15,17287.37,1152.4913333333332,5914.25,1559.24644903449,2,5,0,15,15,4,2,33.666666666666664,55,2.533333333333333,4,0,0,0,0,0,0,0,0,0,0.13333333333333333,0.3333333333333333,0.0,1.0,0.0,0.0
CUST003600,32,34505.32,1078.29125,11439.44,2146.8182733761173,7,13,0,32,32,6,7,44.21875,80,3.6875,6,1,0,0,0,0,0,0,0,0,0.21875,0.40625,0.0,1.0,0.0,0.0
CUST003601,31,17168.31,553.8164516129033,2809.37,686.9353589169235,5,15,0,31,31,8,7,33.225806451612904,40,2.6451612903225805,4,0,0,0,0,0,0,0,0,0,0.16129032258064516,0.4838709677419355,0.0,1.0,0.0,0.0
CUST003602,31,25494.98,822.4187096774193,3814.15,793.2769276015446,12,17,0,31,31,8,9,34.67741935483871,40,2.935483870967742,4,0,0,0,0,0,0,0,0,0,0.3870967741935484,0.5483870967741935,0.0,1.0,0.0,0.0
CUST003603,36,16012.23,444.78416666666664,2334.22,558.9346920826899,6,18,0,36,36,7,7,33.333333333333336,40,2.6666666666666665,4,0,0,0,0,0,0,0,0,0,0.16666666666666666,0.5,0.0,1.0,0.0,0.0
CUST003604,29,34076.0,1175.0344827586207,7408.51,1613.9862925723164,6,11,0,29,29,7,6,33.62068965517241,50,2.6206896551724137,4,0,0,0,0,0,0,0,0,0,0.20689655172413793,0.3793103448275862,0.0,1.0,0.0,0.0
CUST003605,26,12756.58,490.6376923076923,3479.28,716.6337750639873,5,12,0,26,25,7,6,33.26923076923077,40,2.6538461538461537,4,0,0,0,0,0,0,0,0,0,0.19230769230769232,0.46153846153846156,0.0,1.0,0.0,0.0
CUST003606,22,9238.37,419.9259090909091,2526.51,563.9110139160264,3,11,0,22,22,6,6,33.18181818181818,40,2.6363636363636362,4,0,0,0,0,0,0,0,0,0,0.13636363636363635,0.5,0.0,1.0,0.0,0.0
CUST003607,19,18120.47,953.7089473684211,6086.58,1559.693910597328,3,11,0,19,19,6,5,34.73684210526316,60,2.789473684210526,5,0,0,0,0,0,0,0,0,0,0.15789473684210525,0.5789473684210527,0.0,1.0,0.0,0.0
CUST003608,25,14446.949999999999,577.8779999999999,3523.18,791.2048646157748,5,14,0,25,25,8,4,33.8,35,2.76,3,0,0,0,0,0,0,0,0,0,0.2,0.56,0.0,1.0,0.0,0.0
CUST003609,25,12848.24,513.9295999999999,1668.81,481.0122865156357,5,14,0,25,25,7,7,43.8,50,3.76,5,1,0,0,0,0,0,0,0,0,0.2,0.56,0.0,1.0,0.0,0.0
CUST003610,14,11157.04,796.9314285714287,5293.22,1393.1457685388857,3,11,0,14,14,7,3,35.0,40,3.0,4,0,0,0,0,0,0,0,0,0,0.21428571428571427,0.7857142857142857,0.0,1.0,0.0,0.0
CUST003611,22,20687.83,940.3559090909092,11293.54,2330.6839025603404,2,10,0,22,22,4,7,34.31818181818182,70,2.6363636363636362,5,0,0,0,0,0,0,0,0,0,0.09090909090909091,0.45454545454545453,0.0,1.0,0.0,0.0
CUST003612,23,17206.21,748.0960869565217,3228.74,974.2637428276479,1,11,0,23,22,5,7,32.608695652173914,40,2.5217391304347827,4,0,0,0,0,0,0,0,0,0,0.043478260869565216,0.4782608695652174,0.0,1.0,0.0,0.0
CUST003613,35,16428.64,469.38971428571426,2443.46,612.6521963008612,7,20,0,35,35,10,9,33.857142857142854,40,2.7714285714285714,4,0,0,0,0,0,0,0,0,0,0.2,0.5714285714285714,0.0,1.0,0.0,0.0
CUST003614,18,23874.850000000002,1326.3805555555557,7097.06,1766.4924560284871,7,4,0,18,18,5,2,34.166666666666664,55,2.6666666666666665,4,0,0,0,0,0,0,0,0,0,0.3888888888888889,0.2222222222222222,0.0,1.0,0.0,0.0
CUST003615,27,15259.27,565.1581481481481,2843.84,701.5395221721408,5,15,0,27,27,9,7,33.7037037037037,40,2.740740740740741,4,0,0,0,0,0,0,0,0,0,0.18518518518518517,0.5555555555555556,0.0,1.0,0.0,0.0
CUST003616,22,16003.5,727.4318181818181,3683.28,942.4597495087819,3,11,0,22,22,5,7,33.18181818181818,40,2.6363636363636362,4,0,0,0,0,0,0,0,0,0,0.13636363636363635,0.5,0.0,1.0,0.0,0.0
CUST003617,30,22381.88,746.0626666666667,6555.53,1257.9268997947086,6,14,0,30,30,8,5,35.0,70,2.7666666666666666,5,0,0,0,0,0,0,0,0,0,0.2,0.4666666666666667,0.0,1.0,0.0,0.0
CUST003618,16,5290.71,330.669375,1812.9,425.2338751552884,5,4,0,16,16,3,2,32.8125,40,2.5625,4,0,0,0,0,0,0,0,0,0,0.3125,0.25,0.0,1.0,0.0,0.0
CUST003619,13,13320.3,1024.6384615384616,5993.45,1618.0509031745885,1,6,0,13,13,4,2,32.69230769230769,35,2.5384615384615383,3,0,0,0,0,0,0,0,0,0,0.07692307692307693,0.46153846153846156,0.0,1.0,0.0,0.0
CUST003620,33,20989.1,636.0333333333333,4599.05,936.8864070241744,8,12,0,33,33,5,7,33.03030303030303,40,2.606060606060606,4,0,0,0,0,0,0,0,0,0,0.24242424242424243,0.36363636363636365,0.0,1.0,0.0,0.0
CUST003621,23,8993.27,391.0117391304348,1849.24,504.59614538083974,5,12,0,23,23,6,6,33.69565217391305,40,2.739130434782609,4,0,0,0,0,0,0,0,0,0,0.21739130434782608,0.5217391304347826,0.0,1.0,0.0,0.0
CUST003622,27,26665.52,987.6118518518518,3897.33,933.2037432787739,8,10,0,27,27,4,4,33.333333333333336,40,2.6666666666666665,4,0,0,0,0,0,0,0,0,0,0.2962962962962963,0.37037037037037035,0.0,1.0,0.0,0.0
CUST003623,24,21219.13,884.1304166666667,4857.99,1060.3656662617736,6,7,0,24,24,5,4,32.708333333333336,40,2.5416666666666665,4,0,0,0,0,0,0,0,0,0,0.25,0.2916666666666667,0.0,1.0,0.0,0.0
CUST003624,24,13744.76,572.6983333333334,3488.54,802.3556428724579,2,12,0,24,24,6,5,32.916666666666664,40,2.5833333333333335,4,0,0,0,0,0,0,0,0,0,0.08333333333333333,0.5,0.0,1.0,0.0,0.0
CUST003625,24,14623.47,609.31125,3112.48,714.7688179332348,5,12,0,24,23,7,6,33.541666666666664,40,2.7083333333333335,4,0,0,0,0,0,0,0,0,0,0.20833333333333334,0.5,0.0,1.0,0.0,0.0
CUST003626,17,8132.77,478.3982352941177,2057.75,505.6657534656082,3,8,0,17,17,6,3,33.23529411764706,40,2.6470588235294117,4,0,0,0,0,0,0,0,0,0,0.17647058823529413,0.47058823529411764,0.0,1.0,0.0,0.0
CUST003627,20,9753.59,487.6795,1635.33,473.70245038392704,1,12,0,20,20,7,5,33.25,40,2.65,4,0,0,0,0,0,0,0,0,0,0.05,0.6,0.0,1.0,0.0,0.0
CUST003628,29,27963.6,964.2620689655172,8327.24,1589.4441052689263,7,13,0,29,29,6,7,49.6551724137931,85,3.7586206896551726,6,0,0,1,1,0,0,0,0,0,0.2413793103448276,0.4482758620689655,0.0,1.0,0.034482758620689655,0.0
CUST003629,31,15631.68,504.2477419354839,1357.07,399.74862667022535,7,14,0,31,31,5,6,33.38709677419355,40,2.6774193548387095,4,0,0,0,0,0,0,0,0,0,0.22580645161290322,0.45161290322580644,0.0,1.0,0.0,0.0
CUST003630,20,23787.14,1189.357,5507.6,1621.7876443185191,5,9,0,20,20,6,5,35.5,55,2.8,4,0,0,0,0,0,0,0,0,0,0.25,0.45,0.0,1.0,0.0,0.0
CUST003631,22,14878.75,676.3068181818181,2820.31,689.4585997266356,2,11,0,22,22,8,5,32.95454545454545,40,2.590909090909091,4,0,0,0,0,0,0,0,0,0,0.09090909090909091,0.5,0.0,1.0,0.0,0.0
CUST003632,16,9527.15,595.446875,1676.26,555.0898022929113,3,10,0,16,16,6,5,34.0625,40,2.8125,4,0,0,0,0,0,0,0,0,0,0.1875,0.625,0.0,1.0,0.0,0.0
CUST003633,21,14112.43,672.0204761904762,2667.3,721.38381000322,4,11,0,21,21,6,3,33.57142857142857,40,2.7142857142857144,4,0,0,0,0,0,0,0,0,0,0.19047619047619047,0.5238095238095238,0.0,1.0,0.0,0.0
CUST003634,39,17928.5,459.70512820512823,1837.15,412.823938162963,9,21,0,39,39,11,7,33.84615384615385,40,2.769230769230769,4,0,0,0,0,0,0,0,0,0,0.23076923076923078,0.5384615384615384,0.0,1.0,0.0,0.0
CUST003635,28,29975.579999999998,1070.5564285714286,4862.4,1366.509306342297,5,15,0,28,28,9,7,33.57142857142857,40,2.7142857142857144,4,0,0,0,0,0,0,0,0,0,0.17857142857142858,0.5357142857142857,0.0,1.0,0.0,0.0
CUST003636,32,38765.01,1211.4065625,6077.99,1645.9816969087992,8,18,0,32,32,9,6,35.3125,55,2.875,4,0,0,0,0,0,0,0,0,0,0.25,0.5625,0.0,1.0,0.0,0.0
CUST003637,32,24684.690000000002,771.3965625000001,7320.92,1355.1021035250906,6,21,0,32,32,9,7,35.78125,70,2.9375,5,0,0,0,0,0,0,0,0,0,0.1875,0.65625,0.0,1.0,0.0,0.0
CUST003638,20,11263.01,563.1505,1792.46,613.6534769847934,5,11,0,20,20,7,6,34.0,40,2.8,4,0,0,0,0,0,0,0,0,0,0.25,0.55,0.0,1.0,0.0,0.0
CUST003639,32,25059.09,783.0965625,3841.98,1079.475858059347,10,17,0,32,32,8,8,34.6875,45,2.875,4,0,0,0,0,0,0,0,0,0,0.3125,0.53125,0.0,1.0,0.0,0.0
CUST003640,22,14231.79,646.8995454545455,2015.63,575.134394500867,5,14,0,22,22,6,7,34.31818181818182,40,2.8636363636363638,4,0,0,0,0,0,0,0,0,0,0.22727272727272727,0.6363636363636364,0.0,1.0,0.0,0.0
CUST003641,18,10750.43,597.2461111111111,5180.82,1187.3271809510481,5,11,0,18,18,7,4,35.55555555555556,50,2.9444444444444446,4,0,0,0,0,0,0,0,0,0,0.2777777777777778,0.6111111111111112,0.0,1.0,0.0,0.0
CUST003642,34,20429.16,600.8576470588235,3324.99,707.5135621874285,5,21,0,34,34,9,7,48.8235294117647,55,3.764705882352941,5,0,0,1,0,0,0,0,0,0,0.14705882352941177,0.6176470588235294,0.0,1.0,0.0,0.0
CUST003643,25,17562.12,702.4848,3679.29,1013.5387030520014,5,16,0,25,25,7,8,34.2,40,2.84,4,0,0,0,0,0,0,0,0,0,0.2,0.64,0.0,1.0,0.0,0.0
CUST003644,31,23060.41,743.8841935483871,5190.36,1125.4035696015135,4,19,0,31,31,8,9,34.354838709677416,50,2.774193548387097,4,0,0,0,0,0,0,0,0,0,0.12903225806451613,0.6129032258064516,0.0,1.0,0.0,0.0
CUST003645,18,9483.29,526.8494444444445,2035.13,597.1929822237702,3,6,0,0,18,2,6,12.5,20,1.5,3,0,0,0,0,0,0,0,0,0,0.16666666666666666,0.3333333333333333,0.0,0.0,0.0,0.0
CUST003646,25,11240.94,449.6376,1680.66,430.85654517368073,6,12,0,25,25,5,6,33.6,40,2.72,4,0,0,0,0,0,0,0,0,0,0.24,0.48,0.0,1.0,0.0,0.0
CUST003647,17,17860.23,1050.6017647058823,5023.75,1362.795600017824,2,10,0,17,17,6,7,36.470588235294116,70,2.8823529411764706,5,0,0,0,0,0,0,0,0,0,0.11764705882352941,0.5882352941176471,0.0,1.0,0.0,0.0
CUST003648,26,11978.289999999999,460.7034615384615,2904.6,654.7568884888027,7,12,0,26,26,8,6,33.65384615384615,40,2.730769230769231,4,0,0,0,0,0,0,0,0,0,0.2692307692307692,0.46153846153846156,0.0,1.0,0.0,0.0
CUST003649,27,16076.64,595.4311111111111,3593.56,727.1555993116305,8,16,0,27,27,6,7,35.0,50,2.925925925925926,4,0,0,0,0,0,0,0,0,0,0.2962962962962963,0.5925925925925926,0.0,1.0,0.0,0.0
CUST003650,24,16207.15,675.2979166666667,2970.64,714.7066555251831,5,9,0,24,24,6,5,32.916666666666664,40,2.5833333333333335,4,0,0,0,0,0,0,0,0,0,0.20833333333333334,0.375,0.0,1.0,0.0,0.0
CUST003651,22,7214.570000000001,327.935,1294.93,341.8159924614134,3,6,0,22,22,3,4,32.04545454545455,40,2.409090909090909,4,0,0,0,0,0,0,0,0,0,0.13636363636363635,0.2727272727272727,0.0,1.0,0.0,0.0
CUST003652,26,23503.53,903.9819230769231,8282.95,1609.5252913825725,8,8,0,26,26,5,6,35.0,80,2.730769230769231,5,0,0,0,1,0,0,0,0,0,0.3076923076923077,0.3076923076923077,0.0,1.0,0.038461538461538464,0.0
CUST003653,28,18661.78,666.4921428571428,5610.66,1106.1931050340477,4,8,0,28,28,5,5,32.857142857142854,55,2.4642857142857144,4,0,0,0,0,0,0,0,0,0,0.14285714285714285,0.2857142857142857,0.0,1.0,0.0,0.0
CUST003654,31,19373.170000000002,624.9409677419355,4139.94,963.2399771166574,5,11,0,31,31,7,6,32.58064516129032,40,2.5161290322580645,4,0,0,0,0,0,0,0,0,0,0.16129032258064516,0.3548387096774194,0.0,1.0,0.0,0.0
CUST003655,18,13333.59,740.755,2820.72,847.1806410764507,4,12,0,18,18,5,6,34.44444444444444,40,2.888888888888889,4,0,0,0,0,0,0,0,0,0,0.2222222222222222,0.6666666666666666,0.0,1.0,0.0,0.0
CUST003656,24,12634.76,526.4483333333334,2054.86,527.5721385057557,5,11,0,24,24,6,7,33.333333333333336,40,2.6666666666666665,4,0,0,0,0,0,0,0,0,0,0.20833333333333334,0.4583333333333333,0.0,1.0,0.0,0.0
CUST003657,28,14332.95,511.8910714285715,2606.1,554.6372662302833,2,14,0,28,28,7,6,32.857142857142854,35,2.5714285714285716,3,0,0,0,0,0,0,0,0,0,0.07142857142857142,0.5,0.0,1.0,0.0,0.0
CUST003658,27,21913.19,811.5996296296296,5399.15,1181.7441050038692,2,17,0,27,26,7,8,34.81481481481482,65,2.7777777777777777,4,0,0,0,0,0,0,0,0,0,0.07407407407407407,0.6296296296296297,0.0,1.0,0.0,0.0
CUST003659,26,23683.14,910.89,8813.19,1814.3717763876289,2,14,0,26,26,7,7,34.42307692307692,70,2.6923076923076925,5,0,0,0,1,0,0,0,0,0,0.07692307692307693,0.5384615384615384,0.0,1.0,0.038461538461538464,0.0
CUST003660,18,11832.1,657.338888888889,2982.44,744.8877010655316,6,9,0,18,18,6,4,34.166666666666664,40,2.8333333333333335,4,0,0,0,0,0,0,0,0,0,0.3333333333333333,0.5,0.0,1.0,0.0,0.0
CUST003661,25,32860.26,1314.4104,9767.06,2582.6783586319198,3,11,0,25,25,6,4,35.6,70,2.72,5,0,0,0,2,0,0,0,0,0,0.12,0.44,0.0,1.0,0.08,0.0
CUST003662,29,28056.97,967.4817241379311,6697.81,1433.4741855169036,4,12,0,29,29,7,8,33.44827586206897,50,2.586206896551724,4,0,0,0,0,0,0,0,0,0,0.13793103448275862,0.41379310344827586,0.0,1.0,0.0,0.0
CUST003663,24,50070.08,2086.2533333333336,41872.72,8484.084466730821,5,11,0,24,24,5,6,35.208333333333336,80,2.7916666666666665,6,0,0,0,0,0,0,0,0,0,0.20833333333333334,0.4583333333333333,0.0,1.0,0.0,0.0
CUST003664,23,15258.83,663.4273913043478,5440.77,1228.6730916769795,8,11,0,23,22,5,8,45.0,60,3.869565217391304,5,1,0,0,0,0,0,0,0,0,0.34782608695652173,0.4782608695652174,0.0,1.0,0.0,0.0
CUST003665,30,22624.9,754.1633333333334,5101.99,1054.731121112712,4,13,0,30,30,9,7,33.5,50,2.6,4,0,0,0,0,0,0,0,0,0,0.13333333333333333,0.43333333333333335,0.0,1.0,0.0,0.0
CUST003666,20,15404.699999999999,770.2349999999999,6639.61,1531.8502624346324,1,12,0,20,20,8,3,34.25,50,2.7,4,0,0,0,0,0,0,0,0,0,0.05,0.6,0.0,1.0,0.0,0.0
CUST003667,15,21538.87,1435.9246666666666,8753.99,2553.325809832196,2,6,0,15,15,4,5,36.333333333333336,70,2.7333333333333334,5,0,0,0,1,0,0,0,0,0,0.13333333333333333,0.4,0.0,1.0,0.06666666666666667,0.0
CUST003668,26,25004.22,961.7007692307693,4933.18,1243.3170575486304,11,16,0,26,26,8,6,35.19230769230769,40,3.0384615384615383,4,0,0,0,0,0,0,0,0,0,0.4230769230769231,0.6153846153846154,0.0,1.0,0.0,0.0
CUST003669,24,15920.52,663.355,4188.94,884.8223296478667,2,13,0,24,24,7,5,33.125,40,2.625,4,0,0,0,0,0,0,0,0,0,0.08333333333333333,0.5416666666666666,0.0,1.0,0.0,0.0
CUST003670,24,11837.14,493.21416666666664,1569.43,447.65644929932085,4,12,0,24,24,6,7,33.333333333333336,40,2.6666666666666665,4,0,0,0,0,0,0,0,0,0,0.16666666666666666,0.5,0.0,1.0,0.0,0.0
CUST003671,26,14790.95,568.8826923076923,2652.56,748.1096272101179,7,12,0,26,26,6,4,33.65384615384615,40,2.730769230769231,4,0,0,0,0,0,0,0,0,0,0.2692307692307692,0.46153846153846156,0.0,1.0,0.0,0.0
CUST003672,28,20474.739999999998,731.2407142857143,3362.94,843.5788650827412,5,13,0,28,28,9,9,43.214285714285715,50,3.642857142857143,5,1,0,0,0,0,0,0,0,0,0.17857142857142858,0.4642857142857143,0.0,1.0,0.0,0.0
CUST003673,28,17640.35,630.0124999999999,3794.97,829.2545570956416,5,13,0,28,28,7,7,33.214285714285715,40,2.642857142857143,4,0,0,0,0,0,0,0,0,0,0.17857142857142858,0.4642857142857143,0.0,1.0,0.0,0.0
CUST003674,23,15715.93,683.3013043478261,6106.27,1267.958954308797,3,13,0,23,23,7,9,34.34782608695652,60,2.739130434782609,5,0,0,0,0,0,0,0,0,0,0.13043478260869565,0.5652173913043478,0.0,1.0,0.0,0.0
CUST003675,27,18785.58,695.7622222222222,2862.46,732.3927631838689,2,10,0,27,27,6,4,32.22222222222222,40,2.4444444444444446,4,0,0,0,0,0,0,0,0,0,0.07407407407407407,0.37037037037037035,0.0,1.0,0.0,0.0
CUST003676,20,16561.9,828.095,2843.66,698.8765532775102,4,10,0,20,19,7,4,33.5,40,2.7,4,0,0,0,0,0,0,0,0,0,0.2,0.5,0.0,1.0,0.0,0.0
CUST003677,28,16553.37,591.1917857142856,2845.29,761.1250028548316,4,18,0,28,28,10,7,33.92857142857143,40,2.7857142857142856,4,0,0,0,0,0,0,0,0,0,0.14285714285714285,0.6428571428571429,0.0,1.0,0.0,0.0
CUST003678,24,9138.19,380.7579166666667,1443.36,397.7669971005985,5,10,0,24,24,6,5,33.125,40,2.625,4,0,0,0,0,0,0,0,0,0,0.20833333333333334,0.4166666666666667,0.0,1.0,0.0,0.0
CUST003679,23,11814.04,513.6539130434783,2322.71,520.7425465336548,4,5,0,23,23,4,2,31.956521739130434,35,2.391304347826087,3,0,0,0,0,0,0,0,0,0,0.17391304347826086,0.21739130434782608,0.0,1.0,0.0,0.0
CUST003680,28,23552.53,841.1617857142857,3873.03,997.4092441143913,7,16,0,28,28,5,8,34.107142857142854,40,2.8214285714285716,4,0,0,0,0,0,0,0,0,0,0.25,0.5714285714285714,0.0,1.0,0.0,0.0
CUST003681,16,8819.27,551.204375,3770.13,932.3008715857684,2,8,0,16,16,4,5,33.125,40,2.625,4,0,0,0,0,0,0,0,0,0,0.125,0.5,0.0,1.0,0.0,0.0
CUST003682,17,8299.9,488.22941176470584,1020.05,290.50992025812536,5,8,0,17,16,4,5,33.8235294117647,40,2.764705882352941,4,0,0,0,0,0,0,0,0,0,0.29411764705882354,0.47058823529411764,0.0,1.0,0.0,0.0
CUST003683,18,10284.99,571.3883333333333,3275.29,776.0481477577505,7,6,0,18,18,4,5,33.611111111111114,40,2.7222222222222223,4,0,0,0,0,0,0,0,0,0,0.3888888888888889,0.3333333333333333,0.0,1.0,0.0,0.0
CUST003684,27,20229.47,749.2396296296297,7143.42,1433.7746446422773,3,9,0,27,27,3,6,32.96296296296296,50,2.4814814814814814,4,0,0,0,0,0,0,0,0,0,0.1111111111111111,0.3333333333333333,0.0,1.0,0.0,0.0
CUST003685,23,18333.43,797.1056521739131,2482.71,652.7790609583702,6,12,0,23,23,6,8,33.91304347826087,40,2.782608695652174,4,0,0,0,0,0,0,0,0,0,0.2608695652173913,0.5217391304347826,0.0,1.0,0.0,0.0
CUST003686,14,6360.6,454.3285714285715,1216.45,369.9079317022869,3,7,0,14,14,5,6,33.57142857142857,35,2.7142857142857144,3,0,0,0,0,0,0,0,0,0,0.21428571428571427,0.5,0.0,1.0,0.0,0.0
CUST003687,35,26520.97,757.7420000000001,3847.52,915.11944290735,7,16,0,35,35,6,8,33.285714285714285,40,2.657142857142857,4,0,0,0,0,0,0,0,0,0,0.2,0.45714285714285713,0.0,1.0,0.0,0.0
CUST003688,36,23698.45,658.2902777777778,2533.64,739.0393240397045,8,17,0,36,36,9,9,33.47222222222222,40,2.6944444444444446,4,0,0,0,0,0,0,0,0,0,0.2222222222222222,0.4722222222222222,0.0,1.0,0.0,0.0
CUST003689,26,9549.83,367.30115384615385,1051.93,297.03947548198937,5,15,0,26,26,9,6,33.84615384615385,40,2.769230769230769,4,0,0,0,0,0,0,0,0,0,0.19230769230769232,0.5769230769230769,0.0,1.0,0.0,0.0
CUST003690,24,14369.83,598.7429166666667,2733.08,651.3686462030088,6,14,0,24,24,7,8,34.166666666666664,40,2.8333333333333335,4,0,0,0,0,0,0,0,0,0,0.25,0.5833333333333334,0.0,1.0,0.0,0.0
CUST003691,23,16653.01,724.0439130434781,4853.43,1024.8930787414724,5,12,0,23,23,5,9,43.69565217391305,50,3.739130434782609,5,1,0,0,0,0,0,0,0,0,0.21739130434782608,0.5217391304347826,0.0,1.0,0.0,0.0
CUST003692,36,51699.11,1436.086388888889,14423.19,2964.658624865507,5,19,0,36,36,9,6,35.833333333333336,70,2.8055555555555554,5,0,0,0,0,1,0,1,0,0,0.1388888888888889,0.5277777777777778,0.0,1.0,0.0,0.027777777777777776
CUST003693,32,21352.72,667.2725,4098.18,857.6235823295335,3,9,0,32,32,6,3,31.875,35,2.375,3,0,0,0,0,0,0,0,0,0,0.09375,0.28125,0.0,1.0,0.0,0.0
CUST003694,14,12579.15,898.5107142857142,6347.45,1594.5396766535873,2,8,0,14,14,6,3,33.57142857142857,40,2.7142857142857144,4,0,0,0,0,0,0,0,0,0,0.14285714285714285,0.5714285714285714,0.0,1.0,0.0,0.0
CUST003695,23,20903.74,908.8582608695652,6372.83,1432.2041960674464,6,12,0,23,23,7,6,34.78260869565217,50,2.8260869565217392,4,0,0,0,0,0,0,0,0,0,0.2608695652173913,0.5217391304347826,0.0,1.0,0.0,0.0
CUST003696,23,20193.03,877.9578260869565,4526.32,1134.3858390454623,4,10,0,23,23,4,5,33.04347826086956,40,2.608695652173913,4,0,0,0,0,0,0,0,0,0,0.17391304347826086,0.43478260869565216,0.0,1.0,0.0,0.0
CUST003697,15,4634.78,308.9853333333333,965.49,280.4015253643722,4,8,0,15,15,4,5,34.0,40,2.8,4,0,0,0,0,0,0,0,0,0,0.26666666666666666,0.5333333333333333,0.0,1.0,0.0,0.0
CUST003698,27,28890.06,1070.0022222222224,6379.7,1438.5647823073075,6,16,0,27,27,8,6,34.81481481481482,50,2.8518518518518516,4,0,0,0,0,0,0,0,0,0,0.2222222222222222,0.5925925925925926,0.0,1.0,0.0,0.0
CUST003699,28,10801.58,385.7707142857143,1304.11,381.98378071955386,5,7,0,28,28,5,9,32.142857142857146,40,2.4285714285714284,4,0,0,0,0,0,0,0,0,0,0.17857142857142858,0.25,0.0,1.0,0.0,0.0
CUST003700,26,9593.12,368.9661538461539,1475.28,339.54686911914746,3,12,0,26,26,6,6,32.88461538461539,40,2.576923076923077,4,0,0,0,0,0,0,0,0,0,0.11538461538461539,0.46153846153846156,0.0,1.0,0.0,0.0
CUST003701,19,7679.23,404.16999999999996,1739.23,386.0776439756358,3,11,0,19,19,4,8,43.68421052631579,50,3.736842105263158,5,1,0,0,0,0,0,0,0,0,0.15789473684210525,0.5789473684210527,0.0,1.0,0.0,0.0
CUST003702,17,11736.14,690.3611764705882,2771.01,891.3593221162438,1,8,0,17,17,6,6,32.64705882352941,35,2.5294117647058822,3,0,0,0,0,0,0,0,0,0,0.058823529411764705,0.47058823529411764,0.0,1.0,0.0,0.0
CUST003703,21,7466.08,355.52761904761905,1658.02,361.9610979083907,2,10,0,21,21,5,5,32.857142857142854,35,2.5714285714285716,3,0,0,0,0,0,0,0,0,0,0.09523809523809523,0.47619047619047616,0.0,1.0,0.0,0.0
CUST003704,21,17020.22,810.4866666666667,4835.04,1140.3944574590555,3,9,0,21,21,6,5,32.857142857142854,40,2.5714285714285716,4,0,0,0,0,0,0,0,0,0,0.14285714285714285,0.42857142857142855,0.0,1.0,0.0,0.0
CUST003705,24,16868.68,702.8616666666667,3316.43,859.1682438299249,3,8,0,24,24,4,6,34.166666666666664,50,2.5833333333333335,4,0,0,0,0,0,0,0,0,0,0.125,0.3333333333333333,0.0,1.0,0.0,0.0
CUST003706,30,35047.47,1168.249,7462.51,1902.9254695615018,6,13,0,30,30,6,6,34.5,60,2.7,5,0,0,0,0,0,0,0,0,0,0.2,0.43333333333333335,0.0,1.0,0.0,0.0
CUST003707,16,10080.48,630.03,2401.21,573.3914898798783,1,8,0,16,16,5,5,32.8125,40,2.5625,4,0,0,0,0,0,0,0,0,0,0.0625,0.5,0.0,1.0,0.0,0.0
CUST003708,19,11392.01,599.5794736842105,1945.46,547.4409047201523,3,14,0,19,19,6,7,44.473684210526315,50,3.8947368421052633,5,1,0,0,0,0,0,0,0,0,0.15789473684210525,0.7368421052631579,0.0,1.0,0.0,0.0
CUST003709,20,15589.99,779.4995,7460.57,1615.1444653863498,3,10,0,20,20,4,6,44.25,60,3.7,5,1,0,0,0,0,0,0,0,0,0.15,0.5,0.0,1.0,0.0,0.0
CUST003710,24,15381.050000000001,640.8770833333334,2949.8,730.5610213627616,5,17,0,24,24,6,9,34.583333333333336,40,2.9166666666666665,4,0,0,0,0,0,0,0,0,0,0.20833333333333334,0.7083333333333334,0.0,1.0,0.0,0.0
CUST003711,19,11812.48,621.7094736842105,4700.18,1047.13053155582,5,9,0,19,19,5,6,33.68421052631579,40,2.736842105263158,4,0,0,0,0,0,0,0,0,0,0.2631578947368421,0.47368421052631576,0.0,1.0,0.0,0.0
CUST003712,33,14775.2,447.73333333333335,1452.77,392.4501759831006,5,10,0,33,32,6,7,32.27272727272727,40,2.4545454545454546,4,0,0,0,0,0,0,0,0,0,0.15151515151515152,0.30303030303030304,0.0,1.0,0.0,0.0
CUST003713,23,16620.78,722.6426086956521,3096.1,776.6034303778882,3,10,0,23,23,5,5,32.82608695652174,40,2.5652173913043477,4,0,0,0,0,0,0,0,0,0,0.13043478260869565,0.43478260869565216,0.0,1.0,0.0,0.0
CUST003714,30,18396.98,613.2326666666667,4459.26,918.2778499130422,4,14,0,30,30,9,4,33.0,40,2.6,4,0,0,0,0,0,0,0,0,0,0.13333333333333333,0.4666666666666667,0.0,1.0,0.0,0.0
CUST003715,24,24925.86,1038.5775,7765.14,1647.0295232597168,7,11,0,24,24,6,6,34.583333333333336,60,2.7916666666666665,5,0,0,0,0,0,0,0,0,0,0.2916666666666667,0.4583333333333333,0.0,1.0,0.0,0.0
CUST003716,25,14685.33,587.4132,3345.66,781.066169186495,9,7,0,25,25,7,3,33.2,35,2.64,3,0,0,0,0,0,0,0,0,0,0.36,0.28,0.0,1.0,0.0,0.0
CUST003717,20,12435.23,621.7615,4341.72,989.2057887771701,5,8,0,20,20,3,5,33.25,40,2.65,4,0,0,0,0,0,0,0,0,0,0.25,0.4,0.0,1.0,0.0,0.0
CUST003718,30,13949.47,464.9823333333333,2042.38,482.54621761624776,3,14,0,30,30,8,8,32.833333333333336,40,2.566666666666667,4,0,0,0,0,0,0,0,0,0,0.1,0.4666666666666667,0.0,1.0,0.0,0.0
CUST003719,35,19200.82,548.5948571428571,4483.69,787.0429188923913,3,13,0,35,35,6,7,47.285714285714285,55,3.4571428571428573,5,0,0,1,0,0,0,0,0,0,0.08571428571428572,0.37142857142857144,0.0,1.0,0.0,0.0
CUST003720,26,20897.14,803.7361538461538,3367.11,906.7445169399236,3,12,0,26,26,5,7,32.88461538461539,40,2.576923076923077,4,0,0,0,0,0,0,0,0,0,0.11538461538461539,0.46153846153846156,0.0,1.0,0.0,0.0
CUST003721,23,31104.41,1352.365652173913,6651.17,1817.1086086663418,8,4,0,23,23,4,5,43.47826086956522,60,3.5652173913043477,5,1,0,0,0,0,0,0,0,0,0.34782608695652173,0.17391304347826086,0.0,1.0,0.0,0.0
CUST003722,26,22407.1,861.8115384615384,4865.83,1007.4451924177009,4,11,0,26,26,6,7,32.88461538461539,40,2.576923076923077,4,0,0,0,0,0,0,0,0,0,0.15384615384615385,0.4230769230769231,0.0,1.0,0.0,0.0
CUST003723,24,18054.2,752.2583333333333,6724.99,1365.0025115111998,5,9,0,24,24,5,5,33.75,55,2.625,4,0,0,0,0,0,0,0,0,0,0.20833333333333334,0.375,0.0,1.0,0.0,0.0
CUST003724,25,13326.32,533.0527999999999,2927.88,666.045189110819,7,12,0,25,25,8,6,33.8,40,2.76,4,0,0,0,0,0,0,0,0,0,0.28,0.48,0.0,1.0,0.0,0.0
CUST003725,24,15282.09,636.75375,3377.66,762.4712162425343,4,17,0,24,24,8,8,34.375,40,2.875,4,0,0,0,0,0,0,0,0,0,0.16666666666666666,0.7083333333333334,0.0,1.0,0.0,0.0
CUST003726,22,17726.07,805.7304545454546,6892.3,1425.9463462573008,5,10,0,22,21,5,7,34.31818181818182,55,2.727272727272727,4,0,0,0,0,0,0,0,0,0,0.22727272727272727,0.45454545454545453,0.0,1.0,0.0,0.0
CUST003727,32,27360.64,855.02,5967.1,1243.9431356804264,8,17,0,32,32,8,8,34.53125,50,2.8125,4,0,0,0,0,0,0,0,0,0,0.25,0.53125,0.0,1.0,0.0,0.0
CUST003728,22,18284.27,831.1031818181818,5309.89,1216.2265601573793,6,13,0,22,22,5,8,35.22727272727273,50,2.909090909090909,4,0,0,0,0,0,0,0,0,0,0.2727272727272727,0.5909090909090909,0.0,1.0,0.0,0.0
CUST003729,22,11116.84,505.3109090909091,3556.08,779.184489596466,2,10,0,22,22,5,6,32.72727272727273,40,2.5454545454545454,4,0,0,0,0,0,0,0,0,0,0.09090909090909091,0.45454545454545453,0.0,1.0,0.0,0.0
CUST003730,13,8120.09,624.6223076923077,2725.06,740.6216984978885,0,6,0,13,13,6,2,32.30769230769231,35,2.4615384615384617,3,0,0,0,0,0,0,0,0,0,0.0,0.46153846153846156,0.0,1.0,0.0,0.0
CUST003731,28,17782.99,635.1067857142858,3097.57,769.427932813067,5,15,0,28,28,8,7,33.57142857142857,40,2.7142857142857144,4,0,0,0,0,0,0,0,0,0,0.17857142857142858,0.5357142857142857,0.0,1.0,0.0,0.0
CUST003732,20,18016.9,900.845,4548.85,1362.0831932529325,2,5,0,20,20,3,5,31.75,35,2.35,3,0,0,0,0,0,0,0,0,0,0.1,0.25,0.0,1.0,0.0,0.0
CUST003733,23,11092.300000000001,482.27391304347833,2480.5,630.6929211930977,2,12,0,23,23,5,4,33.04347826086956,35,2.608695652173913,3,0,0,0,0,0,0,0,0,0,0.08695652173913043,0.5217391304347826,0.0,1.0,0.0,0.0
CUST003734,24,28884.27,1203.51125,14645.32,2924.0734013839287,3,13,0,24,24,7,6,34.166666666666664,50,2.7083333333333335,3,0,0,0,0,0,0,0,0,0,0.125,0.5416666666666666,0.0,1.0,0.0,0.0
CUST003735,16,15101.949999999999,943.8718749999999,2740.98,901.9670373594129,3,10,0,16,16,8,4,44.0625,50,3.8125,5,1,0,0,0,0,0,0,0,0,0.1875,0.625,0.0,1.0,0.0,0.0
CUST003736,25,10350.17,414.0068,1791.51,474.89530323114377,8,9,0,25,25,4,6,33.4,40,2.68,4,0,0,0,0,0,0,0,0,0,0.32,0.36,0.0,1.0,0.0,0.0
CUST003737,31,14426.51,465.37129032258065,2870.2,604.8977598720958,5,9,0,31,30,6,5,32.25806451612903,40,2.4516129032258065,4,0,0,0,0,0,0,0,0,0,0.16129032258064516,0.2903225806451613,0.0,1.0,0.0,0.0
CUST003738,23,16212.34,704.8843478260869,4756.16,1019.4792652393497,5,12,0,23,23,6,5,33.69565217391305,40,2.739130434782609,4,0,0,0,0,0,0,0,0,0,0.21739130434782608,0.5217391304347826,0.0,1.0,0.0,0.0
CUST003739,25,22213.5,888.54,5512.91,1168.951885219547,11,12,0,25,25,5,6,45.4,70,3.96,6,1,0,0,0,0,0,0,0,0,0.44,0.48,0.0,1.0,0.0,0.0
CUST003740,24,23716.64,988.1933333333333,9823.14,2116.20171556138,3,11,0,24,24,8,6,34.375,75,2.6666666666666665,6,0,0,0,1,0,0,0,0,0,0.125,0.4583333333333333,0.0,1.0,0.041666666666666664,0.0
CUST003741,34,24657.57,725.2226470588236,4994.28,1041.4077533401714,9,15,0,34,33,7,10,33.529411764705884,40,2.7058823529411766,4,0,0,0,0,0,0,0,0,0,0.2647058823529412,0.4411764705882353,0.0,1.0,0.0,0.0
CUST003742,35,14423.26,412.0931428571429,1932.13,384.72632830724376,6,14,0,35,35,10,5,32.857142857142854,40,2.5714285714285716,4,0,0,0,0,0,0,0,0,0,0.17142857142857143,0.4,0.0,1.0,0.0,0.0
CUST003743,21,11874.17,565.4366666666667,2398.86,548.1111293828409,2,12,0,21,21,6,7,33.333333333333336,40,2.6666666666666665,4,0,0,0,0,0,0,0,0,0,0.09523809523809523,0.5714285714285714,0.0,1.0,0.0,0.0
CUST003744,24,18262.03,760.9179166666667,3717.33,1056.1072014261463,4,14,0,24,24,6,9,33.75,40,2.75,4,0,0,0,0,0,0,0,0,0,0.16666666666666666,0.5833333333333334,0.0,1.0,0.0,0.0
CUST003745,23,11246.06,488.9591304347826,2592.17,608.112999419389,6,16,0,23,23,7,8,34.78260869565217,40,2.9565217391304346,4,0,0,0,0,0,0,0,0,0,0.2608695652173913,0.6956521739130435,0.0,1.0,0.0,0.0
CUST003746,28,16783.05,599.3946428571428,2411.88,645.8143897636485,4,13,0,28,28,6,7,33.035714285714285,40,2.607142857142857,4,0,0,0,0,0,0,0,0,0,0.14285714285714285,0.4642857142857143,0.0,1.0,0.0,0.0
CUST003747,29,27038.77,932.3713793103449,8677.76,1734.7886813358236,6,13,0,29,28,6,7,34.48275862068966,65,2.7241379310344827,4,0,0,0,1,0,0,0,0,0,0.20689655172413793,0.4482758620689655,0.0,1.0,0.034482758620689655,0.0
CUST003748,22,15912.029999999999,723.2740909090909,2535.61,767.8829789297888,3,16,0,22,22,8,7,34.31818181818182,40,2.8636363636363638,4,0,0,0,0,0,0,0,0,0,0.13636363636363635,0.7272727272727273,0.0,1.0,0.0,0.0
CUST003749,28,22458.55,802.0910714285714,3506.42,980.1893157176106,4,18,0,28,28,9,8,33.92857142857143,40,2.7857142857142856,4,0,0,0,0,0,0,0,0,0,0.14285714285714285,0.6428571428571429,0.0,1.0,0.0,0.0
CUST003750,21,18245.45,868.8309523809525,4197.52,1187.0397225362967,2,13,0,21,21,4,7,33.57142857142857,40,2.7142857142857144,4,0,0,0,0,0,0,0,0,0,0.09523809523809523,0.6190476190476191,0.0,1.0,0.0,0.0
CUST003751,22,11910.15,541.3704545454545,1668.74,505.93907253624053,8,13,0,22,22,7,7,34.77272727272727,40,2.9545454545454546,4,0,0,0,0,0,0,0,0,0,0.36363636363636365,0.5909090909090909,0.0,1.0,0.0,0.0
CUST003752,25,14986.31,599.4524,2728.8,710.6809799896154,4,13,0,25,25,5,9,33.4,40,2.68,4,0,0,0,0,0,0,0,0,0,0.16,0.52,0.0,1.0,0.0,0.0
CUST003753,22,10830.31,492.28681818181815,1785.71,428.88698967028785,2,10,0,22,22,3,6,47.72727272727273,50,3.5454545454545454,4,0,0,1,0,0,0,0,0,0,0.09090909090909091,0.45454545454545453,0.0,1.0,0.0,0.0
CUST003754,24,16222.59,675.94125,4439.69,984.9742472745271,3,15,0,24,24,7,8,33.75,40,2.75,4,0,0,0,0,0,0,0,0,0,0.125,0.625,0.0,1.0,0.0,0.0
CUST003755,22,12790.86,581.4027272727272,4659.66,976.6771069741759,2,13,0,22,22,4,7,34.09090909090909,50,2.727272727272727,4,0,0,0,0,0,0,0,0,0,0.09090909090909091,0.5909090909090909,0.0,1.0,0.0,0.0
CUST003756,27,15560.94,576.3311111111111,3930.36,840.8552522893367,5,13,0,27,27,6,6,33.333333333333336,40,2.6666666666666665,4,0,0,0,0,0,0,0,0,0,0.18518518518518517,0.48148148148148145,0.0,1.0,0.0,0.0
CUST003757,24,16572.06,690.5025,6387.05,1262.5027290586088,3,11,0,24,23,5,3,33.75,55,2.625,4,0,0,0,0,0,0,0,0,0,0.125,0.4583333333333333,0.0,1.0,0.0,0.0
CUST003758,23,14901.61,647.8960869565218,3375.23,885.2515137197354,6,9,0,23,23,5,6,33.26086956521739,40,2.652173913043478,4,0,0,0,0,0,0,0,0,0,0.2608695652173913,0.391304347826087,0.0,1.0,0.0,0.0
CUST003759,23,16438.79,714.73,2883.37,833.9784429904212,2,11,0,23,23,9,7,32.82608695652174,40,2.5652173913043477,4,0,0,0,0,0,0,0,0,0,0.08695652173913043,0.4782608695652174,0.0,1.0,0.0,0.0
CUST003760,23,8673.4,377.10434782608695,1301.12,378.810954312979,4,13,0,23,23,6,7,33.69565217391305,40,2.739130434782609,4,0,0,0,0,0,0,0,0,0,0.17391304347826086,0.5652173913043478,0.0,1.0,0.0,0.0
CUST003761,31,26335.08,849.5187096774195,4912.43,1190.7607163314885,7,10,0,31,31,5,7,32.74193548387097,40,2.5483870967741935,4,0,0,0,0,0,0,0,0,0,0.22580645161290322,0.3225806451612903,0.0,1.0,0.0,0.0
CUST003762,20,29768.82,1488.441,11992.39,2607.255929451903,4,11,0,20,20,5,6,35.5,70,2.85,5,0,0,0,0,0,0,0,0,0,0.2,0.55,0.0,1.0,0.0,0.0
CUST003763,21,9734.92,463.5676190476191,3205.11,763.5217636643027,6,7,0,21,21,6,3,33.095238095238095,40,2.619047619047619,4,0,0,0,0,0,0,0,0,0,0.2857142857142857,0.3333333333333333,0.0,1.0,0.0,0.0
CUST003764,24,12000.47,500.0195833333333,2780.51,630.0537629887949,1,14,0,24,24,6,8,33.125,35,2.625,3,0,0,0,0,0,0,0,0,0,0.041666666666666664,0.5833333333333334,0.0,1.0,0.0,0.0
CUST003765,29,23877.13,823.3493103448276,3140.32,910.5232642471149,6,16,0,29,29,7,7,33.793103448275865,40,2.7586206896551726,4,0,0,0,0,0,0,0,0,0,0.20689655172413793,0.5517241379310345,0.0,1.0,0.0,0.0
CUST003766,21,21992.65,1047.2690476190478,4915.3,1331.90235291445,5,10,0,21,21,7,5,33.57142857142857,40,2.7142857142857144,4,0,0,0,0,0,0,0,0,0,0.23809523809523808,0.47619047619047616,0.0,1.0,0.0,0.0
CUST003767,28,19113.3,682.6178571428571,2145.15,678.605330885596,4,16,0,28,28,8,8,33.57142857142857,40,2.7142857142857144,4,0,0,0,0,0,0,0,0,0,0.14285714285714285,0.5714285714285714,0.0,1.0,0.0,0.0
CUST003768,18,10862.42,603.4677777777778,1671.91,520.5578774009505,2,10,0,18,18,4,5,33.333333333333336,40,2.6666666666666665,4,0,0,0,0,0,0,0,0,0,0.1111111111111111,0.5555555555555556,0.0,1.0,0.0,0.0
CUST003769,24,18865.3,786.0541666666667,3290.5,951.8798511134675,5,7,0,24,24,4,5,47.5,55,3.5,5,0,0,1,0,0,0,0,0,0,0.20833333333333334,0.2916666666666667,0.0,1.0,0.0,0.0
CUST003770,26,17156.34,659.8592307692307,3402.07,843.9734240930721,3,15,0,26,26,5,6,33.46153846153846,40,2.6923076923076925,4,0,0,0,0,0,0,0,0,0,0.11538461538461539,0.5769230769230769,0.0,1.0,0.0,0.0
CUST003771,20,8934.42,446.721,1249.78,398.1451066462023,3,10,0,20,20,4,6,33.25,40,2.65,4,0,0,0,0,0,0,0,0,0,0.15,0.5,0.0,1.0,0.0,0.0
CUST003772,21,17817.56,848.4552380952382,3126.74,898.9801996519113,1,7,0,21,21,5,6,31.904761904761905,35,2.380952380952381,3,0,0,0,0,0,0,0,0,0,0.047619047619047616,0.3333333333333333,0.0,1.0,0.0,0.0
CUST003773,12,13920.23,1160.0191666666667,3769.59,1258.5526140802906,3,4,0,12,12,3,3,32.916666666666664,40,2.5833333333333335,4,0,0,0,0,0,0,0,0,0,0.25,0.3333333333333333,0.0,1.0,0.0,0.0
CUST003774,27,18081.34,669.6792592592593,4364.47,942.58200258621,4,17,0,27,27,8,9,33.888888888888886,40,2.7777777777777777,4,0,0,0,0,0,0,0,0,0,0.14814814814814814,0.6296296296296297,0.0,1.0,0.0,0.0
CUST003775,22,15308.16,695.8254545454546,2109.45,659.82058846995,3,7,0,22,22,5,3,32.27272727272727,35,2.4545454545454546,3,0,0,0,0,0,0,0,0,0,0.13636363636363635,0.3181818181818182,0.0,1.0,0.0,0.0
CUST003776,21,13804.9,657.3761904761905,1714.8,516.6625494989567,5,9,0,21,21,4,5,33.333333333333336,40,2.6666666666666665,4,0,0,0,0,0,0,0,0,0,0.23809523809523808,0.42857142857142855,0.0,1.0,0.0,0.0
CUST003777,22,10769.59,489.5268181818182,2647.63,631.5415191900075,7,8,0,22,22,5,4,33.40909090909091,40,2.6818181818181817,4,0,0,0,0,0,0,0,0,0,0.3181818181818182,0.36363636363636365,0.0,1.0,0.0,0.0
CUST003778,33,22393.11,678.579090909091,3032.04,687.9434963959778,9,15,0,33,33,7,5,33.63636363636363,40,2.727272727272727,4,0,0,0,0,0,0,0,0,0,0.2727272727272727,0.45454545454545453,0.0,1.0,0.0,0.0
CUST003779,24,14897.81,620.7420833333333,5553.75,1162.910362331169,3,12,0,24,24,7,7,33.958333333333336,55,2.6666666666666665,4,0,0,0,0,0,0,0,0,0,0.125,0.5,0.0,1.0,0.0,0.0
CUST003780,19,13817.279999999999,727.2252631578947,3609.25,932.6425080583808,0,8,0,19,19,5,5,82.10526315789474,85,3.4210526315789473,4,0,1,0,0,0,0,0,0,0,0.0,0.42105263157894735,0.0,1.0,0.0,0.0
CUST003781,30,39865.9,1328.8633333333335,12932.88,2726.628187389026,7,18,0,30,30,8,7,51.666666666666664,85,3.966666666666667,6,0,0,1,0,0,0,0,0,0,0.23333333333333334,0.6,0.0,1.0,0.0,0.0
CUST003782,28,16986.79,606.6710714285715,5505.48,1096.268539463451,5,11,0,28,28,6,8,33.57142857142857,55,2.607142857142857,4,0,0,0,0,0,0,0,0,0,0.17857142857142858,0.39285714285714285,0.0,1.0,0.0,0.0
CUST003783,25,31857.56,1274.3024,15276.6,2986.771936569201,6,13,0,25,25,6,5,35.2,65,2.84,4,0,0,0,0,0,0,0,0,0,0.24,0.52,0.0,1.0,0.0,0.0
CUST003784,29,50744.79,1749.8203448275863,26856.38,5022.244410782809,4,17,0,29,29,8,9,50.3448275862069,75,3.8275862068965516,5,0,0,1,0,0,0,0,0,0,0.13793103448275862,0.5862068965517241,0.0,1.0,0.0,0.0
CUST003785,25,23936.56,957.4624,8650.63,1716.9969463894413,3,9,0,25,25,3,8,33.8,65,2.56,4,0,0,0,1,0,0,0,0,0,0.12,0.36,0.0,1.0,0.04,0.0
CUST003786,25,16931.99,677.2796000000001,5993.77,1187.6751926574877,8,16,0,25,25,10,5,35.6,50,3.0,4,0,0,0,0,1,0,1,0,0,0.32,0.64,0.0,1.0,0.0,0.04
CUST003787,28,32374.37,1156.2275,7146.76,1728.5904935281058,6,15,0,28,28,9,7,35.17857142857143,55,2.8214285714285716,4,0,0,0,0,0,0,0,0,0,0.21428571428571427,0.5357142857142857,0.0,1.0,0.0,0.0
CUST003788,30,23537.920000000002,784.5973333333334,4760.89,1145.4604940490642,6,14,0,30,30,7,8,33.333333333333336,40,2.6666666666666665,4,0,0,0,0,0,0,0,0,0,0.2,0.4666666666666667,0.0,1.0,0.0,0.0
CUST003789,24,16298.52,679.105,3229.5,797.0816880618186,3,8,0,24,24,5,4,32.291666666666664,40,2.4583333333333335,4,0,0,0,0,0,0,0,0,0,0.125,0.3333333333333333,0.0,1.0,0.0,0.0
CUST003790,26,15883.24,610.8938461538462,7144.73,1376.1599709454622,2,13,0,26,26,7,6,43.65384615384615,60,3.6153846153846154,5,1,0,0,0,0,0,0,0,0,0.07692307692307693,0.5,0.0,1.0,0.0,0.0
CUST003791,28,56754.12,2026.9328571428573,23579.99,5453.567740133845,6,11,0,28,28,6,7,35.0,70,2.7142857142857144,5,0,0,0,0,0,0,0,0,0,0.21428571428571427,0.39285714285714285,0.0,1.0,0.0,0.0
CUST003792,32,39281.37,1227.5428125,7285.57,1873.6834616824042,5,17,0,32,32,5,8,35.3125,60,2.78125,5,0,0,0,0,0,0,0,0,0,0.15625,0.53125,0.0,1.0,0.0,0.0
CUST003793,28,23661.440000000002,845.0514285714287,6003.59,1226.8909864812745,5,17,0,28,28,6,8,34.642857142857146,55,2.8214285714285716,4,0,0,0,0,0,0,0,0,0,0.17857142857142858,0.6071428571428571,0.0,1.0,0.0,0.0
CUST003794,29,28551.47,984.5334482758622,3820.44,1024.4848688880386,8,11,0,29,29,5,7,33.275862068965516,40,2.6551724137931036,4,0,0,0,0,0,0,0,0,0,0.27586206896551724,0.3793103448275862,0.0,1.0,0.0,0.0
CUST003795,21,16353.66,778.7457142857143,4588.0,1134.8620365646716,4,14,0,21,21,9,5,34.285714285714285,40,2.857142857142857,4,0,0,0,0,0,0,0,0,0,0.19047619047619047,0.6666666666666666,0.0,1.0,0.0,0.0
CUST003796,17,12232.269999999999,719.545294117647,4877.62,1151.1057003655096,2,6,0,17,17,3,5,32.35294117647059,40,2.4705882352941178,4,0,0,0,0,0,0,0,0,0,0.11764705882352941,0.35294117647058826,0.0,1.0,0.0,0.0
CUST003797,21,17547.100000000002,835.5761904761906,10252.36,2209.234102114297,6,9,0,21,21,4,8,34.523809523809526,50,2.761904761904762,4,0,0,0,0,0,0,0,0,0,0.2857142857142857,0.42857142857142855,0.0,1.0,0.0,0.0
CUST003798,21,13291.69,632.937619047619,2473.45,809.9144821455211,4,9,0,21,21,5,5,33.095238095238095,40,2.619047619047619,4,0,0,0,0,0,0,0,0,0,0.19047619047619047,0.42857142857142855,0.0,1.0,0.0,0.0
CUST003799,33,35385.95,1072.301515151515,22522.18,3862.2858335941437,4,17,0,33,33,8,7,34.24242424242424,65,2.696969696969697,4,0,0,0,0,0,0,0,0,0,0.12121212121212122,0.5151515151515151,0.0,1.0,0.0,0.0
CUST003800,33,51828.63,1570.5645454545454,32041.18,5521.686097622882,9,20,0,33,33,8,10,35.75757575757576,80,2.9696969696969697,6,0,0,0,0,0,0,0,0,0,0.2727272727272727,0.6060606060606061,0.0,1.0,0.0,0.0
CUST003801,19,15565.83,819.2542105263158,3193.67,853.623800429126,7,11,0,19,19,4,7,34.73684210526316,40,2.9473684210526314,4,0,0,0,0,0,0,0,0,0,0.3684210526315789,0.5789473684210527,0.0,1.0,0.0,0.0
CUST003802,24,15082.460000000001,628.4358333333333,2501.02,740.8544005692033,5,17,0,24,24,5,8,34.583333333333336,40,2.9166666666666665,4,0,0,0,0,0,0,0,0,0,0.20833333333333334,0.7083333333333334,0.0,1.0,0.0,0.0
CUST003803,26,21706.01,834.8465384615384,3961.35,872.6097880722737,3,15,0,26,26,6,9,33.46153846153846,40,2.6923076923076925,4,0,0,0,0,0,0,0,0,0,0.11538461538461539,0.5769230769230769,0.0,1.0,0.0,0.0
CUST003804,20,13007.95,650.3975,2885.57,801.0850034459843,4,9,0,20,19,8,5,33.25,40,2.65,4,0,0,0,0,0,0,0,0,0,0.2,0.45,0.0,1.0,0.0,0.0
CUST003805,34,15162.51,445.9561764705882,1756.77,436.9144255580207,11,17,0,34,34,7,8,34.11764705882353,40,2.823529411764706,4,0,0,0,0,0,0,0,0,0,0.3235294117647059,0.5,0.0,1.0,0.0,0.0
CUST003806,21,13565.210000000001,645.962380952381,3048.7,693.3520716483421,4,11,0,21,21,5,9,33.57142857142857,40,2.7142857142857144,4,0,0,0,0,0,0,0,0,0,0.19047619047619047,0.5238095238095238,0.0,1.0,0.0,0.0
CUST003807,28,11101.58,396.485,1209.94,332.37642563036087,8,18,0,28,27,7,7,34.642857142857146,40,2.9285714285714284,4,0,0,0,0,0,0,0,0,0,0.2857142857142857,0.6428571428571429,0.0,1.0,0.0,0.0
CUST003808,29,14368.64,495.4703448275862,2116.25,547.1528514924375,3,13,0,29,29,7,5,47.758620689655174,55,3.5517241379310347,5,0,0,1,0,0,0,0,0,0,0.10344827586206896,0.4482758620689655,0.0,1.0,0.0,0.0
CUST003809,19,19936.89,1049.31,5063.78,1396.837133721911,5,13,0,19,19,5,7,35.78947368421053,55,3.0,4,0,0,0,0,0,0,0,0,0,0.2631578947368421,0.6842105263157895,0.0,1.0,0.0,0.0
CUST003810,28,15232.4,544.0142857142857,2896.1,655.8190702242816,4,10,0,28,28,6,6,32.5,40,2.5,4,0,0,0,0,0,0,0,0,0,0.14285714285714285,0.35714285714285715,0.0,1.0,0.0,0.0
CUST003811,28,17538.46,626.3735714285714,3928.18,868.1581278358875,2,15,0,28,28,8,8,33.035714285714285,40,2.607142857142857,4,0,0,0,0,0,0,0,0,0,0.07142857142857142,0.5357142857142857,0.0,1.0,0.0,0.0
CUST003812,32,16237.3,507.415625,3213.47,635.3820867129682,4,17,0,32,32,8,7,33.28125,40,2.65625,4,0,0,0,0,0,0,0,0,0,0.125,0.53125,0.0,1.0,0.0,0.0
CUST003813,22,15371.97,698.7259090909091,4362.08,1041.6512278413634,2,13,0,22,22,6,6,43.40909090909091,50,3.6818181818181817,5,1,0,0,0,0,0,0,0,0,0.09090909090909091,0.5909090909090909,0.0,1.0,0.0,0.0
CUST003814,25,15708.17,628.3268,2085.73,582.9728649754348,4,11,0,25,25,7,7,48.0,55,3.6,5,0,0,1,0,0,0,0,0,0,0.16,0.44,0.0,1.0,0.0,0.0
CUST003815,19,11255.32,592.3852631578948,3985.02,903.6911352236843,2,8,0,19,19,6,5,32.63157894736842,40,2.526315789473684,4,0,0,0,0,0,0,0,0,0,0.10526315789473684,0.42105263157894735,0.0,1.0,0.0,0.0
CUST003816,32,25413.36,794.1675,3796.16,940.1257212906463,7,13,0,32,32,7,5,33.125,40,2.625,4,0,0,0,0,0,0,0,0,0,0.21875,0.40625,0.0,1.0,0.0,0.0
CUST003817,20,14938.56,746.928,4179.84,961.0470624031292,3,11,0,20,20,4,5,33.5,40,2.7,4,0,0,0,0,0,0,0,0,0,0.15,0.55,0.0,1.0,0.0,0.0
CUST003818,29,31576.8,1088.855172413793,6225.76,1342.9497720546276,5,17,0,29,29,6,8,34.48275862068966,50,2.793103448275862,4,0,0,0,0,0,0,0,0,0,0.1724137931034483,0.5862068965517241,0.0,1.0,0.0,0.0
CUST003819,23,10905.34,474.14521739130436,1548.9,455.47229836800443,4,10,0,23,23,6,4,33.04347826086956,40,2.608695652173913,4,0,0,0,0,0,0,0,0,0,0.17391304347826086,0.43478260869565216,0.0,1.0,0.0,0.0
CUST003820,30,24060.31,802.0103333333334,7551.76,1518.6448066172031,3,18,0,30,30,7,9,34.166666666666664,55,2.7333333333333334,4,0,0,0,0,0,0,0,0,0,0.1,0.6,0.0,1.0,0.0,0.0
CUST003821,20,12705.529999999999,635.2764999999999,2377.4,692.5293159082644,5,10,0,20,20,7,3,33.75,40,2.75,4,0,0,0,0,0,0,0,0,0,0.25,0.5,0.0,1.0,0.0,0.0
CUST003822,31,22917.46,739.2729032258064,6148.92,1152.5321733793917,6,12,0,31,31,3,6,33.54838709677419,50,2.6129032258064515,4,0,0,0,0,0,0,0,0,0,0.1935483870967742,0.3870967741935484,0.0,1.0,0.0,0.0
CUST003823,23,20517.26,892.0547826086956,4616.67,1006.0401609725743,3,12,0,23,23,4,5,33.26086956521739,40,2.652173913043478,4,0,0,0,0,0,0,0,0,0,0.13043478260869565,0.5217391304347826,0.0,1.0,0.0,0.0
CUST003824,22,14915.390000000001,677.9722727272728,6121.92,1278.6504542529424,4,14,0,22,22,7,8,35.0,50,2.8636363636363638,4,0,0,0,0,0,0,0,0,0,0.18181818181818182,0.6363636363636364,0.0,1.0,0.0,0.0
CUST003825,26,17737.94,682.2284615384615,2230.46,689.1296472780275,3,14,0,26,26,6,8,33.26923076923077,40,2.6538461538461537,4,0,0,0,0,0,0,0,0,0,0.11538461538461539,0.5384615384615384,0.0,1.0,0.0,0.0
CUST003826,25,14252.87,570.1148000000001,2803.5,609.3300402089167,3,16,0,25,25,10,9,33.8,40,2.76,4,0,0,0,0,0,0,0,0,0,0.12,0.64,0.0,1.0,0.0,0.0
CUST003827,24,20106.56,837.7733333333334,8018.13,1629.02158995933,4,12,0,24,24,7,5,34.791666666666664,70,2.75,5,0,0,0,1,0,0,0,0,0,0.16666666666666666,0.5,0.0,1.0,0.041666666666666664,0.0
CUST003828,20,11208.8,560.4399999999999,2657.45,677.2715987035971,2,12,0,20,20,9,5,33.5,35,2.7,3,0,0,0,0,0,0,0,0,0,0.1,0.6,0.0,1.0,0.0,0.0
CUST003829,21,17161.54,817.2161904761905,10337.51,2203.3611056530794,4,14,0,21,21,8,5,35.23809523809524,60,2.9047619047619047,5,0,0,0,0,0,0,0,0,0,0.19047619047619047,0.6666666666666666,0.0,1.0,0.0,0.0
CUST003830,21,19734.21,939.7242857142857,3406.79,993.7798617277945,3,12,0,21,21,8,4,33.57142857142857,40,2.7142857142857144,4,0,0,0,0,0,0,0,0,0,0.14285714285714285,0.5714285714285714,0.0,1.0,0.0,0.0
CUST003831,16,11396.87,712.304375,3523.86,945.1031299208834,1,3,0,0,16,2,3,11.25,20,1.25,3,0,0,0,0,0,0,0,0,0,0.0625,0.1875,0.0,0.0,0.0,0.0
CUST003832,21,12868.05,612.7642857142857,2700.63,726.8307698534196,2,12,0,21,21,7,6,33.333333333333336,40,2.6666666666666665,4,0,0,0,0,0,0,0,0,0,0.09523809523809523,0.5714285714285714,0.0,1.0,0.0,0.0
CUST003833,22,10419.86,473.63000000000005,1318.64,371.1278775634645,6,8,0,22,22,5,3,33.18181818181818,40,2.6363636363636362,4,0,0,0,0,0,0,0,0,0,0.2727272727272727,0.36363636363636365,0.0,1.0,0.0,0.0
CUST003834,30,33449.43,1114.981,8646.75,1751.5230512768412,8,12,0,30,30,8,6,34.5,70,2.7333333333333334,5,0,0,0,1,0,0,0,0,0,0.26666666666666666,0.4,0.0,1.0,0.03333333333333333,0.0
CUST003835,33,19225.36,582.5866666666667,3228.22,696.3415481988108,3,16,0,33,33,8,6,32.878787878787875,40,2.5757575757575757,4,0,0,0,0,0,0,0,0,0,0.09090909090909091,0.48484848484848486,0.0,1.0,0.0,0.0
CUST003836,30,29191.29,973.043,6769.18,1682.8499016562596,3,12,0,30,30,8,5,33.833333333333336,50,2.566666666666667,4,0,0,0,0,0,0,0,0,0,0.1,0.4,0.0,1.0,0.0,0.0
CUST003837,13,6320.7,486.2076923076923,1332.19,383.7376139619763,2,4,0,13,13,4,5,32.30769230769231,35,2.4615384615384617,3,0,0,0,0,0,0,0,0,0,0.15384615384615385,0.3076923076923077,0.0,1.0,0.0,0.0
CUST003838,23,14231.47,618.7595652173912,2607.47,649.3570446881791,5,9,0,23,23,5,7,33.04347826086956,40,2.608695652173913,4,0,0,0,0,0,0,0,0,0,0.21739130434782608,0.391304347826087,0.0,1.0,0.0,0.0
CUST003839,25,14223.29,568.9316,2151.79,526.000582712605,4,12,0,25,24,6,5,33.2,35,2.64,3,0,0,0,0,0,0,0,0,0,0.16,0.48,0.0,1.0,0.0,0.0
CUST003840,31,27475.07,886.2925806451613,9309.37,1752.0528197060116,4,15,0,31,31,5,8,34.193548387096776,70,2.6774193548387095,5,0,0,0,1,0,0,0,0,0,0.12903225806451613,0.4838709677419355,0.0,1.0,0.03225806451612903,0.0
CUST003841,26,14296.26,549.8561538461538,1645.72,462.6702377380842,5,16,0,26,26,5,9,34.03846153846154,40,2.8076923076923075,4,0,0,0,0,0,0,0,0,0,0.19230769230769232,0.6153846153846154,0.0,1.0,0.0,0.0
CUST003842,21,16217.94,772.2828571428572,4115.74,893.3793669273028,5,14,0,21,21,7,4,34.523809523809526,40,2.9047619047619047,4,0,0,0,0,0,0,0,0,0,0.23809523809523808,0.6666666666666666,0.0,1.0,0.0,0.0
CUST003843,25,14104.45,564.178,2251.86,589.7251345966187,4,9,0,25,25,4,6,32.6,35,2.52,3,0,0,0,0,0,0,0,0,0,0.16,0.36,0.0,1.0,0.0,0.0
CUST003844,22,11271.95,512.3613636363636,3045.48,636.9592143651889,1,12,0,22,22,5,6,32.95454545454545,40,2.590909090909091,4,0,0,0,0,0,0,0,0,0,0.045454545454545456,0.5454545454545454,0.0,1.0,0.0,0.0
CUST003845,39,20158.42,516.8825641025641,3471.43,739.598340771665,5,23,0,39,39,6,10,33.58974358974359,40,2.717948717948718,4,0,0,0,0,0,0,0,0,0,0.1282051282051282,0.5897435897435898,0.0,1.0,0.0,0.0
CUST003846,27,16644.4,616.4592592592593,2715.09,685.5756753153116,5,13,0,27,27,7,5,33.333333333333336,40,2.6666666666666665,4,0,0,0,0,0,0,0,0,0,0.18518518518518517,0.48148148148148145,0.0,1.0,0.0,0.0
CUST003847,27,28575.6,1058.3555555555556,6752.2,1759.796450660249,7,12,0,27,27,6,5,35.0,60,2.7777777777777777,5,0,0,0,0,0,0,0,0,0,0.25925925925925924,0.4444444444444444,0.0,1.0,0.0,0.0
CUST003848,25,26014.489999999998,1040.5796,6300.48,1677.2991986809232,4,14,0,25,25,5,8,35.2,60,2.8,5,0,0,0,0,0,0,0,0,0,0.16,0.56,0.0,1.0,0.0,0.0
CUST003849,25,18588.45,743.538,3057.25,893.4878808915092,4,15,0,25,25,5,8,33.8,40,2.76,4,0,0,0,0,0,0,0,0,0,0.16,0.6,0.0,1.0,0.0,0.0
CUST003850,21,12420.67,591.4604761904762,2807.87,681.4192648911254,3,5,0,21,21,5,3,31.904761904761905,40,2.380952380952381,4,0,0,0,0,0,0,0,0,0,0.14285714285714285,0.23809523809523808,0.0,1.0,0.0,0.0
CUST003851,33,20755.01,628.9396969696969,1994.2,607.9995464764183,4,17,0,33,32,8,6,33.18181818181818,40,2.6363636363636362,4,0,0,0,0,0,0,0,0,0,0.12121212121212122,0.5151515151515151,0.0,1.0,0.0,0.0
CUST003852,21,20614.76,981.655238095238,4817.99,1332.459860508447,7,12,0,21,21,5,8,34.523809523809526,40,2.9047619047619047,4,0,0,0,0,0,0,0,0,0,0.3333333333333333,0.5714285714285714,0.0,1.0,0.0,0.0
CUST003853,17,10812.02,636.0011764705882,3296.84,779.0026731010166,7,6,0,17,17,5,4,33.8235294117647,40,2.764705882352941,4,0,0,0,0,0,0,0,0,0,0.4117647058823529,0.35294117647058826,0.0,1.0,0.0,0.0
CUST003854,15,10417.73,694.5153333333333,2644.17,794.570259420297,5,8,0,15,15,7,5,34.333333333333336,40,2.8666666666666667,4,0,0,0,0,0,0,0,0,0,0.3333333333333333,0.5333333333333333,0.0,1.0,0.0,0.0
CUST003855,27,18648.77,690.6951851851852,2841.71,806.6829171192853,10,16,0,27,26,6,8,34.81481481481482,40,2.962962962962963,4,0,0,0,0,0,0,0,0,0,0.37037037037037035,0.5925925925925926,0.0,1.0,0.0,0.0
CUST003856,29,30272.539999999997,1043.8806896551723,10473.99,1982.152121146052,5,12,0,29,29,5,5,33.62068965517241,55,2.6206896551724137,4,0,0,0,0,0,0,0,0,0,0.1724137931034483,0.41379310344827586,0.0,1.0,0.0,0.0
CUST003857,22,9374.8,426.12727272727267,1611.87,400.1467469766777,6,11,0,22,22,6,7,43.86363636363637,50,3.772727272727273,5,1,0,0,0,0,0,0,0,0,0.2727272727272727,0.5,0.0,1.0,0.0,0.0
CUST003858,27,19470.600000000002,721.1333333333334,3040.39,764.1432272360785,4,17,0,27,27,8,9,33.888888888888886,40,2.7777777777777777,4,0,0,0,0,0,0,0,0,0,0.14814814814814814,0.6296296296296297,0.0,1.0,0.0,0.0
CUST003859,23,24368.93,1059.5186956521738,6485.12,1555.0836211023989,3,7,0,23,23,4,4,33.04347826086956,50,2.4782608695652173,4,0,0,0,0,0,0,0,0,0,0.13043478260869565,0.30434782608695654,0.0,1.0,0.0,0.0
CUST003860,29,28799.42,993.083448275862,15968.39,2902.929662543238,4,19,0,29,29,7,8,35.172413793103445,70,2.8620689655172415,5,0,0,0,0,0,0,0,0,0,0.13793103448275862,0.6551724137931034,0.0,1.0,0.0,0.0
CUST003861,12,3646.66,303.8883333333333,684.47,199.090601523908,0,6,0,12,12,4,4,32.5,35,2.5,3,0,0,0,0,0,0,0,0,0,0.0,0.5,0.0,1.0,0.0,0.0
CUST003862,27,20670.13,765.5603703703704,5988.51,1191.096879136336,7,14,0,27,27,8,8,34.629629629629626,55,2.814814814814815,4,0,0,0,0,0,0,0,0,0,0.25925925925925924,0.5185185185185185,0.0,1.0,0.0,0.0
CUST003863,20,11644.210000000001,582.2105,3564.32,831.4271961891161,1,10,0,20,20,8,5,32.75,35,2.55,3,0,0,0,0,0,0,0,0,0,0.05,0.5,0.0,1.0,0.0,0.0
CUST003864,17,8340.519999999999,490.61882352941166,2429.95,688.1481641867028,0,7,0,17,17,3,5,32.05882352941177,35,2.411764705882353,3,0,0,0,0,0,0,0,0,0,0.0,0.4117647058823529,0.0,1.0,0.0,0.0
CUST003865,25,17078.38,683.1352,2741.51,771.1615978948034,8,16,0,25,25,7,9,34.8,40,2.96,4,0,0,0,0,0,1,0,0,0,0.32,0.64,0.0,1.0,0.0,0.0
CUST003866,25,39801.659999999996,1592.0664,17353.67,3861.9352333392812,3,10,0,25,25,6,8,34.8,70,2.64,5,0,0,0,0,0,0,0,0,0,0.12,0.4,0.0,1.0,0.0,0.0
CUST003867,24,10319.11,429.9629166666667,1197.76,382.3045828800946,7,12,0,24,24,4,7,33.958333333333336,40,2.7916666666666665,4,0,0,0,0,0,0,0,0,0,0.2916666666666667,0.5,0.0,1.0,0.0,0.0
CUST003868,26,26392.82,1015.1084615384615,15778.85,3033.598674999305,1,11,0,26,26,5,6,33.07692307692308,50,2.5,3,0,0,0,0,0,0,0,0,0,0.038461538461538464,0.4230769230769231,0.0,1.0,0.0,0.0
CUST003869,43,37925.03,881.9774418604651,9991.18,1565.10160210903,11,17,0,43,43,8,7,34.41860465116279,85,2.7209302325581395,6,0,0,0,1,0,0,0,0,0,0.2558139534883721,0.3953488372093023,0.0,1.0,0.023255813953488372,0.0
CUST003870,32,19029.63,594.6759375,3936.14,887.4449600047333,4,22,0,32,32,8,9,34.0625,40,2.8125,4,0,0,0,0,0,0,0,0,0,0.125,0.6875,0.0,1.0,0.0,0.0
CUST003871,13,11202.58,861.7369230769231,3425.14,1062.64112124292,4,4,0,13,13,4,4,33.07692307692308,40,2.6153846153846154,4,0,0,0,0,0,0,0,0,0,0.3076923076923077,0.3076923076923077,0.0,1.0,0.0,0.0
CUST003872,30,14030.039999999999,467.66799999999995,2671.6,668.1087060754359,9,20,0,30,30,9,9,34.833333333333336,40,2.966666666666667,4,0,0,0,0,0,0,0,0,0,0.3,0.6666666666666666,0.0,1.0,0.0,0.0
CUST003873,20,13456.13,672.8064999999999,1846.63,544.8650048964325,5,14,0,20,20,8,7,34.75,40,2.95,4,0,0,0,0,0,0,0,0,0,0.25,0.7,0.0,1.0,0.0,0.0
CUST003874,23,16510.62,717.8530434782608,4133.19,888.2621293925816,5,11,0,23,23,7,8,33.47826086956522,40,2.6956521739130435,4,0,0,0,0,0,0,0,0,0,0.21739130434782608,0.4782608695652174,0.0,1.0,0.0,0.0
CUST003875,26,12023.57,462.445,1644.07,411.86577648792326,5,8,0,26,26,6,6,32.5,40,2.5,4,0,0,0,0,0,0,0,0,0,0.19230769230769232,0.3076923076923077,0.0,1.0,0.0,0.0
CUST003876,32,17804.23,556.3821875,3249.49,663.6493558602841,5,13,0,32,32,8,4,32.8125,40,2.5625,4,0,0,0,0,0,0,0,0,0,0.15625,0.40625,0.0,1.0,0.0,0.0
CUST003877,20,13718.92,685.946,3127.95,779.1109012836024,5,9,0,20,20,4,5,48.5,55,3.7,5,0,0,1,0,0,0,0,0,0,0.25,0.45,0.0,1.0,0.0,0.0
CUST003878,19,5991.91,315.3636842105263,1752.43,392.32575371056305,1,14,0,19,19,5,9,33.94736842105263,40,2.789473684210526,4,0,0,0,0,0,0,0,0,0,0.05263157894736842,0.7368421052631579,0.0,1.0,0.0,0.0
CUST003879,17,11307.51,665.1476470588235,2354.06,767.2520008733229,4,4,0,17,17,4,2,47.35294117647059,55,3.4705882352941178,5,0,0,1,0,0,0,0,0,0,0.23529411764705882,0.23529411764705882,0.0,1.0,0.0,0.0
CUST003880,27,16441.62,608.9488888888889,3443.56,705.2961076648442,5,15,0,27,27,6,8,33.7037037037037,40,2.740740740740741,4,0,0,0,0,0,0,0,0,0,0.18518518518518517,0.5555555555555556,0.0,1.0,0.0,0.0
CUST003881,17,10686.36,628.6094117647059,2779.0,725.1181427228823,2,9,0,17,17,4,6,43.23529411764706,50,3.6470588235294117,5,1,0,0,0,0,0,0,0,0,0.11764705882352941,0.5294117647058824,0.0,1.0,0.0,0.0
CUST003882,19,10682.050000000001,562.2131578947369,2745.01,639.0872662203726,2,9,0,19,19,5,6,32.89473684210526,35,2.5789473684210527,3,0,0,0,0,0,0,0,0,0,0.10526315789473684,0.47368421052631576,0.0,1.0,0.0,0.0
CUST003883,18,12171.79,676.2105555555556,2152.96,698.2414802620199,3,7,0,18,18,3,6,32.77777777777778,35,2.5555555555555554,3,0,0,0,0,0,0,0,0,0,0.16666666666666666,0.3888888888888889,0.0,1.0,0.0,0.0
CUST003884,20,15001.34,750.067,3341.09,854.5038392947536,2,11,0,20,20,6,5,33.25,40,2.65,4,0,0,0,0,0,0,0,0,0,0.1,0.55,0.0,1.0,0.0,0.0
CUST003885,25,14246.25,569.85,2536.19,678.2525015127725,3,12,0,25,25,4,9,43.0,50,3.6,5,1,0,0,0,0,0,0,0,0,0.12,0.48,0.0,1.0,0.0,0.0
CUST003886,19,13910.82,732.1484210526315,5103.67,1206.6775513333348,4,13,0,19,19,9,5,35.526315789473685,55,2.9473684210526314,4,0,0,0,0,0,0,0,0,0,0.21052631578947367,0.6842105263157895,0.0,1.0,0.0,0.0
CUST003887,35,28639.57,818.2734285714286,3974.16,797.1575820115414,5,18,0,35,35,8,8,33.285714285714285,40,2.657142857142857,4,0,0,0,0,0,0,0,0,0,0.14285714285714285,0.5142857142857142,0.0,1.0,0.0,0.0
CUST003888,37,24393.65,659.2878378378379,3673.54,745.0462378050219,7,19,0,37,36,10,8,33.513513513513516,40,2.7027027027027026,4,0,0,0,0,0,0,0,0,0,0.1891891891891892,0.5135135135135135,0.0,1.0,0.0,0.0
CUST003889,22,50830.18,2310.462727272727,42854.71,9062.0005405903,2,8,0,22,22,6,5,34.31818181818182,80,2.590909090909091,6,0,0,0,0,0,0,0,0,0,0.09090909090909091,0.36363636363636365,0.0,1.0,0.0,0.0
CUST003890,25,20176.49,807.0596,3159.65,893.3883239969055,8,12,0,25,25,4,9,34.0,40,2.8,4,0,0,0,0,0,0,0,0,0,0.32,0.48,0.0,1.0,0.0,0.0
CUST003891,23,15858.32,689.4921739130434,2937.04,736.6870161186408,7,12,0,23,23,4,8,34.130434782608695,40,2.8260869565217392,4,0,0,0,0,0,0,0,0,0,0.30434782608695654,0.5217391304347826,0.0,1.0,0.0,0.0
CUST003892,29,38986.78,1344.371724137931,11577.15,2586.8015106636844,5,12,0,29,28,6,7,34.827586206896555,65,2.689655172413793,4,0,0,0,1,0,0,0,0,0,0.1724137931034483,0.41379310344827586,0.0,1.0,0.034482758620689655,0.0
CUST003893,21,15186.91,723.1861904761905,2455.01,825.3585964626296,3,9,0,0,21,2,6,12.857142857142858,20,1.5714285714285714,3,0,0,0,0,0,0,0,0,0,0.14285714285714285,0.42857142857142855,0.0,0.0,0.0,0.0
CUST003894,23,14231.45,618.758695652174,1680.46,417.3702081137903,5,10,0,23,23,3,7,33.26086956521739,40,2.652173913043478,4,0,0,0,0,0,0,0,0,0,0.21739130434782608,0.43478260869565216,0.0,1.0,0.0,0.0
CUST003895,20,12586.99,629.3495,2049.81,578.4042107155004,2,9,0,20,20,6,6,32.75,40,2.55,4,0,0,0,0,0,0,0,0,0,0.1,0.45,0.0,1.0,0.0,0.0
CUST003896,19,23616.36,1242.9663157894738,7844.13,1991.315648485277,2,13,0,19,19,6,7,36.05263157894737,55,2.8947368421052633,4,0,0,0,0,0,0,0,0,0,0.10526315789473684,0.6842105263157895,0.0,1.0,0.0,0.0
CUST003897,25,24587.53,983.5011999999999,6464.44,1481.2443435119,4,14,0,25,25,8,6,34.4,55,2.76,4,0,0,0,0,0,0,0,0,0,0.16,0.56,0.0,1.0,0.0,0.0
CUST003898,21,16980.67,808.6033333333332,2447.5,767.587692008759,3,7,0,21,21,5,3,32.38095238095238,35,2.4761904761904763,3,0,0,0,0,0,0,0,0,0,0.14285714285714285,0.3333333333333333,0.0,1.0,0.0,0.0
CUST003899,30,19417.31,647.2436666666667,6375.29,1166.5036863310906,5,17,0,30,30,8,7,34.333333333333336,55,2.7666666666666666,4,0,0,0,0,0,0,0,0,0,0.16666666666666666,0.5666666666666667,0.0,1.0,0.0,0.0
CUST003900,31,21354.83,688.8654838709678,5177.14,1046.1181032332145,7,11,0,31,31,8,7,33.54838709677419,55,2.6129032258064515,4,0,0,0,0,0,0,0,0,0,0.22580645161290322,0.3548387096774194,0.0,1.0,0.0,0.0
CUST003901,25,20048.690000000002,801.9476000000001,4643.67,1144.5230947476189,6,14,0,25,25,6,6,34.0,40,2.8,4,0,0,0,0,0,0,0,0,0,0.24,0.56,0.0,1.0,0.0,0.0
CUST003902,20,17911.260000000002,895.5630000000001,4734.43,1098.8159792062306,5,11,0,20,20,5,5,34.75,50,2.85,4,0,0,0,0,0,0,0,0,0,0.25,0.55,0.0,1.0,0.0,0.0
CUST003903,22,10943.57,497.435,1723.28,483.50703548089535,1,13,0,22,22,5,7,33.18181818181818,35,2.6363636363636362,3,0,0,0,0,0,0,0,0,0,0.045454545454545456,0.5909090909090909,0.0,1.0,0.0,0.0
CUST003904,27,15338.880000000001,568.1066666666667,1890.5,542.4587393667694,6,13,0,27,27,5,7,33.51851851851852,40,2.7037037037037037,4,0,0,0,0,0,0,0,0,0,0.2222222222222222,0.48148148148148145,0.0,1.0,0.0,0.0
CUST003905,29,23744.26,818.7675862068965,5050.59,1174.825444093885,1,15,0,29,29,7,5,33.44827586206897,55,2.586206896551724,4,0,0,0,0,0,0,0,0,0,0.034482758620689655,0.5172413793103449,0.0,1.0,0.0,0.0
CUST003906,21,19992.98,952.0466666666666,4775.89,1350.1824022862,4,9,0,21,21,6,8,33.095238095238095,35,2.619047619047619,3,0,0,0,0,0,0,0,0,0,0.19047619047619047,0.42857142857142855,0.0,1.0,0.0,0.0
CUST003907,26,19024.07,731.6949999999999,8823.5,1702.3102802891135,9,12,0,26,25,4,7,35.38461538461539,65,2.8846153846153846,4,0,0,0,1,0,0,0,0,0,0.34615384615384615,0.46153846153846156,0.0,1.0,0.038461538461538464,0.0
CUST003908,19,9967.8,524.6210526315789,1520.15,442.5407660806797,4,13,0,19,19,9,7,34.473684210526315,40,2.8947368421052633,4,0,0,0,0,0,0,0,0,0,0.21052631578947367,0.6842105263157895,0.0,1.0,0.0,0.0
CUST003909,26,15368.58,591.0992307692308,2850.94,723.1149574828229,2,17,0,26,26,7,7,33.65384615384615,40,2.730769230769231,4,0,0,0,0,0,0,0,0,0,0.07692307692307693,0.6538461538461539,0.0,1.0,0.0,0.0
CUST003910,22,16846.14,765.7336363636364,3375.22,805.1637545395608,3,9,0,22,22,6,7,32.72727272727273,35,2.5454545454545454,3,0,0,0,0,0,0,0,0,0,0.13636363636363635,0.4090909090909091,0.0,1.0,0.0,0.0
CUST003911,21,23130.640000000003,1101.4590476190479,9040.27,1960.5843263295378,2,11,0,21,21,5,6,35.476190476190474,85,2.761904761904762,6,0,0,0,1,0,0,0,0,0,0.09523809523809523,0.5238095238095238,0.0,1.0,0.047619047619047616,0.0
CUST003912,26,54332.7,2089.7192307692308,22937.51,4942.59554454938,5,12,0,26,26,7,7,35.57692307692308,55,2.769230769230769,4,0,0,0,0,0,0,0,0,0,0.19230769230769232,0.46153846153846156,0.0,1.0,0.0,0.0
CUST003913,17,6781.62,398.9188235294118,1131.06,299.37734524931807,3,11,0,17,17,4,9,34.11764705882353,40,2.823529411764706,4,0,0,0,0,0,0,0,0,0,0.17647058823529413,0.6470588235294118,0.0,1.0,0.0,0.0
CUST003914,26,24876.399999999998,956.7846153846153,6831.94,1503.5043613803873,3,13,0,26,25,8,5,33.84615384615385,50,2.6538461538461537,4,0,0,0,0,0,0,0,0,0,0.11538461538461539,0.5,0.0,1.0,0.0,0.0
CUST003915,19,41383.69,2178.088947368421,28319.5,6392.949410259101,2,9,0,19,19,6,4,34.473684210526315,60,2.6842105263157894,4,0,0,0,0,0,0,0,0,0,0.10526315789473684,0.47368421052631576,0.0,1.0,0.0,0.0
CUST003916,27,26897.2,996.1925925925926,9463.43,2046.9101996904667,12,11,0,27,27,6,7,37.407407407407405,80,3.037037037037037,5,0,0,0,1,0,0,0,0,0,0.4444444444444444,0.4074074074074074,0.0,1.0,0.037037037037037035,0.0
CUST003917,22,7739.79,351.80863636363637,1666.91,360.88002622287564,6,9,0,22,22,4,7,33.40909090909091,40,2.6818181818181817,4,0,0,0,0,0,0,0,0,0,0.2727272727272727,0.4090909090909091,0.0,1.0,0.0,0.0
CUST003918,22,11279.04,512.6836363636364,1838.99,503.74103415436497,5,7,0,22,22,6,7,32.72727272727273,40,2.5454545454545454,4,0,0,0,0,0,0,0,0,0,0.22727272727272727,0.3181818181818182,0.0,1.0,0.0,0.0
CUST003919,14,8342.72,595.9085714285713,1902.99,591.6197914702827,2,3,0,14,14,3,2,31.785714285714285,40,2.357142857142857,4,0,0,0,0,0,0,0,0,0,0.14285714285714285,0.21428571428571427,0.0,1.0,0.0,0.0
CUST003920,30,21634.510000000002,721.1503333333334,4388.6,1015.1767970110135,9,9,0,30,30,5,6,33.0,40,2.6,4,0,0,0,0,0,0,0,0,0,0.3,0.3,0.0,1.0,0.0,0.0
CUST003921,33,23693.079999999998,717.9721212121211,6218.32,1183.0606058856345,5,8,0,33,33,6,7,32.57575757575758,50,2.4242424242424243,4,0,0,0,0,0,0,0,0,0,0.15151515151515152,0.24242424242424243,0.0,1.0,0.0,0.0
CUST003922,25,21044.42,841.7768,4164.24,1088.860646320731,4,15,0,25,25,8,7,33.8,40,2.76,4,0,0,0,0,0,0,0,0,0,0.16,0.6,0.0,1.0,0.0,0.0
CUST003923,18,11963.76,664.6533333333333,2449.62,794.7105749449995,4,9,0,18,18,4,7,33.611111111111114,40,2.7222222222222223,4,0,0,0,0,0,0,0,0,0,0.2222222222222222,0.5,0.0,1.0,0.0,0.0
CUST003924,16,8193.03,512.064375,1881.15,527.5950943664881,3,9,0,16,16,6,6,33.75,40,2.75,4,0,0,0,0,0,0,0,0,0,0.1875,0.5625,0.0,1.0,0.0,0.0
CUST003925,21,16214.85,772.1357142857144,4070.84,971.6221096165494,5,10,0,21,21,3,8,33.57142857142857,40,2.7142857142857144,4,0,0,0,0,0,0,0,0,0,0.23809523809523808,0.47619047619047616,0.0,1.0,0.0,0.0
CUST003926,25,33836.94,1353.4776000000002,12269.75,2542.2364913190117,4,12,0,25,25,6,6,34.6,65,2.72,4,0,0,0,0,0,0,0,0,0,0.16,0.48,0.0,1.0,0.0,0.0
CUST003927,21,11422.38,543.9228571428571,2307.16,631.9007784307822,5,9,0,14,21,2,8,23.333333333333332,25,2.6666666666666665,3,1,0,0,0,0,0,0,0,0,0.23809523809523808,0.42857142857142855,0.0,0.6666666666666666,0.0,0.0
CUST003928,17,8603.11,506.0652941176471,1974.45,563.6824399331334,3,12,0,17,17,6,6,34.411764705882355,40,2.8823529411764706,4,0,0,0,0,0,0,0,0,0,0.17647058823529413,0.7058823529411765,0.0,1.0,0.0,0.0
CUST003929,26,17257.96,663.7676923076923,7438.17,1508.6756831428222,4,9,0,26,25,9,4,33.26923076923077,55,2.5384615384615383,4,0,0,0,0,0,0,0,0,0,0.15384615384615385,0.34615384615384615,0.0,1.0,0.0,0.0
CUST003930,26,19187.46,737.9792307692308,4820.76,934.4553893811009,4,15,0,26,26,7,7,33.65384615384615,40,2.730769230769231,4,0,0,0,0,0,0,0,0,0,0.15384615384615385,0.5769230769230769,0.0,1.0,0.0,0.0
CUST003931,24,24207.02,1008.6258333333334,7993.44,1917.0980497592134,6,12,0,24,24,8,8,35.416666666666664,50,2.8333333333333335,4,0,0,0,0,0,0,0,0,0,0.25,0.5,0.0,1.0,0.0,0.0
CUST003932,21,18281.89,870.5661904761904,3332.98,1018.5135880118447,3,12,0,21,21,6,5,33.57142857142857,40,2.7142857142857144,4,0,0,0,0,0,0,0,0,0,0.14285714285714285,0.5714285714285714,0.0,1.0,0.0,0.0
CUST003933,29,14732.33,508.0113793103448,2126.56,525.1308379192216,6,8,0,29,29,3,5,32.41379310344828,40,2.4827586206896552,4,0,0,0,0,0,0,0,0,0,0.20689655172413793,0.27586206896551724,0.0,1.0,0.0,0.0
CUST003934,20,20740.04,1037.002,3550.56,970.0929177992233,5,10,0,20,20,7,6,33.75,40,2.75,4,0,0,0,0,0,0,0,0,0,0.25,0.5,0.0,1.0,0.0,0.0
CUST003935,31,18497.399999999998,596.6903225806451,3151.99,730.7279772230971,9,14,0,31,31,7,8,33.70967741935484,40,2.7419354838709675,4,0,0,0,0,0,0,0,0,0,0.2903225806451613,0.45161290322580644,0.0,1.0,0.0,0.0
CUST003936,26,25221.370000000003,970.0526923076924,6580.81,1735.5522513172748,6,15,0,26,26,6,7,35.57692307692308,55,2.8846153846153846,4,0,0,0,0,0,0,0,0,0,0.23076923076923078,0.5769230769230769,0.0,1.0,0.0,0.0
CUST003937,25,22819.64,912.7855999999999,9898.26,1953.2632493814037,8,16,0,25,25,6,7,36.2,65,3.04,4,0,0,0,1,0,0,0,0,0,0.32,0.64,0.0,1.0,0.04,0.0
CUST003938,20,21122.96,1056.148,10636.47,2428.061142589635,7,13,0,20,20,7,7,46.0,60,4.05,5,1,0,0,0,0,0,0,0,0,0.35,0.65,0.0,1.0,0.0,0.0
CUST003939,23,22552.39,980.5386956521739,3749.91,1055.1817742640983,2,9,0,23,23,6,5,32.391304347826086,40,2.4782608695652173,4,0,0,0,0,0,0,0,0,0,0.08695652173913043,0.391304347826087,0.0,1.0,0.0,0.0
CUST003940,24,14655.31,610.6379166666667,2666.53,598.0248648239009,6,10,0,24,24,6,7,33.333333333333336,40,2.6666666666666665,4,0,0,0,0,0,0,0,0,0,0.25,0.4166666666666667,0.0,1.0,0.0,0.0
CUST003941,16,22559.23,1409.951875,9430.22,2437.222924412725,1,9,0,16,16,6,6,35.3125,70,2.75,5,0,0,0,1,0,0,0,0,0,0.0625,0.5625,0.0,1.0,0.0625,0.0
CUST003942,24,13576.88,565.7033333333333,2694.34,662.9663541444138,2,10,0,24,24,5,5,32.5,40,2.5,4,0,0,0,0,0,0,0,0,0,0.08333333333333333,0.4166666666666667,0.0,1.0,0.0,0.0
CUST003943,20,9526.98,476.349,2684.77,588.846101875256,2,5,0,20,20,4,2,31.75,40,2.35,4,0,0,0,0,0,0,0,0,0,0.1,0.25,0.0,1.0,0.0,0.0
CUST003944,19,13684.15,720.2184210526316,3451.6,942.4448325101826,3,8,0,19,19,3,6,32.89473684210526,40,2.5789473684210527,4,0,0,0,0,0,0,0,0,0,0.15789473684210525,0.42105263157894735,0.0,1.0,0.0,0.0
CUST003945,26,10610.53,408.0973076923077,1432.02,381.3491667598889,3,11,0,26,26,7,5,32.69230769230769,40,2.5384615384615383,4,0,0,0,0,0,0,0,0,0,0.11538461538461539,0.4230769230769231,0.0,1.0,0.0,0.0
CUST003946,21,15877.94,756.092380952381,3866.06,973.496071070165,4,12,0,21,21,5,6,33.80952380952381,40,2.761904761904762,4,0,0,0,0,0,0,0,0,0,0.19047619047619047,0.5714285714285714,0.0,1.0,0.0,0.0
CUST003947,20,6914.13,345.7065,1168.68,307.9173883275735,2,8,0,20,20,4,5,32.5,40,2.5,4,0,0,0,0,0,0,0,0,0,0.1,0.4,0.0,1.0,0.0,0.0
CUST003948,20,15355.5,767.775,3732.14,978.5939974296097,5,10,0,20,20,3,5,33.75,40,2.75,4,0,0,0,0,0,0,0,0,0,0.25,0.5,0.0,1.0,0.0,0.0
CUST003949,31,17629.68,568.6993548387097,2818.67,599.9117749465915,6,13,0,31,31,6,7,33.064516129032256,40,2.6129032258064515,4,0,0,0,0,0,0,0,0,0,0.1935483870967742,0.41935483870967744,0.0,1.0,0.0,0.0
CUST003950,19,11075.9,582.9421052631578,1899.34,559.7114540802743,3,11,0,19,19,7,6,33.68421052631579,40,2.736842105263158,4,0,0,0,0,0,0,0,0,0,0.15789473684210525,0.5789473684210527,0.0,1.0,0.0,0.0
CUST003951,25,7548.6900000000005,301.9476,1558.07,361.7604934700121,2,11,0,25,25,7,5,32.6,35,2.52,3,0,0,0,0,0,0,0,0,0,0.08,0.44,0.0,1.0,0.0,0.0
CUST003952,22,17727.59,805.7995454545454,2929.45,714.3903083747591,2,12,0,22,22,5,7,33.18181818181818,40,2.6363636363636362,4,0,0,0,0,0,0,0,0,0,0.09090909090909091,0.5454545454545454,0.0,1.0,0.0,0.0
CUST003953,19,19339.12,1017.8484210526316,7627.1,1753.7312812852715,6,15,0,19,19,5,8,36.578947368421055,50,3.1578947368421053,4,0,0,0,0,0,0,0,0,0,0.3157894736842105,0.7894736842105263,0.0,1.0,0.0,0.0
CUST003954,26,18093.57,695.9065384615385,3122.36,818.7807610194187,7,12,0,26,26,8,6,33.65384615384615,40,2.730769230769231,4,0,0,0,0,0,0,0,0,0,0.2692307692307692,0.46153846153846156,0.0,1.0,0.0,0.0
CUST003955,22,13481.81,612.8095454545454,2758.13,705.659513029021,2,13,0,22,22,7,8,33.40909090909091,40,2.6818181818181817,4,0,0,0,0,0,0,0,0,0,0.09090909090909091,0.5909090909090909,0.0,1.0,0.0,0.0
CUST003956,29,22723.05,783.553448275862,5803.87,1380.3812795209772,9,12,0,29,29,6,5,49.310344827586206,65,3.7586206896551726,5,0,0,1,0,0,0,0,0,0,0.3103448275862069,0.41379310344827586,0.0,1.0,0.0,0.0
CUST003957,28,14753.28,526.9028571428572,3905.15,755.6201011426269,5,11,0,28,28,9,4,32.857142857142854,40,2.5714285714285716,4,0,0,0,0,0,0,0,0,0,0.17857142857142858,0.39285714285714285,0.0,1.0,0.0,0.0
CUST003958,26,25669.36,987.2830769230769,8853.98,1770.1533510332242,5,15,0,26,26,6,6,35.19230769230769,65,2.8461538461538463,4,0,0,0,1,0,0,0,0,0,0.19230769230769232,0.5769230769230769,0.0,1.0,0.038461538461538464,0.0
CUST003959,18,12841.769999999999,713.4316666666666,2452.85,751.026984909174,3,8,0,18,18,7,3,33.05555555555556,40,2.611111111111111,4,0,0,0,0,0,0,0,0,0,0.16666666666666666,0.4444444444444444,0.0,1.0,0.0,0.0
CUST003960,23,13561.34,589.6234782608695,5882.22,1211.8482395108447,3,15,0,23,23,7,7,49.78260869565217,70,3.8260869565217392,5,0,0,1,0,0,0,0,0,0,0.13043478260869565,0.6521739130434783,0.0,1.0,0.0,0.0
CUST003961,18,11709.87,650.5483333333334,1951.9,583.5988277842721,5,12,0,18,18,4,9,34.72222222222222,40,2.9444444444444446,4,0,0,0,0,0,0,0,0,0,0.2777777777777778,0.6666666666666666,0.0,1.0,0.0,0.0
CUST003962,21,21812.1,1038.6714285714286,6102.98,1555.4907660712283,5,7,0,21,21,4,6,33.80952380952381,55,2.619047619047619,4,0,0,0,0,0,0,0,0,0,0.23809523809523808,0.3333333333333333,0.0,1.0,0.0,0.0
CUST003963,23,22605.05,982.8282608695652,5577.3,1618.93939485267,5,10,0,23,23,5,6,34.130434782608695,55,2.6956521739130435,4,0,0,0,0,0,0,0,0,0,0.21739130434782608,0.43478260869565216,0.0,1.0,0.0,0.0
CUST003964,22,15944.99,724.7722727272727,3671.37,884.7847127270799,3,9,0,22,22,8,3,32.72727272727273,40,2.5454545454545454,4,0,0,0,0,0,0,0,0,0,0.13636363636363635,0.4090909090909091,0.0,1.0,0.0,0.0
CUST003965,21,28562.37,1360.1128571428571,13691.47,2942.421314293965,5,7,0,21,21,6,4,34.523809523809526,75,2.6666666666666665,6,0,0,0,0,0,0,0,0,0,0.23809523809523808,0.3333333333333333,0.0,1.0,0.0,0.0
CUST003966,20,19941.82,997.091,5543.49,1378.5454354343356,6,6,0,20,20,5,7,34.0,50,2.65,4,0,0,0,0,0,0,0,0,0,0.3,0.3,0.0,1.0,0.0,0.0
CUST003967,29,11176.84,385.408275862069,1366.61,386.4795191216381,6,17,0,29,29,8,8,33.96551724137931,40,2.793103448275862,4,0,0,0,0,0,0,0,0,0,0.20689655172413793,0.5862068965517241,0.0,1.0,0.0,0.0
CUST003968,30,22237.62,741.254,3103.15,701.1970080074649,9,13,0,30,30,6,7,33.666666666666664,40,2.7333333333333334,4,0,0,0,0,0,0,0,0,0,0.3,0.43333333333333335,0.0,1.0,0.0,0.0
CUST003969,26,25324.21,974.0080769230769,12891.08,2542.533893569986,3,13,0,26,26,7,9,43.84615384615385,65,3.6538461538461537,5,1,0,0,0,0,0,0,0,0,0.11538461538461539,0.5,0.0,1.0,0.0,0.0
CUST003970,34,62335.03999999999,1833.3835294117646,41700.17,7073.409992309389,7,22,0,34,33,6,9,35.588235294117645,80,2.9411764705882355,6,0,0,0,0,0,0,0,0,0,0.20588235294117646,0.6470588235294118,0.0,1.0,0.0,0.0
CUST003971,25,18122.39,724.8956,6729.82,1415.317894935857,3,10,0,25,25,5,7,33.4,55,2.56,4,0,0,0,0,0,0,0,0,0,0.12,0.4,0.0,1.0,0.0,0.0
CUST003972,17,9077.25,533.9558823529412,1412.05,430.51453831518313,0,9,0,17,17,6,4,32.64705882352941,35,2.5294117647058822,3,0,0,0,0,0,0,0,0,0,0.0,0.5294117647058824,0.0,1.0,0.0,0.0
CUST003973,23,39692.340000000004,1725.7539130434784,20833.81,4282.783249615668,8,15,0,23,23,6,8,36.52173913043478,65,3.0869565217391304,4,0,0,0,0,0,0,0,0,0,0.34782608695652173,0.6521739130434783,0.0,1.0,0.0,0.0
CUST003974,18,8126.33,451.4627777777778,1690.6,490.17613467964463,1,7,0,18,18,6,3,32.22222222222222,35,2.4444444444444446,3,0,0,0,0,0,0,0,0,0,0.05555555555555555,0.3888888888888889,0.0,1.0,0.0,0.0
CUST003975,21,16796.86,799.8504761904762,7760.53,1694.8642541881525,3,13,0,21,21,9,7,34.76190476190476,60,2.8095238095238093,5,0,0,0,0,0,0,0,0,0,0.14285714285714285,0.6190476190476191,0.0,1.0,0.0,0.0
CUST003976,40,19451.02,486.2755,1730.25,434.490415738914,6,22,0,40,40,6,11,33.5,40,2.7,4,0,0,0,0,0,0,0,0,0,0.15,0.55,0.0,1.0,0.0,0.0
CUST003977,21,13658.07,650.3842857142857,2198.96,628.1674396016673,1,6,0,21,21,4,4,31.666666666666668,40,2.3333333333333335,4,0,0,0,0,0,0,0,0,0,0.047619047619047616,0.2857142857142857,0.0,1.0,0.0,0.0
CUST003978,25,20021.26,800.8503999999999,3143.08,892.3691329334142,8,13,0,25,25,4,8,36.0,50,2.96,4,0,0,0,0,0,0,0,0,0,0.32,0.52,0.0,1.0,0.0,0.0
CUST003979,19,12616.43,664.0226315789474,2824.5,654.2582388293046,3,8,0,19,19,5,5,32.89473684210526,40,2.5789473684210527,4,0,0,0,0,0,0,0,0,0,0.15789473684210525,0.42105263157894735,0.0,1.0,0.0,0.0
CUST003980,17,16225.61,954.4476470588236,7485.78,1761.6889927975703,2,5,0,17,17,4,3,33.23529411764706,55,2.4705882352941178,4,0,0,0,0,0,0,0,0,0,0.11764705882352941,0.29411764705882354,0.0,1.0,0.0,0.0
CUST003981,21,12750.96,607.1885714285714,4167.57,893.6045061395209,3,14,0,21,21,7,9,49.04761904761905,55,3.8095238095238093,5,0,0,1,0,0,0,0,0,0,0.14285714285714285,0.6666666666666666,0.0,1.0,0.0,0.0
CUST003982,23,11923.26,518.4026086956521,2067.61,586.2603600419542,5,9,0,23,23,4,6,33.04347826086956,35,2.608695652173913,3,0,0,0,0,0,0,0,0,0,0.21739130434782608,0.391304347826087,0.0,1.0,0.0,0.0
CUST003983,37,16465.28,445.00756756756755,1810.22,455.30496620034427,6,18,0,37,37,10,10,33.24324324324324,40,2.6486486486486487,4,0,0,0,0,0,0,0,0,0,0.16216216216216217,0.4864864864864865,0.0,1.0,0.0,0.0
CUST003984,27,17116.44,633.9422222222222,2731.17,701.8993168557469,5,15,0,27,27,8,5,33.7037037037037,40,2.740740740740741,4,0,0,0,0,0,0,0,0,0,0.18518518518518517,0.5555555555555556,0.0,1.0,0.0,0.0
CUST003985,29,25195.57,868.8127586206897,6036.79,1200.6369207421787,7,12,0,29,29,6,6,33.96551724137931,50,2.689655172413793,4,0,0,0,0,0,0,0,0,0,0.2413793103448276,0.41379310344827586,0.0,1.0,0.0,0.0
CUST003986,22,8965.65,407.5295454545454,1013.18,308.43670679700807,3,13,0,22,22,5,9,33.63636363636363,40,2.727272727272727,4,0,0,0,0,0,0,0,0,0,0.13636363636363635,0.5909090909090909,0.0,1.0,0.0,0.0
CUST003987,23,13310.85,578.7326086956522,2563.91,624.1869979801172,7,8,0,23,23,6,5,33.26086956521739,40,2.652173913043478,4,0,0,0,0,0,0,0,0,0,0.30434782608695654,0.34782608695652173,0.0,1.0,0.0,0.0
CUST003988,22,18767.3,853.0590909090909,5121.41,1226.7950399969177,3,5,0,22,22,5,3,32.72727272727273,60,2.409090909090909,5,0,0,0,0,0,0,0,0,0,0.13636363636363635,0.22727272727272727,0.0,1.0,0.0,0.0
CUST003989,23,26960.489999999998,1172.1952173913044,6594.19,1620.1874576779676,5,11,0,23,23,6,5,34.34782608695652,50,2.739130434782609,4,0,0,0,0,0,0,0,0,0,0.21739130434782608,0.4782608695652174,0.0,1.0,0.0,0.0
CUST003990,25,19291.52,771.6608,7634.41,1621.2011072861997,5,9,0,25,25,6,4,33.6,55,2.6,4,0,0,0,0,0,0,0,0,0,0.2,0.36,0.0,1.0,0.0,0.0
CUST003991,34,17311.85,509.17205882352937,2068.06,580.5486055227595,9,16,0,34,34,7,7,33.6764705882353,40,2.735294117647059,4,0,0,0,0,0,0,0,0,0,0.2647058823529412,0.47058823529411764,0.0,1.0,0.0,0.0
CUST003992,22,9705.64,441.1654545454545,1855.32,514.1032219842095,4,12,0,22,22,6,6,33.63636363636363,40,2.727272727272727,4,0,0,0,0,0,0,0,0,0,0.18181818181818182,0.5454545454545454,0.0,1.0,0.0,0.0
CUST003993,22,33477.35,1521.6977272727272,10305.24,2566.3229859301878,2,10,0,22,22,5,7,34.54545454545455,50,2.6363636363636362,3,0,0,0,0,0,0,0,0,0,0.09090909090909091,0.45454545454545453,0.0,1.0,0.0,0.0
CUST003994,17,15749.49,926.4405882352941,3166.06,1003.0224401307692,3,8,0,17,17,6,3,33.23529411764706,35,2.6470588235294117,3,0,0,0,0,0,0,0,0,0,0.17647058823529413,0.47058823529411764,0.0,1.0,0.0,0.0
CUST003995,21,11116.4,529.3523809523809,3763.0,859.1496580858585,8,10,0,21,21,4,4,34.285714285714285,40,2.857142857142857,4,0,0,0,0,0,0,0,0,0,0.38095238095238093,0.47619047619047616,0.0,1.0,0.0,0.0
CUST003996,23,11280.7,490.4652173913044,2088.12,524.7057181010182,6,14,0,23,23,6,6,34.34782608695652,40,2.869565217391304,4,0,0,0,0,0,0,0,0,0,0.2608695652173913,0.6086956521739131,0.0,1.0,0.0,0.0
CUST003997,23,11709.789999999999,509.121304347826,2647.27,674.1098658520957,9,8,0,23,23,6,4,33.69565217391305,40,2.739130434782609,4,0,0,0,0,0,0,0,0,0,0.391304347826087,0.34782608695652173,0.0,1.0,0.0,0.0
CUST003998,23,16902.1,734.8739130434782,3165.85,858.3657146405346,4,9,0,23,23,5,6,42.82608695652174,50,3.5652173913043477,5,1,0,0,0,0,0,0,0,0,0.17391304347826086,0.391304347826087,0.0,1.0,0.0,0.0
CUST003999,17,17099.39,1005.8464705882352,5545.62,1535.9433434779633,2,6,0,17,17,4,3,33.529411764705884,55,2.5294117647058822,4,0,0,0,0,0,0,0,0,0,0.11764705882352941,0.35294117647058826,0.0,1.0,0.0,0.0
CUST004000,29,25254.66,870.8503448275862,4994.35,1254.1833518739331,4,13,0,29,29,7,7,32.93103448275862,40,2.586206896551724,4,0,0,0,0,0,0,0,0,0,0.13793103448275862,0.4482758620689655,0.0,1.0,0.0,0.0
CUST004001,26,24809.41,954.2080769230769,11885.15,2274.3230275350406,5,15,0,26,26,5,8,34.61538461538461,55,2.8076923076923075,4,0,0,0,0,0,0,0,0,0,0.19230769230769232,0.5769230769230769,0.0,1.0,0.0,0.0
CUST004002,25,14248.88,569.9552,2385.34,551.8321788530156,7,14,0,25,25,10,5,34.2,40,2.84,4,0,0,0,0,0,0,0,0,0,0.28,0.56,0.0,1.0,0.0,0.0
CUST004003,28,15174.31,541.9396428571429,3488.46,709.8678578412773,4,13,0,28,28,7,7,33.035714285714285,40,2.607142857142857,4,0,0,0,0,0,0,0,0,0,0.14285714285714285,0.4642857142857143,0.0,1.0,0.0,0.0
CUST004004,21,14677.59,698.9328571428572,2125.71,628.6503277589446,5,7,0,21,21,4,5,32.857142857142854,40,2.5714285714285716,4,0,0,0,0,0,0,0,0,0,0.23809523809523808,0.3333333333333333,0.0,1.0,0.0,0.0
CUST004005,19,10944.25,576.0131578947369,3016.62,702.703783721235,1,6,0,19,19,4,5,41.8421052631579,50,3.3684210526315788,5,1,0,0,0,0,0,0,0,0,0.05263157894736842,0.3157894736842105,0.0,1.0,0.0,0.0
CUST004006,29,18641.91,642.8244827586207,2794.57,627.2168983840222,5,15,0,29,29,8,7,33.44827586206897,40,2.689655172413793,4,0,0,0,0,0,0,0,0,0,0.1724137931034483,0.5172413793103449,0.0,1.0,0.0,0.0
CUST004007,22,15381.02,699.1372727272727,3343.73,863.690184378755,2,11,0,22,22,5,6,32.95454545454545,40,2.590909090909091,4,0,0,0,0,0,0,0,0,0,0.09090909090909091,0.5,0.0,1.0,0.0,0.0
CUST004008,39,34557.29,886.084358974359,3972.14,880.6313470692636,9,19,0,39,38,8,6,33.58974358974359,40,2.717948717948718,4,0,0,0,0,0,0,0,0,0,0.23076923076923078,0.48717948717948717,0.0,1.0,0.0,0.0
CUST004009,25,15075.07,603.0028,2509.01,589.9381593616403,3,16,0,25,25,7,9,33.8,40,2.76,4,0,0,0,0,0,0,0,0,0,0.12,0.64,0.0,1.0,0.0,0.0
CUST004010,24,15281.6,636.7333333333333,3578.78,881.6289384486793,3,12,0,24,24,6,7,33.125,35,2.625,3,0,0,0,0,0,0,0,0,0,0.125,0.5,0.0,1.0,0.0,0.0
CUST004011,14,15736.32,1124.0228571428572,2766.43,1010.3534092464004,4,8,0,14,14,4,6,34.285714285714285,40,2.857142857142857,4,0,0,0,0,0,0,0,0,0,0.2857142857142857,0.5714285714285714,0.0,1.0,0.0,0.0
CUST004012,23,39125.61,1701.1134782608697,13837.28,3385.1120225717905,3,9,0,23,23,5,5,36.30434782608695,85,2.739130434782609,6,0,0,0,1,0,0,0,0,0,0.13043478260869565,0.391304347826087,0.0,1.0,0.043478260869565216,0.0
CUST004013,23,13904.71,604.5526086956521,3812.0,835.3946739455081,5,9,0,23,23,4,6,33.04347826086956,40,2.608695652173913,4,0,0,0,0,0,0,0,0,0,0.21739130434782608,0.391304347826087,0.0,1.0,0.0,0.0
CUST004014,17,10934.38,643.1988235294117,1974.76,533.0334842188897,2,9,0,17,17,5,4,83.23529411764706,90,3.6470588235294117,5,0,1,0,0,0,0,0,0,0,0.11764705882352941,0.5294117647058824,0.0,1.0,0.0,0.0
CUST004015,29,22282.86,768.3744827586207,5371.26,1010.7183444129026,1,19,0,29,29,8,7,34.13793103448276,55,2.7241379310344827,4,0,0,0,0,0,0,0,0,0,0.034482758620689655,0.6551724137931034,0.0,1.0,0.0,0.0
CUST004016,28,24012.23,857.5796428571429,3243.01,841.2152117884651,1,11,0,28,28,5,5,32.142857142857146,40,2.4285714285714284,4,0,0,0,0,0,0,0,0,0,0.03571428571428571,0.39285714285714285,0.0,1.0,0.0,0.0
CUST004017,27,24506.73,907.6566666666666,6404.85,1310.8221729803488,9,9,0,27,27,5,4,34.074074074074076,60,2.7037037037037037,5,0,0,0,0,0,0,0,0,0,0.3333333333333333,0.3333333333333333,0.0,1.0,0.0,0.0
CUST004018,20,11418.199999999999,570.91,1345.32,469.1143086262608,2,12,0,20,20,6,7,33.5,40,2.7,4,0,0,0,0,0,0,0,0,0,0.1,0.6,0.0,1.0,0.0,0.0
CUST004019,25,15485.789999999999,619.4316,1963.04,561.414843184016,6,12,0,25,25,7,7,33.6,40,2.72,4,0,0,0,0,0,0,0,0,0,0.24,0.48,0.0,1.0,0.0,0.0
CUST004020,27,38698.05,1433.2611111111112,10450.76,2751.677805515046,8,14,0,27,27,7,7,38.51851851851852,85,3.074074074074074,6,0,0,0,1,0,0,0,0,0,0.2962962962962963,0.5185185185185185,0.0,1.0,0.037037037037037035,0.0
CUST004021,15,8102.86,540.1906666666666,2664.02,659.1402773902496,3,5,0,15,15,4,5,32.666666666666664,40,2.533333333333333,4,0,0,0,0,0,0,0,0,0,0.2,0.3333333333333333,0.0,1.0,0.0,0.0
CUST004022,31,21468.12,692.52,2406.99,603.7285855581132,6,17,0,31,31,9,8,33.70967741935484,40,2.7419354838709675,4,0,0,0,0,0,0,0,0,0,0.1935483870967742,0.5483870967741935,0.0,1.0,0.0,0.0
CUST004023,24,14320.85,596.7020833333333,2128.86,589.0899671673336,6,14,0,24,24,6,6,34.166666666666664,40,2.8333333333333335,4,0,0,0,0,0,0,0,0,0,0.25,0.5833333333333334,0.0,1.0,0.0,0.0
CUST004024,28,20310.63,725.3796428571429,5030.56,980.524850469766,4,15,0,28,27,7,5,34.107142857142854,50,2.7142857142857144,4,0,0,0,0,0,0,0,0,0,0.14285714285714285,0.5357142857142857,0.0,1.0,0.0,0.0
CUST004025,17,16411.62,965.3894117647059,5054.71,1321.3497160974769,5,11,0,17,17,4,6,35.88235294117647,60,3.0,5,0,0,0,0,0,0,0,0,0,0.29411764705882354,0.6470588235294118,0.0,1.0,0.0,0.0
CUST004026,24,33814.68,1408.945,11675.94,2711.8897319958173,3,11,0,24,24,3,8,34.583333333333336,55,2.6666666666666665,4,0,0,0,0,0,0,0,0,0,0.125,0.4583333333333333,0.0,1.0,0.0,0.0
CUST004027,26,16541.34,636.2053846153847,3720.82,820.5661617455634,6,14,0,26,26,7,8,33.84615384615385,40,2.769230769230769,4,0,0,0,0,0,0,0,0,0,0.23076923076923078,0.5384615384615384,0.0,1.0,0.0,0.0
CUST004028,29,13886.18,478.8337931034483,2699.47,583.9633812786416,7,13,0,29,29,6,7,33.44827586206897,40,2.689655172413793,4,0,0,0,0,0,0,0,0,0,0.2413793103448276,0.4482758620689655,0.0,1.0,0.0,0.0
CUST004029,23,8881.24,386.1408695652174,1214.92,363.20529386301433,3,10,0,23,23,5,5,32.82608695652174,40,2.5652173913043477,4,0,0,0,0,0,0,0,0,0,0.13043478260869565,0.43478260869565216,0.0,1.0,0.0,0.0
CUST004030,14,11622.529999999999,830.1807142857142,4353.23,1208.9014855928835,1,8,0,14,14,3,5,33.214285714285715,35,2.642857142857143,3,0,0,0,0,0,0,0,0,0,0.07142857142857142,0.5714285714285714,0.0,1.0,0.0,0.0
CUST004031,14,5177.82,369.8442857142857,972.82,290.76730597915173,4,7,0,14,14,4,5,33.92857142857143,40,2.7857142857142856,4,0,0,0,0,0,0,0,0,0,0.2857142857142857,0.5,0.0,1.0,0.0,0.0
CUST004032,25,14146.99,565.8796,2162.34,557.5494727187893,4,10,0,25,25,6,6,42.8,50,3.56,5,1,0,0,0,0,0,0,0,0,0.16,0.4,0.0,1.0,0.0,0.0
CUST004033,30,32629.62,1087.654,4478.97,1341.144607517438,7,21,0,30,30,5,7,34.666666666666664,40,2.933333333333333,4,0,0,0,0,0,0,0,0,0,0.23333333333333334,0.7,0.0,1.0,0.0,0.0
CUST004034,23,22418.44,974.7147826086956,5774.66,1419.5271183642606,3,14,0,23,23,7,6,34.56521739130435,60,2.782608695652174,5,0,0,0,0,0,0,0,0,0,0.13043478260869565,0.6086956521739131,0.0,1.0,0.0,0.0
CUST004035,32,13419.86,419.370625,1412.92,436.77777700275436,4,17,0,32,32,9,8,33.28125,35,2.65625,3,0,0,0,0,0,0,0,0,0,0.125,0.53125,0.0,1.0,0.0,0.0
CUST004036,18,8451.74,469.5411111111111,2766.08,636.331149997795,6,7,0,18,18,5,5,33.611111111111114,40,2.7222222222222223,4,0,0,0,0,0,0,0,0,0,0.3333333333333333,0.3888888888888889,0.0,1.0,0.0,0.0
CUST004037,27,26600.5,985.2037037037037,5506.43,1342.2121397561684,5,13,0,27,27,3,9,34.074074074074076,60,2.7037037037037037,5,0,0,0,0,0,0,0,0,0,0.18518518518518517,0.48148148148148145,0.0,1.0,0.0,0.0
CUST004038,29,13188.25,454.76724137931035,2430.02,545.1096350859584,1,13,0,29,29,6,6,32.41379310344828,40,2.4827586206896552,4,0,0,0,0,0,0,0,0,0,0.034482758620689655,0.4482758620689655,0.0,1.0,0.0,0.0
CUST004039,26,20219.53,777.6742307692307,5009.46,1127.3033291716051,7,11,0,26,26,4,7,34.23076923076923,50,2.730769230769231,4,0,0,0,0,0,0,0,0,0,0.2692307692307692,0.4230769230769231,0.0,1.0,0.0,0.0
CUST004040,25,12658.16,506.3264,2413.66,608.0615315141498,5,13,0,25,25,7,7,33.6,40,2.72,4,0,0,0,0,0,0,0,0,0,0.2,0.52,0.0,1.0,0.0,0.0
CUST004041,31,16743.46,540.1116129032258,2028.55,465.7785766012056,4,13,0,31,31,9,5,32.74193548387097,40,2.5483870967741935,4,0,0,0,0,0,0,0,0,0,0.12903225806451613,0.41935483870967744,0.0,1.0,0.0,0.0
CUST004042,23,14320.64,622.6365217391304,2303.32,577.400413165522,4,12,0,23,23,6,9,33.47826086956522,40,2.6956521739130435,4,0,0,0,0,0,0,0,0,0,0.17391304347826086,0.5217391304347826,0.0,1.0,0.0,0.0
CUST004043,26,17142.51,659.3273076923076,6449.9,1311.7892936887622,4,13,0,26,26,3,6,34.03846153846154,60,2.6923076923076925,5,0,0,0,0,0,0,0,0,0,0.15384615384615385,0.5,0.0,1.0,0.0,0.0
CUST004044,25,16055.619999999999,642.2248,4242.38,910.3785699143699,7,13,0,25,25,9,5,34.0,40,2.8,4,0,0,0,0,0,0,0,0,0,0.28,0.52,0.0,1.0,0.0,0.0
CUST004045,27,21855.99,809.4811111111112,3660.11,908.3241510705024,6,11,0,27,27,5,7,33.148148148148145,40,2.6296296296296298,4,0,0,0,0,0,0,0,0,0,0.2222222222222222,0.4074074074074074,0.0,1.0,0.0,0.0
CUST004046,34,41837.0,1230.5,11721.56,2529.1896136953123,7,22,0,34,33,6,8,35.88235294117647,65,2.9411764705882355,4,0,0,0,1,0,0,0,0,0,0.20588235294117646,0.6470588235294118,0.0,1.0,0.029411764705882353,0.0
CUST004047,21,17760.96,845.76,4224.8,1000.9742381849794,5,10,0,21,21,5,7,33.57142857142857,40,2.7142857142857144,4,0,0,0,0,0,0,0,0,0,0.23809523809523808,0.47619047619047616,0.0,1.0,0.0,0.0
CUST004048,28,19206.25,685.9375,2883.19,687.8167134121371,3,14,0,28,27,6,7,33.035714285714285,40,2.607142857142857,4,0,0,0,0,0,0,0,0,0,0.10714285714285714,0.5,0.0,1.0,0.0,0.0
CUST004049,28,17349.91,619.6396428571428,3894.17,821.4408121753357,2,13,0,28,28,6,7,32.67857142857143,40,2.5357142857142856,4,0,0,0,0,0,0,0,0,0,0.07142857142857142,0.4642857142857143,0.0,1.0,0.0,0.0
CUST004050,27,25776.37,954.6803703703704,8514.82,1729.982264321008,4,12,0,27,27,7,6,34.25925925925926,70,2.6666666666666665,5,0,0,0,1,0,0,0,0,0,0.14814814814814814,0.4444444444444444,0.0,1.0,0.037037037037037035,0.0
CUST004051,29,14989.04,516.8634482758621,2625.73,596.2095103010341,8,16,0,29,29,8,6,34.13793103448276,40,2.8275862068965516,4,0,0,0,0,0,0,0,0,0,0.27586206896551724,0.5517241379310345,0.0,1.0,0.0,0.0
CUST004052,20,10124.43,506.2215,2091.15,542.4895089965481,3,10,0,20,20,5,8,33.25,40,2.65,4,0,0,0,0,0,0,0,0,0,0.15,0.5,0.0,1.0,0.0,0.0
CUST004053,20,9658.43,482.92150000000004,3323.48,771.7090545718365,2,6,0,20,20,3,4,32.0,35,2.4,3,0,0,0,0,0,0,0,0,0,0.1,0.3,0.0,1.0,0.0,0.0
CUST004054,23,29348.210000000003,1276.0091304347827,8723.91,2273.897719887221,7,14,0,23,23,8,8,38.26086956521739,80,3.130434782608696,5,0,0,0,1,0,0,0,0,0,0.30434782608695654,0.6086956521739131,0.0,1.0,0.043478260869565216,0.0
CUST004055,22,8119.29,369.05863636363637,1751.14,398.84521029372087,3,15,0,22,22,8,7,34.09090909090909,40,2.8181818181818183,4,0,0,0,0,0,0,0,0,0,0.13636363636363635,0.6818181818181818,0.0,1.0,0.0,0.0
CUST004056,22,10161.81,461.9004545454545,1758.73,526.0488429656489,2,10,0,22,22,6,7,32.72727272727273,40,2.5454545454545454,4,0,0,0,0,0,0,0,0,0,0.09090909090909091,0.45454545454545453,0.0,1.0,0.0,0.0
CUST004057,20,13584.99,679.2495,2206.23,689.2690465113635,7,10,0,20,20,6,5,34.25,40,2.85,4,0,0,0,0,0,0,0,0,0,0.35,0.5,0.0,1.0,0.0,0.0
CUST004058,21,15259.869999999999,726.6604761904762,3867.75,952.0770292706164,5,9,0,21,21,6,6,33.333333333333336,40,2.6666666666666665,4,0,0,0,0,0,0,0,0,0,0.23809523809523808,0.42857142857142855,0.0,1.0,0.0,0.0
CUST004059,22,16658.29,757.195,3224.74,782.0838232004961,2,14,0,22,21,6,6,33.63636363636363,40,2.727272727272727,4,0,0,0,0,0,0,0,0,0,0.09090909090909091,0.6363636363636364,0.0,1.0,0.0,0.0
CUST004060,25,29681.510000000002,1187.2604000000001,6234.26,1616.1589705674583,7,12,0,25,25,7,6,34.6,60,2.8,5,0,0,0,0,0,0,0,0,0,0.28,0.48,0.0,1.0,0.0,0.0
CUST004061,32,17892.69,559.1465625,2475.99,548.2744940889075,4,12,0,32,32,6,7,32.5,40,2.5,4,0,0,0,0,0,0,0,0,0,0.125,0.375,0.0,1.0,0.0,0.0
CUST004062,22,14026.34,637.5609090909091,1897.68,590.3395846775222,6,11,0,22,22,8,6,33.86363636363637,40,2.772727272727273,4,0,0,0,0,0,0,0,0,0,0.2727272727272727,0.5,0.0,1.0,0.0,0.0
CUST004063,27,17320.309999999998,641.4929629629629,3674.73,819.3456316655045,3,17,0,27,27,7,8,33.7037037037037,40,2.740740740740741,4,0,0,0,0,0,0,0,0,0,0.1111111111111111,0.6296296296296297,0.0,1.0,0.0,0.0
CUST004064,17,22129.100000000002,1301.7117647058824,14459.85,3417.0528864747534,2,11,0,17,17,5,6,35.0,50,2.823529411764706,3,0,0,0,0,0,0,0,0,0,0.11764705882352941,0.6470588235294118,0.0,1.0,0.0,0.0
CUST004065,27,20375.97,754.6655555555556,4544.01,944.4393468098225,5,11,0,27,27,7,3,33.51851851851852,45,2.6296296296296298,3,0,0,0,0,0,0,0,0,0,0.18518518518518517,0.4074074074074074,0.0,1.0,0.0,0.0
CUST004066,22,14708.26,668.5572727272728,2230.37,662.4728277351804,2,8,0,22,22,4,5,32.27272727272727,35,2.4545454545454546,3,0,0,0,0,0,0,0,0,0,0.09090909090909091,0.36363636363636365,0.0,1.0,0.0,0.0
CUST004067,13,6861.639999999999,527.8184615384615,2358.16,584.9622453464576,2,7,0,13,13,4,3,33.46153846153846,40,2.6923076923076925,4,0,0,0,0,0,0,0,0,0,0.15384615384615385,0.5384615384615384,0.0,1.0,0.0,0.0
CUST004068,24,13373.16,557.215,5546.14,1124.9538520699223,4,12,0,24,24,6,6,34.166666666666664,55,2.7083333333333335,4,0,0,0,0,0,0,0,0,0,0.16666666666666666,0.5,0.0,1.0,0.0,0.0
CUST004069,24,18494.61,770.60875,3949.41,1146.1874554225128,6,15,0,24,24,7,5,34.375,40,2.875,4,0,0,0,0,0,0,0,0,0,0.25,0.625,0.0,1.0,0.0,0.0
CUST004070,24,14205.81,591.9087499999999,4318.99,975.6437536996546,4,13,0,24,24,7,7,43.541666666666664,50,3.7083333333333335,5,1,0,0,0,0,0,0,0,0,0.16666666666666666,0.5416666666666666,0.0,1.0,0.0,0.0
CUST004071,28,18580.32,663.5828571428572,4144.57,896.7422315489475,4,11,0,28,26,5,6,32.67857142857143,40,2.5357142857142856,4,0,0,0,0,0,0,0,0,0,0.14285714285714285,0.39285714285714285,0.0,1.0,0.0,0.0
CUST004072,19,18189.86,957.361052631579,5281.73,1272.7931135450565,3,11,0,19,19,6,8,49.73684210526316,65,3.789473684210526,5,0,0,1,0,0,0,0,0,0,0.15789473684210525,0.5789473684210527,0.0,1.0,0.0,0.0
CUST004073,32,26051.82,814.119375,5745.07,1238.6247553063283,5,15,0,32,32,7,8,33.75,50,2.65625,4,0,0,0,0,0,0,0,0,0,0.15625,0.46875,0.0,1.0,0.0,0.0
CUST004074,15,8114.14,540.9426666666667,1540.59,542.7063187326834,3,5,0,15,15,5,2,32.666666666666664,35,2.533333333333333,3,0,0,0,0,0,0,0,0,0,0.2,0.3333333333333333,0.0,1.0,0.0,0.0
CUST004075,21,21300.73,1014.3204761904761,4849.96,1490.8380810184458,4,7,0,21,21,5,4,33.333333333333336,45,2.5714285714285716,4,0,0,0,0,0,0,0,0,0,0.19047619047619047,0.3333333333333333,0.0,1.0,0.0,0.0
CUST004076,21,26645.840000000004,1268.849523809524,10053.12,2547.4689814489916,3,6,0,21,21,4,3,34.04761904761905,50,2.5238095238095237,3,0,0,0,0,0,0,0,0,0,0.14285714285714285,0.2857142857142857,0.0,1.0,0.0,0.0
CUST004077,20,21073.88,1053.694,7472.94,1657.6365153733032,4,10,0,20,20,5,4,34.5,50,2.75,4,0,0,0,0,0,0,0,0,0,0.2,0.5,0.0,1.0,0.0,0.0
CUST004078,28,15913.0,568.3214285714286,3077.37,747.1033775496076,5,13,0,28,28,4,8,33.214285714285715,40,2.642857142857143,4,0,0,0,0,0,0,0,0,0,0.17857142857142858,0.4642857142857143,0.0,1.0,0.0,0.0
CUST004079,27,19401.66,718.58,5025.56,1047.413533956567,5,10,0,27,27,5,5,33.51851851851852,50,2.5925925925925926,4,0,0,0,0,0,0,0,0,0,0.18518518518518517,0.37037037037037035,0.0,1.0,0.0,0.0
CUST004080,36,34764.83,965.6897222222223,7021.38,1500.8725425003113,8,15,0,36,36,7,5,34.30555555555556,55,2.6944444444444446,4,0,0,0,0,0,0,0,0,0,0.2222222222222222,0.4166666666666667,0.0,1.0,0.0,0.0
CUST004081,20,23452.47,1172.6235000000001,7048.93,2005.9983314871452,5,14,0,20,20,6,7,51.75,70,4.05,5,0,0,1,0,0,0,0,0,0,0.25,0.7,0.0,1.0,0.0,0.0
CUST004082,25,14444.13,577.7651999999999,2567.35,667.2177528121285,6,16,0,25,25,10,8,34.4,40,2.88,4,0,0,0,0,0,0,0,0,0,0.24,0.64,0.0,1.0,0.0,0.0
CUST004083,33,22571.34,683.98,3410.84,810.4739269981177,6,17,0,33,33,8,6,33.484848484848484,40,2.696969696969697,4,0,0,0,0,0,0,0,0,0,0.18181818181818182,0.5151515151515151,0.0,1.0,0.0,0.0
CUST004084,22,12786.69,581.2131818181819,2337.12,599.1741226482488,5,14,0,22,22,6,9,34.31818181818182,40,2.8636363636363638,4,0,0,0,0,0,0,0,0,0,0.22727272727272727,0.6363636363636364,0.0,1.0,0.0,0.0
CUST004085,30,15311.6,510.38666666666666,2342.98,534.1463265379844,5,19,0,30,30,9,7,34.0,40,2.8,4,0,0,0,0,0,0,0,0,0,0.16666666666666666,0.6333333333333333,0.0,1.0,0.0,0.0
CUST004086,27,14618.66,541.4318518518519,3026.89,701.6402005193975,5,10,0,27,27,6,5,32.77777777777778,40,2.5555555555555554,4,0,0,0,0,0,0,0,0,0,0.18518518518518517,0.37037037037037035,0.0,1.0,0.0,0.0
CUST004087,20,9684.49,484.2245,1647.12,476.85782682577417,5,9,0,20,20,4,7,33.5,35,2.7,3,0,0,0,0,0,0,0,0,0,0.25,0.45,0.0,1.0,0.0,0.0
CUST004088,31,13170.55,424.8564516129032,1256.95,354.76708609591907,9,15,0,31,31,9,7,33.87096774193548,40,2.774193548387097,4,0,0,0,0,0,0,0,0,0,0.2903225806451613,0.4838709677419355,0.0,1.0,0.0,0.0
CUST004089,29,20444.99,704.9996551724139,7106.9,1342.7690090296958,7,16,0,29,29,9,6,34.6551724137931,50,2.8275862068965516,4,0,0,0,0,0,0,0,0,0,0.2413793103448276,0.5517241379310345,0.0,1.0,0.0,0.0
CUST004090,24,9702.77,404.28208333333333,1426.78,419.1174889546425,5,9,0,24,24,7,7,32.916666666666664,35,2.5833333333333335,3,0,0,0,0,0,0,0,0,0,0.20833333333333334,0.375,0.0,1.0,0.0,0.0
CUST004091,28,20504.53,732.3046428571428,3010.35,796.429820723022,3,17,0,28,28,9,7,33.57142857142857,40,2.7142857142857144,4,0,0,0,0,0,0,0,0,0,0.10714285714285714,0.6071428571428571,0.0,1.0,0.0,0.0
CUST004092,24,28711.81,1196.3254166666668,8172.74,2016.5251202436664,7,9,0,24,24,4,7,35.625,65,2.7916666666666665,5,0,0,0,1,0,0,0,0,0,0.2916666666666667,0.375,0.0,1.0,0.041666666666666664,0.0
CUST004093,15,21378.0,1425.2,8801.51,2248.469545150974,1,3,0,1,15,2,3,13.666666666666666,50,1.4,4,0,0,0,1,0,0,0,0,0,0.06666666666666667,0.2,0.0,0.06666666666666667,0.06666666666666667,0.0
CUST004094,28,29631.91,1058.2825,12282.5,2438.7749649539446,7,18,0,28,28,9,6,35.17857142857143,60,2.9285714285714284,5,0,0,0,0,0,0,0,0,0,0.25,0.6428571428571429,0.0,1.0,0.0,0.0
CUST004095,27,16489.33,610.715925925926,3648.72,836.3655779909573,4,13,0,27,27,6,6,33.148148148148145,40,2.6296296296296298,4,0,0,0,0,0,0,0,0,0,0.14814814814814814,0.48148148148148145,0.0,1.0,0.0,0.0
CUST004096,21,14452.91,688.2338095238096,4999.84,1198.86335505543,3,11,0,21,20,5,5,33.333333333333336,40,2.6666666666666665,4,0,0,0,0,0,0,0,0,0,0.14285714285714285,0.5238095238095238,0.0,1.0,0.0,0.0
CUST004097,30,25545.379999999997,851.5126666666666,7747.56,1469.913863601006,4,18,0,30,30,8,6,34.833333333333336,65,2.8,4,0,0,0,0,0,0,0,0,0,0.13333333333333333,0.6,0.0,1.0,0.0,0.0
CUST004098,25,22952.27,918.0908000000001,3883.3,998.5394801238457,1,12,0,25,25,5,7,32.6,40,2.52,4,0,0,0,0,0,0,0,0,0,0.04,0.48,0.0,1.0,0.0,0.0
CUST004099,23,15924.19,692.3560869565217,4061.54,846.3913871454458,2,12,0,23,23,7,6,33.04347826086956,40,2.608695652173913,4,0,0,0,0,0,0,0,0,0,0.08695652173913043,0.5217391304347826,0.0,1.0,0.0,0.0
CUST004100,23,31884.54,1386.284347826087,16524.92,3410.634780630121,1,16,0,23,23,9,6,35.21739130434783,70,2.8260869565217392,5,0,0,0,0,0,0,0,0,0,0.043478260869565216,0.6956521739130435,0.0,1.0,0.0,0.0
CUST004101,26,14793.36,568.9753846153847,2301.08,534.6557830846368,4,15,0,26,26,5,5,33.65384615384615,40,2.730769230769231,4,0,0,0,0,0,0,0,0,0,0.15384615384615385,0.5769230769230769,0.0,1.0,0.0,0.0
CUST004102,31,24857.45,801.8532258064516,3852.9,1069.7034428706152,6,16,0,31,31,6,8,33.54838709677419,40,2.7096774193548385,4,0,0,0,0,0,0,0,0,0,0.1935483870967742,0.5161290322580645,0.0,1.0,0.0,0.0
CUST004103,21,9238.91,439.9480952380952,1845.8,519.4924102007559,2,10,0,0,21,2,7,12.857142857142858,20,1.5714285714285714,3,0,0,0,0,0,0,0,0,0,0.09523809523809523,0.47619047619047616,0.0,0.0,0.0,0.0
CUST004104,23,17917.71,779.0308695652174,3112.71,859.4739397282135,5,10,0,23,23,6,6,33.26086956521739,40,2.652173913043478,4,0,0,0,0,0,0,0,0,0,0.21739130434782608,0.43478260869565216,0.0,1.0,0.0,0.0
CUST004105,22,11185.61,508.4368181818182,2170.04,538.9631687953874,4,13,0,22,22,9,6,33.86363636363637,40,2.772727272727273,4,0,0,0,0,0,0,0,0,0,0.18181818181818182,0.5909090909090909,0.0,1.0,0.0,0.0
CUST004106,18,8462.49,470.1383333333333,1370.25,418.1169970552149,3,8,0,18,17,4,4,33.05555555555556,35,2.611111111111111,3,0,0,0,0,0,0,0,0,0,0.16666666666666666,0.4444444444444444,0.0,1.0,0.0,0.0
CUST004107,25,9492.67,379.7068,2006.24,411.8828161900745,3,12,0,25,25,7,7,33.0,40,2.6,4,0,0,0,0,0,0,0,0,0,0.12,0.48,0.0,1.0,0.0,0.0
CUST004108,19,17550.59,923.7152631578947,7984.82,1836.4973818669314,2,11,0,19,19,6,4,34.473684210526315,55,2.736842105263158,4,0,0,0,0,0,0,0,0,0,0.10526315789473684,0.5789473684210527,0.0,1.0,0.0,0.0
CUST004109,21,13245.19,630.7233333333334,2895.76,738.2250426416957,2,14,0,21,21,5,9,33.80952380952381,40,2.761904761904762,4,0,0,0,0,0,0,0,0,0,0.09523809523809523,0.6666666666666666,0.0,1.0,0.0,0.0
CUST004110,19,10133.77,533.3563157894737,3697.2,825.093417143447,4,7,0,19,19,3,7,32.89473684210526,40,2.5789473684210527,4,0,0,0,0,0,0,0,0,0,0.21052631578947367,0.3684210526315789,0.0,1.0,0.0,0.0
CUST004111,18,7086.6,393.70000000000005,1882.52,473.2477836124725,5,7,0,18,18,5,6,33.333333333333336,40,2.6666666666666665,4,0,0,0,0,0,0,0,0,0,0.2777777777777778,0.3888888888888889,0.0,1.0,0.0,0.0
CUST004112,30,17352.21,578.4069999999999,4507.11,896.0924746889341,8,15,0,30,30,8,5,43.833333333333336,50,3.7666666666666666,5,1,0,0,0,0,0,0,0,0,0.26666666666666666,0.5,0.0,1.0,0.0,0.0
CUST004113,28,22273.39,795.4782142857142,4324.63,1117.514458138482,5,13,0,28,28,7,6,33.214285714285715,40,2.642857142857143,4,0,0,0,0,0,0,0,0,0,0.17857142857142858,0.4642857142857143,0.0,1.0,0.0,0.0
CUST004114,28,14186.73,506.6689285714286,3165.0,764.472083264917,3,16,0,28,28,7,7,33.392857142857146,40,2.6785714285714284,4,0,0,0,0,0,0,0,0,0,0.10714285714285714,0.5714285714285714,0.0,1.0,0.0,0.0
CUST004115,19,14729.42,775.2326315789473,3157.06,824.161428044302,4,11,0,19,19,4,8,33.94736842105263,40,2.789473684210526,4,0,0,0,0,0,0,0,0,0,0.21052631578947367,0.5789473684210527,0.0,1.0,0.0,0.0
CUST004116,25,17628.92,705.1568,4997.01,1031.1407510888123,6,9,0,25,25,6,4,33.0,40,2.6,4,0,0,0,0,0,0,0,0,0,0.24,0.36,0.0,1.0,0.0,0.0
CUST004117,29,18772.42,647.3248275862069,3548.49,870.9923007598891,6,15,0,29,28,6,11,33.62068965517241,40,2.7241379310344827,4,0,0,0,0,0,0,0,0,0,0.20689655172413793,0.5172413793103449,0.0,1.0,0.0,0.0
CUST004118,30,17016.46,567.2153333333333,4327.46,844.8311011440275,4,17,0,30,30,9,6,33.5,40,2.7,4,0,0,0,0,0,0,0,0,0,0.13333333333333333,0.5666666666666667,0.0,1.0,0.0,0.0
CUST004119,21,21973.93,1046.377619047619,5248.04,1474.3974845166576,3,12,0,21,21,5,8,35.476190476190474,55,2.8095238095238093,4,0,0,0,0,0,0,0,0,0,0.14285714285714285,0.5714285714285714,0.0,1.0,0.0,0.0
CUST004120,21,16474.67,784.5080952380952,3656.05,900.9178190524319,3,8,0,21,21,5,5,47.61904761904762,55,3.5238095238095237,5,0,0,1,0,0,0,0,0,0,0.14285714285714285,0.38095238095238093,0.0,1.0,0.0,0.0
CUST004121,26,13380.91,514.6503846153846,2715.46,583.3209830786531,5,17,0,26,26,7,7,34.23076923076923,40,2.8461538461538463,4,0,0,0,0,0,0,0,0,0,0.19230769230769232,0.6538461538461539,0.0,1.0,0.0,0.0
CUST004122,22,9577.18,435.3263636363636,2737.1,568.7061592149362,4,12,0,22,22,5,5,33.63636363636363,40,2.727272727272727,4,0,0,0,0,0,0,0,0,0,0.18181818181818182,0.5454545454545454,0.0,1.0,0.0,0.0
CUST004123,25,22370.02,894.8008,3811.86,1055.3793921892102,7,13,0,25,25,6,6,34.0,40,2.8,4,0,0,0,0,0,0,0,0,0,0.28,0.52,0.0,1.0,0.0,0.0
CUST004124,23,16934.68,736.2904347826087,3181.33,690.9875788021759,3,9,0,23,23,4,6,32.608695652173914,35,2.5217391304347827,3,0,0,0,0,0,0,0,0,0,0.13043478260869565,0.391304347826087,0.0,1.0,0.0,0.0
CUST004125,18,7239.39,402.18833333333333,1504.55,393.2135360342879,2,15,0,18,18,6,6,34.72222222222222,40,2.9444444444444446,4,0,0,0,0,0,0,0,0,0,0.1111111111111111,0.8333333333333334,0.0,1.0,0.0,0.0
CUST004126,20,22546.670000000002,1127.3335000000002,10784.85,2419.3899305431155,4,11,0,20,20,6,8,34.75,50,2.8,4,0,0,0,0,0,0,0,0,0,0.2,0.55,0.0,1.0,0.0,0.0
CUST004127,19,8571.94,451.1547368421053,2182.61,594.6942477476082,4,10,0,19,19,5,8,33.68421052631579,40,2.736842105263158,4,0,0,0,0,0,0,0,0,0,0.21052631578947367,0.5263157894736842,0.0,1.0,0.0,0.0
CUST004128,33,38723.41,1173.4366666666667,14891.6,2617.3867600978297,6,16,0,33,33,5,8,33.93939393939394,50,2.696969696969697,4,0,0,0,0,0,0,0,0,0,0.18181818181818182,0.48484848484848486,0.0,1.0,0.0,0.0
CUST004129,17,12636.52,743.324705882353,3778.56,1072.7171066508965,5,11,0,17,17,6,6,34.705882352941174,40,2.9411764705882355,4,0,0,0,0,0,0,0,0,0,0.29411764705882354,0.6470588235294118,0.0,1.0,0.0,0.0
CUST004130,23,16169.199999999999,703.0086956521739,3973.34,1080.7589849953695,2,11,0,23,23,6,8,32.82608695652174,40,2.5652173913043477,4,0,0,0,0,0,0,0,0,0,0.08695652173913043,0.4782608695652174,0.0,1.0,0.0,0.0
CUST004131,33,26774.66,811.3533333333334,4733.64,1104.7724439015333,5,21,0,33,33,8,7,33.93939393939394,40,2.787878787878788,4,0,0,0,0,0,0,0,0,0,0.15151515151515152,0.6363636363636364,0.0,1.0,0.0,0.0
CUST004132,23,28539.92,1240.8660869565217,8305.65,1918.7331691929612,5,11,0,23,23,6,6,35.0,65,2.782608695652174,4,0,0,0,1,0,0,0,0,0,0.21739130434782608,0.4782608695652174,0.0,1.0,0.043478260869565216,0.0
CUST004133,25,17798.39,711.9356,4549.91,982.8682688483742,5,12,0,25,25,8,4,33.4,40,2.68,4,0,0,0,0,0,0,0,0,0,0.2,0.48,0.0,1.0,0.0,0.0
CUST004134,19,19598.55,1031.5026315789473,4182.53,1067.1301823053898,4,7,0,19,19,4,5,32.89473684210526,40,2.5789473684210527,4,0,0,0,0,0,0,0,0,0,0.21052631578947367,0.3684210526315789,0.0,1.0,0.0,0.0
CUST004135,18,13610.53,756.1405555555556,5576.92,1351.9997663351357,3,11,0,18,18,7,7,35.0,60,2.8333333333333335,5,0,0,0,0,0,0,0,0,0,0.16666666666666666,0.6111111111111112,0.0,1.0,0.0,0.0
CUST004136,30,26677.02,889.234,11528.51,2090.229722751331,8,15,0,30,30,8,8,34.5,60,2.8,5,0,0,0,0,0,0,0,0,0,0.26666666666666666,0.5,0.0,1.0,0.0,0.0
CUST004137,32,18431.23,575.9759375,2717.62,663.8491478022718,5,15,0,32,32,8,6,33.125,40,2.625,4,0,0,0,0,0,0,0,0,0,0.15625,0.46875,0.0,1.0,0.0,0.0
CUST004138,27,15258.33,565.1233333333333,2520.98,601.2441441007011,7,15,0,27,27,8,6,34.074074074074076,40,2.814814814814815,4,0,0,0,0,0,0,0,0,0,0.25925925925925924,0.5555555555555556,0.0,1.0,0.0,0.0
CUST004139,32,14470.07,452.1896875,1812.82,508.88864148154397,6,19,0,32,32,8,6,33.90625,40,2.78125,4,0,0,0,0,0,0,0,0,0,0.1875,0.59375,0.0,1.0,0.0,0.0
CUST004140,30,20791.78,693.0593333333333,4484.46,929.6084026340425,4,13,0,30,30,6,6,32.833333333333336,40,2.566666666666667,4,0,0,0,0,0,0,0,0,0,0.13333333333333333,0.43333333333333335,0.0,1.0,0.0,0.0
CUST004141,22,13324.07,605.6395454545454,5606.29,1160.9143663898126,7,10,0,22,22,5,8,34.77272727272727,55,2.8181818181818183,4,0,0,0,0,0,0,0,0,0,0.3181818181818182,0.45454545454545453,0.0,1.0,0.0,0.0
CUST004142,19,26917.940000000002,1416.7336842105265,17101.9,3846.6383029214408,0,9,0,19,19,5,6,33.421052631578945,55,2.526315789473684,4,0,0,0,0,0,0,0,0,0,0.0,0.47368421052631576,0.0,1.0,0.0,0.0
CUST004143,17,17468.15,1027.5382352941178,5736.87,1751.6933257466735,5,11,0,17,17,6,6,37.05882352941177,50,3.0588235294117645,4,0,0,0,0,0,0,0,0,0,0.29411764705882354,0.6470588235294118,0.0,1.0,0.0,0.0
CUST004144,23,23357.27,1015.5334782608696,6510.79,1529.9518518318528,6,14,0,23,23,8,6,35.21739130434783,50,2.9130434782608696,4,0,0,0,0,0,0,0,0,0,0.2608695652173913,0.6086956521739131,0.0,1.0,0.0,0.0
CUST004145,26,23061.88,886.9953846153846,10442.67,2027.6298883656866,5,12,0,26,26,7,5,34.03846153846154,50,2.6923076923076925,4,0,0,0,0,0,0,0,0,0,0.19230769230769232,0.46153846153846156,0.0,1.0,0.0,0.0
CUST004146,32,18220.47,569.3896875,3183.34,687.9867449186578,4,18,0,32,32,8,9,33.4375,40,2.6875,4,0,0,0,0,0,0,0,0,0,0.125,0.5625,0.0,1.0,0.0,0.0
CUST004147,30,31005.54,1033.518,5465.31,1340.3126798788921,7,15,0,30,30,5,8,34.333333333333336,55,2.7666666666666666,4,0,0,0,0,0,0,0,0,0,0.23333333333333334,0.5,0.0,1.0,0.0,0.0
CUST004148,18,10242.32,569.0177777777777,4105.49,979.1577741553651,2,12,0,18,18,7,5,33.888888888888886,40,2.7777777777777777,4,0,0,0,0,0,0,0,0,0,0.1111111111111111,0.6666666666666666,0.0,1.0,0.0,0.0
CUST004149,18,8691.8,482.87777777777774,2051.42,532.6153086703999,4,6,0,18,18,4,2,32.77777777777778,40,2.5555555555555554,4,0,0,0,0,0,0,0,0,0,0.2222222222222222,0.3333333333333333,0.0,1.0,0.0,0.0
CUST004150,21,15945.26,759.2980952380952,3845.7,839.8209926086573,6,10,0,21,21,6,4,33.80952380952381,40,2.761904761904762,4,0,0,0,0,0,0,0,0,0,0.2857142857142857,0.47619047619047616,0.0,1.0,0.0,0.0
CUST004151,19,22085.309999999998,1162.3847368421052,9057.74,2072.7058647557747,1,10,0,19,19,7,5,34.73684210526316,65,2.6842105263157894,4,0,0,0,1,0,0,0,0,0,0.05263157894736842,0.5263157894736842,0.0,1.0,0.05263157894736842,0.0
CUST004152,23,15971.14,694.3973913043478,3367.2,845.3256473487675,5,8,0,23,23,3,5,32.82608695652174,40,2.5652173913043477,4,0,0,0,0,0,0,0,0,0,0.21739130434782608,0.34782608695652173,0.0,1.0,0.0,0.0
CUST004153,24,21010.77,875.44875,5313.63,1230.764189497949,3,12,0,24,24,5,7,33.958333333333336,55,2.6666666666666665,4,0,0,0,0,0,0,0,0,0,0.125,0.5,0.0,1.0,0.0,0.0
CUST004154,17,10618.21,624.600588235294,1892.58,520.9951513986309,1,8,0,17,17,5,3,47.64705882352941,55,3.5294117647058822,5,0,0,1,0,0,0,0,0,0,0.058823529411764705,0.47058823529411764,0.0,1.0,0.0,0.0
CUST004155,23,28886.99,1255.9560869565219,12560.42,2636.9642770803,4,12,0,23,23,7,6,34.34782608695652,55,2.739130434782609,4,0,0,0,0,0,0,0,0,0,0.17391304347826086,0.5217391304347826,0.0,1.0,0.0,0.0
CUST004156,27,24603.77,911.2507407407408,7093.76,1516.9830464620482,3,15,0,27,27,8,8,34.074074074074076,55,2.7037037037037037,4,0,0,0,0,0,0,0,0,0,0.1111111111111111,0.5555555555555556,0.0,1.0,0.0,0.0
CUST004157,25,13818.7,552.748,3584.03,733.5143624190328,5,11,0,25,24,7,6,43.2,50,3.64,5,1,0,0,0,0,0,0,0,0,0.2,0.44,0.0,1.0,0.0,0.0
CUST004158,18,9435.96,524.2199999999999,3633.04,827.5624873865487,3,9,0,18,17,5,6,33.333333333333336,40,2.6666666666666665,4,0,0,0,0,0,0,0,0,0,0.16666666666666666,0.5,0.0,1.0,0.0,0.0
CUST004159,32,20467.46,639.608125,7789.71,1388.1037280345688,6,18,0,32,32,6,7,34.375,50,2.78125,4,0,0,0,0,0,0,0,0,0,0.1875,0.5625,0.0,1.0,0.0,0.0
CUST004160,25,19858.28,794.3312,5629.03,1147.1678627868719,4,11,0,25,24,8,7,33.8,50,2.64,4,0,0,0,0,0,0,0,0,0,0.16,0.44,0.0,1.0,0.0,0.0
CUST004161,12,13432.890000000001,1119.4075,6773.89,1979.6742328388045,2,9,0,12,12,5,5,34.583333333333336,40,2.9166666666666665,4,0,0,0,0,0,0,0,0,0,0.16666666666666666,0.75,0.0,1.0,0.0,0.0
CUST004162,11,14551.82,1322.8927272727271,6175.25,1969.2066902795698,1,6,0,11,11,3,4,33.18181818181818,35,2.6363636363636362,3,0,0,0,0,0,0,0,0,0,0.09090909090909091,0.5454545454545454,0.0,1.0,0.0,0.0
CUST004163,24,23476.54,978.1891666666667,3660.48,1073.3154029734897,3,10,0,24,24,6,5,32.708333333333336,40,2.5416666666666665,4,0,0,0,0,0,0,0,0,0,0.125,0.4166666666666667,0.0,1.0,0.0,0.0
CUST004164,30,14042.29,468.07633333333337,2993.05,633.3973640314222,3,13,0,30,30,5,9,32.666666666666664,40,2.533333333333333,4,0,0,0,0,0,0,0,0,0,0.1,0.43333333333333335,0.0,1.0,0.0,0.0
CUST004165,25,16502.72,660.1088000000001,6986.77,1371.9353308900293,2,12,0,25,25,5,7,33.6,60,2.6,5,0,0,0,0,0,0,0,0,0,0.08,0.48,0.0,1.0,0.0,0.0
CUST004166,34,34630.369999999995,1018.5402941176469,10794.42,2077.548982102045,5,15,0,34,34,7,5,34.55882352941177,70,2.676470588235294,5,0,0,0,0,0,0,0,0,0,0.14705882352941177,0.4411764705882353,0.0,1.0,0.0,0.0
CUST004167,29,29679.44,1023.4289655172413,8163.62,1610.8268591922965,3,11,0,29,29,7,7,34.13793103448276,80,2.586206896551724,5,0,0,0,1,0,0,0,0,0,0.10344827586206896,0.3793103448275862,0.0,1.0,0.034482758620689655,0.0
CUST004168,24,45425.64,1892.735,28229.79,5706.685194063874,3,15,0,24,24,9,8,35.625,75,2.875,5,0,0,0,0,0,0,0,0,0,0.125,0.625,0.0,1.0,0.0,0.0
CUST004169,15,13392.38,892.8253333333333,4838.07,1191.2370206450262,2,7,0,0,15,2,5,13.0,20,1.6,3,0,0,0,0,0,0,0,0,0,0.13333333333333333,0.4666666666666667,0.0,0.0,0.0,0.0
CUST004170,21,13052.44,621.5447619047619,2190.95,580.4400631298553,1,7,0,0,21,2,5,11.904761904761905,20,1.380952380952381,3,0,0,0,0,0,0,0,0,0,0.047619047619047616,0.3333333333333333,0.0,0.0,0.0,0.0
CUST004171,22,9765.619999999999,443.8918181818181,2896.17,606.5424291258363,5,11,0,22,22,6,7,33.63636363636363,40,2.727272727272727,4,0,0,0,0,0,0,0,0,0,0.22727272727272727,0.5,0.0,1.0,0.0,0.0
CUST004172,24,17833.46,743.0608333333333,3967.29,923.2420572324215,4,11,0,24,24,6,5,33.125,40,2.625,4,0,0,0,0,0,0,0,0,0,0.16666666666666666,0.4583333333333333,0.0,1.0,0.0,0.0
CUST004173,31,28699.33,925.7848387096775,11173.33,1984.445918789207,2,16,0,31,31,8,5,33.54838709677419,55,2.6129032258064515,4,0,0,0,0,0,0,0,0,0,0.06451612903225806,0.5161290322580645,0.0,1.0,0.0,0.0
CUST004174,26,19628.05,754.925,7959.23,1558.378757645907,3,14,0,26,26,8,6,34.03846153846154,50,2.6923076923076925,4,0,0,0,0,0,0,0,0,0,0.11538461538461539,0.5384615384615384,0.0,1.0,0.0,0.0
CUST004175,26,19628.67,754.948846153846,3525.7,942.6431484642613,11,11,0,26,26,6,6,34.23076923076923,40,2.8461538461538463,4,0,0,0,0,0,0,0,0,0,0.4230769230769231,0.4230769230769231,0.0,1.0,0.0,0.0
CUST004176,25,28211.22,1128.4488000000001,4808.89,1200.1495216337285,5,13,0,25,25,6,6,48.6,55,3.72,5,0,0,1,0,0,0,0,0,0,0.2,0.52,0.0,1.0,0.0,0.0
CUST004177,28,24251.33,866.1189285714287,4088.92,973.3135819660333,7,16,0,28,28,10,7,34.107142857142854,40,2.8214285714285716,4,0,0,0,0,0,0,0,0,0,0.25,0.5714285714285714,0.0,1.0,0.0,0.0
CUST004178,19,11141.289999999999,586.3836842105262,4843.73,1165.8700504592673,3,11,0,19,19,7,4,33.68421052631579,40,2.736842105263158,4,0,0,0,0,0,0,0,0,0,0.15789473684210525,0.5789473684210527,0.0,1.0,0.0,0.0
CUST004179,23,21941.79,953.9908695652174,3454.67,809.6223471073246,4,6,0,23,23,5,1,32.17391304347826,35,2.4347826086956523,3,0,0,0,0,0,0,0,0,0,0.17391304347826086,0.2608695652173913,0.0,1.0,0.0,0.0
CUST004180,21,14644.04,697.3352380952381,6034.38,1307.5186393838485,4,10,0,21,21,4,7,34.285714285714285,50,2.7142857142857144,4,0,0,0,0,0,0,0,0,0,0.19047619047619047,0.47619047619047616,0.0,1.0,0.0,0.0
CUST004181,23,10723.5,466.2391304347826,1530.05,386.1005435930464,6,13,0,23,23,6,9,34.130434782608695,40,2.8260869565217392,4,0,0,0,0,0,0,0,0,0,0.2608695652173913,0.5652173913043478,0.0,1.0,0.0,0.0
CUST004182,21,12141.56,578.1695238095238,2051.25,601.4845555912154,7,7,0,21,21,5,4,33.333333333333336,40,2.6666666666666665,4,0,0,0,0,0,0,0,0,0,0.3333333333333333,0.3333333333333333,0.0,1.0,0.0,0.0
CUST004183,16,6786.780000000001,424.17375000000004,2145.51,578.3658102720688,4,8,0,16,16,4,3,33.75,40,2.75,4,0,0,0,0,0,0,0,0,0,0.25,0.5,0.0,1.0,0.0,0.0
CUST004184,17,6022.05,354.23823529411766,2044.38,506.8700441833598,3,12,0,17,17,8,6,34.411764705882355,40,2.8823529411764706,4,0,0,0,0,0,0,0,0,0,0.17647058823529413,0.7058823529411765,0.0,1.0,0.0,0.0
CUST004185,19,9597.7,505.14210526315793,2680.5,608.9769226112754,4,12,0,19,19,6,7,34.21052631578947,40,2.8421052631578947,4,0,0,0,0,0,0,0,0,0,0.21052631578947367,0.631578947368421,0.0,1.0,0.0,0.0
CUST004186,25,17493.55,699.742,2669.0,655.7293181450713,4,10,0,25,25,4,9,32.8,40,2.56,4,0,0,0,0,0,0,0,0,0,0.16,0.4,0.0,1.0,0.0,0.0
CUST004187,34,24521.21,721.2120588235293,2628.25,773.2763367871971,8,17,0,34,33,7,7,33.6764705882353,40,2.735294117647059,4,0,0,0,0,0,0,0,0,0,0.23529411764705882,0.5,0.0,1.0,0.0,0.0
CUST004188,15,31207.82,2080.521333333333,15298.96,4188.350990186722,3,7,0,15,15,4,6,48.333333333333336,75,3.933333333333333,5,1,0,0,0,0,0,0,0,0,0.2,0.4666666666666667,0.0,1.0,0.0,0.0
CUST004189,31,18817.44,607.0141935483871,3013.36,691.2087253007068,5,14,0,31,31,7,6,43.064516129032256,50,3.6129032258064515,5,1,0,0,0,0,0,0,0,0,0.16129032258064516,0.45161290322580644,0.0,1.0,0.0,0.0
CUST004190,30,16137.44,537.9146666666667,2396.7,609.7631767347133,8,14,0,30,30,9,5,33.666666666666664,40,2.7333333333333334,4,0,0,0,0,0,0,0,0,0,0.26666666666666666,0.4666666666666667,0.0,1.0,0.0,0.0
CUST004191,26,13667.869999999999,525.6873076923076,2424.86,628.9238912145582,2,11,0,26,26,6,6,32.5,35,2.5,3,0,0,0,0,0,0,0,0,0,0.07692307692307693,0.4230769230769231,0.0,1.0,0.0,0.0
CUST004192,23,14438.41,627.7569565217391,3584.79,814.8118148239382,4,10,0,23,23,6,6,33.04347826086956,40,2.608695652173913,4,0,0,0,0,0,0,0,0,0,0.17391304347826086,0.43478260869565216,0.0,1.0,0.0,0.0
CUST004193,20,20166.329999999998,1008.3164999999999,3702.5,1065.2361512842563,3,10,0,20,20,7,3,33.25,40,2.65,4,0,0,0,0,0,0,0,0,0,0.15,0.5,0.0,1.0,0.0,0.0
CUST004194,29,29320.17,1011.0403448275862,11224.15,2058.1466965130876,9,15,0,29,29,5,9,35.3448275862069,70,2.896551724137931,5,0,0,0,0,0,0,0,0,0,0.3103448275862069,0.5172413793103449,0.0,1.0,0.0,0.0
CUST004195,24,20584.449999999997,857.6854166666666,5614.24,1231.3574104426355,4,15,0,24,24,9,7,34.791666666666664,55,2.8333333333333335,4,0,0,0,0,0,0,0,0,0,0.16666666666666666,0.625,0.0,1.0,0.0,0.0
CUST004196,24,11539.82,480.8258333333333,3796.32,751.7412924087108,9,15,0,24,24,7,6,45.0,50,4.0,5,1,0,0,0,0,0,0,0,0,0.375,0.625,0.0,1.0,0.0,0.0
CUST004197,19,10879.69,572.6152631578948,2462.8,604.2299332241771,2,9,0,19,19,7,6,32.89473684210526,40,2.5789473684210527,4,0,0,0,0,0,0,0,0,0,0.10526315789473684,0.47368421052631576,0.0,1.0,0.0,0.0
CUST004198,24,15693.490000000002,653.8954166666667,4200.92,1000.8406122419605,5,12,0,24,24,9,4,33.541666666666664,40,2.7083333333333335,4,0,0,0,0,0,0,0,0,0,0.20833333333333334,0.5,0.0,1.0,0.0,0.0
CUST004199,23,13261.0,576.5652173913044,2955.45,711.0844428877599,1,10,0,23,22,5,6,32.391304347826086,35,2.4782608695652173,3,0,0,0,0,0,0,0,0,0,0.043478260869565216,0.43478260869565216,0.0,1.0,0.0,0.0
CUST004200,29,17167.1,591.9689655172414,4362.98,841.438518657801,5,12,0,29,29,5,7,32.93103448275862,40,2.586206896551724,4,0,0,0,0,0,0,0,0,0,0.1724137931034483,0.41379310344827586,0.0,1.0,0.0,0.0
CUST004201,27,22544.73,834.99,4465.02,1179.1119733413461,1,17,0,27,27,8,8,33.333333333333336,35,2.6666666666666665,3,0,0,0,0,0,0,0,0,0,0.037037037037037035,0.6296296296296297,0.0,1.0,0.0,0.0
CUST004202,18,27584.84,1532.4911111111112,6656.54,1534.2346818447181,5,8,0,18,18,5,6,34.72222222222222,50,2.7777777777777777,4,0,0,0,0,0,0,0,0,0,0.2777777777777778,0.4444444444444444,0.0,1.0,0.0,0.0
CUST004203,25,19419.95,776.798,5481.08,1102.4354836981015,4,16,0,25,25,7,8,34.8,60,2.84,5,0,0,0,0,0,0,0,0,0,0.16,0.64,0.0,1.0,0.0,0.0
CUST004204,31,12829.38,413.85096774193545,1716.93,359.25757835063916,5,23,0,31,31,11,8,34.516129032258064,40,2.903225806451613,4,0,0,0,0,0,0,0,0,0,0.16129032258064516,0.7419354838709677,0.0,1.0,0.0,0.0
CUST004205,13,13322.59,1024.8146153846153,3759.86,1075.5294371503383,4,5,0,13,13,3,3,33.46153846153846,40,2.6923076923076925,4,0,0,0,0,0,0,0,0,0,0.3076923076923077,0.38461538461538464,0.0,1.0,0.0,0.0
CUST004206,18,13099.09,727.7272222222223,3535.39,908.6390399726496,2,8,0,18,18,5,4,32.77777777777778,40,2.5555555555555554,4,0,0,0,0,0,0,0,0,0,0.1111111111111111,0.4444444444444444,0.0,1.0,0.0,0.0
CUST004207,27,18979.309999999998,702.9374074074074,4543.37,1005.9931426077361,1,13,0,27,27,8,6,32.592592592592595,35,2.5185185185185186,3,0,0,0,0,0,0,0,0,0,0.037037037037037035,0.48148148148148145,0.0,1.0,0.0,0.0
CUST004208,17,8910.02,524.1188235294118,2624.78,628.8285415345979,5,9,0,17,17,5,4,34.11764705882353,40,2.823529411764706,4,0,0,0,0,0,0,0,0,0,0.29411764705882354,0.5294117647058824,0.0,1.0,0.0,0.0
CUST004209,17,6101.62,358.9188235294118,2031.13,459.90519688684685,3,12,0,17,17,6,6,34.411764705882355,40,2.8823529411764706,4,0,0,0,0,0,0,0,0,0,0.17647058823529413,0.7058823529411765,0.0,1.0,0.0,0.0
CUST004210,23,18990.72,825.6834782608696,3334.11,972.9689664471164,7,12,0,23,23,5,6,34.130434782608695,40,2.8260869565217392,4,0,0,0,0,0,0,0,0,0,0.30434782608695654,0.5217391304347826,0.0,1.0,0.0,0.0
CUST004211,21,12281.66,584.8409523809523,2732.16,684.8393370850184,4,13,0,21,21,7,7,34.04761904761905,40,2.8095238095238093,4,0,0,0,0,0,0,0,0,0,0.19047619047619047,0.6190476190476191,0.0,1.0,0.0,0.0
CUST004212,26,18314.21,704.3926923076923,8302.15,1629.5895816568236,6,12,0,26,26,9,6,34.80769230769231,65,2.769230769230769,4,0,0,0,1,0,0,0,0,0,0.23076923076923078,0.46153846153846156,0.0,1.0,0.038461538461538464,0.0
CUST004213,25,13900.08,556.0032,1928.57,559.3092820220312,5,10,0,25,25,5,6,43.0,50,3.6,5,1,0,0,0,0,0,0,0,0,0.2,0.4,0.0,1.0,0.0,0.0
CUST004214,25,45408.85,1816.354,27853.29,5673.124253740908,3,12,0,25,25,7,7,35.6,65,2.76,5,0,0,0,1,0,0,0,0,0,0.12,0.48,0.0,1.0,0.04,0.0
CUST004215,34,20293.260000000002,596.8605882352941,1804.26,528.7501655272536,10,13,0,34,34,5,7,48.38235294117647,55,3.676470588235294,5,0,0,1,0,0,0,0,0,0,0.29411764705882354,0.38235294117647056,0.0,1.0,0.0,0.0
CUST004216,17,8289.66,487.6270588235294,2233.27,574.6862536828759,2,9,0,17,17,5,4,33.23529411764706,35,2.6470588235294117,3,0,0,0,0,0,0,0,0,0,0.11764705882352941,0.5294117647058824,0.0,1.0,0.0,0.0
CUST004217,28,31150.85,1112.5303571428572,8786.67,1889.7761715776899,4,17,0,28,28,7,8,35.714285714285715,70,2.857142857142857,5,0,0,0,1,0,0,0,0,0,0.14285714285714285,0.6071428571428571,0.0,1.0,0.03571428571428571,0.0
CUST004218,27,23900.829999999998,885.2159259259258,6458.05,1291.4934595899167,3,10,0,27,27,6,5,33.148148148148145,50,2.5185185185185186,3,0,0,0,0,0,0,0,0,0,0.1111111111111111,0.37037037037037035,0.0,1.0,0.0,0.0
CUST004219,26,13926.349999999999,535.6288461538461,4523.73,900.6192995814687,3,11,0,26,26,5,6,32.69230769230769,35,2.5384615384615383,3,0,0,0,0,0,0,0,0,0,0.11538461538461539,0.4230769230769231,0.0,1.0,0.0,0.0
CUST004220,33,26287.47,796.59,5130.99,1007.9611962645188,8,17,0,33,33,9,9,34.39393939393939,60,2.787878787878788,5,0,0,0,0,0,0,0,0,0,0.24242424242424243,0.5151515151515151,0.0,1.0,0.0,0.0
CUST004221,21,23264.63,1107.8395238095238,7182.47,1709.652352115705,4,13,0,21,21,6,6,35.714285714285715,70,2.9047619047619047,5,0,0,0,0,0,0,0,0,0,0.19047619047619047,0.6190476190476191,0.0,1.0,0.0,0.0
CUST004222,20,20905.12,1045.2559999999999,5608.07,1276.3691031342735,5,13,0,20,20,6,4,36.25,75,3.0,6,0,0,0,0,0,0,0,0,0,0.25,0.65,0.0,1.0,0.0,0.0
CUST004223,27,19016.46,704.3133333333333,3683.28,916.2357599942865,6,13,0,27,27,8,6,33.51851851851852,40,2.7037037037037037,4,0,0,0,0,0,0,0,0,0,0.2222222222222222,0.48148148148148145,0.0,1.0,0.0,0.0
CUST004224,25,21107.39,844.2955999999999,5418.0,1392.487669852891,3,10,0,25,25,6,7,33.4,50,2.56,3,0,0,0,0,0,0,0,0,0,0.12,0.4,0.0,1.0,0.0,0.0
CUST004225,18,17674.22,981.9011111111112,7207.78,1648.7909582403595,6,8,0,18,18,5,5,35.0,55,2.8333333333333335,4,0,0,0,0,0,0,0,0,0,0.3333333333333333,0.4444444444444444,0.0,1.0,0.0,0.0
CUST004226,23,14065.380000000001,611.5382608695653,2563.57,688.9087363072662,3,13,0,23,23,9,6,33.47826086956522,35,2.6956521739130435,3,0,0,0,0,0,0,0,0,0,0.13043478260869565,0.5652173913043478,0.0,1.0,0.0,0.0
CUST004227,29,22215.17,766.0403448275862,5717.83,1167.2170472859266,9,13,0,29,29,8,6,34.48275862068966,50,2.793103448275862,4,0,0,0,0,0,0,0,0,0,0.3103448275862069,0.4482758620689655,0.0,1.0,0.0,0.0
CUST004228,20,10704.029999999999,535.2014999999999,4059.12,952.6159358882036,5,9,0,20,20,8,5,33.5,40,2.7,4,0,0,0,0,0,0,0,0,0,0.25,0.45,0.0,1.0,0.0,0.0
CUST004229,21,13356.380000000001,636.0180952380953,3078.26,770.6527880220706,3,7,0,21,21,5,4,32.38095238095238,40,2.4761904761904763,4,0,0,0,0,0,0,0,0,0,0.14285714285714285,0.3333333333333333,0.0,1.0,0.0,0.0
CUST004230,23,14188.52,616.8921739130435,3504.68,772.1682118551661,8,7,0,23,23,3,5,43.26086956521739,50,3.652173913043478,5,1,0,0,0,0,0,0,0,0,0.34782608695652173,0.30434782608695654,0.0,1.0,0.0,0.0
CUST004231,30,23738.010000000002,791.267,4904.58,1013.6444565072761,5,16,0,30,30,5,10,33.5,40,2.7,4,0,0,0,0,0,0,0,0,0,0.16666666666666666,0.5333333333333333,0.0,1.0,0.0,0.0
CUST004232,23,9845.66,428.07217391304346,3125.25,622.4148416008887,6,10,0,23,23,6,7,33.47826086956522,40,2.6956521739130435,4,0,0,0,0,0,0,0,0,0,0.2608695652173913,0.43478260869565216,0.0,1.0,0.0,0.0
CUST004233,29,16958.85,584.7879310344827,2228.66,570.3416843084962,6,20,0,29,29,8,8,34.48275862068966,40,2.896551724137931,4,0,0,0,0,0,0,0,0,0,0.20689655172413793,0.6896551724137931,0.0,1.0,0.0,0.0
CUST004234,22,13823.45,628.3386363636364,3520.22,813.3536853716073,3,10,0,22,22,7,5,32.95454545454545,40,2.590909090909091,4,0,0,0,0,0,0,0,0,0,0.13636363636363635,0.45454545454545453,0.0,1.0,0.0,0.0
CUST004235,22,7410.45,336.83863636363634,1404.74,324.37000428369504,3,10,0,22,22,5,5,32.95454545454545,40,2.590909090909091,4,0,0,0,0,0,0,0,0,0,0.13636363636363635,0.45454545454545453,0.0,1.0,0.0,0.0
CUST004236,29,26390.06,910.0020689655173,8397.94,1710.6442565853438,2,18,0,29,29,8,8,34.6551724137931,65,2.7586206896551726,4,0,0,0,1,0,0,0,0,0,0.06896551724137931,0.6206896551724138,0.0,1.0,0.034482758620689655,0.0
CUST004237,25,12018.68,480.7472,2049.68,422.55850439633406,2,15,0,25,25,8,7,33.4,40,2.68,4,0,0,0,0,0,0,0,0,0,0.08,0.6,0.0,1.0,0.0,0.0
CUST004238,20,11080.82,554.0409999999999,2972.94,774.1152192556078,4,10,0,20,20,6,4,33.5,40,2.7,4,0,0,0,0,0,0,0,0,0,0.2,0.5,0.0,1.0,0.0,0.0
CUST004239,25,17442.25,697.69,2892.08,872.1078131267182,6,11,0,25,25,7,7,33.4,40,2.68,4,0,0,0,0,0,0,0,0,0,0.24,0.44,0.0,1.0,0.0,0.0
CUST004240,18,17285.43,960.3016666666667,3823.11,1259.8189504950585,4,8,0,18,18,5,4,33.333333333333336,40,2.6666666666666665,4,0,0,0,0,0,0,0,0,0,0.2222222222222222,0.4444444444444444,0.0,1.0,0.0,0.0
CUST004241,20,12079.12,603.956,3613.02,844.8989613426535,1,10,0,20,20,5,4,32.75,40,2.55,4,0,0,0,0,0,0,0,0,0,0.05,0.5,0.0,1.0,0.0,0.0
CUST004242,21,22394.35,1066.397619047619,11826.14,2551.1802036153867,4,9,0,21,21,5,4,34.76190476190476,70,2.7142857142857144,5,0,0,0,0,0,0,0,0,0,0.19047619047619047,0.42857142857142855,0.0,1.0,0.0,0.0
CUST004243,18,13223.31,734.6283333333333,4076.78,989.8533031435101,3,9,0,18,18,6,5,33.333333333333336,40,2.6666666666666665,4,0,0,0,0,0,0,0,0,0,0.16666666666666666,0.5,0.0,1.0,0.0,0.0
CUST004244,20,14793.04,739.652,4400.55,1015.9483689719877,4,6,0,20,20,4,4,32.5,40,2.5,4,0,0,0,0,0,0,0,0,0,0.2,0.3,0.0,1.0,0.0,0.0
CUST004245,14,8981.16,641.5114285714286,2356.6,836.0164548514684,3,3,0,0,14,2,3,12.142857142857142,15,1.4285714285714286,2,0,0,0,0,0,0,0,0,0,0.21428571428571427,0.21428571428571427,0.0,0.0,0.0,0.0
CUST004246,21,14280.62,680.0295238095239,2624.85,752.9935737871617,4,8,0,21,21,5,3,32.857142857142854,40,2.5714285714285716,4,0,0,0,0,0,0,0,0,0,0.19047619047619047,0.38095238095238093,0.0,1.0,0.0,0.0
CUST004247,33,24125.18,731.0660606060607,6273.37,1264.9067924676788,6,20,0,33,33,8,7,34.54545454545455,60,2.8181818181818183,5,0,0,0,0,0,0,0,0,0,0.18181818181818182,0.6060606060606061,0.0,1.0,0.0,0.0
CUST004248,34,26771.81,787.4061764705883,13917.31,2342.5895557280514,4,15,0,34,34,8,8,33.8235294117647,75,2.6176470588235294,6,0,0,0,0,0,0,0,0,0,0.11764705882352941,0.4411764705882353,0.0,1.0,0.0,0.0
CUST004249,22,11468.060000000001,521.2754545454546,2954.55,686.090257610381,3,11,0,22,22,6,4,33.18181818181818,40,2.6363636363636362,4,0,0,0,0,0,0,0,0,0,0.13636363636363635,0.5,0.0,1.0,0.0,0.0
CUST004250,24,19893.87,828.91125,4128.36,919.7153379044139,6,15,0,24,24,4,7,34.375,40,2.875,4,0,0,0,0,0,0,0,0,0,0.25,0.625,0.0,1.0,0.0,0.0
CUST004251,20,13341.11,667.0555,2812.66,614.5546574251103,2,11,0,20,20,5,6,33.25,40,2.65,4,0,0,0,0,0,0,0,0,0,0.1,0.55,0.0,1.0,0.0,0.0
CUST004252,18,10480.51,582.2505555555556,4391.77,1012.1887520643351,5,9,0,18,18,5,6,33.888888888888886,40,2.7777777777777777,4,0,0,0,0,0,0,0,0,0,0.2777777777777778,0.5,0.0,1.0,0.0,0.0
CUST004253,15,6766.81,451.1206666666667,1323.04,399.5202360593921,6,10,0,15,15,7,5,35.333333333333336,40,3.066666666666667,4,0,0,0,0,0,0,0,0,0,0.4,0.6666666666666666,0.0,1.0,0.0,0.0
CUST004254,20,12817.91,640.8955,2923.48,696.5332550074804,8,9,0,20,20,5,5,34.25,40,2.85,4,0,0,0,0,0,0,0,0,0,0.4,0.45,0.0,1.0,0.0,0.0
CUST004255,24,10502.33,437.59708333333333,2346.56,560.5725516437105,8,14,0,24,24,8,8,34.583333333333336,40,2.9166666666666665,4,0,0,0,0,0,0,0,0,0,0.3333333333333333,0.5833333333333334,0.0,1.0,0.0,0.0
CUST004256,28,15603.4,557.2642857142857,3439.4,742.7783437649065,5,14,0,28,28,10,6,33.392857142857146,40,2.6785714285714284,4,0,0,0,0,0,0,0,0,0,0.17857142857142858,0.5,0.0,1.0,0.0,0.0
CUST004257,25,11955.09,478.2036,1577.67,461.58728264435535,6,15,0,25,25,4,9,34.2,40,2.84,4,0,0,0,0,0,0,0,0,0,0.24,0.6,0.0,1.0,0.0,0.0
CUST004258,25,19824.75,792.99,3024.2,743.3309957324979,5,12,0,25,25,6,4,33.4,40,2.68,4,0,0,0,0,0,0,0,0,0,0.2,0.48,0.0,1.0,0.0,0.0
CUST004259,23,20353.15,884.9195652173913,4280.02,1230.7221600288856,5,8,0,23,23,4,4,32.82608695652174,40,2.5652173913043477,4,0,0,0,0,0,0,0,0,0,0.21739130434782608,0.34782608695652173,0.0,1.0,0.0,0.0
CUST004260,27,15359.67,568.8766666666667,3022.37,697.9939223341308,5,17,0,27,27,11,8,34.074074074074076,40,2.814814814814815,4,0,0,0,0,0,0,0,0,0,0.18518518518518517,0.6296296296296297,0.0,1.0,0.0,0.0
CUST004261,21,17744.92,844.9961904761903,3311.85,777.196627485453,2,10,0,21,21,6,6,32.857142857142854,40,2.5714285714285716,4,0,0,0,0,0,0,0,0,0,0.09523809523809523,0.47619047619047616,0.0,1.0,0.0,0.0
CUST004262,25,14976.44,599.0576,1833.11,558.3653606307731,4,10,0,25,25,6,5,32.8,40,2.56,4,0,0,0,0,0,0,0,0,0,0.16,0.4,0.0,1.0,0.0,0.0
CUST004263,24,18384.17,766.0070833333333,3550.98,1073.1714960988058,5,10,0,24,24,5,6,33.125,40,2.625,4,0,0,0,0,0,0,0,0,0,0.20833333333333334,0.4166666666666667,0.0,1.0,0.0,0.0
CUST004264,22,9693.6,440.6181818181818,1767.0,465.4486409766527,2,11,0,22,22,8,8,32.95454545454545,40,2.590909090909091,4,0,0,0,0,0,0,0,0,0,0.09090909090909091,0.5,0.0,1.0,0.0,0.0
CUST004265,24,16140.2,672.5083333333333,3229.41,707.6538130154902,6,12,0,24,23,7,7,33.75,40,2.75,4,0,0,0,0,0,0,0,0,0,0.25,0.5,0.0,1.0,0.0,0.0
CUST004266,31,24302.02,783.9361290322581,4157.88,852.5418334082985,6,14,0,31,31,7,8,33.225806451612904,35,2.6451612903225805,3,0,0,0,0,0,0,0,0,0,0.1935483870967742,0.45161290322580644,0.0,1.0,0.0,0.0
CUST004267,21,19908.98,948.0466666666666,5585.5,1530.2770903576038,6,14,0,21,21,7,7,36.666666666666664,60,3.0476190476190474,5,0,0,0,0,0,0,0,0,0,0.2857142857142857,0.6666666666666666,0.0,1.0,0.0,0.0
CUST004268,23,13787.43,599.4534782608696,3642.8,814.2494332016265,4,7,0,23,23,4,6,32.391304347826086,40,2.4782608695652173,4,0,0,0,0,0,0,0,0,0,0.17391304347826086,0.30434782608695654,0.0,1.0,0.0,0.0
CUST004269,21,22385.54,1065.9780952380952,3840.09,1236.6223035697642,5,13,0,21,21,6,4,34.285714285714285,40,2.857142857142857,4,0,0,0,0,0,0,0,0,0,0.23809523809523808,0.6190476190476191,0.0,1.0,0.0,0.0
CUST004270,25,25985.81,1039.4324000000001,6993.31,1846.2378572321968,2,14,0,25,25,8,8,36.0,65,2.8,4,0,0,0,0,0,0,0,0,0,0.08,0.56,0.0,1.0,0.0,0.0
CUST004271,41,20210.76,492.9453658536585,3986.62,681.3994687960122,6,22,0,41,41,11,7,33.41463414634146,40,2.682926829268293,4,0,0,0,0,0,0,0,0,0,0.14634146341463414,0.5365853658536586,0.0,1.0,0.0,0.0
CUST004272,22,10457.86,475.35727272727274,2494.12,597.3495747381318,2,10,0,22,21,5,6,47.72727272727273,55,3.5454545454545454,5,0,0,1,0,0,0,0,0,0,0.09090909090909091,0.45454545454545453,0.0,1.0,0.0,0.0
CUST004273,24,14533.24,605.5516666666666,3551.65,800.3675704958624,3,11,0,24,24,8,3,32.916666666666664,40,2.5833333333333335,4,0,0,0,0,0,0,0,0,0,0.125,0.4583333333333333,0.0,1.0,0.0,0.0
CUST004274,30,28034.329999999998,934.4776666666666,6882.23,1508.7226944115007,5,12,0,30,30,5,8,34.0,65,2.6333333333333333,4,0,0,0,0,0,0,0,0,0,0.16666666666666666,0.4,0.0,1.0,0.0,0.0
CUST004275,22,11425.869999999999,519.3577272727272,1610.79,459.4054526588512,9,12,0,22,22,10,4,34.77272727272727,40,2.9545454545454546,4,0,0,0,0,0,0,0,0,0,0.4090909090909091,0.5454545454545454,0.0,1.0,0.0,0.0
CUST004276,27,29426.38,1089.865925925926,8035.03,1623.8358632814206,3,16,0,27,27,7,8,35.370370370370374,85,2.814814814814815,6,0,0,0,1,0,0,0,0,0,0.1111111111111111,0.5925925925925926,0.0,1.0,0.037037037037037035,0.0
CUST004277,18,11139.94,618.8855555555556,1892.82,527.4514815960881,2,6,0,18,18,5,4,32.22222222222222,35,2.4444444444444446,3,0,0,0,0,0,0,0,0,0,0.1111111111111111,0.3333333333333333,0.0,1.0,0.0,0.0
CUST004278,26,20055.09,771.3496153846154,4555.77,988.6708153211796,4,10,0,26,26,5,4,32.69230769230769,40,2.5384615384615383,4,0,0,0,0,0,0,0,0,0,0.15384615384615385,0.38461538461538464,0.0,1.0,0.0,0.0
CUST004279,29,32325.4,1114.6689655172415,7784.17,1530.9001749795652,5,14,0,29,29,6,5,33.96551724137931,50,2.689655172413793,4,0,0,0,0,0,0,0,0,0,0.1724137931034483,0.4827586206896552,0.0,1.0,0.0,0.0
CUST004280,26,38358.47,1475.3257692307693,16588.55,3542.893592546266,4,11,0,26,26,6,7,35.19230769230769,55,2.6923076923076925,4,0,0,0,0,0,0,0,0,0,0.15384615384615385,0.4230769230769231,0.0,1.0,0.0,0.0
CUST004281,25,15499.29,619.9716000000001,2951.77,671.5389679415484,8,12,0,25,25,6,5,34.0,40,2.8,4,0,0,0,0,0,0,0,0,0,0.32,0.48,0.0,1.0,0.0,0.0
CUST004282,21,9501.31,452.4433333333333,2085.52,476.21481671965364,2,11,0,21,21,4,6,33.095238095238095,40,2.619047619047619,4,0,0,0,0,0,0,0,0,0,0.09523809523809523,0.5238095238095238,0.0,1.0,0.0,0.0
CUST004283,26,30240.91,1163.1119230769232,5752.72,1573.6679148232492,4,13,0,26,26,8,6,34.61538461538461,65,2.730769230769231,4,0,0,0,0,0,0,0,0,0,0.15384615384615385,0.5,0.0,1.0,0.0,0.0
CUST004284,14,15716.76,1122.6257142857144,4584.0,1429.4240157205563,4,7,0,14,14,5,4,33.92857142857143,40,2.7857142857142856,4,0,0,0,0,0,0,0,0,0,0.2857142857142857,0.5,0.0,1.0,0.0,0.0
CUST004285,29,13619.53,469.6389655172414,3074.14,654.7720379171496,4,15,0,29,29,7,6,33.275862068965516,40,2.6551724137931036,4,0,0,0,0,0,0,0,0,0,0.13793103448275862,0.5172413793103449,0.0,1.0,0.0,0.0
CUST004286,27,19770.86,732.2540740740741,3087.2,897.114045199551,3,15,0,27,27,7,8,33.333333333333336,35,2.6666666666666665,3,0,0,0,0,0,0,0,0,0,0.1111111111111111,0.5555555555555556,0.0,1.0,0.0,0.0
CUST004287,26,15439.619999999999,593.8315384615385,2925.62,721.3745800716424,8,15,0,26,26,7,8,34.42307692307692,40,2.8846153846153846,4,0,0,0,0,0,0,0,0,0,0.3076923076923077,0.5769230769230769,0.0,1.0,0.0,0.0
CUST004288,14,7111.14,507.93857142857144,1460.12,465.3676283055422,3,7,0,14,14,4,5,33.57142857142857,40,2.7142857142857144,4,0,0,0,0,0,0,0,0,0,0.21428571428571427,0.5,0.0,1.0,0.0,0.0
CUST004289,25,29346.51,1173.8604,10752.39,2232.246650252237,4,10,0,25,25,4,5,33.6,55,2.6,4,0,0,0,0,0,0,0,0,0,0.16,0.4,0.0,1.0,0.0,0.0
CUST004290,28,18683.78,667.2778571428571,4651.93,1022.7035698844985,4,15,0,28,28,8,8,33.392857142857146,40,2.6785714285714284,4,0,0,0,0,0,0,0,0,0,0.14285714285714285,0.5357142857142857,0.0,1.0,0.0,0.0
CUST004291,25,19047.21,761.8883999999999,3974.8,875.9537075176976,3,13,0,25,25,8,4,33.2,40,2.64,4,0,0,0,0,0,0,0,0,0,0.12,0.52,0.0,1.0,0.0,0.0
CUST004292,26,27935.6,1074.4461538461537,6860.97,1565.5597706356075,1,12,0,26,26,6,8,34.03846153846154,55,2.576923076923077,4,0,0,0,0,0,0,0,0,0,0.038461538461538464,0.46153846153846156,0.0,1.0,0.0,0.0
CUST004293,18,17827.81,990.433888888889,6977.56,1619.6297509403332,5,8,0,18,18,5,5,34.72222222222222,55,2.7777777777777777,4,0,0,0,0,0,0,0,0,0,0.2777777777777778,0.4444444444444444,0.0,1.0,0.0,0.0
CUST004294,24,14627.41,609.4754166666667,3245.44,730.049571080349,1,12,0,24,24,5,7,42.708333333333336,50,3.5416666666666665,5,1,0,0,0,0,0,0,0,0,0.041666666666666664,0.5,0.0,1.0,0.0,0.0
CUST004295,29,30965.239999999998,1067.7668965517241,6128.21,1362.3552700119417,5,13,0,29,29,7,5,33.793103448275865,55,2.6551724137931036,4,0,0,0,0,0,0,0,0,0,0.1724137931034483,0.4482758620689655,0.0,1.0,0.0,0.0
CUST004296,25,9401.1,376.04400000000004,1173.66,307.4946166466442,5,13,0,25,24,5,8,33.6,40,2.72,4,0,0,0,0,0,0,0,0,0,0.2,0.52,0.0,1.0,0.0,0.0
CUST004297,30,31531.97,1051.0656666666666,7091.06,1388.7764251129627,3,10,0,30,30,4,8,33.333333333333336,65,2.5,4,0,0,0,0,0,0,0,0,0,0.1,0.3333333333333333,0.0,1.0,0.0,0.0
CUST004298,19,10855.43,571.3384210526316,1914.0,524.194593440082,1,9,0,19,19,4,7,32.63157894736842,35,2.526315789473684,3,0,0,0,0,0,0,0,0,0,0.05263157894736842,0.47368421052631576,0.0,1.0,0.0,0.0
CUST004299,19,8228.89,433.0994736842105,1875.52,475.27284817920565,4,10,0,19,19,6,6,33.68421052631579,40,2.736842105263158,4,0,0,0,0,0,0,0,0,0,0.21052631578947367,0.5263157894736842,0.0,1.0,0.0,0.0
CUST004300,19,14015.369999999999,737.6510526315789,6657.07,1484.1258932145688,2,11,0,19,19,8,4,49.473684210526315,65,3.736842105263158,4,0,0,1,0,0,0,0,0,0,0.10526315789473684,0.5789473684210527,0.0,1.0,0.0,0.0
CUST004301,24,14767.74,615.3225,2583.83,616.5501728041139,5,12,0,24,24,6,6,33.541666666666664,40,2.7083333333333335,4,0,0,0,0,0,0,0,0,0,0.20833333333333334,0.5,0.0,1.0,0.0,0.0
CUST004302,29,19429.52,669.9834482758621,2544.55,539.163698049885,3,20,0,29,29,7,10,33.96551724137931,40,2.793103448275862,4,0,0,0,0,0,0,0,0,0,0.10344827586206896,0.6896551724137931,0.0,1.0,0.0,0.0
CUST004303,25,19083.13,763.3252,2154.19,621.684647953446,4,11,0,25,25,7,7,33.0,40,2.6,4,0,0,0,0,0,0,0,0,0,0.16,0.44,0.0,1.0,0.0,0.0
CUST004304,15,10431.2,695.4133333333334,4252.3,1066.8553400107833,4,7,0,15,15,5,4,33.666666666666664,40,2.7333333333333334,4,0,0,0,0,0,0,0,0,0,0.26666666666666666,0.4666666666666667,0.0,1.0,0.0,0.0
CUST004305,27,12349.78,457.3992592592593,1755.34,372.63860231850873,6,9,0,27,27,5,7,32.77777777777778,40,2.5555555555555554,4,0,0,0,0,0,0,0,0,0,0.2222222222222222,0.3333333333333333,0.0,1.0,0.0,0.0
CUST004306,33,28722.690000000002,870.3845454545456,10535.37,1935.677632272951,2,20,0,33,33,6,10,33.93939393939394,50,2.696969696969697,4,0,0,0,0,0,0,0,0,0,0.06060606060606061,0.6060606060606061,0.0,1.0,0.0,0.0
CUST004307,23,10908.94,474.3017391304348,1404.45,434.72242819833457,3,6,0,23,23,5,3,31.956521739130434,35,2.391304347826087,3,0,0,0,0,0,0,0,0,0,0.13043478260869565,0.2608695652173913,0.0,1.0,0.0,0.0
CUST004308,27,13358.37,494.75444444444446,2962.66,700.687989941827,3,13,0,27,27,5,7,32.96296296296296,40,2.5925925925925926,4,0,0,0,0,0,0,0,0,0,0.1111111111111111,0.48148148148148145,0.0,1.0,0.0,0.0
CUST004309,23,21922.51,953.1526086956521,3794.66,1037.7411354178557,5,13,0,23,23,6,6,35.21739130434783,55,2.869565217391304,5,0,0,0,0,0,0,0,0,0,0.21739130434782608,0.5652173913043478,0.0,1.0,0.0,0.0
CUST004310,28,30980.41,1106.4432142857142,5698.95,1297.4349719751276,8,16,0,28,28,6,9,35.0,50,2.892857142857143,4,0,0,0,0,0,0,0,0,0,0.2857142857142857,0.5714285714285714,0.0,1.0,0.0,0.0
CUST004311,21,9054.51,431.1671428571429,2521.91,553.5862572006539,3,13,0,21,21,6,7,33.80952380952381,40,2.761904761904762,4,0,0,0,0,0,0,0,0,0,0.14285714285714285,0.6190476190476191,0.0,1.0,0.0,0.0
CUST004312,22,17207.739999999998,782.17,4969.45,1075.3003969434153,6,15,0,22,22,6,7,34.77272727272727,40,2.9545454545454546,4,0,0,0,0,0,0,0,0,0,0.2727272727272727,0.6818181818181818,0.0,1.0,0.0,0.0
CUST004313,23,20241.64,880.0713043478261,6107.92,1303.2476498184496,5,9,0,23,23,5,5,33.91304347826087,50,2.652173913043478,4,0,0,0,0,0,0,0,0,0,0.21739130434782608,0.391304347826087,0.0,1.0,0.0,0.0
CUST004314,28,19687.19,703.1139285714286,3207.17,802.370315218138,2,13,0,28,28,7,5,32.67857142857143,35,2.5357142857142856,3,0,0,0,0,0,0,0,0,0,0.07142857142857142,0.4642857142857143,0.0,1.0,0.0,0.0
CUST004315,25,12436.23,497.44919999999996,1672.53,511.8084364528718,2,13,0,25,25,5,6,33.0,40,2.6,4,0,0,0,0,0,0,0,0,0,0.08,0.52,0.0,1.0,0.0,0.0
CUST004316,28,30923.010000000002,1104.3932142857143,6666.82,1847.4341627783106,8,15,0,28,28,5,10,35.535714285714285,55,2.892857142857143,4,0,0,0,0,0,0,0,0,0,0.2857142857142857,0.5357142857142857,0.0,1.0,0.0,0.0
CUST004317,20,26315.95,1315.7975000000001,7442.97,2047.3486109340101,2,9,0,20,20,3,7,34.75,55,2.65,4,0,0,0,0,0,0,0,0,0,0.1,0.45,0.0,1.0,0.0,0.0
CUST004318,23,10976.8,477.25217391304346,2351.16,561.328650378696,6,13,0,23,23,9,5,34.130434782608695,40,2.8260869565217392,4,0,0,0,0,0,0,0,0,0,0.2608695652173913,0.5652173913043478,0.0,1.0,0.0,0.0
CUST004319,24,24175.68,1007.32,10211.92,2085.801785893085,7,16,0,24,24,7,9,35.625,55,3.0,4,0,0,0,0,0,0,0,0,0,0.2916666666666667,0.6666666666666666,0.0,1.0,0.0,0.0
CUST004320,18,12190.78,677.2655555555556,3453.03,861.3232183935314,3,10,0,18,18,4,6,33.611111111111114,40,2.7222222222222223,4,0,0,0,0,0,0,0,0,0,0.16666666666666666,0.5555555555555556,0.0,1.0,0.0,0.0
CUST004321,22,12283.62,558.3463636363637,3099.77,673.1274643712802,1,12,0,22,21,8,5,32.95454545454545,35,2.590909090909091,3,0,0,0,0,0,0,0,0,0,0.045454545454545456,0.5454545454545454,0.0,1.0,0.0,0.0
CUST004322,26,25779.95,991.5365384615385,10362.55,1984.3015406151196,6,13,0,26,26,6,6,35.0,70,2.8076923076923075,5,0,0,0,0,0,0,0,0,0,0.23076923076923078,0.5,0.0,1.0,0.0,0.0
CUST004323,15,10872.92,724.8613333333334,3647.64,958.5773071429992,2,5,0,15,15,3,4,32.333333333333336,40,2.466666666666667,4,0,0,0,0,0,0,0,0,0,0.13333333333333333,0.3333333333333333,0.0,1.0,0.0,0.0
CUST004324,15,6309.04,420.60266666666666,3802.62,948.0891743130093,4,9,0,15,15,6,6,34.333333333333336,40,2.8666666666666667,4,0,0,0,0,0,0,0,0,0,0.26666666666666666,0.6,0.0,1.0,0.0,0.0
CUST004325,24,15902.61,662.60875,3391.66,991.3418280435887,3,12,0,24,24,6,8,33.125,40,2.625,4,0,0,0,0,0,0,0,0,0,0.125,0.5,0.0,1.0,0.0,0.0
CUST004326,25,27104.84,1084.1936,7941.35,1787.960591807698,2,12,0,25,25,5,7,33.6,55,2.6,4,0,0,0,0,0,0,0,0,0,0.08,0.48,0.0,1.0,0.0,0.0
CUST004327,34,25426.73,747.845,3935.4,974.7379785178946,8,20,0,34,34,8,8,34.11764705882353,40,2.823529411764706,4,0,0,0,0,0,0,0,0,0,0.23529411764705882,0.5882352941176471,0.0,1.0,0.0,0.0
CUST004328,21,44129.869999999995,2101.4223809523805,31952.17,6860.830619748533,4,12,0,21,21,8,6,45.95238095238095,90,3.9047619047619047,7,1,0,0,0,0,0,0,0,0,0.19047619047619047,0.5714285714285714,0.0,1.0,0.0,0.0
CUST004329,24,33748.38,1406.1825,11315.91,2377.969839678284,6,12,0,24,24,6,7,34.583333333333336,50,2.7916666666666665,4,0,0,0,0,0,0,0,0,0,0.25,0.5,0.0,1.0,0.0,0.0
CUST004330,21,20516.96,976.9980952380952,6826.3,1749.3381006958575,4,10,0,21,21,4,7,35.23809523809524,55,2.761904761904762,4,0,0,0,0,0,0,0,0,0,0.19047619047619047,0.47619047619047616,0.0,1.0,0.0,0.0
CUST004331,18,14939.66,829.9811111111111,4752.09,1201.2631621603148,5,12,0,18,18,7,5,34.72222222222222,40,2.9444444444444446,4,0,0,0,0,0,0,0,0,0,0.2777777777777778,0.6666666666666666,0.0,1.0,0.0,0.0
CUST004332,28,14910.22,532.5078571428571,3919.95,768.1357099394136,6,14,0,28,28,8,8,33.57142857142857,40,2.7142857142857144,4,0,0,0,0,0,0,0,0,0,0.21428571428571427,0.5,0.0,1.0,0.0,0.0
CUST004333,22,19364.4,880.2,3358.38,1054.1172034682002,3,10,0,22,22,4,8,32.95454545454545,35,2.590909090909091,3,0,0,0,0,0,0,0,0,0,0.13636363636363635,0.45454545454545453,0.0,1.0,0.0,0.0
CUST004334,25,10607.01,424.2804,1694.02,399.11405789865796,2,12,0,25,25,6,6,32.8,35,2.56,3,0,0,0,0,0,0,0,0,0,0.08,0.48,0.0,1.0,0.0,0.0
CUST004335,22,22081.71,1003.7140909090908,4521.45,1332.3926241938887,5,11,0,22,22,5,6,33.63636363636363,40,2.727272727272727,4,0,0,0,0,0,0,0,0,0,0.22727272727272727,0.5,0.0,1.0,0.0,0.0
CUST004336,28,21601.12,771.4685714285714,4428.2,1027.9248330161192,9,14,0,28,28,6,7,34.107142857142854,40,2.8214285714285716,4,0,0,0,0,0,0,0,0,0,0.32142857142857145,0.5,0.0,1.0,0.0,0.0
CUST004337,21,11235.23,535.0109523809524,2818.87,625.890210803019,3,12,0,21,21,5,7,33.57142857142857,40,2.7142857142857144,4,0,0,0,0,0,0,0,0,0,0.14285714285714285,0.5714285714285714,0.0,1.0,0.0,0.0
CUST004338,19,30391.449999999997,1599.55,9101.06,2636.3889000255213,2,8,0,19,19,4,5,37.10526315789474,85,2.789473684210526,6,0,0,0,2,0,0,0,0,0,0.10526315789473684,0.42105263157894735,0.0,1.0,0.10526315789473684,0.0
CUST004339,16,9496.05,593.503125,2063.0,563.344050762572,3,6,0,16,16,5,5,32.8125,40,2.5625,4,0,0,0,0,0,0,0,0,0,0.1875,0.375,0.0,1.0,0.0,0.0
CUST004340,17,13072.17,768.9511764705883,2409.6,692.6494664319965,3,7,0,17,17,5,6,32.94117647058823,40,2.588235294117647,4,0,0,0,0,0,0,0,0,0,0.17647058823529413,0.4117647058823529,0.0,1.0,0.0,0.0
CUST004341,17,10268.06,604.0035294117647,3739.61,989.5538095900923,5,9,0,17,17,5,6,34.11764705882353,40,2.823529411764706,4,0,0,0,0,0,0,0,0,0,0.29411764705882354,0.5294117647058824,0.0,1.0,0.0,0.0
CUST004342,33,27637.48,837.4993939393939,12275.96,2163.312810361604,5,15,0,33,33,7,7,33.63636363636363,50,2.6363636363636362,4,0,0,0,0,0,0,0,0,0,0.15151515151515152,0.45454545454545453,0.0,1.0,0.0,0.0
CUST004343,25,20076.27,803.0508,3817.8,972.1659837999202,6,10,0,25,25,6,6,33.2,40,2.64,4,0,0,0,0,0,0,0,0,0,0.24,0.4,0.0,1.0,0.0,0.0
CUST004344,22,21064.989999999998,957.4995454545453,9252.58,1993.7897140740301,5,11,0,22,22,6,4,35.90909090909091,80,2.8636363636363638,5,0,0,0,1,0,0,0,0,0,0.22727272727272727,0.5,0.0,1.0,0.045454545454545456,0.0
CUST004345,21,12972.71,617.7480952380952,3275.2,802.5402481908247,7,11,0,21,21,3,8,34.285714285714285,40,2.857142857142857,4,0,0,0,0,0,0,0,0,0,0.3333333333333333,0.5238095238095238,0.0,1.0,0.0,0.0
CUST004346,23,16797.07,730.3073913043478,2106.64,584.8742978096574,4,10,0,23,23,6,5,33.04347826086956,40,2.608695652173913,4,0,0,0,0,0,0,0,0,0,0.17391304347826086,0.43478260869565216,0.0,1.0,0.0,0.0
CUST004347,20,17518.77,875.9385,5126.87,1185.607389547764,6,14,0,20,20,9,7,36.0,55,3.05,4,0,0,0,0,0,0,0,0,0,0.3,0.7,0.0,1.0,0.0,0.0
CUST004348,27,21164.3,783.8629629629629,2563.84,720.5777144166756,3,16,0,27,27,7,6,33.51851851851852,40,2.7037037037037037,4,0,0,0,0,0,0,0,0,0,0.1111111111111111,0.5925925925925926,0.0,1.0,0.0,0.0
CUST004349,19,16874.16,888.1136842105263,8036.1,1864.7791352543918,4,13,0,19,19,3,7,36.31578947368421,75,3.0,6,0,0,0,1,0,0,0,0,0,0.21052631578947367,0.6842105263157895,0.0,1.0,0.05263157894736842,0.0
CUST004350,20,15731.94,786.597,5857.78,1257.2726777186776,4,9,0,20,20,6,5,34.25,55,2.7,4,0,0,0,0,0,0,0,0,0,0.2,0.45,0.0,1.0,0.0,0.0
CUST004351,15,12748.5,849.9,5316.25,1368.5204437170198,5,9,0,15,15,4,5,36.0,50,3.0,4,0,0,0,0,0,0,0,0,0,0.3333333333333333,0.6,0.0,1.0,0.0,0.0
CUST004352,23,15435.08,671.0904347826087,4067.97,1063.7461336260394,1,14,0,23,23,6,7,33.26086956521739,35,2.652173913043478,3,0,0,0,0,0,0,0,0,0,0.043478260869565216,0.6086956521739131,0.0,1.0,0.0,0.0
CUST004353,29,31605.3,1089.8379310344828,8994.31,2121.08726333484,4,14,0,29,29,7,6,35.0,70,2.7241379310344827,5,0,0,0,1,0,0,0,0,0,0.13793103448275862,0.4827586206896552,0.0,1.0,0.034482758620689655,0.0
CUST004354,21,13147.779999999999,626.0847619047619,2897.93,650.5339456371131,8,14,0,21,21,6,7,35.23809523809524,40,3.0476190476190474,4,0,0,0,0,0,0,0,0,0,0.38095238095238093,0.6666666666666666,0.0,1.0,0.0,0.0
CUST004355,28,25632.16,915.4342857142857,4168.7,1042.0027454589147,3,11,0,28,28,3,9,32.5,40,2.5,4,0,0,0,0,0,0,0,0,0,0.10714285714285714,0.39285714285714285,0.0,1.0,0.0,0.0
CUST004356,18,3889.91,216.1061111111111,705.41,228.01597284449662,1,12,0,18,18,7,7,48.611111111111114,55,3.7222222222222223,5,0,0,1,0,0,0,0,0,0,0.05555555555555555,0.6666666666666666,0.0,1.0,0.0,0.0
CUST004357,29,28344.6,977.4,7508.29,1510.894987830061,6,12,0,29,29,8,7,33.793103448275865,55,2.6551724137931036,4,0,0,0,0,0,0,0,0,0,0.20689655172413793,0.41379310344827586,0.0,1.0,0.0,0.0
CUST004358,24,11710.37,487.93208333333337,2869.03,681.9316342374301,4,8,0,24,24,5,6,32.5,40,2.5,4,0,0,0,0,0,0,0,0,0,0.16666666666666666,0.3333333333333333,0.0,1.0,0.0,0.0
CUST004359,16,10886.33,680.395625,4334.83,1034.411412330502,2,6,0,16,16,4,3,32.5,35,2.5,3,0,0,0,0,0,0,0,0,0,0.125,0.375,0.0,1.0,0.0,0.0
CUST004360,28,22519.54,804.2692857142857,5310.66,1064.3494701109203,6,12,0,28,28,6,5,33.92857142857143,50,2.6785714285714284,4,0,0,0,0,0,0,0,0,0,0.21428571428571427,0.42857142857142855,0.0,1.0,0.0,0.0
CUST004361,32,32182.620000000003,1005.7068750000001,7403.83,1518.9872089236928,5,16,0,32,32,9,8,33.90625,55,2.6875,4,0,0,0,0,0,0,0,0,0,0.15625,0.5,0.0,1.0,0.0,0.0
CUST004362,25,19579.27,783.1708,5076.69,1220.8002487539338,1,16,0,25,25,6,8,34.2,55,2.72,4,0,0,0,0,0,0,0,0,0,0.04,0.64,0.0,1.0,0.0,0.0
CUST004363,18,13971.07,776.1705555555556,3770.84,908.66699086514,3,10,0,18,18,4,8,33.611111111111114,40,2.7222222222222223,4,0,0,0,0,0,0,0,0,0,0.16666666666666666,0.5555555555555556,0.0,1.0,0.0,0.0
CUST004364,35,27246.38,778.4680000000001,3156.93,782.9609989302676,5,17,0,35,35,7,9,33.142857142857146,40,2.6285714285714286,4,0,0,0,0,0,0,0,0,0,0.14285714285714285,0.4857142857142857,0.0,1.0,0.0,0.0
CUST004365,19,19119.38,1006.2831578947369,6029.89,1586.1308755411799,2,9,0,19,19,5,7,33.94736842105263,50,2.6315789473684212,4,0,0,0,0,0,0,0,0,0,0.10526315789473684,0.47368421052631576,0.0,1.0,0.0,0.0
CUST004366,26,21946.24,844.0861538461539,7907.99,1518.769759986225,9,10,0,26,26,5,6,34.42307692307692,50,2.769230769230769,4,0,0,0,0,0,0,0,0,0,0.34615384615384615,0.38461538461538464,0.0,1.0,0.0,0.0
CUST004367,19,11849.43,623.6542105263158,3774.33,878.3997351137766,2,7,0,19,19,5,5,32.36842105263158,40,2.473684210526316,4,0,0,0,0,0,0,0,0,0,0.10526315789473684,0.3684210526315789,0.0,1.0,0.0,0.0
CUST004368,21,23290.32,1109.0628571428572,10981.58,2444.2254032067967,3,8,0,21,21,4,5,33.57142857142857,50,2.5714285714285716,4,0,0,0,0,0,0,0,0,0,0.14285714285714285,0.38095238095238093,0.0,1.0,0.0,0.0
CUST004369,21,10803.5,514.452380952381,1824.89,473.46096916118404,4,12,0,21,21,9,5,33.80952380952381,40,2.761904761904762,4,0,0,0,0,0,0,0,0,0,0.19047619047619047,0.5714285714285714,0.0,1.0,0.0,0.0
CUST004370,27,19438.93,719.9603703703704,3179.6,832.6886839005389,7,12,0,27,27,7,6,33.51851851851852,40,2.7037037037037037,4,0,0,0,0,0,0,0,0,0,0.25925925925925924,0.4444444444444444,0.0,1.0,0.0,0.0
CUST004371,22,11593.49,526.9768181818182,2455.26,560.7584033583563,4,14,0,22,22,7,5,34.09090909090909,40,2.8181818181818183,4,0,0,0,0,0,0,0,0,0,0.18181818181818182,0.6363636363636364,0.0,1.0,0.0,0.0
CUST004372,25,12607.74,504.3096,2282.47,524.7400330360421,6,10,0,25,25,6,4,33.2,40,2.64,4,0,0,0,0,0,0,0,0,0,0.24,0.4,0.0,1.0,0.0,0.0
CUST004373,20,19408.89,970.4445,2951.67,963.7673272248093,1,11,0,20,20,5,8,33.0,35,2.6,3,0,0,0,0,0,0,0,0,0,0.05,0.55,0.0,1.0,0.0,0.0
CUST004374,25,9221.95,368.87800000000004,2152.21,447.207051860023,3,14,0,25,25,9,7,33.4,40,2.68,4,0,0,0,0,0,0,0,0,0,0.12,0.56,0.0,1.0,0.0,0.0
CUST004375,21,20646.949999999997,983.1880952380951,11011.8,2340.4902617905054,4,7,0,21,21,5,3,33.57142857142857,50,2.5714285714285716,4,0,0,0,0,0,0,0,0,0,0.19047619047619047,0.3333333333333333,0.0,1.0,0.0,0.0
CUST004376,26,13162.46,506.2484615384615,1515.4,421.11633084165527,4,12,0,26,25,7,5,33.07692307692308,40,2.6153846153846154,4,0,0,0,0,0,0,0,0,0,0.15384615384615385,0.46153846153846156,0.0,1.0,0.0,0.0
CUST004377,22,12513.71,568.805,2453.08,579.1015290681312,0,9,0,22,22,7,3,32.04545454545455,35,2.409090909090909,3,0,0,0,0,0,0,0,0,0,0.0,0.4090909090909091,0.0,1.0,0.0,0.0
CUST004378,26,12248.08,471.08,1628.3,492.40285228255937,5,13,0,26,26,3,8,33.46153846153846,40,2.6923076923076925,4,0,0,0,0,0,0,0,0,0,0.19230769230769232,0.5,0.0,1.0,0.0,0.0
CUST004379,21,11507.0,547.952380952381,2369.93,699.517100254917,8,7,0,21,21,5,5,33.57142857142857,40,2.7142857142857144,4,0,0,0,0,0,0,0,0,0,0.38095238095238093,0.3333333333333333,0.0,1.0,0.0,0.0
CUST004380,18,9587.5,532.6388888888889,3150.73,758.4723222984544,5,10,0,18,18,5,7,34.166666666666664,40,2.8333333333333335,4,0,0,0,0,0,0,0,0,0,0.2777777777777778,0.5555555555555556,0.0,1.0,0.0,0.0
CUST004381,28,22699.28,810.6885714285714,4968.62,1155.382353046478,4,14,0,28,28,6,6,33.214285714285715,40,2.642857142857143,4,0,0,0,0,0,0,0,0,0,0.14285714285714285,0.5,0.0,1.0,0.0,0.0
CUST004382,21,25202.39,1200.1138095238096,3978.57,1038.1383249908279,4,12,0,21,21,7,5,33.80952380952381,40,2.761904761904762,4,0,0,0,0,0,0,0,0,0,0.19047619047619047,0.5714285714285714,0.0,1.0,0.0,0.0
CUST004383,16,11292.07,705.754375,3305.58,891.8096267699646,5,5,0,16,16,3,3,43.125,50,3.625,5,1,0,0,0,0,0,0,0,0,0.3125,0.3125,0.0,1.0,0.0,0.0
CUST004384,37,27910.73,754.344054054054,4042.8,919.8055024824527,6,17,0,37,37,7,10,33.108108108108105,40,2.6216216216216215,4,0,0,0,0,0,0,0,0,0,0.16216216216216217,0.4594594594594595,0.0,1.0,0.0,0.0
CUST004385,23,10238.16,445.13739130434783,2302.17,547.2143256300071,3,13,0,23,22,5,7,33.47826086956522,40,2.6956521739130435,4,0,0,0,0,0,0,0,0,0,0.13043478260869565,0.5652173913043478,0.0,1.0,0.0,0.0
CUST004386,19,9965.31,524.49,1223.01,440.7314838613945,3,13,0,19,19,3,6,34.21052631578947,40,2.8421052631578947,4,0,0,0,0,0,0,0,0,0,0.15789473684210525,0.6842105263157895,0.0,1.0,0.0,0.0
CUST004387,30,25850.15,861.6716666666667,6299.48,1286.4022703919409,5,10,0,30,30,7,5,33.166666666666664,50,2.533333333333333,4,0,0,0,0,0,0,0,0,0,0.16666666666666666,0.3333333333333333,0.0,1.0,0.0,0.0
CUST004388,28,18895.42,674.8364285714285,3957.6,850.2091562982836,8,15,0,28,28,7,6,34.107142857142854,40,2.8214285714285716,4,0,0,0,0,0,0,0,0,0,0.2857142857142857,0.5357142857142857,0.0,1.0,0.0,0.0
CUST004389,24,18333.86,763.9108333333334,3357.8,750.9328270017503,7,9,0,24,24,5,7,33.333333333333336,40,2.6666666666666665,4,0,0,0,0,0,0,0,0,0,0.2916666666666667,0.375,0.0,1.0,0.0,0.0
CUST004390,15,12119.43,807.962,4816.76,1241.4586691883292,4,7,0,15,14,4,4,33.666666666666664,40,2.7333333333333334,4,0,0,0,0,0,0,0,0,0,0.26666666666666666,0.4666666666666667,0.0,1.0,0.0,0.0
CUST004391,27,13973.84,517.5496296296296,2755.94,647.5336110402151,6,13,0,27,27,4,7,33.51851851851852,40,2.7037037037037037,4,0,0,0,0,0,0,0,0,0,0.2222222222222222,0.48148148148148145,0.0,1.0,0.0,0.0
CUST004392,22,19814.059999999998,900.6390909090908,6165.66,1508.460492712794,3,8,0,22,22,4,4,33.40909090909091,50,2.5454545454545454,4,0,0,0,0,0,0,0,0,0,0.13636363636363635,0.36363636363636365,0.0,1.0,0.0,0.0
CUST004393,19,14899.710000000001,784.1952631578948,5179.31,1270.392696331722,2,7,0,19,18,5,4,33.421052631578945,50,2.526315789473684,4,0,0,0,0,0,0,0,0,0,0.10526315789473684,0.3684210526315789,0.0,1.0,0.0,0.0
CUST004394,20,14878.43,743.9215,7370.89,1590.2057681758474,2,9,0,20,20,4,7,33.75,55,2.6,4,0,0,0,0,0,0,0,0,0,0.1,0.45,0.0,1.0,0.0,0.0
CUST004395,19,13987.59,736.188947368421,2981.66,919.8433011895422,2,8,0,19,19,4,5,32.63157894736842,35,2.526315789473684,3,0,0,0,0,0,0,0,0,0,0.10526315789473684,0.42105263157894735,0.0,1.0,0.0,0.0
CUST004396,22,20038.86,910.8572727272727,3778.18,1007.7932660506168,5,17,0,22,22,9,7,35.0,40,3.0,4,0,0,0,0,0,0,0,0,0,0.22727272727272727,0.7727272727272727,0.0,1.0,0.0,0.0
CUST004397,25,18391.88,735.6752,2799.71,758.1081356910767,4,14,0,25,25,7,6,33.6,40,2.72,4,0,0,0,0,0,0,0,0,0,0.16,0.56,0.0,1.0,0.0,0.0
CUST004398,26,13371.05,514.2711538461538,2721.61,747.2728558984431,4,16,0,26,26,8,7,33.84615384615385,40,2.769230769230769,4,0,0,0,0,0,0,0,0,0,0.15384615384615385,0.6153846153846154,0.0,1.0,0.0,0.0
CUST004399,18,10305.25,572.5138888888889,2288.57,575.3615701057686,2,6,0,18,18,4,4,32.22222222222222,35,2.4444444444444446,3,0,0,0,0,0,0,0,0,0,0.1111111111111111,0.3333333333333333,0.0,1.0,0.0,0.0
CUST004400,21,8141.34,387.68285714285713,1340.44,366.4657220961172,2,11,0,21,21,6,5,33.095238095238095,40,2.619047619047619,4,0,0,0,0,0,0,0,0,0,0.09523809523809523,0.5238095238095238,0.0,1.0,0.0,0.0
CUST004401,27,15998.699999999999,592.5444444444444,3722.79,763.6078529854349,4,11,0,27,26,5,5,32.77777777777778,40,2.5555555555555554,4,0,0,0,0,0,0,0,0,0,0.14814814814814814,0.4074074074074074,0.0,1.0,0.0,0.0
CUST004402,21,17836.67,849.365238095238,3071.67,792.2265964774161,6,11,0,21,21,7,8,34.04761904761905,40,2.8095238095238093,4,0,0,0,0,0,0,0,0,0,0.2857142857142857,0.5238095238095238,0.0,1.0,0.0,0.0
CUST004403,28,18471.76,659.7057142857142,2411.09,637.4996173386131,4,13,0,28,28,6,10,33.035714285714285,40,2.607142857142857,4,0,0,0,0,0,0,0,0,0,0.14285714285714285,0.4642857142857143,0.0,1.0,0.0,0.0
CUST004404,24,26587.11,1107.79625,9238.84,1935.8496096227698,2,12,0,24,24,7,6,34.375,70,2.6666666666666665,5,0,0,0,1,0,0,0,0,0,0.08333333333333333,0.5,0.0,1.0,0.041666666666666664,0.0
CUST004405,23,11190.2,486.5304347826087,1677.56,506.7345711736368,1,11,0,23,23,8,4,32.608695652173914,35,2.5217391304347827,3,0,0,0,0,0,0,0,0,0,0.043478260869565216,0.4782608695652174,0.0,1.0,0.0,0.0
CUST004406,22,14437.34,656.2427272727273,3452.69,960.4935024503552,2,11,0,22,22,4,6,32.95454545454545,40,2.590909090909091,4,0,0,0,0,0,0,0,0,0,0.09090909090909091,0.5,0.0,1.0,0.0,0.0
CUST004407,36,32226.47,895.1797222222223,4877.25,1010.8175406626802,2,19,0,36,36,8,7,32.916666666666664,40,2.5833333333333335,4,0,0,0,0,0,0,0,0,0,0.05555555555555555,0.5277777777777778,0.0,1.0,0.0,0.0
CUST004408,22,10306.01,468.455,1886.51,497.0050931208806,3,8,0,22,22,5,4,32.5,40,2.5,4,0,0,0,0,0,0,0,0,0,0.13636363636363635,0.36363636363636365,0.0,1.0,0.0,0.0
CUST004409,19,9995.35,526.0710526315789,2437.61,604.1901487197069,4,10,0,19,19,5,6,33.68421052631579,40,2.736842105263158,4,0,0,0,0,0,0,0,0,0,0.21052631578947367,0.5263157894736842,0.0,1.0,0.0,0.0
CUST004410,42,27341.63,650.9911904761905,3047.07,739.9610341659309,8,20,0,42,42,8,8,33.333333333333336,40,2.6666666666666665,4,0,0,0,0,0,0,0,0,0,0.19047619047619047,0.47619047619047616,0.0,1.0,0.0,0.0
CUST004411,25,23079.83,923.1932,8105.51,1639.6828501921748,4,12,0,25,25,6,6,35.2,80,2.76,5,0,0,0,1,0,0,0,0,0,0.16,0.48,0.0,1.0,0.04,0.0
CUST004412,21,10745.15,511.6738095238095,1915.39,473.0953828296805,2,12,0,21,21,6,6,33.333333333333336,40,2.6666666666666665,4,0,0,0,0,0,0,0,0,0,0.09523809523809523,0.5714285714285714,0.0,1.0,0.0,0.0
CUST004413,20,14969.38,748.4689999999999,2690.67,658.8582080099673,4,10,0,20,20,5,4,33.5,40,2.7,4,0,0,0,0,0,0,0,0,0,0.2,0.5,0.0,1.0,0.0,0.0
CUST004414,22,22376.100000000002,1017.0954545454547,8012.97,1779.5176732948823,1,15,0,22,22,6,9,35.22727272727273,70,2.8181818181818183,5,0,0,0,1,0,0,0,0,0,0.045454545454545456,0.6818181818181818,0.0,1.0,0.045454545454545456,0.0
CUST004415,28,35356.22,1262.722142857143,19610.63,3662.450624189337,3,16,0,28,28,6,8,34.107142857142854,50,2.7142857142857144,4,0,0,0,0,0,0,0,0,0,0.10714285714285714,0.5714285714285714,0.0,1.0,0.0,0.0
CUST004416,23,7696.0,334.60869565217394,1372.17,368.15357915986823,2,12,0,23,23,5,6,43.04347826086956,50,3.608695652173913,5,1,0,0,0,0,0,0,0,0,0.08695652173913043,0.5217391304347826,0.0,1.0,0.0,0.0
CUST004417,35,26486.9,756.7685714285715,6798.84,1214.7487364814147,7,14,0,35,35,6,8,33.57142857142857,55,2.6285714285714286,4,0,0,0,0,0,1,0,0,0,0.2,0.4,0.0,1.0,0.0,0.0
CUST004418,23,14112.720000000001,613.5965217391305,4518.6,1202.9968448821646,4,11,0,23,23,7,7,33.26086956521739,40,2.652173913043478,4,0,0,0,0,0,0,0,0,0,0.17391304347826086,0.4782608695652174,0.0,1.0,0.0,0.0
CUST004419,23,13243.35,575.7978260869565,2669.57,740.1344950502179,7,10,0,23,23,6,6,33.69565217391305,40,2.739130434782609,4,0,0,0,0,0,0,0,0,0,0.30434782608695654,0.43478260869565216,0.0,1.0,0.0,0.0
CUST004420,20,12637.94,631.897,2313.91,692.3884634562945,4,9,0,20,20,3,6,33.25,40,2.65,4,0,0,0,0,0,0,0,0,0,0.2,0.45,0.0,1.0,0.0,0.0
CUST004421,19,11760.19,618.9573684210527,2125.51,616.3741085560341,2,6,0,19,19,6,4,32.10526315789474,35,2.4210526315789473,3,0,0,0,0,0,0,0,0,0,0.10526315789473684,0.3157894736842105,0.0,1.0,0.0,0.0
CUST004422,17,11389.34,669.9611764705883,3168.39,956.3720725146826,5,9,0,17,17,5,4,34.11764705882353,40,2.823529411764706,4,0,0,0,0,0,0,0,0,0,0.29411764705882354,0.5294117647058824,0.0,1.0,0.0,0.0
CUST004423,15,22939.34,1529.2893333333334,5045.02,1714.0702927054183,2,8,0,15,15,4,6,34.666666666666664,55,2.7333333333333334,4,0,0,0,0,0,0,0,0,0,0.13333333333333333,0.5333333333333333,0.0,1.0,0.0,0.0
CUST004424,30,27418.41,913.947,9153.98,1703.1644013993885,4,10,0,30,30,7,7,49.0,95,3.566666666666667,6,0,0,1,1,0,0,0,0,0,0.13333333333333333,0.3333333333333333,0.0,1.0,0.03333333333333333,0.0
CUST004425,22,14348.359999999999,652.1981818181818,4763.91,1081.0189269900977,4,12,0,22,22,5,8,33.63636363636363,40,2.727272727272727,4,0,0,0,0,0,0,0,0,0,0.18181818181818182,0.5454545454545454,0.0,1.0,0.0,0.0
CUST004426,27,8106.35,300.2351851851852,1519.71,371.7818291104275,3,15,0,27,27,6,9,33.333333333333336,40,2.6666666666666665,4,0,0,0,0,0,0,0,0,0,0.1111111111111111,0.5555555555555556,0.0,1.0,0.0,0.0
CUST004427,19,20444.73,1076.0384210526315,5840.22,1561.2535450373887,2,8,0,19,18,4,6,33.68421052631579,50,2.5789473684210527,4,0,0,0,0,0,0,0,0,0,0.10526315789473684,0.42105263157894735,0.0,1.0,0.0,0.0
CUST004428,20,10386.57,519.3285,2327.41,623.4062046469929,3,12,0,20,20,6,4,33.75,40,2.75,4,0,0,0,0,0,0,0,0,0,0.15,0.6,0.0,1.0,0.0,0.0
CUST004429,26,15804.74,607.8746153846154,3083.11,716.7829112373189,2,16,0,26,26,6,9,33.46153846153846,40,2.6923076923076925,4,0,0,0,0,0,0,0,0,0,0.07692307692307693,0.6153846153846154,0.0,1.0,0.0,0.0
CUST004430,24,8864.03,369.33458333333334,1073.74,307.1396721360151,4,12,0,24,24,6,4,33.333333333333336,40,2.6666666666666665,4,0,0,0,0,0,0,0,0,0,0.16666666666666666,0.5,0.0,1.0,0.0,0.0
CUST004431,24,15511.35,646.30625,3403.77,908.3042264323618,3,10,0,24,24,7,5,32.708333333333336,35,2.5416666666666665,3,0,0,0,0,0,0,0,0,0,0.125,0.4166666666666667,0.0,1.0,0.0,0.0
CUST004432,30,13324.01,444.13366666666667,1880.06,434.5125887187361,4,14,0,30,30,8,8,33.0,40,2.6,4,0,0,0,0,0,0,0,0,0,0.13333333333333333,0.4666666666666667,0.0,1.0,0.0,0.0
CUST004433,24,27567.28,1148.6366666666665,13776.72,2754.287207670295,5,16,0,24,24,9,5,35.833333333333336,70,2.9583333333333335,5,0,0,0,0,0,0,0,0,0,0.20833333333333334,0.6666666666666666,0.0,1.0,0.0,0.0
CUST004434,24,22424.67,934.3612499999999,8173.9,1644.3179987811848,5,19,0,24,24,8,6,46.458333333333336,80,4.083333333333333,6,1,0,0,1,0,0,0,0,0,0.20833333333333334,0.7916666666666666,0.0,1.0,0.041666666666666664,0.0
CUST004435,20,9979.51,498.9755,3022.27,685.242505821076,2,6,0,20,20,4,5,92.25,100,4.45,6,1,1,0,0,0,0,0,0,0,0.1,0.3,0.0,1.0,0.0,0.0
CUST004436,21,9324.25,444.01190476190476,989.6,268.2735363881247,3,11,0,21,21,8,5,33.333333333333336,40,2.6666666666666665,4,0,0,0,0,0,0,0,0,0,0.14285714285714285,0.5238095238095238,0.0,1.0,0.0,0.0
CUST004437,22,12609.03,573.1377272727273,2448.95,620.8432037612182,5,10,0,22,22,4,5,33.40909090909091,35,2.6818181818181817,3,0,0,0,0,0,0,0,0,0,0.22727272727272727,0.45454545454545453,0.0,1.0,0.0,0.0
CUST004438,29,20607.72,710.6110344827587,3626.96,1022.5854246863853,1,11,0,29,29,6,6,32.06896551724138,35,2.413793103448276,3,0,0,0,0,0,0,0,0,0,0.034482758620689655,0.3793103448275862,0.0,1.0,0.0,0.0
CUST004439,18,10023.26,556.8477777777778,2018.59,566.5775808935982,2,10,0,18,18,5,7,33.333333333333336,40,2.6666666666666665,4,0,0,0,0,0,0,0,0,0,0.1111111111111111,0.5555555555555556,0.0,1.0,0.0,0.0
CUST004440,24,14051.53,585.4804166666667,2834.34,718.902872362549,1,15,0,24,24,5,7,33.333333333333336,40,2.6666666666666665,4,0,0,0,0,0,0,0,0,0,0.041666666666666664,0.625,0.0,1.0,0.0,0.0
CUST004441,30,12844.199999999999,428.14,2347.2,508.70863727135855,7,16,0,30,30,7,6,33.833333333333336,40,2.7666666666666666,4,0,0,0,0,0,0,0,0,0,0.23333333333333334,0.5333333333333333,0.0,1.0,0.0,0.0
CUST004442,22,24265.97,1102.9986363636365,5980.56,1540.8467549626744,4,9,0,22,22,7,5,34.77272727272727,55,2.6818181818181817,4,0,0,0,0,0,0,0,0,0,0.18181818181818182,0.4090909090909091,0.0,1.0,0.0,0.0
CUST004443,24,29116.63,1213.1929166666666,10343.43,2150.626485417233,3,15,0,24,23,7,8,34.583333333333336,50,2.7916666666666665,4,0,0,0,0,0,0,0,0,0,0.125,0.625,0.0,1.0,0.0,0.0
CUST004444,24,26560.829999999998,1106.7012499999998,4684.48,1312.5443117035425,2,12,0,24,24,6,9,32.916666666666664,40,2.5833333333333335,4,0,0,0,0,0,0,0,0,0,0.08333333333333333,0.5,0.0,1.0,0.0,0.0
CUST004445,25,17209.69,688.3875999999999,2353.68,660.1635283604611,3,12,0,25,24,7,7,33.0,35,2.6,3,0,0,0,0,0,0,0,0,0,0.12,0.48,0.0,1.0,0.0,0.0
CUST004446,22,10223.99,464.72681818181815,2658.17,620.3708276843576,11,11,0,22,22,7,7,35.0,40,3.0,4,0,0,0,0,0,0,0,0,0,0.5,0.5,0.0,1.0,0.0,0.0
CUST004447,19,9754.99,513.4205263157895,3036.77,686.3356104015463,4,10,0,19,19,6,5,33.68421052631579,40,2.736842105263158,4,0,0,0,0,0,0,0,0,0,0.21052631578947367,0.5263157894736842,0.0,1.0,0.0,0.0
CUST004448,20,11315.52,565.7760000000001,2332.35,691.8191908629854,3,7,0,20,20,5,5,32.5,40,2.5,4,0,0,0,0,0,0,0,0,0,0.15,0.35,0.0,1.0,0.0,0.0
CUST004449,20,13125.53,656.2765,3931.93,914.2407165009431,1,10,0,20,20,6,7,32.75,35,2.55,3,0,0,0,0,0,0,0,0,0,0.05,0.5,0.0,1.0,0.0,0.0
CUST004450,22,12134.99,551.5904545454546,5093.67,1066.8847070949685,1,11,0,22,22,6,6,33.63636363636363,50,2.590909090909091,4,0,0,0,0,0,0,0,0,0,0.045454545454545456,0.5,0.0,1.0,0.0,0.0
CUST004451,31,31486.31,1015.6874193548388,13200.92,2386.1309348356776,8,14,0,31,31,5,10,34.67741935483871,75,2.774193548387097,6,0,0,0,0,0,0,0,0,0,0.25806451612903225,0.45161290322580644,0.0,1.0,0.0,0.0
CUST004452,15,18458.850000000002,1230.5900000000001,6560.27,1664.6357904744725,1,6,0,15,15,4,4,33.666666666666664,55,2.533333333333333,4,0,0,0,0,0,0,0,0,0,0.06666666666666667,0.4,0.0,1.0,0.0,0.0
CUST004453,22,20092.239999999998,913.2836363636362,6244.37,1452.2165030002059,6,8,0,22,22,5,6,34.09090909090909,50,2.6818181818181817,4,0,0,0,0,0,0,0,0,0,0.2727272727272727,0.36363636363636365,0.0,1.0,0.0,0.0
CUST004454,18,9613.92,534.1066666666667,2072.3,587.4631468691562,3,9,0,18,18,4,6,33.333333333333336,40,2.6666666666666665,4,0,0,0,0,0,0,0,0,0,0.16666666666666666,0.5,0.0,1.0,0.0,0.0
CUST004455,23,19770.91,859.6047826086957,5372.96,1253.558031527821,5,13,0,23,23,5,7,34.78260869565217,55,2.8260869565217392,4,0,0,0,0,0,0,0,0,0,0.21739130434782608,0.5652173913043478,0.0,1.0,0.0,0.0
CUST004456,21,12450.92,592.9009523809524,3097.71,753.1080334713257,2,10,0,21,21,6,5,32.857142857142854,40,2.5714285714285716,4,0,0,0,0,0,0,0,0,0,0.09523809523809523,0.47619047619047616,0.0,1.0,0.0,0.0
CUST004457,20,12601.21,630.0604999999999,2513.33,695.2520081575495,0,10,0,20,20,4,7,32.5,35,2.5,3,0,0,0,0,0,0,0,0,0,0.0,0.5,0.0,1.0,0.0,0.0
CUST004458,24,11940.61,497.5254166666667,2385.41,531.6323760790636,2,12,0,24,24,9,6,32.916666666666664,35,2.5833333333333335,3,0,0,0,0,0,0,0,0,0,0.08333333333333333,0.5,0.0,1.0,0.0,0.0
CUST004459,16,9941.17,621.323125,5845.6,1403.5811101261363,3,9,0,16,16,4,5,35.9375,65,2.875,4,0,0,0,0,0,0,0,0,0,0.1875,0.5625,0.0,1.0,0.0,0.0
CUST004460,36,31223.66,867.3238888888889,10117.38,1787.4726002763593,7,23,0,36,36,9,8,35.138888888888886,70,2.888888888888889,5,0,0,0,0,0,0,0,0,0,0.19444444444444445,0.6388888888888888,0.0,1.0,0.0,0.0
CUST004461,24,47332.26,1972.1775,27317.57,5510.004164592642,3,10,0,24,24,5,4,34.583333333333336,80,2.6666666666666665,6,0,0,0,0,0,0,0,0,0,0.125,0.4166666666666667,0.0,1.0,0.0,0.0
CUST004462,28,35600.68,1271.452857142857,12703.4,2550.3053614389255,8,14,0,28,28,7,7,35.892857142857146,70,2.892857142857143,5,0,0,0,0,0,0,0,0,0,0.2857142857142857,0.5,0.0,1.0,0.0,0.0
CUST004463,18,12620.75,701.1527777777778,4327.57,1117.771855706466,6,5,0,18,18,3,4,33.05555555555556,40,2.611111111111111,4,0,0,0,0,0,0,0,0,0,0.3333333333333333,0.2777777777777778,0.0,1.0,0.0,0.0
CUST004464,12,8524.15,710.3458333333333,2757.05,790.4696261137003,3,7,0,12,12,3,6,34.166666666666664,40,2.8333333333333335,4,0,0,0,0,0,0,0,0,0,0.25,0.5833333333333334,0.0,1.0,0.0,0.0
CUST004465,27,12127.880000000001,449.18074074074076,2300.46,566.967286038526,6,14,0,27,27,7,8,33.7037037037037,40,2.740740740740741,4,0,0,0,0,0,0,0,0,0,0.2222222222222222,0.5185185185185185,0.0,1.0,0.0,0.0
CUST004466,29,18268.85,629.9603448275861,3227.13,685.3377664724513,4,15,0,29,29,8,7,33.275862068965516,40,2.6551724137931036,4,0,0,0,0,0,0,0,0,0,0.13793103448275862,0.5172413793103449,0.0,1.0,0.0,0.0
CUST004467,28,16008.17,571.7203571428571,2163.41,599.0476004427061,3,11,0,28,27,7,5,32.5,40,2.5,4,0,0,0,0,0,0,0,0,0,0.10714285714285714,0.39285714285714285,0.0,1.0,0.0,0.0
CUST004468,28,17475.09,624.1103571428572,3059.06,779.7460983930134,3,11,0,28,28,9,3,32.5,35,2.5,3,0,0,0,0,0,0,0,0,0,0.10714285714285714,0.39285714285714285,0.0,1.0,0.0,0.0
CUST004469,28,17741.52,633.6257142857143,4340.43,822.1966108492928,4,16,0,28,28,7,7,33.57142857142857,40,2.7142857142857144,4,0,0,0,0,0,0,0,0,0,0.14285714285714285,0.5714285714285714,0.0,1.0,0.0,0.0
CUST004470,22,13915.72,632.5327272727272,2457.95,526.044885919188,3,12,0,22,22,8,4,33.40909090909091,40,2.6818181818181817,4,0,0,0,0,0,0,0,0,0,0.13636363636363635,0.5454545454545454,0.0,1.0,0.0,0.0
CUST004471,24,13043.53,543.4804166666667,3635.95,829.354359059578,7,14,0,24,24,8,7,34.375,40,2.875,4,0,0,0,0,0,0,0,0,0,0.2916666666666667,0.5833333333333334,0.0,1.0,0.0,0.0
CUST004472,24,12239.77,509.9904166666667,2425.06,572.704409640399,6,13,0,24,24,7,6,33.958333333333336,40,2.7916666666666665,4,0,0,0,0,0,0,0,0,0,0.25,0.5416666666666666,0.0,1.0,0.0,0.0
CUST004473,28,15461.92,552.2114285714285,5862.76,1120.0521951122018,6,11,0,28,28,6,6,33.75,55,2.642857142857143,4,0,0,0,0,0,0,0,0,0,0.21428571428571427,0.39285714285714285,0.0,1.0,0.0,0.0
CUST004474,18,25984.28,1443.5711111111111,12410.1,2843.5073776337413,3,7,0,18,18,3,7,33.888888888888886,55,2.611111111111111,4,0,0,0,0,0,0,0,0,0,0.16666666666666666,0.3888888888888889,0.0,1.0,0.0,0.0
CUST004475,25,8636.65,345.466,1074.89,290.74318290947656,5,19,0,25,25,9,8,34.8,40,2.96,4,0,0,0,0,0,0,0,0,0,0.2,0.76,0.0,1.0,0.0,0.0
CUST004476,28,24914.96,889.8199999999999,7572.33,1552.4091794464596,8,15,0,28,28,7,8,34.82142857142857,50,2.857142857142857,4,0,0,0,0,0,0,0,0,0,0.2857142857142857,0.5357142857142857,0.0,1.0,0.0,0.0
CUST004477,17,5588.21,328.7182352941177,1495.37,426.6621681324009,1,7,0,17,17,4,3,32.35294117647059,35,2.4705882352941178,3,0,0,0,0,0,0,0,0,0,0.058823529411764705,0.4117647058823529,0.0,1.0,0.0,0.0
CUST004478,27,27003.98,1000.1474074074074,6367.43,1528.7872810514086,3,11,0,27,27,7,4,34.074074074074076,55,2.5925925925925926,4,0,0,0,0,0,0,0,0,0,0.1111111111111111,0.4074074074074074,0.0,1.0,0.0,0.0
CUST004479,21,14725.99,701.2376190476191,3788.41,1038.437121557703,1,10,0,21,21,6,7,32.61904761904762,35,2.5238095238095237,3,0,0,0,0,0,0,0,0,0,0.047619047619047616,0.47619047619047616,0.0,1.0,0.0,0.0
CUST004480,24,13707.050000000001,571.1270833333334,3662.76,898.6878564279832,5,7,0,24,24,3,6,32.5,40,2.5,4,0,0,0,0,0,0,0,0,0,0.20833333333333334,0.2916666666666667,0.0,1.0,0.0,0.0
CUST004481,21,16912.43,805.3538095238096,7165.4,1509.0922598452228,5,12,0,21,21,9,5,35.0,55,2.857142857142857,4,0,0,0,0,0,0,0,0,0,0.23809523809523808,0.5714285714285714,0.0,1.0,0.0,0.0
CUST004482,27,19265.14,713.5237037037036,8347.58,1713.471307524241,2,12,0,27,27,8,5,35.0,80,2.6666666666666665,5,0,0,0,1,0,0,0,0,0,0.07407407407407407,0.4444444444444444,0.0,1.0,0.037037037037037035,0.0
CUST004483,31,18208.85,587.3822580645161,3387.46,766.9553229130959,10,18,0,31,31,7,9,34.516129032258064,40,2.903225806451613,4,0,0,0,0,0,0,0,0,0,0.3225806451612903,0.5806451612903226,0.0,1.0,0.0,0.0
CUST004484,21,15921.890000000001,758.1852380952381,7323.26,1567.9957439821676,5,13,0,21,21,7,6,35.23809523809524,55,2.9047619047619047,4,0,0,0,0,0,0,0,0,0,0.23809523809523808,0.6190476190476191,0.0,1.0,0.0,0.0
CUST004485,24,30861.11,1285.8795833333334,14492.14,3063.0500901090736,4,12,0,24,24,7,8,35.625,65,2.7916666666666665,5,0,0,0,0,0,0,0,0,0,0.16666666666666666,0.5,0.0,1.0,0.0,0.0
CUST004486,19,9739.27,512.5931578947369,2309.38,522.5163203304714,3,7,0,19,19,5,6,32.63157894736842,35,2.526315789473684,3,0,0,0,0,0,0,0,0,0,0.15789473684210525,0.3684210526315789,0.0,1.0,0.0,0.0
CUST004487,16,7047.94,440.49625,910.99,306.63162106725605,2,7,0,16,16,4,3,32.8125,35,2.5625,3,0,0,0,0,0,0,0,0,0,0.125,0.4375,0.0,1.0,0.0,0.0
CUST004488,23,7567.16,329.00695652173914,920.18,305.02382248895043,3,12,0,23,23,6,7,33.26086956521739,40,2.652173913043478,4,0,0,0,0,0,0,0,0,0,0.13043478260869565,0.5217391304347826,0.0,1.0,0.0,0.0
CUST004489,27,33233.7,1230.8777777777777,14236.78,2847.001051135054,4,12,0,27,27,7,5,35.0,70,2.7037037037037037,5,0,0,0,0,0,0,0,0,0,0.14814814814814814,0.4444444444444444,0.0,1.0,0.0,0.0
CUST004490,29,17008.12,586.4868965517242,3330.33,714.0840493802605,2,15,0,29,29,7,8,32.93103448275862,40,2.586206896551724,4,0,0,0,0,0,0,0,0,0,0.06896551724137931,0.5172413793103449,0.0,1.0,0.0,0.0
CUST004491,27,17870.59,661.8737037037037,2402.51,635.2760112747369,4,20,0,27,27,8,7,34.44444444444444,40,2.888888888888889,4,0,0,0,0,0,0,0,0,0,0.14814814814814814,0.7407407407407407,0.0,1.0,0.0,0.0
CUST004492,30,26996.3,899.8766666666667,5587.91,1253.5214083844603,4,7,0,30,30,4,4,32.5,50,2.4,4,0,0,0,0,0,0,0,0,0,0.13333333333333333,0.23333333333333334,0.0,1.0,0.0,0.0
CUST004493,27,17785.29,658.7144444444444,7544.18,1438.8362692770781,4,13,0,27,27,4,9,33.888888888888886,55,2.6666666666666665,4,0,0,0,0,0,0,0,0,0,0.14814814814814814,0.48148148148148145,0.0,1.0,0.0,0.0
CUST004494,23,17151.3,745.7086956521739,4644.97,1021.3453430838811,6,12,0,23,23,7,5,33.91304347826087,40,2.782608695652174,4,0,0,0,0,0,0,0,0,0,0.2608695652173913,0.5217391304347826,0.0,1.0,0.0,0.0
CUST004495,24,16522.72,688.4466666666667,4784.32,1012.9184457092147,6,10,0,24,24,9,4,33.333333333333336,40,2.6666666666666665,4,0,0,0,0,0,0,0,0,0,0.25,0.4166666666666667,0.0,1.0,0.0,0.0
CUST004496,25,16883.24,675.3296,5625.35,1150.0866852092788,6,13,0,25,25,8,6,35.2,75,2.84,6,0,0,0,0,0,0,0,0,0,0.24,0.52,0.0,1.0,0.0,0.0
CUST004497,28,15648.17,558.8632142857143,3694.7,854.6628038136554,4,13,0,28,28,7,7,33.035714285714285,35,2.607142857142857,3,0,0,0,0,0,0,0,0,0,0.14285714285714285,0.4642857142857143,0.0,1.0,0.0,0.0
CUST004498,22,11433.84,519.72,2883.4,644.6904956053017,2,13,0,22,22,6,8,33.40909090909091,40,2.6818181818181817,4,0,0,0,0,0,0,0,0,0,0.09090909090909091,0.5909090909090909,0.0,1.0,0.0,0.0
CUST004499,18,6697.66,372.09222222222223,1475.3,386.0414674854252,7,12,0,18,18,6,6,35.27777777777778,40,3.0555555555555554,4,0,0,0,0,0,0,0,0,0,0.3888888888888889,0.6666666666666666,0.0,1.0,0.0,0.0
CUST004500,15,15760.740000000002,1050.7160000000001,4181.67,1174.99622767054,3,6,0,15,15,4,4,33.0,40,2.6,4,0,0,0,0,0,0,0,0,0,0.2,0.4,0.0,1.0,0.0,0.0
CUST004501,22,15387.76,699.4436363636364,7154.22,1477.5385701437165,7,13,0,22,22,8,6,35.45454545454545,50,2.9545454545454546,4,0,0,0,0,0,0,0,0,0,0.3181818181818182,0.5909090909090909,0.0,1.0,0.0,0.0
CUST004502,30,23349.37,778.3123333333333,5401.85,1102.5892283657415,13,16,0,30,29,7,6,35.5,55,3.0,4,0,0,0,0,0,0,0,0,0,0.43333333333333335,0.5333333333333333,0.0,1.0,0.0,0.0
CUST004503,21,9579.05,456.1452380952381,1857.68,521.3291264893902,6,9,0,21,21,5,6,33.57142857142857,40,2.7142857142857144,4,0,0,0,0,0,0,0,0,0,0.2857142857142857,0.42857142857142855,0.0,1.0,0.0,0.0
CUST004504,25,10746.21,429.84839999999997,1041.09,343.53485747058227,5,10,0,25,25,5,8,33.0,40,2.6,4,0,0,0,0,0,0,0,0,0,0.2,0.4,0.0,1.0,0.0,0.0
CUST004505,29,14579.91,502.7555172413793,3471.81,678.7072846205824,4,10,0,29,29,5,3,32.41379310344828,40,2.4827586206896552,4,0,0,0,0,0,0,0,0,0,0.13793103448275862,0.3448275862068966,0.0,1.0,0.0,0.0
CUST004506,19,14303.43,752.812105263158,5510.55,1248.414945020636,4,9,0,19,19,7,4,34.473684210526315,55,2.736842105263158,4,0,0,0,0,0,0,0,0,0,0.21052631578947367,0.47368421052631576,0.0,1.0,0.0,0.0
CUST004507,22,20096.74,913.4881818181819,6182.93,1510.4227117271835,3,7,0,22,22,3,7,33.18181818181818,55,2.5,4,0,0,0,0,0,0,0,0,0,0.13636363636363635,0.3181818181818182,0.0,1.0,0.0,0.0
CUST004508,21,18110.32,862.3961904761904,4228.22,1083.2452330034791,5,9,0,21,21,6,7,33.333333333333336,40,2.6666666666666665,4,0,0,0,0,0,0,0,0,0,0.23809523809523808,0.42857142857142855,0.0,1.0,0.0,0.0
CUST004509,23,19032.55,827.5021739130434,5903.79,1489.0023310957897,7,9,0,23,23,4,5,34.34782608695652,55,2.739130434782609,4,0,0,0,0,0,0,0,0,0,0.30434782608695654,0.391304347826087,0.0,1.0,0.0,0.0
CUST004510,28,25640.319999999996,915.7257142857142,8266.65,1927.4261372261283,7,13,0,28,28,5,7,35.535714285714285,70,2.8214285714285716,5,0,0,0,1,0,0,0,0,0,0.25,0.4642857142857143,0.0,1.0,0.03571428571428571,0.0
CUST004511,27,18166.78,672.8437037037037,3038.68,870.0354908373131,0,9,0,27,27,6,6,31.666666666666668,35,2.3333333333333335,3,0,0,0,0,0,0,0,0,0,0.0,0.3333333333333333,0.0,1.0,0.0,0.0
CUST004512,22,22433.13,1019.6877272727273,11414.34,2395.520369244648,3,10,0,22,22,6,3,34.54545454545455,65,2.6818181818181817,4,0,0,0,0,0,0,0,0,0,0.13636363636363635,0.45454545454545453,0.0,1.0,0.0,0.0
CUST004513,16,6571.62,410.72625,942.55,322.3166421988373,1,10,0,16,16,5,6,33.4375,35,2.6875,3,0,0,0,0,0,0,0,0,0,0.0625,0.625,0.0,1.0,0.0,0.0
CUST004514,23,13701.57,595.7204347826087,2048.01,580.4126331990674,8,14,0,23,23,7,5,34.78260869565217,40,2.9565217391304346,4,0,0,0,0,0,0,0,0,0,0.34782608695652173,0.6086956521739131,0.0,1.0,0.0,0.0
CUST004515,28,16080.08,574.2885714285715,2956.6,712.7372845207633,7,11,0,28,28,5,7,33.214285714285715,40,2.642857142857143,4,0,0,0,0,0,0,0,0,0,0.25,0.39285714285714285,0.0,1.0,0.0,0.0
CUST004516,20,20501.35,1025.0674999999999,6127.3,1598.1395432514482,3,12,0,20,19,8,4,34.75,55,2.8,4,0,0,0,0,0,0,0,0,0,0.15,0.6,0.0,1.0,0.0,0.0
CUST004517,29,15913.01,548.7244827586208,2740.24,621.6899602384857,7,12,0,29,29,4,8,43.275862068965516,50,3.6551724137931036,5,1,0,0,0,0,0,0,0,0,0.2413793103448276,0.41379310344827586,0.0,1.0,0.0,0.0
CUST004518,25,15669.869999999999,626.7948,2757.18,770.7710120993568,8,12,0,25,25,6,5,34.0,40,2.8,4,0,0,0,0,0,0,0,0,0,0.32,0.48,0.0,1.0,0.0,0.0
CUST004519,24,12327.64,513.6516666666666,2442.74,595.5035908457186,3,14,0,24,24,5,8,33.541666666666664,40,2.7083333333333335,4,0,0,0,0,0,0,0,0,0,0.125,0.5833333333333334,0.0,1.0,0.0,0.0
CUST004520,20,10054.57,502.7285,1480.52,377.0033892389186,3,9,0,20,20,6,7,33.0,40,2.6,4,0,0,0,0,0,0,0,0,0,0.15,0.45,0.0,1.0,0.0,0.0
CUST004521,31,19456.79,627.6383870967742,2925.18,721.1399423463602,4,13,0,31,31,7,6,32.74193548387097,40,2.5483870967741935,4,0,0,0,0,0,0,0,0,0,0.12903225806451613,0.41935483870967744,0.0,1.0,0.0,0.0
CUST004522,22,32724.73,1487.4877272727272,17443.37,3798.568142744782,7,11,0,22,22,4,8,50.90909090909091,70,3.909090909090909,5,0,0,1,0,0,0,0,0,0,0.3181818181818182,0.5,0.0,1.0,0.0,0.0
CUST004523,26,20466.27,787.1642307692308,2693.96,827.4604836881243,3,14,0,26,26,7,6,48.26923076923077,55,3.6538461538461537,5,0,0,1,0,0,0,0,0,0,0.11538461538461539,0.5384615384615384,0.0,1.0,0.0,0.0
CUST004524,22,11313.75,514.2613636363636,2091.05,572.6275416117684,4,11,0,22,22,6,5,33.40909090909091,40,2.6818181818181817,4,0,0,0,0,0,0,0,0,0,0.18181818181818182,0.5,0.0,1.0,0.0,0.0
CUST004525,21,18545.43,883.1157142857143,4489.58,1022.6244377510809,4,8,0,21,21,6,4,32.857142857142854,40,2.5714285714285716,4,0,0,0,0,0,0,0,0,0,0.19047619047619047,0.38095238095238093,0.0,1.0,0.0,0.0
CUST004526,29,20165.260000000002,695.3537931034483,7002.6,1335.5769164682936,6,18,0,29,28,7,8,35.86206896551724,65,2.9310344827586206,4,0,0,0,0,0,1,0,0,0,0.20689655172413793,0.6206896551724138,0.0,1.0,0.0,0.0
CUST004527,24,35512.76,1479.6983333333335,13295.93,2783.5403386111298,4,14,0,24,24,7,7,34.583333333333336,50,2.7916666666666665,4,0,0,0,0,0,0,0,0,0,0.16666666666666666,0.5833333333333334,0.0,1.0,0.0,0.0
CUST004528,27,20000.83,740.7714814814816,5577.18,1110.411658016638,7,14,0,27,27,5,6,34.629629629629626,55,2.814814814814815,4,0,0,0,0,0,0,0,0,0,0.25925925925925924,0.5185185185185185,0.0,1.0,0.0,0.0
CUST004529,17,17705.88,1041.5223529411765,8549.39,2017.8040896124226,0,11,0,17,17,6,6,35.294117647058826,70,2.764705882352941,5,0,0,0,1,0,0,0,0,0,0.0,0.6470588235294118,0.0,1.0,0.058823529411764705,0.0
CUST004530,24,15745.91,656.0795833333333,2405.25,759.6711882322862,5,9,0,24,24,3,5,32.916666666666664,40,2.5833333333333335,4,0,0,0,0,0,0,0,0,0,0.20833333333333334,0.375,0.0,1.0,0.0,0.0
CUST004531,20,51301.02,2565.051,19485.49,5452.221526513565,3,7,0,20,20,4,4,36.0,70,2.7,5,0,0,0,0,0,0,0,0,0,0.15,0.35,0.0,1.0,0.0,0.0
CUST004532,24,36877.01,1536.5420833333335,15809.63,3241.722086558019,6,13,0,24,23,7,7,35.625,60,2.875,5,0,0,0,0,0,0,0,0,0,0.25,0.5416666666666666,0.0,1.0,0.0,0.0
CUST004533,23,15860.66,689.5939130434782,2444.74,632.4022314213631,3,11,0,23,23,7,6,33.04347826086956,40,2.608695652173913,4,0,0,0,0,0,0,0,0,0,0.13043478260869565,0.4782608695652174,0.0,1.0,0.0,0.0
CUST004534,23,13486.439999999999,586.3669565217391,3522.42,721.8179129457839,4,16,0,23,23,7,7,34.34782608695652,40,2.869565217391304,4,0,0,0,0,0,0,0,0,0,0.17391304347826086,0.6956521739130435,0.0,1.0,0.0,0.0
CUST004535,31,31043.32,1001.3974193548387,9202.12,1727.266741579439,7,14,0,31,31,7,7,34.516129032258064,65,2.7419354838709675,4,0,0,0,1,0,0,0,0,0,0.22580645161290322,0.45161290322580644,0.0,1.0,0.03225806451612903,0.0
CUST004536,22,16194.46,736.1118181818182,4993.78,1206.824394463721,2,13,0,22,22,6,6,33.40909090909091,40,2.6818181818181817,4,0,0,0,0,0,0,0,0,0,0.09090909090909091,0.5909090909090909,0.0,1.0,0.0,0.0
CUST004537,18,8325.050000000001,462.50277777777785,1845.91,572.9515815474397,2,5,0,18,18,3,3,31.944444444444443,35,2.388888888888889,3,0,0,0,0,0,0,0,0,0,0.1111111111111111,0.2777777777777778,0.0,1.0,0.0,0.0
CUST004538,21,15649.9,745.2333333333333,5531.67,1173.1233585916416,4,12,0,21,21,6,6,35.476190476190474,65,2.857142857142857,4,0,0,0,0,0,0,0,0,0,0.19047619047619047,0.5714285714285714,0.0,1.0,0.0,0.0
CUST004539,34,16952.99,498.61735294117653,3161.95,658.7088323025482,8,19,0,34,34,10,7,33.970588235294116,40,2.7941176470588234,4,0,0,0,0,0,0,0,0,0,0.23529411764705882,0.5588235294117647,0.0,1.0,0.0,0.0
CUST004540,23,16749.01,728.2178260869565,5754.39,1196.2333354209504,5,13,0,23,23,8,5,34.78260869565217,50,2.8260869565217392,4,0,0,0,0,0,0,0,0,0,0.21739130434782608,0.5652173913043478,0.0,1.0,0.0,0.0
CUST004541,34,21366.94,628.4394117647058,2860.17,603.8017877804903,5,18,0,34,34,7,7,33.38235294117647,40,2.676470588235294,4,0,0,0,0,0,0,0,0,0,0.14705882352941177,0.5294117647058824,0.0,1.0,0.0,0.0
CUST004542,22,18092.63,822.3922727272728,3776.3,891.4180622331709,4,8,0,22,22,5,6,32.72727272727273,40,2.5454545454545454,4,0,0,0,0,0,0,0,0,0,0.18181818181818182,0.36363636363636365,0.0,1.0,0.0,0.0
CUST004543,20,8488.34,424.41700000000003,1782.78,436.526731804594,4,15,0,20,20,6,7,49.75,55,3.95,5,0,0,1,0,0,0,0,0,0,0.2,0.75,0.0,1.0,0.0,0.0
CUST004544,24,25594.76,1066.4483333333333,7994.93,1869.4656122113022,4,14,0,24,24,7,8,36.666666666666664,70,2.9166666666666665,5,0,0,0,0,0,0,0,0,0,0.16666666666666666,0.5833333333333334,0.0,1.0,0.0,0.0
CUST004545,25,16434.66,657.3864,2920.16,793.4913111994358,2,13,0,25,25,7,5,33.0,40,2.6,4,0,0,0,0,0,0,0,0,0,0.08,0.52,0.0,1.0,0.0,0.0
CUST004546,23,31215.83,1357.21,13626.2,2822.7862471904023,3,14,0,23,23,7,9,34.56521739130435,50,2.782608695652174,4,0,0,0,0,0,0,0,0,0,0.13043478260869565,0.6086956521739131,0.0,1.0,0.0,0.0
CUST004547,34,33605.84,988.4070588235293,6533.67,1281.877365872626,4,13,0,34,34,6,4,33.088235294117645,60,2.5294117647058822,5,0,0,0,0,0,0,0,0,0,0.11764705882352941,0.38235294117647056,0.0,1.0,0.0,0.0
CUST004548,36,25381.02,705.0283333333333,7477.81,1356.9965806010186,9,14,0,36,36,6,8,33.75,60,2.6666666666666665,5,0,0,0,0,0,0,0,0,0,0.25,0.3888888888888889,0.0,1.0,0.0,0.0
CUST004549,24,24990.46,1041.2691666666667,6936.7,1603.7728424586726,4,15,0,24,24,7,9,34.791666666666664,60,2.8333333333333335,5,0,0,0,0,0,0,0,0,0,0.16666666666666666,0.625,0.0,1.0,0.0,0.0
CUST004550,20,19820.94,991.0469999999999,4751.09,1365.743251385968,3,11,0,20,20,4,8,33.5,40,2.7,4,0,0,0,0,0,0,0,0,0,0.15,0.55,0.0,1.0,0.0,0.0
CUST004551,33,48916.16,1482.307878787879,17179.6,3157.654354608771,6,19,0,33,33,10,10,35.0,50,2.8181818181818183,4,0,0,0,0,0,0,0,0,0,0.18181818181818182,0.5757575757575758,0.0,1.0,0.0,0.0
CUST004552,22,16588.11,754.005,3512.55,844.5382282235378,6,7,0,22,22,3,5,32.95454545454545,40,2.590909090909091,4,0,0,0,0,0,0,0,0,0,0.2727272727272727,0.3181818181818182,0.0,1.0,0.0,0.0
CUST004553,24,20902.12,870.9216666666666,7650.47,1607.2936219260184,4,13,0,24,24,7,6,35.0,70,2.7916666666666665,5,0,0,0,0,0,0,0,0,0,0.16666666666666666,0.5416666666666666,0.0,1.0,0.0,0.0
CUST004554,25,10178.74,407.14959999999996,1101.67,238.13957207346564,6,11,0,25,25,6,4,33.4,40,2.68,4,0,0,0,0,0,0,0,0,0,0.24,0.44,0.0,1.0,0.0,0.0
CUST004555,32,33303.62,1040.738125,6956.73,1392.1961450086753,8,11,0,32,32,5,8,33.59375,55,2.625,4,0,0,0,0,0,0,0,0,0,0.25,0.34375,0.0,1.0,0.0,0.0
CUST004556,21,9084.71,432.60523809523806,1131.14,278.52273222520006,3,10,0,21,21,5,5,33.095238095238095,40,2.619047619047619,4,0,0,0,0,0,0,0,0,0,0.14285714285714285,0.47619047619047616,0.0,1.0,0.0,0.0
CUST004557,27,34534.270000000004,1279.0470370370372,10154.26,2370.0015903026388,1,11,0,27,27,7,6,33.7037037037037,55,2.5185185185185186,4,0,0,0,0,0,0,0,0,0,0.037037037037037035,0.4074074074074074,0.0,1.0,0.0,0.0
CUST004558,14,9794.61,699.615,2977.87,797.2880917378128,3,8,0,14,14,4,5,33.92857142857143,40,2.7857142857142856,4,0,0,0,0,0,0,0,0,0,0.21428571428571427,0.5714285714285714,0.0,1.0,0.0,0.0
CUST004559,23,23532.82,1023.1660869565218,6903.07,1694.3188555252925,4,11,0,23,23,5,6,35.0,55,2.739130434782609,4,0,0,0,0,0,0,0,0,0,0.17391304347826086,0.4782608695652174,0.0,1.0,0.0,0.0
CUST004560,27,21565.47,798.7211111111111,9773.18,1866.94304356147,6,10,0,27,27,6,7,34.25925925925926,65,2.6666666666666665,4,0,0,0,1,0,0,0,0,0,0.2222222222222222,0.37037037037037035,0.0,1.0,0.037037037037037035,0.0
CUST004561,29,25399.92,875.8593103448276,4044.57,882.647860813987,5,16,0,29,29,8,7,33.62068965517241,40,2.7241379310344827,4,0,0,0,0,0,0,0,0,0,0.1724137931034483,0.5517241379310345,0.0,1.0,0.0,0.0
CUST004562,21,12825.27,610.7271428571429,2909.67,733.0958593536241,4,10,0,21,21,5,6,33.333333333333336,40,2.6666666666666665,4,0,0,0,0,0,0,0,0,0,0.19047619047619047,0.47619047619047616,0.0,1.0,0.0,0.0
CUST004563,29,27910.59,962.4341379310345,8750.55,1669.3618861933812,3,12,0,29,29,7,5,33.793103448275865,65,2.586206896551724,4,0,0,0,1,0,0,0,0,0,0.10344827586206896,0.41379310344827586,0.0,1.0,0.034482758620689655,0.0
CUST004564,31,28704.88,925.963870967742,5214.7,1164.0167966361923,8,11,0,31,31,6,4,33.70967741935484,50,2.6451612903225805,4,0,0,0,0,0,0,0,0,0,0.25806451612903225,0.3548387096774194,0.0,1.0,0.0,0.0
CUST004565,20,14179.03,708.9515,2649.87,852.9629138496553,3,7,0,20,20,3,5,32.5,40,2.5,4,0,0,0,0,0,0,0,0,0,0.15,0.35,0.0,1.0,0.0,0.0
CUST004566,22,20441.89,929.1768181818181,10179.99,2137.4067487392426,6,12,0,22,22,6,8,35.0,55,2.8636363636363638,4,0,0,0,0,0,0,0,0,0,0.2727272727272727,0.5454545454545454,0.0,1.0,0.0,0.0
CUST004567,24,11425.29,476.05375000000004,3096.8,632.4542988528896,4,11,0,24,24,6,7,33.75,50,2.6666666666666665,4,0,0,0,0,0,0,0,0,0,0.16666666666666666,0.4583333333333333,0.0,1.0,0.0,0.0
CUST004568,18,17067.510000000002,948.1950000000002,8928.91,2100.573944720403,3,11,0,18,18,5,5,35.833333333333336,70,2.888888888888889,5,0,0,0,1,0,0,0,0,0,0.16666666666666666,0.6111111111111112,0.0,1.0,0.05555555555555555,0.0
CUST004569,26,30273.84,1164.3784615384616,6969.36,1701.2998439068695,5,14,0,26,26,8,5,36.34615384615385,70,2.8846153846153846,5,0,0,0,0,0,0,0,0,0,0.19230769230769232,0.5384615384615384,0.0,1.0,0.0,0.0
CUST004570,29,11485.55,396.053448275862,1346.94,349.33451864402997,8,14,0,29,29,6,5,48.793103448275865,55,3.7586206896551726,5,0,0,1,0,0,0,0,0,0,0.27586206896551724,0.4827586206896552,0.0,1.0,0.0,0.0
CUST004571,20,11750.55,587.5274999999999,1700.58,571.3682127819428,4,8,0,20,20,4,6,33.0,40,2.6,4,0,0,0,0,0,0,0,0,0,0.2,0.4,0.0,1.0,0.0,0.0
CUST004572,33,20467.93,620.240303030303,1909.71,495.5434040114754,8,20,0,33,33,10,8,34.24242424242424,40,2.8484848484848486,4,0,0,0,0,0,0,0,0,0,0.24242424242424243,0.6060606060606061,0.0,1.0,0.0,0.0
CUST004573,22,26796.31,1218.014090909091,5505.42,1481.7873666933426,4,10,0,22,22,4,7,49.09090909090909,65,3.6818181818181817,4,0,0,1,0,0,0,0,0,0,0.18181818181818182,0.45454545454545453,0.0,1.0,0.0,0.0
CUST004574,25,14747.15,589.886,2112.66,519.9496996184663,5,13,0,25,25,8,5,33.6,40,2.72,4,0,0,0,0,0,0,0,0,0,0.2,0.52,0.0,1.0,0.0,0.0
CUST004575,30,16759.83,558.6610000000001,2826.55,675.0625703073753,4,17,0,30,29,7,7,33.5,40,2.7,4,0,0,0,0,0,0,0,0,0,0.13333333333333333,0.5666666666666667,0.0,1.0,0.0,0.0
CUST004576,28,27687.010000000002,988.8217857142857,4790.41,1153.1522070781834,5,11,0,28,28,7,4,32.857142857142854,40,2.5714285714285716,4,0,0,0,0,0,0,0,0,0,0.17857142857142858,0.39285714285714285,0.0,1.0,0.0,0.0
CUST004577,20,15743.74,787.187,6514.79,1389.467432852943,4,13,0,20,20,6,7,35.25,60,2.9,5,0,0,0,0,0,0,0,0,0,0.2,0.65,0.0,1.0,0.0,0.0
CUST004578,16,10060.86,628.80375,2713.47,766.7712422696006,3,10,0,16,16,5,4,34.0625,40,2.8125,4,0,0,0,0,0,0,0,0,0,0.1875,0.625,0.0,1.0,0.0,0.0
CUST004579,22,16338.05,742.6386363636364,2659.29,706.6883142908157,1,11,0,22,22,4,7,47.72727272727273,50,3.5454545454545454,4,0,0,1,0,0,0,0,0,0,0.045454545454545456,0.5,0.0,1.0,0.0,0.0
CUST004580,21,19713.18,938.7228571428572,7677.77,1672.9381190084196,5,9,0,21,21,5,7,49.285714285714285,70,3.7142857142857144,5,0,0,1,0,0,0,0,0,0,0.23809523809523808,0.42857142857142855,0.0,1.0,0.0,0.0
CUST004581,22,21945.989999999998,997.545,9188.55,1895.8579820574514,7,9,0,22,22,6,6,35.22727272727273,70,2.8181818181818183,5,0,0,0,1,0,0,0,0,0,0.3181818181818182,0.4090909090909091,0.0,1.0,0.045454545454545456,0.0
CUST004582,24,21732.600000000002,905.5250000000001,8399.69,1977.4400077526677,3,11,0,24,24,7,9,35.208333333333336,65,2.7083333333333335,4,0,0,0,1,0,0,0,0,0,0.125,0.4583333333333333,0.0,1.0,0.041666666666666664,0.0
CUST004583,30,10564.2,352.14000000000004,1099.39,282.0561519174555,7,13,0,30,30,8,5,33.333333333333336,40,2.6666666666666665,4,0,0,0,0,0,0,0,0,0,0.23333333333333334,0.43333333333333335,0.0,1.0,0.0,0.0
CUST004584,17,11175.31,657.3711764705882,1847.08,588.2011398097842,3,7,0,17,17,4,3,32.94117647058823,40,2.588235294117647,4,0,0,0,0,0,0,0,0,0,0.17647058823529413,0.4117647058823529,0.0,1.0,0.0,0.0
CUST004585,25,12097.59,483.9036,1365.96,340.8430877847851,4,13,0,25,25,6,7,33.4,40,2.68,4,0,0,0,0,0,0,0,0,0,0.16,0.52,0.0,1.0,0.0,0.0
CUST004586,21,7185.64,342.17333333333335,1618.13,421.9588147240597,5,16,0,21,21,10,7,35.0,40,3.0,4,0,0,0,0,0,0,0,0,0,0.23809523809523808,0.7619047619047619,0.0,1.0,0.0,0.0
CUST004587,25,20086.16,803.4464,9265.48,1902.8714340654583,1,13,0,25,25,4,7,34.2,70,2.64,5,0,0,0,1,0,0,0,0,0,0.04,0.52,0.0,1.0,0.04,0.0
CUST004588,27,18919.63,700.7270370370371,8137.54,1548.2366020109032,6,16,0,27,27,5,8,35.370370370370374,70,2.888888888888889,5,0,0,0,1,0,0,0,0,0,0.2222222222222222,0.5925925925925926,0.0,1.0,0.037037037037037035,0.0
CUST004589,28,28023.7,1000.8464285714286,5557.73,1309.8692512789328,6,11,0,28,28,5,7,33.75,50,2.642857142857143,4,0,0,0,0,0,0,0,0,0,0.21428571428571427,0.39285714285714285,0.0,1.0,0.0,0.0
CUST004590,21,16472.93,784.4252380952381,4724.7,1127.5022920536305,3,10,0,21,21,5,7,33.095238095238095,35,2.619047619047619,3,0,0,0,0,0,0,0,0,0,0.14285714285714285,0.47619047619047616,0.0,1.0,0.0,0.0
CUST004591,23,14218.56,618.1982608695652,2966.56,745.7825399639091,5,10,0,23,23,5,3,33.26086956521739,40,2.652173913043478,4,0,0,0,0,0,0,0,0,0,0.21739130434782608,0.43478260869565216,0.0,1.0,0.0,0.0
CUST004592,30,12286.26,409.54200000000003,1895.93,393.80909573741087,12,14,0,30,30,10,6,34.333333333333336,40,2.8666666666666667,4,0,0,0,0,0,0,0,0,0,0.4,0.4666666666666667,0.0,1.0,0.0,0.0
CUST004593,25,19676.37,787.0548,2291.82,712.7316572825055,5,14,0,25,25,6,7,33.8,40,2.76,4,0,0,0,0,0,0,0,0,0,0.2,0.56,0.0,1.0,0.0,0.0
CUST004594,28,16727.14,597.3978571428571,3507.27,708.5964817673145,5,19,0,28,28,8,9,34.285714285714285,40,2.857142857142857,4,0,0,0,0,0,0,0,0,0,0.17857142857142858,0.6785714285714286,0.0,1.0,0.0,0.0
CUST004595,18,14415.25,800.8472222222222,3954.57,1039.4796102451264,6,6,0,18,18,6,4,43.333333333333336,50,3.6666666666666665,5,1,0,0,0,0,0,0,0,0,0.3333333333333333,0.3333333333333333,0.0,1.0,0.0,0.0
CUST004596,23,14161.51,615.7178260869565,4112.6,958.0813813410281,4,11,0,23,23,6,8,43.26086956521739,45,3.652173913043478,4,1,0,0,0,0,0,0,0,0,0.17391304347826086,0.4782608695652174,0.0,1.0,0.0,0.0
CUST004597,32,9021.31,281.9159375,1259.99,285.1160086006801,7,21,0,32,32,7,8,34.375,40,2.875,4,0,0,0,0,0,0,0,0,0,0.21875,0.65625,0.0,1.0,0.0,0.0
CUST004598,20,6410.94,320.54699999999997,1558.21,342.52244919282685,2,9,0,20,20,7,4,32.75,40,2.55,4,0,0,0,0,0,0,0,0,0,0.1,0.45,0.0,1.0,0.0,0.0
CUST004599,23,20952.420000000002,910.9747826086957,8716.61,1834.0824629469973,8,10,0,23,23,6,6,35.43478260869565,70,2.869565217391304,5,0,0,0,1,0,0,0,0,0,0.34782608695652173,0.43478260869565216,0.0,1.0,0.043478260869565216,0.0
CUST004600,21,10964.49,522.1185714285714,1809.93,453.39337885864313,5,11,0,21,21,4,7,33.80952380952381,40,2.761904761904762,4,0,0,0,0,0,0,0,0,0,0.23809523809523808,0.5238095238095238,0.0,1.0,0.0,0.0
CUST004601,17,10772.29,633.6641176470589,4504.55,1076.75975285262,5,9,0,17,17,4,3,34.11764705882353,40,2.823529411764706,4,0,0,0,0,0,0,0,0,0,0.29411764705882354,0.5294117647058824,0.0,1.0,0.0,0.0
CUST004602,26,18460.34,710.0130769230769,4683.94,1082.3557310450913,5,12,0,26,26,5,6,33.26923076923077,40,2.6538461538461537,4,0,0,0,0,0,0,0,0,0,0.19230769230769232,0.46153846153846156,0.0,1.0,0.0,0.0
CUST004603,23,14616.38,635.4947826086956,7402.51,1518.2304288512082,7,17,0,23,23,8,4,36.08695652173913,60,3.0869565217391304,5,0,0,0,0,0,0,0,0,0,0.30434782608695654,0.7391304347826086,0.0,1.0,0.0,0.0
CUST004604,23,14357.259999999998,624.2286956521739,2323.58,684.5489400679994,4,12,0,23,23,6,6,33.47826086956522,40,2.6956521739130435,4,0,0,0,0,0,0,0,0,0,0.17391304347826086,0.5217391304347826,0.0,1.0,0.0,0.0
CUST004605,17,6813.66,400.8035294117647,1335.77,390.846410929875,4,13,0,17,17,6,7,35.0,40,3.0,4,0,0,0,0,0,0,0,0,0,0.23529411764705882,0.7647058823529411,0.0,1.0,0.0,0.0
CUST004606,21,12610.75,600.5119047619048,3732.21,817.7462342476366,3,15,0,21,21,7,6,34.285714285714285,40,2.857142857142857,4,0,0,0,0,0,0,0,0,0,0.14285714285714285,0.7142857142857143,0.0,1.0,0.0,0.0
CUST004607,30,31691.18,1056.3726666666666,4730.65,1224.9874974814018,2,10,0,30,30,6,5,32.0,35,2.4,3,0,0,0,0,0,0,0,0,0,0.06666666666666667,0.3333333333333333,0.0,1.0,0.0,0.0
CUST004608,20,7896.44,394.822,1881.69,502.4453308894724,3,10,0,20,20,6,7,33.25,40,2.65,4,0,0,0,0,0,0,0,0,0,0.15,0.5,0.0,1.0,0.0,0.0
CUST004609,21,18371.72,874.8438095238096,6961.95,1466.093170011634,5,11,0,21,21,6,6,34.76190476190476,55,2.8095238095238093,4,0,0,0,0,0,0,0,0,0,0.23809523809523808,0.5238095238095238,0.0,1.0,0.0,0.0
CUST004610,26,16430.74,631.9515384615386,3358.3,878.5756397974727,9,11,0,26,26,6,7,33.84615384615385,40,2.769230769230769,4,0,0,0,0,0,0,0,0,0,0.34615384615384615,0.4230769230769231,0.0,1.0,0.0,0.0
CUST004611,16,11771.79,735.736875,6055.89,1471.81337047294,5,10,0,16,16,4,5,36.875,75,3.0625,6,0,0,0,0,0,0,0,0,0,0.3125,0.625,0.0,1.0,0.0,0.0
CUST004612,20,23136.39,1156.8195,9100.17,2178.2044568392735,6,12,0,20,20,6,4,37.25,70,3.05,5,0,0,0,1,0,0,0,0,0,0.3,0.6,0.0,1.0,0.05,0.0
CUST004613,20,9150.33,457.5165,3074.49,689.2707175075849,3,7,0,0,20,2,5,12.5,20,1.5,3,0,0,0,0,0,0,0,0,0,0.15,0.35,0.0,0.0,0.0,0.0
CUST004614,32,21915.16,684.84875,8192.95,1417.7991517290272,8,18,0,32,31,8,9,35.15625,70,2.875,5,0,0,0,1,0,0,0,0,0,0.25,0.5625,0.0,1.0,0.03125,0.0
CUST004615,29,25804.12,889.7972413793103,4308.41,1030.34659432049,6,11,0,29,29,4,6,32.93103448275862,40,2.586206896551724,4,0,0,0,0,0,0,0,0,0,0.20689655172413793,0.3793103448275862,0.0,1.0,0.0,0.0
CUST004616,21,17539.32,835.2057142857143,4767.77,1308.138106721043,4,7,0,21,21,5,4,32.61904761904762,40,2.5238095238095237,4,0,0,0,0,0,0,0,0,0,0.19047619047619047,0.3333333333333333,0.0,1.0,0.0,0.0
CUST004617,18,18781.84,1043.4355555555555,8029.8,1844.5584782311405,4,11,0,18,18,7,5,36.111111111111114,65,2.9444444444444446,4,0,0,0,1,0,0,0,0,0,0.2222222222222222,0.6111111111111112,0.0,1.0,0.05555555555555555,0.0
CUST004618,38,36528.19,961.2681578947369,6499.37,1493.9439769677228,9,19,0,38,37,7,10,34.73684210526316,55,2.789473684210526,4,0,0,0,0,0,0,0,0,0,0.23684210526315788,0.5,0.0,1.0,0.0,0.0
CUST004619,24,14937.859999999999,622.4108333333332,4198.62,880.1926241400685,2,15,0,24,23,10,7,33.541666666666664,40,2.7083333333333335,4,0,0,0,0,0,0,0,0,0,0.08333333333333333,0.625,0.0,1.0,0.0,0.0
CUST004620,20,14809.869999999999,740.4934999999999,7061.79,1593.4327807541313,2,9,0,20,20,6,3,33.75,50,2.6,4,0,0,0,0,0,0,0,0,0,0.1,0.45,0.0,1.0,0.0,0.0
CUST004621,27,17768.25,658.0833333333334,4557.35,876.6319960507943,8,14,0,27,27,6,6,34.074074074074076,40,2.814814814814815,4,0,0,0,0,0,0,0,0,0,0.2962962962962963,0.5185185185185185,0.0,1.0,0.0,0.0
CUST004622,25,19571.2,782.8480000000001,3483.81,934.1142984265898,1,12,0,25,25,8,8,32.6,35,2.52,3,0,0,0,0,0,0,0,0,0,0.04,0.48,0.0,1.0,0.0,0.0
CUST004623,33,28250.99,856.0906060606061,4794.1,1217.042403911372,2,18,0,33,33,8,6,33.03030303030303,35,2.606060606060606,3,0,0,0,0,0,0,0,0,0,0.06060606060606061,0.5454545454545454,0.0,1.0,0.0,0.0
CUST004624,20,19600.370000000003,980.0185000000001,6064.85,1615.5665349418289,4,14,0,20,20,7,5,35.5,50,2.95,4,0,0,0,0,0,0,0,0,0,0.2,0.7,0.0,1.0,0.0,0.0
CUST004625,21,16244.16,773.5314285714286,3509.07,998.8711411803114,5,11,0,21,21,6,5,33.80952380952381,40,2.761904761904762,4,0,0,0,0,0,0,0,0,0,0.23809523809523808,0.5238095238095238,0.0,1.0,0.0,0.0
CUST004626,18,20733.7,1151.8722222222223,12824.53,3009.9169307993234,2,15,0,18,18,7,6,35.833333333333336,55,3.0,4,0,0,0,0,0,0,0,0,0,0.1111111111111111,0.8333333333333334,0.0,1.0,0.0,0.0
CUST004627,23,11505.41,500.23521739130433,4106.39,830.8739331564171,3,15,0,23,23,9,7,33.91304347826087,40,2.782608695652174,4,0,0,0,0,0,0,0,0,0,0.13043478260869565,0.6521739130434783,0.0,1.0,0.0,0.0
CUST004628,19,10851.3,571.1210526315789,2769.24,688.1376652231952,4,13,0,19,19,7,5,34.473684210526315,40,2.8947368421052633,4,0,0,0,0,0,0,0,0,0,0.21052631578947367,0.6842105263157895,0.0,1.0,0.0,0.0
CUST004629,24,13712.980000000001,571.3741666666667,1979.4,587.879408381749,4,8,0,24,24,4,6,32.5,40,2.5,4,0,0,0,0,0,0,0,0,0,0.16666666666666666,0.3333333333333333,0.0,1.0,0.0,0.0
CUST004630,26,26216.09,1008.3111538461538,4203.58,1223.251539399242,7,8,0,26,26,4,7,32.88461538461539,40,2.576923076923077,4,0,0,0,0,0,0,0,0,0,0.2692307692307692,0.3076923076923077,0.0,1.0,0.0,0.0
CUST004631,23,20476.08,890.264347826087,11966.11,2444.344704133542,3,11,0,23,23,5,4,34.56521739130435,70,2.6956521739130435,5,0,0,0,0,0,0,0,0,0,0.13043478260869565,0.4782608695652174,0.0,1.0,0.0,0.0
CUST004632,22,22866.960000000003,1039.4072727272728,8570.12,1811.3665965157802,6,12,0,22,22,8,4,36.36363636363637,85,2.9545454545454546,6,0,0,0,1,0,0,0,0,0,0.2727272727272727,0.5454545454545454,0.0,1.0,0.045454545454545456,0.0
CUST004633,29,19069.23,657.5596551724137,4489.85,916.2033182163178,5,18,0,29,29,8,9,33.96551724137931,40,2.793103448275862,4,0,0,0,0,0,0,0,0,0,0.1724137931034483,0.6206896551724138,0.0,1.0,0.0,0.0
CUST004634,30,23687.239999999998,789.5746666666666,3300.5,732.9298177048875,4,12,0,30,30,4,6,32.666666666666664,40,2.533333333333333,4,0,0,0,0,0,0,0,0,0,0.13333333333333333,0.4,0.0,1.0,0.0,0.0
CUST004635,20,13341.5,667.075,2969.26,716.9217188750366,6,11,0,20,20,6,7,34.25,40,2.85,4,0,0,0,0,0,0,0,0,0,0.3,0.55,0.0,1.0,0.0,0.0
CUST004636,32,15002.380000000001,468.82437500000003,2448.84,573.8658591935783,3,20,0,32,32,7,7,33.59375,40,2.71875,4,0,0,0,0,0,0,0,0,0,0.09375,0.625,0.0,1.0,0.0,0.0
CUST004637,24,33622.15,1400.9229166666667,10665.55,2661.003737037193,4,13,0,24,24,7,4,36.041666666666664,55,2.8333333333333335,4,0,0,0,0,0,0,0,0,0,0.16666666666666666,0.5416666666666666,0.0,1.0,0.0,0.0
CUST004638,30,30637.449999999997,1021.2483333333332,10942.32,2043.0826384219667,8,13,0,30,30,5,8,34.166666666666664,55,2.7333333333333334,4,0,0,0,0,0,0,0,0,0,0.26666666666666666,0.43333333333333335,0.0,1.0,0.0,0.0
CUST004639,16,4434.54,277.15875,992.18,224.53817355852877,0,11,0,16,16,7,7,33.4375,35,2.6875,3,0,0,0,0,0,0,0,0,0,0.0,0.6875,0.0,1.0,0.0,0.0
CUST004640,23,19147.11,832.4830434782609,4612.31,1153.7157308391747,9,13,0,23,23,8,8,34.78260869565217,40,2.9565217391304346,4,0,0,0,0,0,0,0,0,0,0.391304347826087,0.5652173913043478,0.0,1.0,0.0,0.0
CUST004641,29,23766.010000000002,819.5175862068966,4911.64,1088.7872336741568,6,10,0,29,29,4,6,32.758620689655174,40,2.5517241379310347,4,0,0,0,0,0,0,0,0,0,0.20689655172413793,0.3448275862068966,0.0,1.0,0.0,0.0
CUST004642,17,17069.57,1004.0923529411765,4936.1,1198.120127097704,4,10,0,17,17,6,5,34.11764705882353,40,2.823529411764706,4,0,0,0,0,0,0,0,0,0,0.23529411764705882,0.5882352941176471,0.0,1.0,0.0,0.0
CUST004643,10,9861.36,986.1360000000001,2792.91,836.9965286825667,3,7,0,10,10,3,6,35.0,40,3.0,4,0,0,0,0,0,0,0,0,0,0.3,0.7,0.0,1.0,0.0,0.0
CUST004644,25,15840.810000000001,633.6324000000001,5259.56,1093.6896563326363,5,11,0,25,25,8,9,34.6,65,2.72,4,0,0,0,0,0,0,0,0,0,0.2,0.44,0.0,1.0,0.0,0.0
CUST004645,24,15066.76,627.7816666666666,2569.84,670.460805673924,2,12,0,24,24,6,7,32.916666666666664,35,2.5833333333333335,3,0,0,0,0,0,0,0,0,0,0.08333333333333333,0.5,0.0,1.0,0.0,0.0
CUST004646,28,20936.6,747.7357142857143,3087.77,799.4146945870416,3,15,0,28,28,7,9,33.214285714285715,40,2.642857142857143,4,0,0,0,0,0,0,0,0,0,0.10714285714285714,0.5357142857142857,0.0,1.0,0.0,0.0
CUST004647,27,12546.75,464.69444444444446,2974.21,589.7679788783522,3,14,0,27,27,7,6,33.148148148148145,40,2.6296296296296298,4,0,0,0,0,0,0,0,0,0,0.1111111111111111,0.5185185185185185,0.0,1.0,0.0,0.0
CUST004648,18,11324.539999999999,629.1411111111111,2929.06,788.5827406242528,2,9,0,18,18,6,6,33.05555555555556,40,2.611111111111111,4,0,0,0,0,0,0,0,0,0,0.1111111111111111,0.5,0.0,1.0,0.0,0.0
CUST004649,28,20452.15,730.4339285714286,3728.38,864.576588764437,4,16,0,28,28,6,8,33.57142857142857,40,2.7142857142857144,4,0,0,0,0,0,0,0,0,0,0.14285714285714285,0.5714285714285714,0.0,1.0,0.0,0.0
CUST004650,16,8916.369999999999,557.2731249999999,1836.37,511.62636362510676,3,9,0,16,16,6,5,33.75,40,2.75,4,0,0,0,0,0,0,0,0,0,0.1875,0.5625,0.0,1.0,0.0,0.0
CUST004651,21,10134.62,482.60095238095244,2039.18,507.91965488554166,5,12,0,21,21,7,6,34.04761904761905,40,2.8095238095238093,4,0,0,0,0,0,0,0,0,0,0.23809523809523808,0.5714285714285714,0.0,1.0,0.0,0.0
CUST004652,13,8561.7,658.5923076923077,2639.61,819.2547948608932,2,10,0,13,13,3,7,34.61538461538461,40,2.923076923076923,4,0,0,0,0,0,0,0,0,0,0.15384615384615385,0.7692307692307693,0.0,1.0,0.0,0.0
CUST004653,28,22621.29,807.9032142857143,5639.25,1157.3307547752047,6,11,0,28,28,8,5,33.75,55,2.642857142857143,4,0,0,0,0,0,0,0,0,0,0.21428571428571427,0.39285714285714285,0.0,1.0,0.0,0.0
CUST004654,20,11348.66,567.433,2357.61,624.180345962017,3,10,0,20,20,5,7,33.25,35,2.65,3,0,0,0,0,0,0,0,0,0,0.15,0.5,0.0,1.0,0.0,0.0
CUST004655,24,14188.49,591.1870833333334,2557.17,628.8239575552692,6,11,0,24,24,8,9,33.541666666666664,40,2.7083333333333335,4,0,0,0,0,0,0,0,0,0,0.25,0.4583333333333333,0.0,1.0,0.0,0.0
CUST004656,31,27935.829999999998,901.1558064516129,4961.15,1039.9011373772482,2,18,0,31,31,8,7,33.225806451612904,40,2.6451612903225805,4,0,0,0,0,0,0,0,0,0,0.06451612903225806,0.5806451612903226,0.0,1.0,0.0,0.0
CUST004657,28,36122.03,1290.0725,19199.2,3616.831503447535,4,12,0,28,28,7,7,33.57142857142857,50,2.607142857142857,4,0,0,0,0,0,0,0,0,0,0.14285714285714285,0.42857142857142855,0.0,1.0,0.0,0.0
CUST004658,37,26564.010000000002,717.9462162162163,5899.71,1120.8189123765003,6,16,0,37,37,9,8,33.513513513513516,55,2.6216216216216215,4,0,0,0,0,0,0,0,0,0,0.16216216216216217,0.43243243243243246,0.0,1.0,0.0,0.0
CUST004659,27,18692.01,692.2966666666666,5055.82,1077.9948850813432,3,12,0,27,27,5,7,33.51851851851852,50,2.5925925925925926,4,0,0,0,0,0,0,0,0,0,0.1111111111111111,0.4444444444444444,0.0,1.0,0.0,0.0
CUST004660,25,15232.66,609.3063999999999,3620.65,802.7030934955548,5,13,0,25,25,7,6,48.6,55,3.72,5,0,0,1,0,0,0,0,0,0,0.2,0.52,0.0,1.0,0.0,0.0
CUST004661,16,9740.36,608.7725,1779.76,540.5995114130238,2,5,0,16,16,3,6,32.1875,35,2.4375,3,0,0,0,0,0,0,0,0,0,0.125,0.3125,0.0,1.0,0.0,0.0
CUST004662,20,16176.6,808.83,3988.24,964.8613271291754,3,11,0,20,20,6,7,33.5,40,2.7,4,0,0,0,0,0,0,0,0,0,0.15,0.55,0.0,1.0,0.0,0.0
CUST004663,21,16538.29,787.537619047619,4496.87,1156.626317156517,4,15,0,21,21,7,8,34.523809523809526,40,2.9047619047619047,4,0,0,0,0,0,0,0,0,0,0.19047619047619047,0.7142857142857143,0.0,1.0,0.0,0.0
CUST004664,25,16492.38,659.6952,4759.21,1173.0296214294845,3,10,0,25,25,8,4,32.6,40,2.52,4,0,0,0,0,0,0,0,0,0,0.12,0.4,0.0,1.0,0.0,0.0
CUST004665,27,18197.3,673.974074074074,2595.38,766.6076199989508,8,12,0,27,27,6,6,33.7037037037037,40,2.740740740740741,4,0,0,0,0,0,0,0,0,0,0.2962962962962963,0.4444444444444444,0.0,1.0,0.0,0.0
CUST004666,21,18748.37,892.7795238095238,3825.03,1070.5250885312132,3,10,0,21,21,6,3,33.095238095238095,40,2.619047619047619,4,0,0,0,0,0,0,0,0,0,0.14285714285714285,0.47619047619047616,0.0,1.0,0.0,0.0
CUST004667,24,11151.09,464.62875,1524.81,395.91915912120135,6,13,0,24,24,6,4,33.958333333333336,40,2.7916666666666665,4,0,0,0,0,0,0,0,0,0,0.25,0.5416666666666666,0.0,1.0,0.0,0.0
CUST004668,24,12218.16,509.09,4438.62,878.7868418450515,6,17,0,24,24,10,8,49.791666666666664,55,3.9583333333333335,5,0,0,1,0,0,0,0,0,0,0.25,0.7083333333333334,0.0,1.0,0.0,0.0
CUST004669,18,8992.1,499.56111111111113,1489.75,470.12415913106696,2,10,0,18,18,6,4,33.333333333333336,40,2.6666666666666665,4,0,0,0,0,0,0,0,0,0,0.1111111111111111,0.5555555555555556,0.0,1.0,0.0,0.0
CUST004670,24,14247.550000000001,593.6479166666667,2758.79,686.526551878805,6,9,0,24,24,7,4,33.125,40,2.625,4,0,0,0,0,0,0,0,0,0,0.25,0.375,0.0,1.0,0.0,0.0
CUST004671,20,13761.68,688.0840000000001,6847.88,1488.9790942981174,5,12,0,20,20,6,6,35.25,50,2.9,4,0,0,0,0,0,0,0,0,0,0.25,0.6,0.0,1.0,0.0,0.0
CUST004672,16,5928.07,370.504375,1666.63,411.73947495908544,2,7,0,16,16,4,4,32.8125,35,2.5625,3,0,0,0,0,0,0,0,0,0,0.125,0.4375,0.0,1.0,0.0,0.0
CUST004673,29,28868.85,995.4775862068965,8315.38,1778.3688007526434,2,11,0,29,29,7,6,33.44827586206897,65,2.5172413793103448,4,0,0,0,1,0,0,0,0,0,0.06896551724137931,0.3793103448275862,0.0,1.0,0.034482758620689655,0.0
CUST004674,19,17940.28,944.2252631578947,4935.21,1272.0251559591825,2,12,0,19,19,5,7,33.68421052631579,40,2.736842105263158,4,0,0,0,0,0,0,0,0,0,0.10526315789473684,0.631578947368421,0.0,1.0,0.0,0.0
CUST004675,25,12261.57,490.4628,3469.28,720.2251568347684,5,14,0,25,25,7,6,33.8,40,2.76,4,0,0,0,0,0,0,0,0,0,0.2,0.56,0.0,1.0,0.0,0.0
CUST004676,27,15961.93,591.1825925925926,3414.92,808.4477204998981,8,15,0,27,27,8,5,34.25925925925926,40,2.8518518518518516,4,0,0,0,0,0,0,0,0,0,0.2962962962962963,0.5555555555555556,0.0,1.0,0.0,0.0
CUST004677,29,22165.43,764.3251724137931,3938.63,996.0788358093404,3,13,0,29,29,6,6,32.758620689655174,35,2.5517241379310347,3,0,0,0,0,0,0,0,0,0,0.10344827586206896,0.4482758620689655,0.0,1.0,0.0,0.0
CUST004678,28,18207.75,650.2767857142857,4226.47,962.1515578776158,7,13,0,28,28,3,8,33.57142857142857,40,2.7142857142857144,4,0,0,0,0,0,0,0,0,0,0.25,0.4642857142857143,0.0,1.0,0.0,0.0
CUST004679,18,20752.079999999998,1152.8933333333332,8843.63,2066.855514498235,2,13,0,18,18,6,4,36.111111111111114,70,2.9444444444444446,5,0,0,0,1,0,0,0,0,0,0.1111111111111111,0.7222222222222222,0.0,1.0,0.05555555555555555,0.0
CUST004680,25,17683.989999999998,707.3595999999999,2458.95,735.639405469147,7,15,0,25,25,8,5,34.4,40,2.88,4,0,0,0,0,0,0,0,0,0,0.28,0.6,0.0,1.0,0.0,0.0
CUST004681,18,7746.59,430.36611111111114,985.32,293.45106749405204,0,8,0,18,18,6,5,32.22222222222222,35,2.4444444444444446,3,0,0,0,0,0,0,0,0,0,0.0,0.4444444444444444,0.0,1.0,0.0,0.0
CUST004682,18,10747.44,597.08,2692.08,697.4686972524709,6,7,0,18,18,5,4,33.611111111111114,35,2.7222222222222223,3,0,0,0,0,0,0,0,0,0,0.3333333333333333,0.3888888888888889,0.0,1.0,0.0,0.0
CUST004683,19,10661.09,561.11,2138.45,572.333528373098,4,10,0,19,19,5,6,33.68421052631579,40,2.736842105263158,4,0,0,0,0,0,0,0,0,0,0.21052631578947367,0.5263157894736842,0.0,1.0,0.0,0.0
CUST004684,21,11242.460000000001,535.3552380952382,3104.52,701.2850945986164,2,8,0,21,21,3,5,42.38095238095238,50,3.4761904761904763,5,1,0,0,0,0,0,0,0,0,0.09523809523809523,0.38095238095238093,0.0,1.0,0.0,0.0
CUST004685,23,13909.3,604.7521739130434,3940.28,934.6035306479454,3,11,0,23,23,5,6,33.04347826086956,40,2.608695652173913,4,0,0,0,0,0,0,0,0,0,0.13043478260869565,0.4782608695652174,0.0,1.0,0.0,0.0
CUST004686,21,19817.0,943.6666666666666,7899.93,1742.959715241099,3,9,0,21,21,4,5,33.80952380952381,50,2.619047619047619,4,0,0,0,0,0,0,0,0,0,0.14285714285714285,0.42857142857142855,0.0,1.0,0.0,0.0
CUST004687,18,13729.41,762.745,3966.13,1083.6553852979712,3,6,0,18,17,4,4,32.5,40,2.5,4,0,0,0,0,0,0,0,0,0,0.16666666666666666,0.3333333333333333,0.0,1.0,0.0,0.0
CUST004688,23,26996.91,1173.7786956521738,16840.51,3448.6635089768065,4,14,0,23,23,7,5,34.78260869565217,50,2.8260869565217392,4,0,0,0,0,0,0,0,0,0,0.17391304347826086,0.6086956521739131,0.0,1.0,0.0,0.0
CUST004689,20,13561.97,678.0985,7276.28,1591.9028530868497,6,9,0,20,19,5,5,44.75,70,3.8,6,1,0,0,0,0,0,0,0,0,0.3,0.45,0.0,1.0,0.0,0.0
CUST004690,21,11076.44,527.4495238095238,1899.07,561.4055115464773,6,10,0,21,21,4,4,33.80952380952381,40,2.761904761904762,4,0,0,0,0,0,0,0,0,0,0.2857142857142857,0.47619047619047616,0.0,1.0,0.0,0.0
CUST004691,37,60911.340000000004,1646.2524324324324,24040.37,4197.028287352987,10,19,0,37,37,10,7,36.486486486486484,70,2.918918918918919,5,0,0,0,1,0,0,0,0,0,0.2702702702702703,0.5135135135135135,0.0,1.0,0.02702702702702703,0.0
CUST004692,23,17136.04,745.0452173913044,2581.3,793.4915736556063,2,9,0,23,23,4,7,32.391304347826086,35,2.4782608695652173,3,0,0,0,0,0,0,0,0,0,0.08695652173913043,0.391304347826087,0.0,1.0,0.0,0.0
CUST004693,26,13995.96,538.3061538461538,6048.32,1154.6776169341013,1,12,0,26,26,6,6,33.26923076923077,55,2.5384615384615383,4,0,0,0,0,0,0,0,0,0,0.038461538461538464,0.46153846153846156,0.0,1.0,0.0,0.0
CUST004694,21,13407.619999999999,638.4580952380952,2701.64,611.8913953523047,3,13,0,21,21,6,8,33.80952380952381,40,2.761904761904762,4,0,0,0,0,0,0,0,0,0,0.14285714285714285,0.6190476190476191,0.0,1.0,0.0,0.0
CUST004695,27,18253.12,676.0414814814815,3561.86,945.7036205334252,9,10,0,27,27,5,5,33.51851851851852,40,2.7037037037037037,4,0,0,0,0,0,0,0,0,0,0.3333333333333333,0.37037037037037035,0.0,1.0,0.0,0.0
CUST004696,24,23091.07,962.1279166666667,6419.89,1375.4400968258637,6,11,0,24,24,6,8,34.375,60,2.75,5,0,0,0,0,0,0,0,0,0,0.25,0.4583333333333333,0.0,1.0,0.0,0.0
CUST004697,26,34681.92,1333.9199999999998,12131.85,2573.3719890167454,5,14,0,26,25,9,5,36.34615384615385,70,2.8846153846153846,5,0,0,0,0,0,0,0,0,0,0.19230769230769232,0.5384615384615384,0.0,1.0,0.0,0.0
CUST004698,24,13409.44,558.7266666666667,2915.9,793.323280843022,5,15,0,24,24,8,7,34.166666666666664,40,2.8333333333333335,4,0,0,0,0,0,0,0,0,0,0.20833333333333334,0.625,0.0,1.0,0.0,0.0
CUST004699,31,31733.41,1023.6583870967742,8490.79,2061.815767524824,7,12,0,31,31,7,6,35.483870967741936,70,2.7419354838709675,5,0,0,0,1,0,0,0,0,0,0.22580645161290322,0.3870967741935484,0.0,1.0,0.03225806451612903,0.0
CUST004700,20,9885.49,494.2745,1527.34,427.00343467711434,2,11,0,20,20,6,8,33.25,40,2.65,4,0,0,0,0,0,0,0,0,0,0.1,0.55,0.0,1.0,0.0,0.0
CUST004701,16,13945.369999999999,871.5856249999999,3047.43,877.8047427681455,2,6,0,16,16,3,3,32.5,40,2.5,4,0,0,0,0,0,0,0,0,0,0.125,0.375,0.0,1.0,0.0,0.0
CUST004702,27,19361.78,717.1029629629629,3731.64,868.4870218720104,5,13,0,27,27,3,6,33.333333333333336,40,2.6666666666666665,4,0,0,0,0,0,0,0,0,0,0.18518518518518517,0.48148148148148145,0.0,1.0,0.0,0.0
CUST004703,26,17588.87,676.495,4067.14,895.8312832191115,3,13,0,26,26,4,6,33.07692307692308,40,2.6153846153846154,4,0,0,0,0,0,0,0,0,0,0.11538461538461539,0.5,0.0,1.0,0.0,0.0
CUST004704,25,10109.34,404.3736,2002.85,398.9431109076414,5,18,0,25,25,5,7,34.6,40,2.92,4,0,0,0,0,0,0,0,0,0,0.2,0.72,0.0,1.0,0.0,0.0
CUST004705,29,59712.29,2059.0444827586207,20838.6,4541.446426188457,3,12,0,29,29,6,6,35.86206896551724,70,2.689655172413793,5,0,0,0,0,0,0,0,0,0,0.10344827586206896,0.41379310344827586,0.0,1.0,0.0,0.0
CUST004706,30,12984.71,432.8236666666666,1873.75,448.75970735813723,7,13,0,30,30,5,7,33.333333333333336,40,2.6666666666666665,4,0,0,0,0,0,0,0,0,0,0.23333333333333334,0.43333333333333335,0.0,1.0,0.0,0.0
CUST004707,20,12012.89,600.6445,2600.08,729.6886696932359,6,12,0,20,20,7,6,34.5,40,2.9,4,0,0,0,0,0,0,0,0,0,0.3,0.6,0.0,1.0,0.0,0.0
CUST004708,19,13004.14,684.4284210526315,2122.24,624.8432972999724,1,10,0,19,19,7,3,32.89473684210526,35,2.5789473684210527,3,0,0,0,0,0,0,0,0,0,0.05263157894736842,0.5263157894736842,0.0,1.0,0.0,0.0
CUST004709,21,15758.08,750.384761904762,3509.73,961.6953597143903,3,11,0,21,21,7,3,43.333333333333336,50,3.6666666666666665,5,1,0,0,0,0,0,0,0,0,0.14285714285714285,0.5238095238095238,0.0,1.0,0.0,0.0
CUST004710,21,16326.220000000001,777.4390476190476,3639.67,931.0800348300074,2,12,0,21,21,5,7,33.333333333333336,40,2.6666666666666665,4,0,0,0,0,0,0,0,0,0,0.09523809523809523,0.5714285714285714,0.0,1.0,0.0,0.0
CUST004711,32,21987.61,687.1128125,3003.59,807.4885202548996,9,14,0,32,32,6,7,33.59375,40,2.71875,4,0,0,0,0,0,0,0,0,0,0.28125,0.4375,0.0,1.0,0.0,0.0
CUST004712,23,15291.38,664.8426086956522,3795.9,907.3987300180333,6,9,0,23,23,5,6,33.26086956521739,40,2.652173913043478,4,0,0,0,0,0,0,0,0,0,0.2608695652173913,0.391304347826087,0.0,1.0,0.0,0.0
CUST004713,18,13254.460000000001,736.3588888888889,2015.57,647.2663051624831,6,6,0,18,18,4,3,33.333333333333336,40,2.6666666666666665,4,0,0,0,0,0,0,0,0,0,0.3333333333333333,0.3333333333333333,0.0,1.0,0.0,0.0
CUST004714,28,18005.96,643.0699999999999,2521.81,679.1208138741126,3,16,0,28,28,8,6,33.392857142857146,40,2.6785714285714284,4,0,0,0,0,0,0,0,0,0,0.10714285714285714,0.5714285714285714,0.0,1.0,0.0,0.0
CUST004715,30,12377.23,412.5743333333333,1280.96,362.65074497689756,5,12,0,30,29,6,7,32.833333333333336,40,2.566666666666667,4,0,0,0,0,0,0,0,0,0,0.16666666666666666,0.4,0.0,1.0,0.0,0.0
CUST004716,18,13438.52,746.5844444444444,3798.68,975.2855034309771,3,10,0,18,18,6,6,33.611111111111114,40,2.7222222222222223,4,0,0,0,0,0,0,0,0,0,0.16666666666666666,0.5555555555555556,0.0,1.0,0.0,0.0
CUST004717,29,15059.88,519.3062068965517,2534.27,607.3112144315995,5,12,0,29,29,6,7,32.93103448275862,40,2.586206896551724,4,0,0,0,0,0,0,0,0,0,0.1724137931034483,0.41379310344827586,0.0,1.0,0.0,0.0
CUST004718,25,16326.64,653.0656,2850.81,719.8185923149897,5,14,0,25,25,7,7,33.8,40,2.76,4,0,0,0,0,0,0,0,0,0,0.2,0.56,0.0,1.0,0.0,0.0
CUST004719,20,51981.05,2599.0525000000002,35008.42,7710.886667481637,3,10,0,20,20,4,7,34.75,60,2.75,4,0,0,0,0,0,0,0,0,0,0.15,0.5,0.0,1.0,0.0,0.0
CUST004720,20,15432.09,771.6045,3508.36,1016.3251229305201,6,10,0,20,20,7,4,34.0,40,2.8,4,0,0,0,0,0,0,0,0,0,0.3,0.5,0.0,1.0,0.0,0.0
CUST004721,22,15375.83,698.9013636363636,2901.89,822.9947443232953,1,10,0,22,22,6,7,32.5,40,2.5,4,0,0,0,0,0,0,0,0,0,0.045454545454545456,0.45454545454545453,0.0,1.0,0.0,0.0
CUST004722,23,7608.55,330.80652173913046,1485.69,439.3593371304579,2,9,0,23,23,4,5,32.391304347826086,35,2.4782608695652173,3,0,0,0,0,0,0,0,0,0,0.08695652173913043,0.391304347826087,0.0,1.0,0.0,0.0
CUST004723,21,15355.12,731.1961904761905,2443.73,798.177483260936,5,8,0,21,21,5,4,33.095238095238095,40,2.619047619047619,4,0,0,0,0,0,0,0,0,0,0.23809523809523808,0.38095238095238093,0.0,1.0,0.0,0.0
CUST004724,22,10825.07,492.0486363636364,3444.27,744.7164144206678,4,14,0,22,22,7,5,34.09090909090909,40,2.8181818181818183,4,0,0,0,0,0,0,0,0,0,0.18181818181818182,0.6363636363636364,0.0,1.0,0.0,0.0
CUST004725,18,12994.48,721.9155555555556,1518.59,537.9289013289464,1,8,0,18,17,4,6,32.5,35,2.5,3,0,0,0,0,0,0,0,0,0,0.05555555555555555,0.4444444444444444,0.0,1.0,0.0,0.0
CUST004726,27,50682.29,1877.121851851852,26055.01,5110.365082431856,7,9,0,27,27,5,6,36.111111111111114,75,2.7777777777777777,5,0,0,0,0,0,0,0,0,0,0.25925925925925924,0.3333333333333333,0.0,1.0,0.0,0.0
CUST004727,16,13439.76,839.985,6030.01,1452.5617093948194,4,7,0,16,16,4,5,49.6875,75,3.75,6,0,0,1,0,0,0,0,0,0,0.25,0.4375,0.0,1.0,0.0,0.0
CUST004728,19,11683.4,614.9157894736842,2013.18,583.9941563664618,3,13,0,19,19,5,5,34.21052631578947,40,2.8421052631578947,4,0,0,0,0,0,0,0,0,0,0.15789473684210525,0.6842105263157895,0.0,1.0,0.0,0.0
CUST004729,22,17510.69,795.9404545454545,3554.26,1089.1644407372332,4,12,0,22,22,6,4,43.63636363636363,45,3.727272727272727,4,1,0,0,0,0,0,0,0,0,0.18181818181818182,0.5454545454545454,0.0,1.0,0.0,0.0
CUST004730,23,19850.079999999998,863.046956521739,6608.42,1464.4670291655746,5,9,0,23,23,5,4,33.91304347826087,50,2.652173913043478,4,0,0,0,0,0,0,0,0,0,0.21739130434782608,0.391304347826087,0.0,1.0,0.0,0.0
CUST004731,28,12175.95,434.85535714285714,1872.75,434.70706066126485,4,14,0,28,28,8,6,33.214285714285715,40,2.642857142857143,4,0,0,0,0,0,0,0,0,0,0.14285714285714285,0.5,0.0,1.0,0.0,0.0
CUST004732,27,16643.24,616.4162962962963,6761.99,1283.4866233702517,3,11,0,27,27,7,6,33.333333333333336,60,2.5555555555555554,5,0,0,0,0,0,0,0,0,0,0.1111111111111111,0.4074074074074074,0.0,1.0,0.0,0.0
CUST004733,28,21214.7,757.6678571428572,3775.77,782.2476666033266,4,12,0,28,28,7,6,32.857142857142854,40,2.5714285714285716,4,0,0,0,0,0,0,0,0,0,0.14285714285714285,0.42857142857142855,0.0,1.0,0.0,0.0
CUST004734,38,24773.56,651.9357894736843,3210.34,795.3572052709317,7,13,0,38,37,8,6,32.63157894736842,40,2.526315789473684,4,0,0,0,0,0,0,0,0,0,0.18421052631578946,0.34210526315789475,0.0,1.0,0.0,0.0
CUST004735,15,6864.86,457.6573333333333,1711.84,441.2944599287526,1,12,0,15,15,6,6,34.333333333333336,40,2.8666666666666667,4,0,0,0,0,0,0,0,0,0,0.06666666666666667,0.8,0.0,1.0,0.0,0.0
CUST004736,22,10548.03,479.45590909090913,1712.93,482.36550381732707,6,13,0,22,22,7,5,84.31818181818181,90,3.8636363636363638,5,0,1,0,0,0,0,0,0,0,0.2727272727272727,0.5909090909090909,0.0,1.0,0.0,0.0
CUST004737,22,12077.16,548.9618181818182,1581.79,459.3473351826415,7,9,0,22,22,3,6,33.63636363636363,40,2.727272727272727,4,0,0,0,0,0,0,0,0,0,0.3181818181818182,0.4090909090909091,0.0,1.0,0.0,0.0
CUST004738,23,8551.61,371.8091304347826,1720.94,451.48558397314656,4,7,0,0,23,2,5,12.391304347826088,20,1.4782608695652173,3,0,0,0,0,0,0,0,0,0,0.17391304347826086,0.30434782608695654,0.0,0.0,0.0,0.0
CUST004739,26,15296.66,588.3330769230769,2113.73,609.1874291202616,4,9,0,26,26,6,5,32.5,40,2.5,4,0,0,0,0,0,0,0,0,0,0.15384615384615385,0.34615384615384615,0.0,1.0,0.0,0.0
CUST004740,24,15699.3,654.1374999999999,3211.54,783.6298787457274,2,15,0,24,24,8,7,33.541666666666664,40,2.7083333333333335,4,0,0,0,0,0,0,0,0,0,0.08333333333333333,0.625,0.0,1.0,0.0,0.0
CUST004741,24,14538.52,605.7716666666666,3971.41,963.8500933852944,6,11,0,24,24,7,6,33.541666666666664,40,2.7083333333333335,4,0,0,0,0,0,0,0,0,0,0.25,0.4583333333333333,0.0,1.0,0.0,0.0
CUST004742,24,13974.98,582.2908333333334,4781.83,1175.8388391860535,4,15,0,24,24,6,9,33.958333333333336,40,2.7916666666666665,4,0,0,0,0,0,0,0,0,0,0.16666666666666666,0.625,0.0,1.0,0.0,0.0
CUST004743,25,21562.78,862.5111999999999,3714.41,1155.4836856100567,3,12,0,25,25,6,7,33.0,40,2.6,4,0,0,0,0,0,0,0,0,0,0.12,0.48,0.0,1.0,0.0,0.0
CUST004744,21,13493.74,642.5590476190476,3964.4,916.0482529370643,6,9,0,21,21,4,5,33.57142857142857,40,2.7142857142857144,4,0,0,0,0,0,0,0,0,0,0.2857142857142857,0.42857142857142855,0.0,1.0,0.0,0.0
CUST004745,18,11111.69,617.3161111111111,3259.44,824.0530716928006,1,10,0,18,18,9,7,33.05555555555556,40,2.611111111111111,4,0,0,0,0,0,0,0,0,0,0.05555555555555555,0.5555555555555556,0.0,1.0,0.0,0.0
CUST004746,30,18074.75,602.4916666666667,2725.06,700.4421905215617,7,15,0,30,30,6,8,33.666666666666664,40,2.7333333333333334,4,0,0,0,0,0,0,0,0,0,0.23333333333333334,0.5,0.0,1.0,0.0,0.0
CUST004747,28,20799.73,742.8475,3184.7,810.9340645235156,6,15,0,28,28,5,7,33.75,40,2.75,4,0,0,0,0,0,0,0,0,0,0.21428571428571427,0.5357142857142857,0.0,1.0,0.0,0.0
CUST004748,23,25158.07,1093.8291304347827,8851.53,1940.1228094233275,4,8,0,23,23,5,5,34.78260869565217,85,2.652173913043478,6,0,0,0,1,0,0,0,0,0,0.17391304347826086,0.34782608695652173,0.0,1.0,0.043478260869565216,0.0
CUST004749,28,31415.010000000002,1121.964642857143,13545.54,2564.5918734891397,1,12,0,28,28,8,5,33.035714285714285,50,2.5,3,0,0,0,0,0,0,0,0,0,0.03571428571428571,0.42857142857142855,0.0,1.0,0.0,0.0
CUST004750,20,34120.5,1706.025,27315.27,6035.688403197226,3,9,0,20,20,5,5,35.25,80,2.75,6,0,0,0,0,0,0,0,0,0,0.15,0.45,0.0,1.0,0.0,0.0
CUST004751,26,28384.97,1091.7296153846155,7418.31,1974.267967105744,2,14,0,26,26,6,8,34.61538461538461,55,2.6923076923076925,4,0,0,0,0,0,0,0,0,0,0.07692307692307693,0.5384615384615384,0.0,1.0,0.0,0.0
CUST004752,35,12886.32,368.1805714285714,2539.49,500.9397594635791,7,17,0,35,35,8,8,33.42857142857143,40,2.6857142857142855,4,0,0,0,0,0,0,0,0,0,0.2,0.4857142857142857,0.0,1.0,0.0,0.0
CUST004753,18,16397.39,910.9661111111111,5978.54,1486.2431674572636,2,13,0,18,18,7,5,35.27777777777778,55,2.888888888888889,4,0,0,0,0,0,0,0,0,0,0.1111111111111111,0.7222222222222222,0.0,1.0,0.0,0.0
CUST004754,24,17984.01,749.3337499999999,3936.84,1015.1332442283132,6,13,0,24,24,7,7,33.958333333333336,40,2.7916666666666665,4,0,0,0,0,0,0,0,0,0,0.25,0.5416666666666666,0.0,1.0,0.0,0.0
CUST004755,23,29285.58,1273.2860869565218,13404.58,2801.860738935563,3,10,0,23,23,6,6,33.69565217391305,50,2.608695652173913,4,0,0,0,0,0,0,0,0,0,0.13043478260869565,0.43478260869565216,0.0,1.0,0.0,0.0
CUST004756,22,12526.31,569.3777272727273,2767.89,659.9393866462054,4,10,0,22,22,7,3,33.18181818181818,40,2.6363636363636362,4,0,0,0,0,0,0,0,0,0,0.18181818181818182,0.45454545454545453,0.0,1.0,0.0,0.0
CUST004757,22,11582.7,526.4863636363636,2048.09,590.8596027463511,2,10,0,22,22,7,6,32.72727272727273,40,2.5454545454545454,4,0,0,0,0,0,0,0,0,0,0.09090909090909091,0.45454545454545453,0.0,1.0,0.0,0.0
CUST004758,22,10598.37,481.74409090909097,2432.58,630.8316967053747,2,17,0,22,22,9,7,34.31818181818182,40,2.8636363636363638,4,0,0,0,0,0,0,0,0,0,0.09090909090909091,0.7727272727272727,0.0,1.0,0.0,0.0
CUST004759,18,58962.380000000005,3275.687777777778,36258.61,8726.350228415731,4,10,0,18,18,7,5,38.611111111111114,80,3.0555555555555554,6,0,0,0,0,0,0,0,0,0,0.2222222222222222,0.5555555555555556,0.0,1.0,0.0,0.0
CUST004760,24,13839.61,576.6504166666667,3136.31,874.9730446107875,8,10,0,24,24,4,7,33.75,40,2.75,4,0,0,0,0,0,0,0,0,0,0.3333333333333333,0.4166666666666667,0.0,1.0,0.0,0.0
CUST004761,32,33033.18,1032.286875,6309.68,1509.770085642048,9,20,0,32,31,8,8,35.15625,55,2.9375,4,0,0,0,0,0,0,0,0,0,0.28125,0.625,0.0,1.0,0.0,0.0
CUST004762,19,22552.690000000002,1186.9836842105265,5127.09,1269.1776550069758,3,8,0,19,19,6,4,33.94736842105263,60,2.6315789473684212,5,0,0,0,0,0,0,0,0,0,0.15789473684210525,0.42105263157894735,0.0,1.0,0.0,0.0
CUST004763,21,18509.649999999998,881.4119047619047,5628.41,1383.8284905421592,1,10,0,21,21,7,5,34.285714285714285,75,2.619047619047619,6,0,0,0,0,0,0,0,0,0,0.047619047619047616,0.47619047619047616,0.0,1.0,0.0,0.0
CUST004764,21,20261.2,964.8190476190476,5812.03,1327.0048736869987,3,5,0,21,21,5,2,34.285714285714285,65,2.5238095238095237,4,0,0,0,0,0,0,0,0,0,0.14285714285714285,0.23809523809523808,0.0,1.0,0.0,0.0
CUST004765,25,45144.55,1805.7820000000002,12558.87,2931.039608867475,4,14,0,25,25,5,9,36.6,65,2.88,5,0,0,0,0,0,0,0,0,0,0.16,0.56,0.0,1.0,0.0,0.0
CUST004766,21,15821.07,753.3842857142857,4995.53,1164.3311498949574,3,7,0,21,21,6,3,42.38095238095238,50,3.4761904761904763,5,1,0,0,0,0,0,0,0,0,0.14285714285714285,0.3333333333333333,0.0,1.0,0.0,0.0
CUST004767,20,10943.619999999999,547.1809999999999,4212.5,945.7003180539639,2,12,0,20,20,7,7,33.5,40,2.7,4,0,0,0,0,0,0,0,0,0,0.1,0.6,0.0,1.0,0.0,0.0
CUST004768,32,31961.8,998.80625,8510.81,2161.828237077172,7,15,0,32,32,7,6,37.03125,90,2.90625,7,0,0,0,2,0,0,0,0,0,0.21875,0.46875,0.0,1.0,0.0625,0.0
CUST004769,25,22841.86,913.6744,3742.85,995.6826044690813,5,12,0,25,25,7,6,33.4,40,2.68,4,0,0,0,0,0,0,0,0,0,0.2,0.48,0.0,1.0,0.0,0.0
CUST004770,22,16267.64,739.4381818181818,5214.52,1335.2582557216142,3,13,0,22,22,7,5,34.54545454545455,55,2.772727272727273,4,0,0,0,0,0,0,0,0,0,0.13636363636363635,0.5909090909090909,0.0,1.0,0.0,0.0
CUST004771,24,29588.1,1232.8374999999999,6848.04,1549.2066722772206,7,12,0,24,24,7,6,34.791666666666664,60,2.8333333333333335,5,0,0,0,0,0,0,0,0,0,0.2916666666666667,0.5,0.0,1.0,0.0,0.0
CUST004772,24,19343.79,805.99125,3632.34,1108.9500020536955,6,12,0,24,24,6,5,33.75,40,2.75,4,0,0,0,0,0,0,0,0,0,0.25,0.5,0.0,1.0,0.0,0.0
CUST004773,23,12032.09,523.1343478260869,2406.62,609.8089069672571,5,13,0,23,23,9,6,33.91304347826087,40,2.782608695652174,4,0,0,0,0,0,0,0,0,0,0.21739130434782608,0.5652173913043478,0.0,1.0,0.0,0.0
CUST004774,26,26127.079999999998,1004.8876923076922,7118.42,1706.9339733341947,5,14,0,26,26,5,7,35.19230769230769,55,2.8076923076923075,4,0,0,0,0,0,0,0,0,0,0.19230769230769232,0.5384615384615384,0.0,1.0,0.0,0.0
CUST004775,23,11011.94,478.78000000000003,2397.04,530.6421791993683,2,12,0,23,23,5,6,33.04347826086956,40,2.608695652173913,4,0,0,0,0,0,0,0,0,0,0.08695652173913043,0.5217391304347826,0.0,1.0,0.0,0.0
CUST004776,31,19105.45,616.3048387096775,4934.43,907.7016205261543,6,13,0,31,31,6,5,33.064516129032256,40,2.6129032258064515,4,0,0,0,0,0,0,0,0,0,0.1935483870967742,0.41935483870967744,0.0,1.0,0.0,0.0
CUST004777,27,27438.38,1016.2362962962964,5532.0,1586.2839916056066,6,7,0,2,27,2,7,13.88888888888889,35,1.5555555555555556,3,0,0,0,0,0,0,0,0,0,0.2222222222222222,0.25925925925925924,0.0,0.07407407407407407,0.0,0.0
CUST004778,26,15220.37,585.3988461538462,3280.77,730.6493501664224,7,16,0,26,26,8,8,34.42307692307692,40,2.8846153846153846,4,0,0,0,0,0,0,0,0,0,0.2692307692307692,0.6153846153846154,0.0,1.0,0.0,0.0
CUST004779,24,33154.79,1381.4495833333333,9421.13,2468.1211099758684,4,14,0,24,24,8,5,36.666666666666664,75,2.9166666666666665,6,0,0,0,2,0,0,0,0,0,0.16666666666666666,0.5833333333333334,0.0,1.0,0.08333333333333333,0.0
CUST004780,21,30104.69,1433.5566666666666,6586.23,2039.8386038467195,6,9,0,21,21,4,4,36.42857142857143,60,2.857142857142857,5,0,0,0,0,0,0,0,0,0,0.2857142857142857,0.42857142857142855,0.0,1.0,0.0,0.0
CUST004781,21,15860.449999999999,755.2595238095238,4133.65,1143.644396036094,2,13,0,21,21,8,7,33.57142857142857,40,2.7142857142857144,4,0,0,0,0,0,0,0,0,0,0.09523809523809523,0.6190476190476191,0.0,1.0,0.0,0.0
CUST004782,18,12786.34,710.3522222222223,3153.66,742.0987006144094,2,8,0,18,18,5,4,32.77777777777778,40,2.5555555555555554,4,0,0,0,0,0,0,0,0,0,0.1111111111111111,0.4444444444444444,0.0,1.0,0.0,0.0
CUST004783,29,19619.34,676.5289655172414,3966.01,917.8025583477122,7,14,0,29,29,8,7,33.62068965517241,40,2.7241379310344827,4,0,0,0,0,0,0,0,0,0,0.2413793103448276,0.4827586206896552,0.0,1.0,0.0,0.0
CUST004784,22,29743.94,1351.9972727272727,6301.84,1815.1214075232958,6,8,0,22,22,4,6,35.0,50,2.727272727272727,4,0,0,0,0,0,0,0,0,0,0.2727272727272727,0.36363636363636365,0.0,1.0,0.0,0.0
CUST004785,30,29225.61,974.187,7613.84,1473.1884891695715,3,9,0,30,30,7,8,32.666666666666664,50,2.433333333333333,4,0,0,0,0,0,0,0,0,0,0.1,0.3,0.0,1.0,0.0,0.0
CUST004786,24,13446.24,560.26,3669.82,909.458813949024,2,11,0,24,24,5,7,32.708333333333336,40,2.5416666666666665,4,0,0,0,0,0,0,0,0,0,0.08333333333333333,0.4583333333333333,0.0,1.0,0.0,0.0
CUST004787,24,24880.03,1036.6679166666665,4189.15,1276.8146725074291,9,10,0,24,24,5,7,35.208333333333336,50,2.875,4,0,0,0,0,0,0,0,0,0,0.375,0.4166666666666667,0.0,1.0,0.0,0.0
CUST004788,23,11558.81,502.5569565217391,5034.79,1021.5509433451701,3,12,0,23,23,8,6,34.130434782608695,55,2.6956521739130435,4,0,0,0,0,0,0,0,0,0,0.13043478260869565,0.5217391304347826,0.0,1.0,0.0,0.0
CUST004789,21,29933.72,1425.4152380952382,8152.79,1957.4257583357255,4,9,0,21,21,5,7,34.76190476190476,70,2.7142857142857144,5,0,0,0,1,0,0,0,0,0,0.19047619047619047,0.42857142857142855,0.0,1.0,0.047619047619047616,0.0
CUST004790,32,19029.28,594.665,4900.96,907.4700559567046,3,19,0,32,32,6,8,33.90625,45,2.71875,3,0,0,0,0,0,0,0,0,0,0.09375,0.59375,0.0,1.0,0.0,0.0
CUST004791,16,11967.88,747.9925,4192.48,1121.9510240618051,1,8,0,16,16,4,4,32.8125,35,2.5625,3,0,0,0,0,0,0,0,0,0,0.0625,0.5,0.0,1.0,0.0,0.0
CUST004792,37,25842.77,698.4532432432433,4308.73,820.812466313625,10,25,0,37,37,10,8,34.729729729729726,40,2.945945945945946,4,0,0,0,0,0,0,0,0,0,0.2702702702702703,0.6756756756756757,0.0,1.0,0.0,0.0
CUST004793,24,17624.73,734.36375,3173.91,779.4642662574613,8,13,0,24,24,5,9,34.375,40,2.875,4,0,0,0,0,0,0,0,0,0,0.3333333333333333,0.5416666666666666,0.0,1.0,0.0,0.0
CUST004794,18,17877.63,993.2016666666667,4098.58,1024.8525330433126,4,7,0,18,18,3,4,33.05555555555556,40,2.611111111111111,4,0,0,0,0,0,0,0,0,0,0.2222222222222222,0.3888888888888889,0.0,1.0,0.0,0.0
CUST004795,26,11261.789999999999,433.1457692307692,2040.59,476.9161634851398,3,14,0,26,26,9,5,33.26923076923077,40,2.6538461538461537,4,0,0,0,0,0,0,0,0,0,0.11538461538461539,0.5384615384615384,0.0,1.0,0.0,0.0
CUST004796,20,12615.04,630.7520000000001,3699.93,831.796370599895,2,10,0,20,20,4,4,33.0,40,2.6,4,0,0,0,0,0,0,0,0,0,0.1,0.5,0.0,1.0,0.0,0.0
CUST004797,25,22719.59,908.7836,5521.23,1286.085995954651,2,13,0,25,25,7,6,43.8,60,3.64,5,1,0,0,0,0,0,0,0,0,0.08,0.52,0.0,1.0,0.0,0.0
CUST004798,31,18462.43,595.5622580645162,2735.73,719.6578097017577,5,17,0,31,31,6,8,33.54838709677419,40,2.7096774193548385,4,0,0,0,0,0,0,0,0,0,0.16129032258064516,0.5483870967741935,0.0,1.0,0.0,0.0
CUST004799,20,17391.100000000002,869.5550000000001,6027.65,1439.7995457317918,4,11,0,20,20,3,7,34.75,55,2.8,4,0,0,0,0,0,0,0,0,0,0.2,0.55,0.0,1.0,0.0,0.0
CUST004800,21,22127.88,1053.7085714285715,8218.92,1837.3643279172632,4,11,0,21,21,5,8,35.23809523809524,65,2.8095238095238093,4,0,0,0,1,0,0,0,0,0,0.19047619047619047,0.5238095238095238,0.0,1.0,0.047619047619047616,0.0
CUST004801,23,25880.55,1125.2413043478261,10827.89,2182.570029538372,8,13,0,23,23,5,7,35.43478260869565,55,2.9565217391304346,4,0,0,0,0,0,0,0,0,0,0.34782608695652173,0.5652173913043478,0.0,1.0,0.0,0.0
CUST004802,28,25112.33,896.8689285714287,10025.83,1857.7157927498336,7,15,0,28,28,5,7,34.642857142857146,50,2.8214285714285716,4,0,0,0,0,0,0,0,0,0,0.25,0.5357142857142857,0.0,1.0,0.0,0.0
CUST004803,24,23371.16,973.7983333333333,6089.45,1619.3364244590157,3,11,0,24,24,4,8,49.375,90,3.6666666666666665,7,0,0,1,0,0,0,0,0,0,0.125,0.4583333333333333,0.0,1.0,0.0,0.0
CUST004804,20,9588.369999999999,479.41849999999994,2127.11,613.9666598549314,3,11,0,20,20,5,8,33.5,40,2.7,4,0,0,0,0,0,0,0,0,0,0.15,0.55,0.0,1.0,0.0,0.0
CUST004805,20,15399.14,769.957,3839.25,963.9753178162539,1,16,0,20,20,8,7,34.25,40,2.85,4,0,0,0,0,0,0,0,0,0,0.05,0.8,0.0,1.0,0.0,0.0
CUST004806,31,23425.27,755.6538709677419,4640.23,965.7997952497795,5,12,0,31,31,7,7,32.74193548387097,40,2.5483870967741935,4,0,0,0,0,0,0,0,0,0,0.16129032258064516,0.3870967741935484,0.0,1.0,0.0,0.0
CUST004807,26,22731.58,874.2915384615385,6428.35,1333.7832020855335,4,14,0,26,26,7,6,34.23076923076923,55,2.730769230769231,4,0,0,0,0,0,0,0,0,0,0.15384615384615385,0.5384615384615384,0.0,1.0,0.0,0.0
CUST004808,21,8835.65,420.74523809523805,2900.17,679.1103061330982,2,11,0,21,21,7,5,33.095238095238095,35,2.619047619047619,3,0,0,0,0,0,0,0,0,0,0.09523809523809523,0.5238095238095238,0.0,1.0,0.0,0.0
CUST004809,22,7591.96,345.0890909090909,1435.79,371.5914378775379,3,10,0,22,22,9,3,32.95454545454545,40,2.590909090909091,4,0,0,0,0,0,0,0,0,0,0.13636363636363635,0.45454545454545453,0.0,1.0,0.0,0.0
CUST004810,27,20570.71,761.8781481481482,3874.4,1023.5317301046678,7,15,0,27,27,6,6,34.074074074074076,40,2.814814814814815,4,0,0,0,0,0,0,0,0,0,0.25925925925925924,0.5555555555555556,0.0,1.0,0.0,0.0
CUST004811,23,15513.05,674.4804347826087,7345.36,1485.6367202206548,3,11,0,23,23,4,7,34.56521739130435,70,2.6956521739130435,5,0,0,0,0,0,0,0,0,0,0.13043478260869565,0.4782608695652174,0.0,1.0,0.0,0.0
CUST004812,26,33389.71,1284.2196153846153,14883.21,3185.77157624897,6,16,0,26,26,8,8,36.34615384615385,75,2.9615384615384617,6,0,0,0,0,0,0,0,0,0,0.23076923076923078,0.6153846153846154,0.0,1.0,0.0,0.0
CUST004813,31,40701.130000000005,1312.939677419355,18879.82,3451.0096774765148,6,10,0,31,31,7,6,34.83870967741935,70,2.6451612903225805,5,0,0,0,0,0,0,0,0,0,0.1935483870967742,0.3225806451612903,0.0,1.0,0.0,0.0
CUST004814,25,12300.05,492.00199999999995,3044.3,727.4066487243111,2,17,0,25,25,4,10,33.8,40,2.76,4,0,0,0,0,0,0,0,0,0,0.08,0.68,0.0,1.0,0.0,0.0
CUST004815,25,14920.23,596.8092,2621.27,636.0509615059682,2,12,0,25,25,6,6,32.8,40,2.56,4,0,0,0,0,0,0,0,0,0,0.08,0.48,0.0,1.0,0.0,0.0
CUST004816,29,31095.21,1072.2486206896551,9988.8,2289.191336934952,7,17,0,29,29,8,8,37.58620689655172,85,3.0344827586206895,6,0,0,0,2,0,0,0,0,0,0.2413793103448276,0.5862068965517241,0.0,1.0,0.06896551724137931,0.0
CUST004817,25,25819.149999999998,1032.7659999999998,8734.55,1782.3906298353902,2,10,0,25,25,6,4,33.8,70,2.56,5,0,0,0,1,0,0,0,0,0,0.08,0.4,0.0,1.0,0.04,0.0
CUST004818,20,11511.61,575.5805,2435.51,719.6947575149298,3,7,0,20,20,4,6,32.5,35,2.5,3,0,0,0,0,0,0,0,0,0,0.15,0.35,0.0,1.0,0.0,0.0
CUST004819,27,27477.68,1017.6918518518519,6589.94,1698.8543581009953,3,12,0,27,27,7,4,34.25925925925926,50,2.6296296296296298,4,0,0,0,0,0,0,0,0,0,0.1111111111111111,0.4444444444444444,0.0,1.0,0.0,0.0
CUST004820,29,15292.69,527.3341379310345,2271.54,558.0623739941445,2,14,0,29,29,5,7,32.758620689655174,40,2.5517241379310347,4,0,0,0,0,0,0,0,0,0,0.06896551724137931,0.4827586206896552,0.0,1.0,0.0,0.0
CUST004821,30,24778.48,825.9493333333334,4206.7,1040.753771843483,7,15,0,30,30,5,7,33.666666666666664,40,2.7333333333333334,4,0,0,0,0,0,0,0,0,0,0.23333333333333334,0.5,0.0,1.0,0.0,0.0
CUST004822,22,17208.84,782.22,4164.33,990.679045527672,2,14,0,22,22,9,5,33.63636363636363,40,2.727272727272727,4,0,0,0,0,0,0,0,0,0,0.09090909090909091,0.6363636363636364,0.0,1.0,0.0,0.0
CUST004823,18,11655.1,647.5055555555556,2041.58,571.8626919238385,3,8,0,18,18,4,6,33.05555555555556,40,2.611111111111111,4,0,0,0,0,0,0,0,0,0,0.16666666666666666,0.4444444444444444,0.0,1.0,0.0,0.0
CUST004824,35,38533.84,1100.966857142857,10912.14,1992.3104029489618,5,20,0,35,35,5,10,34.714285714285715,50,2.7714285714285714,4,0,0,0,0,0,0,0,0,0,0.14285714285714285,0.5714285714285714,0.0,1.0,0.0,0.0
CUST004825,33,23137.62,701.14,3062.46,732.8516786158028,1,14,0,33,33,6,8,42.27272727272727,45,3.4545454545454546,4,1,0,0,0,0,0,0,0,0,0.030303030303030304,0.42424242424242425,0.0,1.0,0.0,0.0
CUST004826,22,23729.3,1078.6045454545454,8954.22,1900.7312400325034,4,6,0,22,22,3,4,33.86363636363637,65,2.5454545454545454,4,0,0,0,1,0,0,0,0,0,0.18181818181818182,0.2727272727272727,0.0,1.0,0.045454545454545456,0.0
CUST004827,26,26337.9,1012.9961538461539,9414.3,2124.8266045399128,5,10,0,26,25,5,8,35.0,65,2.6923076923076925,4,0,0,0,1,0,0,0,0,0,0.19230769230769232,0.38461538461538464,0.0,1.0,0.038461538461538464,0.0
CUST004828,23,13672.77,594.4682608695653,3029.86,792.9072509594743,2,14,0,23,23,7,7,33.47826086956522,40,2.6956521739130435,4,0,0,0,0,0,0,0,0,0,0.08695652173913043,0.6086956521739131,0.0,1.0,0.0,0.0
CUST004829,26,20252.68,778.9492307692308,2849.11,871.6119041450643,5,7,0,26,26,5,5,32.30769230769231,40,2.4615384615384617,4,0,0,0,0,0,0,0,0,0,0.19230769230769232,0.2692307692307692,0.0,1.0,0.0,0.0
CUST004830,26,29490.38,1134.2453846153846,11214.85,2199.312736596104,4,13,0,26,26,8,6,34.61538461538461,65,2.730769230769231,4,0,0,0,0,0,0,0,0,0,0.15384615384615385,0.5,0.0,1.0,0.0,0.0
CUST004831,19,6796.29,357.69947368421055,895.56,282.1903947391565,5,7,0,19,19,4,5,43.1578947368421,50,3.6315789473684212,5,1,0,0,0,0,0,0,0,0,0.2631578947368421,0.3684210526315789,0.0,1.0,0.0,0.0
CUST004832,19,8578.48,451.49894736842106,1923.28,446.32443593191437,3,10,0,19,19,5,6,48.421052631578945,55,3.6842105263157894,5,0,0,1,0,0,0,0,0,0,0.15789473684210525,0.5263157894736842,0.0,1.0,0.0,0.0
CUST004833,29,24532.18,845.9372413793103,4354.82,1009.1517408974747,6,17,0,29,29,7,8,48.96551724137931,55,3.793103448275862,5,0,0,1,0,0,0,0,0,0,0.20689655172413793,0.5862068965517241,0.0,1.0,0.0,0.0
CUST004834,23,9379.73,407.81434782608693,1673.65,338.00205718612915,2,8,0,23,23,5,5,32.17391304347826,40,2.4347826086956523,4,0,0,0,0,0,0,0,0,0,0.08695652173913043,0.34782608695652173,0.0,1.0,0.0,0.0
CUST004835,32,18761.58,586.299375,2840.38,627.3625678825936,5,19,0,32,32,6,9,33.75,40,2.75,4,0,0,0,0,0,0,0,0,0,0.15625,0.59375,0.0,1.0,0.0,0.0
CUST004836,27,16270.89,602.6255555555555,2870.26,712.1482385081468,5,12,0,27,27,7,5,33.148148148148145,40,2.6296296296296298,4,0,0,0,0,0,0,0,0,0,0.18518518518518517,0.4444444444444444,0.0,1.0,0.0,0.0
CUST004837,21,12369.17,589.0080952380953,3078.52,769.9736237665486,2,10,0,21,21,5,6,32.857142857142854,40,2.5714285714285716,4,0,0,0,0,0,0,0,0,0,0.09523809523809523,0.47619047619047616,0.0,1.0,0.0,0.0
CUST004838,23,15648.92,680.3878260869566,2529.07,715.3728523514316,3,14,0,23,23,7,6,33.69565217391305,40,2.739130434782609,4,0,0,0,0,0,0,0,0,0,0.13043478260869565,0.6086956521739131,0.0,1.0,0.0,0.0
CUST004839,31,27065.1,873.0677419354838,9124.46,1865.4670134896687,6,15,0,31,31,6,8,34.516129032258064,70,2.7419354838709675,5,0,0,0,1,0,0,0,0,0,0.1935483870967742,0.4838709677419355,0.0,1.0,0.03225806451612903,0.0
CUST004840,34,29291.32,861.5094117647059,10776.91,1859.847813641948,5,16,0,34,34,10,5,33.6764705882353,50,2.6470588235294117,4,0,0,0,0,0,0,0,0,0,0.14705882352941177,0.47058823529411764,0.0,1.0,0.0,0.0
CUST004841,23,24816.489999999998,1078.9778260869564,6476.6,1750.1969181130253,4,10,0,23,23,6,5,49.78260869565217,70,3.6956521739130435,5,0,0,1,0,0,0,0,0,0,0.17391304347826086,0.43478260869565216,0.0,1.0,0.0,0.0
CUST004842,29,24975.489999999998,861.2237931034482,7627.68,1549.0093286088504,5,15,0,29,29,6,6,34.13793103448276,55,2.7241379310344827,4,0,0,0,0,0,0,0,0,0,0.1724137931034483,0.5172413793103449,0.0,1.0,0.0,0.0
CUST004843,21,21305.53,1014.5490476190475,6488.02,1441.970830176203,2,12,0,21,21,6,8,34.285714285714285,50,2.7142857142857144,4,0,0,0,0,0,0,0,0,0,0.09523809523809523,0.5714285714285714,0.0,1.0,0.0,0.0
CUST004844,15,13861.87,924.1246666666667,4949.2,1338.1539602477237,4,5,0,15,15,3,5,33.0,40,2.6,4,0,0,0,0,0,0,0,0,0,0.26666666666666666,0.3333333333333333,0.0,1.0,0.0,0.0
CUST004845,23,15136.5,658.1086956521739,3274.93,695.3047246240924,2,9,0,23,23,3,7,32.391304347826086,40,2.4782608695652173,4,0,0,0,0,0,0,0,0,0,0.08695652173913043,0.391304347826087,0.0,1.0,0.0,0.0
CUST004846,26,16610.77,638.8757692307693,3647.21,874.4066416910297,2,10,0,26,26,6,6,32.30769230769231,40,2.4615384615384617,4,0,0,0,0,0,0,0,0,0,0.07692307692307693,0.38461538461538464,0.0,1.0,0.0,0.0
CUST004847,26,26734.739999999998,1028.2592307692307,13550.32,2614.1576463341653,5,14,0,26,26,7,6,35.0,75,2.8076923076923075,6,0,0,0,0,0,0,0,0,0,0.19230769230769232,0.5384615384615384,0.0,1.0,0.0,0.0
CUST004848,18,12708.390000000001,706.0216666666668,2722.85,858.3082578383652,4,10,0,18,18,5,7,33.888888888888886,40,2.7777777777777777,4,0,0,0,0,0,0,0,0,0,0.2222222222222222,0.5555555555555556,0.0,1.0,0.0,0.0
CUST004849,24,10803.8,450.1583333333333,2833.18,579.6064470690935,2,13,0,24,24,5,7,33.125,40,2.625,4,0,0,0,0,0,0,0,0,0,0.08333333333333333,0.5416666666666666,0.0,1.0,0.0,0.0
CUST004850,20,8814.46,440.72299999999996,2508.14,589.8320059947488,3,11,0,20,20,4,8,33.5,40,2.7,4,0,0,0,0,0,0,0,0,0,0.15,0.55,0.0,1.0,0.0,0.0
CUST004851,23,11090.62,482.20086956521743,1516.26,391.7500665302844,2,12,0,23,23,7,7,33.04347826086956,40,2.608695652173913,4,0,0,0,0,0,0,0,0,0,0.08695652173913043,0.5217391304347826,0.0,1.0,0.0,0.0
CUST004852,28,19019.98,679.285,2819.45,673.4454342904604,4,12,0,28,28,7,7,32.857142857142854,40,2.5714285714285716,4,0,0,0,0,0,0,0,0,0,0.14285714285714285,0.42857142857142855,0.0,1.0,0.0,0.0
CUST004853,24,15497.25,645.71875,2233.64,640.7469714346822,3,8,0,24,24,5,5,47.291666666666664,55,3.4583333333333335,5,0,0,1,0,0,0,0,0,0,0.125,0.3333333333333333,0.0,1.0,0.0,0.0
CUST004854,25,12437.33,497.4932,2379.83,542.2300181097809,3,10,0,25,25,6,5,32.6,40,2.52,4,0,0,0,0,0,0,0,0,0,0.12,0.4,0.0,1.0,0.0,0.0
CUST004855,25,28091.36,1123.6544000000001,9429.49,2130.962090418473,4,13,0,25,25,7,6,36.8,80,2.88,5,0,0,0,1,0,0,0,0,0,0.16,0.52,0.0,1.0,0.04,0.0
CUST004856,20,11041.81,552.0905,2399.92,674.4470750448688,3,6,0,20,19,3,5,42.25,50,3.45,5,1,0,0,0,0,0,0,0,0,0.15,0.3,0.0,1.0,0.0,0.0
CUST004857,23,76361.93,3320.083913043478,50000.0,10401.112275522937,3,14,0,23,23,6,7,36.52173913043478,80,2.9130434782608696,6,0,0,0,0,0,0,0,0,0,0.13043478260869565,0.6086956521739131,0.0,1.0,0.0,0.0
CUST004858,23,13087.28,569.0121739130435,1758.36,484.25088839226265,4,11,0,23,23,8,4,33.26086956521739,40,2.652173913043478,4,0,0,0,0,0,0,0,0,0,0.17391304347826086,0.4782608695652174,0.0,1.0,0.0,0.0
CUST004859,17,32809.78,1929.9870588235294,17945.78,4444.878338177216,1,7,0,17,17,6,6,34.705882352941174,55,2.588235294117647,4,0,0,0,0,0,0,0,0,0,0.058823529411764705,0.4117647058823529,0.0,1.0,0.0,0.0
CUST004860,24,15075.0,628.125,3691.72,792.2155386717957,4,14,0,24,24,6,9,33.75,40,2.75,4,0,0,0,0,0,0,0,0,0,0.16666666666666666,0.5833333333333334,0.0,1.0,0.0,0.0
CUST004861,16,8889.31,555.581875,1430.42,371.6325628757299,3,8,0,16,16,6,3,33.4375,40,2.6875,4,0,0,0,0,0,0,0,0,0,0.1875,0.5,0.0,1.0,0.0,0.0
CUST004862,29,24874.56,857.7434482758621,7386.66,1384.5855818652428,2,12,0,29,29,8,5,33.10344827586207,50,2.5172413793103448,3,0,0,0,0,0,0,0,0,0,0.06896551724137931,0.41379310344827586,0.0,1.0,0.0,0.0
CUST004863,28,16574.95,591.9625,2342.64,600.5912125109478,6,17,0,28,27,7,7,34.107142857142854,40,2.8214285714285716,4,0,0,0,0,0,0,0,0,0,0.21428571428571427,0.6071428571428571,0.0,1.0,0.0,0.0
CUST004864,27,31562.01,1168.9633333333334,6947.15,1877.2859752230695,4,11,0,27,27,6,7,34.25925925925926,55,2.6296296296296298,4,0,0,0,0,0,0,0,0,0,0.14814814814814814,0.4074074074074074,0.0,1.0,0.0,0.0
CUST004865,18,11002.94,611.2744444444445,2844.61,703.0741836787605,3,12,0,18,18,3,8,34.166666666666664,40,2.8333333333333335,4,0,0,0,0,0,0,0,0,0,0.16666666666666666,0.6666666666666666,0.0,1.0,0.0,0.0
CUST004866,26,13966.39,537.1688461538462,2161.27,562.7535626636364,5,12,0,26,26,7,6,33.26923076923077,40,2.6538461538461537,4,0,0,0,0,0,0,0,0,0,0.19230769230769232,0.46153846153846156,0.0,1.0,0.0,0.0
CUST004867,26,18132.83,697.4165384615385,2368.79,616.4719054227357,6,10,0,26,26,5,5,33.07692307692308,40,2.6153846153846154,4,0,0,0,0,0,0,0,0,0,0.23076923076923078,0.38461538461538464,0.0,1.0,0.0,0.0
CUST004868,19,8044.6,423.40000000000003,1765.03,465.5347518595028,4,7,0,19,19,3,4,32.89473684210526,40,2.5789473684210527,4,0,0,0,0,0,0,0,0,0,0.21052631578947367,0.3684210526315789,0.0,1.0,0.0,0.0
CUST004869,20,9709.4,485.46999999999997,1550.5,459.32367688523135,2,9,0,20,19,5,5,32.75,40,2.55,4,0,0,0,0,0,0,0,0,0,0.1,0.45,0.0,1.0,0.0,0.0
CUST004870,19,6418.37,337.80894736842106,1353.27,371.5103486055976,0,6,0,19,19,4,3,31.57894736842105,35,2.3157894736842106,3,0,0,0,0,0,0,0,0,0,0.0,0.3157894736842105,0.0,1.0,0.0,0.0
CUST004871,32,31724.01,991.3753125,14389.73,2610.467591014181,2,10,0,32,32,5,7,32.96875,65,2.4375,4,0,0,0,0,0,0,0,0,0,0.0625,0.3125,0.0,1.0,0.0,0.0
CUST004872,27,21431.719999999998,793.7674074074073,3698.46,1039.5613275341473,3,14,0,27,27,8,7,33.148148148148145,35,2.6296296296296298,3,0,0,0,0,0,0,0,0,0,0.1111111111111111,0.5185185185185185,0.0,1.0,0.0,0.0
CUST004873,17,6025.0,354.4117647058824,1047.93,279.2267353163754,3,10,0,17,17,6,7,33.8235294117647,40,2.764705882352941,4,0,0,0,0,0,0,0,0,0,0.17647058823529413,0.5882352941176471,0.0,1.0,0.0,0.0
CUST004874,27,19098.66,707.3577777777778,4821.96,1073.293144185879,8,10,0,27,27,6,6,33.333333333333336,40,2.6666666666666665,4,0,0,0,0,0,0,0,0,0,0.2962962962962963,0.37037037037037035,0.0,1.0,0.0,0.0
CUST004875,19,13520.72,711.6168421052631,2045.0,604.3420818547926,3,11,0,19,19,5,6,33.68421052631579,40,2.736842105263158,4,0,0,0,0,0,0,0,0,0,0.15789473684210525,0.5789473684210527,0.0,1.0,0.0,0.0
CUST004876,22,25570.25,1162.284090909091,8435.15,2090.202388436422,4,13,0,22,22,6,5,36.36363636363637,70,2.909090909090909,5,0,0,0,1,0,0,0,0,0,0.18181818181818182,0.5909090909090909,0.0,1.0,0.045454545454545456,0.0
CUST004877,15,8986.56,599.1039999999999,2560.55,808.5760957015735,1,9,0,15,15,5,6,33.333333333333336,40,2.6666666666666665,4,0,0,0,0,0,0,0,0,0,0.06666666666666667,0.6,0.0,1.0,0.0,0.0
CUST004878,30,27858.77,928.6256666666667,7067.39,1594.9909992539972,5,18,0,30,30,6,9,35.166666666666664,55,2.8333333333333335,4,0,0,0,0,0,0,0,0,0,0.16666666666666666,0.6,0.0,1.0,0.0,0.0
CUST004879,22,13131.82,596.9009090909091,3520.83,889.6830720672074,5,11,0,22,22,6,4,33.63636363636363,40,2.727272727272727,4,0,0,0,0,0,0,0,0,0,0.22727272727272727,0.5,0.0,1.0,0.0,0.0
CUST004880,28,25280.01,902.8575,5589.66,1213.6002319991264,6,14,0,28,28,6,8,34.285714285714285,55,2.75,4,0,0,0,0,0,0,0,0,0,0.21428571428571427,0.5,0.0,1.0,0.0,0.0
CUST004881,19,19323.8,1017.0421052631579,6045.91,1499.3335041669495,5,8,0,19,19,5,3,34.473684210526315,60,2.736842105263158,5,0,0,0,0,0,0,0,0,0,0.2631578947368421,0.42105263157894735,0.0,1.0,0.0,0.0
CUST004882,21,36459.67,1736.174761904762,23281.38,5008.090052778224,3,9,0,21,21,4,6,34.523809523809526,65,2.6666666666666665,4,0,0,0,0,0,0,0,0,0,0.14285714285714285,0.42857142857142855,0.0,1.0,0.0,0.0
CUST004883,37,31640.81,855.1570270270271,5229.16,1113.0232275650176,9,17,0,37,37,8,10,34.054054054054056,50,2.72972972972973,4,0,0,0,0,0,0,0,0,0,0.24324324324324326,0.4594594594594595,0.0,1.0,0.0,0.0
CUST004884,28,14028.51,501.0182142857143,3040.92,642.677144589859,5,11,0,28,28,6,7,32.857142857142854,40,2.5714285714285716,4,0,0,0,0,0,0,0,0,0,0.17857142857142858,0.39285714285714285,0.0,1.0,0.0,0.0
CUST004885,19,10414.67,548.1405263157894,6707.1,1505.0133020359865,2,14,0,19,19,5,7,35.26315789473684,55,2.8947368421052633,4,0,0,0,0,0,0,0,0,0,0.10526315789473684,0.7368421052631579,0.0,1.0,0.0,0.0
CUST004886,36,19861.79,551.7163888888889,3623.15,649.314694925802,7,23,0,36,36,6,7,34.166666666666664,40,2.8333333333333335,4,0,0,0,0,0,0,0,0,0,0.19444444444444445,0.6388888888888888,0.0,1.0,0.0,0.0
CUST004887,19,17838.37,938.8615789473683,3906.21,1292.423533268939,2,11,0,19,19,6,5,33.421052631578945,35,2.6842105263157894,3,0,0,0,0,0,0,0,0,0,0.10526315789473684,0.5789473684210527,0.0,1.0,0.0,0.0
CUST004888,26,20235.64,778.2938461538462,4866.83,1092.853920873515,1,16,0,26,26,9,6,33.26923076923077,40,2.6538461538461537,4,0,0,0,0,0,0,0,0,0,0.038461538461538464,0.6153846153846154,0.0,1.0,0.0,0.0
CUST004889,24,19182.78,799.2824999999999,3167.97,917.1860752239879,3,11,0,24,24,7,6,32.916666666666664,40,2.5833333333333335,4,0,0,0,0,0,0,0,0,0,0.125,0.4583333333333333,0.0,1.0,0.0,0.0
CUST004890,24,20388.57,849.52375,6896.41,1440.3064516179475,4,8,0,24,24,3,5,33.333333333333336,50,2.5416666666666665,4,0,0,0,0,0,0,0,0,0,0.16666666666666666,0.3333333333333333,0.0,1.0,0.0,0.0
CUST004891,17,5080.95,298.8794117647059,1250.65,389.3640825671808,2,11,0,17,17,6,6,33.8235294117647,40,2.764705882352941,4,0,0,0,0,0,0,0,0,0,0.11764705882352941,0.6470588235294118,0.0,1.0,0.0,0.0
CUST004892,22,23639.0,1074.5,10207.87,2148.1270338422282,3,12,0,22,22,6,6,34.31818181818182,55,2.727272727272727,4,0,0,0,0,0,0,0,0,0,0.13636363636363635,0.5454545454545454,0.0,1.0,0.0,0.0
CUST004893,15,5055.58,337.03866666666664,1098.07,281.7708985243829,3,9,0,15,15,4,6,34.0,40,2.8,4,0,0,0,0,0,0,0,0,0,0.2,0.6,0.0,1.0,0.0,0.0
CUST004894,24,15364.01,640.1670833333334,2282.58,603.0743103500319,0,12,0,24,24,5,8,32.5,35,2.5,3,0,0,0,0,0,0,0,0,0,0.0,0.5,0.0,1.0,0.0,0.0
CUST004895,23,18572.41,807.4960869565217,5050.24,1197.1104236897777,5,13,0,23,23,6,7,44.78260869565217,60,3.8260869565217392,5,1,0,0,0,0,0,0,0,0,0.21739130434782608,0.5652173913043478,0.0,1.0,0.0,0.0
CUST004896,17,11092.67,652.51,2185.73,570.6879782442417,5,10,0,17,17,5,4,34.411764705882355,40,2.8823529411764706,4,0,0,0,0,0,0,0,0,0,0.29411764705882354,0.5882352941176471,0.0,1.0,0.0,0.0
CUST004897,16,6898.16,431.135,1524.44,404.15169948918935,2,8,0,16,16,5,4,43.125,45,3.625,4,1,0,0,0,0,0,0,0,0,0.125,0.5,0.0,1.0,0.0,0.0
CUST004898,22,12600.619999999999,572.7554545454545,5477.17,1124.6829677893668,4,8,0,22,22,4,6,33.63636363636363,50,2.590909090909091,4,0,0,0,0,0,0,0,0,0,0.18181818181818182,0.36363636363636365,0.0,1.0,0.0,0.0
CUST004899,23,15697.25,682.4891304347826,5092.98,1267.4800506836496,3,7,0,23,23,6,6,33.04347826086956,60,2.4782608695652173,5,0,0,0,0,0,0,0,0,0,0.13043478260869565,0.30434782608695654,0.0,1.0,0.0,0.0
CUST004900,22,10127.48,460.34,2105.58,603.69726177629,7,10,0,22,22,6,5,33.86363636363637,40,2.772727272727273,4,0,0,0,0,0,0,0,0,0,0.3181818181818182,0.45454545454545453,0.0,1.0,0.0,0.0
CUST004901,30,33188.26,1106.2753333333335,16255.66,2964.4730430605446,4,14,0,30,30,8,6,34.166666666666664,65,2.6666666666666665,4,0,0,0,0,0,0,0,0,0,0.13333333333333333,0.4666666666666667,0.0,1.0,0.0,0.0
CUST004902,26,47980.86,1845.4176923076923,27885.78,5376.220016529315,3,15,0,26,26,8,8,35.19230769230769,75,2.8076923076923075,5,0,0,0,0,0,0,0,0,0,0.11538461538461539,0.5769230769230769,0.0,1.0,0.0,0.0
CUST004903,25,27335.39,1093.4156,8673.54,1816.5813612526877,5,12,0,25,25,6,7,34.8,70,2.76,5,0,0,0,1,0,0,0,0,0,0.2,0.48,0.0,1.0,0.04,0.0
CUST004904,21,11709.09,557.5757142857143,2564.01,569.58518606589,1,7,0,21,21,6,5,41.904761904761905,45,3.380952380952381,4,1,0,0,0,0,0,0,0,0,0.047619047619047616,0.3333333333333333,0.0,1.0,0.0,0.0
CUST004905,25,20577.17,823.0867999999999,5399.57,1249.8626704886422,3,11,0,25,25,6,7,33.6,50,2.6,4,0,0,0,0,0,0,0,0,0,0.12,0.44,0.0,1.0,0.0,0.0
CUST004906,28,26522.57,947.2346428571428,10315.73,2038.0994923984163,3,15,0,28,28,7,8,33.92857142857143,50,2.6785714285714284,4,0,0,0,0,0,0,0,0,0,0.10714285714285714,0.5357142857142857,0.0,1.0,0.0,0.0
CUST004907,24,17572.72,732.1966666666667,3140.9,905.3016305445753,4,10,0,24,24,5,5,32.916666666666664,40,2.5833333333333335,4,0,0,0,0,0,0,0,0,0,0.16666666666666666,0.4166666666666667,0.0,1.0,0.0,0.0
CUST004908,11,7149.14,649.9218181818183,2855.6,828.5438901448514,1,8,0,11,11,5,7,34.09090909090909,40,2.8181818181818183,4,0,0,0,0,0,0,0,0,0,0.09090909090909091,0.7272727272727273,0.0,1.0,0.0,0.0
CUST004909,27,16890.98,625.5918518518519,3183.54,725.7580026747473,6,14,0,27,27,8,7,97.96296296296296,100,4.7407407407407405,6,0,1,1,0,0,0,0,0,0,0.2222222222222222,0.5185185185185185,0.0,1.0,0.0,0.0
CUST004910,20,26381.73,1319.0865,13387.59,3024.767396533031,2,17,0,20,20,6,9,37.25,70,3.1,5,0,0,0,0,0,0,0,0,0,0.1,0.85,0.0,1.0,0.0,0.0
CUST004911,17,12904.34,759.0788235294118,3684.24,999.2060452109113,1,9,0,17,17,5,7,32.94117647058823,35,2.588235294117647,3,0,0,0,0,0,0,0,0,0,0.058823529411764705,0.5294117647058824,0.0,1.0,0.0,0.0
CUST004912,19,11401.27,600.0668421052632,3381.64,845.8363953445569,5,6,0,19,19,4,4,32.89473684210526,40,2.5789473684210527,4,0,0,0,0,0,0,0,0,0,0.2631578947368421,0.3157894736842105,0.0,1.0,0.0,0.0
CUST004913,31,38634.2,1246.2645161290322,12642.72,2756.283079535239,10,22,0,31,31,5,9,37.903225806451616,85,3.193548387096774,6,0,0,0,1,0,0,0,0,0,0.3225806451612903,0.7096774193548387,0.0,1.0,0.03225806451612903,0.0
CUST004914,28,23565.46,841.6235714285714,3577.42,922.6180537459062,3,16,0,28,28,8,8,33.392857142857146,40,2.6785714285714284,4,0,0,0,0,0,0,0,0,0,0.10714285714285714,0.5714285714285714,0.0,1.0,0.0,0.0
CUST004915,25,9671.98,386.87919999999997,1569.42,400.683198351266,7,14,0,25,25,7,6,34.2,40,2.84,4,0,0,0,0,0,0,0,0,0,0.28,0.56,0.0,1.0,0.0,0.0
CUST004916,23,31136.08,1353.7426086956523,12484.95,2508.276173933038,7,11,0,23,23,6,7,35.43478260869565,65,2.869565217391304,4,0,0,0,0,1,0,1,0,0,0.30434782608695654,0.4782608695652174,0.0,1.0,0.0,0.043478260869565216
CUST004917,22,8190.37,372.2895454545455,1305.04,343.9176057122275,7,7,0,22,22,4,5,33.18181818181818,40,2.6363636363636362,4,0,0,0,0,0,0,0,0,0,0.3181818181818182,0.3181818181818182,0.0,1.0,0.0,0.0
CUST004918,30,23691.56,789.7186666666668,4417.35,1148.252085493225,4,21,0,30,30,8,10,34.166666666666664,40,2.8333333333333335,4,0,0,0,0,0,0,0,0,0,0.13333333333333333,0.7,0.0,1.0,0.0,0.0
CUST004919,19,27246.17,1434.0089473684209,7231.7,1841.2487036456016,4,13,0,19,19,6,6,35.526315789473685,60,2.9473684210526314,5,0,0,0,0,0,0,0,0,0,0.21052631578947367,0.6842105263157895,0.0,1.0,0.0,0.0
CUST004920,31,23065.12,744.036129032258,4197.69,861.6513279499135,8,19,0,31,31,6,10,34.354838709677416,40,2.870967741935484,4,0,0,0,0,0,0,0,0,0,0.25806451612903225,0.6129032258064516,0.0,1.0,0.0,0.0
CUST004921,22,18523.84,841.9927272727273,5631.66,1301.803879268272,5,12,0,22,22,6,6,34.77272727272727,50,2.8181818181818183,4,0,0,0,0,0,0,0,0,0,0.22727272727272727,0.5454545454545454,0.0,1.0,0.0,0.0
CUST004922,15,25139.91,1675.994,8346.05,2601.270029614106,7,6,0,15,15,4,4,38.0,70,3.066666666666667,5,0,0,0,1,0,0,0,0,0,0.4666666666666667,0.4,0.0,1.0,0.06666666666666667,0.0
CUST004923,22,12271.03,557.7740909090909,1247.49,358.36358796298714,2,11,0,22,22,7,3,32.95454545454545,40,2.590909090909091,4,0,0,0,0,0,0,0,0,0,0.09090909090909091,0.5,0.0,1.0,0.0,0.0
CUST004924,35,26868.97,767.6848571428571,3681.35,883.2039254574003,9,18,0,35,35,7,9,33.857142857142854,40,2.7714285714285714,4,0,0,0,0,0,0,0,0,0,0.2571428571428571,0.5142857142857142,0.0,1.0,0.0,0.0
CUST004925,24,13010.43,542.10125,3320.36,705.4565076497105,4,12,0,24,24,5,8,33.333333333333336,40,2.6666666666666665,4,0,0,0,0,0,0,0,0,0,0.16666666666666666,0.5,0.0,1.0,0.0,0.0
CUST004926,19,10393.11,547.0057894736842,1658.16,538.7307416544082,3,12,0,19,19,7,7,33.94736842105263,40,2.789473684210526,4,0,0,0,0,0,0,0,0,0,0.15789473684210525,0.631578947368421,0.0,1.0,0.0,0.0
CUST004927,26,20257.38,779.13,5624.0,1119.4689864073948,6,14,0,26,26,8,9,34.61538461538461,55,2.8076923076923075,4,0,0,0,0,0,0,0,0,0,0.23076923076923078,0.5384615384615384,0.0,1.0,0.0,0.0
CUST004928,26,13228.84,508.8015384615385,2071.02,572.5539313615255,9,8,0,26,26,6,4,48.26923076923077,55,3.6538461538461537,5,0,0,1,0,0,0,0,0,0,0.34615384615384615,0.3076923076923077,0.0,1.0,0.0,0.0
CUST004929,25,12554.7,502.18800000000005,2137.11,528.2947569618057,3,8,0,0,25,2,5,12.2,20,1.44,3,0,0,0,0,0,0,0,0,0,0.12,0.32,0.0,0.0,0.0,0.0
CUST004930,25,16098.67,643.9468,2049.32,510.85773560030054,4,14,0,25,25,5,6,33.6,40,2.72,4,0,0,0,0,0,0,0,0,0,0.16,0.56,0.0,1.0,0.0,0.0
CUST004931,27,18399.670000000002,681.4692592592593,4918.29,1199.2701737913706,1,15,0,27,27,8,5,32.96296296296296,35,2.5925925925925926,3,0,0,0,0,0,0,0,0,0,0.037037037037037035,0.5555555555555556,0.0,1.0,0.0,0.0
CUST004932,23,28047.02,1219.435652173913,14804.52,3095.558736609341,5,11,0,23,23,9,5,49.34782608695652,70,3.739130434782609,5,0,0,1,0,0,0,0,0,0,0.21739130434782608,0.4782608695652174,0.0,1.0,0.0,0.0
CUST004933,17,17342.7,1020.1588235294118,7342.32,1705.1346771585315,2,10,0,17,17,7,6,34.705882352941174,55,2.764705882352941,4,0,0,0,0,0,0,0,0,0,0.11764705882352941,0.5882352941176471,0.0,1.0,0.0,0.0
CUST004934,26,15114.25,581.3173076923077,2372.49,564.2598293733672,3,10,0,26,26,5,6,42.5,50,3.5,5,1,0,0,0,0,0,0,0,0,0.11538461538461539,0.38461538461538464,0.0,1.0,0.0,0.0
CUST004935,23,8546.43,371.5839130434783,1316.9,300.3946926467839,2,13,0,23,23,9,5,33.26086956521739,40,2.652173913043478,4,0,0,0,0,0,0,0,0,0,0.08695652173913043,0.5652173913043478,0.0,1.0,0.0,0.0
CUST004936,28,22419.53,800.6975,8185.44,1588.6814109508948,4,11,0,28,28,7,6,33.92857142857143,65,2.607142857142857,4,0,0,0,1,0,0,0,0,0,0.14285714285714285,0.39285714285714285,0.0,1.0,0.03571428571428571,0.0
CUST004937,28,12034.83,429.8153571428571,1788.03,474.90441058824035,2,17,0,28,28,7,6,33.392857142857146,40,2.6785714285714284,4,0,0,0,0,0,0,0,0,0,0.07142857142857142,0.6071428571428571,0.0,1.0,0.0,0.0
CUST004938,24,11319.52,471.6466666666667,1710.04,446.1271431141446,4,14,0,24,24,9,7,33.75,40,2.75,4,0,0,0,0,0,0,0,0,0,0.16666666666666666,0.5833333333333334,0.0,1.0,0.0,0.0
CUST004939,32,25090.600000000002,784.0812500000001,4053.03,904.6800464279286,6,14,0,32,31,7,6,33.125,40,2.625,4,0,0,0,0,0,0,0,0,0,0.1875,0.4375,0.0,1.0,0.0,0.0
CUST004940,15,9500.01,633.3340000000001,1556.26,374.9249985720954,1,6,0,15,15,4,3,32.333333333333336,40,2.466666666666667,4,0,0,0,0,0,0,0,0,0,0.06666666666666667,0.4,0.0,1.0,0.0,0.0
CUST004941,15,14999.7,999.98,8171.05,2020.5872976722105,2,6,0,15,15,5,2,36.0,85,2.7333333333333334,6,0,0,0,1,0,0,0,0,0,0.13333333333333333,0.4,0.0,1.0,0.06666666666666667,0.0
CUST004942,25,38206.19,1528.2476000000001,16990.72,3503.8315636841053,2,8,0,25,25,7,5,35.0,70,2.56,5,0,0,0,0,0,0,0,0,0,0.08,0.32,0.0,1.0,0.0,0.0
CUST004943,18,18042.0,1002.3333333333334,3986.9,1040.620651178336,1,10,0,18,18,7,6,33.05555555555556,35,2.611111111111111,3,0,0,0,0,0,0,0,0,0,0.05555555555555555,0.5555555555555556,0.0,1.0,0.0,0.0
CUST004944,30,37652.29,1255.0763333333334,6192.05,1494.4845540381157,7,16,0,30,30,7,9,34.5,55,2.8,4,0,0,0,0,0,0,0,0,0,0.23333333333333334,0.5333333333333333,0.0,1.0,0.0,0.0
CUST004945,33,18082.36,547.9503030303031,2720.22,565.4467865794536,5,15,0,33,33,8,6,33.03030303030303,40,2.606060606060606,4,0,0,0,0,0,0,0,0,0,0.15151515151515152,0.45454545454545453,0.0,1.0,0.0,0.0
CUST004946,22,13386.69,608.4859090909091,2686.12,708.3102606617089,1,11,0,22,22,7,6,32.72727272727273,40,2.5454545454545454,4,0,0,0,0,0,0,0,0,0,0.045454545454545456,0.5,0.0,1.0,0.0,0.0
CUST004947,33,17308.3,524.4939393939394,3093.27,598.8727767227538,8,19,0,33,33,6,7,49.09090909090909,55,3.8181818181818183,5,0,0,1,0,0,0,0,0,0,0.24242424242424243,0.5757575757575758,0.0,1.0,0.0,0.0
CUST004948,22,9200.94,418.2245454545455,1177.43,379.2406341465518,1,9,0,22,22,6,5,42.27272727272727,50,3.4545454545454546,5,1,0,0,0,0,0,0,0,0,0.045454545454545456,0.4090909090909091,0.0,1.0,0.0,0.0
CUST004949,24,21910.66,912.9441666666667,7585.29,1597.8543380527706,4,9,0,24,24,6,6,33.541666666666664,55,2.5833333333333335,4,0,0,0,0,0,0,0,0,0,0.16666666666666666,0.375,0.0,1.0,0.0,0.0
CUST004950,22,21510.27,977.7395454545455,7037.36,1527.9377755264566,3,9,0,22,22,3,7,33.63636363636363,50,2.590909090909091,4,0,0,0,0,0,0,0,0,0,0.13636363636363635,0.4090909090909091,0.0,1.0,0.0,0.0
CUST004951,22,26716.219999999998,1214.3736363636363,5895.73,1720.318644234385,5,12,0,22,22,6,7,44.77272727272727,60,3.8181818181818183,5,1,0,0,0,0,0,0,0,0,0.22727272727272727,0.5454545454545454,0.0,1.0,0.0,0.0
CUST004952,22,27570.88,1253.2218181818182,6078.79,1721.5701781019181,4,11,0,22,22,6,6,35.22727272727273,55,2.772727272727273,4,0,0,0,0,0,0,0,0,0,0.18181818181818182,0.5,0.0,1.0,0.0,0.0
CUST004953,21,21031.63,1001.5061904761906,6364.49,1403.1790729036554,5,12,0,21,21,9,4,35.714285714285715,70,2.9047619047619047,5,0,0,0,0,0,0,0,0,0,0.23809523809523808,0.5714285714285714,0.0,1.0,0.0,0.0
CUST004954,24,15086.51,628.6045833333334,4326.59,873.5838481942681,3,10,0,24,24,8,3,32.708333333333336,40,2.5416666666666665,4,0,0,0,0,0,0,0,0,0,0.125,0.4166666666666667,0.0,1.0,0.0,0.0
CUST004955,27,13922.14,515.6348148148148,2286.44,492.806436180891,6,14,0,27,27,8,7,33.7037037037037,40,2.740740740740741,4,0,0,0,0,0,0,0,0,0,0.2222222222222222,0.5185185185185185,0.0,1.0,0.0,0.0
CUST004956,19,9154.28,481.80421052631584,2376.55,524.4396172880979,4,9,0,19,19,5,5,33.421052631578945,40,2.6842105263157894,4,0,0,0,0,0,0,0,0,0,0.21052631578947367,0.47368421052631576,0.0,1.0,0.0,0.0
CUST004957,21,15104.94,719.2828571428572,2129.43,702.9534386866804,6,7,0,21,21,3,5,33.095238095238095,40,2.619047619047619,4,0,0,0,0,0,0,0,0,0,0.2857142857142857,0.3333333333333333,0.0,1.0,0.0,0.0
CUST004958,14,6538.41,467.0292857142857,1210.8,360.4073541993684,1,7,0,14,14,4,4,32.857142857142854,40,2.5714285714285716,4,0,0,0,0,0,0,0,0,0,0.07142857142857142,0.5,0.0,1.0,0.0,0.0
CUST004959,24,13605.81,566.9087499999999,1801.26,494.31968105769187,4,16,0,24,24,8,8,34.166666666666664,40,2.8333333333333335,4,0,0,0,0,0,0,0,0,0,0.16666666666666666,0.6666666666666666,0.0,1.0,0.0,0.0
CUST004960,23,17323.99,753.2169565217392,4705.5,1089.6108534219277,1,9,0,23,23,6,5,32.17391304347826,35,2.4347826086956523,3,0,0,0,0,0,0,0,0,0,0.043478260869565216,0.391304347826087,0.0,1.0,0.0,0.0
CUST004961,26,33598.85,1292.2634615384616,9721.99,2201.7725614966544,4,13,0,26,26,7,4,35.38461538461539,65,2.769230769230769,4,0,0,0,1,0,0,0,0,0,0.15384615384615385,0.5,0.0,1.0,0.038461538461538464,0.0
CUST004962,21,18663.78,888.7514285714285,6412.74,1548.6220462665697,2,7,0,21,21,4,4,33.095238095238095,50,2.4761904761904763,3,0,0,0,0,0,0,0,0,0,0.09523809523809523,0.3333333333333333,0.0,1.0,0.0,0.0
CUST004963,32,33762.46,1055.076875,9291.41,2253.20518420436,6,15,0,32,32,7,5,35.625,70,2.78125,5,0,0,0,1,1,0,1,0,0,0.1875,0.46875,0.0,1.0,0.03125,0.03125
CUST004964,27,22596.57,836.91,3717.95,880.5608194388218,12,13,0,27,27,7,6,49.629629629629626,55,3.925925925925926,5,0,0,1,0,0,0,0,0,0,0.4444444444444444,0.48148148148148145,0.0,1.0,0.0,0.0
CUST004965,22,15038.38,683.5627272727272,2617.46,864.0284237287887,7,10,0,22,22,5,6,33.86363636363637,40,2.772727272727273,4,0,0,0,0,0,0,0,0,0,0.3181818181818182,0.45454545454545453,0.0,1.0,0.0,0.0
CUST004966,27,22547.31,835.0855555555556,4397.78,1126.4710177511595,6,8,0,27,27,4,5,33.7037037037037,50,2.5925925925925926,4,0,0,0,0,0,0,0,0,0,0.2222222222222222,0.2962962962962963,0.0,1.0,0.0,0.0
CUST004967,24,24976.120000000003,1040.6716666666669,4714.96,1253.6897612999824,3,9,0,24,24,5,7,32.5,35,2.5,3,0,0,0,0,0,0,0,0,0,0.125,0.375,0.0,1.0,0.0,0.0
CUST004968,28,13065.52,466.6257142857143,3684.66,688.9016638067926,9,14,0,28,28,7,8,34.107142857142854,40,2.8214285714285716,4,0,0,0,0,0,0,0,0,0,0.32142857142857145,0.5,0.0,1.0,0.0,0.0
CUST004969,20,10930.64,546.5319999999999,3521.61,797.0739701631079,3,11,0,20,20,6,6,33.5,40,2.7,4,0,0,0,0,0,0,0,0,0,0.15,0.55,0.0,1.0,0.0,0.0
CUST004970,27,15530.64,575.2088888888889,3728.11,725.4894769439528,4,10,0,27,27,9,6,32.592592592592595,40,2.5185185185185186,4,0,0,0,0,0,0,0,0,0,0.14814814814814814,0.37037037037037035,0.0,1.0,0.0,0.0
CUST004971,21,15342.08,730.5752380952381,6596.16,1426.498106148827,3,9,0,21,21,4,7,43.80952380952381,60,3.619047619047619,5,1,0,0,0,0,0,0,0,0,0.14285714285714285,0.42857142857142855,0.0,1.0,0.0,0.0
CUST004972,27,17557.81,650.2892592592593,2974.69,776.832679548701,6,17,0,27,27,6,9,34.25925925925926,40,2.8518518518518516,4,0,0,0,0,0,0,0,0,0,0.2222222222222222,0.6296296296296297,0.0,1.0,0.0,0.0
CUST004973,27,13975.28,517.602962962963,3380.58,737.3026866836194,6,16,0,27,27,6,8,34.074074074074076,40,2.814814814814815,4,0,0,0,0,0,0,0,0,0,0.2222222222222222,0.5925925925925926,0.0,1.0,0.0,0.0
CUST004974,29,24995.75,861.9224137931035,6798.55,1376.147686285511,6,18,0,29,28,8,6,34.827586206896555,50,2.8620689655172415,4,0,0,0,0,0,0,0,0,0,0.20689655172413793,0.6206896551724138,0.0,1.0,0.0,0.0
CUST004975,26,24476.350000000002,941.398076923077,6866.81,1499.8130523289074,4,17,0,26,26,10,8,34.80769230769231,55,2.8461538461538463,4,0,0,0,0,0,0,0,0,0,0.15384615384615385,0.6538461538461539,0.0,1.0,0.0,0.0
CUST004976,15,4637.38,309.15866666666665,1676.47,402.1196776523603,4,8,0,15,15,6,3,34.0,40,2.8,4,0,0,0,0,0,0,0,0,0,0.26666666666666666,0.5333333333333333,0.0,1.0,0.0,0.0
CUST004977,18,13221.39,734.5216666666666,4259.07,1039.5259577170966,3,10,0,18,18,5,7,33.611111111111114,40,2.7222222222222223,4,0,0,0,0,0,0,0,0,0,0.16666666666666666,0.5555555555555556,0.0,1.0,0.0,0.0
CUST004978,26,19930.86,766.5715384615385,3269.08,894.217414523749,5,15,0,26,26,6,7,33.84615384615385,40,2.769230769230769,4,0,0,0,0,0,0,0,0,0,0.19230769230769232,0.5769230769230769,0.0,1.0,0.0,0.0
CUST004979,35,33285.28,951.0079999999999,7220.69,1462.2794454022398,9,17,0,35,35,7,8,34.285714285714285,50,2.7714285714285714,4,0,0,0,0,0,0,0,0,0,0.2571428571428571,0.4857142857142857,0.0,1.0,0.0,0.0
CUST004980,19,6591.97,346.9457894736842,1442.37,340.16800108044305,3,11,0,19,19,6,7,33.68421052631579,40,2.736842105263158,4,0,0,0,0,0,0,0,0,0,0.15789473684210525,0.5789473684210527,0.0,1.0,0.0,0.0
CUST004981,27,20802.15,770.45,5576.94,1150.3893846265871,2,15,0,27,27,7,7,33.888888888888886,50,2.6666666666666665,3,0,0,0,0,0,0,0,0,0,0.07407407407407407,0.5555555555555556,0.0,1.0,0.0,0.0
CUST004982,23,20783.88,903.6469565217392,4179.82,1255.6670154522901,4,11,0,23,23,5,6,33.26086956521739,40,2.652173913043478,4,0,0,0,0,0,0,0,0,0,0.17391304347826086,0.4782608695652174,0.0,1.0,0.0,0.0
CUST004983,24,14250.82,593.7841666666667,3461.85,810.8419910187653,8,12,0,24,24,6,4,34.166666666666664,40,2.8333333333333335,4,0,0,0,0,0,0,0,0,0,0.3333333333333333,0.5,0.0,1.0,0.0,0.0
CUST004984,21,13309.87,633.8033333333334,2806.01,636.8823652789685,5,10,0,21,21,7,5,33.57142857142857,40,2.7142857142857144,4,0,0,0,0,0,0,0,0,0,0.23809523809523808,0.47619047619047616,0.0,1.0,0.0,0.0
CUST004985,25,19837.51,793.5003999999999,2451.44,666.0634738739244,3,13,0,25,25,5,8,43.2,50,3.64,5,1,0,0,0,0,0,0,0,0,0.12,0.52,0.0,1.0,0.0,0.0
CUST004986,28,18034.44,644.0871428571428,2852.91,741.0633169772419,6,9,0,28,28,4,4,32.67857142857143,40,2.5357142857142856,4,0,0,0,0,0,0,0,0,0,0.21428571428571427,0.32142857142857145,0.0,1.0,0.0,0.0
CUST004987,22,16221.0,737.3181818181819,6226.51,1326.41938778135,3,11,0,22,22,6,5,34.09090909090909,50,2.6818181818181817,4,0,0,0,0,0,0,0,0,0,0.13636363636363635,0.5,0.0,1.0,0.0,0.0
CUST004988,19,14803.53,779.1331578947369,2788.03,686.0601468939442,7,12,0,19,19,5,8,35.0,40,3.0,4,0,0,0,0,0,0,0,0,0,0.3684210526315789,0.631578947368421,0.0,1.0,0.0,0.0
CUST004989,17,10928.17,642.8335294117647,2189.37,579.0506123705981,3,8,0,17,17,5,5,33.23529411764706,40,2.6470588235294117,4,0,0,0,0,0,0,0,0,0,0.17647058823529413,0.47058823529411764,0.0,1.0,0.0,0.0
CUST004990,21,24530.91,1168.1385714285714,6461.43,1669.5635861454507,3,10,0,21,21,6,5,35.0,60,2.7142857142857144,5,0,0,0,0,0,0,0,0,0,0.14285714285714285,0.47619047619047616,0.0,1.0,0.0,0.0
CUST004991,25,18833.2,753.328,4926.36,1047.1986394344356,2,13,0,25,25,7,5,48.0,50,3.6,4,0,0,1,0,0,0,0,0,0,0.08,0.52,0.0,1.0,0.0,0.0
CUST004992,17,13519.66,795.2741176470588,6644.8,1600.8732417576773,4,9,0,17,17,4,6,50.0,70,3.823529411764706,5,0,0,1,0,0,0,0,0,0,0.23529411764705882,0.5294117647058824,0.0,1.0,0.0,0.0
CUST004993,17,13161.22,774.1894117647058,3461.96,1008.0408948640835,1,11,0,17,17,5,7,33.529411764705884,40,2.7058823529411766,4,0,0,0,0,0,0,0,0,0,0.058823529411764705,0.6470588235294118,0.0,1.0,0.0,0.0
CUST004994,22,23974.51,1089.7504545454544,7979.49,1749.929869730777,7,9,0,22,22,6,4,34.54545454545455,60,2.772727272727273,5,0,0,0,0,0,0,0,0,0,0.3181818181818182,0.4090909090909091,0.0,1.0,0.0,0.0
CUST004995,27,24235.11,897.5966666666667,9562.72,1783.5434716338407,6,16,0,27,27,7,8,35.925925925925924,80,2.925925925925926,5,0,0,0,1,0,0,0,0,0,0.2222222222222222,0.5925925925925926,0.0,1.0,0.037037037037037035,0.0
CUST004996,22,12166.26,553.0118181818182,2005.34,562.1200582542621,1,14,0,22,22,6,10,33.40909090909091,35,2.6818181818181817,3,0,0,0,0,0,0,0,0,0,0.045454545454545456,0.6363636363636364,0.0,1.0,0.0,0.0
CUST004997,18,13098.59,727.6994444444445,2689.38,708.8565501481303,5,11,0,18,18,4,5,34.44444444444444,40,2.888888888888889,4,0,0,0,0,0,0,0,0,0,0.2777777777777778,0.6111111111111112,0.0,1.0,0.0,0.0
CUST004998,18,13042.21,724.5672222222222,3073.68,828.4687545871141,4,7,0,18,18,4,5,33.05555555555556,40,2.611111111111111,4,0,0,0,0,0,0,0,0,0,0.2222222222222222,0.3888888888888889,0.0,1.0,0.0,0.0
CUST004999,29,37749.81,1301.7175862068964,14028.33,2639.54359512838,9,10,0,29,29,7,7,34.48275862068966,65,2.7241379310344827,4,0,0,0,0,0,0,0,0,0,0.3103448275862069,0.3448275862068966,0.0,1.0,0.0,0.0
CUST005000,30,15757.25,525.2416666666667,3676.68,681.1423513788832,7,13,0,30,30,7,5,33.333333333333336,40,2.6666666666666665,4,0,0,0,0,0,0,0,0,0,0.23333333333333334,0.43333333333333335,0.0,1.0,0.0,0.0
