customer_id,total_transactions,total_transaction_value,average_transaction_value,maximum_transaction_value,total_red_flags,maximum_rule_score,alert_count,customer_risk_level
CUST000001,31,28534.82,920.478064516129,6393.51,122,70,31,CRITICAL
CUST000002,28,31315.07,1118.3953571428572,12304.22,82,60,28,HIGH
CUST000003,24,10958.81,456.6170833333333,3076.05,64,40,24,MEDIUM
CUST000004,27,11850.35,438.90185185185186,2070.11,73,40,27,MEDIUM
CUST000005,26,17229.46,662.6715384615384,4617.64,70,40,26,MEDIUM
CUST000006,24,14195.51,591.4795833333334,4724.67,65,40,24,MEDIUM
CUST000007,20,9580.53,479.02650000000006,3059.5,52,40,20,MEDIUM
CUST000008,20,8212.85,410.64250000000004,1312.0,52,40,20,MEDIUM
CUST000009,25,14150.35,566.014,2348.84,65,35,25,MEDIUM
CUST000010,42,204756.32,4875.150476190476,9902.23,207,100,42,CRITICAL
CUST000011,53,216949.59,4093.3884905660375,9945.94,258,100,53,CRITICAL
CUST000012,46,197902.13,4302.220217391305,9936.25,220,100,46,CRITICAL
CUST000013,47,202374.71,4305.844893617021,9884.04,214,100,47,CRITICAL
CUST000014,46,204049.31,4435.854565217392,9852.35,243,100,46,CRITICAL
CUST000015,44,204191.11,4640.707045454546,9928.3,212,100,44,CRITICAL
CUST000016,44,204177.06,4640.387727272727,9918.88,214,100,44,CRITICAL
CUST000017,42,198669.76,4730.232380952381,9893.61,220,100,42,CRITICAL
CUST000018,44,195249.06,4437.478636363637,9936.24,214,100,44,CRITICAL
CUST000019,41,196518.45,4793.132926829268,9870.8,201,100,41,CRITICAL
CUST000020,50,210948.75,4218.975,9747.67,228,100,50,CRITICAL
CUST000021,41,203418.94,4961.43756097561,9815.14,209,100,41,CRITICAL
CUST000022,43,206438.08000000002,4800.88558139535,9895.48,212,100,43,CRITICAL
CUST000023,50,206369.73,4127.3946000000005,9922.86,250,100,50,CRITICAL
CUST000024,38,192871.37,5075.562368421052,9679.71,195,100,38,CRITICAL
CUST000025,45,198368.84,4408.196444444445,9916.03,214,100,45,CRITICAL
CUST000026,40,191328.69,4783.21725,9928.62,204,100,40,CRITICAL
CUST000027,47,210088.52,4469.968510638298,9939.84,218,100,47,CRITICAL
CUST000028,44,196018.65,4454.969318181818,9930.35,234,100,44,CRITICAL
CUST000029,40,217526.33,5438.1582499999995,9913.8,230,100,40,CRITICAL
CUST000030,44,218699.32,4970.439090909091,10310.3,264,100,44,CRITICAL
CUST000031,43,206455.95,4801.301162790698,9843.0,229,100,43,CRITICAL
CUST000032,42,192484.05,4582.953571428571,9853.23,232,100,42,CRITICAL
CUST000033,39,196730.7,5044.376923076923,9913.09,201,100,39,CRITICAL
CUST000034,41,194196.7,4736.5048780487805,9942.92,207,100,41,CRITICAL
CUST000035,44,586149.77,13321.585681818182,44380.46,203,100,44,CRITICAL
CUST000036,45,618612.76,13746.950222222222,44994.06,210,100,45,CRITICAL
CUST000037,44,585393.01,13304.386590909091,44499.12,193,100,44,CRITICAL
CUST000038,48,665215.46,13858.655416666666,42194.19,220,100,48,CRITICAL
CUST000039,47,718855.74,15294.802978723405,44851.43,222,100,47,CRITICAL
CUST000040,45,649062.82,14423.618222222221,44059.06,201,100,45,CRITICAL
CUST000041,52,640133.09,12310.25173076923,40680.77,227,100,52,CRITICAL
CUST000042,51,634128.98,12433.90156862745,44846.41,224,100,51,CRITICAL
CUST000043,46,633262.26,13766.570869565217,43104.74,207,100,46,CRITICAL
CUST000044,51,565995.87,11097.958235294118,44019.81,208,100,51,CRITICAL
CUST000045,51,608817.96,11937.607058823529,42231.33,266,100,51,CRITICAL
CUST000046,48,631886.03,13164.292291666667,44362.59,200,100,48,CRITICAL
CUST000047,46,680335.99,14789.912826086957,42951.13,218,100,46,CRITICAL
CUST000048,44,643450.52,14623.875454545456,42621.49,192,100,44,CRITICAL
CUST000049,38,671001.41,17657.931842105263,44273.65,187,100,38,CRITICAL
CUST000050,46,623488.38,13554.095217391305,44125.82,215,100,46,CRITICAL
CUST000051,41,648506.03,15817.22024390244,42841.14,195,100,41,CRITICAL
CUST000052,45,693028.6,15400.635555555555,42963.16,213,100,45,CRITICAL
CUST000053,41,600806.41,14653.81487804878,43653.98,198,100,41,CRITICAL
CUST000054,45,588527.4,13078.386666666667,44947.81,206,100,45,CRITICAL
CUST000055,44,600742.66,13653.242272727273,43155.65,207,100,44,CRITICAL
CUST000056,52,708832.12,13631.386923076923,44953.62,215,100,52,CRITICAL
CUST000057,46,593379.61,12899.556739130434,44778.64,189,100,46,CRITICAL
CUST000058,42,591183.92,14075.80761904762,43263.31,203,100,42,CRITICAL
CUST000059,50,565180.26,11303.6052,40197.28,222,100,50,CRITICAL
CUST000060,45,182501.66999999998,4055.5926666666664,11264.85,221,100,45,CRITICAL
CUST000061,42,173763.22,4137.219523809524,11302.64,172,100,42,CRITICAL
CUST000062,40,170489.32,4262.233,11006.75,195,100,40,CRITICAL
CUST000063,40,194771.49,4869.287249999999,11990.26,181,100,40,CRITICAL
CUST000064,45,147597.41999999998,3279.9426666666664,10916.66,198,100,45,CRITICAL
CUST000065,47,177763.39,3782.199787234043,11855.44,170,100,47,CRITICAL
CUST000066,43,160600.83000000002,3734.9030232558143,11750.35,161,100,43,CRITICAL
CUST000067,54,166593.82,3085.070740740741,11563.98,185,100,54,CRITICAL
CUST000068,39,197655.5,5068.089743589743,11893.88,175,100,39,CRITICAL
CUST000069,44,168472.65,3828.9238636363634,11630.19,165,100,44,CRITICAL
CUST000070,51,188388.6,3693.894117647059,11790.4,195,100,51,CRITICAL
CUST000071,38,178779.61,4704.726578947368,11874.41,144,100,38,CRITICAL
CUST000072,43,170336.54,3961.3148837209305,11753.47,154,100,43,CRITICAL
CUST000073,41,188188.55,4589.964634146341,11807.3,165,100,41,CRITICAL
CUST000074,50,186622.81,3732.4562,11891.72,183,100,50,CRITICAL
CUST000075,44,167677.31,3810.8479545454543,11648.76,171,100,44,CRITICAL
CUST000076,35,187358.32,5353.094857142857,11957.54,147,100,35,CRITICAL
CUST000077,38,175725.57,4624.357105263158,11534.6,158,100,38,CRITICAL
CUST000078,43,172618.06,4014.373488372093,11896.05,159,100,43,CRITICAL
CUST000079,43,179789.93,4181.161162790698,11948.94,209,100,43,CRITICAL
CUST000080,42,189661.54,4515.750952380952,11339.59,169,100,42,CRITICAL
CUST000081,38,168900.75,4444.756578947368,11278.65,180,100,38,CRITICAL
CUST000082,36,145452.06,4040.335,10133.84,134,100,36,CRITICAL
CUST000083,47,158016.3,3362.0489361702125,11709.98,172,100,47,CRITICAL
CUST000084,41,163413.87,3985.7041463414635,10853.78,153,100,41,CRITICAL
CUST000085,42,398260.49,9482.39261904762,29631.58,214,100,42,CRITICAL
CUST000086,45,403059.5,8956.877777777778,29772.96,224,100,45,CRITICAL
CUST000087,43,395933.85,9207.763953488371,28644.43,198,100,43,CRITICAL
CUST000088,36,442597.03,12294.361944444445,29736.52,202,100,36,CRITICAL
CUST000089,39,414279.77999999997,10622.558461538461,29303.57,187,100,39,CRITICAL
CUST000090,50,406280.49,8125.6098,29779.45,230,100,50,CRITICAL
CUST000091,47,380156.33,8088.43255319149,29806.69,226,100,47,CRITICAL
CUST000092,39,445873.35,11432.65,29968.16,210,100,39,CRITICAL
CUST000093,38,426823.36,11232.193684210526,29048.43,181,100,38,CRITICAL
CUST000094,36,383758.12,10659.947777777777,27575.79,173,100,36,CRITICAL
CUST000095,52,392716.41,7552.238653846153,29785.0,241,100,52,CRITICAL
CUST000096,50,379693.9,7593.878000000001,29965.37,231,100,50,CRITICAL
CUST000097,43,436362.83,10147.972790697675,29996.67,253,100,43,CRITICAL
CUST000098,45,366619.82,8147.107111111111,29846.08,200,100,45,CRITICAL
CUST000099,39,420325.44,10777.575384615384,29728.94,168,100,20,CRITICAL
CUST000100,45,418778.93,9306.198444444444,29232.88,214,100,45,CRITICAL
CUST000101,40,367732.14999999997,9193.30375,29417.67,202,100,40,CRITICAL
CUST000102,41,434594.32,10599.861463414634,29983.94,200,100,41,CRITICAL
CUST000103,44,442995.73,10068.084772727272,29129.68,217,100,44,CRITICAL
CUST000104,44,426367.45,9690.16931818182,28955.63,219,100,44,CRITICAL
CUST000105,45,425901.35,9464.474444444444,28952.25,206,100,45,CRITICAL
CUST000106,51,413131.38,8100.615294117647,29027.25,225,100,51,CRITICAL
CUST000107,49,408936.57,8345.644285714287,29010.75,218,100,49,CRITICAL
CUST000108,47,429973.91000000003,9148.381063829787,29408.65,212,100,47,CRITICAL
CUST000109,40,403431.06,10085.7765,27056.53,188,100,40,CRITICAL
CUST000110,45,152605.62,3391.236,17158.66,142,100,45,CRITICAL
CUST000111,54,135974.91,2518.053888888889,10008.24,160,100,54,CRITICAL
CUST000112,41,125286.32,3055.7639024390246,9167.09,147,100,41,CRITICAL
CUST000113,35,108181.0,3090.885714285714,9301.02,109,100,35,CRITICAL
CUST000114,39,131124.36,3362.1630769230765,9390.13,130,100,39,CRITICAL
CUST000115,46,136876.12,2975.5678260869563,8850.56,158,100,46,CRITICAL
CUST000116,40,114731.95999999999,2868.299,9790.43,134,100,40,CRITICAL
CUST000117,38,129904.92,3418.5505263157893,9773.82,129,100,38,CRITICAL
CUST000118,40,148824.24,3720.6059999999998,9989.58,143,100,40,CRITICAL
CUST000119,44,144273.12,3278.9345454545455,9798.7,159,100,44,CRITICAL
CUST000120,38,146811.1,3863.4500000000003,9907.41,140,100,38,CRITICAL
CUST000121,37,112657.9,3044.808108108108,8804.62,120,95,37,CRITICAL
CUST000122,42,131271.82,3125.519523809524,9940.47,147,100,42,CRITICAL
CUST000123,41,116222.92,2834.7053658536583,8220.0,136,100,41,CRITICAL
CUST000124,46,147932.05,3215.9141304347822,16143.81,157,100,46,CRITICAL
CUST000125,49,169166.91,3452.385918367347,9501.94,188,100,49,CRITICAL
CUST000126,44,142409.88,3236.588181818182,9390.63,158,100,44,CRITICAL
CUST000127,42,131266.55,3125.3940476190473,9901.43,143,100,42,CRITICAL
CUST000128,46,152620.47,3317.836304347826,9994.52,168,100,46,CRITICAL
CUST000129,39,143442.29,3678.007435897436,9835.53,149,100,39,CRITICAL
CUST000130,51,149564.96,2932.646274509804,9526.45,162,100,51,CRITICAL
CUST000131,45,129799.97,2884.443777777778,9443.36,156,100,45,CRITICAL
CUST000132,38,132115.67,3476.7281578947373,8673.66,126,100,38,CRITICAL
CUST000133,45,137094.18,3046.537333333333,9682.01,138,100,45,CRITICAL
CUST000134,46,133752.76,2907.668695652174,9994.41,146,100,46,CRITICAL
CUST000135,40,210221.81,5255.54525,14962.66,144,100,40,CRITICAL
CUST000136,37,172413.63999999998,4659.828108108108,14484.41,124,100,37,CRITICAL
CUST000137,44,213219.92,4845.907272727273,14229.48,165,100,44,CRITICAL
CUST000138,37,194374.26,5253.358378378379,14729.27,162,100,37,CRITICAL
CUST000139,48,204690.34,4264.382083333333,14998.91,181,100,48,CRITICAL
CUST000140,40,160813.72,4020.343,13755.65,148,100,40,CRITICAL
CUST000141,41,191360.43,4667.327560975609,14911.4,139,100,41,CRITICAL
CUST000142,41,171240.05,4176.586585365853,14745.1,137,100,41,CRITICAL
CUST000143,45,193427.21,4298.382444444444,13504.13,176,100,45,CRITICAL
CUST000144,39,151660.09,3888.7202564102563,14859.41,121,85,39,CRITICAL
CUST000145,45,170218.12,3782.6248888888886,14210.75,153,100,45,CRITICAL
CUST000146,43,179728.69,4179.736976744186,20661.74,151,100,43,CRITICAL
CUST000147,47,187861.41,3997.0512765957446,13706.29,194,100,47,CRITICAL
CUST000148,42,178762.26,4256.244285714286,14786.93,146,100,42,CRITICAL
CUST000149,43,170079.36,3955.3339534883717,14450.63,137,100,43,CRITICAL
CUST000150,40,176747.78,4418.6945,14646.29,152,100,40,CRITICAL
CUST000151,57,179364.24,3146.741052631579,13456.03,192,95,57,CRITICAL
CUST000152,39,185319.85,4751.791025641026,14964.14,135,100,39,CRITICAL
CUST000153,49,183173.12,3738.22693877551,14830.64,171,95,49,CRITICAL
CUST000154,44,153032.77,3478.0175,13708.55,144,95,44,CRITICAL
CUST000155,41,185090.04,4514.391219512196,14886.5,141,100,41,CRITICAL
CUST000156,53,183730.83,3466.619433962264,14148.26,182,100,53,CRITICAL
CUST000157,45,171683.94,3815.1986666666667,14931.49,162,100,45,CRITICAL
CUST000158,43,162891.45,3788.173255813954,14775.73,142,100,43,CRITICAL
CUST000159,42,179819.68,4281.420952380952,14945.95,146,100,42,CRITICAL
CUST000160,32,20995.63,656.1134375,4682.57,82,40,32,MEDIUM
CUST000161,16,8122.58,507.66125,1411.1,41,40,16,MEDIUM
CUST000162,24,26151.059999999998,1089.6274999999998,7300.87,69,55,24,HIGH
CUST000163,19,10915.65,574.5078947368421,2429.44,47,35,19,MEDIUM
CUST000164,17,9246.18,543.8929411764706,1496.68,47,40,17,MEDIUM
CUST000165,29,18234.66,628.7813793103448,3508.63,75,40,29,MEDIUM
CUST000166,24,13572.289999999999,565.5120833333333,2888.73,60,40,24,MEDIUM
CUST000167,28,18188.1,649.5749999999999,2501.26,79,40,28,MEDIUM
CUST000168,31,23901.32,771.0103225806452,4189.05,84,40,31,MEDIUM
CUST000169,28,23997.13,857.0403571428571,4202.75,72,40,28,MEDIUM
CUST000170,24,11875.91,494.82958333333335,2034.67,63,40,24,MEDIUM
CUST000171,22,42894.45,1949.7477272727272,21527.75,64,70,22,CRITICAL
CUST000172,33,19389.14,587.5496969696969,2058.71,90,40,33,MEDIUM
CUST000173,25,18413.22,736.5288,2047.26,69,40,25,MEDIUM
CUST000174,18,11700.17,650.0094444444444,4057.29,47,40,18,MEDIUM
CUST000175,32,26352.210000000003,823.5065625000001,6371.21,84,60,32,HIGH
CUST000176,24,16103.380000000001,670.9741666666667,3581.4,62,40,24,MEDIUM
CUST000177,16,6093.15,380.821875,1261.73,42,35,16,MEDIUM
CUST000178,27,19857.66,735.4688888888888,3576.86,69,40,27,MEDIUM
CUST000179,10,10899.12,1089.912,3890.28,29,40,10,MEDIUM
CUST000180,19,9317.98,490.41999999999996,2089.39,55,40,19,MEDIUM
CUST000181,19,15277.22,804.0642105263157,3980.64,47,40,19,MEDIUM
CUST000182,23,6999.02,304.3052173913044,1394.44,66,40,23,MEDIUM
CUST000183,17,14050.8,826.5176470588235,5779.9,46,50,17,HIGH
CUST000184,16,6737.08,421.0675,2156.18,44,40,16,MEDIUM
CUST000185,24,23455.79,977.3245833333334,6275.87,61,50,24,HIGH
CUST000186,25,15043.27,601.7308,3249.81,63,40,25,MEDIUM
CUST000187,23,14645.0,636.7391304347826,5787.51,64,50,23,HIGH
CUST000188,24,19577.96,815.7483333333333,6011.94,65,65,24,HIGH
CUST000189,30,21425.85,714.1949999999999,3053.73,76,40,30,MEDIUM
CUST000190,14,10974.89,783.9207142857142,2895.72,38,35,14,MEDIUM
CUST000191,33,22497.079999999998,681.7296969696969,3103.61,89,40,33,MEDIUM
CUST000192,19,19925.96,1048.7347368421051,6792.66,50,50,19,HIGH
CUST000193,26,20621.06,793.1176923076923,3714.47,99,55,26,HIGH
CUST000194,19,19721.35,1037.965789473684,4799.01,53,40,19,MEDIUM
CUST000195,29,31627.66,1090.6089655172414,5033.55,79,55,29,HIGH
CUST000196,28,22099.08,789.2528571428572,3721.09,79,40,28,MEDIUM
CUST000197,21,11712.05,557.7166666666666,4850.34,58,40,21,MEDIUM
CUST000198,26,23692.63,911.255,5674.6,99,65,26,HIGH
CUST000199,21,15207.33,724.1585714285715,6809.28,55,70,21,CRITICAL
CUST000200,18,11018.73,612.1516666666666,2132.01,51,40,18,MEDIUM
CUST000201,31,34006.74,1096.9916129032258,6892.99,83,50,31,HIGH
CUST000202,22,16609.75,754.9886363636364,4812.63,66,40,22,MEDIUM
CUST000203,16,13530.279999999999,845.6424999999999,4691.59,40,35,16,MEDIUM
CUST000204,25,16852.78,674.1111999999999,2196.04,65,40,25,MEDIUM
CUST000205,25,28345.09,1133.8036,6356.2,68,55,25,HIGH
CUST000206,23,17776.32,772.8834782608695,3270.94,63,40,23,MEDIUM
CUST000207,24,22736.59,947.3579166666667,3006.48,64,40,24,MEDIUM
CUST000208,21,17390.98,828.1419047619047,4443.13,59,40,21,MEDIUM
CUST000209,24,19021.13,792.5470833333334,7956.46,65,55,24,HIGH
CUST000210,20,8297.04,414.85200000000003,1033.04,52,35,20,MEDIUM
CUST000211,24,13676.939999999999,569.8725,5552.23,87,65,24,HIGH
CUST000212,30,44093.5,1469.7833333333333,14720.86,82,50,30,HIGH
CUST000213,21,15842.65,754.4119047619048,4119.29,56,40,21,MEDIUM
CUST000214,32,25245.989999999998,788.9371874999999,5045.55,83,55,32,HIGH
CUST000215,28,19836.36,708.4414285714286,4135.23,76,40,28,MEDIUM
CUST000216,24,15405.99,641.91625,2607.49,64,40,24,MEDIUM
CUST000217,31,12658.91,408.351935483871,2442.0,82,35,31,MEDIUM
CUST000218,35,23929.69,683.7054285714286,3910.9,92,40,35,MEDIUM
CUST000219,25,12532.26,501.29040000000003,2079.93,65,40,25,MEDIUM
CUST000220,20,14415.42,720.771,2088.43,53,40,20,MEDIUM
CUST000221,20,11766.96,588.348,3762.03,47,35,20,MEDIUM
CUST000222,29,16233.44,559.7737931034483,2226.1,84,40,29,MEDIUM
CUST000223,27,14775.46,547.2392592592593,2393.56,70,40,27,MEDIUM
CUST000224,29,20317.49,700.6031034482759,3289.6,75,35,29,MEDIUM
CUST000225,27,15389.86,569.9948148148148,2337.98,71,40,27,MEDIUM
CUST000226,28,22038.940000000002,787.1050000000001,5976.92,76,50,28,HIGH
CUST000227,23,18209.88,791.7339130434783,4024.44,65,40,23,MEDIUM
CUST000228,19,9246.21,486.6426315789473,2123.6,51,40,19,MEDIUM
CUST000229,26,20843.39,801.6688461538462,9827.85,72,70,26,CRITICAL
CUST000230,29,20597.09,710.2444827586207,5082.43,85,55,29,HIGH
CUST000231,31,14173.2,457.20000000000005,2272.97,79,40,31,MEDIUM
CUST000232,22,17726.399999999998,805.7454545454544,4271.11,55,40,22,MEDIUM
CUST000233,30,18862.08,628.7360000000001,2316.59,84,40,30,MEDIUM
CUST000234,30,19433.72,647.7906666666667,2845.77,78,40,30,MEDIUM
CUST000235,19,19776.22,1040.8536842105264,5316.72,54,65,19,HIGH
CUST000236,28,29979.26,1070.6878571428572,10175.99,74,50,28,HIGH
CUST000237,23,41332.38,1797.06,21507.53,61,60,23,HIGH
CUST000238,28,25292.7,903.3107142857143,8438.93,76,80,28,CRITICAL
CUST000239,20,24356.98,1217.849,9243.11,56,65,20,HIGH
CUST000240,19,17333.23,912.2752631578948,5245.69,54,55,19,HIGH
CUST000241,15,10220.119999999999,681.3413333333333,2864.39,36,40,15,MEDIUM
CUST000242,22,9329.64,424.07454545454544,1982.74,53,35,22,MEDIUM
CUST000243,21,9748.89,464.23285714285714,2096.38,57,40,21,MEDIUM
CUST000244,29,34012.2,1172.8344827586207,13393.22,81,55,29,HIGH
CUST000245,30,16075.75,535.8583333333333,2907.27,83,40,30,MEDIUM
CUST000246,23,19740.02,858.2617391304348,8290.76,59,65,23,HIGH
CUST000247,18,12701.69,705.6494444444445,2641.17,73,50,18,HIGH
CUST000248,22,23698.77,1077.216818181818,7226.3,60,55,22,HIGH
CUST000249,18,22536.41,1252.0227777777777,7992.17,48,55,18,HIGH
CUST000250,22,35108.04,1595.82,15170.32,65,55,22,HIGH
CUST000251,23,30793.23,1338.8360869565217,10194.98,70,85,23,CRITICAL
CUST000252,19,26393.13,1389.112105263158,8931.93,55,65,19,HIGH
CUST000253,28,21895.98,781.9992857142857,6311.08,76,55,28,HIGH
CUST000254,24,23868.65,994.5270833333334,3813.83,65,40,24,MEDIUM
CUST000255,16,19526.82,1220.42625,6620.64,47,50,16,HIGH
CUST000256,24,11194.26,466.4275,1384.63,58,40,24,MEDIUM
CUST000257,22,24054.32,1093.3781818181817,9399.62,85,80,22,CRITICAL
CUST000258,25,30162.77,1206.5108,11879.89,61,50,25,HIGH
CUST000259,25,9722.8,388.912,2443.52,64,40,25,MEDIUM
CUST000260,29,19483.48,671.8441379310344,5873.48,85,50,29,HIGH
CUST000261,24,17278.36,719.9316666666667,8269.25,69,65,24,HIGH
CUST000262,19,16838.08,886.2147368421054,3622.24,25,15,0,LOW
CUST000263,25,11025.380000000001,441.01520000000005,1154.93,69,40,25,MEDIUM
CUST000264,28,20666.32,738.0828571428572,2320.44,74,40,28,MEDIUM
CUST000265,18,19448.1,1080.4499999999998,7248.17,47,55,18,HIGH
CUST000266,27,21428.77,793.6581481481481,4282.98,72,40,27,MEDIUM
CUST000267,15,10704.77,713.6513333333334,2720.66,38,40,15,MEDIUM
CUST000268,18,12640.5,702.25,2954.52,47,40,18,MEDIUM
CUST000269,31,19787.02,638.2909677419354,2696.95,86,40,31,MEDIUM
CUST000270,24,17402.9,725.1208333333334,8733.2,64,65,24,HIGH
CUST000271,15,8694.69,579.6460000000001,2913.56,40,40,15,MEDIUM
CUST000272,27,19732.46,730.8318518518519,2196.61,72,40,27,MEDIUM
CUST000273,27,12247.87,453.62481481481484,3422.23,80,40,27,MEDIUM
CUST000274,34,17187.3,505.50882352941176,3071.96,92,40,34,MEDIUM
CUST000275,23,13035.82,566.7747826086957,2249.77,62,40,23,MEDIUM
CUST000276,23,14623.81,635.8178260869565,3443.13,66,40,23,MEDIUM
CUST000277,18,7285.360000000001,404.74222222222227,2248.07,50,40,18,MEDIUM
CUST000278,22,12365.01,562.045909090909,2683.72,58,40,22,MEDIUM
CUST000279,21,13065.84,622.1828571428572,2850.24,52,40,21,MEDIUM
CUST000280,25,37278.549999999996,1491.1419999999998,15533.55,73,70,25,CRITICAL
CUST000281,26,21380.18,822.3146153846154,2952.88,62,40,26,MEDIUM
CUST000282,27,23965.84,887.6237037037037,13181.11,75,70,27,CRITICAL
CUST000283,34,17330.52,509.72117647058826,3459.5,91,35,34,MEDIUM
CUST000284,17,18365.64,1080.3317647058823,7546.87,52,55,17,HIGH
CUST000285,24,17750.16,739.59,3659.53,68,40,24,MEDIUM
CUST000286,18,18682.28,1037.9044444444444,6455.59,50,55,18,HIGH
CUST000287,15,11122.32,741.4879999999999,2543.97,41,35,15,MEDIUM
CUST000288,31,33930.75,1094.5403225806451,10956.58,86,55,31,HIGH
CUST000289,22,18015.14,818.87,4167.84,58,35,22,MEDIUM
CUST000290,15,4716.0599999999995,314.40399999999994,2047.6,44,40,15,MEDIUM
CUST000291,20,9713.83,485.6915,2168.26,58,40,20,MEDIUM
CUST000292,27,18214.28,674.6029629629629,5079.49,76,55,27,HIGH
CUST000293,29,24315.89,838.4789655172414,7648.02,75,70,29,CRITICAL
CUST000294,17,8001.820000000001,470.6952941176471,2432.04,42,35,17,MEDIUM
CUST000295,27,14459.29,535.5292592592593,2046.07,79,40,27,MEDIUM
CUST000296,26,20655.32,794.4353846153846,5255.23,70,55,26,HIGH
CUST000297,23,16644.41,723.67,5304.3,61,50,23,HIGH
CUST000298,28,17302.829999999998,617.9582142857142,4756.73,74,40,28,MEDIUM
CUST000299,21,7760.12,369.5295238095238,1972.61,55,40,21,MEDIUM
CUST000300,27,19382.55,717.8722222222221,4032.23,71,40,27,MEDIUM
CUST000301,22,10150.720000000001,461.3963636363637,1553.67,86,50,22,HIGH
CUST000302,28,31764.010000000002,1134.4289285714287,13457.06,78,55,28,HIGH
CUST000303,28,23113.72,825.49,2886.76,104,55,28,HIGH
CUST000304,29,41551.5,1432.8103448275863,24375.21,82,65,29,HIGH
CUST000305,33,29799.08,903.0024242424242,6401.7,90,55,33,HIGH
CUST000306,17,4403.8099999999995,259.0476470588235,972.56,49,40,17,MEDIUM
CUST000307,25,21754.01,870.1604,5149.37,66,65,25,HIGH
CUST000308,22,10961.84,498.26545454545453,2159.1,60,40,22,MEDIUM
CUST000309,16,8075.6900000000005,504.73062500000003,1620.06,42,35,16,MEDIUM
CUST000310,25,11030.98,441.2392,2146.5,67,40,25,MEDIUM
CUST000311,28,19460.98,695.035,5099.45,73,55,28,HIGH
CUST000312,19,19459.739999999998,1024.1968421052632,5616.0,59,55,19,HIGH
CUST000313,26,16457.7,632.9884615384616,3015.95,67,40,26,MEDIUM
CUST000314,24,24878.77,1036.6154166666668,4425.89,63,35,24,MEDIUM
CUST000315,28,12514.73,446.95464285714286,1892.76,73,40,28,MEDIUM
CUST000316,33,18787.579999999998,569.320606060606,2648.06,93,40,33,MEDIUM
CUST000317,28,19670.17,702.5060714285713,3073.2,72,40,28,MEDIUM
CUST000318,22,14676.39,667.1086363636364,2528.44,60,40,22,MEDIUM
CUST000319,24,20751.55,864.6479166666667,3130.67,65,40,24,MEDIUM
CUST000320,22,15243.77,692.8986363636363,3110.45,59,40,22,MEDIUM
CUST000321,17,13055.16,767.9505882352942,5536.98,49,50,17,HIGH
CUST000322,25,20008.53,800.3412,7868.25,68,55,25,HIGH
CUST000323,24,20354.59,848.1079166666667,4834.77,82,50,24,HIGH
CUST000324,25,9425.75,377.03,1353.66,65,40,25,MEDIUM
CUST000325,22,19906.38,904.8354545454546,3794.04,53,40,22,MEDIUM
CUST000326,21,12026.84,572.7066666666667,2090.5,57,40,21,MEDIUM
CUST000327,27,31418.239999999998,1163.6385185185184,10303.98,72,65,27,HIGH
CUST000328,23,11866.85,515.95,1832.21,58,40,23,MEDIUM
CUST000329,25,20753.16,830.1264,5869.86,70,50,25,HIGH
CUST000330,30,19592.63,653.0876666666667,3780.17,78,40,30,MEDIUM
CUST000331,21,12640.02,601.9057142857143,3379.31,56,40,21,MEDIUM
CUST000332,20,18261.08,913.0540000000001,5564.36,55,65,20,HIGH
CUST000333,32,25517.81,797.4315625,4909.91,87,40,32,MEDIUM
CUST000334,19,6035.1900000000005,317.64157894736843,929.74,51,35,19,MEDIUM
CUST000335,26,27756.24,1067.5476923076924,4799.26,96,55,26,HIGH
CUST000336,22,17620.989999999998,800.9540909090908,4448.23,53,35,22,MEDIUM
CUST000337,18,9192.06,510.66999999999996,1443.98,49,40,18,MEDIUM
CUST000338,26,12152.27,467.39500000000004,1970.83,68,40,26,MEDIUM
CUST000339,21,12009.76,571.8933333333333,4175.46,55,45,21,MEDIUM
CUST000340,23,14618.55,635.5891304347825,2350.09,63,40,23,MEDIUM
CUST000341,26,16398.36,630.7061538461538,3338.61,68,40,26,MEDIUM
CUST000342,24,17331.97,722.1654166666667,7120.28,67,55,24,HIGH
CUST000343,21,15384.710000000001,732.6052380952382,4105.1,55,40,21,MEDIUM
CUST000344,15,28761.17,1917.4113333333332,15584.46,42,70,15,CRITICAL
CUST000345,23,19946.28,867.2295652173913,5893.25,61,55,23,HIGH
CUST000346,25,12761.47,510.4588,3207.31,67,40,25,MEDIUM
CUST000347,24,17485.75,728.5729166666666,2407.55,93,50,24,HIGH
CUST000348,17,7908.849999999999,465.22647058823526,1727.77,47,40,17,MEDIUM
CUST000349,16,10905.3,681.58125,2681.67,41,35,16,MEDIUM
CUST000350,19,16942.66,891.718947368421,5289.68,50,55,19,HIGH
CUST000351,21,10072.5,479.64285714285717,2632.65,57,40,21,MEDIUM
CUST000352,36,28828.99,800.8052777777779,4714.18,96,40,36,MEDIUM
CUST000353,27,19308.489999999998,715.1292592592591,3677.3,71,40,27,MEDIUM
CUST000354,23,22610.71,983.0743478260869,6055.01,64,55,23,HIGH
CUST000355,25,13432.6,537.304,2043.89,96,55,25,HIGH
CUST000356,21,17212.27,819.6319047619048,5208.46,57,55,21,HIGH
CUST000357,18,13907.46,772.6366666666667,4088.0,52,40,18,MEDIUM
CUST000358,23,16032.31,697.0569565217392,6979.5,60,50,23,HIGH
CUST000359,33,32209.77,976.0536363636364,11094.1,87,70,33,CRITICAL
CUST000360,20,11658.15,582.9075,1875.11,54,40,20,MEDIUM
CUST000361,27,26083.13,966.0418518518519,5187.08,74,50,27,HIGH
CUST000362,25,10656.36,426.25440000000003,2425.46,68,40,25,MEDIUM
CUST000363,30,15304.97,510.16566666666665,1869.03,77,40,30,MEDIUM
CUST000364,19,19692.91,1036.4689473684211,5514.24,56,55,19,HIGH
CUST000365,18,15166.0,842.5555555555555,4111.29,44,40,18,MEDIUM
CUST000366,22,12786.73,581.215,2658.61,58,40,22,MEDIUM
CUST000367,25,13387.92,535.5168,2946.5,66,40,25,MEDIUM
CUST000368,28,11590.11,413.9325,2162.08,106,60,28,HIGH
CUST000369,36,30581.91,849.4975,13192.15,91,50,36,HIGH
CUST000370,23,28650.97,1245.694347826087,11837.91,64,55,23,HIGH
CUST000371,20,35987.98,1799.3990000000001,19267.16,57,65,20,HIGH
CUST000372,23,12675.529999999999,551.1099999999999,1727.94,56,40,23,MEDIUM
CUST000373,25,19851.6,794.064,6311.67,64,50,25,HIGH
CUST000374,24,17993.14,749.7141666666666,4166.5,67,40,24,MEDIUM
CUST000375,25,15012.109999999999,600.4843999999999,5010.55,70,50,25,HIGH
CUST000376,27,21468.21,795.1188888888888,3852.44,67,40,27,MEDIUM
CUST000377,16,7568.4400000000005,473.02750000000003,1618.26,45,40,16,MEDIUM
CUST000378,30,16622.0,554.0666666666667,2152.94,82,40,30,MEDIUM
CUST000379,21,20817.809999999998,991.3242857142856,8044.95,62,70,21,CRITICAL
CUST000380,24,16144.78,672.6991666666667,3101.53,65,40,24,MEDIUM
CUST000381,25,19943.53,797.7411999999999,3916.41,69,40,25,MEDIUM
CUST000382,21,22718.22,1081.8200000000002,7080.2,57,55,21,HIGH
CUST000383,26,18666.61,717.9465384615385,4191.07,92,55,26,HIGH
CUST000384,24,22386.55,932.7729166666667,8632.24,64,70,24,CRITICAL
CUST000385,33,17818.77,539.9627272727273,3065.11,80,35,33,MEDIUM
CUST000386,14,10559.06,754.2185714285714,3835.97,39,40,14,MEDIUM
CUST000387,34,23358.29,687.0085294117647,4181.48,95,40,34,MEDIUM
CUST000388,31,28148.86,908.0277419354838,5805.18,113,65,31,HIGH
CUST000389,24,25286.13,1053.5887500000001,7073.18,60,50,24,HIGH
CUST000390,21,11316.01,538.8576190476191,1654.9,54,40,21,MEDIUM
CUST000391,25,19554.27,782.1708,5944.47,92,60,25,HIGH
CUST000392,18,8823.81,490.21166666666664,2185.23,51,40,18,MEDIUM
CUST000393,26,19487.789999999997,749.5303846153845,4658.69,68,40,26,MEDIUM
CUST000394,19,31137.65,1638.8236842105264,16374.4,56,70,19,CRITICAL
CUST000395,23,18744.14,814.9626086956522,3237.4,63,40,23,MEDIUM
CUST000396,20,11266.04,563.302,1879.63,51,40,20,MEDIUM
CUST000397,23,33267.33,1446.405652173913,10679.95,60,55,23,HIGH
CUST000398,20,14264.07,713.2035,6446.7,55,50,20,HIGH
CUST000399,31,41266.57,1331.179677419355,7749.8,89,55,31,HIGH
CUST000400,34,27565.22,810.7417647058824,6156.51,92,55,34,HIGH
CUST000401,33,43168.71,1308.1427272727271,19051.82,89,65,33,HIGH
CUST000402,25,19730.59,789.2236,3347.89,66,40,25,MEDIUM
CUST000403,17,22550.24,1326.484705882353,14172.51,50,55,17,HIGH
CUST000404,23,12154.05,528.4369565217391,3290.83,60,40,23,MEDIUM
CUST000405,20,20807.59,1040.3795,4564.1,53,40,20,MEDIUM
CUST000406,21,13655.59,650.2661904761904,4064.51,30,15,0,LOW
CUST000407,17,17362.16,1021.3035294117647,7926.88,48,55,17,HIGH
CUST000408,27,15933.11,590.1151851851852,3098.34,72,40,27,MEDIUM
CUST000409,22,8948.09,406.73136363636365,1530.67,62,40,22,MEDIUM
CUST000410,20,16069.55,803.4775,4484.19,54,40,20,MEDIUM
CUST000411,18,11163.06,620.17,2644.87,65,55,18,HIGH
CUST000412,29,21127.64,728.5393103448275,3397.46,81,40,29,MEDIUM
CUST000413,23,17553.44,763.1930434782608,2443.92,63,40,23,MEDIUM
CUST000414,26,19772.289999999997,760.4726923076922,4371.33,74,40,26,MEDIUM
CUST000415,22,12276.47,558.0213636363636,4239.36,61,40,22,MEDIUM
CUST000416,21,14213.67,676.8414285714285,2573.52,53,35,21,MEDIUM
CUST000417,26,17114.59,658.2534615384616,3322.93,71,40,26,MEDIUM
CUST000418,36,32249.34,895.815,5599.36,95,55,36,HIGH
CUST000419,33,42679.47,1293.3172727272727,19233.31,93,70,33,CRITICAL
CUST000420,25,23271.95,930.878,4518.52,66,40,25,MEDIUM
CUST000421,27,21854.48,809.4251851851851,3884.3,77,50,27,HIGH
CUST000422,19,9383.4,493.86315789473684,2641.84,51,40,19,MEDIUM
CUST000423,29,24666.95,850.5844827586208,4232.16,78,40,29,MEDIUM
CUST000424,28,18161.85,648.6374999999999,4015.99,77,40,28,MEDIUM
CUST000425,24,12859.24,535.8016666666666,2647.86,58,40,24,MEDIUM
CUST000426,28,18589.530000000002,663.9117857142858,2994.42,75,40,28,MEDIUM
CUST000427,27,19455.61,720.5781481481482,2917.14,73,40,27,MEDIUM
CUST000428,21,28600.67,1361.9366666666665,5057.98,58,55,21,HIGH
CUST000429,25,17865.45,714.618,4347.67,68,40,25,MEDIUM
CUST000430,26,21397.19,822.9688461538461,5555.78,70,50,26,HIGH
CUST000431,32,14505.619999999999,453.30062499999997,1940.8,84,40,32,MEDIUM
CUST000432,24,21493.29,895.55375,5140.33,65,55,24,HIGH
CUST000433,23,14818.74,644.2930434782609,3302.96,60,40,23,MEDIUM
CUST000434,22,10951.92,497.81454545454545,3694.87,57,35,22,MEDIUM
CUST000435,26,29967.75,1152.6057692307693,12174.42,75,55,26,HIGH
CUST000436,26,15415.17,592.8911538461539,2462.02,71,40,26,MEDIUM
CUST000437,34,31275.43,919.8655882352941,8502.35,87,80,34,CRITICAL
CUST000438,24,9311.6,387.98333333333335,1209.14,62,40,24,MEDIUM
CUST000439,18,16714.13,928.5627777777778,9776.4,53,70,18,CRITICAL
CUST000440,27,17550.03,650.0011111111111,2802.58,72,40,27,MEDIUM
CUST000441,21,15604.7,743.0809523809525,1925.72,55,40,21,MEDIUM
CUST000442,28,14206.02,507.35785714285714,1672.78,83,40,28,MEDIUM
CUST000443,28,24995.15,892.6839285714286,7422.07,68,50,28,HIGH
CUST000444,28,25433.66,908.345,4300.99,77,40,28,MEDIUM
CUST000445,27,16080.49,595.5737037037037,2524.69,68,35,27,MEDIUM
CUST000446,23,16127.699999999999,701.2043478260869,2659.02,65,40,23,MEDIUM
CUST000447,24,69851.2,2910.4666666666667,50000.0,63,75,24,CRITICAL
CUST000448,23,16410.13,713.4839130434783,4167.34,60,40,23,MEDIUM
CUST000449,26,18269.3,702.6653846153846,5349.28,66,55,26,HIGH
CUST000450,38,19757.68,519.938947368421,2258.21,109,40,38,MEDIUM
CUST000451,24,25311.3,1054.6375,8493.39,68,70,24,CRITICAL
CUST000452,24,10127.31,421.97125,2221.6,64,40,24,MEDIUM
CUST000453,22,19883.0,903.7727272727273,7378.48,64,55,22,HIGH
CUST000454,27,13086.44,484.68296296296296,3149.51,98,55,27,HIGH
CUST000455,26,30818.190000000002,1185.315,8312.51,80,70,26,CRITICAL
CUST000456,26,14823.89,570.1496153846153,4059.72,69,40,26,MEDIUM
CUST000457,22,29160.22,1325.4645454545455,10546.69,64,50,22,HIGH
CUST000458,25,21802.65,872.1060000000001,3890.22,65,40,25,MEDIUM
CUST000459,25,18327.7,733.1080000000001,3084.35,74,40,25,MEDIUM
CUST000460,27,23113.329999999998,856.0492592592592,2620.92,73,40,27,MEDIUM
CUST000461,30,21877.68,729.256,4095.04,80,40,30,MEDIUM
CUST000462,15,8681.28,578.7520000000001,3010.39,35,35,15,MEDIUM
CUST000463,25,12168.59,486.7436,3426.31,69,40,25,MEDIUM
CUST000464,29,14460.58,498.6406896551724,2670.99,76,50,29,HIGH
CUST000465,30,15279.61,509.32033333333334,4052.36,76,40,30,MEDIUM
CUST000466,24,21330.82,888.7841666666667,5772.69,59,50,24,HIGH
CUST000467,18,13064.699999999999,725.8166666666666,2286.37,49,40,18,MEDIUM
CUST000468,22,13562.15,616.4613636363637,2028.91,54,40,22,MEDIUM
CUST000469,28,20466.0,730.9285714285714,4351.33,77,40,28,MEDIUM
CUST000470,25,35542.87,1421.7148000000002,9578.59,71,70,25,CRITICAL
CUST000471,26,18646.62,717.1776923076923,5244.72,71,50,26,HIGH
CUST000472,28,15165.8,541.6357142857142,4034.73,77,40,28,MEDIUM
CUST000473,30,11365.72,378.8573333333333,1787.81,107,55,30,HIGH
CUST000474,23,26845.08,1167.1773913043478,10593.45,61,50,23,HIGH
CUST000475,30,16852.51,561.7503333333333,3093.83,82,40,30,MEDIUM
CUST000476,32,20240.35,632.5109375,3022.79,85,40,32,MEDIUM
CUST000477,35,20683.22,590.9491428571429,4062.13,90,40,35,MEDIUM
CUST000478,29,26624.16,918.0744827586207,9276.45,73,65,29,HIGH
CUST000479,24,14702.36,612.5983333333334,2143.36,70,40,24,MEDIUM
CUST000480,21,9315.48,443.5942857142857,2404.43,52,40,21,MEDIUM
CUST000481,26,21854.93,840.5742307692308,5750.42,95,65,26,HIGH
CUST000482,23,10213.99,444.08652173913043,1880.51,60,40,23,MEDIUM
CUST000483,27,20368.5,754.3888888888889,3539.09,72,40,27,MEDIUM
CUST000484,22,18096.79,822.5813636363637,5463.96,58,55,22,HIGH
CUST000485,24,13466.99,561.1245833333334,5071.65,67,55,24,HIGH
CUST000486,25,21686.54,867.4616000000001,7942.54,68,50,25,HIGH
CUST000487,23,22289.68,969.1165217391305,5149.15,63,55,23,HIGH
CUST000488,19,9359.86,492.62421052631584,2000.81,52,40,19,MEDIUM
CUST000489,24,8561.619999999999,356.7341666666666,1095.6,58,40,24,MEDIUM
CUST000490,23,14672.27,637.9247826086956,2292.88,61,40,23,MEDIUM
CUST000491,23,17400.72,756.553043478261,3033.55,65,40,23,MEDIUM
CUST000492,24,17029.86,709.5775,2533.48,87,50,24,HIGH
CUST000493,31,14472.02,466.8393548387097,1649.46,83,40,31,MEDIUM
CUST000494,23,18904.64,821.9408695652173,5731.7,62,55,23,HIGH
CUST000495,21,23743.18,1130.627619047619,7258.96,56,50,21,HIGH
CUST000496,28,28265.04,1009.4657142857143,7359.85,72,55,28,HIGH
CUST000497,21,11621.369999999999,553.3985714285714,4276.15,56,40,21,MEDIUM
CUST000498,20,16856.21,842.8104999999999,3200.08,54,40,20,MEDIUM
CUST000499,23,18300.43,795.6708695652175,4670.99,61,40,23,MEDIUM
CUST000500,28,19008.18,678.8635714285714,3847.28,78,40,28,MEDIUM
CUST000501,18,6959.61,386.645,1469.37,46,40,18,MEDIUM
CUST000502,31,23332.64,752.6658064516129,2620.72,83,40,31,MEDIUM
CUST000503,24,14258.43,594.10125,3080.48,61,40,24,MEDIUM
CUST000504,16,8581.880000000001,536.3675000000001,2780.92,57,55,16,HIGH
CUST000505,23,19881.79,864.4256521739131,8074.93,63,70,23,CRITICAL
CUST000506,20,16753.14,837.6569999999999,4258.79,55,40,20,MEDIUM
CUST000507,17,13735.95,807.9970588235294,4014.66,44,40,17,MEDIUM
CUST000508,26,20423.67,785.5257692307691,3480.05,69,40,26,MEDIUM
CUST000509,26,25086.56,964.8676923076923,4259.0,65,40,26,MEDIUM
CUST000510,25,14149.41,565.9764,4160.19,62,40,25,MEDIUM
CUST000511,24,27924.69,1163.52875,16055.4,64,55,24,HIGH
CUST000512,22,14444.37,656.5622727272728,1725.98,62,40,22,MEDIUM
CUST000513,19,8118.7,427.3,1873.19,32,20,0,LOW
CUST000514,33,25399.45,769.6803030303031,4037.05,90,40,33,MEDIUM
CUST000515,26,24090.03,926.5396153846153,5203.36,73,50,26,HIGH
CUST000516,25,18202.52,728.1008,3834.82,71,40,25,MEDIUM
CUST000517,18,28357.820000000003,1575.4344444444446,8394.37,52,70,18,CRITICAL
CUST000518,15,11203.37,746.8913333333334,3069.59,55,50,15,HIGH
CUST000519,21,23071.46,1098.6409523809523,6576.69,54,50,21,HIGH
CUST000520,27,18493.25,684.9351851851852,5244.16,76,55,27,HIGH
CUST000521,16,7649.38,478.08625,1652.0,49,40,16,MEDIUM
CUST000522,27,15755.960000000001,583.5540740740742,3283.29,70,40,27,MEDIUM
CUST000523,22,14457.28,657.1490909090909,1429.05,58,40,22,MEDIUM
CUST000524,32,24553.03,767.2821875,4665.47,81,40,32,MEDIUM
CUST000525,21,11099.28,528.5371428571428,2137.09,54,40,21,MEDIUM
CUST000526,35,38844.69,1109.8482857142858,10984.6,99,70,35,CRITICAL
CUST000527,29,17884.260000000002,616.6986206896553,2216.13,79,40,29,MEDIUM
CUST000528,28,22144.75,790.8839285714286,3747.64,105,55,28,HIGH
CUST000529,29,22390.57,772.0886206896552,3539.34,74,40,29,MEDIUM
CUST000530,21,10471.539999999999,498.6447619047619,2672.7,57,40,21,MEDIUM
CUST000531,24,15094.77,628.94875,3564.13,63,40,24,MEDIUM
CUST000532,32,19227.72,600.86625,4344.41,89,40,32,MEDIUM
CUST000533,26,17168.08,660.3107692307693,2618.38,73,40,26,MEDIUM
CUST000534,26,33678.32,1295.32,6430.24,68,60,26,HIGH
CUST000535,26,25560.21,983.0849999999999,8028.45,71,85,26,CRITICAL
CUST000536,35,23912.43,683.2122857142857,2178.4,95,40,35,MEDIUM
CUST000537,21,36741.189999999995,1749.580476190476,24428.28,57,65,21,HIGH
CUST000538,22,11465.31,521.1504545454545,3351.72,61,40,22,MEDIUM
CUST000539,24,17351.52,722.98,3692.37,66,40,24,MEDIUM
CUST000540,21,25793.61,1228.267142857143,7118.66,77,65,21,HIGH
CUST000541,24,18717.13,779.8804166666667,3564.63,68,40,24,MEDIUM
CUST000542,18,14113.97,784.1094444444444,3428.97,46,35,18,MEDIUM
CUST000543,22,9471.89,430.5404545454545,2151.3,57,40,22,MEDIUM
CUST000544,29,20089.82,692.7524137931034,5757.61,77,55,29,HIGH
CUST000545,24,14454.08,602.2533333333333,2007.53,68,40,24,MEDIUM
CUST000546,17,9700.19,570.5994117647059,2231.64,41,35,17,MEDIUM
CUST000547,27,14743.64,546.0607407407407,2737.55,78,40,27,MEDIUM
CUST000548,20,14367.88,718.394,3227.76,53,40,20,MEDIUM
CUST000549,25,10374.62,414.9848,2484.28,64,40,25,MEDIUM
CUST000550,25,17290.98,691.6392,2839.39,68,40,25,MEDIUM
CUST000551,24,16500.84,687.535,4799.97,67,40,24,MEDIUM
CUST000552,22,12353.43,561.5195454545454,1985.88,61,40,22,MEDIUM
CUST000553,23,14784.29,642.7952173913044,3078.24,63,40,23,MEDIUM
CUST000554,26,28658.0,1102.2307692307693,4481.95,97,50,26,HIGH
CUST000555,26,20807.69,800.2957692307692,3167.25,98,50,26,HIGH
CUST000556,26,15028.98,578.0376923076923,3759.35,71,40,26,MEDIUM
CUST000557,25,11323.97,452.9588,1285.54,60,40,25,MEDIUM
CUST000558,24,19559.28,814.9699999999999,7850.9,63,50,24,HIGH
CUST000559,18,16772.89,931.8272222222222,7116.66,52,50,18,HIGH
CUST000560,22,11663.72,530.1690909090909,2164.18,60,40,22,MEDIUM
CUST000561,22,15656.25,711.6477272727273,2338.47,61,40,22,MEDIUM
CUST000562,22,15386.71,699.3959090909091,4780.4,78,55,22,HIGH
CUST000563,22,22229.02,1010.41,6803.77,60,60,22,HIGH
CUST000564,22,13838.92,629.0418181818181,4425.6,61,40,22,MEDIUM
CUST000565,26,17350.56,667.3292307692308,2590.93,70,40,26,MEDIUM
CUST000566,21,20135.47,958.8319047619049,5331.4,60,65,21,HIGH
CUST000567,21,10197.61,485.60047619047623,1113.37,55,40,21,MEDIUM
CUST000568,40,35538.84,888.4709999999999,10613.8,107,50,40,HIGH
CUST000569,31,19227.19,620.2319354838709,2996.85,78,40,31,MEDIUM
CUST000570,24,10303.73,429.3220833333333,2933.91,69,40,24,MEDIUM
CUST000571,26,25272.32,972.0123076923077,8555.37,72,70,26,CRITICAL
CUST000572,29,15272.48,526.6372413793104,2431.35,82,40,29,MEDIUM
CUST000573,31,22998.96,741.901935483871,2755.93,86,40,31,MEDIUM
CUST000574,18,13201.81,733.4338888888889,4636.59,47,40,18,MEDIUM
CUST000575,18,6552.89,364.0494444444445,1276.24,54,40,18,MEDIUM
CUST000576,23,45742.03999999999,1988.7843478260868,40851.39,71,70,23,CRITICAL
CUST000577,21,15668.49,746.1185714285714,6315.48,59,55,21,HIGH
CUST000578,32,42709.29,1334.6653125,14678.21,91,55,32,HIGH
CUST000579,19,17319.77,911.5668421052632,6872.49,69,70,19,CRITICAL
CUST000580,20,10771.2,538.5600000000001,1668.72,53,40,20,MEDIUM
CUST000581,22,11586.95,526.6795454545455,1684.96,57,40,22,MEDIUM
CUST000582,26,13332.39,512.7842307692307,2792.17,68,40,26,MEDIUM
CUST000583,30,16159.84,538.6613333333333,1941.42,80,40,30,MEDIUM
CUST000584,22,12070.05,548.6386363636364,5872.68,60,55,22,HIGH
CUST000585,18,7029.51,390.52833333333336,1156.34,52,40,18,MEDIUM
CUST000586,25,13621.89,544.8756,2087.8,67,40,25,MEDIUM
CUST000587,31,13230.33,426.78483870967744,1420.04,88,40,31,MEDIUM
CUST000588,24,22885.329999999998,953.5554166666666,5013.0,66,50,24,HIGH
CUST000589,16,12166.11,760.381875,6415.47,44,55,16,HIGH
CUST000590,22,25709.62,1168.6190909090908,12199.82,64,50,22,HIGH
CUST000591,37,25868.5,699.1486486486486,5903.6,102,55,37,HIGH
CUST000592,25,13433.27,537.3308000000001,3390.89,70,40,25,MEDIUM
CUST000593,30,16515.79,550.5263333333334,3610.68,79,40,30,MEDIUM
CUST000594,17,13872.380000000001,816.0223529411766,4942.46,66,55,17,HIGH
CUST000595,26,29441.14,1132.3515384615384,9182.63,71,75,26,CRITICAL
CUST000596,18,8076.54,448.69666666666666,1639.16,51,40,18,MEDIUM
CUST000597,21,11005.39,524.0661904761904,1836.41,54,40,21,MEDIUM
CUST000598,23,26334.34,1144.9713043478262,4919.67,57,35,23,MEDIUM
CUST000599,33,23458.25,710.8560606060606,4558.64,89,45,33,MEDIUM
CUST000600,29,59801.369999999995,2062.1162068965514,39409.52,83,80,29,CRITICAL
CUST000601,28,29497.53,1053.4832142857142,6261.65,82,55,28,HIGH
CUST000602,12,4543.7699999999995,378.6475,1037.05,33,40,12,MEDIUM
CUST000603,23,8718.71,379.0743478260869,2785.71,61,35,23,MEDIUM
CUST000604,17,11334.78,666.7517647058824,2646.26,44,40,17,MEDIUM
CUST000605,29,35233.83,1214.959655172414,7012.99,80,50,29,HIGH
CUST000606,16,13287.52,830.47,2605.12,44,40,16,MEDIUM
CUST000607,20,12110.31,605.5155,2973.5,70,85,20,CRITICAL
CUST000608,31,24427.07,787.97,5833.35,77,50,31,HIGH
CUST000609,18,8032.179999999999,446.23222222222216,2129.38,23,15,0,LOW
CUST000610,22,13869.68,630.44,2946.83,61,40,22,MEDIUM
CUST000611,20,10442.81,522.1405,1687.24,81,55,20,HIGH
CUST000612,23,22536.309999999998,979.8395652173912,7154.57,66,50,23,HIGH
CUST000613,30,14759.69,491.98966666666666,1599.84,78,40,30,MEDIUM
CUST000614,26,18825.73,724.0665384615385,5550.83,68,55,26,HIGH
CUST000615,22,12305.990000000002,559.3631818181819,2373.11,59,40,22,MEDIUM
CUST000616,27,18794.4,696.088888888889,2917.23,72,35,27,MEDIUM
CUST000617,27,20089.68,744.0622222222222,4728.89,75,40,27,MEDIUM
CUST000618,22,17964.62,816.5736363636363,7894.5,62,55,22,HIGH
CUST000619,17,12199.71,717.63,4187.83,42,45,17,MEDIUM
CUST000620,25,18350.77,734.0308,2685.85,65,35,25,MEDIUM
CUST000621,27,13342.67,494.17296296296297,1724.66,77,40,27,MEDIUM
CUST000622,21,22045.36,1049.7790476190476,9701.17,60,85,21,CRITICAL
CUST000623,23,14856.5,645.9347826086956,4179.87,61,40,23,MEDIUM
CUST000624,20,16266.14,813.307,3511.86,55,40,20,MEDIUM
CUST000625,27,29209.9,1081.8481481481483,11282.85,69,55,27,HIGH
CUST000626,22,13932.539999999999,633.2972727272727,2173.6,61,40,22,MEDIUM
CUST000627,25,17679.24,707.1696000000001,2797.03,94,50,25,HIGH
CUST000628,27,11532.039999999999,427.11259259259253,2755.72,69,40,27,MEDIUM
CUST000629,30,19489.65,649.6550000000001,3451.76,77,40,30,MEDIUM
CUST000630,24,29862.649999999998,1244.2770833333332,13874.88,68,55,24,HIGH
CUST000631,17,8604.09,506.1229411764706,1757.54,50,40,17,MEDIUM
CUST000632,26,26179.87,1006.9180769230769,5264.09,67,55,26,HIGH
CUST000633,32,21604.4,675.1375,4737.34,85,40,32,MEDIUM
CUST000634,22,12127.800000000001,551.2636363636365,1969.95,59,40,22,MEDIUM
CUST000635,30,28120.079999999998,937.3359999999999,6574.49,78,50,30,HIGH
CUST000636,20,21634.03,1081.7015,12337.65,52,70,20,CRITICAL
CUST000637,21,16161.93,769.6157142857143,2816.1,55,35,21,MEDIUM
CUST000638,28,20099.91,717.8539285714286,5578.77,77,50,28,HIGH
CUST000639,26,20351.14,782.7361538461538,5015.81,68,50,26,HIGH
CUST000640,19,9524.8,501.3052631578947,2372.97,50,40,19,MEDIUM
CUST000641,36,25418.4,706.0666666666667,3048.83,94,50,36,HIGH
CUST000642,28,24254.93,866.2475000000001,4578.37,104,55,28,HIGH
CUST000643,21,12321.24,586.7257142857143,2309.22,60,40,21,MEDIUM
CUST000644,30,19998.38,666.6126666666667,3715.87,77,40,30,MEDIUM
CUST000645,27,19856.16,735.4133333333333,4731.2,98,50,27,HIGH
CUST000646,24,19220.23,800.8429166666666,6824.87,64,50,24,HIGH
CUST000647,16,6608.33,413.020625,2110.39,42,40,16,MEDIUM
CUST000648,21,8096.68,385.55619047619047,1059.71,59,40,21,MEDIUM
CUST000649,19,10668.49,561.4994736842106,2339.44,51,40,19,MEDIUM
CUST000650,17,9610.65,565.3323529411764,2918.66,50,40,17,MEDIUM
CUST000651,22,20491.75,931.4431818181819,8722.93,61,80,22,CRITICAL
CUST000652,27,34633.15,1282.7092592592594,8678.84,77,70,27,CRITICAL
CUST000653,19,8821.09,464.2678947368421,1612.25,53,40,19,MEDIUM
CUST000654,23,14584.08,634.0904347826087,4747.62,59,35,23,MEDIUM
CUST000655,34,20664.35,607.775,3093.18,85,40,34,MEDIUM
CUST000656,22,15083.32,685.6054545454546,2770.32,58,40,22,MEDIUM
CUST000657,25,17116.2,684.648,5232.97,64,50,25,HIGH
CUST000658,18,7598.9800000000005,422.16555555555556,1743.98,49,40,18,MEDIUM
CUST000659,26,15143.42,582.4392307692308,3658.57,68,40,26,MEDIUM
CUST000660,28,16170.16,577.5057142857142,2210.81,73,40,28,MEDIUM
CUST000661,26,23429.23,901.1242307692307,6929.11,72,70,26,CRITICAL
CUST000662,27,16305.16,603.8948148148148,4595.47,70,35,27,MEDIUM
CUST000663,23,59829.24999999999,2601.2717391304345,49483.34,61,80,23,CRITICAL
CUST000664,25,15244.92,609.7968,2667.43,92,50,25,HIGH
CUST000665,24,10711.78,446.3241666666667,2045.88,66,40,24,MEDIUM
CUST000666,25,15814.08,632.5632,3668.99,66,40,25,MEDIUM
CUST000667,19,16396.3,862.9631578947368,4379.99,49,35,19,MEDIUM
CUST000668,23,20664.3,898.4478260869565,4489.46,83,55,23,HIGH
CUST000669,23,13887.95,603.8239130434783,3361.18,64,40,23,MEDIUM
CUST000670,27,16573.17,613.821111111111,3196.73,68,40,27,MEDIUM
CUST000671,20,16246.81,812.3405,3424.1,50,40,20,MEDIUM
CUST000672,15,5528.04,368.536,1212.42,40,40,15,MEDIUM
CUST000673,22,6631.719999999999,301.4418181818182,1064.27,59,40,22,MEDIUM
CUST000674,19,34185.61,1799.2426315789473,9008.3,60,75,19,CRITICAL
CUST000675,20,32471.239999999998,1623.562,6971.83,55,50,20,HIGH
CUST000676,17,16060.16,944.7152941176471,4350.46,50,40,17,MEDIUM
CUST000677,33,37305.52,1130.4703030303028,5795.3,91,55,33,HIGH
CUST000678,26,19020.829999999998,731.5703846153846,4228.11,68,40,26,MEDIUM
CUST000679,27,16568.72,613.6562962962963,2601.75,73,40,27,MEDIUM
CUST000680,24,20175.09,840.62875,5591.09,71,50,24,HIGH
CUST000681,26,12901.380000000001,496.2069230769231,1464.38,71,40,26,MEDIUM
CUST000682,27,27573.09,1021.2255555555556,6198.69,70,55,27,HIGH
CUST000683,20,15228.02,761.4010000000001,4021.56,53,40,20,MEDIUM
CUST000684,26,27694.969999999998,1065.1911538461538,5100.36,71,50,26,HIGH
CUST000685,24,13285.58,553.5658333333333,2881.25,62,35,24,MEDIUM
CUST000686,25,19010.55,760.422,3672.16,67,40,25,MEDIUM
CUST000687,31,55403.58,1787.2122580645162,19411.08,87,65,31,HIGH
CUST000688,29,19606.8,676.096551724138,5454.11,81,50,29,HIGH
CUST000689,23,7409.25,322.14130434782606,1034.45,62,35,23,MEDIUM
CUST000690,22,12399.630000000001,563.6195454545455,3048.17,54,40,22,MEDIUM
CUST000691,32,27298.66,853.083125,5330.41,83,55,32,HIGH
CUST000692,20,17126.96,856.348,5197.4,53,55,20,HIGH
CUST000693,26,23377.420000000002,899.1315384615385,6358.13,71,55,26,HIGH
CUST000694,34,20111.57,591.5167647058823,2639.59,95,40,34,MEDIUM
CUST000695,26,15570.72,598.8738461538461,2674.75,69,40,26,MEDIUM
CUST000696,26,14833.710000000001,570.5273076923078,3087.44,69,40,26,MEDIUM
CUST000697,17,24176.77,1422.1629411764707,7130.27,48,55,17,HIGH
CUST000698,25,15385.52,615.4208,3851.54,66,40,25,MEDIUM
CUST000699,22,25345.48,1152.0672727272727,10646.98,64,55,22,HIGH
CUST000700,23,15183.119999999999,660.135652173913,3232.83,58,40,23,MEDIUM
CUST000701,26,13629.16,524.1984615384615,1959.85,69,40,26,MEDIUM
CUST000702,28,14835.1,529.825,3144.91,77,40,28,MEDIUM
CUST000703,30,14518.42,483.94733333333335,2346.36,84,40,30,MEDIUM
CUST000704,18,7779.78,432.21,993.85,72,55,18,HIGH
CUST000705,27,13004.800000000001,481.6592592592593,2214.85,73,40,27,MEDIUM
CUST000706,18,9890.68,549.4822222222223,1739.95,50,40,18,MEDIUM
CUST000707,28,19929.559999999998,711.7699999999999,3082.95,75,40,28,MEDIUM
CUST000708,21,16306.91,776.5195238095238,3608.95,53,40,21,MEDIUM
CUST000709,27,33194.67,1229.4322222222222,5774.34,72,50,27,HIGH
CUST000710,25,12695.78,507.8312,3385.0,67,40,25,MEDIUM
CUST000711,22,14550.82,661.4009090909091,5678.8,56,50,22,HIGH
CUST000712,32,33370.29,1042.8215625,7232.34,85,50,32,HIGH
CUST000713,18,7779.84,432.21333333333337,1610.54,64,55,18,HIGH
CUST000714,28,16787.49,599.5532142857144,3055.51,73,40,28,MEDIUM
CUST000715,23,18429.670000000002,801.2900000000001,7490.85,65,70,23,CRITICAL
CUST000716,23,11518.16,500.78956521739127,2043.04,61,40,23,MEDIUM
CUST000717,24,14594.67,608.11125,2627.14,64,40,24,MEDIUM
CUST000718,27,22706.4,840.9777777777779,6265.57,72,60,27,HIGH
CUST000719,33,29315.02,888.3339393939394,3637.31,90,40,33,MEDIUM
CUST000720,20,25907.52,1295.376,17187.65,57,55,20,HIGH
CUST000721,22,18545.44,842.9745454545454,6985.99,81,70,22,CRITICAL
CUST000722,25,14434.59,577.3836,4758.2,65,35,25,MEDIUM
CUST000723,18,9127.86,507.10333333333335,2495.99,53,40,18,MEDIUM
CUST000724,26,15062.99,579.3457692307692,3196.57,66,40,26,MEDIUM
CUST000725,27,16741.12,620.0414814814815,3516.31,76,40,27,MEDIUM
CUST000726,20,9316.18,465.809,1570.43,74,50,20,HIGH
CUST000727,35,30467.88,870.5108571428572,5499.28,99,55,35,HIGH
CUST000728,22,13244.81,602.0368181818181,2940.36,62,40,22,MEDIUM
CUST000729,33,22733.58,688.8963636363637,3951.83,88,40,33,MEDIUM
CUST000730,20,24058.65,1202.9325000000001,8371.44,59,70,20,CRITICAL
CUST000731,22,19884.89,903.8586363636364,5212.34,63,55,22,HIGH
CUST000732,28,26721.64,954.3442857142857,10577.21,105,80,28,CRITICAL
CUST000733,31,21688.5,699.6290322580645,3937.76,117,50,31,HIGH
CUST000734,23,15208.35,661.2326086956522,2669.24,59,35,23,MEDIUM
CUST000735,26,20562.989999999998,790.8842307692307,6476.16,73,50,26,HIGH
CUST000736,32,34422.37,1075.6990625,12540.02,88,55,32,HIGH
CUST000737,19,9782.9,514.8894736842105,3364.69,51,40,19,MEDIUM
CUST000738,35,22014.55,628.9871428571429,4234.75,138,55,35,HIGH
CUST000739,22,24616.95,1118.9522727272727,9910.17,60,85,22,CRITICAL
CUST000740,41,31864.32,777.1785365853658,5123.65,113,55,41,HIGH
CUST000741,29,36774.77,1268.0955172413792,5683.26,78,55,29,HIGH
CUST000742,25,11452.38,458.0952,1952.54,70,40,25,MEDIUM
CUST000743,19,11763.42,619.1273684210527,3212.67,51,40,19,MEDIUM
CUST000744,20,17146.140000000003,857.3070000000001,4620.85,51,35,20,MEDIUM
CUST000745,16,9157.74,572.35875,3455.21,41,40,16,MEDIUM
CUST000746,38,24972.67,657.1755263157894,3794.47,100,40,38,MEDIUM
CUST000747,26,24624.3,947.0884615384615,5316.28,71,55,26,HIGH
CUST000748,20,24569.36,1228.468,5730.72,55,55,20,HIGH
CUST000749,21,10090.27,480.48904761904765,2019.32,59,40,21,MEDIUM
CUST000750,14,5741.4,410.09999999999997,1252.24,32,35,14,MEDIUM
CUST000751,20,11909.3,595.4649999999999,3021.24,55,40,20,MEDIUM
CUST000752,25,12372.8,494.912,2276.0,66,40,25,MEDIUM
CUST000753,28,17409.73,621.7760714285714,4737.06,78,40,28,MEDIUM
CUST000754,25,18820.690000000002,752.8276000000001,8493.58,68,65,25,HIGH
CUST000755,20,12445.56,622.278,2023.69,53,35,20,MEDIUM
CUST000756,38,36013.58,947.7257894736842,8210.45,146,95,38,CRITICAL
CUST000757,25,22466.370000000003,898.6548000000001,8869.76,66,70,25,CRITICAL
CUST000758,24,10287.29,428.63708333333335,1996.68,65,40,24,MEDIUM
CUST000759,22,34614.47,1573.385,17846.05,56,50,22,HIGH
CUST000760,27,14541.02,538.5562962962963,2448.26,71,40,27,MEDIUM
CUST000761,26,14422.89,554.7265384615384,2312.1,70,40,26,MEDIUM
CUST000762,24,8424.73,351.03041666666667,920.47,65,40,24,MEDIUM
CUST000763,19,13366.04,703.4757894736842,3757.42,57,40,19,MEDIUM
CUST000764,23,8546.78,371.59913043478264,1328.79,65,40,23,MEDIUM
CUST000765,30,17780.09,592.6696666666667,2533.31,78,40,30,MEDIUM
CUST000766,24,11778.61,490.7754166666667,2478.07,63,40,24,MEDIUM
CUST000767,24,14791.72,616.3216666666666,2546.2,68,40,24,MEDIUM
CUST000768,22,19276.03,876.1831818181818,4389.2,60,40,22,MEDIUM
CUST000769,21,18304.13,871.6252380952382,5647.53,63,60,21,HIGH
CUST000770,32,27503.54,859.485625,5497.85,85,50,32,HIGH
CUST000771,35,24186.94,691.0554285714285,2586.55,97,40,35,MEDIUM
CUST000772,21,13082.02,622.9533333333334,4318.51,55,50,21,HIGH
CUST000773,14,5259.24,375.65999999999997,825.69,53,50,14,HIGH
CUST000774,32,16288.26,509.008125,3441.99,84,40,32,MEDIUM
CUST000775,25,20186.68,807.4672,6695.51,69,55,25,HIGH
CUST000776,28,36226.29,1293.7960714285714,16287.36,71,55,28,HIGH
CUST000777,23,11863.17,515.79,4170.99,63,40,23,MEDIUM
CUST000778,22,18345.56,833.889090909091,4370.87,61,40,22,MEDIUM
CUST000779,20,29709.01,1485.4505,9852.38,32,50,2,HIGH
CUST000780,23,25418.04,1105.1321739130435,7051.35,56,55,23,HIGH
CUST000781,25,11249.16,449.9664,1226.01,66,35,25,MEDIUM
CUST000782,21,15806.65,752.697619047619,1858.9,59,40,21,MEDIUM
CUST000783,31,17092.670000000002,551.3764516129033,2481.73,81,40,31,MEDIUM
CUST000784,29,12708.02,438.20758620689656,2666.87,74,40,29,MEDIUM
CUST000785,23,16295.029999999999,708.4795652173913,5814.66,85,65,23,HIGH
CUST000786,25,16438.56,657.5424,3592.85,65,35,25,MEDIUM
CUST000787,19,10920.0,574.7368421052631,2908.7,54,40,19,MEDIUM
CUST000788,23,19229.829999999998,836.0795652173912,3621.12,62,40,23,MEDIUM
CUST000789,28,22963.27,820.1167857142857,4651.0,73,40,28,MEDIUM
CUST000790,24,15244.75,635.1979166666666,2770.85,59,40,24,MEDIUM
CUST000791,23,28173.18,1224.9208695652173,7976.28,64,55,23,HIGH
CUST000792,23,14569.789999999999,633.4691304347825,5318.98,61,50,23,HIGH
CUST000793,23,20726.82,901.1660869565218,9877.7,58,75,23,CRITICAL
CUST000794,20,13195.36,659.768,2924.88,51,40,20,MEDIUM
CUST000795,29,21194.239999999998,730.8358620689654,7735.48,77,50,29,HIGH
CUST000796,24,16267.76,677.8233333333334,3753.32,68,40,24,MEDIUM
CUST000797,27,14193.86,525.6985185185185,2741.78,73,40,27,MEDIUM
CUST000798,22,12403.35,563.7886363636363,2515.07,54,40,22,MEDIUM
CUST000799,33,19224.06,582.5472727272728,3065.86,84,40,33,MEDIUM
CUST000800,24,16629.29,692.8870833333334,3069.73,62,40,24,MEDIUM
CUST000801,18,9441.08,524.5044444444444,2260.02,52,40,18,MEDIUM
CUST000802,23,19591.22,851.7921739130435,7613.61,61,50,23,HIGH
CUST000803,34,25524.420000000002,750.7182352941177,3640.57,119,50,34,HIGH
CUST000804,23,12491.62,543.1139130434783,2851.25,68,40,23,MEDIUM
CUST000805,35,22871.35,653.4671428571428,3224.49,97,50,35,HIGH
CUST000806,28,19830.54,708.2335714285715,3861.0,78,40,28,MEDIUM
CUST000807,24,21952.010000000002,914.6670833333334,3450.51,67,40,24,MEDIUM
CUST000808,31,28335.16,914.0374193548387,8731.28,87,80,31,CRITICAL
CUST000809,21,17240.1,820.9571428571428,3707.96,52,40,21,MEDIUM
CUST000810,17,12761.12,750.6541176470589,2643.01,42,40,17,MEDIUM
CUST000811,23,21925.809999999998,953.2960869565217,4436.24,61,50,23,HIGH
CUST000812,18,8245.76,458.09777777777776,1266.25,47,40,18,MEDIUM
CUST000813,28,22229.76,793.92,4624.11,74,40,28,MEDIUM
CUST000814,19,5943.030000000001,312.79105263157896,2049.76,49,40,19,MEDIUM
CUST000815,28,17709.96,632.4985714285714,4358.02,103,55,28,HIGH
CUST000816,26,15163.89,583.2265384615384,2843.19,71,40,26,MEDIUM
CUST000817,20,24315.47,1215.7735,5657.57,53,50,20,HIGH
CUST000818,12,12565.97,1047.1641666666667,4554.01,32,40,12,MEDIUM
CUST000819,18,9139.06,507.7255555555555,2820.28,46,40,18,MEDIUM
CUST000820,23,21394.06,930.1765217391305,6966.13,65,55,23,HIGH
CUST000821,25,28490.25,1139.61,7414.84,68,50,25,HIGH
CUST000822,25,24307.17,972.2868,8753.53,74,90,25,CRITICAL
CUST000823,22,14869.77,675.8986363636363,4091.06,61,40,22,MEDIUM
CUST000824,24,19228.2,801.1750000000001,4355.44,63,40,24,MEDIUM
CUST000825,27,16671.57,617.4655555555555,2766.64,71,40,27,MEDIUM
CUST000826,16,28323.1,1770.19375,10718.38,48,75,16,CRITICAL
CUST000827,24,17182.24,715.9266666666667,3189.41,65,35,24,MEDIUM
CUST000828,16,7917.5599999999995,494.84749999999997,1508.34,46,40,16,MEDIUM
CUST000829,30,12323.36,410.7786666666667,2003.16,85,40,30,MEDIUM
CUST000830,28,17217.19,614.8996428571428,2537.93,73,40,28,MEDIUM
CUST000831,19,12513.67,658.6142105263158,3809.52,53,40,19,MEDIUM
CUST000832,25,23410.53,936.4212,4749.46,61,35,25,MEDIUM
CUST000833,19,15047.27,791.9615789473685,4240.32,51,40,19,MEDIUM
CUST000834,22,11009.39,500.42681818181813,1423.73,59,40,22,MEDIUM
CUST000835,22,9650.72,438.66909090909087,1807.17,57,40,22,MEDIUM
CUST000836,33,36345.03,1101.3645454545454,13068.75,91,55,33,HIGH
CUST000837,29,30455.97,1050.2058620689656,6866.11,75,50,29,HIGH
CUST000838,28,17958.44,641.3728571428571,3028.48,74,40,28,MEDIUM
CUST000839,20,8060.47,403.0235,1692.89,52,35,20,MEDIUM
CUST000840,26,16865.46,648.6715384615384,4317.88,69,40,26,MEDIUM
CUST000841,22,16084.04,731.0927272727273,3562.28,55,35,22,MEDIUM
CUST000842,21,18664.06,888.7647619047619,6373.64,76,65,21,HIGH
CUST000843,30,24220.28,807.3426666666667,4717.38,80,40,30,MEDIUM
CUST000844,26,16829.13,647.2742307692308,2702.0,72,40,26,MEDIUM
CUST000845,20,16512.15,825.6075000000001,5678.52,55,55,20,HIGH
CUST000846,22,19903.3,904.6954545454545,3877.67,57,40,22,MEDIUM
CUST000847,25,18807.56,752.3024,3961.09,68,40,25,MEDIUM
CUST000848,20,17294.8,864.74,3179.17,54,40,20,MEDIUM
CUST000849,28,20642.329999999998,737.2260714285713,6881.62,75,55,28,HIGH
CUST000850,25,25210.0,1008.4,8210.76,69,70,25,CRITICAL
CUST000851,26,18112.76,696.6446153846153,4601.04,72,40,26,MEDIUM
CUST000852,31,34761.85,1121.35,6813.07,87,55,31,HIGH
CUST000853,20,35446.85,1772.3425,27432.5,58,65,20,HIGH
CUST000854,20,13162.02,658.101,3667.64,50,40,20,MEDIUM
CUST000855,32,20555.56,642.36125,2940.71,89,40,32,MEDIUM
CUST000856,25,22626.96,905.0784,7031.1,70,55,25,HIGH
CUST000857,18,18198.72,1011.0400000000001,4309.83,68,60,18,HIGH
CUST000858,14,13107.25,936.2321428571429,4772.22,36,35,14,MEDIUM
CUST000859,20,16128.31,806.4155,5508.74,56,50,20,HIGH
CUST000860,18,18295.35,1016.4083333333333,4451.7,67,45,18,MEDIUM
CUST000861,19,9242.77,486.4615789473684,1570.29,48,35,19,MEDIUM
CUST000862,25,20537.4,821.4960000000001,4704.84,65,40,25,MEDIUM
CUST000863,27,14439.12,534.7822222222222,2547.26,72,40,27,MEDIUM
CUST000864,32,23212.05,725.3765625,4638.24,82,40,32,MEDIUM
CUST000865,31,26685.37,860.8183870967741,4868.08,89,40,31,MEDIUM
CUST000866,16,12619.82,788.73875,3272.24,42,40,16,MEDIUM
CUST000867,23,9971.21,433.53086956521736,1169.81,66,40,23,MEDIUM
CUST000868,28,12927.92,461.7114285714286,2044.93,72,40,28,MEDIUM
CUST000869,17,11471.8,674.8117647058823,4151.87,46,40,17,MEDIUM
CUST000870,22,9216.16,418.91636363636366,1332.15,61,40,22,MEDIUM
CUST000871,23,9765.99,424.6082608695652,1099.72,85,50,23,HIGH
CUST000872,29,28685.83,989.166551724138,11080.36,77,55,29,HIGH
CUST000873,19,9182.61,483.2952631578948,1849.43,46,40,19,MEDIUM
CUST000874,24,15389.48,641.2283333333334,5020.48,60,55,24,HIGH
CUST000875,23,12308.15,535.1369565217391,2003.47,63,40,23,MEDIUM
CUST000876,16,12581.880000000001,786.3675000000001,3546.26,37,35,16,MEDIUM
CUST000877,27,29159.45,1079.9796296296297,7841.6,78,55,27,HIGH
CUST000878,17,12638.470000000001,743.4394117647059,2229.1,49,40,17,MEDIUM
CUST000879,32,14998.45,468.7015625,3360.0,86,40,32,MEDIUM
CUST000880,25,21117.010000000002,844.6804000000001,6569.22,74,50,25,HIGH
CUST000881,21,13823.59,658.2661904761904,3312.43,57,40,21,MEDIUM
CUST000882,26,23745.94,913.3053846153846,5806.71,76,50,26,HIGH
CUST000883,19,14167.27,745.6457894736842,4124.68,50,40,19,MEDIUM
CUST000884,23,12902.77,560.99,2469.77,64,40,23,MEDIUM
CUST000885,23,24342.12,1058.3530434782608,6503.37,64,55,23,HIGH
CUST000886,21,9514.6,453.0761904761905,2213.29,57,40,21,MEDIUM
CUST000887,29,12588.8,434.0965517241379,1734.07,76,40,29,MEDIUM
CUST000888,20,25696.84,1284.842,5619.31,56,70,20,CRITICAL
CUST000889,28,27056.01,966.2860714285714,3579.27,81,40,28,MEDIUM
CUST000890,29,23529.89,811.3755172413793,3945.26,82,40,29,MEDIUM
CUST000891,21,12978.24,618.0114285714286,3161.6,58,40,21,MEDIUM
CUST000892,21,17030.739999999998,810.987619047619,5675.19,58,55,21,HIGH
CUST000893,18,6395.09,355.28277777777777,962.58,44,35,18,MEDIUM
CUST000894,18,10369.9,576.1055555555555,3187.05,48,40,18,MEDIUM
CUST000895,15,9970.58,664.7053333333333,1597.14,42,40,15,MEDIUM
CUST000896,26,34623.05,1331.6557692307692,11627.34,70,60,26,HIGH
CUST000897,24,21334.25,888.9270833333334,4069.57,68,40,24,MEDIUM
CUST000898,32,33988.03,1062.1259375,12535.67,85,55,32,HIGH
CUST000899,27,19550.899999999998,724.1074074074073,4882.62,73,45,27,MEDIUM
CUST000900,24,8742.119999999999,364.25499999999994,1959.05,61,40,24,MEDIUM
CUST000901,24,12103.84,504.32666666666665,3152.25,70,40,24,MEDIUM
CUST000902,21,13619.52,648.5485714285714,1144.9,57,40,21,MEDIUM
CUST000903,25,13290.92,531.6368,2171.04,70,40,25,MEDIUM
CUST000904,18,8147.33,452.62944444444446,3732.31,47,35,18,MEDIUM
CUST000905,33,24520.43,743.0433333333333,3118.21,91,40,33,MEDIUM
CUST000906,23,27276.11,1185.9178260869564,9350.32,64,70,23,CRITICAL
CUST000907,20,21915.079999999998,1095.754,6654.67,53,55,20,HIGH
CUST000908,22,17488.97,794.9531818181819,4195.31,58,40,22,MEDIUM
CUST000909,24,22970.87,957.1195833333333,4128.19,91,55,24,HIGH
CUST000910,25,26737.34,1069.4936,6445.1,67,55,25,HIGH
CUST000911,20,9957.710000000001,497.88550000000004,2220.63,52,40,20,MEDIUM
CUST000912,27,13653.52,505.6859259259259,2506.03,75,40,27,MEDIUM
CUST000913,24,12036.23,501.5095833333333,3221.87,60,40,24,MEDIUM
CUST000914,19,10019.8,527.357894736842,2077.93,52,40,19,MEDIUM
CUST000915,25,23367.86,934.7144000000001,6839.71,64,50,25,HIGH
CUST000916,30,39092.009999999995,1303.0669999999998,11672.07,82,65,30,HIGH
CUST000917,30,29225.34,974.178,6042.48,83,70,30,CRITICAL
CUST000918,19,10593.19,557.5363157894737,2018.56,48,40,19,MEDIUM
CUST000919,21,14519.89,691.4233333333333,3960.19,55,40,21,MEDIUM
CUST000920,19,13953.42,734.3905263157894,3381.44,44,35,19,MEDIUM
CUST000921,17,8820.82,518.8717647058824,2138.14,46,40,17,MEDIUM
CUST000922,24,16646.649999999998,693.6104166666665,4810.36,62,40,24,MEDIUM
CUST000923,24,13092.18,545.5075,1629.16,61,35,24,MEDIUM
CUST000924,33,21254.64,644.0799999999999,8077.44,88,65,33,HIGH
CUST000925,30,22093.79,736.4596666666667,5853.89,82,55,30,HIGH
CUST000926,26,39064.27,1502.4719230769228,10221.49,78,70,26,CRITICAL
CUST000927,27,10310.05,381.8537037037037,1930.2,72,40,27,MEDIUM
CUST000928,26,9408.449999999999,361.8634615384615,1961.09,77,40,26,MEDIUM
CUST000929,14,7833.97,559.5692857142857,1556.04,37,40,14,MEDIUM
CUST000930,18,16481.829999999998,915.6572222222221,7246.23,44,55,18,HIGH
CUST000931,19,12388.130000000001,652.0068421052632,1874.8,48,40,19,MEDIUM
CUST000932,20,13088.56,654.428,2849.17,51,40,20,MEDIUM
CUST000933,21,13675.35,651.2071428571429,3105.14,59,50,21,HIGH
CUST000934,24,13911.81,579.6587499999999,2204.31,60,35,24,MEDIUM
CUST000935,19,20814.0,1095.4736842105262,10206.7,52,50,19,HIGH
CUST000936,24,14884.39,620.1829166666666,2767.38,63,40,24,MEDIUM
CUST000937,25,22541.39,901.6555999999999,4475.17,65,40,25,MEDIUM
CUST000938,19,26323.31,1385.4373684210527,7466.35,58,70,19,CRITICAL
CUST000939,24,14617.61,609.0670833333334,2913.57,85,50,24,HIGH
CUST000940,15,8506.53,567.1020000000001,3357.4,42,40,15,MEDIUM
CUST000941,30,14513.34,483.778,3021.19,77,40,30,MEDIUM
CUST000942,28,20692.85,739.030357142857,12021.63,74,55,28,HIGH
CUST000943,27,15806.23,585.4159259259259,2522.82,68,40,27,MEDIUM
CUST000944,21,24056.809999999998,1145.5623809523809,7381.57,57,55,21,HIGH
CUST000945,29,17503.52,603.5696551724138,5062.6,74,55,29,HIGH
CUST000946,27,10711.72,396.73037037037034,2745.34,102,90,27,CRITICAL
CUST000947,21,11335.85,539.802380952381,1417.43,76,55,21,HIGH
CUST000948,22,19963.93,907.4513636363637,5077.97,60,55,22,HIGH
CUST000949,27,17480.39,647.4218518518518,3033.53,74,40,27,MEDIUM
CUST000950,29,25679.68,885.5062068965517,7293.26,80,50,29,HIGH
CUST000951,26,22203.05,853.9634615384615,5304.53,69,65,26,HIGH
CUST000952,33,26192.55,793.7136363636364,6349.44,89,50,33,HIGH
CUST000953,24,14119.16,588.2983333333333,3776.1,60,35,24,MEDIUM
CUST000954,21,10847.15,516.5309523809524,2281.11,79,55,21,HIGH
CUST000955,17,15731.1,925.3588235294118,5503.27,50,50,17,HIGH
CUST000956,30,21854.989999999998,728.4996666666666,4756.82,81,40,30,MEDIUM
CUST000957,27,16301.3,603.7518518518518,2383.88,68,40,27,MEDIUM
CUST000958,19,29330.65,1543.7184210526316,9788.85,54,70,19,CRITICAL
CUST000959,28,25297.29,903.4746428571428,5515.54,73,50,28,HIGH
CUST000960,24,19396.39,808.1829166666666,3253.94,90,55,24,HIGH
CUST000961,21,8788.86,418.51714285714286,1837.32,52,40,21,MEDIUM
CUST000962,25,18800.82,752.0328,6514.71,69,50,25,HIGH
CUST000963,31,26426.149999999998,852.4564516129032,8550.49,85,65,31,HIGH
CUST000964,27,17793.54,659.02,3561.78,73,40,27,MEDIUM
CUST000965,30,19706.52,656.884,3232.41,85,40,30,MEDIUM
CUST000966,28,11270.53,402.5189285714286,1462.88,78,40,28,MEDIUM
CUST000967,24,12619.14,525.7975,4040.41,61,40,24,MEDIUM
CUST000968,31,14008.58,451.8896774193548,3691.75,87,40,31,MEDIUM
CUST000969,21,7952.33,378.6823809523809,1138.01,63,40,21,MEDIUM
CUST000970,29,19425.48,669.8441379310344,4358.7,81,40,29,MEDIUM
CUST000971,12,8745.74,728.8116666666666,1849.31,30,35,12,MEDIUM
CUST000972,29,17037.23,587.4906896551724,3268.24,84,40,29,MEDIUM
CUST000973,27,25461.64,943.0237037037036,3193.97,73,40,27,MEDIUM
CUST000974,23,28052.43,1219.6708695652173,5659.62,84,65,23,HIGH
CUST000975,28,30056.45,1073.444642857143,15558.81,76,70,28,CRITICAL
CUST000976,27,18017.04,667.2977777777778,3299.58,66,40,27,MEDIUM
CUST000977,19,18172.46,956.4452631578947,10045.25,57,70,19,CRITICAL
CUST000978,19,21849.62,1149.98,4701.43,68,50,19,HIGH
CUST000979,17,8584.15,504.95,2139.47,67,50,17,HIGH
CUST000980,21,10364.460000000001,493.5457142857143,2184.61,50,35,21,MEDIUM
CUST000981,22,10857.07,493.5031818181818,1403.35,61,40,22,MEDIUM
CUST000982,18,8619.16,478.84222222222223,1566.42,51,40,18,MEDIUM
CUST000983,19,17212.95,905.9447368421053,3642.62,73,50,19,HIGH
CUST000984,23,10676.890000000001,464.21260869565225,1884.66,70,40,23,MEDIUM
CUST000985,32,29217.56,913.04875,3567.06,82,40,32,MEDIUM
CUST000986,28,18577.49,663.4817857142858,2885.6,74,40,28,MEDIUM
CUST000987,27,15826.59,586.17,2222.96,76,40,27,MEDIUM
CUST000988,26,8625.13,331.7357692307692,1807.25,73,40,26,MEDIUM
CUST000989,13,6660.11,512.3161538461538,1173.57,21,20,0,LOW
CUST000990,22,9045.56,411.16181818181815,1718.17,58,40,22,MEDIUM
CUST000991,25,13223.79,528.9516,1791.08,69,40,25,MEDIUM
CUST000992,19,19547.46,1028.8136842105262,4625.7,30,20,0,LOW
CUST000993,18,14197.57,788.7538888888889,3023.35,46,35,18,MEDIUM
CUST000994,23,9866.64,428.98434782608695,1743.58,62,40,23,MEDIUM
CUST000995,16,7702.76,481.4225,1320.24,49,40,16,MEDIUM
CUST000996,25,19265.85,770.6339999999999,2751.81,73,40,25,MEDIUM
CUST000997,21,13421.0,639.0952380952381,2796.83,56,40,21,MEDIUM
CUST000998,21,9562.15,455.3404761904762,2248.71,62,40,21,MEDIUM
CUST000999,24,16257.619999999999,677.4008333333333,3737.41,58,40,24,MEDIUM
CUST001000,16,11753.92,734.62,2825.05,45,40,16,MEDIUM
CUST001001,23,11632.38,505.755652173913,2550.58,58,40,23,MEDIUM
CUST001002,27,21896.34,810.9755555555556,10569.25,83,75,27,CRITICAL
CUST001003,21,11314.3,538.7761904761904,4784.18,73,90,21,CRITICAL
CUST001004,26,19021.89,731.6111538461538,2633.22,65,35,26,MEDIUM
CUST001005,29,16544.09,570.4858620689655,2687.6,74,40,29,MEDIUM
CUST001006,18,16434.4,913.0222222222224,2568.03,50,40,18,MEDIUM
CUST001007,23,23351.46,1015.2808695652174,5389.62,63,50,23,HIGH
CUST001008,26,26603.45,1023.2096153846154,3545.71,72,40,26,MEDIUM
CUST001009,14,13560.98,968.6414285714285,4874.75,54,55,14,HIGH
CUST001010,22,10253.85,466.08409090909095,1553.62,56,40,22,MEDIUM
CUST001011,28,10587.789999999999,378.1353571428571,2800.12,77,40,28,MEDIUM
CUST001012,17,7504.38,441.4341176470588,1641.19,45,35,17,MEDIUM
CUST001013,24,22045.79,918.5745833333334,8830.98,67,65,24,HIGH
CUST001014,31,27222.86,878.1567741935484,5956.42,90,55,31,HIGH
CUST001015,23,14987.240000000002,651.6191304347827,5161.47,64,60,23,HIGH
CUST001016,19,8203.22,431.74842105263156,2509.39,50,40,19,MEDIUM
CUST001017,20,14399.92,719.996,2193.98,50,40,20,MEDIUM
CUST001018,21,13413.01,638.7147619047619,2717.89,56,40,21,MEDIUM
CUST001019,24,29341.89,1222.57875,9365.17,92,80,24,CRITICAL
CUST001020,23,17154.02,745.8269565217391,3835.39,62,40,23,MEDIUM
CUST001021,15,10308.23,687.2153333333333,2949.61,38,35,15,MEDIUM
CUST001022,17,9518.539999999999,559.9141176470588,1493.99,46,40,17,MEDIUM
CUST001023,25,17252.25,690.09,2606.62,67,40,25,MEDIUM
CUST001024,17,25250.02,1485.295294117647,7999.32,44,50,17,HIGH
CUST001025,16,12750.0,796.875,3117.58,41,40,16,MEDIUM
CUST001026,20,20343.48,1017.174,8960.63,53,65,20,HIGH
CUST001027,25,11246.37,449.8548,3324.09,64,40,25,MEDIUM
CUST001028,11,10782.04,980.1854545454546,4847.39,28,40,11,MEDIUM
CUST001029,23,11294.66,491.07217391304346,1955.45,65,40,23,MEDIUM
CUST001030,28,16282.38,581.5135714285714,4281.45,76,40,28,MEDIUM
CUST001031,17,7510.469999999999,441.79235294117643,1347.34,47,40,17,MEDIUM
CUST001032,11,5059.4,459.94545454545454,1257.2,31,40,11,MEDIUM
CUST001033,30,20849.07,694.9689999999999,3328.88,80,40,30,MEDIUM
CUST001034,24,34207.21,1425.3004166666667,7688.06,60,55,24,HIGH
CUST001035,23,17682.11,768.7873913043478,2355.2,64,40,23,MEDIUM
CUST001036,14,8682.64,620.1885714285714,3689.41,35,35,14,MEDIUM
CUST001037,27,9955.85,368.7351851851852,1858.22,71,40,27,MEDIUM
CUST001038,29,30181.96,1040.7572413793102,5590.41,76,50,29,HIGH
CUST001039,26,16822.43,647.0165384615385,4385.58,63,35,26,MEDIUM
CUST001040,28,14479.34,517.1192857142858,1940.07,73,40,28,MEDIUM
CUST001041,24,23509.29,979.55375,5283.94,65,50,24,HIGH
CUST001042,27,19417.26,719.1577777777777,3481.96,71,35,27,MEDIUM
CUST001043,26,12424.0,477.84615384615387,1670.18,68,40,26,MEDIUM
CUST001044,22,11814.72,537.0327272727272,2559.78,54,40,22,MEDIUM
CUST001045,22,15327.47,696.7031818181817,2675.92,57,40,22,MEDIUM
CUST001046,25,24897.03,995.8811999999999,4329.39,64,40,25,MEDIUM
CUST001047,30,26830.56,894.3520000000001,2686.83,80,40,30,MEDIUM
CUST001048,26,20723.71,797.0657692307692,6369.54,69,55,26,HIGH
CUST001049,33,35080.23,1063.037272727273,8143.1,96,70,33,CRITICAL
CUST001050,20,58575.53,2928.7765,49642.54,54,80,20,CRITICAL
CUST001051,19,12596.38,662.9673684210526,3568.22,53,40,19,MEDIUM
CUST001052,17,8720.960000000001,512.9976470588235,1415.27,47,40,17,MEDIUM
CUST001053,25,11408.78,456.3512,3022.44,71,40,25,MEDIUM
CUST001054,14,7384.4800000000005,527.4628571428572,3573.86,39,40,14,MEDIUM
CUST001055,25,24028.35,961.1339999999999,6345.07,67,55,25,HIGH
CUST001056,30,32407.760000000002,1080.2586666666668,8896.09,75,70,30,CRITICAL
CUST001057,26,10831.24,416.5861538461538,1170.63,71,40,26,MEDIUM
CUST001058,20,13692.37,684.6185,2645.36,49,40,20,MEDIUM
CUST001059,30,14913.93,497.13100000000003,2509.31,80,40,30,MEDIUM
CUST001060,24,10896.630000000001,454.02625000000006,2214.35,62,35,24,MEDIUM
CUST001061,25,37481.28,1499.2512,10064.17,72,60,25,HIGH
CUST001062,24,16863.41,702.6420833333333,2702.64,60,40,24,MEDIUM
CUST001063,19,11172.16,588.0084210526315,4357.58,46,40,19,MEDIUM
CUST001064,26,38328.53,1474.1742307692307,10591.46,75,60,26,HIGH
CUST001065,29,12514.65,431.5396551724138,1959.3,76,40,29,MEDIUM
CUST001066,22,14524.300000000001,660.1954545454546,6339.02,62,55,22,HIGH
CUST001067,21,42969.2,2046.1523809523808,33665.72,60,80,21,CRITICAL
CUST001068,20,9601.23,480.06149999999997,1428.65,52,35,20,MEDIUM
CUST001069,25,13115.05,524.602,1522.63,68,35,25,MEDIUM
CUST001070,15,14943.25,996.2166666666667,10317.49,75,95,15,CRITICAL
CUST001071,23,16508.75,717.7717391304348,3297.4,80,45,23,MEDIUM
CUST001072,24,13856.92,577.3716666666667,5150.25,63,50,24,HIGH
CUST001073,20,10257.66,512.883,2071.37,49,35,20,MEDIUM
CUST001074,25,29525.039999999997,1181.0015999999998,13275.32,68,55,25,HIGH
CUST001075,24,24306.940000000002,1012.7891666666668,8208.49,59,65,24,HIGH
CUST001076,31,46307.66,1493.795483870968,17713.41,84,55,31,HIGH
CUST001077,21,11834.33,563.5395238095238,2807.39,53,35,21,MEDIUM
CUST001078,22,15569.550000000001,707.7068181818182,4128.34,57,40,22,MEDIUM
CUST001079,26,16445.6,632.5230769230768,4580.52,73,40,26,MEDIUM
CUST001080,35,23713.74,677.5354285714286,3359.19,95,40,35,MEDIUM
CUST001081,25,41837.509999999995,1673.5004,18435.48,70,70,25,CRITICAL
CUST001082,19,6568.46,345.7084210526316,1108.79,31,20,0,LOW
CUST001083,32,24054.32,751.6975,4414.83,118,55,32,HIGH
CUST001084,16,9668.27,604.266875,5604.63,45,55,16,HIGH
CUST001085,24,26094.64,1087.2766666666666,6412.89,70,55,24,HIGH
CUST001086,27,18062.45,668.9796296296297,5707.55,70,55,27,HIGH
CUST001087,23,18636.49,810.2821739130435,4762.85,66,40,23,MEDIUM
CUST001088,18,13921.220000000001,773.4011111111112,2826.77,50,40,18,MEDIUM
CUST001089,19,12952.78,681.7252631578948,3447.51,69,55,19,HIGH
CUST001090,31,22095.3,712.7516129032258,3124.08,83,40,31,MEDIUM
CUST001091,39,26796.15,687.0807692307693,7200.34,103,65,39,HIGH
CUST001092,30,17237.0,574.5666666666667,5056.89,72,50,30,HIGH
CUST001093,23,20222.12,879.2226086956522,6543.64,88,70,23,CRITICAL
CUST001094,25,16272.33,650.8932,4327.8,63,35,25,MEDIUM
CUST001095,27,11534.1,427.1888888888889,2138.16,80,40,27,MEDIUM
CUST001096,18,13030.039999999999,723.8911111111111,7350.03,48,60,18,HIGH
CUST001097,14,10966.18,783.2985714285714,3543.48,37,40,14,MEDIUM
CUST001098,22,23007.949999999997,1045.815909090909,8765.21,63,70,22,CRITICAL
CUST001099,40,24611.07,615.27675,2771.27,109,40,40,MEDIUM
CUST001100,22,14435.17,656.1440909090909,2579.66,60,40,22,MEDIUM
CUST001101,23,27365.56,1189.8069565217393,11708.68,65,50,23,HIGH
CUST001102,23,16246.05,706.35,2645.75,60,40,23,MEDIUM
CUST001103,25,14183.78,567.3512000000001,1917.53,63,40,25,MEDIUM
CUST001104,26,24653.05,948.1942307692308,7883.38,69,50,26,HIGH
CUST001105,19,8500.94,447.41789473684213,1862.91,72,55,19,HIGH
CUST001106,26,51830.00000000001,1993.4615384615388,23714.9,73,70,26,CRITICAL
CUST001107,15,24857.39,1657.1593333333333,9061.57,45,85,15,CRITICAL
CUST001108,32,20029.27,625.9146875,3112.59,78,35,32,MEDIUM
CUST001109,18,8847.86,491.5477777777778,1862.61,52,40,18,MEDIUM
CUST001110,23,19706.61,856.8091304347827,9355.33,59,90,23,CRITICAL
CUST001111,21,8995.42,428.35333333333335,2184.83,54,40,21,MEDIUM
CUST001112,22,18052.61,820.5731818181819,8854.26,64,85,22,CRITICAL
CUST001113,20,14223.529999999999,711.1764999999999,2647.99,58,40,20,MEDIUM
CUST001114,27,13590.04,503.3348148148148,3929.34,126,65,27,HIGH
CUST001115,26,22089.39,849.5919230769231,7485.01,72,70,26,CRITICAL
CUST001116,16,6027.99,376.749375,1519.66,40,35,16,MEDIUM
CUST001117,28,25227.05,900.9660714285714,3091.72,70,40,28,MEDIUM
CUST001118,26,26828.4,1031.8615384615384,5318.25,68,55,26,HIGH
CUST001119,20,24097.74,1204.8870000000002,8737.77,55,65,20,HIGH
CUST001120,25,33894.02,1355.7607999999998,7108.49,71,55,25,HIGH
CUST001121,16,14142.59,883.911875,8077.99,48,80,16,CRITICAL
CUST001122,32,25386.25,793.3203125,3810.24,89,40,32,MEDIUM
CUST001123,29,24459.53,843.4320689655171,7979.11,74,55,29,HIGH
CUST001124,30,19874.24,662.4746666666667,3436.97,108,55,30,HIGH
CUST001125,19,15573.0,819.6315789473684,3888.8,52,40,19,MEDIUM
CUST001126,19,15262.68,803.2989473684211,7306.23,51,50,19,HIGH
CUST001127,21,8406.8,400.3238095238095,1153.79,55,40,21,MEDIUM
CUST001128,23,16383.64,712.3321739130434,4750.21,60,40,23,MEDIUM
CUST001129,29,27983.74,964.956551724138,9089.5,78,85,29,CRITICAL
CUST001130,16,15618.869999999999,976.1793749999999,3476.66,48,40,16,MEDIUM
CUST001131,21,15198.93,723.7585714285715,4157.41,59,40,21,MEDIUM
CUST001132,25,13523.22,540.9288,2949.37,65,40,25,MEDIUM
CUST001133,33,15952.97,483.4233333333333,3501.4,85,35,33,MEDIUM
CUST001134,20,17610.77,880.5385,5024.08,77,70,20,CRITICAL
CUST001135,21,9759.699999999999,464.74761904761897,2073.91,57,40,21,MEDIUM
CUST001136,25,23931.48,957.2592,3418.53,65,40,25,MEDIUM
CUST001137,35,16522.87,472.082,1750.72,92,40,35,MEDIUM
CUST001138,22,12917.39,587.1540909090909,3065.64,61,40,22,MEDIUM
CUST001139,14,23555.42,1682.53,12185.48,42,50,14,HIGH
CUST001140,17,15604.22,917.895294117647,5950.36,46,50,17,HIGH
CUST001141,28,12268.36,438.1557142857143,4131.07,73,40,28,MEDIUM
CUST001142,23,18509.71,804.77,5401.29,59,50,23,HIGH
CUST001143,26,55659.06999999999,2140.733461538461,42705.68,76,80,26,CRITICAL
CUST001144,35,19164.989999999998,547.5711428571428,2338.99,96,40,35,MEDIUM
CUST001145,21,12748.380000000001,607.0657142857143,3413.21,57,40,21,MEDIUM
CUST001146,37,30052.899999999998,812.2405405405405,5627.48,105,55,37,HIGH
CUST001147,26,19366.83,744.878076923077,4053.97,76,40,26,MEDIUM
CUST001148,21,23036.829999999998,1096.9919047619046,12034.64,51,55,21,HIGH
CUST001149,26,16220.37,623.8603846153846,5456.72,72,55,26,HIGH
CUST001150,37,20918.76,565.3718918918919,2383.44,138,55,37,HIGH
CUST001151,23,22035.45,958.0630434782609,5009.16,59,55,23,HIGH
CUST001152,21,32789.3,1561.3952380952383,24426.68,57,65,21,HIGH
CUST001153,28,19313.72,689.7757142857143,4044.76,79,40,28,MEDIUM
CUST001154,15,7628.47,508.5646666666667,1206.06,36,35,15,MEDIUM
CUST001155,17,9685.67,569.7452941176471,2768.09,43,40,17,MEDIUM
CUST001156,27,19563.81,724.5855555555556,3514.51,70,40,27,MEDIUM
CUST001157,23,10266.62,446.3747826086957,2606.63,63,40,23,MEDIUM
CUST001158,18,9672.59,537.3661111111111,1487.48,52,40,18,MEDIUM
CUST001159,21,14368.55,684.2166666666666,4042.02,72,50,21,HIGH
CUST001160,24,10107.08,421.12833333333333,1932.82,64,40,24,MEDIUM
CUST001161,24,11495.17,478.96541666666667,2073.66,84,55,24,HIGH
CUST001162,25,16516.8,660.672,3611.43,71,40,25,MEDIUM
CUST001163,25,13342.25,533.69,2910.34,68,40,25,MEDIUM
CUST001164,28,18156.38,648.4421428571429,3333.74,102,50,28,HIGH
CUST001165,18,22734.47,1263.0261111111113,4008.17,47,40,18,MEDIUM
CUST001166,29,19976.34,688.8393103448276,3145.27,74,35,29,MEDIUM
CUST001167,18,7124.0,395.77777777777777,1021.97,48,40,18,MEDIUM
CUST001168,34,34175.89,1005.1732352941176,7036.19,94,50,34,HIGH
CUST001169,32,20559.34,642.479375,5010.86,85,50,32,HIGH
CUST001170,23,24476.35,1064.1891304347826,3884.32,68,40,23,MEDIUM
CUST001171,13,21519.74,1655.3646153846155,12071.53,37,50,13,HIGH
CUST001172,17,9919.79,583.5170588235295,3533.61,41,35,17,MEDIUM
CUST001173,21,12069.65,574.745238095238,2483.18,58,40,21,MEDIUM
CUST001174,16,15480.09,967.505625,7923.46,46,50,16,HIGH
CUST001175,18,8594.08,477.44888888888886,1570.19,65,55,18,HIGH
CUST001176,30,18257.63,608.5876666666667,2487.44,108,50,30,HIGH
CUST001177,36,23325.38,647.9272222222222,6756.53,102,70,36,CRITICAL
CUST001178,26,14581.62,560.8315384615385,1791.16,66,35,26,MEDIUM
CUST001179,26,18755.72,721.3738461538462,3776.98,69,40,26,MEDIUM
CUST001180,21,11742.14,559.1495238095238,2203.79,60,40,21,MEDIUM
CUST001181,25,20930.48,837.2192,7230.52,62,50,25,HIGH
CUST001182,19,6368.72,335.1957894736842,2442.77,48,40,19,MEDIUM
CUST001183,18,15976.25,887.5694444444445,3657.86,48,40,18,MEDIUM
CUST001184,25,14665.7,586.628,2707.04,69,40,25,MEDIUM
CUST001185,21,17238.92,820.9009523809523,4372.89,56,40,21,MEDIUM
CUST001186,16,16153.1,1009.56875,7549.79,74,100,16,CRITICAL
CUST001187,24,21803.69,908.4870833333333,5235.98,67,55,24,HIGH
CUST001188,24,14905.96,621.0816666666666,4209.03,65,40,24,MEDIUM
CUST001189,35,28063.46,801.8131428571428,7301.6,95,55,35,HIGH
CUST001190,26,19085.34,734.0515384615385,3614.81,65,40,26,MEDIUM
CUST001191,23,16289.68,708.2469565217391,5121.28,65,60,23,HIGH
CUST001192,19,15018.35,790.4394736842105,4014.59,53,40,19,MEDIUM
CUST001193,17,9031.1,531.2411764705882,1816.83,48,40,17,MEDIUM
CUST001194,26,10291.88,395.84153846153845,1799.55,71,40,26,MEDIUM
CUST001195,26,14911.01,573.5003846153846,2538.99,81,55,26,HIGH
CUST001196,20,10367.42,518.371,1790.56,51,35,20,MEDIUM
CUST001197,28,19138.11,683.5039285714286,4274.26,76,40,28,MEDIUM
CUST001198,21,13923.220000000001,663.0104761904762,6624.96,55,50,21,HIGH
CUST001199,33,17253.260000000002,522.8260606060607,2300.58,116,55,33,HIGH
CUST001200,17,9882.32,581.3129411764705,2767.02,42,40,17,MEDIUM
CUST001201,33,16391.63,496.71606060606064,2778.57,90,40,33,MEDIUM
CUST001202,31,17502.32,564.5909677419355,2707.5,112,50,31,HIGH
CUST001203,21,29307.73,1395.6061904761905,6064.19,61,55,21,HIGH
CUST001204,23,8418.27,366.0117391304348,2240.19,68,40,23,MEDIUM
CUST001205,37,28939.36,782.1448648648649,4989.13,99,40,37,MEDIUM
CUST001206,27,38595.72,1429.4711111111112,20061.14,75,55,27,HIGH
CUST001207,29,13461.93,464.2044827586207,2677.11,78,35,29,MEDIUM
CUST001208,21,11711.35,557.6833333333334,1587.44,55,35,21,MEDIUM
CUST001209,15,15601.949999999999,1040.1299999999999,8628.51,27,45,1,MEDIUM
CUST001210,24,21721.2,905.0500000000001,9052.25,67,65,24,HIGH
CUST001211,32,25748.57,804.6428125,4232.09,91,40,32,MEDIUM
CUST001212,20,15049.72,752.486,3324.1,56,40,20,MEDIUM
CUST001213,28,16767.0,598.8214285714286,2339.19,81,40,28,MEDIUM
CUST001214,23,18669.96,811.7373913043477,6975.14,61,55,23,HIGH
CUST001215,21,12708.06,605.1457142857142,2250.36,76,55,21,HIGH
CUST001216,27,16978.58,628.8362962962964,2586.32,66,40,27,MEDIUM
CUST001217,21,16515.0,786.4285714285714,4568.61,59,40,21,MEDIUM
CUST001218,21,34425.24,1639.2971428571427,14273.76,54,55,21,HIGH
CUST001219,35,16497.31,471.3517142857143,2073.95,96,40,35,MEDIUM
CUST001220,29,14139.46,487.5675862068965,5605.0,78,50,29,HIGH
CUST001221,20,23166.59,1158.3295,11157.35,56,55,20,HIGH
CUST001222,23,20802.58,904.46,4414.58,59,40,23,MEDIUM
CUST001223,24,14963.539999999999,623.4808333333333,3224.24,68,45,24,MEDIUM
CUST001224,19,18185.79,957.1468421052632,3903.7,53,40,19,MEDIUM
CUST001225,24,44696.07,1862.33625,11413.98,73,70,24,CRITICAL
CUST001226,28,19256.87,687.7453571428571,3030.01,74,40,28,MEDIUM
CUST001227,36,20339.46,564.985,1905.05,97,40,36,MEDIUM
CUST001228,20,10059.24,502.962,2559.58,53,40,20,MEDIUM
CUST001229,27,19848.66,735.1355555555556,3469.77,72,40,27,MEDIUM
CUST001230,21,14538.43,692.3061904761905,2957.27,75,50,21,HIGH
CUST001231,32,28049.55,876.5484375,6997.68,81,50,32,HIGH
CUST001232,23,22695.48,986.76,5828.99,68,50,23,HIGH
CUST001233,18,14956.23,830.9016666666666,3273.27,47,40,18,MEDIUM
CUST001234,25,22209.52,888.3808,3653.04,69,40,25,MEDIUM
CUST001235,29,26919.079999999998,928.2441379310344,6720.64,83,55,29,HIGH
CUST001236,21,11365.87,541.2319047619048,1292.46,58,40,21,MEDIUM
CUST001237,22,13600.2,618.1909090909091,2528.85,56,40,22,MEDIUM
CUST001238,27,16454.23,609.4159259259259,4284.89,80,40,27,MEDIUM
CUST001239,29,19442.99,670.4479310344828,3575.95,77,40,29,MEDIUM
CUST001240,24,11856.85,494.03541666666666,1665.61,65,40,24,MEDIUM
CUST001241,26,15974.529999999999,614.405,4038.57,69,40,26,MEDIUM
CUST001242,21,14878.07,708.4795238095238,2935.19,50,35,21,MEDIUM
CUST001243,33,27301.85,827.3287878787878,3483.91,88,40,33,MEDIUM
CUST001244,26,10849.27,417.2796153846154,1361.15,69,40,26,MEDIUM
CUST001245,17,9106.119999999999,535.6541176470588,2896.58,64,50,17,HIGH
CUST001246,40,35336.52,883.4129999999999,3787.56,102,40,40,MEDIUM
CUST001247,27,24878.98,921.4437037037037,5774.83,68,50,27,HIGH
CUST001248,24,15113.050000000001,629.7104166666667,1830.47,66,40,24,MEDIUM
CUST001249,19,17664.370000000003,929.7036842105265,9226.06,54,70,19,CRITICAL
CUST001250,25,18531.23,741.2492,2402.66,66,40,25,MEDIUM
CUST001251,26,36815.75,1415.9903846153845,12488.85,80,70,26,CRITICAL
CUST001252,27,14092.98,521.9622222222222,1856.58,69,40,27,MEDIUM
CUST001253,27,17871.73,661.9159259259259,4127.43,73,40,27,MEDIUM
CUST001254,16,11442.3,715.14375,3184.9,41,40,16,MEDIUM
CUST001255,29,18765.94,647.1013793103448,5069.4,77,50,29,HIGH
CUST001256,26,24023.02,923.9623076923077,3462.75,67,40,26,MEDIUM
CUST001257,26,20221.059999999998,777.7330769230769,4134.88,69,40,26,MEDIUM
CUST001258,27,7778.6,288.0962962962963,1050.64,71,40,27,MEDIUM
CUST001259,20,8314.65,415.73249999999996,1973.42,53,40,20,MEDIUM
CUST001260,29,20233.05,697.6913793103448,9169.69,85,80,29,CRITICAL
CUST001261,24,10585.64,441.0683333333333,1534.06,68,40,24,MEDIUM
CUST001262,26,23103.29,888.588076923077,11588.17,71,50,26,HIGH
CUST001263,21,14969.1,712.8142857142857,2382.55,54,40,21,MEDIUM
CUST001264,21,9631.109999999999,458.62428571428563,3002.89,58,40,21,MEDIUM
CUST001265,22,16570.72,753.2145454545455,3745.53,59,40,22,MEDIUM
CUST001266,23,20270.43,881.3230434782608,5276.86,61,50,23,HIGH
CUST001267,25,13370.32,534.8128,2552.04,68,40,25,MEDIUM
CUST001268,28,18658.079999999998,666.3599999999999,5072.99,71,50,28,HIGH
CUST001269,25,20615.18,824.6072,8794.39,68,65,25,HIGH
CUST001270,27,13031.94,482.6644444444445,1442.89,74,40,27,MEDIUM
CUST001271,34,14113.77,415.1108823529412,1838.89,129,55,34,HIGH
CUST001272,25,16272.4,650.896,2369.3,69,40,25,MEDIUM
CUST001273,12,4997.49,416.4575,1276.0,34,40,12,MEDIUM
CUST001274,24,12368.47,515.3529166666666,1808.01,63,40,24,MEDIUM
CUST001275,27,10939.34,405.1607407407407,1381.81,71,40,27,MEDIUM
CUST001276,25,8618.19,344.7276,1230.71,67,40,25,MEDIUM
CUST001277,21,13988.39,666.1138095238096,2576.08,51,35,21,MEDIUM
CUST001278,19,15720.51,827.3952631578948,2559.82,52,40,19,MEDIUM
CUST001279,28,26642.49,951.5175,9024.04,75,65,28,HIGH
CUST001280,23,13282.14,577.484347826087,2777.2,58,35,23,MEDIUM
CUST001281,22,16454.36,747.9254545454546,2592.55,59,40,22,MEDIUM
CUST001282,21,8410.76,400.51238095238097,1148.59,55,40,21,MEDIUM
CUST001283,25,23826.92,953.0767999999999,8564.33,75,70,25,CRITICAL
CUST001284,31,22513.45,726.2403225806452,4439.41,86,40,31,MEDIUM
CUST001285,21,7130.0,339.5238095238095,1095.53,57,40,21,MEDIUM
CUST001286,23,11771.54,511.80608695652177,2330.76,62,40,23,MEDIUM
CUST001287,26,12043.37,463.2065384615385,2253.14,90,50,26,HIGH
CUST001288,33,14837.22,449.6127272727272,1588.52,85,40,33,MEDIUM
CUST001289,26,13841.23,532.355,3986.62,71,40,26,MEDIUM
CUST001290,23,17721.64,770.5060869565217,4249.2,61,40,23,MEDIUM
CUST001291,19,9787.69,515.1415789473684,2525.03,47,35,19,MEDIUM
CUST001292,28,20254.94,723.3907142857142,3923.51,70,40,28,MEDIUM
CUST001293,23,8366.27,363.7508695652174,1902.83,58,35,23,MEDIUM
CUST001294,20,20679.97,1033.9985000000001,5654.9,54,55,20,HIGH
CUST001295,26,10052.75,386.6442307692308,2460.86,76,40,26,MEDIUM
CUST001296,30,29709.34,990.3113333333333,5736.89,108,65,30,HIGH
CUST001297,28,13158.1,469.9321428571429,2145.59,78,40,28,MEDIUM
CUST001298,17,7449.75,438.22058823529414,1723.47,47,40,17,MEDIUM
CUST001299,21,15152.14,721.5304761904762,5201.82,61,55,21,HIGH
CUST001300,24,17794.94,741.4558333333333,5973.91,69,70,24,CRITICAL
CUST001301,28,21819.44,779.2657142857142,5323.86,73,55,28,HIGH
CUST001302,24,17539.09,730.7954166666667,2995.85,65,40,24,MEDIUM
CUST001303,27,19185.08,710.5585185185186,3857.92,99,55,27,HIGH
CUST001304,20,7570.110000000001,378.50550000000004,1026.27,57,40,20,MEDIUM
CUST001305,29,32006.370000000003,1103.6679310344828,9258.85,85,90,29,CRITICAL
CUST001306,23,20193.53,877.9795652173913,4108.43,58,40,23,MEDIUM
CUST001307,23,20050.33,871.7534782608697,4753.05,87,55,23,HIGH
CUST001308,19,10854.41,571.2847368421053,1915.89,55,40,19,MEDIUM
CUST001309,20,9683.28,484.16400000000004,2049.53,52,40,20,MEDIUM
CUST001310,23,13795.22,599.7921739130435,3015.93,55,35,23,MEDIUM
CUST001311,26,26972.18,1037.3915384615384,9050.6,75,85,26,CRITICAL
CUST001312,18,8929.04,496.0577777777778,1437.32,45,40,18,MEDIUM
CUST001313,26,17611.54,677.3669230769231,2797.07,72,40,26,MEDIUM
CUST001314,25,21695.04,867.8016,7737.55,69,50,25,HIGH
CUST001315,27,22512.0,833.7777777777778,5711.26,69,50,27,HIGH
CUST001316,18,15415.27,856.4038888888889,5072.28,49,50,18,HIGH
CUST001317,23,10358.14,450.35391304347826,1830.99,66,40,23,MEDIUM
CUST001318,21,20002.8,952.5142857142857,7278.83,58,70,21,CRITICAL
CUST001319,26,30628.140000000003,1178.0053846153846,6112.27,76,55,26,HIGH
CUST001320,22,13632.18,619.6445454545454,2181.95,80,55,22,HIGH
CUST001321,25,16307.47,652.2988,3420.96,66,35,25,MEDIUM
CUST001322,30,21108.71,703.6236666666666,4716.28,77,40,30,MEDIUM
CUST001323,26,14233.53,547.4434615384615,2139.52,71,40,26,MEDIUM
CUST001324,14,7762.530000000001,554.4664285714287,1447.21,36,40,14,MEDIUM
CUST001325,22,9983.49,453.795,2118.88,63,40,22,MEDIUM
CUST001326,19,13999.84,736.8336842105264,1731.27,50,40,19,MEDIUM
CUST001327,24,21596.039999999997,899.8349999999999,9479.66,67,85,24,CRITICAL
CUST001328,20,18225.489999999998,911.2744999999999,7219.64,56,50,20,HIGH
CUST001329,31,24199.1,780.6161290322581,11746.92,86,55,31,HIGH
CUST001330,29,12331.77,425.2334482758621,1805.54,82,40,29,MEDIUM
CUST001331,19,13782.76,725.4084210526316,3194.82,51,40,19,MEDIUM
CUST001332,25,12658.91,506.3564,2218.3,67,40,25,MEDIUM
CUST001333,25,15898.91,635.9564,2757.52,64,35,25,MEDIUM
CUST001334,25,26825.58,1073.0232,9170.1,77,70,25,CRITICAL
CUST001335,31,19441.66,627.1503225806451,6700.84,86,60,31,HIGH
CUST001336,21,23863.09,1136.337619047619,8245.22,63,75,21,CRITICAL
CUST001337,21,9213.59,438.742380952381,1230.27,52,35,21,MEDIUM
CUST001338,19,21050.86,1107.94,7402.95,48,50,19,HIGH
CUST001339,20,8014.08,400.704,1714.54,51,35,20,MEDIUM
CUST001340,23,31948.36,1389.0591304347827,10075.19,91,65,23,HIGH
CUST001341,25,14137.57,565.5028,4592.45,65,35,25,MEDIUM
CUST001342,27,12400.82,459.28962962962964,2267.82,75,40,27,MEDIUM
CUST001343,29,34296.08,1182.623448275862,8545.06,107,100,29,CRITICAL
CUST001344,16,17103.22,1068.95125,6671.66,47,50,16,HIGH
CUST001345,26,18070.0,695.0,2703.06,74,40,26,MEDIUM
CUST001346,29,17434.62,601.1937931034482,3076.74,76,40,29,MEDIUM
CUST001347,26,16199.53,623.0588461538462,3705.83,65,40,26,MEDIUM
CUST001348,26,23154.66,890.5638461538462,8010.03,73,70,26,CRITICAL
CUST001349,31,35549.5,1146.758064516129,7234.81,82,50,31,HIGH
CUST001350,24,19177.43,799.0595833333333,6217.82,60,55,24,HIGH
CUST001351,15,8569.2,571.2800000000001,1679.41,39,40,15,MEDIUM
CUST001352,26,32766.73,1260.2588461538462,14802.43,69,50,26,HIGH
CUST001353,23,23812.27,1035.3160869565218,6945.54,63,50,23,HIGH
CUST001354,18,15845.68,880.3155555555555,6394.5,42,50,18,HIGH
CUST001355,31,19178.579999999998,618.6638709677419,9102.82,80,70,31,CRITICAL
CUST001356,19,12093.64,636.5073684210525,4673.41,47,40,19,MEDIUM
CUST001357,20,28804.02,1440.201,14254.51,53,55,20,HIGH
CUST001358,34,19323.16,568.3282352941177,3022.31,90,40,34,MEDIUM
CUST001359,23,21703.36,943.6243478260869,11024.05,66,70,23,CRITICAL
CUST001360,29,23831.170000000002,821.7644827586207,4977.64,74,40,29,MEDIUM
CUST001361,24,34642.28,1443.4283333333333,16893.24,68,50,24,HIGH
CUST001362,22,16557.73,752.6240909090909,3372.79,57,40,22,MEDIUM
CUST001363,31,25538.88,823.8348387096775,3644.8,79,40,31,MEDIUM
CUST001364,22,24493.010000000002,1113.3186363636364,11243.75,62,50,22,HIGH
CUST001365,16,14617.82,913.61375,2956.33,41,35,16,MEDIUM
CUST001366,31,21748.29,701.5577419354839,8051.37,92,70,31,CRITICAL
CUST001367,17,6888.41,405.2005882352941,1938.64,52,40,17,MEDIUM
CUST001368,26,20772.21,798.9311538461538,3829.3,75,40,26,MEDIUM
CUST001369,26,18323.82,704.7623076923077,2599.01,72,40,26,MEDIUM
CUST001370,27,28126.62,1041.7266666666667,6695.45,73,50,27,HIGH
CUST001371,26,18584.079999999998,714.7723076923077,3698.31,76,40,26,MEDIUM
CUST001372,31,18816.11,606.9712903225807,2250.15,83,40,31,MEDIUM
CUST001373,26,19814.75,762.1057692307693,5261.9,67,50,26,HIGH
CUST001374,25,20102.82,804.1128,3656.99,60,35,25,MEDIUM
CUST001375,27,20580.44,762.2385185185185,6083.55,101,60,27,HIGH
CUST001376,35,19921.84,569.1954285714286,4424.29,94,40,35,MEDIUM
CUST001377,20,13580.79,679.0395000000001,2881.12,54,40,20,MEDIUM
CUST001378,26,17641.22,678.5084615384616,2998.2,65,40,26,MEDIUM
CUST001379,24,29558.94,1231.6225,10390.0,65,55,24,HIGH
CUST001380,30,41854.04,1395.1346666666666,16070.77,86,65,30,HIGH
CUST001381,27,21336.64,790.2459259259259,6775.96,74,55,27,HIGH
CUST001382,20,15492.89,774.6445,3178.18,58,40,20,MEDIUM
CUST001383,24,17667.670000000002,736.1529166666668,4088.24,67,50,24,HIGH
CUST001384,27,11877.710000000001,439.91518518518524,2399.14,72,40,27,MEDIUM
CUST001385,32,17647.55,551.4859375,2506.82,88,40,32,MEDIUM
CUST001386,23,13994.04,608.4365217391305,3150.21,60,35,23,MEDIUM
CUST001387,19,19100.57,1005.2931578947369,9692.18,53,80,19,CRITICAL
CUST001388,35,61824.71,1766.4202857142857,15115.12,101,85,35,CRITICAL
CUST001389,24,15806.57,658.6070833333333,4643.21,61,40,24,MEDIUM
CUST001390,23,18880.04,820.8713043478261,5372.15,59,50,23,HIGH
CUST001391,20,13307.35,665.3675000000001,2421.79,46,40,20,MEDIUM
CUST001392,27,16351.68,605.6177777777777,2718.76,73,40,27,MEDIUM
CUST001393,25,33307.47,1332.2988,7695.92,90,70,25,CRITICAL
CUST001394,26,15241.9,586.2269230769231,2428.39,96,55,26,HIGH
CUST001395,32,22031.66,688.489375,6617.65,91,50,32,HIGH
CUST001396,22,21461.11,975.505,8044.55,55,70,22,CRITICAL
CUST001397,21,18047.39,859.3995238095238,4428.71,58,40,21,MEDIUM
CUST001398,27,22441.84,831.1792592592593,4396.53,76,50,27,HIGH
CUST001399,32,21558.43,673.7009375,3960.33,89,40,32,MEDIUM
CUST001400,24,12535.53,522.31375,1919.66,61,40,24,MEDIUM
CUST001401,21,21143.53,1006.8347619047619,4769.97,59,40,21,MEDIUM
CUST001402,29,24698.7,851.6793103448276,5404.12,84,55,29,HIGH
CUST001403,24,31565.85,1315.2437499999999,8186.67,66,70,24,CRITICAL
CUST001404,22,17388.1,790.3681818181817,6316.39,59,55,22,HIGH
CUST001405,22,14512.16,659.6436363636363,3559.25,57,35,22,MEDIUM
CUST001406,23,14559.83,633.0360869565218,2264.52,64,40,23,MEDIUM
CUST001407,19,10300.51,542.1321052631579,4783.75,54,40,19,MEDIUM
CUST001408,22,14839.69,674.5313636363636,4179.45,60,40,22,MEDIUM
CUST001409,26,15911.650000000001,611.9865384615385,4118.26,70,40,26,MEDIUM
CUST001410,30,34190.47,1139.6823333333334,8647.79,79,70,30,CRITICAL
CUST001411,28,15231.85,543.9946428571428,2233.18,75,40,28,MEDIUM
CUST001412,21,50659.44,2412.3542857142857,24075.2,60,70,21,CRITICAL
CUST001413,27,23285.08,862.4103703703704,5895.86,96,65,27,HIGH
CUST001414,17,7062.1900000000005,415.4229411764706,2308.38,63,50,17,HIGH
CUST001415,27,17486.83,647.6603703703704,4299.95,74,40,27,MEDIUM
CUST001416,21,15113.55,719.6928571428571,1886.52,54,40,21,MEDIUM
CUST001417,22,19342.59,879.2086363636364,4867.64,59,45,22,MEDIUM
CUST001418,26,15580.27,599.2411538461539,4219.3,73,40,26,MEDIUM
CUST001419,20,27106.86,1355.343,8807.89,53,70,20,CRITICAL
CUST001420,26,27769.11,1068.0426923076923,3922.05,62,40,26,MEDIUM
CUST001421,14,13920.689999999999,994.3349999999999,3109.7,49,50,14,HIGH
CUST001422,17,12905.0,759.1176470588235,5050.64,51,60,17,HIGH
CUST001423,29,12526.14,431.9358620689655,1728.69,81,40,29,MEDIUM
CUST001424,28,31900.7,1139.3107142857143,8151.16,76,65,28,HIGH
CUST001425,24,22984.83,957.7012500000001,6677.17,64,55,24,HIGH
CUST001426,35,36582.98,1045.228,6445.79,93,55,35,HIGH
CUST001427,22,14977.58,680.7990909090909,4002.83,76,50,22,HIGH
CUST001428,35,26161.89,747.4825714285714,6076.32,97,60,35,HIGH
CUST001429,23,13769.38,598.6686956521738,2583.33,66,40,23,MEDIUM
CUST001430,16,10550.76,659.4225,3023.1,43,35,16,MEDIUM
CUST001431,20,22094.36,1104.718,14775.83,52,65,20,HIGH
CUST001432,15,6687.29,445.8193333333333,2113.09,42,40,15,MEDIUM
CUST001433,29,16750.0,577.5862068965517,4219.88,106,50,29,HIGH
CUST001434,30,20529.37,684.3123333333333,5150.77,81,55,30,HIGH
CUST001435,16,8828.25,551.765625,2387.84,38,35,16,MEDIUM
CUST001436,14,5680.75,405.76785714285717,1404.48,51,50,14,HIGH
CUST001437,20,10827.609999999999,541.3805,2565.22,53,40,20,MEDIUM
CUST001438,25,10439.29,417.57160000000005,1717.79,65,40,25,MEDIUM
CUST001439,17,7668.68,451.0988235294118,1841.61,49,40,17,MEDIUM
CUST001440,20,10752.47,537.6234999999999,2427.45,70,85,20,CRITICAL
CUST001441,20,16392.3,819.615,2536.61,53,40,20,MEDIUM
CUST001442,30,18643.93,621.4643333333333,2362.31,79,40,30,MEDIUM
CUST001443,20,14803.66,740.183,3076.39,52,40,20,MEDIUM
CUST001444,20,18887.59,944.3795,3890.99,53,40,20,MEDIUM
CUST001445,19,14473.85,761.7815789473684,3898.42,68,50,19,HIGH
CUST001446,26,22438.11,863.0042307692308,8067.14,75,70,26,CRITICAL
CUST001447,22,20181.87,917.3577272727272,7262.65,57,55,22,HIGH
CUST001448,28,21095.34,753.405,2843.9,75,40,28,MEDIUM
CUST001449,28,16431.33,586.8332142857143,5447.18,77,55,28,HIGH
CUST001450,22,12112.24,550.5563636363636,3777.35,65,40,22,MEDIUM
CUST001451,32,27154.39,848.5746875,10596.67,80,50,32,HIGH
CUST001452,26,13112.26,504.3176923076923,2385.31,64,40,26,MEDIUM
CUST001453,17,8456.67,497.4511764705882,1666.16,45,40,17,MEDIUM
CUST001454,18,21062.27,1170.1261111111112,8709.23,48,80,18,CRITICAL
CUST001455,34,15663.73,460.6979411764706,3208.61,87,40,34,MEDIUM
CUST001456,30,11900.76,396.692,2630.99,78,35,30,MEDIUM
CUST001457,32,17130.09,535.3153125,2281.65,86,40,32,MEDIUM
CUST001458,21,17622.93,839.1871428571428,6676.71,60,60,21,HIGH
CUST001459,17,6905.87,406.22764705882355,1426.22,48,40,17,MEDIUM
CUST001460,27,15424.69,571.2848148148148,2125.36,73,40,27,MEDIUM
CUST001461,32,16730.78,522.836875,1859.05,93,40,32,MEDIUM
CUST001462,23,12146.52,528.1095652173914,1716.37,63,40,23,MEDIUM
CUST001463,20,11478.98,573.949,3098.73,50,40,20,MEDIUM
CUST001464,17,21240.06,1249.4152941176471,4830.02,47,35,17,MEDIUM
CUST001465,22,17031.24,774.1472727272728,4169.59,55,40,22,MEDIUM
CUST001466,20,13766.53,688.3265,5802.22,59,55,20,HIGH
CUST001467,23,12718.93,552.9969565217391,2444.05,63,40,23,MEDIUM
CUST001468,18,15571.62,865.09,3676.66,44,35,18,MEDIUM
CUST001469,30,24669.19,822.3063333333333,2711.64,79,40,30,MEDIUM
CUST001470,23,17926.39,779.4082608695652,4661.4,60,35,23,MEDIUM
CUST001471,20,7741.62,387.081,1354.34,48,35,20,MEDIUM
CUST001472,18,7174.62,398.59,1594.54,50,40,18,MEDIUM
CUST001473,30,13211.2,440.37333333333333,1429.12,81,40,30,MEDIUM
CUST001474,20,20489.64,1024.482,6710.51,57,55,20,HIGH
CUST001475,24,10082.02,420.0841666666667,1851.33,62,40,24,MEDIUM
CUST001476,25,17633.11,705.3244,3722.79,67,40,25,MEDIUM
CUST001477,24,14524.99,605.2079166666666,2773.46,66,40,24,MEDIUM
CUST001478,24,17240.09,718.3370833333333,4278.09,65,40,24,MEDIUM
CUST001479,21,28500.93,1357.1871428571428,19362.27,60,75,21,CRITICAL
CUST001480,19,10202.699999999999,536.9842105263157,2772.7,53,40,19,MEDIUM
CUST001481,22,11107.26,504.87545454545455,3012.83,63,40,22,MEDIUM
CUST001482,18,8910.22,495.0122222222222,2744.41,25,15,0,LOW
CUST001483,17,20941.48,1231.8517647058823,6154.82,48,55,17,HIGH
CUST001484,24,19524.08,813.5033333333334,3980.51,63,40,24,MEDIUM
CUST001485,30,18572.87,619.0956666666666,2300.57,79,40,30,MEDIUM
CUST001486,20,18902.47,945.1235,4957.6,55,40,20,MEDIUM
CUST001487,30,35510.88,1183.696,17215.39,79,60,30,HIGH
CUST001488,28,13044.14,465.8621428571428,1802.24,71,40,28,MEDIUM
CUST001489,29,18751.8,646.6137931034483,2903.56,79,40,29,MEDIUM
CUST001490,26,15357.31,590.6657692307692,3192.48,71,40,26,MEDIUM
CUST001491,28,16928.05,604.5732142857142,2730.09,74,40,28,MEDIUM
CUST001492,21,12973.29,617.7757142857143,2568.2,58,40,21,MEDIUM
CUST001493,22,48231.69,2192.3495454545455,23524.03,56,65,22,HIGH
CUST001494,21,11659.779999999999,555.227619047619,1441.9,53,40,21,MEDIUM
CUST001495,17,14015.18,824.4223529411765,2925.59,66,90,17,CRITICAL
CUST001496,28,20218.23,722.0796428571429,4130.15,70,40,28,MEDIUM
CUST001497,15,6639.76,442.65066666666667,1835.84,42,40,15,MEDIUM
CUST001498,20,23384.28,1169.214,5516.76,49,50,20,HIGH
CUST001499,22,12625.91,573.905,1731.05,59,40,22,MEDIUM
CUST001500,19,39902.979999999996,2100.156842105263,34267.08,54,80,19,CRITICAL
CUST001501,19,9970.49,524.7626315789473,3021.09,53,40,19,MEDIUM
CUST001502,18,21264.87,1181.3816666666667,10302.31,46,55,18,HIGH
CUST001503,25,20318.62,812.7447999999999,3543.27,67,40,25,MEDIUM
CUST001504,16,13038.97,814.935625,2329.86,41,40,16,MEDIUM
CUST001505,20,13745.38,687.269,4033.87,56,40,20,MEDIUM
CUST001506,20,7874.41,393.7205,1392.06,57,40,20,MEDIUM
CUST001507,24,22133.46,922.2275,3244.79,89,55,24,HIGH
CUST001508,23,13019.32,566.0573913043478,4352.18,62,40,23,MEDIUM
CUST001509,29,13059.48,450.32689655172413,2137.35,79,40,29,MEDIUM
CUST001510,32,20108.88,628.4025,2610.35,88,40,32,MEDIUM
CUST001511,22,23252.49,1056.9313636363638,5564.99,60,55,22,HIGH
CUST001512,22,9906.2,450.2818181818182,3790.46,61,40,22,MEDIUM
CUST001513,20,13744.23,687.2115,4468.36,51,50,20,HIGH
CUST001514,24,16340.44,680.8516666666667,5072.7,64,60,24,HIGH
CUST001515,23,13791.68,599.6382608695652,5700.99,64,55,23,HIGH
CUST001516,14,8755.8,625.4142857142857,2857.86,49,55,14,HIGH
CUST001517,19,11380.23,598.9594736842105,3906.04,53,40,19,MEDIUM
CUST001518,21,30380.86,1446.7076190476191,9582.65,61,70,21,CRITICAL
CUST001519,28,22504.8,803.7428571428571,3120.99,78,40,28,MEDIUM
CUST001520,31,29501.41,951.6583870967742,13374.65,80,65,31,HIGH
CUST001521,20,13642.859999999999,682.1429999999999,5399.69,56,55,20,HIGH
CUST001522,23,20185.39,877.6256521739131,4553.79,66,40,23,MEDIUM
CUST001523,27,20269.2,750.7111111111111,6203.86,74,60,27,HIGH
CUST001524,17,11089.94,652.3494117647059,3598.7,44,40,17,MEDIUM
CUST001525,19,14388.11,757.2689473684211,5753.53,46,55,19,HIGH
CUST001526,24,32176.670000000002,1340.6945833333334,14843.15,66,55,24,HIGH
CUST001527,25,13022.59,520.9036,2453.78,67,40,25,MEDIUM
CUST001528,24,12879.01,536.6254166666666,2665.75,59,40,24,MEDIUM
CUST001529,15,10127.21,675.1473333333332,1403.92,39,35,15,MEDIUM
CUST001530,24,20852.42,868.8508333333333,5473.42,62,55,24,HIGH
CUST001531,21,15442.99,735.3804761904762,4198.12,49,35,21,MEDIUM
CUST001532,22,11602.42,527.3827272727273,1752.0,81,55,22,HIGH
CUST001533,28,31112.55,1111.1625,6459.79,75,55,28,HIGH
CUST001534,21,10146.66,483.1742857142857,3364.88,54,40,21,MEDIUM
CUST001535,22,12601.81,572.8095454545454,2015.97,60,40,22,MEDIUM
CUST001536,18,16880.29,937.7938888888889,6950.68,44,50,18,HIGH
CUST001537,25,18990.65,759.6260000000001,5068.34,70,60,25,HIGH
CUST001538,32,15447.36,482.73,4109.58,84,40,32,MEDIUM
CUST001539,23,7739.59,336.5039130434783,906.42,65,40,23,MEDIUM
CUST001540,26,15852.71,609.7196153846154,3479.23,66,40,26,MEDIUM
CUST001541,25,11664.21,466.56839999999994,2558.88,69,40,25,MEDIUM
CUST001542,19,7432.049999999999,391.1605263157894,1228.31,55,40,19,MEDIUM
CUST001543,22,20203.2,918.3272727272728,8034.42,64,80,22,CRITICAL
CUST001544,28,22615.71,807.7039285714285,3450.98,74,40,28,MEDIUM
CUST001545,19,33972.24,1788.0126315789473,15289.93,55,65,19,HIGH
CUST001546,25,11846.85,473.874,2794.97,69,40,25,MEDIUM
CUST001547,25,10865.85,434.634,1424.23,65,40,25,MEDIUM
CUST001548,25,8443.74,337.7496,1652.49,68,40,25,MEDIUM
CUST001549,23,16260.0,706.9565217391304,6889.94,90,75,23,CRITICAL
CUST001550,38,27272.55,717.6986842105263,7525.79,102,50,38,HIGH
CUST001551,32,32496.850000000002,1015.5265625000001,5287.06,91,55,32,HIGH
CUST001552,18,21424.160000000003,1190.2311111111112,11393.27,50,50,18,HIGH
CUST001553,15,8848.03,589.8686666666667,4059.33,39,40,15,MEDIUM
CUST001554,21,12128.02,577.5247619047619,4147.7,58,50,21,HIGH
CUST001555,26,21639.61,832.2926923076923,4843.58,70,40,26,MEDIUM
CUST001556,30,18879.85,629.3283333333333,2240.05,78,40,30,MEDIUM
CUST001557,23,10280.32,446.97043478260866,3218.28,59,40,23,MEDIUM
CUST001558,28,45791.8,1635.4214285714286,24985.03,73,70,28,CRITICAL
CUST001559,22,10518.68,478.1218181818182,2193.0,63,40,22,MEDIUM
CUST001560,22,9103.22,413.78272727272724,1678.52,58,40,22,MEDIUM
CUST001561,31,18675.36,602.4309677419355,3416.12,81,40,31,MEDIUM
CUST001562,18,19336.02,1074.2233333333334,3978.46,47,35,18,MEDIUM
CUST001563,26,28754.530000000002,1105.9434615384616,9023.12,72,65,26,HIGH
CUST001564,11,8800.47,800.0427272727272,3276.21,28,35,11,MEDIUM
CUST001565,19,14210.84,747.938947368421,4996.15,50,40,19,MEDIUM
CUST001566,23,14547.32,632.4921739130434,6728.17,62,50,23,HIGH
CUST001567,20,18034.06,901.7030000000001,3579.52,53,40,20,MEDIUM
CUST001568,22,15006.62,682.1190909090909,2267.84,56,40,22,MEDIUM
CUST001569,24,20248.63,843.6929166666667,5646.73,67,55,24,HIGH
CUST001570,21,15967.41,760.3528571428571,3635.03,53,35,21,MEDIUM
CUST001571,16,3420.4,213.775,824.69,56,50,16,HIGH
CUST001572,30,16295.44,543.1813333333333,2711.84,86,40,30,MEDIUM
CUST001573,30,15711.5,523.7166666666667,4267.27,80,40,30,MEDIUM
CUST001574,18,8014.4400000000005,445.24666666666667,3529.25,53,40,18,MEDIUM
CUST001575,17,11501.539999999999,676.5611764705882,2404.35,45,40,17,MEDIUM
CUST001576,29,21713.46,748.74,5115.92,83,75,29,CRITICAL
CUST001577,20,9268.23,463.4115,1564.67,51,40,20,MEDIUM
CUST001578,32,28701.33,896.9165625,4647.46,85,40,32,MEDIUM
CUST001579,22,8323.45,378.3386363636364,1203.82,60,40,22,MEDIUM
CUST001580,27,36259.020000000004,1342.9266666666667,15793.7,73,55,27,HIGH
CUST001581,23,12407.2,539.4434782608696,4183.86,61,40,23,MEDIUM
CUST001582,24,15389.97,641.24875,2309.21,70,40,24,MEDIUM
CUST001583,12,6270.889999999999,522.5741666666667,2802.7,18,20,0,LOW
CUST001584,26,13106.9,504.11153846153843,1706.12,74,40,26,MEDIUM
CUST001585,35,24332.61,695.2174285714286,4250.0,91,40,35,MEDIUM
CUST001586,30,22931.28,764.376,2711.18,80,40,30,MEDIUM
CUST001587,31,28756.0,927.6129032258065,7383.23,83,55,31,HIGH
CUST001588,31,35292.75,1138.475806451613,4934.07,79,40,31,MEDIUM
CUST001589,22,21370.829999999998,971.4013636363635,6093.12,67,55,22,HIGH
CUST001590,17,13245.460000000001,779.144705882353,2805.98,43,35,17,MEDIUM
CUST001591,25,20109.88,804.3952,6483.51,66,55,25,HIGH
CUST001592,25,29173.15,1166.9260000000002,5500.52,69,65,25,HIGH
CUST001593,17,12453.22,732.5423529411764,4464.69,45,35,17,MEDIUM
CUST001594,21,9548.11,454.6719047619048,2302.48,55,40,21,MEDIUM
CUST001595,32,23445.88,732.68375,4949.03,85,35,32,MEDIUM
CUST001596,12,13789.39,1149.1158333333333,4065.1,29,35,12,MEDIUM
CUST001597,29,18075.23,623.2837931034483,3278.9,80,40,29,MEDIUM
CUST001598,21,10167.25,484.1547619047619,2211.13,51,40,21,MEDIUM
CUST001599,21,24305.379999999997,1157.3990476190475,16050.98,59,70,21,CRITICAL
CUST001600,23,16788.329999999998,729.9273913043478,6622.5,63,55,23,HIGH
CUST001601,31,36801.33,1187.139677419355,20425.48,82,55,31,HIGH
CUST001602,19,17462.25,919.0657894736842,6641.94,94,95,19,CRITICAL
CUST001603,20,8500.21,425.0105,1022.93,54,40,20,MEDIUM
CUST001604,22,13303.48,604.7036363636363,3375.08,59,40,22,MEDIUM
CUST001605,24,12329.49,513.72875,2030.46,63,35,24,MEDIUM
CUST001606,28,30373.68,1084.7742857142857,7102.72,74,55,28,HIGH
CUST001607,28,11477.34,409.90500000000003,1590.83,72,40,28,MEDIUM
CUST001608,21,17490.91,832.9004761904762,3579.18,58,40,21,MEDIUM
CUST001609,23,13788.460000000001,599.4982608695652,3040.84,65,40,23,MEDIUM
CUST001610,24,17503.08,729.2950000000001,2829.13,63,35,24,MEDIUM
CUST001611,22,13142.68,597.3945454545454,2042.55,59,35,22,MEDIUM
CUST001612,26,15409.93,592.6896153846154,2158.15,73,40,26,MEDIUM
CUST001613,27,15437.15,571.7462962962962,2129.87,71,40,27,MEDIUM
CUST001614,20,15075.48,753.774,5802.12,58,55,20,HIGH
CUST001615,33,20973.93,635.5736363636364,3355.42,89,40,33,MEDIUM
CUST001616,23,20057.28,872.055652173913,2236.69,64,40,23,MEDIUM
CUST001617,29,13093.52,451.50068965517244,2694.36,78,40,29,MEDIUM
CUST001618,37,21401.78,578.4264864864865,2131.48,103,40,37,MEDIUM
CUST001619,17,6452.79,379.57588235294116,1527.08,44,35,17,MEDIUM
CUST001620,24,16477.11,686.54625,2785.28,63,40,24,MEDIUM
CUST001621,29,15533.16,535.6262068965517,3454.3,109,55,29,HIGH
CUST001622,24,21281.56,886.7316666666667,3724.43,65,40,24,MEDIUM
CUST001623,29,17300.46,596.5675862068965,2454.77,74,35,29,MEDIUM
CUST001624,24,15794.03,658.0845833333334,3610.79,65,40,24,MEDIUM
CUST001625,28,21297.26,760.6164285714285,2154.36,100,45,28,MEDIUM
CUST001626,24,23551.18,981.2991666666667,4114.22,90,50,24,HIGH
CUST001627,21,8733.06,415.85999999999996,1661.06,57,40,21,MEDIUM
CUST001628,20,15283.07,764.1535,2502.14,50,40,20,MEDIUM
CUST001629,28,19423.73,693.7046428571429,2503.49,73,40,28,MEDIUM
CUST001630,23,13586.77,590.7291304347826,2377.41,63,40,23,MEDIUM
CUST001631,28,22998.56,821.3771428571429,3496.62,78,40,28,MEDIUM
CUST001632,28,26248.96,937.4628571428572,4756.6,75,40,28,MEDIUM
CUST001633,21,18312.85,872.0404761904762,6211.93,61,50,21,HIGH
CUST001634,27,36945.34,1368.3459259259257,10121.4,74,50,27,HIGH
CUST001635,20,16192.63,809.6315,6779.82,55,55,20,HIGH
CUST001636,28,29404.07,1050.1453571428572,4062.9,79,40,28,MEDIUM
CUST001637,24,12513.72,521.405,2490.34,57,40,24,MEDIUM
CUST001638,20,14480.89,724.0445,3513.63,56,35,20,MEDIUM
CUST001639,23,11807.69,513.3778260869566,2145.54,64,40,23,MEDIUM
CUST001640,23,16054.1,698.0043478260869,2881.3,69,40,23,MEDIUM
CUST001641,26,16800.510000000002,646.1734615384617,2504.91,69,40,26,MEDIUM
CUST001642,23,27500.75,1195.6847826086957,5977.12,69,55,23,HIGH
CUST001643,17,11097.539999999999,652.7964705882353,5731.62,45,55,17,HIGH
CUST001644,27,25131.1,930.7814814814815,5029.41,69,50,27,HIGH
CUST001645,18,16709.09,928.2827777777778,3694.53,46,40,18,MEDIUM
CUST001646,17,16305.970000000001,959.174705882353,7730.0,45,65,17,HIGH
CUST001647,34,16003.3,470.68529411764706,1534.2,95,40,34,MEDIUM
CUST001648,35,18613.49,531.8140000000001,4087.77,89,40,35,MEDIUM
CUST001649,21,13751.84,654.8495238095238,2516.58,81,55,21,HIGH
CUST001650,27,21306.690000000002,789.1366666666668,4738.76,76,40,27,MEDIUM
CUST001651,17,11584.06,681.415294117647,3675.33,48,40,17,MEDIUM
CUST001652,22,28004.04,1272.9109090909092,7196.67,58,55,22,HIGH
CUST001653,25,20754.38,830.1752,6921.82,69,50,25,HIGH
CUST001654,19,10305.94,542.4178947368422,2248.79,53,40,19,MEDIUM
CUST001655,32,23701.71,740.6784375,7431.29,88,55,32,HIGH
CUST001656,29,24197.87,834.4093103448275,5128.33,88,55,29,HIGH
CUST001657,25,10976.33,439.0532,1987.11,70,40,25,MEDIUM
CUST001658,24,16033.16,668.0483333333333,3104.0,71,40,24,MEDIUM
CUST001659,30,22988.760000000002,766.292,4732.71,77,40,30,MEDIUM
CUST001660,17,19507.15,1147.479411764706,10217.17,45,50,17,HIGH
CUST001661,20,15194.87,759.7435,4966.58,51,40,20,MEDIUM
CUST001662,19,15034.44,791.2863157894737,7297.59,57,55,19,HIGH
CUST001663,20,7486.05,374.3025,2149.94,71,55,20,HIGH
CUST001664,17,11703.56,688.4447058823529,2155.84,44,40,17,MEDIUM
CUST001665,24,24932.47,1038.8529166666667,5144.37,70,60,24,HIGH
CUST001666,28,29267.72,1045.2757142857142,5769.3,79,55,28,HIGH
CUST001667,26,18458.85,709.9557692307692,5110.43,62,55,26,HIGH
CUST001668,26,14217.380000000001,546.8223076923077,5591.6,99,70,26,CRITICAL
CUST001669,28,15898.54,567.8050000000001,1768.65,73,40,28,MEDIUM
CUST001670,26,14968.18,575.6992307692308,1753.41,64,35,26,MEDIUM
CUST001671,14,10389.83,742.1307142857142,2261.08,42,40,14,MEDIUM
CUST001672,28,30879.48,1102.8385714285714,8146.32,74,65,28,HIGH
CUST001673,27,18017.719999999998,667.3229629629628,4211.23,101,60,27,HIGH
CUST001674,20,13097.54,654.8770000000001,4397.06,50,40,20,MEDIUM
CUST001675,26,20859.760000000002,802.2984615384617,4529.93,72,40,26,MEDIUM
CUST001676,24,15912.57,663.02375,6325.14,65,50,24,HIGH
CUST001677,25,17908.25,716.33,7307.34,70,60,25,HIGH
CUST001678,17,9090.68,534.7458823529412,2345.43,45,40,17,MEDIUM
CUST001679,28,16140.3,576.4392857142857,2868.64,77,40,28,MEDIUM
CUST001680,25,23296.11,931.8444000000001,5289.03,68,55,25,HIGH
CUST001681,31,41688.49,1344.79,13158.45,89,55,31,HIGH
CUST001682,25,9930.57,397.2228,2636.87,62,40,25,MEDIUM
CUST001683,23,12455.49,541.5430434782609,2007.72,61,40,23,MEDIUM
CUST001684,32,26350.57,823.4553125,7034.47,92,55,32,HIGH
CUST001685,18,16806.66,933.7033333333334,2913.58,46,40,18,MEDIUM
CUST001686,22,14340.45,651.8386363636364,2018.97,61,40,22,MEDIUM
CUST001687,17,7770.58,457.09294117647056,2167.81,45,35,17,MEDIUM
CUST001688,23,21533.16,936.224347826087,6915.08,63,55,23,HIGH
CUST001689,27,27514.83,1019.0677777777778,7967.41,78,55,27,HIGH
CUST001690,17,8366.79,492.1641176470589,1531.54,45,40,17,MEDIUM
CUST001691,25,18456.06,738.2424000000001,3692.54,66,40,25,MEDIUM
CUST001692,28,14422.07,515.0739285714286,2072.84,75,40,28,MEDIUM
CUST001693,25,25161.4,1006.456,6660.18,71,55,25,HIGH
CUST001694,30,32251.739999999998,1075.058,11731.63,79,60,30,HIGH
CUST001695,21,13256.36,631.2552380952382,2603.8,57,40,21,MEDIUM
CUST001696,38,35446.340000000004,932.7984210526316,8011.16,108,70,38,CRITICAL
CUST001697,22,29634.08,1347.0036363636364,18790.66,84,80,22,CRITICAL
CUST001698,24,28731.28,1197.1366666666665,10192.1,68,65,24,HIGH
CUST001699,21,16093.230000000001,766.3442857142858,2639.3,55,40,21,MEDIUM
CUST001700,20,19706.25,985.3125,5356.11,52,55,20,HIGH
CUST001701,22,28556.9,1298.040909090909,7409.47,61,55,22,HIGH
CUST001702,23,12798.42,556.4530434782608,2871.3,83,55,23,HIGH
CUST001703,27,18685.39,692.0514814814815,3898.83,96,50,27,HIGH
CUST001704,20,13973.550000000001,698.6775,3327.29,50,35,20,MEDIUM
CUST001705,32,44955.65,1404.8640625,22178.79,89,70,32,CRITICAL
CUST001706,24,16284.04,678.5016666666667,4226.8,64,35,24,MEDIUM
CUST001707,23,20200.35,878.2760869565217,5831.41,55,50,23,HIGH
CUST001708,31,22921.67,739.4087096774193,2424.56,85,40,31,MEDIUM
CUST001709,20,9403.74,470.187,1025.9,52,40,20,MEDIUM
CUST001710,32,16310.61,509.7065625,3280.97,91,40,32,MEDIUM
CUST001711,26,37382.86,1437.8023076923077,6983.62,67,55,26,HIGH
CUST001712,31,13056.65,421.18225806451613,985.1,86,40,31,MEDIUM
CUST001713,26,13619.62,523.8315384615385,2955.93,67,40,26,MEDIUM
CUST001714,17,9561.59,562.4464705882353,2557.93,47,40,17,MEDIUM
CUST001715,21,10143.69,483.03285714285715,2306.35,58,40,21,MEDIUM
CUST001716,31,22162.43,714.9170967741935,5925.12,82,55,31,HIGH
CUST001717,25,13510.57,540.4227999999999,1921.89,63,40,25,MEDIUM
CUST001718,30,15730.39,524.3463333333333,6318.36,72,50,30,HIGH
CUST001719,23,13148.42,571.6704347826087,2215.49,60,40,23,MEDIUM
CUST001720,39,33644.159999999996,862.6707692307691,7640.01,100,50,39,HIGH
CUST001721,15,8359.1,557.2733333333333,3325.5,38,40,15,MEDIUM
CUST001722,36,32426.86,900.7461111111111,2993.96,105,40,36,MEDIUM
CUST001723,30,19778.64,659.288,4455.0,105,50,30,HIGH
CUST001724,17,7707.97,453.41,1464.64,45,40,17,MEDIUM
CUST001725,15,10037.11,669.1406666666667,2945.06,41,40,15,MEDIUM
CUST001726,28,27709.65,989.6303571428572,7178.85,77,55,28,HIGH
CUST001727,27,25088.989999999998,929.2218518518517,6996.03,76,50,27,HIGH
CUST001728,18,10526.7,584.8166666666667,4207.17,43,40,18,MEDIUM
CUST001729,25,15990.82,639.6328,3962.05,92,50,25,HIGH
CUST001730,21,16850.79,802.4185714285715,5283.39,52,55,21,HIGH
CUST001731,20,8155.87,407.7935,1032.47,54,35,20,MEDIUM
CUST001732,23,15930.44,692.6278260869566,2547.81,63,40,23,MEDIUM
CUST001733,23,14867.94,646.4321739130435,4555.76,82,55,23,HIGH
CUST001734,27,16069.69,595.1737037037037,4279.3,72,40,27,MEDIUM
CUST001735,30,22943.54,764.7846666666667,4332.32,80,40,30,MEDIUM
CUST001736,27,13813.69,511.6181481481482,4060.71,76,40,27,MEDIUM
CUST001737,28,20280.59,724.3067857142858,8314.38,81,65,28,HIGH
CUST001738,18,9240.81,513.3783333333333,2761.48,47,40,18,MEDIUM
CUST001739,17,6072.97,357.2335294117647,1260.34,44,40,17,MEDIUM
CUST001740,25,58375.840000000004,2335.0336,40018.74,68,75,25,CRITICAL
CUST001741,34,25885.39,761.335,3755.56,93,40,34,MEDIUM
CUST001742,28,26334.27,940.5096428571429,5228.5,75,55,28,HIGH
CUST001743,33,19231.84,582.7830303030303,4215.97,82,40,33,MEDIUM
CUST001744,23,26479.02,1151.2617391304348,8972.0,64,65,23,HIGH
CUST001745,18,11480.37,637.7983333333334,3714.76,45,35,18,MEDIUM
CUST001746,22,27196.73,1236.215,10628.64,58,60,22,HIGH
CUST001747,21,18571.11,884.3385714285714,4903.04,52,35,21,MEDIUM
CUST001748,23,14174.130000000001,616.2665217391304,4265.54,64,40,23,MEDIUM
CUST001749,36,20741.03,576.1397222222222,3906.92,97,45,36,MEDIUM
CUST001750,30,16140.83,538.0276666666666,3547.44,82,40,30,MEDIUM
CUST001751,25,20787.02,831.4808,4081.99,65,40,25,MEDIUM
CUST001752,21,16982.63,808.6966666666667,3663.65,55,40,21,MEDIUM
CUST001753,21,11221.24,534.3447619047619,2022.71,55,40,21,MEDIUM
CUST001754,32,23476.57,733.6428125,5080.94,87,50,32,HIGH
CUST001755,27,31733.73,1175.3233333333333,8219.58,76,75,27,CRITICAL
CUST001756,18,14145.34,785.8522222222223,4415.52,67,55,18,HIGH
CUST001757,29,19650.63,677.6079310344828,6134.02,81,60,29,HIGH
CUST001758,14,7824.58,558.8985714285715,2391.23,37,40,14,MEDIUM
CUST001759,19,16257.66,855.6663157894736,3059.31,71,50,19,HIGH
CUST001760,39,29854.15,765.4910256410257,6177.29,103,55,39,HIGH
CUST001761,20,20443.02,1022.1510000000001,6006.28,50,50,20,HIGH
CUST001762,23,13286.37,577.6682608695653,3135.45,65,40,23,MEDIUM
CUST001763,33,35933.04,1088.88,8928.63,92,70,33,CRITICAL
CUST001764,22,21967.86,998.539090909091,5648.62,81,70,22,CRITICAL
CUST001765,28,15678.46,559.9449999999999,2572.28,78,40,28,MEDIUM
CUST001766,26,17143.34,659.3592307692307,3187.43,65,40,26,MEDIUM
CUST001767,17,12436.6,731.564705882353,5007.93,46,55,17,HIGH
CUST001768,16,7491.69,468.230625,1452.16,42,40,16,MEDIUM
CUST001769,24,8914.98,371.4575,1758.26,67,35,24,MEDIUM
CUST001770,26,13192.59,507.4073076923077,2874.44,71,40,26,MEDIUM
CUST001771,26,18629.48,716.5184615384616,4484.38,69,40,26,MEDIUM
CUST001772,13,8727.210000000001,671.3238461538463,3093.42,38,40,13,MEDIUM
CUST001773,24,26054.3,1085.5958333333333,7756.02,95,65,24,HIGH
CUST001774,20,8945.38,447.26899999999995,1764.63,56,40,20,MEDIUM
CUST001775,23,14225.210000000001,618.4873913043479,2554.9,62,40,23,MEDIUM
CUST001776,19,15212.130000000001,800.6384210526317,4440.15,52,40,19,MEDIUM
CUST001777,28,26583.079999999998,949.3957142857142,5021.43,104,65,28,HIGH
CUST001778,31,25323.75,816.8951612903226,10827.24,95,70,31,CRITICAL
CUST001779,21,9026.1,429.81428571428575,1673.84,51,40,21,MEDIUM
CUST001780,28,19864.54,709.4478571428572,3938.51,71,35,28,MEDIUM
CUST001781,28,10219.73,364.99035714285714,2578.78,75,40,28,MEDIUM
CUST001782,30,27015.94,900.5313333333332,12446.97,78,65,30,HIGH
CUST001783,13,6857.29,527.4838461538461,2075.76,35,35,13,MEDIUM
CUST001784,30,24443.69,814.7896666666667,6926.39,81,50,30,HIGH
CUST001785,28,20941.420000000002,747.9078571428572,4984.24,67,40,28,MEDIUM
CUST001786,29,24232.1,835.5896551724137,5063.59,79,55,29,HIGH
CUST001787,25,14547.99,581.9196,2461.68,72,40,25,MEDIUM
CUST001788,26,12842.07,493.9257692307692,1941.29,65,35,26,MEDIUM
CUST001789,25,39619.98,1584.7992000000002,18615.56,72,70,25,CRITICAL
CUST001790,27,58598.46,2170.3133333333335,36226.55,80,75,27,CRITICAL
CUST001791,22,24697.87,1122.6304545454545,9802.38,56,70,22,CRITICAL
CUST001792,28,20095.43,717.6939285714286,4788.52,76,40,28,MEDIUM
CUST001793,24,16608.25,692.0104166666666,3049.22,91,50,24,HIGH
CUST001794,29,15527.69,535.4375862068965,2933.85,106,50,29,HIGH
CUST001795,15,6783.88,452.25866666666667,1988.85,38,40,15,MEDIUM
CUST001796,36,27459.3,762.7583333333333,3625.28,98,40,36,MEDIUM
CUST001797,32,17085.08,533.90875,2403.85,88,40,32,MEDIUM
CUST001798,25,31985.649999999998,1279.426,8702.91,68,65,25,HIGH
CUST001799,23,10119.23,439.9665217391304,2305.9,86,50,23,HIGH
CUST001800,35,29891.329999999998,854.0379999999999,5477.18,84,55,35,HIGH
CUST001801,24,17216.56,717.3566666666667,3299.19,61,35,24,MEDIUM
CUST001802,23,9415.97,409.39,1362.8,61,40,23,MEDIUM
CUST001803,17,22413.97,1318.4688235294118,12725.56,47,50,17,HIGH
CUST001804,26,29153.100000000002,1121.273076923077,12441.67,94,65,26,HIGH
CUST001805,19,26121.93,1374.8384210526317,8984.29,35,50,2,HIGH
CUST001806,18,16035.21,890.8449999999999,5564.67,48,50,18,HIGH
CUST001807,25,21379.18,855.1672,3726.45,65,40,25,MEDIUM
CUST001808,33,13553.01,410.6972727272727,2187.26,91,40,33,MEDIUM
CUST001809,26,14476.04,556.7707692307692,2432.05,73,40,26,MEDIUM
CUST001810,18,11357.69,630.9827777777778,2291.01,71,50,18,HIGH
CUST001811,25,11665.05,466.602,3422.36,67,40,25,MEDIUM
CUST001812,20,15740.51,787.0255,4863.01,51,50,20,HIGH
CUST001813,26,11627.75,447.22115384615387,2613.0,70,40,26,MEDIUM
CUST001814,22,19799.68,899.9854545454546,7396.25,57,50,22,HIGH
CUST001815,20,51497.59,2574.8795,40897.99,51,65,20,HIGH
CUST001816,27,15834.16,586.4503703703704,1663.37,99,55,27,HIGH
CUST001817,32,25339.280000000002,791.8525000000001,5993.33,86,50,32,HIGH
CUST001818,25,16733.36,669.3344000000001,2217.32,67,40,25,MEDIUM
CUST001819,23,14918.119999999999,648.6139130434782,3536.94,64,40,23,MEDIUM
CUST001820,26,36986.88,1422.5723076923075,7639.41,69,55,26,HIGH
CUST001821,19,8671.78,456.4094736842106,1106.66,56,40,19,MEDIUM
CUST001822,23,17961.33,780.9273913043479,9176.71,62,70,23,CRITICAL
CUST001823,24,10458.17,435.75708333333336,1732.54,62,40,24,MEDIUM
CUST001824,24,36085.2,1503.55,13285.82,61,70,24,CRITICAL
CUST001825,26,31403.48,1207.8261538461538,8674.29,71,70,26,CRITICAL
CUST001826,22,23127.37,1051.2440909090908,6504.11,66,70,22,CRITICAL
CUST001827,18,11075.34,615.2966666666666,5505.98,48,70,18,CRITICAL
CUST001828,28,17445.79,623.0639285714286,2066.86,80,40,28,MEDIUM
CUST001829,32,21870.7,683.459375,3964.23,89,40,32,MEDIUM
CUST001830,27,35398.630000000005,1311.0603703703705,18599.47,76,55,27,HIGH
CUST001831,21,15674.310000000001,746.3957142857143,4460.17,56,40,21,MEDIUM
CUST001832,18,15409.54,856.0855555555556,3643.96,46,40,18,MEDIUM
CUST001833,18,19526.14,1084.7855555555554,7769.52,47,50,18,HIGH
CUST001834,24,16691.09,695.4620833333333,7855.14,63,55,24,HIGH
CUST001835,18,15344.26,852.4588888888889,7030.42,48,55,18,HIGH
CUST001836,22,42731.14,1942.3245454545454,12253.37,66,70,22,CRITICAL
CUST001837,24,19082.61,795.10875,8002.97,68,65,24,HIGH
CUST001838,22,23244.149999999998,1056.5522727272726,6180.65,63,55,22,HIGH
CUST001839,21,12084.88,575.4704761904761,3978.0,57,40,21,MEDIUM
CUST001840,21,13975.69,665.5090476190477,4256.0,53,40,21,MEDIUM
CUST001841,34,23848.54,701.4276470588236,3486.26,87,40,34,MEDIUM
CUST001842,33,26523.27,803.7354545454546,3004.58,84,40,33,MEDIUM
CUST001843,29,41442.969999999994,1429.0679310344826,17531.69,77,70,29,CRITICAL
CUST001844,27,26649.33,987.0122222222222,4699.71,73,40,27,MEDIUM
CUST001845,26,17543.65,674.7557692307693,2264.4,92,55,26,HIGH
CUST001846,20,7791.19,389.55949999999996,2084.31,71,50,20,HIGH
CUST001847,28,19563.62,698.7007142857143,6687.42,73,55,28,HIGH
CUST001848,20,38616.420000000006,1930.8210000000004,22978.56,58,65,20,HIGH
CUST001849,19,9471.6,498.5052631578948,3626.18,51,40,19,MEDIUM
CUST001850,38,25730.68,677.1231578947369,4076.26,103,40,38,MEDIUM
CUST001851,31,30133.96,972.0632258064516,9100.67,85,65,31,HIGH
CUST001852,28,16055.43,573.4082142857143,3337.46,72,40,28,MEDIUM
CUST001853,29,14181.23,489.00793103448274,2765.45,80,40,29,MEDIUM
CUST001854,26,17899.95,688.4596153846154,2943.72,69,40,26,MEDIUM
CUST001855,26,29936.53,1151.405,16181.86,69,65,26,HIGH
CUST001856,28,14744.14,526.5764285714286,1904.61,71,40,28,MEDIUM
CUST001857,31,21938.94,707.7077419354838,4095.14,80,40,31,MEDIUM
CUST001858,37,26375.2,712.8432432432433,4696.08,95,40,37,MEDIUM
CUST001859,16,8280.91,517.556875,1834.83,40,40,16,MEDIUM
CUST001860,24,13100.85,545.86875,2903.34,66,40,24,MEDIUM
CUST001861,30,21362.8,712.0933333333334,3199.38,108,50,30,HIGH
CUST001862,27,18065.77,669.1025925925926,4433.42,67,40,27,MEDIUM
CUST001863,24,16901.96,704.2483333333333,2599.0,96,50,24,HIGH
CUST001864,33,12851.9,389.45151515151514,1806.81,89,40,33,MEDIUM
CUST001865,21,12374.52,589.2628571428571,2923.91,54,35,21,MEDIUM
CUST001866,24,15523.56,646.8149999999999,4432.76,63,35,24,MEDIUM
CUST001867,23,14424.099999999999,627.1347826086956,8898.98,62,70,23,CRITICAL
CUST001868,36,18738.15,520.5041666666667,2025.38,91,40,36,MEDIUM
CUST001869,23,13146.36,571.5808695652174,2327.15,59,40,23,MEDIUM
CUST001870,13,11046.210000000001,849.7084615384616,2761.96,34,40,13,MEDIUM
CUST001871,24,14321.69,596.7370833333333,4015.98,65,50,24,HIGH
CUST001872,30,30073.829999999998,1002.4609999999999,6932.74,87,50,30,HIGH
CUST001873,29,17773.7,612.8862068965517,2879.05,81,40,29,MEDIUM
CUST001874,25,21794.07,871.7628,7280.33,61,50,25,HIGH
CUST001875,25,17103.149999999998,684.1259999999999,3758.79,70,40,25,MEDIUM
CUST001876,12,3132.07,261.0058333333333,897.2,33,40,12,MEDIUM
CUST001877,28,23909.050000000003,853.8946428571429,5806.38,68,50,28,HIGH
CUST001878,18,21289.75,1182.763888888889,8990.45,51,90,18,CRITICAL
CUST001879,21,18937.52,901.7866666666666,5138.15,82,65,21,HIGH
CUST001880,21,14069.42,669.972380952381,3740.55,58,40,21,MEDIUM
CUST001881,34,31958.65,939.9602941176471,5350.55,94,60,34,HIGH
CUST001882,20,16629.6,831.4799999999999,4179.39,56,40,20,MEDIUM
CUST001883,21,21484.01,1023.0480952380951,7627.52,60,50,21,HIGH
CUST001884,25,18450.46,738.0183999999999,4496.03,66,40,25,MEDIUM
CUST001885,28,13904.93,496.6046428571429,2287.93,79,40,28,MEDIUM
CUST001886,25,11259.63,450.38519999999994,2516.22,62,35,25,MEDIUM
CUST001887,17,9435.49,555.0288235294117,1616.34,47,40,17,MEDIUM
CUST001888,29,19912.81,686.6486206896552,4497.36,82,40,29,MEDIUM
CUST001889,29,20080.81,692.441724137931,4203.89,79,40,29,MEDIUM
CUST001890,23,29817.600000000002,1296.417391304348,18884.38,65,55,23,HIGH
CUST001891,26,22641.95,870.8442307692308,8802.58,69,80,26,CRITICAL
CUST001892,23,14665.380000000001,637.6252173913044,2646.22,66,40,23,MEDIUM
CUST001893,25,13355.68,534.2272,4703.92,89,45,25,MEDIUM
CUST001894,24,33374.26,1390.5941666666668,8876.49,68,70,24,CRITICAL
CUST001895,19,21808.96,1147.84,8573.46,54,65,19,HIGH
CUST001896,18,10560.19,586.6772222222222,1957.06,46,35,18,MEDIUM
CUST001897,29,22829.86,787.2365517241379,5382.23,77,55,29,HIGH
CUST001898,23,10668.65,463.85434782608695,1935.4,62,40,23,MEDIUM
CUST001899,20,16768.27,838.4135,4239.69,53,40,20,MEDIUM
CUST001900,34,21073.15,619.7985294117648,3699.87,91,40,34,MEDIUM
CUST001901,23,13832.67,601.4204347826087,4369.38,58,40,23,MEDIUM
CUST001902,23,23000.57,1000.0247826086957,3845.8,61,40,23,MEDIUM
CUST001903,38,18953.18,498.7678947368421,2080.52,101,40,38,MEDIUM
CUST001904,30,18253.4,608.4466666666667,1784.8,77,40,30,MEDIUM
CUST001905,21,12474.289999999999,594.0138095238095,2491.84,54,35,21,MEDIUM
CUST001906,29,8797.98,303.3786206896552,929.22,76,40,29,MEDIUM
CUST001907,25,12609.82,504.39279999999997,4045.4,66,40,25,MEDIUM
CUST001908,29,17197.54,593.0186206896552,1941.74,84,50,29,HIGH
CUST001909,18,15245.25,846.9583333333334,4192.48,47,40,18,MEDIUM
CUST001910,18,14270.17,792.7872222222222,7166.9,51,50,18,HIGH
CUST001911,26,28621.65,1100.8326923076925,7760.95,98,80,26,CRITICAL
CUST001912,15,5608.08,373.872,896.07,40,35,15,MEDIUM
CUST001913,18,11695.51,649.7505555555556,3299.23,49,35,18,MEDIUM
CUST001914,31,30704.850000000002,990.4790322580645,3065.0,86,40,31,MEDIUM
CUST001915,20,7952.41,397.6205,1051.06,56,40,20,MEDIUM
CUST001916,23,26309.5,1143.891304347826,6940.71,64,50,23,HIGH
CUST001917,22,11849.16,538.5981818181818,1852.53,63,40,22,MEDIUM
CUST001918,25,19084.34,763.3736,4091.52,62,40,25,MEDIUM
CUST001919,20,11655.7,582.7850000000001,1718.49,52,40,20,MEDIUM
CUST001920,24,15229.84,634.5766666666667,4056.53,88,50,24,HIGH
CUST001921,21,8867.83,422.27761904761905,1616.51,51,35,21,MEDIUM
CUST001922,18,19031.73,1057.3183333333334,6350.96,48,55,18,HIGH
CUST001923,26,20677.98,795.3069230769231,3482.53,69,40,26,MEDIUM
CUST001924,18,8712.32,484.0177777777778,1868.23,47,40,18,MEDIUM
CUST001925,27,15566.72,576.5451851851851,3187.91,75,40,27,MEDIUM
CUST001926,21,20697.87,985.6128571428571,6150.39,56,55,21,HIGH
CUST001927,25,32411.879999999997,1296.4751999999999,12503.98,63,55,25,HIGH
CUST001928,26,13809.94,531.1515384615385,2491.67,70,40,26,MEDIUM
CUST001929,20,11771.81,588.5905,1428.43,57,40,20,MEDIUM
CUST001930,24,18982.519999999997,790.9383333333332,4523.03,64,40,24,MEDIUM
CUST001931,33,18961.05,574.5772727272727,5105.18,93,55,33,HIGH
CUST001932,20,9347.130000000001,467.35650000000004,1639.75,52,35,20,MEDIUM
CUST001933,21,13478.599999999999,641.8380952380952,1782.72,57,35,21,MEDIUM
CUST001934,17,24154.77,1420.8688235294119,7494.97,45,55,17,HIGH
CUST001935,27,22483.53,832.7233333333332,8371.24,71,70,27,CRITICAL
CUST001936,22,24985.25,1135.6931818181818,12158.84,57,70,22,CRITICAL
CUST001937,23,13815.89,600.6908695652173,2289.09,61,40,23,MEDIUM
CUST001938,22,12527.75,569.4431818181819,4791.1,58,40,22,MEDIUM
CUST001939,24,11541.78,480.9075,3331.07,68,40,24,MEDIUM
CUST001940,23,13751.75,597.9021739130435,2914.84,60,40,23,MEDIUM
CUST001941,33,32596.54,987.7739393939394,5511.62,89,55,33,HIGH
CUST001942,29,28570.329999999998,985.1837931034482,10584.13,79,50,29,HIGH
CUST001943,21,12425.59,591.6947619047619,3351.75,56,35,21,MEDIUM
CUST001944,18,6305.84,350.32444444444445,1624.11,51,40,18,MEDIUM
CUST001945,35,29905.739999999998,854.4497142857142,10042.23,95,55,35,HIGH
CUST001946,29,24289.260000000002,837.5606896551725,8646.74,76,85,29,CRITICAL
CUST001947,22,16304.59,741.1177272727273,4004.67,61,40,22,MEDIUM
CUST001948,24,20333.91,847.24625,2615.23,67,40,24,MEDIUM
CUST001949,24,23280.010000000002,970.0004166666668,8478.45,62,65,24,HIGH
CUST001950,31,35402.87,1142.028064516129,12569.51,86,70,31,CRITICAL
CUST001951,21,16992.73,809.177619047619,4803.06,54,35,21,MEDIUM
CUST001952,19,11137.29,586.1731578947368,1346.47,55,40,19,MEDIUM
CUST001953,31,38960.299999999996,1256.783870967742,11425.63,86,55,31,HIGH
CUST001954,21,12193.88,580.6609523809524,3167.56,56,40,21,MEDIUM
CUST001955,23,29160.61,1267.8526086956522,10647.66,60,50,23,HIGH
CUST001956,32,20963.280000000002,655.1025000000001,2376.78,81,40,32,MEDIUM
CUST001957,27,25791.06,955.2244444444445,5672.13,75,70,27,CRITICAL
CUST001958,32,23115.12,722.3475,5486.67,93,65,32,HIGH
CUST001959,34,29018.41,853.4826470588235,4953.6,87,40,34,MEDIUM
CUST001960,23,19920.13,866.0926086956522,5595.38,61,55,23,HIGH
CUST001961,24,14343.21,597.63375,2364.48,71,40,24,MEDIUM
CUST001962,29,19716.21,679.8693103448276,2147.93,105,55,29,HIGH
CUST001963,28,24572.88,877.6028571428571,4643.28,74,35,28,MEDIUM
CUST001964,33,21866.85,662.6318181818182,4954.33,87,40,33,MEDIUM
CUST001965,22,11998.51,545.3868181818182,5858.69,60,60,22,HIGH
CUST001966,19,9659.56,508.3978947368421,1722.76,54,40,19,MEDIUM
CUST001967,23,26635.79,1158.0778260869565,11863.84,60,50,23,HIGH
CUST001968,21,7554.67,359.74619047619046,1340.23,62,40,21,MEDIUM
CUST001969,16,7964.32,497.77,2426.92,61,55,16,HIGH
CUST001970,28,19090.08,681.7885714285715,2512.8,78,40,28,MEDIUM
CUST001971,28,26592.11,949.7182142857143,4445.36,73,40,28,MEDIUM
CUST001972,19,15598.369999999999,820.9668421052631,4445.24,51,55,19,HIGH
CUST001973,18,8494.029999999999,471.89055555555547,1620.98,51,40,18,MEDIUM
CUST001974,22,21410.73,973.215,4553.31,63,40,22,MEDIUM
CUST001975,23,21699.99,943.4778260869566,7208.47,65,65,23,HIGH
CUST001976,15,8999.539999999999,599.9693333333332,1242.53,38,40,15,MEDIUM
CUST001977,17,8608.46,506.37999999999994,3449.41,52,40,17,MEDIUM
CUST001978,29,34778.729999999996,1199.2665517241378,18949.67,78,55,29,HIGH
CUST001979,21,18882.61,899.1719047619048,5748.77,58,55,21,HIGH
CUST001980,23,13985.21,608.0526086956521,3301.41,61,35,23,MEDIUM
CUST001981,24,17597.260000000002,733.2191666666668,4877.04,67,40,24,MEDIUM
CUST001982,20,16066.400000000001,803.32,5596.6,53,60,20,HIGH
CUST001983,30,20166.55,672.2183333333334,4374.5,80,40,30,MEDIUM
CUST001984,27,52531.49,1945.6107407407408,13467.56,72,70,27,CRITICAL
CUST001985,26,14135.82,543.6853846153846,2709.7,74,40,26,MEDIUM
CUST001986,22,73731.78,3351.4445454545453,37738.13,65,80,22,CRITICAL
CUST001987,29,20177.03,695.7596551724138,3364.51,105,50,29,HIGH
CUST001988,30,31523.64,1050.788,11632.7,85,50,30,HIGH
CUST001989,31,23239.08,749.647741935484,3647.05,88,40,31,MEDIUM
CUST001990,18,21050.11,1169.4505555555556,6694.75,54,55,18,HIGH
CUST001991,18,16611.41,922.8561111111111,7911.33,47,50,18,HIGH
CUST001992,23,15813.0,687.5217391304348,5273.9,58,55,23,HIGH
CUST001993,29,15125.54,521.5703448275863,3316.7,74,40,29,MEDIUM
CUST001994,29,14227.6,490.60689655172416,2624.66,79,40,29,MEDIUM
CUST001995,33,12234.03,370.72818181818184,1350.34,88,40,33,MEDIUM
CUST001996,23,12833.09,557.9604347826087,2952.32,65,40,23,MEDIUM
CUST001997,26,20139.77,774.6065384615384,6927.62,70,70,26,CRITICAL
CUST001998,23,16623.64,722.7669565217391,2180.16,65,40,23,MEDIUM
CUST001999,22,14543.27,661.0577272727273,3814.41,57,40,22,MEDIUM
CUST002000,28,11771.939999999999,420.4264285714285,2410.58,75,40,28,MEDIUM
CUST002001,23,10047.19,436.83434782608697,1888.05,90,50,23,HIGH
CUST002002,20,10743.289999999999,537.1645,1898.34,52,40,20,MEDIUM
CUST002003,32,22132.9,691.653125,4899.27,81,40,32,MEDIUM
CUST002004,29,31721.97,1093.8610344827587,5012.81,75,55,29,HIGH
CUST002005,30,17303.25,576.775,3229.68,84,40,30,MEDIUM
CUST002006,25,15182.48,607.2991999999999,2507.11,74,40,25,MEDIUM
CUST002007,30,15435.63,514.521,1668.12,80,40,30,MEDIUM
CUST002008,25,19100.41,764.0164,5058.56,41,30,1,MEDIUM
CUST002009,37,33573.75,907.3986486486486,8739.24,109,70,37,CRITICAL
CUST002010,31,12335.79,397.92870967741936,2291.56,108,55,31,HIGH
CUST002011,19,9161.19,482.16789473684213,2544.45,50,40,19,MEDIUM
CUST002012,24,15478.550000000001,644.9395833333334,4712.13,66,40,24,MEDIUM
CUST002013,24,13459.58,560.8158333333333,1944.98,55,35,24,MEDIUM
CUST002014,25,33004.23,1320.1692,8945.29,97,85,25,CRITICAL
CUST002015,15,12346.48,823.0986666666666,3536.48,28,20,0,LOW
CUST002016,30,24183.41,806.1136666666666,4692.45,76,40,30,MEDIUM
CUST002017,17,11654.61,685.5652941176471,3990.9,48,40,17,MEDIUM
CUST002018,27,13637.17,505.08037037037036,2355.68,71,40,27,MEDIUM
CUST002019,23,18034.96,784.1286956521739,5374.35,61,55,23,HIGH
CUST002020,25,20994.0,839.76,3523.21,67,40,25,MEDIUM
CUST002021,23,26796.890000000003,1165.0821739130436,8853.84,62,70,23,CRITICAL
CUST002022,29,38709.71,1334.8175862068965,11964.49,79,65,29,HIGH
CUST002023,30,22036.81,734.5603333333333,5652.31,84,50,30,HIGH
CUST002024,25,24211.050000000003,968.4420000000001,5990.72,67,50,25,HIGH
CUST002025,31,16045.02,517.5812903225807,1922.24,82,40,31,MEDIUM
CUST002026,25,13399.95,535.998,2154.85,65,40,25,MEDIUM
CUST002027,19,12316.02,648.2115789473685,2648.38,50,40,19,MEDIUM
CUST002028,25,16194.87,647.7948,5266.92,67,55,25,HIGH
CUST002029,18,11681.53,648.973888888889,5101.0,53,50,18,HIGH
CUST002030,28,25252.0,901.8571428571429,5120.71,70,50,28,HIGH
CUST002031,34,32123.89,944.820294117647,8540.22,99,70,34,CRITICAL
CUST002032,21,9343.38,444.9228571428571,1856.11,55,40,21,MEDIUM
CUST002033,24,15374.39,640.5995833333333,2477.56,67,40,24,MEDIUM
CUST002034,27,18224.670000000002,674.9877777777779,4276.81,69,40,27,MEDIUM
CUST002035,31,28772.94,928.1593548387096,6137.74,90,55,31,HIGH
CUST002036,31,19945.11,643.3906451612903,3750.59,82,40,31,MEDIUM
CUST002037,33,20640.33,625.4645454545455,3428.38,88,40,33,MEDIUM
CUST002038,20,22468.3,1123.415,7214.19,73,65,20,HIGH
CUST002039,26,12398.17,476.85269230769234,2230.32,69,40,26,MEDIUM
CUST002040,22,18018.64,819.0290909090909,4931.58,60,40,22,MEDIUM
CUST002041,23,14899.46,647.8026086956521,2882.27,62,40,23,MEDIUM
CUST002042,25,12002.74,480.1096,2652.84,67,40,25,MEDIUM
CUST002043,18,7737.47,429.8594444444445,1499.52,52,40,18,MEDIUM
CUST002044,23,15574.85,677.1673913043478,3545.19,58,40,23,MEDIUM
CUST002045,22,42219.2,1919.0545454545454,14150.86,61,65,22,HIGH
CUST002046,15,15616.38,1041.0919999999999,4602.17,56,55,15,HIGH
CUST002047,25,30217.27,1208.6908,5613.75,73,55,25,HIGH
CUST002048,25,19493.79,779.7516,6419.28,67,50,25,HIGH
CUST002049,28,25399.77,907.1346428571429,4557.1,76,40,28,MEDIUM
CUST002050,30,27695.08,923.1693333333334,6823.36,85,60,30,HIGH
CUST002051,27,17171.74,635.9903703703704,1942.59,72,40,27,MEDIUM
CUST002052,15,8456.84,563.7893333333334,1514.01,41,40,15,MEDIUM
CUST002053,21,11493.59,547.3138095238095,1987.05,54,35,21,MEDIUM
CUST002054,18,15063.08,836.8377777777778,5075.09,51,60,18,HIGH
CUST002055,24,14821.91,617.5795833333333,4179.49,67,40,24,MEDIUM
CUST002056,18,9250.77,513.9316666666667,2411.04,59,90,18,CRITICAL
CUST002057,20,15246.48,762.324,6062.89,51,50,20,HIGH
CUST002058,24,24568.09,1023.6704166666667,6853.44,69,50,24,HIGH
CUST002059,24,8838.2,368.2583333333334,1733.78,82,55,24,HIGH
CUST002060,22,11626.98,528.4990909090909,3098.59,58,40,22,MEDIUM
CUST002061,22,11252.63,511.4831818181818,4895.73,81,50,22,HIGH
CUST002062,24,14127.61,588.6504166666667,2448.26,66,40,24,MEDIUM
CUST002063,27,20741.09,768.1885185185185,3790.24,78,40,27,MEDIUM
CUST002064,33,22650.76,686.3866666666667,7185.87,85,55,33,HIGH
CUST002065,23,12106.58,526.3730434782609,2945.24,62,40,23,MEDIUM
CUST002066,17,14752.33,867.7841176470588,5983.2,44,65,17,HIGH
CUST002067,29,20915.18,721.2131034482759,4736.36,79,40,29,MEDIUM
CUST002068,24,11574.47,482.2695833333333,2204.73,63,35,24,MEDIUM
CUST002069,26,18471.57,710.4449999999999,2576.44,72,40,26,MEDIUM
CUST002070,15,10893.97,726.2646666666666,2283.86,41,40,15,MEDIUM
CUST002071,22,20966.27,953.0122727272727,10050.45,59,50,22,HIGH
CUST002072,19,15321.94,806.4178947368422,3660.17,47,40,19,MEDIUM
CUST002073,16,5990.75,374.421875,1468.55,44,40,16,MEDIUM
CUST002074,27,10642.83,394.1788888888889,1596.3,75,40,27,MEDIUM
CUST002075,22,25677.83,1167.174090909091,9614.24,62,75,22,CRITICAL
CUST002076,26,20594.84,792.1092307692307,3845.79,69,40,26,MEDIUM
CUST002077,22,14505.08,659.3218181818182,3544.38,59,40,22,MEDIUM
CUST002078,27,16181.22,599.3044444444445,5762.79,70,55,27,HIGH
CUST002079,23,8847.39,384.6691304347826,1908.49,60,35,23,MEDIUM
CUST002080,18,16761.51,931.1949999999999,3240.96,47,40,18,MEDIUM
CUST002081,24,38113.92,1588.08,10063.39,68,55,24,HIGH
CUST002082,22,12645.63,574.8013636363636,1732.37,59,40,22,MEDIUM
CUST002083,20,12391.01,619.5505,3597.41,52,40,20,MEDIUM
CUST002084,22,12328.79,560.3995454545455,3410.54,55,40,22,MEDIUM
CUST002085,35,17256.24,493.0354285714286,2194.17,92,40,35,MEDIUM
CUST002086,21,10710.82,510.0390476190476,1783.29,60,40,21,MEDIUM
CUST002087,24,31701.55,1320.8979166666666,10832.57,69,60,24,HIGH
CUST002088,23,21956.0,954.6086956521739,4799.87,62,40,23,MEDIUM
CUST002089,24,15811.52,658.8133333333334,2300.34,63,40,24,MEDIUM
CUST002090,25,17490.59,699.6236,3641.16,63,35,25,MEDIUM
CUST002091,25,13262.470000000001,530.4988000000001,5098.59,66,50,25,HIGH
CUST002092,17,8788.07,516.945294117647,1811.11,41,35,17,MEDIUM
CUST002093,28,21506.69,768.0960714285713,4502.92,75,40,28,MEDIUM
CUST002094,18,14707.62,817.09,6552.2,52,70,18,CRITICAL
CUST002095,27,24227.85,897.3277777777777,3507.11,71,40,27,MEDIUM
CUST002096,29,22842.41,787.6693103448276,5910.68,82,55,29,HIGH
CUST002097,34,23764.62,698.9594117647058,4839.66,95,40,34,MEDIUM
CUST002098,23,26351.12,1145.7008695652173,9619.64,63,85,23,CRITICAL
CUST002099,29,14390.43,496.22172413793106,2467.84,80,40,29,MEDIUM
CUST002100,20,12869.27,643.4635000000001,3488.15,54,40,20,MEDIUM
CUST002101,24,12956.81,539.8670833333333,1803.38,55,35,24,MEDIUM
CUST002102,22,11978.39,544.4722727272728,2064.43,54,40,22,MEDIUM
CUST002103,27,13167.69,487.69222222222226,3083.4,70,40,27,MEDIUM
CUST002104,23,17286.88,751.6034782608696,2240.74,57,40,23,MEDIUM
CUST002105,24,33108.590000000004,1379.5245833333336,10936.42,65,50,24,HIGH
CUST002106,31,33633.63,1084.9558064516127,9063.61,84,75,31,CRITICAL
CUST002107,33,15118.29,458.13000000000005,3153.78,92,40,33,MEDIUM
CUST002108,22,20171.3,916.8772727272727,3056.23,55,35,22,MEDIUM
CUST002109,29,17802.96,613.895172413793,2601.37,107,55,29,HIGH
CUST002110,24,20872.39,869.6829166666666,4741.58,63,35,24,MEDIUM
CUST002111,19,16946.71,891.9321052631578,4777.28,55,40,19,MEDIUM
CUST002112,22,43377.670000000006,1971.7122727272729,16571.11,63,75,22,CRITICAL
CUST002113,27,19621.07,726.7062962962963,3345.13,68,40,27,MEDIUM
CUST002114,24,16004.39,666.8495833333333,2125.62,62,35,24,MEDIUM
CUST002115,21,13923.92,663.0438095238095,2963.42,55,40,21,MEDIUM
CUST002116,27,19536.97,723.5914814814815,3281.91,68,35,27,MEDIUM
CUST002117,17,9702.61,570.7417647058824,1880.99,48,40,17,MEDIUM
CUST002118,22,47699.54,2168.160909090909,17742.47,58,70,22,CRITICAL
CUST002119,34,23045.66,677.8135294117646,7240.77,94,60,34,HIGH
CUST002120,34,29419.72,865.2858823529413,4471.92,86,40,34,MEDIUM
CUST002121,18,10410.94,578.3855555555556,1905.64,48,40,18,MEDIUM
CUST002122,18,12586.8,699.2666666666667,7652.76,51,55,18,HIGH
CUST002123,24,24565.03,1023.5429166666667,16391.37,63,75,24,CRITICAL
CUST002124,21,13628.18,648.9609523809524,1789.75,59,40,21,MEDIUM
CUST002125,23,9947.61,432.5047826086957,1673.94,60,40,23,MEDIUM
CUST002126,24,16833.36,701.39,7793.73,60,55,24,HIGH
CUST002127,26,19383.87,745.5334615384616,3174.65,69,40,26,MEDIUM
CUST002128,28,11181.34,399.3335714285714,2126.84,70,40,28,MEDIUM
CUST002129,25,32644.829999999998,1305.7931999999998,11389.46,73,80,25,CRITICAL
CUST002130,22,16804.68,763.8490909090909,2463.37,58,40,22,MEDIUM
CUST002131,28,17432.14,622.5764285714286,2513.67,69,40,28,MEDIUM
CUST002132,25,11269.630000000001,450.78520000000003,1747.16,63,40,25,MEDIUM
CUST002133,20,20560.91,1028.0455,9023.03,53,65,20,HIGH
CUST002134,21,14308.27,681.3461904761905,4156.73,51,40,21,MEDIUM
CUST002135,31,22668.26,731.234193548387,3856.84,111,55,31,HIGH
CUST002136,28,19390.56,692.5200000000001,3796.18,69,40,28,MEDIUM
CUST002137,27,29641.68,1097.84,10556.04,71,55,27,HIGH
CUST002138,21,17897.46,852.26,2282.25,61,40,21,MEDIUM
CUST002139,20,10632.26,531.613,3158.89,50,40,20,MEDIUM
CUST002140,22,22688.94,1031.3154545454545,4677.83,82,90,22,CRITICAL
CUST002141,24,20175.12,840.63,9173.23,68,65,24,HIGH
CUST002142,13,9607.7,739.0538461538462,2755.7,36,40,13,MEDIUM
CUST002143,29,15604.28,538.0786206896552,2510.96,106,50,29,HIGH
CUST002144,24,17434.649999999998,726.4437499999999,3584.25,64,40,24,MEDIUM
CUST002145,20,11044.41,552.2205,3332.24,55,40,20,MEDIUM
CUST002146,28,25898.79,924.9567857142857,10040.19,77,55,28,HIGH
CUST002147,20,12468.81,623.4404999999999,2444.6,54,40,20,MEDIUM
CUST002148,32,24350.21,760.9440625,5635.14,86,55,32,HIGH
CUST002149,24,26895.14,1120.6308333333334,12745.73,68,55,24,HIGH
CUST002150,25,32663.07,1306.5228,16290.91,64,50,25,HIGH
CUST002151,26,16721.51,643.135,2498.58,65,40,26,MEDIUM
CUST002152,24,18966.59,790.2745833333333,9462.33,66,70,24,CRITICAL
CUST002153,19,24757.08,1303.0042105263158,6925.55,50,55,19,HIGH
CUST002154,26,22789.58,876.5223076923078,4461.8,74,40,26,MEDIUM
CUST002155,20,10462.68,523.134,1842.59,52,35,20,MEDIUM
CUST002156,29,18099.57,624.1231034482759,2732.01,81,40,29,MEDIUM
CUST002157,20,6020.61,301.03049999999996,989.06,50,40,20,MEDIUM
CUST002158,22,19218.91,873.5868181818182,3171.8,62,40,22,MEDIUM
CUST002159,31,22088.45,712.5306451612903,3599.9,80,40,31,MEDIUM
CUST002160,19,14215.21,748.168947368421,4792.91,52,40,19,MEDIUM
CUST002161,24,23074.46,961.4358333333333,6547.12,63,55,24,HIGH
CUST002162,27,31935.95,1182.812962962963,7794.75,77,70,27,CRITICAL
CUST002163,32,28415.05,887.9703125,4988.19,87,40,32,MEDIUM
CUST002164,25,8595.1,343.80400000000003,1088.34,64,35,25,MEDIUM
CUST002165,15,10227.12,681.8080000000001,2093.9,42,40,15,MEDIUM
CUST002166,32,23020.68,719.39625,9056.48,120,85,32,CRITICAL
CUST002167,26,17591.31,676.5888461538462,3333.53,75,40,26,MEDIUM
CUST002168,28,18209.760000000002,650.3485714285715,3244.21,80,40,28,MEDIUM
CUST002169,21,20618.57,981.8366666666667,6329.83,56,50,21,HIGH
CUST002170,24,20300.01,845.8337499999999,9587.42,67,75,24,CRITICAL
CUST002171,20,13858.52,692.926,3183.02,53,40,20,MEDIUM
CUST002172,23,12007.87,522.0813043478262,2363.55,88,50,23,HIGH
CUST002173,24,13010.75,542.1145833333334,2253.19,59,40,24,MEDIUM
CUST002174,22,24201.73,1100.0786363636364,8342.78,85,80,22,CRITICAL
CUST002175,29,25303.85,872.5465517241379,7216.87,77,55,29,HIGH
CUST002176,17,19002.95,1117.820588235294,5907.11,43,55,17,HIGH
CUST002177,29,22663.2,781.4896551724138,3538.4,74,40,29,MEDIUM
CUST002178,13,9219.96,709.2276923076922,2828.9,33,35,13,MEDIUM
CUST002179,26,20004.420000000002,769.4007692307694,8271.73,69,70,26,CRITICAL
CUST002180,20,14991.22,749.5609999999999,3544.58,54,40,20,MEDIUM
CUST002181,36,49151.41,1365.3169444444445,17642.33,104,55,36,HIGH
CUST002182,24,12189.32,507.8883333333333,2969.25,88,50,24,HIGH
CUST002183,21,13350.0,635.7142857142857,3734.85,74,50,21,HIGH
CUST002184,30,13541.48,451.38266666666664,2117.06,78,40,30,MEDIUM
CUST002185,32,18173.57,567.9240625,2471.09,84,40,32,MEDIUM
CUST002186,23,13243.57,575.8073913043478,2212.7,61,40,23,MEDIUM
CUST002187,22,15501.45,704.6113636363636,3304.42,59,40,22,MEDIUM
CUST002188,18,8994.21,499.6783333333333,2117.71,44,40,18,MEDIUM
CUST002189,24,9657.73,402.40541666666667,2502.87,65,40,24,MEDIUM
CUST002190,25,11000.18,440.0072,3244.03,70,40,25,MEDIUM
CUST002191,30,22928.02,764.2673333333333,8066.42,88,70,30,CRITICAL
CUST002192,22,26055.02,1184.3190909090908,9489.08,59,85,22,CRITICAL
CUST002193,21,14665.810000000001,698.3719047619048,5397.92,59,60,21,HIGH
CUST002194,19,6109.29,321.5415789473684,2114.65,43,35,19,MEDIUM
CUST002195,22,7784.66,353.8481818181818,1254.34,54,40,22,MEDIUM
CUST002196,15,10495.18,699.6786666666667,2719.42,42,40,15,MEDIUM
CUST002197,28,19609.53,700.3403571428571,3252.59,72,40,28,MEDIUM
CUST002198,22,10817.0,491.6818181818182,1668.25,53,35,22,MEDIUM
CUST002199,22,19376.82,880.7645454545454,4541.04,61,40,22,MEDIUM
CUST002200,19,7070.76,372.14526315789476,1485.24,56,40,19,MEDIUM
CUST002201,22,15353.36,697.88,5821.0,64,50,22,HIGH
CUST002202,27,12835.22,475.3785185185185,2752.81,79,40,27,MEDIUM
CUST002203,19,21330.85,1122.6763157894736,13510.47,46,55,19,HIGH
CUST002204,23,13907.06,604.6547826086957,2194.6,63,40,23,MEDIUM
CUST002205,23,21228.16,922.9634782608696,3342.02,68,40,23,MEDIUM
CUST002206,20,7582.03,379.1015,1157.0,55,40,20,MEDIUM
CUST002207,28,17398.829999999998,621.3867857142857,5257.56,76,60,28,HIGH
CUST002208,17,6224.3,366.13529411764705,1138.3,61,90,17,CRITICAL
CUST002209,22,11365.24,516.6018181818182,2157.65,59,40,22,MEDIUM
CUST002210,21,38381.04,1827.6685714285716,18243.83,61,70,21,CRITICAL
CUST002211,31,25756.46,830.8535483870968,4736.56,81,40,31,MEDIUM
CUST002212,20,12570.64,628.5319999999999,4495.97,57,40,20,MEDIUM
CUST002213,12,13313.94,1109.4950000000001,5656.06,31,40,12,MEDIUM
CUST002214,26,11329.93,435.76653846153846,3696.87,69,40,26,MEDIUM
CUST002215,25,21514.31,860.5724,5882.65,72,55,25,HIGH
CUST002216,19,8620.54,453.7126315789474,1860.4,51,40,19,MEDIUM
CUST002217,23,26546.79,1154.2082608695653,8766.67,65,70,23,CRITICAL
CUST002218,24,19202.68,800.1116666666667,5297.41,66,50,24,HIGH
CUST002219,36,22791.3,633.0916666666667,2648.39,91,40,36,MEDIUM
CUST002220,22,9243.26,420.14818181818185,2487.92,57,35,22,MEDIUM
CUST002221,19,9788.03,515.1594736842105,1645.6,49,40,19,MEDIUM
CUST002222,19,11519.42,606.2852631578947,2814.71,50,40,19,MEDIUM
CUST002223,24,15719.19,654.9662500000001,4620.68,69,40,24,MEDIUM
CUST002224,24,21104.32,879.3466666666667,4396.49,63,40,24,MEDIUM
CUST002225,23,12162.45,528.8021739130435,2953.99,60,35,23,MEDIUM
CUST002226,33,44232.03,1340.3645454545454,13966.1,95,55,33,HIGH
CUST002227,17,12296.17,723.3041176470588,2038.34,47,40,17,MEDIUM
CUST002228,25,16556.31,662.2524000000001,2055.43,69,40,25,MEDIUM
CUST002229,29,15840.62,546.228275862069,2683.48,83,40,29,MEDIUM
CUST002230,19,11896.55,626.1342105263158,3231.83,49,40,19,MEDIUM
CUST002231,22,21847.79,993.0813636363637,5002.48,60,50,22,HIGH
CUST002232,11,5098.28,463.47999999999996,1851.14,30,40,11,MEDIUM
CUST002233,24,10094.7,420.6125,1596.97,65,35,24,MEDIUM
CUST002234,21,8158.25,388.48809523809524,1495.95,58,40,21,MEDIUM
CUST002235,31,22288.03,718.9687096774193,4259.72,85,40,31,MEDIUM
CUST002236,29,10368.75,357.5431034482759,1918.69,74,40,29,MEDIUM
CUST002237,20,16676.629999999997,833.8314999999999,3098.99,53,40,20,MEDIUM
CUST002238,22,11086.55,503.93409090909086,1768.09,65,40,22,MEDIUM
CUST002239,15,6924.29,461.6193333333333,2318.38,25,20,0,LOW
CUST002240,24,9036.5,376.5208333333333,1723.38,66,40,24,MEDIUM
CUST002241,21,16719.12,796.1485714285714,2655.18,55,35,21,MEDIUM
CUST002242,33,22441.28,680.0387878787878,5048.73,90,55,33,HIGH
CUST002243,25,14428.06,577.1224,2553.67,60,35,25,MEDIUM
CUST002244,23,13288.34,577.7539130434783,3908.86,62,40,23,MEDIUM
CUST002245,25,37651.4,1506.056,12103.48,72,50,25,HIGH
CUST002246,28,20662.04,737.9300000000001,3631.97,81,40,28,MEDIUM
CUST002247,14,12873.54,919.5385714285715,7388.93,41,40,14,MEDIUM
CUST002248,22,10575.07,480.685,2772.02,59,40,22,MEDIUM
CUST002249,24,9429.33,392.88875,1990.3,66,40,24,MEDIUM
CUST002250,25,13101.77,524.0708,1962.85,68,40,25,MEDIUM
CUST002251,30,19042.79,634.7596666666667,7242.11,86,55,30,HIGH
CUST002252,19,22808.46,1200.4452631578947,12249.85,55,70,19,CRITICAL
CUST002253,22,18407.43,836.7013636363637,6947.32,65,50,22,HIGH
CUST002254,27,11433.67,423.4692592592593,1935.55,71,40,27,MEDIUM
CUST002255,38,23092.59,607.6997368421053,2242.55,96,40,38,MEDIUM
CUST002256,15,10885.89,725.726,2821.74,42,40,15,MEDIUM
CUST002257,25,22890.8,915.632,6041.85,94,100,25,CRITICAL
CUST002258,18,9682.89,537.9383333333333,2135.5,51,40,18,MEDIUM
CUST002259,24,11757.31,489.8879166666666,2077.2,61,40,24,MEDIUM
CUST002260,26,18280.38,703.0915384615384,2988.21,66,40,26,MEDIUM
CUST002261,27,14171.29,524.8625925925926,4052.68,69,40,27,MEDIUM
CUST002262,19,10140.42,533.7063157894737,1482.27,58,40,19,MEDIUM
CUST002263,25,13988.300000000001,559.532,4125.84,68,35,25,MEDIUM
CUST002264,25,20182.44,807.2976,4562.34,63,35,25,MEDIUM
CUST002265,15,9348.53,623.2353333333334,2756.8,41,40,15,MEDIUM
CUST002266,22,18205.85,827.5386363636363,3672.62,59,40,22,MEDIUM
CUST002267,26,13240.91,509.26576923076925,1644.83,69,40,26,MEDIUM
CUST002268,28,27875.52,995.5542857142857,4156.95,76,40,28,MEDIUM
CUST002269,23,17401.04,756.5669565217391,3460.81,60,40,23,MEDIUM
CUST002270,25,17358.75,694.35,2199.52,66,35,25,MEDIUM
CUST002271,22,9211.22,418.6918181818182,1800.07,66,40,22,MEDIUM
CUST002272,19,10513.63,553.348947368421,1636.9,54,40,19,MEDIUM
CUST002273,25,22295.54,891.8216,6387.54,73,50,25,HIGH
CUST002274,27,24626.53,912.0937037037037,13086.6,102,100,27,CRITICAL
CUST002275,21,12522.3,596.3,1766.32,53,35,21,MEDIUM
CUST002276,31,34289.75,1106.1209677419354,14461.92,88,55,31,HIGH
CUST002277,20,10574.6,528.73,1347.03,56,40,20,MEDIUM
CUST002278,21,13794.93,656.9014285714286,2000.93,56,40,21,MEDIUM
CUST002279,20,9721.05,486.05249999999995,1289.11,53,40,20,MEDIUM
CUST002280,29,13838.51,477.19,1996.04,77,40,29,MEDIUM
CUST002281,28,19022.97,679.3917857142858,2268.65,76,40,28,MEDIUM
CUST002282,27,47239.32,1749.6044444444444,16005.27,76,70,27,CRITICAL
CUST002283,30,30784.670000000002,1026.1556666666668,16383.99,82,55,30,HIGH
CUST002284,21,23012.56,1095.8361904761905,5617.45,56,50,21,HIGH
CUST002285,17,16866.62,992.1541176470588,6204.63,50,55,17,HIGH
CUST002286,27,21500.2,796.3037037037037,2579.72,68,35,27,MEDIUM
CUST002287,17,14054.390000000001,826.7288235294118,4654.68,49,40,17,MEDIUM
CUST002288,27,11322.960000000001,419.36888888888893,1423.75,74,40,27,MEDIUM
CUST002289,30,16913.91,563.797,2323.22,88,40,30,MEDIUM
CUST002290,24,12159.49,506.6454166666667,1722.35,67,40,24,MEDIUM
CUST002291,17,6841.2,402.4235294117647,1551.61,41,35,17,MEDIUM
CUST002292,15,12137.4,809.16,3098.2,40,35,15,MEDIUM
CUST002293,28,13884.09,495.86035714285714,1452.08,77,40,28,MEDIUM
CUST002294,21,12186.47,580.3080952380952,2733.94,53,40,21,MEDIUM
CUST002295,24,12790.74,532.9475,1772.37,63,40,24,MEDIUM
CUST002296,25,17824.85,712.9939999999999,4724.01,67,40,25,MEDIUM
CUST002297,24,11524.02,480.1675,2086.42,67,40,24,MEDIUM
CUST002298,21,25717.34,1224.635238095238,11600.48,60,55,21,HIGH
CUST002299,24,29129.04,1213.71,19267.74,67,70,24,CRITICAL
CUST002300,25,9572.33,382.8932,1599.76,91,55,25,HIGH
CUST002301,25,21942.71,877.7084,7384.11,65,50,25,HIGH
CUST002302,34,20647.43,607.2773529411764,5106.27,94,55,34,HIGH
CUST002303,34,26975.02,793.3829411764706,8329.44,95,70,34,CRITICAL
CUST002304,33,27286.56,826.8654545454546,2889.8,84,40,33,MEDIUM
CUST002305,26,9707.36,373.36,1372.62,92,50,26,HIGH
CUST002306,21,13852.64,659.6495238095238,2809.42,56,40,21,MEDIUM
CUST002307,19,11491.59,604.8205263157895,2023.42,53,40,19,MEDIUM
CUST002308,22,10789.130000000001,490.415,2171.79,60,40,22,MEDIUM
CUST002309,21,19184.59,913.5519047619048,5066.93,61,60,21,HIGH
CUST002310,17,13052.34,767.7847058823529,2810.58,47,40,17,MEDIUM
CUST002311,28,27162.96,970.1057142857143,5490.85,80,55,28,HIGH
CUST002312,27,17652.53,653.7974074074074,2863.36,70,40,27,MEDIUM
CUST002313,22,24913.21,1132.4186363636363,6990.85,63,55,22,HIGH
CUST002314,27,22754.01,842.7411111111111,5564.57,80,50,27,HIGH
CUST002315,35,33209.53,948.8437142857142,11252.38,91,55,35,HIGH
CUST002316,30,24282.31,809.4103333333334,10755.05,84,50,30,HIGH
CUST002317,23,17882.38,777.4947826086957,2604.14,84,55,23,HIGH
CUST002318,22,11259.22,511.78272727272724,5011.5,63,55,22,HIGH
CUST002319,16,22093.63,1380.851875,4250.08,48,40,16,MEDIUM
CUST002320,19,22791.190000000002,1199.5363157894737,4519.76,55,40,19,MEDIUM
CUST002321,20,7649.14,382.457,2195.88,57,40,20,MEDIUM
CUST002322,20,16021.380000000001,801.0690000000001,2699.55,56,40,20,MEDIUM
CUST002323,28,26328.85,940.3160714285714,3588.09,72,40,28,MEDIUM
CUST002324,25,12115.18,484.60720000000003,2104.15,73,40,25,MEDIUM
CUST002325,24,25005.5,1041.8958333333333,7488.25,65,65,24,HIGH
CUST002326,31,22784.54,734.9851612903226,6130.48,85,50,31,HIGH
CUST002327,37,29905.6,808.2594594594594,5555.48,103,50,37,HIGH
CUST002328,30,12184.44,406.148,1639.93,79,40,30,MEDIUM
CUST002329,26,24839.79,955.3765384615385,6266.0,72,60,26,HIGH
CUST002330,25,15857.91,634.3164,6035.01,70,55,25,HIGH
CUST002331,21,23135.54,1101.692380952381,6707.9,53,50,21,HIGH
CUST002332,13,8729.21,671.4776923076922,3124.43,37,40,13,MEDIUM
CUST002333,30,26627.98,887.5993333333333,13875.73,81,70,30,CRITICAL
CUST002334,29,20022.01,690.4141379310345,2231.02,73,35,29,MEDIUM
CUST002335,22,16728.97,760.4077272727274,4142.82,82,55,22,HIGH
CUST002336,22,14901.64,677.3472727272728,5332.01,81,65,22,HIGH
CUST002337,24,39749.39,1656.2245833333334,25005.33,62,65,24,HIGH
CUST002338,26,18937.53,728.3665384615384,3303.27,66,40,26,MEDIUM
CUST002339,29,15716.05,541.9327586206896,3921.27,83,40,29,MEDIUM
CUST002340,23,24488.989999999998,1064.7386956521739,5630.36,61,50,23,HIGH
CUST002341,23,13779.699999999999,599.1173913043477,2864.41,60,35,23,MEDIUM
CUST002342,27,13151.99,487.1107407407407,3166.32,100,50,27,HIGH
CUST002343,22,24515.87,1114.3577272727273,6569.58,62,60,22,HIGH
CUST002344,23,33051.72,1437.031304347826,7484.06,63,55,23,HIGH
CUST002345,23,15394.039999999999,669.3060869565217,5337.11,66,70,23,CRITICAL
CUST002346,15,8754.82,583.6546666666667,1839.9,38,40,15,MEDIUM
CUST002347,22,20935.06,951.5936363636364,3744.76,59,40,22,MEDIUM
CUST002348,28,21695.93,774.8546428571428,3507.88,75,40,28,MEDIUM
CUST002349,25,46261.380000000005,1850.4552,32791.78,93,80,25,CRITICAL
CUST002350,25,13313.78,532.5512,2381.79,66,40,25,MEDIUM
CUST002351,20,10218.61,510.93050000000005,2054.64,62,40,20,MEDIUM
CUST002352,19,13891.38,731.1252631578947,3119.65,51,40,19,MEDIUM
CUST002353,27,15750.1,583.337037037037,3422.65,74,40,27,MEDIUM
CUST002354,24,17247.16,718.6316666666667,3136.85,64,40,24,MEDIUM
CUST002355,22,11747.83,533.9922727272727,2215.9,57,40,22,MEDIUM
CUST002356,23,23339.5,1014.7608695652174,5933.18,62,55,23,HIGH
CUST002357,31,15397.53,496.69451612903225,2228.7,86,40,31,MEDIUM
CUST002358,15,6429.7,428.64666666666665,2316.97,37,35,15,MEDIUM
CUST002359,16,9479.74,592.48375,1540.52,40,35,16,MEDIUM
CUST002360,24,23470.32,977.93,5947.99,65,50,24,HIGH
CUST002361,26,26126.14,1004.8515384615384,6033.53,72,55,26,HIGH
CUST002362,21,16645.09,792.6233333333333,2307.34,79,50,21,HIGH
CUST002363,19,50057.19,2634.588947368421,30019.68,57,65,19,HIGH
CUST002364,15,9979.69,665.3126666666667,2381.3,40,35,15,MEDIUM
CUST002365,14,11842.28,845.8771428571429,3771.26,36,35,14,MEDIUM
CUST002366,29,20382.68,702.8510344827587,6363.27,74,50,29,HIGH
CUST002367,20,14969.39,748.4694999999999,4188.11,49,40,20,MEDIUM
CUST002368,24,16779.91,699.1629166666667,3194.7,60,40,24,MEDIUM
CUST002369,27,22456.239999999998,831.7125925925925,7454.21,66,50,27,HIGH
CUST002370,18,12877.85,715.4361111111111,4581.39,47,35,18,MEDIUM
CUST002371,27,14719.599999999999,545.1703703703703,2621.84,73,40,27,MEDIUM
CUST002372,22,17902.1,813.7318181818181,3573.73,57,40,22,MEDIUM
CUST002373,23,16562.37,720.1030434782608,2923.64,66,40,23,MEDIUM
CUST002374,22,28627.0,1301.2272727272727,7368.58,59,55,22,HIGH
CUST002375,26,22582.55,868.5596153846153,7592.71,70,60,26,HIGH
CUST002376,26,16738.59,643.7919230769231,3503.67,69,40,26,MEDIUM
CUST002377,24,25667.879999999997,1069.495,9235.8,64,65,24,HIGH
CUST002378,22,10500.44,477.2927272727273,2297.53,36,20,0,LOW
CUST002379,16,5459.17,341.198125,951.2,44,40,16,MEDIUM
CUST002380,19,11855.75,623.9868421052631,2361.63,51,40,19,MEDIUM
CUST002381,20,20447.41,1022.3705,8396.24,56,65,20,HIGH
CUST002382,24,19459.65,810.81875,7069.53,67,55,24,HIGH
CUST002383,18,9723.41,540.1894444444445,2369.09,46,40,18,MEDIUM
CUST002384,20,10256.53,512.8265,3670.64,54,40,20,MEDIUM
CUST002385,22,12226.55,555.7522727272727,2847.43,59,40,22,MEDIUM
CUST002386,21,21402.89,1019.1852380952381,5226.9,79,60,21,HIGH
CUST002387,21,8597.65,409.41190476190474,1987.52,64,40,21,MEDIUM
CUST002388,31,52998.07,1709.6151612903225,16536.24,83,50,31,HIGH
CUST002389,27,15949.38,590.7177777777778,2544.23,72,40,27,MEDIUM
CUST002390,23,10419.25,453.0108695652174,1477.14,62,40,23,MEDIUM
CUST002391,17,12485.42,734.4364705882354,6722.2,42,50,17,HIGH
CUST002392,16,8703.29,543.955625,1844.0,42,40,16,MEDIUM
CUST002393,26,15520.300000000001,596.9346153846154,3034.8,62,40,26,MEDIUM
CUST002394,26,12177.33,468.3588461538462,3238.63,69,40,26,MEDIUM
CUST002395,30,25250.34,841.678,7359.59,86,60,30,HIGH
CUST002396,26,16317.46,627.5946153846154,2519.08,72,40,26,MEDIUM
CUST002397,25,13808.720000000001,552.3488000000001,3145.27,68,40,25,MEDIUM
CUST002398,30,15036.76,501.22533333333337,2911.36,87,40,30,MEDIUM
CUST002399,29,16977.2,585.4206896551724,1940.4,78,40,29,MEDIUM
CUST002400,23,12260.1,533.0478260869565,3118.57,87,55,23,HIGH
CUST002401,23,21292.86,925.7765217391304,6243.37,61,55,23,HIGH
CUST002402,28,18694.68,667.6671428571428,4142.62,73,50,28,HIGH
CUST002403,35,47094.63,1345.560857142857,8478.32,101,70,35,CRITICAL
CUST002404,20,17901.63,895.0815,5059.8,57,50,20,HIGH
CUST002405,33,22831.85,691.8742424242424,3114.44,82,35,33,MEDIUM
CUST002406,16,10821.279999999999,676.3299999999999,3646.41,41,35,16,MEDIUM
CUST002407,22,16839.46,765.43,7626.5,58,50,22,HIGH
CUST002408,28,21531.47,768.9810714285715,4830.47,81,40,28,MEDIUM
CUST002409,28,14282.05,510.07321428571424,3466.34,70,40,28,MEDIUM
CUST002410,25,16935.54,677.4216,7741.32,68,50,25,HIGH
CUST002411,31,19016.6,613.4387096774193,3463.21,89,40,31,MEDIUM
CUST002412,20,10889.16,544.458,2689.87,58,40,20,MEDIUM
CUST002413,24,13637.66,568.2358333333333,2511.99,60,35,24,MEDIUM
CUST002414,21,9367.15,446.0547619047619,2747.52,79,55,21,HIGH
CUST002415,29,25061.44,864.1875862068965,3914.85,80,40,29,MEDIUM
CUST002416,25,29658.53,1186.3411999999998,4975.34,96,55,25,HIGH
CUST002417,20,17175.55,858.7774999999999,2839.19,56,40,20,MEDIUM
CUST002418,20,17550.39,877.5195,6426.12,48,50,20,HIGH
CUST002419,29,14920.91,514.5141379310345,2667.14,77,40,29,MEDIUM
CUST002420,23,16842.03,732.2621739130434,2151.35,61,40,23,MEDIUM
CUST002421,30,20061.6,668.7199999999999,3733.96,86,40,30,MEDIUM
CUST002422,32,35379.57,1105.6115625,7981.32,87,55,32,HIGH
CUST002423,23,12162.66,528.8113043478261,2729.85,66,40,23,MEDIUM
CUST002424,25,18450.46,738.0183999999999,3220.58,67,40,25,MEDIUM
CUST002425,27,18518.91,685.8855555555556,3082.41,72,40,27,MEDIUM
CUST002426,18,7538.23,418.79055555555556,1590.23,61,50,18,HIGH
CUST002427,30,32147.32,1071.5773333333334,8940.01,85,65,30,HIGH
CUST002428,29,16614.79,572.9237931034484,4467.19,78,40,29,MEDIUM
CUST002429,20,12194.56,609.728,1691.16,58,40,20,MEDIUM
CUST002430,20,16038.73,801.9365,2351.92,54,40,20,MEDIUM
CUST002431,17,13704.95,806.1735294117648,7836.77,44,50,17,HIGH
CUST002432,23,14675.519999999999,638.0660869565216,2193.7,65,40,23,MEDIUM
CUST002433,14,14682.06,1048.7185714285713,4145.92,52,50,14,HIGH
CUST002434,25,10733.83,429.3532,1587.91,67,40,25,MEDIUM
CUST002435,20,21751.26,1087.5629999999999,4960.53,52,40,20,MEDIUM
CUST002436,20,11565.4,578.27,2738.05,57,40,20,MEDIUM
CUST002437,25,16110.22,644.4087999999999,2678.93,64,40,25,MEDIUM
CUST002438,28,25687.06,917.3950000000001,6168.56,104,65,28,HIGH
CUST002439,24,12787.37,532.8070833333334,2450.41,66,40,24,MEDIUM
CUST002440,19,8965.16,471.85052631578947,1312.87,51,40,19,MEDIUM
CUST002441,29,16834.21,580.49,1875.18,84,40,29,MEDIUM
CUST002442,25,24624.260000000002,984.9704,6339.25,91,70,25,CRITICAL
CUST002443,30,21254.95,708.4983333333333,3827.12,78,40,30,MEDIUM
CUST002444,21,10655.45,507.402380952381,2081.23,79,50,21,HIGH
CUST002445,17,11692.220000000001,687.7776470588236,3367.78,47,40,17,MEDIUM
CUST002446,25,16131.75,645.27,3797.78,61,40,25,MEDIUM
CUST002447,27,12034.09,445.707037037037,2228.42,73,40,27,MEDIUM
CUST002448,13,13467.87,1035.99,9031.77,38,50,13,HIGH
CUST002449,24,17323.97,721.8320833333333,4739.19,65,40,24,MEDIUM
CUST002450,26,13979.58,537.6761538461539,3094.15,69,40,26,MEDIUM
CUST002451,27,24749.07,916.6322222222223,3365.38,96,55,27,HIGH
CUST002452,33,9232.24,279.76484848484847,1469.51,85,40,33,MEDIUM
CUST002453,32,24352.16,761.005,3097.66,85,40,32,MEDIUM
CUST002454,23,23271.1,1011.7869565217391,4868.48,64,40,23,MEDIUM
CUST002455,16,8350.5,521.90625,1384.11,43,40,16,MEDIUM
CUST002456,21,15726.14,748.8638095238096,2774.09,59,40,21,MEDIUM
CUST002457,21,17518.559999999998,834.2171428571428,2955.72,59,40,21,MEDIUM
CUST002458,25,11853.5,474.14,1686.64,65,40,25,MEDIUM
CUST002459,20,16918.02,845.9010000000001,5666.55,56,50,20,HIGH
CUST002460,28,18647.8,665.9928571428571,3888.12,75,40,28,MEDIUM
CUST002461,35,34865.770000000004,996.1648571428573,4914.86,95,40,35,MEDIUM
CUST002462,15,29605.81,1973.7206666666668,7196.39,46,70,15,CRITICAL
CUST002463,20,13162.460000000001,658.123,2581.54,53,40,20,MEDIUM
CUST002464,26,11330.539999999999,435.78999999999996,1949.42,63,40,26,MEDIUM
CUST002465,22,31079.06,1412.6845454545455,8050.22,110,95,22,CRITICAL
CUST002466,21,36095.229999999996,1718.820476190476,12762.83,60,70,21,CRITICAL
CUST002467,18,9857.2,547.6222222222223,2846.36,50,40,18,MEDIUM
CUST002468,18,13286.04,738.1133333333333,2183.05,42,35,18,MEDIUM
CUST002469,32,26641.2,832.5375,4235.09,94,40,32,MEDIUM
CUST002470,18,14157.24,786.5133333333333,6351.29,48,55,18,HIGH
CUST002471,17,13601.99,800.1170588235294,4557.3,47,40,17,MEDIUM
CUST002472,42,20810.12,495.4790476190476,2268.45,106,40,42,MEDIUM
CUST002473,23,13361.75,580.945652173913,2380.99,60,40,23,MEDIUM
CUST002474,20,15295.65,764.7825,3751.7,51,35,20,MEDIUM
CUST002475,25,13687.27,547.4908,3107.66,66,40,25,MEDIUM
CUST002476,16,13968.42,873.02625,4709.4,59,50,16,HIGH
CUST002477,13,5070.75,390.0576923076923,1199.09,36,40,13,MEDIUM
CUST002478,25,12618.929999999998,504.75719999999995,4137.99,70,40,25,MEDIUM
CUST002479,31,22638.67,730.2796774193548,3763.34,85,40,31,MEDIUM
CUST002480,27,33814.92,1252.4044444444444,13660.96,72,50,27,HIGH
CUST002481,23,14212.59,617.9386956521739,2145.67,55,35,23,MEDIUM
CUST002482,23,20228.45,879.4978260869566,3884.91,58,40,23,MEDIUM
CUST002483,18,8629.56,479.41999999999996,1207.15,51,40,18,MEDIUM
CUST002484,37,31086.2,840.1675675675676,6328.79,100,60,37,HIGH
CUST002485,26,10977.7,422.2192307692308,1432.49,68,35,26,MEDIUM
CUST002486,18,18255.04,1014.1688888888889,6800.22,46,50,18,HIGH
CUST002487,24,14832.41,618.0170833333333,2886.59,87,50,24,HIGH
CUST002488,24,19287.829999999998,803.6595833333332,3384.67,64,40,24,MEDIUM
CUST002489,27,27192.25,1007.1203703703703,17439.02,79,65,27,HIGH
CUST002490,15,7914.8,527.6533333333333,1130.8,42,40,15,MEDIUM
CUST002491,28,18033.72,644.0614285714286,3677.75,78,40,28,MEDIUM
CUST002492,29,24627.19,849.213448275862,3085.13,69,35,29,MEDIUM
CUST002493,15,10896.92,726.4613333333333,6442.58,45,55,15,HIGH
CUST002494,18,13976.96,776.4977777777777,2135.91,48,40,18,MEDIUM
CUST002495,26,13190.31,507.31961538461536,1960.78,68,40,26,MEDIUM
CUST002496,26,13492.1,518.9269230769231,2539.19,69,40,26,MEDIUM
CUST002497,22,11090.41,504.10954545454547,2904.24,59,35,22,MEDIUM
CUST002498,29,28815.7,993.6448275862069,12207.17,80,55,29,HIGH
CUST002499,27,16967.78,628.4362962962963,3083.58,77,40,27,MEDIUM
CUST002500,25,24880.43,995.2172,6825.69,73,65,25,HIGH
CUST002501,18,10904.54,605.8077777777778,2771.51,49,40,18,MEDIUM
CUST002502,21,13980.130000000001,665.7204761904762,3489.29,54,40,21,MEDIUM
CUST002503,18,15902.15,883.4527777777778,2724.47,46,40,18,MEDIUM
CUST002504,28,26306.829999999998,939.5296428571428,7827.87,76,50,28,HIGH
CUST002505,27,23168.3,858.0851851851852,5286.21,69,50,27,HIGH
CUST002506,29,14409.68,496.8855172413793,2619.66,83,40,29,MEDIUM
CUST002507,26,22907.68,881.0646153846154,4767.92,70,40,26,MEDIUM
CUST002508,26,20998.11,807.6196153846154,4534.6,68,40,26,MEDIUM
CUST002509,21,21637.77,1030.3700000000001,6704.96,58,60,21,HIGH
CUST002510,30,28011.25,933.7083333333334,6882.36,83,50,30,HIGH
CUST002511,20,21992.899999999998,1099.645,6063.17,54,55,20,HIGH
CUST002512,14,7502.15,535.8678571428571,2048.81,42,40,14,MEDIUM
CUST002513,28,16538.63,590.6653571428571,2048.21,73,40,28,MEDIUM
CUST002514,22,14515.13,659.7786363636363,2790.01,62,40,22,MEDIUM
CUST002515,20,23598.38,1179.919,10876.97,55,50,20,HIGH
CUST002516,21,17955.85,855.0404761904762,6899.86,59,70,21,CRITICAL
CUST002517,23,14219.24,618.2278260869565,3922.48,64,40,23,MEDIUM
CUST002518,25,19098.28,763.9312,4461.41,62,35,25,MEDIUM
CUST002519,29,26624.98,918.1027586206897,4245.21,74,40,29,MEDIUM
CUST002520,27,18412.27,681.935925925926,2430.3,73,40,27,MEDIUM
CUST002521,21,15012.689999999999,714.89,2572.16,54,40,21,MEDIUM
CUST002522,22,11279.86,512.7209090909091,3589.87,62,40,22,MEDIUM
CUST002523,19,10778.9,567.3105263157895,1959.3,53,40,19,MEDIUM
CUST002524,36,31587.4,877.4277777777778,5473.07,103,55,36,HIGH
CUST002525,20,11960.48,598.024,2538.51,72,50,20,HIGH
CUST002526,29,15373.68,530.1268965517241,3526.36,78,40,29,MEDIUM
CUST002527,30,19441.09,648.0363333333333,5658.96,85,55,30,HIGH
CUST002528,32,19900.32,621.885,1910.58,85,40,32,MEDIUM
CUST002529,16,8754.83,547.176875,3398.68,40,40,16,MEDIUM
CUST002530,30,14209.01,473.63366666666667,1994.63,78,40,30,MEDIUM
CUST002531,21,12368.390000000001,588.9709523809524,5153.84,57,55,21,HIGH
CUST002532,27,21409.18,792.9325925925926,4255.29,71,40,27,MEDIUM
CUST002533,26,15026.17,577.9296153846154,3501.68,71,40,26,MEDIUM
CUST002534,24,13744.57,572.6904166666667,2999.91,67,40,24,MEDIUM
CUST002535,24,16465.32,686.055,3882.54,66,40,24,MEDIUM
CUST002536,18,12430.93,690.6072222222223,3135.22,46,40,18,MEDIUM
CUST002537,30,16117.18,537.2393333333333,2392.99,74,35,30,MEDIUM
CUST002538,24,12160.27,506.6779166666667,1651.06,61,35,24,MEDIUM
CUST002539,26,12241.32,470.82,1877.73,69,40,26,MEDIUM
CUST002540,33,44488.71,1348.1427272727271,6170.37,126,60,33,HIGH
CUST002541,28,33117.98,1182.785,6664.43,75,50,28,HIGH
CUST002542,22,27007.3,1227.6045454545454,6139.03,58,55,22,HIGH
CUST002543,19,10173.12,535.4273684210526,3513.45,25,20,0,LOW
CUST002544,28,15747.640000000001,562.4157142857143,2415.8,78,40,28,MEDIUM
CUST002545,28,15143.19,540.8282142857144,3612.84,72,40,28,MEDIUM
CUST002546,24,21220.63,884.1929166666667,3315.18,62,40,24,MEDIUM
CUST002547,25,20847.34,833.8936,6041.34,71,50,25,HIGH
CUST002548,22,14518.69,659.9404545454546,2658.57,59,40,22,MEDIUM
CUST002549,23,19918.81,866.0352173913044,7210.83,59,50,23,HIGH
CUST002550,30,14966.14,498.8713333333333,3379.96,79,40,30,MEDIUM
CUST002551,34,25540.71,751.1973529411764,5989.62,88,50,34,HIGH
CUST002552,28,9931.14,354.6835714285714,2106.56,73,40,28,MEDIUM
CUST002553,30,22362.81,745.427,6058.41,88,55,30,HIGH
CUST002554,27,22355.56,827.9837037037038,5583.84,74,65,27,HIGH
CUST002555,21,11844.27,564.0128571428571,2996.39,60,40,21,MEDIUM
CUST002556,25,13344.6,533.784,2738.8,64,40,25,MEDIUM
CUST002557,22,13236.4,601.6545454545454,3521.29,57,40,22,MEDIUM
CUST002558,14,8681.68,620.12,2508.9,35,35,14,MEDIUM
CUST002559,27,17336.13,642.078888888889,3807.55,69,40,27,MEDIUM
CUST002560,25,16558.14,662.3256,3690.67,63,40,25,MEDIUM
CUST002561,25,25768.52,1030.7408,7541.4,93,70,25,CRITICAL
CUST002562,25,16107.59,644.3036,4080.58,70,40,25,MEDIUM
CUST002563,21,5671.9,270.0904761904762,768.01,56,40,21,MEDIUM
CUST002564,15,25036.3,1669.0866666666666,12286.32,42,65,15,HIGH
CUST002565,28,17381.61,620.7717857142858,2466.16,74,40,28,MEDIUM
CUST002566,20,13515.15,675.7574999999999,3483.42,57,40,20,MEDIUM
CUST002567,15,10378.17,691.878,4310.75,40,40,15,MEDIUM
CUST002568,18,20062.57,1114.5872222222222,8731.11,54,75,18,CRITICAL
CUST002569,23,13590.800000000001,590.904347826087,2391.8,62,40,23,MEDIUM
CUST002570,23,12774.84,555.4278260869565,1908.24,62,40,23,MEDIUM
CUST002571,25,25771.12,1030.8447999999999,8545.29,72,65,25,HIGH
CUST002572,28,20666.3,738.0821428571428,4529.17,76,40,28,MEDIUM
CUST002573,31,13289.42,428.6909677419355,4172.94,78,40,31,MEDIUM
CUST002574,17,13448.460000000001,791.0858823529412,3388.72,42,40,17,MEDIUM
CUST002575,15,2285.43,152.362,666.08,40,40,15,MEDIUM
CUST002576,20,13294.42,664.721,2707.95,50,35,20,MEDIUM
CUST002577,20,9912.16,495.608,2001.69,55,40,20,MEDIUM
CUST002578,21,13520.39,643.8280952380952,7606.88,51,50,21,HIGH
CUST002579,17,51463.25,3027.25,41764.88,49,75,17,CRITICAL
CUST002580,30,15001.55,500.0516666666666,2170.13,82,40,30,MEDIUM
CUST002581,25,14652.980000000001,586.1192000000001,5826.31,67,50,25,HIGH
CUST002582,24,24493.17,1020.5487499999999,11271.28,64,70,24,CRITICAL
CUST002583,22,14801.7,672.8045454545455,4944.6,82,55,22,HIGH
CUST002584,18,15272.53,848.473888888889,4107.31,47,40,18,MEDIUM
CUST002585,19,11055.51,581.8689473684211,3042.8,55,50,19,HIGH
CUST002586,24,23756.54,989.8558333333334,6843.51,62,55,24,HIGH
CUST002587,24,21596.99,899.8745833333334,5843.46,68,55,24,HIGH
CUST002588,23,10219.8,444.3391304347826,1432.16,57,40,23,MEDIUM
CUST002589,23,13734.87,597.1682608695653,2004.39,86,55,23,HIGH
CUST002590,18,6107.96,339.3311111111111,1224.81,49,40,18,MEDIUM
CUST002591,22,11971.9,544.1772727272727,2757.48,58,40,22,MEDIUM
CUST002592,29,13316.06,459.1744827586207,4091.1,111,55,29,HIGH
CUST002593,30,19162.75,638.7583333333333,3907.66,77,40,30,MEDIUM
CUST002594,28,24813.93,886.2117857142857,4667.73,75,35,28,MEDIUM
CUST002595,22,10329.03,469.5013636363637,1923.18,59,40,22,MEDIUM
CUST002596,26,33857.93,1302.228076923077,5342.51,74,60,26,HIGH
CUST002597,16,9939.89,621.243125,1900.04,63,55,16,HIGH
CUST002598,24,19009.67,792.0695833333333,4661.2,66,40,24,MEDIUM
CUST002599,26,22982.36,883.9369230769231,7395.81,101,60,26,HIGH
CUST002600,30,11380.39,379.3463333333333,1628.18,82,40,30,MEDIUM
CUST002601,28,18709.12,668.1828571428571,3500.61,74,40,28,MEDIUM
CUST002602,22,11411.12,518.6872727272728,1593.4,54,40,22,MEDIUM
CUST002603,24,11923.52,496.81333333333333,1641.26,67,40,24,MEDIUM
CUST002604,28,13827.35,493.8339285714286,2847.93,80,40,28,MEDIUM
CUST002605,26,32254.41,1240.5542307692308,14354.48,73,70,26,CRITICAL
CUST002606,25,20605.62,824.2248,5152.34,69,55,25,HIGH
CUST002607,19,7730.25,406.85526315789474,2058.19,50,40,19,MEDIUM
CUST002608,28,23662.8,845.1,6739.87,75,50,28,HIGH
CUST002609,15,7999.27,533.2846666666667,1577.47,21,20,0,LOW
CUST002610,23,15526.25,675.054347826087,3224.32,63,40,23,MEDIUM
CUST002611,30,23760.62,792.0206666666667,4048.21,76,40,30,MEDIUM
CUST002612,24,21553.5,898.0625,3988.63,65,40,24,MEDIUM
CUST002613,17,4147.27,243.95705882352945,687.86,53,40,17,MEDIUM
CUST002614,18,17444.34,969.13,7699.46,49,50,18,HIGH
CUST002615,25,18796.14,751.8456,7589.18,71,55,25,HIGH
CUST002616,24,11590.69,482.9454166666667,1737.06,66,40,24,MEDIUM
CUST002617,20,12599.06,629.953,3079.02,76,50,20,HIGH
CUST002618,31,17953.94,579.1593548387096,3653.97,87,40,31,MEDIUM
CUST002619,24,21831.01,909.6254166666666,11097.41,89,65,24,HIGH
CUST002620,25,12711.630000000001,508.46520000000004,3807.26,88,55,25,HIGH
CUST002621,26,24340.670000000002,936.1796153846154,7135.93,63,55,26,HIGH
CUST002622,25,15389.4,615.576,2933.21,65,40,25,MEDIUM
CUST002623,20,11046.68,552.3340000000001,2702.56,56,40,20,MEDIUM
CUST002624,14,16212.01,1158.0007142857144,4517.32,53,55,14,HIGH
CUST002625,23,16270.31,707.4047826086957,2904.42,66,40,23,MEDIUM
CUST002626,26,18274.93,702.881923076923,4025.2,71,40,26,MEDIUM
CUST002627,19,8906.58,468.76736842105265,2228.43,52,40,19,MEDIUM
CUST002628,24,10600.06,441.6691666666666,3177.49,63,50,24,HIGH
CUST002629,28,19967.11,713.1110714285714,5836.57,103,65,28,HIGH
CUST002630,19,18115.01,953.4215789473683,6221.67,51,50,19,HIGH
CUST002631,26,16140.1,620.7730769230769,2790.03,76,40,26,MEDIUM
CUST002632,26,16132.83,620.4934615384616,5739.68,68,50,26,HIGH
CUST002633,19,8938.51,470.4478947368421,3180.34,70,50,19,HIGH
CUST002634,28,13863.17,495.11321428571426,3641.98,78,40,28,MEDIUM
CUST002635,18,15437.880000000001,857.6600000000001,6136.64,70,80,18,CRITICAL
CUST002636,23,15264.48,663.6730434782609,2321.63,61,40,23,MEDIUM
CUST002637,18,21041.8,1168.9888888888888,4958.74,67,55,18,HIGH
CUST002638,28,14006.79,500.2425,2131.56,72,40,28,MEDIUM
CUST002639,30,28101.79,936.7263333333334,5435.08,84,50,30,HIGH
CUST002640,25,19979.91,799.1964,3756.98,64,40,25,MEDIUM
CUST002641,24,12013.67,500.56958333333336,1818.07,65,35,24,MEDIUM
CUST002642,21,23587.71,1123.2242857142858,6640.15,57,55,21,HIGH
CUST002643,18,13547.47,752.6372222222221,3802.89,52,40,18,MEDIUM
CUST002644,26,16230.0,624.2307692307693,5113.7,70,55,26,HIGH
CUST002645,16,13201.75,825.109375,5120.1,43,55,16,HIGH
CUST002646,35,35320.92,1009.1691428571428,16077.51,99,55,35,HIGH
CUST002647,20,19703.6,985.18,5001.15,55,55,20,HIGH
CUST002648,29,21373.15,737.0051724137932,6869.64,80,55,29,HIGH
CUST002649,20,11441.64,572.082,3849.55,52,40,20,MEDIUM
CUST002650,26,15274.28,587.4723076923077,2435.01,72,40,26,MEDIUM
CUST002651,26,14801.07,569.271923076923,3234.24,70,40,26,MEDIUM
CUST002652,28,23677.46,845.6235714285714,5872.78,76,50,28,HIGH
CUST002653,20,5590.66,279.533,761.75,53,40,20,MEDIUM
CUST002654,30,35677.810000000005,1189.2603333333334,9692.35,79,80,30,CRITICAL
CUST002655,28,20665.65,738.0589285714286,6612.3,76,65,28,HIGH
CUST002656,19,14384.3,757.0684210526315,5983.36,47,55,19,HIGH
CUST002657,21,14327.869999999999,682.2795238095238,2843.49,58,40,21,MEDIUM
CUST002658,18,14474.77,804.1538888888889,4892.25,46,40,18,MEDIUM
CUST002659,18,11717.28,650.96,2560.88,48,35,18,MEDIUM
CUST002660,20,34028.259999999995,1701.4129999999998,11982.23,74,65,20,HIGH
CUST002661,22,25202.16,1145.5527272727272,10895.87,55,50,22,HIGH
CUST002662,31,26565.96,856.9664516129031,8294.82,85,70,31,CRITICAL
CUST002663,17,18815.469999999998,1106.7923529411764,9052.72,50,65,17,HIGH
CUST002664,25,22990.760000000002,919.6304000000001,6308.8,73,75,25,CRITICAL
CUST002665,33,42563.02,1289.7884848484848,7616.06,93,55,33,HIGH
CUST002666,22,19412.88,882.4036363636365,9519.38,61,70,22,CRITICAL
CUST002667,36,33050.2,918.061111111111,4270.56,92,40,36,MEDIUM
CUST002668,19,6720.98,353.7357894736842,1450.52,51,40,19,MEDIUM
CUST002669,28,24511.0,875.3928571428571,5117.18,73,50,28,HIGH
CUST002670,15,8203.220000000001,546.8813333333334,1559.17,37,35,15,MEDIUM
CUST002671,25,24134.7,965.388,8117.6,68,65,25,HIGH
CUST002672,18,9578.56,532.1422222222222,1678.72,47,40,18,MEDIUM
CUST002673,31,18710.05,603.55,3835.97,87,40,31,MEDIUM
CUST002674,24,17587.44,732.81,5868.29,92,80,24,CRITICAL
CUST002675,15,10946.41,729.7606666666667,2592.84,40,40,15,MEDIUM
CUST002676,25,11080.14,443.2056,1663.4,62,40,25,MEDIUM
CUST002677,18,10513.81,584.1005555555555,1965.8,48,40,18,MEDIUM
CUST002678,22,15044.26,683.83,2929.74,57,35,22,MEDIUM
CUST002679,24,24039.829999999998,1001.6595833333332,6195.24,63,55,24,HIGH
CUST002680,21,12857.96,612.2838095238095,4477.8,51,40,21,MEDIUM
CUST002681,23,14456.42,628.54,2028.07,64,40,23,MEDIUM
CUST002682,30,14576.539999999999,485.88466666666665,2286.49,81,40,30,MEDIUM
CUST002683,24,14805.0,616.875,3993.2,85,50,24,HIGH
CUST002684,29,20547.78,708.5441379310345,3947.97,72,40,29,MEDIUM
CUST002685,20,19136.88,956.844,3839.59,55,40,20,MEDIUM
CUST002686,33,24358.9,738.1484848484849,4664.3,90,40,33,MEDIUM
CUST002687,24,19528.05,813.6687499999999,4351.15,56,40,24,MEDIUM
CUST002688,25,17557.71,702.3084,3122.75,99,50,25,HIGH
CUST002689,26,10839.55,416.9057692307692,2607.2,73,40,26,MEDIUM
CUST002690,29,34949.299999999996,1205.1482758620689,13646.41,83,55,29,HIGH
CUST002691,30,20154.11,671.8036666666667,4049.18,78,40,30,MEDIUM
CUST002692,30,21292.29,709.743,5025.45,78,50,30,HIGH
CUST002693,22,9149.32,415.8781818181818,2183.97,56,40,22,MEDIUM
CUST002694,27,45579.49,1688.1292592592592,33794.53,73,75,27,CRITICAL
CUST002695,21,11631.74,553.8923809523809,3392.97,58,40,21,MEDIUM
CUST002696,20,11261.01,563.0505,2719.17,46,35,20,MEDIUM
CUST002697,30,25024.96,834.1653333333333,4131.94,76,35,30,MEDIUM
CUST002698,23,16282.09,707.9169565217392,7314.19,91,70,23,CRITICAL
CUST002699,26,33422.020000000004,1285.4623076923078,13803.86,74,65,26,HIGH
CUST002700,18,14740.08,818.8933333333333,4799.3,49,40,18,MEDIUM
CUST002701,18,18404.719999999998,1022.4844444444443,8364.39,52,75,18,CRITICAL
CUST002702,26,11177.71,429.911923076923,1619.58,66,35,26,MEDIUM
CUST002703,24,13540.58,564.1908333333333,2251.68,65,40,24,MEDIUM
CUST002704,18,16440.43,913.3572222222223,3642.25,47,40,18,MEDIUM
CUST002705,31,54082.15,1744.585483870968,34780.84,83,60,31,HIGH
CUST002706,17,16317.0,959.8235294117648,9514.06,47,75,17,CRITICAL
CUST002707,21,32266.83,1536.5157142857145,6079.42,60,55,21,HIGH
CUST002708,19,15387.69,809.8784210526316,3005.67,47,40,19,MEDIUM
CUST002709,21,24082.1,1146.7666666666667,8236.08,63,80,21,CRITICAL
CUST002710,18,8694.77,483.0427777777778,2019.72,47,35,18,MEDIUM
CUST002711,11,13372.56,1215.6872727272728,6142.21,32,40,11,MEDIUM
CUST002712,27,20712.34,767.1237037037037,4121.54,73,40,27,MEDIUM
CUST002713,25,18938.09,757.5236,4653.17,65,40,25,MEDIUM
CUST002714,22,16179.09,735.4131818181818,2954.72,51,35,22,MEDIUM
CUST002715,26,27552.300000000003,1059.7038461538464,5674.39,69,50,26,HIGH
CUST002716,21,13593.019999999999,647.2866666666666,5699.16,54,50,21,HIGH
CUST002717,20,13007.6,650.38,4620.49,54,40,20,MEDIUM
CUST002718,22,13749.4,624.9727272727273,4349.69,58,40,22,MEDIUM
CUST002719,27,33314.21,1233.8596296296296,10420.46,98,65,27,HIGH
CUST002720,16,9817.82,613.61375,3541.02,56,55,16,HIGH
CUST002721,24,14167.22,590.3008333333333,3094.02,70,40,24,MEDIUM
CUST002722,24,14777.67,615.73625,2975.43,62,40,24,MEDIUM
CUST002723,23,29436.87,1279.8639130434783,14077.4,64,70,23,CRITICAL
CUST002724,20,17099.239999999998,854.9619999999999,8563.81,53,70,20,CRITICAL
CUST002725,24,18132.62,755.5258333333333,2002.21,69,40,24,MEDIUM
CUST002726,19,19252.09,1013.2678947368421,4114.59,53,40,19,MEDIUM
CUST002727,26,23620.45,908.4788461538462,8057.6,68,70,26,CRITICAL
CUST002728,24,17365.89,723.57875,3820.16,62,40,24,MEDIUM
CUST002729,27,29331.84,1086.3644444444444,5779.77,74,55,27,HIGH
CUST002730,26,8061.17,310.045,1428.73,70,40,26,MEDIUM
CUST002731,27,15105.59,559.4662962962963,5126.06,96,65,27,HIGH
CUST002732,26,13227.76,508.76,3026.49,70,40,26,MEDIUM
CUST002733,13,16224.62,1248.0476923076924,11152.17,31,35,13,MEDIUM
CUST002734,25,20212.89,808.5156,3065.55,69,40,25,MEDIUM
CUST002735,27,14496.48,536.9066666666666,1939.55,77,40,27,MEDIUM
CUST002736,21,30100.3,1433.347619047619,8650.26,61,70,21,CRITICAL
CUST002737,24,44535.58,1855.6491666666668,23884.15,67,55,24,HIGH
CUST002738,29,16107.16,555.4193103448276,2858.25,80,40,29,MEDIUM
CUST002739,21,16865.78,803.1323809523809,3762.03,53,40,21,MEDIUM
CUST002740,21,15213.07,724.4319047619048,3095.7,61,40,21,MEDIUM
CUST002741,18,19061.649999999998,1058.9805555555554,9763.13,48,85,18,CRITICAL
CUST002742,30,18209.63,606.9876666666667,5827.51,80,60,30,HIGH
CUST002743,19,10139.67,533.6668421052632,1977.3,47,35,19,MEDIUM
CUST002744,24,16127.98,671.9991666666666,2562.54,66,40,24,MEDIUM
CUST002745,16,9446.07,590.379375,1960.82,46,40,16,MEDIUM
CUST002746,27,24240.75,897.8055555555555,4167.3,65,40,27,MEDIUM
CUST002747,27,25634.96,949.442962962963,8299.89,74,65,27,HIGH
CUST002748,33,19951.19,604.5815151515151,4552.98,91,40,33,MEDIUM
CUST002749,17,9198.32,541.0776470588235,1789.22,46,40,17,MEDIUM
CUST002750,27,16504.37,611.2729629629629,3299.98,75,40,27,MEDIUM
CUST002751,19,14290.130000000001,752.1121052631579,4644.1,48,35,19,MEDIUM
CUST002752,21,16527.34,787.0161904761904,3764.69,60,40,21,MEDIUM
CUST002753,26,12873.32,495.1276923076923,2800.36,67,40,26,MEDIUM
CUST002754,19,11127.04,585.6336842105263,3682.04,55,40,19,MEDIUM
CUST002755,24,11727.18,488.6325,2087.69,59,40,24,MEDIUM
CUST002756,25,18410.95,736.438,3598.56,63,40,25,MEDIUM
CUST002757,26,20281.17,780.045,6540.65,75,55,26,HIGH
CUST002758,17,18555.39,1091.4935294117647,9409.2,47,80,17,CRITICAL
CUST002759,24,17428.89,726.20375,4459.73,64,40,24,MEDIUM
CUST002760,29,25160.11,867.59,3380.95,77,40,29,MEDIUM
CUST002761,18,12041.08,668.9488888888889,3155.57,27,20,0,LOW
CUST002762,23,15828.58,688.1991304347827,2809.34,66,40,23,MEDIUM
CUST002763,28,22932.82,819.0292857142857,6187.7,82,50,28,HIGH
CUST002764,26,10936.85,420.6480769230769,1785.85,70,40,26,MEDIUM
CUST002765,28,22641.53,808.6260714285714,6043.09,73,50,28,HIGH
CUST002766,28,20543.46,733.6949999999999,4768.66,70,40,28,MEDIUM
CUST002767,18,17879.03,993.2794444444444,6732.44,49,55,18,HIGH
CUST002768,27,15736.78,582.8437037037037,3072.38,76,40,27,MEDIUM
CUST002769,20,18386.31,919.3155,6913.57,53,55,20,HIGH
CUST002770,18,20436.739999999998,1135.3744444444444,10108.24,51,50,18,HIGH
CUST002771,19,14433.19,759.6415789473684,2421.0,53,40,19,MEDIUM
CUST002772,31,16188.33,522.2041935483871,2998.03,84,40,31,MEDIUM
CUST002773,31,25047.86,807.9954838709677,4971.87,81,40,31,MEDIUM
CUST002774,14,9375.56,669.6828571428571,1977.34,42,40,14,MEDIUM
CUST002775,29,19382.48,668.3613793103448,4111.83,78,40,29,MEDIUM
CUST002776,18,10950.01,608.3338888888889,1561.21,48,40,18,MEDIUM
CUST002777,24,13840.78,576.6991666666667,2769.64,70,40,24,MEDIUM
CUST002778,24,20976.4,874.0166666666668,3808.72,66,40,24,MEDIUM
CUST002779,16,7641.2,477.575,2324.01,48,40,16,MEDIUM
CUST002780,24,17757.2,739.8833333333333,4433.92,64,40,24,MEDIUM
CUST002781,28,12665.8,452.34999999999997,1940.44,75,40,28,MEDIUM
CUST002782,30,35658.689999999995,1188.6229999999998,9102.38,113,90,30,CRITICAL
CUST002783,26,13588.7,522.6423076923077,3322.03,67,40,26,MEDIUM
CUST002784,25,15948.71,637.9484,3377.6,64,40,25,MEDIUM
CUST002785,23,22058.22,959.053043478261,3733.76,86,50,23,HIGH
CUST002786,31,23246.3,749.8806451612903,3743.4,88,40,31,MEDIUM
CUST002787,21,9225.59,439.31380952380954,1452.62,52,40,21,MEDIUM
CUST002788,25,29517.24,1180.6896000000002,17015.86,65,65,25,HIGH
CUST002789,23,13544.18,588.8773913043478,1335.74,63,40,23,MEDIUM
CUST002790,17,13923.119999999999,819.0070588235294,2912.0,41,35,17,MEDIUM
CUST002791,27,17919.81,663.6966666666667,3884.87,75,40,27,MEDIUM
CUST002792,29,24763.98,853.9303448275862,3860.46,77,40,29,MEDIUM
CUST002793,19,15736.440000000002,828.2336842105265,9387.2,51,75,19,CRITICAL
CUST002794,14,4231.46,302.2471428571429,1095.69,52,55,14,HIGH
CUST002795,15,8025.77,535.0513333333333,2064.12,39,40,15,MEDIUM
CUST002796,31,15783.9,509.158064516129,2445.25,83,40,31,MEDIUM
CUST002797,28,17681.41,631.4789285714286,3385.62,78,40,28,MEDIUM
CUST002798,24,22593.329999999998,941.38875,13132.26,69,70,24,CRITICAL
CUST002799,20,10053.91,502.6955,1826.49,53,40,20,MEDIUM
CUST002800,28,14362.35,512.9410714285715,3210.59,76,40,28,MEDIUM
CUST002801,27,22143.22,820.1192592592593,4405.21,75,40,27,MEDIUM
CUST002802,22,9658.52,439.0236363636364,1904.13,59,40,22,MEDIUM
CUST002803,22,16601.14,754.5972727272728,3506.01,60,40,22,MEDIUM
CUST002804,29,16115.38,555.7027586206897,2186.12,77,40,29,MEDIUM
CUST002805,21,22841.94,1087.7114285714285,6112.57,61,55,21,HIGH
CUST002806,30,14927.52,497.584,2039.06,80,40,30,MEDIUM
CUST002807,23,7972.09,346.61260869565217,1020.37,89,55,23,HIGH
CUST002808,34,20238.31,595.2444117647059,3732.16,100,40,34,MEDIUM
CUST002809,18,22904.36,1272.4644444444446,8060.94,53,70,18,CRITICAL
CUST002810,15,5719.73,381.3153333333333,1163.26,25,15,0,LOW
CUST002811,26,16116.380000000001,619.8607692307693,5583.36,72,65,26,HIGH
CUST002812,29,20537.12,708.1765517241379,4951.12,81,40,29,MEDIUM
CUST002813,25,17950.21,718.0083999999999,3079.26,62,40,25,MEDIUM
CUST002814,25,10869.539999999999,434.78159999999997,1690.57,65,35,25,MEDIUM
CUST002815,20,12194.43,609.7215,2104.44,53,40,20,MEDIUM
CUST002816,16,10214.08,638.38,3329.45,40,40,16,MEDIUM
CUST002817,24,39237.44,1634.8933333333334,12956.62,71,55,24,HIGH
CUST002818,25,25926.28,1037.0511999999999,6724.79,69,55,25,HIGH
CUST002819,20,10914.2,545.71,4325.88,53,40,20,MEDIUM
CUST002820,24,14329.119999999999,597.0466666666666,2987.25,62,40,24,MEDIUM
CUST002821,33,15407.07,466.8809090909091,2168.75,85,35,33,MEDIUM
CUST002822,28,25823.36,922.2628571428571,5340.11,78,55,28,HIGH
CUST002823,33,41270.35,1250.6166666666666,9111.61,87,65,33,HIGH
CUST002824,27,19836.89,734.6996296296296,2952.76,74,40,27,MEDIUM
CUST002825,31,37747.68,1217.6670967741936,15680.61,85,55,31,HIGH
CUST002826,26,23330.77,897.3373076923077,4820.69,73,40,26,MEDIUM
CUST002827,24,19193.14,799.7141666666666,6578.1,63,55,24,HIGH
CUST002828,25,12714.27,508.5708,2568.91,67,40,25,MEDIUM
CUST002829,19,10093.84,531.2547368421052,3951.93,51,50,19,HIGH
CUST002830,21,27095.79,1290.2757142857142,14249.39,58,50,21,HIGH
CUST002831,22,5492.42,249.65545454545455,1281.39,57,40,22,MEDIUM
CUST002832,18,6170.0,342.77777777777777,1090.8,44,40,18,MEDIUM
CUST002833,24,11930.29,497.0954166666667,2151.17,67,40,24,MEDIUM
CUST002834,28,21266.89,759.5317857142857,3173.17,73,40,28,MEDIUM
CUST002835,17,5717.7,336.33529411764704,1266.5,43,40,17,MEDIUM
CUST002836,22,15956.369999999999,725.2895454545454,6825.84,57,65,22,HIGH
CUST002837,20,16687.9,834.3950000000001,3967.71,52,40,20,MEDIUM
CUST002838,25,24230.24,969.2096,10064.39,74,55,25,HIGH
CUST002839,23,47558.56,2067.7634782608693,25119.16,68,80,23,CRITICAL
CUST002840,29,41960.83,1446.9251724137932,12164.55,81,65,29,HIGH
CUST002841,22,19546.45,888.475,3684.77,60,40,22,MEDIUM
CUST002842,17,26427.39,1554.5523529411764,13776.04,47,55,17,HIGH
CUST002843,27,15093.53,559.0196296296297,2214.29,71,40,27,MEDIUM
CUST002844,18,6821.69,378.98277777777776,1522.8,53,40,18,MEDIUM
CUST002845,29,13689.7,472.0586206896552,2277.85,78,40,29,MEDIUM
CUST002846,23,19778.829999999998,859.9491304347825,5826.61,88,85,23,CRITICAL
CUST002847,18,11055.08,614.1711111111111,3581.85,52,40,18,MEDIUM
CUST002848,20,25456.309999999998,1272.8155,8643.89,55,85,20,CRITICAL
CUST002849,31,15437.98,497.9993548387097,1932.12,83,40,31,MEDIUM
CUST002850,24,9412.32,392.18,1775.06,60,40,24,MEDIUM
CUST002851,22,22236.760000000002,1010.7618181818183,3523.78,61,40,22,MEDIUM
CUST002852,25,18989.59,759.5836,2614.86,65,40,25,MEDIUM
CUST002853,17,9642.17,567.1864705882354,1824.78,40,35,17,MEDIUM
CUST002854,27,19157.16,709.5244444444444,3069.89,74,40,27,MEDIUM
CUST002855,19,20191.48,1062.7094736842105,5213.28,52,50,19,HIGH
CUST002856,32,16248.53,507.7665625,2209.74,80,40,32,MEDIUM
CUST002857,21,13891.87,661.5176190476191,3048.25,53,40,21,MEDIUM
CUST002858,27,24029.49,889.9811111111112,5049.41,75,55,27,HIGH
CUST002859,18,8434.77,468.59833333333336,1418.17,44,40,18,MEDIUM
CUST002860,20,8992.07,449.6035,1738.06,57,40,20,MEDIUM
CUST002861,27,14377.31,532.4929629629629,3315.92,74,40,27,MEDIUM
CUST002862,30,18237.25,607.9083333333333,3855.64,81,40,30,MEDIUM
CUST002863,17,11504.460000000001,676.7329411764706,4208.51,44,35,17,MEDIUM
CUST002864,19,21055.11,1108.1636842105263,6450.76,50,60,19,HIGH
CUST002865,29,23440.3,808.2862068965517,3014.11,76,40,29,MEDIUM
CUST002866,27,23864.8,883.8814814814815,4382.57,78,40,27,MEDIUM
CUST002867,22,18510.46,841.3845454545454,9280.76,64,70,22,CRITICAL
CUST002868,31,29473.1,950.7451612903226,10090.47,115,70,31,CRITICAL
CUST002869,18,13700.05,761.1138888888888,1923.5,50,40,18,MEDIUM
CUST002870,27,23488.48,869.9437037037037,5180.33,72,55,27,HIGH
CUST002871,28,24667.84,880.9942857142858,2991.59,73,40,28,MEDIUM
CUST002872,23,12883.35,560.145652173913,1760.14,61,40,23,MEDIUM
CUST002873,20,15358.94,767.947,6007.48,55,75,20,CRITICAL
CUST002874,35,39084.33,1116.6951428571429,10560.25,96,55,35,HIGH
CUST002875,18,9725.18,540.2877777777778,2891.44,47,40,18,MEDIUM
CUST002876,23,18852.48,819.6730434782609,4297.16,65,40,23,MEDIUM
CUST002877,25,31179.06,1247.1624000000002,5771.04,66,50,25,HIGH
CUST002878,25,12503.07,500.1228,2208.4,70,40,25,MEDIUM
CUST002879,26,24261.46,933.1330769230769,8063.76,72,65,26,HIGH
CUST002880,20,15093.08,754.654,3992.12,52,40,20,MEDIUM
CUST002881,17,11617.470000000001,683.3805882352942,3661.84,45,40,17,MEDIUM
CUST002882,27,21520.48,797.0548148148148,4517.26,72,40,27,MEDIUM
CUST002883,16,8389.06,524.31625,2127.21,42,35,16,MEDIUM
CUST002884,21,13793.84,656.8495238095238,4306.61,76,50,21,HIGH
CUST002885,22,17567.41,798.5186363636363,7182.26,58,55,22,HIGH
CUST002886,26,25684.15,987.8519230769232,8289.92,70,65,26,HIGH
CUST002887,25,21300.97,852.0388,3768.23,67,40,25,MEDIUM
CUST002888,22,20532.75,933.3068181818181,8878.74,66,70,22,CRITICAL
CUST002889,23,21692.79,943.1647826086956,5869.74,68,70,23,CRITICAL
CUST002890,21,10604.68,504.9847619047619,1888.07,55,40,21,MEDIUM
CUST002891,35,32700.85,934.31,8354.63,93,80,35,CRITICAL
CUST002892,30,18080.55,602.685,2911.86,83,40,30,MEDIUM
CUST002893,22,9780.140000000001,444.55181818181825,3062.77,61,40,22,MEDIUM
CUST002894,29,27463.91,947.0313793103448,9884.13,87,75,29,CRITICAL
CUST002895,23,22420.14,974.7886956521739,10213.8,61,50,23,HIGH
CUST002896,31,20541.65,662.6338709677419,4279.67,82,40,31,MEDIUM
CUST002897,35,15473.02,442.08628571428574,3773.54,125,55,35,HIGH
CUST002898,22,7775.7,353.4409090909091,1570.49,57,40,22,MEDIUM
CUST002899,22,22676.14,1030.7336363636364,5935.58,57,55,22,HIGH
CUST002900,25,13506.58,540.2632,1979.8,63,40,25,MEDIUM
CUST002901,26,19372.4,745.0923076923077,6318.68,70,60,26,HIGH
CUST002902,22,16116.59,732.5722727272728,3094.84,58,40,22,MEDIUM
CUST002903,23,13392.6,582.2869565217392,3376.42,62,35,23,MEDIUM
CUST002904,23,33555.01,1458.9134782608696,7182.07,90,100,23,CRITICAL
CUST002905,27,19081.81,706.7337037037038,4187.99,71,40,27,MEDIUM
CUST002906,20,13972.55,698.6274999999999,4173.19,54,40,20,MEDIUM
CUST002907,26,12709.64,488.83230769230767,1749.13,97,50,26,HIGH
CUST002908,23,23555.34,1024.1452173913044,5741.71,64,55,23,HIGH
CUST002909,19,13443.61,707.5584210526316,5593.79,50,60,19,HIGH
CUST002910,23,26867.13,1168.1360869565217,13093.25,69,55,23,HIGH
CUST002911,30,25353.41,845.1136666666666,5166.49,81,55,30,HIGH
CUST002912,29,21999.67,758.6093103448276,3999.86,114,50,29,HIGH
CUST002913,23,8188.2,356.0086956521739,1913.24,61,40,23,MEDIUM
CUST002914,26,31727.71,1220.2965384615384,10489.31,74,50,26,HIGH
CUST002915,30,13611.91,453.7303333333333,4281.7,82,50,30,HIGH
CUST002916,21,11387.48,542.2609523809524,1680.53,56,35,21,MEDIUM
CUST002917,27,15469.37,572.9396296296296,2618.38,73,40,27,MEDIUM
CUST002918,22,28396.21,1290.736818181818,5113.67,59,50,22,HIGH
CUST002919,23,18907.11,822.0482608695653,5265.11,59,50,23,HIGH
CUST002920,27,14566.08,539.4844444444444,2296.67,77,40,27,MEDIUM
CUST002921,21,27087.47,1289.8795238095238,10654.59,54,50,21,HIGH
CUST002922,27,24200.74,896.3237037037038,5280.78,70,55,27,HIGH
CUST002923,21,8514.119999999999,405.4342857142857,1563.2,57,40,21,MEDIUM
CUST002924,17,11022.35,648.3735294117647,1835.69,45,40,17,MEDIUM
CUST002925,24,10577.42,440.72583333333336,1084.47,89,55,24,HIGH
CUST002926,21,18496.9,880.804761904762,9251.37,82,100,21,CRITICAL
CUST002927,30,15907.789999999999,530.2596666666666,2235.94,77,40,30,MEDIUM
CUST002928,23,17211.21,748.3134782608695,2459.95,66,40,23,MEDIUM
CUST002929,21,12951.01,616.7147619047619,2488.14,54,40,21,MEDIUM
CUST002930,25,17695.010000000002,707.8004000000001,3207.3,67,40,25,MEDIUM
CUST002931,13,12561.560000000001,966.2738461538463,3532.44,34,35,13,MEDIUM
CUST002932,24,17219.95,717.4979166666667,2443.84,66,40,24,MEDIUM
CUST002933,19,15835.35,833.4394736842105,3188.64,49,40,19,MEDIUM
CUST002934,19,15406.79,810.8836842105263,4845.7,47,40,19,MEDIUM
CUST002935,22,12477.130000000001,567.1422727272728,1972.96,55,40,22,MEDIUM
CUST002936,17,13167.33,774.5488235294117,3042.74,48,40,17,MEDIUM
CUST002937,25,12130.75,485.23,4136.64,67,40,25,MEDIUM
CUST002938,16,7196.06,449.75375,2423.92,41,35,16,MEDIUM
CUST002939,22,20425.73,928.4422727272727,11289.57,66,55,22,HIGH
CUST002940,17,13823.91,813.1711764705882,2544.08,46,40,17,MEDIUM
CUST002941,31,18769.98,605.4832258064516,4095.57,76,35,31,MEDIUM
CUST002942,27,23420.21,867.4151851851851,6722.44,73,50,27,HIGH
CUST002943,31,14130.64,455.82709677419354,2093.56,83,40,31,MEDIUM
CUST002944,26,17497.66,672.9869230769231,3683.54,95,45,26,MEDIUM
CUST002945,20,9485.14,474.25699999999995,1524.13,52,40,20,MEDIUM
CUST002946,23,8786.01,382.0004347826087,1665.23,61,40,23,MEDIUM
CUST002947,23,16831.06,731.7852173913044,3326.58,63,40,23,MEDIUM
CUST002948,25,16148.68,645.9472000000001,3789.95,65,40,25,MEDIUM
CUST002949,23,13392.68,582.2904347826087,3855.83,67,40,23,MEDIUM
CUST002950,21,10728.44,510.8780952380953,1922.1,57,35,21,MEDIUM
CUST002951,22,15526.06,705.73,3049.39,56,40,22,MEDIUM
CUST002952,27,35154.27,1302.01,17689.01,71,55,27,HIGH
CUST002953,25,13737.17,549.4868,2502.3,66,40,25,MEDIUM
CUST002954,25,16792.07,671.6828,5088.24,68,50,25,HIGH
CUST002955,30,17170.53,572.351,4924.54,85,45,30,MEDIUM
CUST002956,22,18386.65,835.7568181818183,5945.14,60,50,22,HIGH
CUST002957,24,19594.61,816.4420833333334,7811.94,89,65,24,HIGH
CUST002958,20,11142.5,557.125,4550.46,54,35,20,MEDIUM
CUST002959,29,14886.99,513.3444827586206,2172.57,82,40,29,MEDIUM
CUST002960,30,18181.36,606.0453333333334,7369.89,83,55,30,HIGH
CUST002961,30,64685.81,2156.1936666666666,27273.67,86,80,30,CRITICAL
CUST002962,19,35819.81,1885.2531578947367,15197.75,53,55,19,HIGH
CUST002963,24,14762.5,615.1041666666666,3191.98,64,40,24,MEDIUM
CUST002964,33,41770.56,1265.7745454545454,16393.59,91,55,33,HIGH
CUST002965,30,25165.1,838.8366666666666,5872.25,77,55,30,HIGH
CUST002966,35,19726.09,563.6025714285714,2271.47,95,40,35,MEDIUM
CUST002967,29,19271.04,664.5186206896552,4835.44,79,40,29,MEDIUM
CUST002968,16,14810.27,925.641875,5222.72,43,55,16,HIGH
CUST002969,27,34871.64,1291.542222222222,7073.54,75,55,27,HIGH
CUST002970,18,13612.94,756.2744444444445,3164.46,47,40,18,MEDIUM
CUST002971,31,14987.99,483.4835483870968,3701.84,84,40,31,MEDIUM
CUST002972,23,10773.25,468.4021739130435,2378.0,63,40,23,MEDIUM
CUST002973,24,13216.56,550.6899999999999,3641.06,59,40,24,MEDIUM
CUST002974,25,19841.6,793.664,7993.98,72,50,25,HIGH
CUST002975,24,15230.56,634.6066666666667,3859.6,62,40,24,MEDIUM
CUST002976,22,10711.55,486.88863636363635,1916.28,60,40,22,MEDIUM
CUST002977,18,15680.08,871.1155555555556,5228.13,51,50,18,HIGH
CUST002978,24,32521.370000000003,1355.0570833333334,10539.44,66,55,24,HIGH
CUST002979,21,24168.219999999998,1150.867619047619,13870.31,59,75,21,CRITICAL
CUST002980,18,6871.64,381.7577777777778,1111.8,45,35,18,MEDIUM
CUST002981,27,17787.04,658.7792592592593,5771.41,73,50,27,HIGH
CUST002982,23,18607.97,809.0421739130435,3575.22,55,40,23,MEDIUM
CUST002983,28,29669.5,1059.625,7062.5,73,60,28,HIGH
CUST002984,22,28088.01,1276.7277272727272,7575.22,61,55,22,HIGH
CUST002985,24,15850.22,660.4258333333333,2780.85,66,40,24,MEDIUM
CUST002986,14,8968.17,640.5835714285714,1676.35,34,35,14,MEDIUM
CUST002987,20,14724.21,736.2104999999999,5537.01,53,50,20,HIGH
CUST002988,30,17421.66,580.722,1795.3,80,40,30,MEDIUM
CUST002989,19,11705.5,616.078947368421,4832.78,52,40,19,MEDIUM
CUST002990,23,20997.210000000003,912.9221739130436,9607.7,64,70,23,CRITICAL
CUST002991,25,12395.119999999999,495.80479999999994,2733.28,69,40,25,MEDIUM
CUST002992,28,13979.4,499.2642857142857,2225.66,100,55,28,HIGH
CUST002993,23,33421.01,1453.0873913043479,7776.45,64,55,23,HIGH
CUST002994,29,22880.33,788.9768965517242,4520.39,82,40,29,MEDIUM
CUST002995,31,27304.41,880.7874193548387,6540.01,79,55,31,HIGH
CUST002996,22,7001.35,318.2431818181818,780.9,57,40,22,MEDIUM
CUST002997,26,16854.09,648.2342307692307,5192.74,66,50,26,HIGH
CUST002998,38,41676.98,1096.7626315789475,8811.04,102,65,38,HIGH
CUST002999,25,18703.67,748.1468,3081.5,68,40,25,MEDIUM
CUST003000,23,15039.44,653.888695652174,3424.67,58,40,23,MEDIUM
CUST003001,22,19719.45,896.3386363636364,3087.22,55,35,22,MEDIUM
CUST003002,17,11176.95,657.4676470588236,2736.75,49,40,17,MEDIUM
CUST003003,24,20019.83,834.1595833333334,4865.95,90,50,24,HIGH
CUST003004,26,12352.8,475.1076923076923,2294.31,70,40,26,MEDIUM
CUST003005,26,15708.33,604.1665384615385,1798.02,69,40,26,MEDIUM
CUST003006,33,28085.85,851.0863636363636,4038.86,86,40,33,MEDIUM
CUST003007,30,17394.2,579.8066666666667,4039.87,81,40,30,MEDIUM
CUST003008,31,26013.13,839.1332258064516,4287.07,85,40,31,MEDIUM
CUST003009,18,8783.13,487.9516666666666,1431.11,47,40,18,MEDIUM
CUST003010,18,24517.699999999997,1362.0944444444442,17573.82,30,35,1,MEDIUM
CUST003011,27,9644.17,357.1914814814815,1326.8,73,40,27,MEDIUM
CUST003012,28,14131.949999999999,504.7125,2462.39,76,40,28,MEDIUM
CUST003013,24,17757.97,739.9154166666667,6038.3,66,55,24,HIGH
CUST003014,24,18473.62,769.7341666666666,2385.9,59,40,24,MEDIUM
CUST003015,32,18106.67,565.8334375,2495.85,88,40,32,MEDIUM
CUST003016,24,28386.39,1182.76625,16411.37,63,60,24,HIGH
CUST003017,22,22882.210000000003,1040.1004545454546,7990.13,56,50,22,HIGH
CUST003018,24,15363.039999999999,640.1266666666667,2373.97,70,40,24,MEDIUM
CUST003019,30,26852.96,895.0986666666666,12452.05,83,50,30,HIGH
CUST003020,24,22953.06,956.3775,4261.47,68,40,24,MEDIUM
CUST003021,24,11399.77,474.9904166666667,1984.76,67,40,24,MEDIUM
CUST003022,17,11173.949999999999,657.2911764705882,4166.11,42,40,17,MEDIUM
CUST003023,22,9679.93,439.9968181818182,1178.99,62,40,22,MEDIUM
CUST003024,20,7472.96,373.648,1377.0,51,35,20,MEDIUM
CUST003025,25,16207.96,648.3184,2219.72,73,40,25,MEDIUM
CUST003026,30,21695.41,723.1803333333334,3281.52,83,40,30,MEDIUM
CUST003027,26,15352.07,590.4642307692308,2475.52,67,40,26,MEDIUM
CUST003028,30,23745.44,791.5146666666666,7000.9,79,55,30,HIGH
CUST003029,19,8725.18,459.22,2786.62,47,40,19,MEDIUM
CUST003030,17,15373.38,904.3164705882352,2342.49,42,35,17,MEDIUM
CUST003031,30,16790.64,559.688,1815.24,82,40,30,MEDIUM
CUST003032,22,31087.95,1413.0886363636364,15760.75,56,50,22,HIGH
CUST003033,27,17559.51,650.3522222222222,2809.05,78,40,27,MEDIUM
CUST003034,20,11127.13,556.3565,1952.32,54,40,20,MEDIUM
CUST003035,23,13055.67,567.6378260869566,2256.56,58,35,23,MEDIUM
CUST003036,26,16002.65,615.4865384615384,2847.7,69,40,26,MEDIUM
CUST003037,28,21389.39,763.9067857142857,7366.39,69,50,28,HIGH
CUST003038,24,21409.55,892.0645833333333,8826.24,91,95,24,CRITICAL
CUST003039,22,14403.78,654.7172727272728,1863.37,56,40,22,MEDIUM
CUST003040,27,18641.12,690.4118518518518,3950.45,70,40,27,MEDIUM
CUST003041,25,35850.37,1434.0148000000002,17901.57,71,70,25,CRITICAL
CUST003042,19,7290.43,383.70684210526315,1063.28,54,40,19,MEDIUM
CUST003043,27,28159.11,1042.93,10821.61,74,55,27,HIGH
CUST003044,29,21094.37,727.3920689655172,2857.76,81,40,29,MEDIUM
CUST003045,17,11542.41,678.9652941176471,5542.04,47,50,17,HIGH
CUST003046,32,15623.62,488.238125,2225.94,87,40,32,MEDIUM
CUST003047,27,15877.05,588.0388888888889,4030.99,71,35,27,MEDIUM
CUST003048,30,19043.64,634.788,2899.6,83,40,30,MEDIUM
CUST003049,21,24041.13,1144.8157142857144,14802.71,62,55,21,HIGH
CUST003050,24,14790.7,616.2791666666667,1582.78,66,40,24,MEDIUM
CUST003051,29,32515.65,1121.2293103448276,7255.58,79,55,29,HIGH
CUST003052,26,13540.460000000001,520.7869230769231,2671.85,70,40,26,MEDIUM
CUST003053,33,32975.64,999.2618181818182,9005.6,91,80,33,CRITICAL
CUST003054,30,24444.54,814.818,4210.98,85,40,30,MEDIUM
CUST003055,27,23700.96,877.8133333333333,3671.99,75,40,27,MEDIUM
CUST003056,21,15443.04,735.3828571428572,5203.01,60,70,21,CRITICAL
CUST003057,21,36538.19,1739.9138095238097,14501.17,61,50,21,HIGH
CUST003058,16,15601.98,975.12375,3740.3,57,90,16,CRITICAL
CUST003059,26,35856.79,1379.1073076923078,13898.67,70,55,26,HIGH
CUST003060,20,19306.260000000002,965.3130000000001,6390.04,55,60,20,HIGH
CUST003061,15,6442.86,429.524,1215.3,34,35,15,MEDIUM
CUST003062,28,21107.89,753.8532142857142,7163.35,79,50,28,HIGH
CUST003063,18,54162.73,3009.040555555556,34477.97,52,75,18,CRITICAL
CUST003064,31,19573.19,631.3932258064516,4633.14,83,40,31,MEDIUM
CUST003065,28,17805.14,635.8978571428571,2243.71,71,40,28,MEDIUM
CUST003066,22,22119.66,1005.4390909090909,6812.02,62,50,22,HIGH
CUST003067,18,20575.52,1143.0844444444444,11674.47,48,50,18,HIGH
CUST003068,24,21041.34,876.7225,5930.67,68,60,24,HIGH
CUST003069,29,23391.68,806.6096551724138,7467.33,76,50,29,HIGH
CUST003070,23,6808.72,296.0313043478261,885.92,56,40,23,MEDIUM
CUST003071,23,15058.550000000001,654.7195652173914,3794.52,65,40,23,MEDIUM
CUST003072,30,30864.87,1028.829,12725.59,90,65,30,HIGH
CUST003073,20,21903.98,1095.199,6458.8,55,50,20,HIGH
CUST003074,29,19537.84,673.7186206896552,4807.49,78,40,29,MEDIUM
CUST003075,27,14380.06,532.5948148148148,2969.15,73,40,27,MEDIUM
CUST003076,19,13055.810000000001,687.1478947368422,2554.84,54,40,19,MEDIUM
CUST003077,19,16211.22,853.2221052631579,4990.19,49,40,19,MEDIUM
CUST003078,29,29277.59,1009.5720689655172,5336.29,78,55,29,HIGH
CUST003079,30,16615.62,553.8539999999999,3868.96,79,40,30,MEDIUM
CUST003080,17,22640.38,1331.7870588235294,4009.43,45,35,17,MEDIUM
CUST003081,35,24313.2,694.6628571428572,6609.53,91,55,35,HIGH
CUST003082,24,31391.34,1307.9725,20380.18,63,70,24,CRITICAL
CUST003083,22,20498.24,931.7381818181819,12242.73,63,65,22,HIGH
CUST003084,17,7134.14,419.6552941176471,1481.14,45,40,17,MEDIUM
CUST003085,20,13118.74,655.937,3135.97,59,40,20,MEDIUM
CUST003086,26,45291.090000000004,1741.9650000000001,19525.83,70,50,26,HIGH
CUST003087,28,21960.84,784.3157142857143,5179.49,81,55,28,HIGH
CUST003088,22,29148.24,1324.92,9755.7,60,65,22,HIGH
CUST003089,23,12769.95,555.2152173913043,2349.28,68,40,23,MEDIUM
CUST003090,30,12671.8,422.3933333333333,1462.37,79,40,30,MEDIUM
CUST003091,25,15493.6,619.744,3192.65,66,35,25,MEDIUM
CUST003092,16,23109.600000000002,1444.3500000000001,5493.3,44,50,16,HIGH
CUST003093,17,16880.59,992.9758823529412,7079.16,45,70,17,CRITICAL
CUST003094,24,17747.45,739.4770833333333,3257.75,64,40,24,MEDIUM
CUST003095,23,17403.76,756.6852173913043,6118.01,62,50,23,HIGH
CUST003096,17,19031.5,1119.5,6571.17,50,55,17,HIGH
CUST003097,28,17162.72,612.9542857142858,4024.65,75,40,28,MEDIUM
CUST003098,24,15942.84,664.285,3885.79,66,40,24,MEDIUM
CUST003099,22,11214.96,509.7709090909091,2175.02,57,40,22,MEDIUM
CUST003100,27,18935.75,701.324074074074,3183.23,78,40,27,MEDIUM
CUST003101,28,28088.559999999998,1003.1628571428571,7788.12,72,50,28,HIGH
CUST003102,18,11243.7,624.6500000000001,2440.82,47,40,18,MEDIUM
CUST003103,24,28728.39,1197.01625,11047.5,68,55,24,HIGH
CUST003104,22,11049.460000000001,502.2481818181819,2645.67,67,40,22,MEDIUM
CUST003105,20,18959.6,947.9799999999999,6055.17,56,55,20,HIGH
CUST003106,22,14671.14,666.87,3218.89,60,40,22,MEDIUM
CUST003107,24,13228.19,551.1745833333333,1830.93,67,40,24,MEDIUM
CUST003108,27,27040.41,1001.4966666666667,5501.36,75,50,27,HIGH
CUST003109,29,25036.5,863.3275862068965,3801.56,77,40,29,MEDIUM
CUST003110,23,9486.93,412.47521739130434,1912.53,65,40,23,MEDIUM
CUST003111,31,13569.15,437.71451612903223,1279.36,88,40,31,MEDIUM
CUST003112,26,25053.420000000002,963.593076923077,7084.27,72,55,26,HIGH
CUST003113,30,19261.55,642.0516666666666,4121.06,80,50,30,HIGH
CUST003114,17,9352.85,550.1676470588236,3771.57,45,40,17,MEDIUM
CUST003115,24,17508.68,729.5283333333333,4124.3,61,40,24,MEDIUM
CUST003116,24,41985.82,1749.4091666666666,28120.52,69,75,24,CRITICAL
CUST003117,19,13095.94,689.26,2455.11,54,40,19,MEDIUM
CUST003118,20,41398.95,2069.9474999999998,27543.07,76,95,20,CRITICAL
CUST003119,28,29571.260000000002,1056.1164285714287,14328.04,77,55,28,HIGH
CUST003120,27,24840.04,920.0014814814815,7168.14,76,50,27,HIGH
CUST003121,26,15680.92,603.1123076923077,4183.63,67,40,26,MEDIUM
CUST003122,24,24587.77,1024.4904166666668,4964.91,69,40,24,MEDIUM
CUST003123,29,27452.38,946.6337931034483,4952.45,75,40,29,MEDIUM
CUST003124,19,15504.43,816.0226315789474,5334.8,50,55,19,HIGH
CUST003125,27,16457.35,609.5314814814815,2124.5,70,40,27,MEDIUM
CUST003126,24,15604.04,650.1683333333334,3358.82,68,40,24,MEDIUM
CUST003127,26,16953.4,652.0538461538462,3842.35,67,40,26,MEDIUM
CUST003128,25,29086.63,1163.4652,7934.86,67,55,25,HIGH
CUST003129,25,21765.64,870.6256,5448.93,68,55,25,HIGH
CUST003130,14,6614.21,472.44357142857143,2698.81,40,40,14,MEDIUM
CUST003131,23,9295.17,404.1378260869565,1702.7,83,55,23,HIGH
CUST003132,30,21739.07,724.6356666666667,2681.61,70,35,30,MEDIUM
CUST003133,15,6456.03,430.402,1622.36,40,40,15,MEDIUM
CUST003134,29,14697.67,506.8162068965517,3967.65,77,40,29,MEDIUM
CUST003135,12,6456.490000000001,538.0408333333334,2666.03,33,40,12,MEDIUM
CUST003136,16,5031.21,314.450625,1250.9,42,40,16,MEDIUM
CUST003137,16,12653.78,790.86125,5073.25,48,55,16,HIGH
CUST003138,22,12225.65,555.7113636363637,2874.53,53,35,22,MEDIUM
CUST003139,15,16408.739999999998,1093.916,6151.96,28,40,1,MEDIUM
CUST003140,21,18099.9,861.9000000000001,6157.95,55,55,21,HIGH
CUST003141,23,11467.67,498.59434782608696,2556.62,83,55,23,HIGH
CUST003142,26,14987.0,576.4230769230769,7582.98,72,55,26,HIGH
CUST003143,21,17859.47,850.4509523809525,7604.25,58,50,21,HIGH
CUST003144,24,19669.96,819.5816666666666,5914.47,66,50,24,HIGH
CUST003145,28,15262.970000000001,545.1060714285715,1913.51,75,40,28,MEDIUM
CUST003146,25,24474.9,978.9960000000001,7336.18,71,70,25,CRITICAL
CUST003147,19,8074.75,424.9868421052632,1585.95,53,35,19,MEDIUM
CUST003148,24,22296.670000000002,929.0279166666668,5319.1,67,55,24,HIGH
CUST003149,20,9399.97,469.9985,1828.61,58,40,20,MEDIUM
CUST003150,22,11268.92,512.2236363636364,1211.24,56,40,22,MEDIUM
CUST003151,23,19878.01,864.261304347826,5190.38,64,50,23,HIGH
CUST003152,20,8701.77,435.0885,1703.07,51,40,20,MEDIUM
CUST003153,26,28403.75,1092.451923076923,7829.0,72,55,26,HIGH
CUST003154,29,19882.44,685.6013793103448,4076.74,76,40,29,MEDIUM
CUST003155,30,39287.75,1309.5916666666667,10940.51,83,50,30,HIGH
CUST003156,25,16716.27,668.6508,2828.19,63,40,25,MEDIUM
CUST003157,24,17139.95,714.1645833333333,5270.68,66,55,24,HIGH
CUST003158,25,14895.75,595.83,2258.58,73,40,25,MEDIUM
CUST003159,23,14631.02,636.1313043478261,3675.98,63,40,23,MEDIUM
CUST003160,24,26667.13,1111.1304166666666,8350.84,66,65,24,HIGH
CUST003161,22,15089.73,685.8968181818182,2427.52,80,90,22,CRITICAL
CUST003162,19,11788.16,620.4294736842105,4564.38,69,50,19,HIGH
CUST003163,30,16893.32,563.1106666666667,2204.86,79,40,30,MEDIUM
CUST003164,24,11977.89,499.07874999999996,2124.54,64,40,24,MEDIUM
CUST003165,24,25520.79,1063.36625,9826.54,68,70,24,CRITICAL
CUST003166,23,8249.8,358.6869565217391,3043.14,66,40,23,MEDIUM
CUST003167,29,16311.04,562.4496551724138,4036.26,77,40,29,MEDIUM
CUST003168,19,23154.68,1218.6673684210527,8544.72,54,70,19,CRITICAL
CUST003169,20,10425.06,521.2529999999999,2196.64,53,40,20,MEDIUM
CUST003170,25,8738.41,349.5364,1950.04,68,40,25,MEDIUM
CUST003171,29,10255.62,353.6420689655173,1186.69,84,40,29,MEDIUM
CUST003172,27,48120.67,1782.247037037037,22310.11,73,70,27,CRITICAL
CUST003173,16,15197.65,949.853125,2641.06,39,40,16,MEDIUM
CUST003174,20,13091.199999999999,654.56,3595.79,51,40,20,MEDIUM
CUST003175,16,13299.519999999999,831.2199999999999,5145.36,42,50,16,HIGH
CUST003176,21,19780.11,941.9100000000001,5800.89,77,80,21,CRITICAL
CUST003177,20,14851.98,742.5989999999999,7280.59,52,50,20,HIGH
CUST003178,16,14689.84,918.115,4619.0,43,40,16,MEDIUM
CUST003179,24,23589.85,982.9104166666666,6151.9,68,65,24,HIGH
CUST003180,23,15215.74,661.5539130434782,4531.61,63,40,23,MEDIUM
CUST003181,29,66510.61,2293.4693103448276,50000.0,81,85,29,CRITICAL
CUST003182,21,12044.63,573.5538095238095,5161.08,59,70,21,CRITICAL
CUST003183,23,20232.59,879.6778260869565,4983.93,60,40,23,MEDIUM
CUST003184,19,20157.45,1060.9184210526316,14320.33,55,55,19,HIGH
CUST003185,26,18456.41,709.8619230769231,5310.96,66,65,26,HIGH
CUST003186,20,18988.35,949.4174999999999,4537.16,53,40,20,MEDIUM
CUST003187,18,13444.24,746.9022222222222,3300.77,45,40,18,MEDIUM
CUST003188,29,14655.72,505.3696551724138,3827.71,77,40,29,MEDIUM
CUST003189,23,10288.23,447.31434782608693,1758.24,56,40,23,MEDIUM
CUST003190,16,12014.779999999999,750.9237499999999,2320.58,46,40,16,MEDIUM
CUST003191,32,41247.509999999995,1288.9846874999998,17298.8,93,65,32,HIGH
CUST003192,17,10586.59,622.7405882352941,4783.46,44,40,17,MEDIUM
CUST003193,30,18009.97,600.3323333333334,3105.92,81,40,30,MEDIUM
CUST003194,32,20803.68,650.115,2263.92,86,40,32,MEDIUM
CUST003195,22,13713.21,623.3277272727272,2544.14,62,40,22,MEDIUM
CUST003196,25,18463.77,738.5508,4988.88,69,40,25,MEDIUM
CUST003197,32,27417.42,856.794375,7705.53,92,65,32,HIGH
CUST003198,16,19801.07,1237.566875,8175.88,47,85,16,CRITICAL
CUST003199,14,18012.44,1286.6028571428571,7280.83,27,20,0,LOW
CUST003200,22,17152.75,779.6704545454545,4722.09,57,40,22,MEDIUM
CUST003201,27,13793.61,510.87444444444446,3594.56,74,40,27,MEDIUM
CUST003202,26,26006.04,1000.2323076923077,8766.57,76,70,26,CRITICAL
CUST003203,25,32250.36,1290.0144,8212.35,66,65,25,HIGH
CUST003204,20,8929.15,446.4575,1971.26,58,40,20,MEDIUM
CUST003205,18,16929.46,940.5255555555555,5664.93,53,55,18,HIGH
CUST003206,27,23105.25,855.75,6737.02,69,50,27,HIGH
CUST003207,31,19049.81,614.51,6255.62,83,65,31,HIGH
CUST003208,25,15767.12,630.6848,2632.92,66,40,25,MEDIUM
CUST003209,24,9361.36,390.0566666666667,2149.05,68,40,24,MEDIUM
CUST003210,25,19752.97,790.1188000000001,3322.8,68,40,25,MEDIUM
CUST003211,18,34171.28,1898.4044444444444,6138.25,51,60,18,HIGH
CUST003212,21,19147.05,911.7642857142857,5279.14,52,65,21,HIGH
CUST003213,33,38223.8,1158.2969696969699,9982.11,128,85,33,CRITICAL
CUST003214,26,14293.73,549.7588461538461,3483.64,68,40,26,MEDIUM
CUST003215,18,15231.18,846.1766666666667,3858.23,49,40,18,MEDIUM
CUST003216,30,30694.58,1023.1526666666667,11212.93,82,50,30,HIGH
CUST003217,27,21046.05,779.4833333333333,2263.0,71,40,27,MEDIUM
CUST003218,20,20749.23,1037.4615,7750.28,54,50,20,HIGH
CUST003219,20,9672.880000000001,483.64400000000006,1863.07,57,40,20,MEDIUM
CUST003220,22,11973.29,544.2404545454546,2206.6,57,40,22,MEDIUM
CUST003221,26,12021.87,462.3796153846154,1903.88,73,40,26,MEDIUM
CUST003222,27,27918.31,1034.0114814814815,9875.04,79,70,27,CRITICAL
CUST003223,22,16645.670000000002,756.6213636363638,4667.03,76,55,22,HIGH
CUST003224,28,30711.78,1096.8492857142858,8826.13,76,80,28,CRITICAL
CUST003225,20,14703.05,735.1524999999999,5477.91,57,55,20,HIGH
CUST003226,22,19509.88,886.8127272727273,6473.59,58,50,22,HIGH
CUST003227,27,14162.86,524.5503703703704,3439.75,64,40,27,MEDIUM
CUST003228,31,18633.45,601.0790322580646,5216.99,84,55,31,HIGH
CUST003229,22,19381.96,880.9981818181818,3229.7,62,40,22,MEDIUM
CUST003230,16,9255.7,578.48125,2384.1,39,35,16,MEDIUM
CUST003231,24,7932.4800000000005,330.52000000000004,1320.76,67,40,24,MEDIUM
CUST003232,20,28597.41,1429.8705,10309.05,53,50,20,HIGH
CUST003233,30,17603.48,586.7826666666666,3762.6,83,55,30,HIGH
CUST003234,26,13987.880000000001,537.9953846153846,2185.78,67,40,26,MEDIUM
CUST003235,25,21860.9,874.436,3087.47,67,40,25,MEDIUM
CUST003236,29,27875.91,961.2382758620689,15562.0,79,55,29,HIGH
CUST003237,21,15283.07,727.765238095238,3457.89,82,55,21,HIGH
CUST003238,26,13390.24,515.0092307692307,3101.85,67,40,26,MEDIUM
CUST003239,29,16830.35,580.356896551724,2716.17,78,40,29,MEDIUM
CUST003240,24,18801.42,783.3924999999999,7685.0,66,55,24,HIGH
CUST003241,25,19453.93,778.1572,2801.03,66,40,25,MEDIUM
CUST003242,33,20740.19,628.4906060606061,2833.6,87,40,33,MEDIUM
CUST003243,22,20161.25,916.4204545454545,4391.27,58,40,22,MEDIUM
CUST003244,30,24998.02,833.2673333333333,4969.12,83,40,30,MEDIUM
CUST003245,23,16586.38,721.1469565217392,2649.78,58,40,23,MEDIUM
CUST003246,28,16763.52,598.6971428571429,2275.32,73,40,28,MEDIUM
CUST003247,21,8892.9,423.47142857142853,1737.01,57,40,21,MEDIUM
CUST003248,18,9727.51,540.4172222222222,3383.12,48,40,18,MEDIUM
CUST003249,25,22510.16,900.4064,10151.97,69,50,25,HIGH
CUST003250,30,13397.22,446.57399999999996,2560.66,84,40,30,MEDIUM
CUST003251,31,24800.18,800.0058064516129,9106.07,88,80,31,CRITICAL
CUST003252,20,16461.25,823.0625,3528.54,53,40,20,MEDIUM
CUST003253,21,16429.52,782.3580952380953,3244.54,59,40,21,MEDIUM
CUST003254,28,13916.43,497.01535714285717,2656.35,77,40,28,MEDIUM
CUST003255,22,16175.4,735.2454545454545,3976.05,61,40,22,MEDIUM
CUST003256,24,17000.989999999998,708.3745833333332,3179.35,59,40,24,MEDIUM
CUST003257,23,17223.17,748.8334782608695,3523.35,58,35,23,MEDIUM
CUST003258,20,11205.96,560.298,2026.29,49,35,20,MEDIUM
CUST003259,24,14937.52,622.3966666666666,4435.93,69,40,24,MEDIUM
CUST003260,27,26135.14,967.9681481481481,8994.53,75,65,27,HIGH
CUST003261,24,12344.9,514.3708333333333,1753.23,72,40,24,MEDIUM
CUST003262,24,15421.06,642.5441666666667,5561.69,66,50,24,HIGH
CUST003263,24,13176.24,549.01,2245.49,65,40,24,MEDIUM
CUST003264,27,10176.75,376.9166666666667,1068.68,69,40,27,MEDIUM
CUST003265,23,14070.94,611.78,1883.01,65,40,23,MEDIUM
CUST003266,17,17340.06,1020.0035294117648,4554.68,42,35,17,MEDIUM
CUST003267,20,14921.78,746.089,3607.67,55,40,20,MEDIUM
CUST003268,25,24840.46,993.6184,5067.68,70,50,25,HIGH
CUST003269,26,15658.7,602.2576923076923,2883.67,67,40,26,MEDIUM
CUST003270,14,5474.89,391.06357142857144,1223.92,39,40,14,MEDIUM
CUST003271,26,28076.469999999998,1079.8642307692307,9869.25,75,80,26,CRITICAL
CUST003272,23,17629.149999999998,766.4847826086956,4845.82,60,40,23,MEDIUM
CUST003273,22,9843.51,447.43227272727273,1510.43,61,40,22,MEDIUM
CUST003274,23,14719.960000000001,639.9982608695652,3279.51,85,55,23,HIGH
CUST003275,24,22136.43,922.35125,5279.02,67,55,24,HIGH
CUST003276,34,38415.5,1129.8676470588234,7611.79,90,50,34,HIGH
CUST003277,21,8832.03,420.5728571428572,1492.2,55,40,21,MEDIUM
CUST003278,33,20054.45,607.7106060606061,2708.45,91,40,33,MEDIUM
CUST003279,22,16335.460000000001,742.5209090909092,5414.92,60,60,22,HIGH
CUST003280,23,18120.91,787.8656521739131,4523.84,63,40,23,MEDIUM
CUST003281,31,28614.08,923.0348387096775,6804.66,74,50,31,HIGH
CUST003282,21,17082.42,813.4485714285713,4229.01,57,40,21,MEDIUM
CUST003283,25,37229.15,1489.1660000000002,21650.0,69,55,25,HIGH
CUST003284,24,19574.61,815.60875,5237.07,88,70,24,CRITICAL
CUST003285,19,28147.11,1481.4268421052632,14900.17,54,70,19,CRITICAL
CUST003286,16,8621.15,538.821875,2436.54,43,40,16,MEDIUM
CUST003287,29,19580.55,675.1913793103448,3716.86,73,40,29,MEDIUM
CUST003288,24,9601.369999999999,400.0570833333333,2219.01,92,50,24,HIGH
CUST003289,32,15121.4,472.54375,1360.63,83,40,32,MEDIUM
CUST003290,31,23217.48,748.9509677419354,4284.47,81,40,31,MEDIUM
CUST003291,20,46517.009999999995,2325.8504999999996,32872.95,51,80,20,CRITICAL
CUST003292,23,11393.04,495.34956521739133,1857.67,58,40,23,MEDIUM
CUST003293,19,10391.94,546.9442105263158,2326.98,57,40,19,MEDIUM
CUST003294,29,21785.86,751.2365517241379,3887.56,77,40,29,MEDIUM
CUST003295,25,22087.989999999998,883.5196,7164.6,71,50,25,HIGH
CUST003296,30,16569.9,552.33,5887.69,82,55,30,HIGH
CUST003297,27,33453.86,1239.0318518518518,8357.31,78,70,27,CRITICAL
CUST003298,31,23362.01,753.6132258064515,5490.0,82,55,31,HIGH
CUST003299,28,13709.41,489.6217857142857,2154.26,77,40,28,MEDIUM
CUST003300,28,16877.489999999998,602.7674999999999,2799.7,78,50,28,HIGH
CUST003301,23,16520.05,718.2630434782608,6683.21,63,55,23,HIGH
CUST003302,20,13300.21,665.0105,2755.06,51,40,20,MEDIUM
CUST003303,21,9333.33,444.4442857142857,1243.75,58,40,21,MEDIUM
CUST003304,20,13075.86,653.793,2659.55,49,35,20,MEDIUM
CUST003305,27,14990.95,555.2203703703703,3764.47,72,40,27,MEDIUM
CUST003306,26,14959.84,575.3784615384616,1927.56,68,40,26,MEDIUM
CUST003307,24,12974.95,540.6229166666667,1812.76,66,40,24,MEDIUM
CUST003308,25,29977.760000000002,1199.1104,9993.69,69,80,25,CRITICAL
CUST003309,28,20018.8,714.9571428571428,4297.85,102,55,28,HIGH
CUST003310,25,23088.07,923.5228,3209.98,64,40,25,MEDIUM
CUST003311,27,14006.689999999999,518.7662962962962,2301.2,75,40,27,MEDIUM
CUST003312,24,13984.16,582.6733333333333,4083.1,58,40,24,MEDIUM
CUST003313,24,13763.53,573.4804166666667,3851.5,61,40,24,MEDIUM
CUST003314,23,13857.550000000001,602.5021739130435,3297.57,59,40,23,MEDIUM
CUST003315,25,16242.14,649.6856,3079.83,62,35,25,MEDIUM
CUST003316,31,20658.170000000002,666.3925806451614,2836.63,82,40,31,MEDIUM
CUST003317,29,20149.94,694.8255172413793,6724.87,77,55,29,HIGH
CUST003318,18,20145.7,1119.2055555555555,5771.33,48,55,18,HIGH
CUST003319,30,28517.33,950.5776666666667,11032.7,82,55,30,HIGH
CUST003320,25,20597.47,823.8988,7086.37,67,65,25,HIGH
CUST003321,32,24010.54,750.329375,3618.73,87,40,32,MEDIUM
CUST003322,22,17513.61,796.0731818181819,4303.67,55,35,22,MEDIUM
CUST003323,30,18286.23,609.5409999999999,5309.26,81,55,30,HIGH
CUST003324,22,14401.72,654.6236363636364,3627.96,60,40,22,MEDIUM
CUST003325,15,6856.349999999999,457.09,1973.31,40,35,15,MEDIUM
CUST003326,21,9358.16,445.62666666666667,1356.03,73,50,21,HIGH
CUST003327,27,21483.329999999998,795.6788888888888,5604.4,69,55,27,HIGH
CUST003328,28,14683.29,524.4032142857143,1760.73,74,40,28,MEDIUM
CUST003329,23,9240.51,401.76130434782607,1477.4,66,40,23,MEDIUM
CUST003330,24,16708.09,696.1704166666667,3672.56,67,40,24,MEDIUM
CUST003331,28,13608.84,486.03000000000003,2154.76,75,40,28,MEDIUM
CUST003332,24,12833.66,534.7358333333333,2064.11,62,40,24,MEDIUM
CUST003333,23,19032.98,827.5208695652174,8158.92,63,70,23,CRITICAL
CUST003334,28,11708.5,418.1607142857143,2539.79,104,50,28,HIGH
CUST003335,27,19822.8,734.1777777777778,6910.9,73,50,27,HIGH
CUST003336,25,25634.45,1025.378,7133.61,69,55,25,HIGH
CUST003337,28,22072.79,788.3139285714286,4652.46,83,40,28,MEDIUM
CUST003338,18,12197.54,677.6411111111112,4027.6,71,55,18,HIGH
CUST003339,19,17324.71,911.8268421052632,3144.0,54,40,19,MEDIUM
CUST003340,25,19910.61,796.4244,3023.6,65,40,25,MEDIUM
CUST003341,27,15846.54,586.9088888888889,2569.28,76,40,27,MEDIUM
CUST003342,23,13721.300000000001,596.5782608695653,5574.28,59,65,23,HIGH
CUST003343,22,11910.710000000001,541.3959090909092,1952.42,57,40,22,MEDIUM
CUST003344,19,11377.42,598.8115789473684,2359.28,52,40,19,MEDIUM
CUST003345,20,13983.25,699.1625,2954.29,54,40,20,MEDIUM
CUST003346,18,15299.460000000001,849.97,4080.75,46,40,18,MEDIUM
CUST003347,22,31308.059999999998,1423.0936363636363,9021.21,84,85,22,CRITICAL
CUST003348,25,12588.89,503.55559999999997,2677.34,67,40,25,MEDIUM
CUST003349,23,23920.31,1040.0134782608695,11675.54,66,55,23,HIGH
CUST003350,27,13033.09,482.707037037037,1492.41,78,40,27,MEDIUM
CUST003351,26,21931.18,843.506923076923,4026.5,74,40,26,MEDIUM
CUST003352,25,14921.75,596.87,3449.5,64,40,25,MEDIUM
CUST003353,25,16296.42,651.8568,3649.73,91,65,25,HIGH
CUST003354,27,19878.41,736.2374074074074,6092.62,73,55,27,HIGH
CUST003355,23,57097.84,2482.5147826086954,50000.0,58,80,23,CRITICAL
CUST003356,20,12249.26,612.463,4997.17,59,40,20,MEDIUM
CUST003357,27,24315.79,900.5848148148149,5274.25,76,55,27,HIGH
CUST003358,19,16356.92,860.8905263157894,4760.66,52,40,19,MEDIUM
CUST003359,20,14827.75,741.3875,7265.54,52,50,20,HIGH
CUST003360,37,17891.85,483.5635135135135,1872.16,99,40,37,MEDIUM
CUST003361,27,17645.49,653.5366666666667,3137.4,77,40,27,MEDIUM
CUST003362,27,27865.98,1032.0733333333333,6977.6,77,60,27,HIGH
CUST003363,19,10687.88,562.52,1849.96,48,40,19,MEDIUM
CUST003364,20,19020.71,951.0355,10079.55,55,50,20,HIGH
CUST003365,17,10638.5,625.7941176470588,1816.44,49,40,17,MEDIUM
CUST003366,26,10110.11,388.85038461538466,1817.37,77,40,26,MEDIUM
CUST003367,21,19176.84,913.1828571428572,5272.93,54,50,21,HIGH
CUST003368,16,12551.56,784.4725,2090.1,40,40,16,MEDIUM
CUST003369,36,25211.47,700.3186111111112,3998.31,96,40,36,MEDIUM
CUST003370,22,17518.04,796.2745454545455,5029.31,58,50,22,HIGH
CUST003371,23,21455.81,932.8613043478261,6087.56,61,55,23,HIGH
CUST003372,26,19020.15,731.5442307692308,4781.25,66,40,26,MEDIUM
CUST003373,27,26978.41,999.2003703703704,10840.08,76,50,27,HIGH
CUST003374,30,23543.87,784.7956666666666,10645.63,85,55,30,HIGH
CUST003375,21,11080.18,527.6276190476191,1997.33,59,40,21,MEDIUM
CUST003376,23,52100.34,2265.2321739130434,40760.36,67,75,23,CRITICAL
CUST003377,29,21725.85,749.1672413793103,3980.91,76,40,29,MEDIUM
CUST003378,15,10657.949999999999,710.53,4701.44,44,45,15,MEDIUM
CUST003379,23,39944.87,1736.7334782608698,13231.94,61,55,23,HIGH
CUST003380,29,19879.0,685.4827586206897,3880.83,76,40,29,MEDIUM
CUST003381,21,17116.14,815.0542857142857,3004.51,47,35,21,MEDIUM
CUST003382,33,22717.61,688.4124242424242,6527.25,88,50,33,HIGH
CUST003383,20,12083.83,604.1915,4397.5,52,40,20,MEDIUM
CUST003384,28,29597.48,1057.0528571428572,10110.11,77,55,28,HIGH
CUST003385,33,34222.17,1037.0354545454545,13921.52,88,55,33,HIGH
CUST003386,19,8756.19,460.8521052631579,1950.42,54,40,19,MEDIUM
CUST003387,28,38630.59,1379.6639285714284,15778.67,103,75,28,CRITICAL
CUST003388,24,15462.51,644.27125,4446.63,63,40,24,MEDIUM
CUST003389,21,18945.81,902.1814285714287,5716.34,77,70,21,CRITICAL
CUST003390,22,15147.83,688.5377272727272,2026.38,57,40,22,MEDIUM
CUST003391,31,19597.24,632.1690322580646,6561.34,116,60,31,HIGH
CUST003392,20,18687.32,934.366,4648.22,52,40,20,MEDIUM
CUST003393,27,31560.74,1168.9162962962964,13965.6,73,50,27,HIGH
CUST003394,23,17808.9,774.3000000000001,4592.1,62,40,23,MEDIUM
CUST003395,23,14132.529999999999,614.4578260869565,2729.86,60,40,23,MEDIUM
CUST003396,31,21228.71,684.7970967741935,3521.36,79,35,31,MEDIUM
CUST003397,23,11010.51,478.7178260869565,2186.25,59,40,23,MEDIUM
CUST003398,25,11283.81,451.3524,1544.88,65,40,25,MEDIUM
CUST003399,22,7902.94,359.2245454545454,2106.99,80,50,22,HIGH
CUST003400,21,22955.149999999998,1093.1023809523808,10227.05,57,60,21,HIGH
CUST003401,11,9724.810000000001,884.0736363636365,5142.56,29,40,11,MEDIUM
CUST003402,27,24153.45,894.5722222222222,10448.4,77,70,27,CRITICAL
CUST003403,17,9518.44,559.9082352941177,1386.15,68,55,17,HIGH
CUST003404,19,11225.92,590.8378947368421,3803.21,51,40,19,MEDIUM
CUST003405,20,27830.260000000002,1391.5130000000001,11124.54,57,75,20,CRITICAL
CUST003406,23,11746.85,510.7326086956522,1119.27,62,40,23,MEDIUM
CUST003407,18,15701.8,872.3222222222222,6804.33,50,50,18,HIGH
CUST003408,19,5171.35,272.1763157894737,870.6,56,40,19,MEDIUM
CUST003409,27,15448.01,572.1485185185185,2200.32,71,40,27,MEDIUM
CUST003410,22,16710.09,759.5495454545454,7852.08,65,55,22,HIGH
CUST003411,20,10317.09,515.8545,1605.21,55,40,20,MEDIUM
CUST003412,25,14041.33,561.6532,2722.99,67,40,25,MEDIUM
CUST003413,25,20745.59,829.8236,5458.35,65,50,25,HIGH
CUST003414,25,18627.22,745.0888,5149.7,71,50,25,HIGH
CUST003415,26,16366.99,629.4996153846154,3540.5,91,50,26,HIGH
CUST003416,26,10804.38,415.5530769230769,2176.64,71,40,26,MEDIUM
CUST003417,32,26189.98,818.436875,7031.82,89,65,32,HIGH
CUST003418,27,18097.94,670.294074074074,6967.55,75,50,27,HIGH
CUST003419,24,18445.31,768.5545833333334,4081.09,72,40,24,MEDIUM
CUST003420,21,11632.75,553.9404761904761,1830.22,52,40,21,MEDIUM
CUST003421,19,17235.82,907.1484210526315,9482.09,53,75,19,CRITICAL
CUST003422,16,9737.970000000001,608.6231250000001,2001.54,36,35,16,MEDIUM
CUST003423,28,18882.63,674.3796428571429,2254.75,80,40,28,MEDIUM
CUST003424,20,10070.5,503.525,1384.85,48,40,20,MEDIUM
CUST003425,25,52455.119999999995,2098.2048,31061.76,74,75,25,CRITICAL
CUST003426,20,8096.61,404.8305,2394.11,57,40,20,MEDIUM
CUST003427,21,19690.73,937.6538095238095,7418.94,59,55,21,HIGH
CUST003428,25,14492.47,579.6988,3198.08,71,40,25,MEDIUM
CUST003429,22,15654.52,711.569090909091,2356.66,60,40,22,MEDIUM
CUST003430,26,16663.91,640.9196153846153,4245.48,71,40,26,MEDIUM
CUST003431,21,12102.05,576.2880952380953,3119.46,57,40,21,MEDIUM
CUST003432,34,27807.43,817.8655882352941,7853.51,95,55,34,HIGH
CUST003433,22,12783.68,581.0763636363637,2135.03,55,40,22,MEDIUM
CUST003434,23,16605.72,721.9878260869566,3652.43,62,40,23,MEDIUM
CUST003435,25,29829.18,1193.1672,7745.94,93,70,25,CRITICAL
CUST003436,14,9274.98,662.4985714285714,3746.25,41,40,14,MEDIUM
CUST003437,29,21574.12,743.9351724137931,3731.47,79,40,29,MEDIUM
CUST003438,25,15224.67,608.9868,5701.8,71,55,25,HIGH
CUST003439,22,23524.09,1069.2768181818183,8518.51,61,85,22,CRITICAL
CUST003440,26,17859.61,686.9080769230769,2755.77,67,40,26,MEDIUM
CUST003441,23,32212.15,1400.5282608695652,10418.34,58,50,23,HIGH
CUST003442,23,14690.89,638.734347826087,2085.47,58,40,23,MEDIUM
CUST003443,19,12886.86,678.2557894736842,2019.63,50,35,19,MEDIUM
CUST003444,24,23702.54,987.6058333333334,4178.76,68,40,24,MEDIUM
CUST003445,28,20425.61,729.4860714285714,3654.34,106,55,28,HIGH
CUST003446,25,19669.2,786.768,4110.73,68,40,25,MEDIUM
CUST003447,30,20987.89,699.5963333333333,2487.35,84,40,30,MEDIUM
CUST003448,35,27366.21,781.8917142857142,3526.86,93,40,35,MEDIUM
CUST003449,29,27260.04,940.0013793103449,5681.12,80,60,29,HIGH
CUST003450,22,15570.21,707.7368181818182,4165.23,58,40,22,MEDIUM
CUST003451,24,17666.079999999998,736.0866666666666,3153.74,63,40,24,MEDIUM
CUST003452,26,22864.11,879.3888461538462,7485.32,72,65,26,HIGH
CUST003453,27,19565.21,724.6374074074074,8155.04,73,70,27,CRITICAL
CUST003454,30,22425.940000000002,747.5313333333335,2622.78,82,40,30,MEDIUM
CUST003455,22,26675.45,1212.5204545454546,8661.57,66,70,22,CRITICAL
CUST003456,23,27680.73,1203.51,6224.76,63,55,23,HIGH
CUST003457,33,15080.71,456.9912121212121,2534.56,87,40,33,MEDIUM
CUST003458,21,13115.310000000001,624.5385714285715,2281.84,59,40,21,MEDIUM
CUST003459,24,16651.38,693.8075,3431.31,64,35,24,MEDIUM
CUST003460,29,18356.46,632.9813793103448,3739.04,86,40,29,MEDIUM
CUST003461,24,16075.05,669.7937499999999,5058.59,69,50,24,HIGH
CUST003462,32,18076.03,564.8759375,2488.54,87,40,32,MEDIUM
CUST003463,25,12473.300000000001,498.932,2046.55,69,40,25,MEDIUM
CUST003464,22,13903.63,631.9831818181818,4117.63,58,40,22,MEDIUM
CUST003465,23,20980.59,912.1995652173913,3899.75,88,55,23,HIGH
CUST003466,28,27284.18,974.4350000000001,4752.72,75,40,28,MEDIUM
CUST003467,26,18839.5,724.5961538461538,4369.44,69,40,26,MEDIUM
CUST003468,19,11512.48,605.92,2656.12,69,50,19,HIGH
CUST003469,19,8049.9400000000005,423.68105263157895,1900.4,51,40,19,MEDIUM
CUST003470,21,15564.66,741.1742857142857,2645.13,77,50,21,HIGH
CUST003471,22,14536.89,660.7677272727273,1978.19,58,40,22,MEDIUM
CUST003472,18,11665.9,648.1055555555555,3683.39,48,40,18,MEDIUM
CUST003473,20,23639.15,1181.9575,6459.16,60,50,20,HIGH
CUST003474,21,16610.13,790.9585714285715,3013.3,52,35,21,MEDIUM
CUST003475,17,12796.27,752.7217647058824,4876.26,49,40,17,MEDIUM
CUST003476,26,20684.83,795.5703846153847,2667.47,67,40,26,MEDIUM
CUST003477,30,18235.3,607.8433333333334,3447.61,113,55,30,HIGH
CUST003478,28,36532.88,1304.7457142857143,9875.27,83,65,28,HIGH
CUST003479,26,17533.6,674.3692307692307,8496.16,73,65,26,HIGH
CUST003480,23,12342.01,536.6091304347826,2559.35,64,40,23,MEDIUM
CUST003481,21,8606.69,409.84238095238095,1303.37,74,50,21,HIGH
CUST003482,21,14537.24,692.2495238095238,3431.85,57,40,21,MEDIUM
CUST003483,22,15895.78,722.5354545454546,3118.59,57,40,22,MEDIUM
CUST003484,28,29067.16,1038.1128571428571,6049.41,72,50,28,HIGH
CUST003485,18,17380.66,965.5922222222222,3985.3,44,35,18,MEDIUM
CUST003486,25,19829.74,793.1896,5681.5,69,55,25,HIGH
CUST003487,21,10898.74,518.9876190476191,2696.29,66,40,21,MEDIUM
CUST003488,19,11995.17,631.3247368421053,5593.45,48,55,19,HIGH
CUST003489,25,14853.31,594.1324,2689.62,65,40,25,MEDIUM
CUST003490,27,13989.9,518.1444444444444,1939.34,75,40,27,MEDIUM
CUST003491,25,16381.71,655.2683999999999,4227.99,67,40,25,MEDIUM
CUST003492,18,14647.74,813.7633333333333,3999.96,47,40,18,MEDIUM
CUST003493,28,19120.22,682.865,3505.93,67,40,28,MEDIUM
CUST003494,23,30287.56,1316.8504347826088,15409.16,61,50,23,HIGH
CUST003495,20,17284.1,864.2049999999999,5670.01,60,55,20,HIGH
CUST003496,22,18490.68,840.4854545454546,4452.84,56,40,22,MEDIUM
CUST003497,24,12609.710000000001,525.4045833333333,2762.54,65,40,24,MEDIUM
CUST003498,25,22697.66,907.9064,5480.52,70,50,25,HIGH
CUST003499,28,16187.19,578.1139285714286,3209.44,73,40,28,MEDIUM
CUST003500,21,23082.71,1099.1766666666667,9998.98,76,85,21,CRITICAL
CUST003501,23,18322.5,796.6304347826087,4083.3,68,40,23,MEDIUM
CUST003502,23,17823.56,774.9373913043479,5274.18,62,55,23,HIGH
CUST003503,23,12547.39,545.5386956521739,3292.77,60,40,23,MEDIUM
CUST003504,31,28946.03,933.7429032258065,6230.72,91,55,31,HIGH
CUST003505,21,8343.74,397.32095238095235,2041.26,55,35,21,MEDIUM
CUST003506,21,10057.189999999999,478.91380952380945,3889.22,57,40,21,MEDIUM
CUST003507,28,26552.28,948.2957142857142,8312.66,80,65,28,HIGH
CUST003508,17,19236.56,1131.5623529411766,4312.39,46,35,17,MEDIUM
CUST003509,16,7148.9,446.80625,1972.07,41,35,16,MEDIUM
CUST003510,32,15267.35,477.1046875,3173.35,88,40,32,MEDIUM
CUST003511,20,7568.06,378.403,1815.62,54,40,20,MEDIUM
CUST003512,24,12447.15,518.63125,1657.77,62,40,24,MEDIUM
CUST003513,25,15134.02,605.3608,2665.67,68,40,25,MEDIUM
CUST003514,28,17383.73,620.8475,3578.31,77,40,28,MEDIUM
CUST003515,24,15701.4,654.225,3210.62,64,40,24,MEDIUM
CUST003516,26,17515.24,673.663076923077,3062.07,68,40,26,MEDIUM
CUST003517,22,24120.39,1096.3813636363636,9615.12,65,75,22,CRITICAL
CUST003518,26,35272.93,1356.6511538461539,7741.83,75,60,26,HIGH
CUST003519,28,17535.41,626.2646428571428,2082.18,70,40,28,MEDIUM
CUST003520,30,22423.79,747.4596666666667,8174.6,86,70,30,CRITICAL
CUST003521,22,15390.57,699.5713636363636,3471.96,57,40,22,MEDIUM
CUST003522,34,26383.6,775.9882352941177,4456.51,127,50,34,HIGH
CUST003523,26,15863.56,610.136923076923,2608.23,70,40,26,MEDIUM
CUST003524,26,29301.96,1126.9984615384615,6615.97,68,50,26,HIGH
CUST003525,28,14081.869999999999,502.9239285714285,2324.19,78,40,28,MEDIUM
CUST003526,24,22618.91,942.4545833333333,7802.28,61,55,24,HIGH
CUST003527,21,16440.3,782.8714285714285,6295.1,57,50,21,HIGH
CUST003528,22,11210.6,509.57272727272726,1456.05,56,40,22,MEDIUM
CUST003529,30,15348.1,511.60333333333335,2795.93,81,40,30,MEDIUM
CUST003530,25,20985.55,839.422,2305.79,65,40,25,MEDIUM
CUST003531,25,16646.2,665.8480000000001,3196.38,68,40,25,MEDIUM
CUST003532,25,23937.329999999998,957.4931999999999,7826.17,63,50,25,HIGH
CUST003533,22,15851.41,720.5186363636363,4392.32,61,40,22,MEDIUM
CUST003534,19,8527.42,448.81157894736845,1453.27,72,50,19,HIGH
CUST003535,19,15521.89,816.9415789473684,3830.39,53,40,19,MEDIUM
CUST003536,31,28560.23,921.2977419354838,8314.44,82,80,31,CRITICAL
CUST003537,17,11684.3,687.3117647058823,2530.27,48,40,17,MEDIUM
CUST003538,21,10465.67,498.3652380952381,1519.69,57,40,21,MEDIUM
CUST003539,26,27516.63,1058.3319230769232,12690.92,64,50,26,HIGH
CUST003540,22,11492.93,522.4059090909091,2831.42,55,35,22,MEDIUM
CUST003541,28,20937.29,747.7603571428572,3368.46,73,40,28,MEDIUM
CUST003542,27,14660.88,542.9955555555555,4209.62,72,40,27,MEDIUM
CUST003543,24,9732.19,405.5079166666667,1087.38,58,40,24,MEDIUM
CUST003544,28,24074.25,859.7946428571429,7327.04,79,65,28,HIGH
CUST003545,25,12425.64,497.0256,3982.83,69,40,25,MEDIUM
CUST003546,21,10200.03,485.71571428571434,2053.4,56,40,21,MEDIUM
CUST003547,19,10663.21,561.2215789473684,1783.33,54,35,19,MEDIUM
CUST003548,27,46513.159999999996,1722.7096296296295,9175.06,80,70,27,CRITICAL
CUST003549,23,17972.84,781.4278260869565,4616.74,56,40,23,MEDIUM
CUST003550,20,13450.64,672.5319999999999,3715.21,58,40,20,MEDIUM
CUST003551,25,12361.4,494.45599999999996,1910.64,62,40,25,MEDIUM
CUST003552,23,38078.48,1655.586086956522,9733.91,64,70,23,CRITICAL
CUST003553,21,13204.74,628.7971428571428,4038.4,57,40,21,MEDIUM
CUST003554,29,15273.23,526.6631034482758,2910.39,75,40,29,MEDIUM
CUST003555,33,20646.32,625.6460606060606,3216.0,89,40,33,MEDIUM
CUST003556,22,10657.36,484.42545454545456,1643.77,55,35,22,MEDIUM
CUST003557,26,15028.82,578.0315384615385,1811.44,64,35,26,MEDIUM
CUST003558,26,15405.730000000001,592.5280769230769,3030.34,95,55,26,HIGH
CUST003559,19,11986.14,630.8494736842105,4002.01,49,40,19,MEDIUM
CUST003560,25,20572.09,822.8836,5373.39,75,65,25,HIGH
CUST003561,25,31482.609999999997,1259.3044,8354.07,72,70,25,CRITICAL
CUST003562,25,19441.5,777.66,6237.13,67,55,25,HIGH
CUST003563,27,14763.27,546.7877777777778,1522.58,71,40,27,MEDIUM
CUST003564,18,6200.900000000001,344.49444444444447,1125.5,45,35,18,MEDIUM
CUST003565,26,14491.88,557.38,2097.12,96,50,26,HIGH
CUST003566,19,16779.69,883.1415789473683,4802.36,55,45,19,MEDIUM
CUST003567,27,16146.11,598.0040740740741,1671.93,71,40,27,MEDIUM
CUST003568,21,17564.26,836.3933333333332,4177.69,53,40,21,MEDIUM
CUST003569,22,8836.039999999999,401.63818181818175,1592.29,31,20,0,LOW
CUST003570,22,16873.99,766.9995454545456,3626.87,60,40,22,MEDIUM
CUST003571,31,46258.89,1492.2222580645162,19219.71,89,70,31,CRITICAL
CUST003572,23,9753.56,424.0678260869565,2278.36,64,40,23,MEDIUM
CUST003573,36,29475.22,818.7561111111112,4966.91,97,40,36,MEDIUM
CUST003574,24,11217.35,467.38958333333335,2428.34,62,35,24,MEDIUM
CUST003575,24,12331.529999999999,513.8137499999999,2607.8,60,35,24,MEDIUM
CUST003576,21,15498.1,738.004761904762,3455.45,78,50,21,HIGH
CUST003577,24,17822.48,742.6033333333334,3088.44,69,40,24,MEDIUM
CUST003578,20,11256.470000000001,562.8235000000001,2178.17,55,40,20,MEDIUM
CUST003579,27,19692.58,729.3548148148149,2629.32,72,40,27,MEDIUM
CUST003580,19,26978.64,1419.9284210526316,19169.34,50,70,19,CRITICAL
CUST003581,11,7762.870000000001,705.7154545454546,2720.8,30,40,11,MEDIUM
CUST003582,27,28360.239999999998,1050.3792592592592,12297.13,73,55,27,HIGH
CUST003583,23,18730.37,814.3639130434782,5672.56,64,70,23,CRITICAL
CUST003584,32,36047.29,1126.4778125,7751.55,89,50,32,HIGH
CUST003585,35,17785.13,508.14657142857146,1914.99,90,40,35,MEDIUM
CUST003586,28,12298.57,439.23464285714283,1571.97,93,50,28,HIGH
CUST003587,35,20680.23,590.8637142857143,4111.58,92,40,35,MEDIUM
CUST003588,25,13176.3,527.052,3295.91,98,50,25,HIGH
CUST003589,35,23949.06,684.2588571428572,6433.55,94,55,35,HIGH
CUST003590,23,15416.960000000001,670.3026086956522,2860.47,58,40,23,MEDIUM
CUST003591,29,29697.6,1024.0551724137931,6227.36,73,55,29,HIGH
CUST003592,16,9564.25,597.765625,2157.5,44,40,16,MEDIUM
CUST003593,18,7770.94,431.71888888888884,1272.36,47,40,18,MEDIUM
CUST003594,22,14279.07,649.0486363636363,3013.06,65,40,22,MEDIUM
CUST003595,27,20715.350000000002,767.2351851851853,5681.89,75,55,27,HIGH
CUST003596,23,37660.56,1637.415652173913,20599.23,65,70,23,CRITICAL
CUST003597,17,18774.39,1104.375882352941,6122.57,45,55,17,HIGH
CUST003598,16,10905.04,681.565,2895.01,46,40,16,MEDIUM
CUST003599,15,17287.37,1152.4913333333332,5914.25,38,55,15,HIGH
CUST003600,32,34505.32,1078.29125,11439.44,118,80,32,CRITICAL
CUST003601,31,17168.31,553.8164516129033,2809.37,82,40,31,MEDIUM
CUST003602,31,25494.98,822.4187096774193,3814.15,91,40,31,MEDIUM
CUST003603,36,16012.23,444.78416666666664,2334.22,96,40,36,MEDIUM
CUST003604,29,34076.0,1175.0344827586207,7408.51,76,50,29,HIGH
CUST003605,26,12756.58,490.6376923076923,3479.28,69,40,26,MEDIUM
CUST003606,22,9238.37,419.9259090909091,2526.51,58,40,22,MEDIUM
CUST003607,19,18120.47,953.7089473684211,6086.58,53,60,19,HIGH
CUST003608,25,14446.95,577.878,3523.18,69,35,25,MEDIUM
CUST003609,25,12848.24,513.9295999999999,1668.81,94,50,25,HIGH
CUST003610,14,11157.04,796.9314285714287,5293.22,42,40,14,MEDIUM
CUST003611,22,20687.83,940.3559090909092,11293.54,58,70,22,CRITICAL
CUST003612,23,17206.21,748.0960869565217,3228.74,58,40,23,MEDIUM
CUST003613,35,16428.64,469.38971428571426,2443.46,97,40,35,MEDIUM
CUST003614,18,23874.850000000002,1326.3805555555557,7097.06,48,55,18,HIGH
CUST003615,27,15259.27,565.1581481481481,2843.84,74,40,27,MEDIUM
CUST003616,22,16003.5,727.4318181818181,3683.28,58,40,22,MEDIUM
CUST003617,30,22381.88,746.0626666666667,6555.53,83,70,30,CRITICAL
CUST003618,16,5290.71,330.669375,1812.9,41,40,16,MEDIUM
CUST003619,13,13320.3,1024.6384615384616,5993.45,33,35,13,MEDIUM
CUST003620,33,20989.1,636.0333333333333,4599.05,86,40,33,MEDIUM
CUST003621,23,8993.27,391.0117391304348,1849.24,63,40,23,MEDIUM
CUST003622,27,26665.52,987.6118518518518,3897.33,72,40,27,MEDIUM
CUST003623,24,21219.13,884.1304166666667,4857.99,61,40,24,MEDIUM
CUST003624,24,13744.76,572.6983333333334,3488.54,62,40,24,MEDIUM
CUST003625,24,14623.47,609.31125,3112.48,65,40,24,MEDIUM
CUST003626,17,8132.77,478.3982352941177,2057.75,45,40,17,MEDIUM
CUST003627,20,9753.59,487.6795,1635.33,53,40,20,MEDIUM
CUST003628,29,27963.6,964.2620689655172,8327.24,109,85,29,CRITICAL
CUST003629,31,15631.68,504.2477419354839,1357.07,83,40,31,MEDIUM
CUST003630,20,23787.14,1189.357,5507.6,56,55,20,HIGH
CUST003631,22,14878.75,676.3068181818181,2820.31,57,40,22,MEDIUM
CUST003632,16,9527.15,595.446875,1676.26,45,40,16,MEDIUM
CUST003633,21,14112.43,672.0204761904762,2667.3,57,40,21,MEDIUM
CUST003634,39,17928.5,459.70512820512823,1837.15,108,40,39,MEDIUM
CUST003635,28,29975.579999999998,1070.5564285714286,4862.4,76,40,28,MEDIUM
CUST003636,32,38765.01,1211.4065625,6077.99,92,55,32,HIGH
CUST003637,32,24684.690000000002,771.3965625000001,7320.92,94,70,32,CRITICAL
CUST003638,20,11263.01,563.1505,1792.46,56,40,20,MEDIUM
CUST003639,32,25059.09,783.0965625,3841.98,92,45,32,MEDIUM
CUST003640,22,14231.79,646.8995454545455,2015.63,63,40,22,MEDIUM
CUST003641,18,10750.43,597.2461111111111,5180.82,53,50,18,HIGH
CUST003642,34,20429.16,600.8576470588235,3324.99,128,55,34,HIGH
CUST003643,25,17562.12,702.4848,3679.29,71,40,25,MEDIUM
CUST003644,31,23060.41,743.8841935483871,5190.36,86,50,31,HIGH
CUST003645,18,9483.29,526.8494444444445,2035.13,27,20,0,LOW
CUST003646,25,11240.94,449.6376,1680.66,68,40,25,MEDIUM
CUST003647,17,17860.23,1050.6017647058823,5023.75,49,70,17,CRITICAL
CUST003648,26,11978.29,460.70346153846157,2904.6,71,40,26,MEDIUM
CUST003649,27,16076.64,595.4311111111111,3593.56,79,50,27,HIGH
CUST003650,24,16207.15,675.2979166666667,2970.64,62,40,24,MEDIUM
CUST003651,22,7214.570000000001,327.935,1294.93,53,40,22,MEDIUM
CUST003652,26,23503.530000000002,903.9819230769232,8282.95,71,80,26,CRITICAL
CUST003653,28,18661.78,666.4921428571428,5610.66,69,55,28,HIGH
CUST003654,31,19373.17,624.9409677419354,4139.94,78,40,31,MEDIUM
CUST003655,18,13333.59,740.755,2820.72,52,40,18,MEDIUM
CUST003656,24,12634.76,526.4483333333334,2054.86,64,40,24,MEDIUM
CUST003657,28,14332.95,511.8910714285715,2606.1,72,35,28,MEDIUM
CUST003658,27,21913.19,811.5996296296296,5399.15,75,65,27,HIGH
CUST003659,26,23683.140000000003,910.8900000000001,8813.19,70,70,26,CRITICAL
CUST003660,18,11832.1,657.338888888889,2982.44,51,40,18,MEDIUM
CUST003661,25,32860.26,1314.4104,9767.06,68,70,25,CRITICAL
CUST003662,29,28056.97,967.4817241379311,6697.81,75,50,29,HIGH
CUST003663,24,50070.08,2086.2533333333336,41872.72,67,80,24,CRITICAL
CUST003664,23,15258.83,663.4273913043478,5440.77,89,60,23,HIGH
CUST003665,30,22624.899999999998,754.1633333333333,5101.99,78,50,30,HIGH
CUST003666,20,15404.699999999999,770.2349999999999,6639.61,54,50,20,HIGH
CUST003667,15,21538.87,1435.9246666666666,8753.99,41,70,15,CRITICAL
CUST003668,26,25004.22,961.7007692307693,4933.18,79,40,26,MEDIUM
CUST003669,24,15920.519999999999,663.3549999999999,4188.94,63,40,24,MEDIUM
CUST003670,24,11837.14,493.21416666666664,1569.43,64,40,24,MEDIUM
CUST003671,26,14790.949999999999,568.8826923076923,2652.56,71,40,26,MEDIUM
CUST003672,28,20474.74,731.2407142857144,3362.94,102,50,28,HIGH
CUST003673,28,17640.35,630.0124999999999,3794.97,74,40,28,MEDIUM
CUST003674,23,15715.93,683.3013043478261,6106.27,63,60,23,HIGH
CUST003675,27,18785.58,695.7622222222222,2862.46,66,40,27,MEDIUM
CUST003676,20,16561.9,828.095,2843.66,54,40,20,MEDIUM
CUST003677,28,16553.37,591.1917857142856,2845.29,78,40,28,MEDIUM
CUST003678,24,9138.19,380.7579166666667,1443.36,63,40,24,MEDIUM
CUST003679,23,11814.04,513.6539130434783,2322.71,55,35,23,MEDIUM
CUST003680,28,23552.53,841.1617857142857,3873.03,79,40,28,MEDIUM
CUST003681,16,8819.27,551.204375,3770.13,42,40,16,MEDIUM
CUST003682,17,8299.9,488.22941176470584,1020.05,47,40,17,MEDIUM
CUST003683,18,10284.99,571.3883333333333,3275.29,49,40,18,MEDIUM
CUST003684,27,20229.47,749.2396296296297,7143.42,67,50,27,HIGH
CUST003685,23,18333.43,797.1056521739131,2482.71,64,40,23,MEDIUM
CUST003686,14,6360.6,454.3285714285715,1216.45,38,35,14,MEDIUM
CUST003687,35,26520.97,757.7420000000001,3847.52,93,40,35,MEDIUM
CUST003688,36,23698.45,658.2902777777778,2533.64,97,40,36,MEDIUM
CUST003689,26,9549.83,367.30115384615385,1051.93,72,40,26,MEDIUM
CUST003690,24,14369.83,598.7429166666667,2733.08,68,40,24,MEDIUM
CUST003691,23,16653.010000000002,724.0439130434784,4853.43,86,50,23,HIGH
CUST003692,36,51699.11,1436.086388888889,14423.19,101,70,36,CRITICAL
CUST003693,32,21352.72,667.2725,4098.18,76,35,32,MEDIUM
CUST003694,14,12579.15,898.5107142857142,6347.45,38,40,14,MEDIUM
CUST003695,23,20903.74,908.8582608695652,6372.83,65,50,23,HIGH
CUST003696,23,20193.03,877.9578260869565,4526.32,60,40,23,MEDIUM
CUST003697,15,4634.78,308.9853333333333,965.49,42,40,15,MEDIUM
CUST003698,27,28890.06,1070.0022222222224,6379.7,77,50,27,HIGH
CUST003699,28,10801.58,385.7707142857143,1304.11,68,40,28,MEDIUM
CUST003700,26,9593.12,368.9661538461539,1475.28,67,40,26,MEDIUM
CUST003701,19,7679.23,404.16999999999996,1739.23,71,50,19,HIGH
CUST003702,17,11736.14,690.3611764705882,2771.01,43,35,17,MEDIUM
CUST003703,21,7466.08,355.52761904761905,1658.02,54,35,21,MEDIUM
CUST003704,21,17020.22,810.4866666666667,4835.04,54,40,21,MEDIUM
CUST003705,24,16868.68,702.8616666666667,3316.43,62,50,24,HIGH
CUST003706,30,35047.47,1168.249,7462.51,81,60,30,HIGH
CUST003707,16,10080.48,630.03,2401.21,41,40,16,MEDIUM
CUST003708,19,11392.01,599.5794736842105,1945.46,74,50,19,HIGH
CUST003709,20,15589.989999999998,779.4994999999999,7460.57,74,60,20,HIGH
CUST003710,24,15381.05,640.8770833333333,2949.8,70,40,24,MEDIUM
CUST003711,19,11812.480000000001,621.7094736842106,4700.18,52,40,19,MEDIUM
CUST003712,33,14775.2,447.73333333333335,1452.77,81,40,33,MEDIUM
CUST003713,23,16620.78,722.6426086956521,3096.1,59,40,23,MEDIUM
CUST003714,30,18396.98,613.2326666666667,4459.26,78,40,30,MEDIUM
CUST003715,24,24925.86,1038.5775,7765.14,67,60,24,HIGH
CUST003716,25,14685.33,587.4132,3345.66,66,35,25,MEDIUM
CUST003717,20,12435.23,621.7615,4341.72,53,40,20,MEDIUM
CUST003718,30,13949.47,464.9823333333333,2042.38,77,40,30,MEDIUM
CUST003719,35,19200.82,548.5948571428571,4483.69,121,55,35,HIGH
CUST003720,26,20897.14,803.7361538461538,3367.11,67,40,26,MEDIUM
CUST003721,23,31104.41,1352.365652173913,6651.17,82,60,23,HIGH
CUST003722,26,22407.1,861.8115384615384,4865.83,67,40,26,MEDIUM
CUST003723,24,18054.2,752.2583333333333,6724.99,63,55,24,HIGH
CUST003724,25,13326.32,533.0527999999999,2927.88,69,40,25,MEDIUM
CUST003725,24,15282.09,636.75375,3377.66,69,40,24,MEDIUM
CUST003726,22,17726.07,805.7304545454546,6892.3,60,55,22,HIGH
CUST003727,32,27360.64,855.02,5967.1,90,50,32,HIGH
CUST003728,22,18284.27,831.1031818181818,5309.89,64,50,22,HIGH
CUST003729,22,11116.84,505.3109090909091,3556.08,56,40,22,MEDIUM
CUST003730,13,8120.09,624.6223076923077,2725.06,32,35,13,MEDIUM
CUST003731,28,17782.99,635.1067857142858,3097.57,76,40,28,MEDIUM
CUST003732,20,18016.9,900.845,4548.85,47,35,20,MEDIUM
CUST003733,23,11092.3,482.2739130434782,2480.5,60,35,23,MEDIUM
CUST003734,24,28884.27,1203.51125,14645.32,65,50,24,HIGH
CUST003735,16,15101.95,943.871875,2740.98,61,50,16,HIGH
CUST003736,25,10350.17,414.0068,1791.51,67,40,25,MEDIUM
CUST003737,31,14426.51,465.37129032258065,2870.2,76,40,31,MEDIUM
CUST003738,23,16212.34,704.8843478260869,4756.16,63,40,23,MEDIUM
CUST003739,25,22213.5,888.54,5512.91,99,70,25,CRITICAL
CUST003740,24,23716.64,988.1933333333333,9823.14,64,75,24,CRITICAL
CUST003741,34,24657.57,725.2226470588236,4994.28,92,40,34,MEDIUM
CUST003742,35,14423.26,412.0931428571429,1932.13,90,40,35,MEDIUM
CUST003743,21,11874.17,565.4366666666667,2398.86,56,40,21,MEDIUM
CUST003744,24,18262.03,760.9179166666667,3717.33,66,40,24,MEDIUM
CUST003745,23,11246.06,488.9591304347826,2592.17,68,40,23,MEDIUM
CUST003746,28,16783.05,599.3946428571428,2411.88,73,40,28,MEDIUM
CUST003747,29,27038.77,932.3713793103449,8677.76,79,65,29,HIGH
CUST003748,22,15912.03,723.2740909090909,2535.61,63,40,22,MEDIUM
CUST003749,28,22458.55,802.0910714285714,3506.42,78,40,28,MEDIUM
CUST003750,21,18245.45,868.8309523809525,4197.52,57,40,21,MEDIUM
CUST003751,22,11910.15,541.3704545454545,1668.74,65,40,22,MEDIUM
CUST003752,25,14986.31,599.4524,2728.8,67,40,25,MEDIUM
CUST003753,22,10830.310000000001,492.28681818181826,1785.71,78,50,22,HIGH
CUST003754,24,16222.589999999998,675.94125,4439.69,66,40,24,MEDIUM
CUST003755,22,12790.859999999999,581.4027272727272,4659.66,60,50,22,HIGH
CUST003756,27,15560.94,576.3311111111111,3930.36,72,40,27,MEDIUM
CUST003757,24,16572.06,690.5025,6387.05,63,55,24,HIGH
CUST003758,23,14901.61,647.8960869565218,3375.23,61,40,23,MEDIUM
CUST003759,23,16438.79,714.73,2883.37,59,40,23,MEDIUM
CUST003760,23,8673.4,377.10434782608695,1301.12,63,40,23,MEDIUM
CUST003761,31,26335.08,849.5187096774195,4912.43,79,40,31,MEDIUM
CUST003762,20,29768.82,1488.441,11992.39,57,70,20,CRITICAL
CUST003763,21,9734.92,463.5676190476191,3205.11,55,40,21,MEDIUM
CUST003764,24,12000.47,500.0195833333333,2780.51,63,35,24,MEDIUM
CUST003765,29,23877.13,823.3493103448276,3140.32,80,40,29,MEDIUM
CUST003766,21,21992.65,1047.2690476190478,4915.3,57,40,21,MEDIUM
CUST003767,28,19113.3,682.6178571428571,2145.15,76,40,28,MEDIUM
CUST003768,18,10862.42,603.4677777777778,1671.91,48,40,18,MEDIUM
CUST003769,24,18865.3,786.0541666666667,3290.5,84,55,24,HIGH
CUST003770,26,17156.34,659.8592307692307,3402.07,70,40,26,MEDIUM
CUST003771,20,8934.42,446.721,1249.78,53,40,20,MEDIUM
CUST003772,21,17817.56,848.4552380952382,3126.74,50,35,21,MEDIUM
CUST003773,12,13920.23,1160.0191666666667,3769.59,31,40,12,MEDIUM
CUST003774,27,18081.34,669.6792592592593,4364.47,75,40,27,MEDIUM
CUST003775,22,15308.16,695.8254545454546,2109.45,54,35,22,MEDIUM
CUST003776,21,13804.9,657.3761904761905,1714.8,56,40,21,MEDIUM
CUST003777,22,10769.59,489.5268181818182,2647.63,59,40,22,MEDIUM
CUST003778,33,22393.11,678.579090909091,3032.04,90,40,33,MEDIUM
CUST003779,24,14897.81,620.7420833333333,5553.75,64,55,24,HIGH
CUST003780,19,13817.28,727.2252631578948,3609.25,65,85,19,CRITICAL
CUST003781,30,39865.9,1328.8633333333335,12932.88,119,85,30,CRITICAL
CUST003782,28,16986.79,606.6710714285715,5505.48,73,55,28,HIGH
CUST003783,25,31857.56,1274.3024,15276.6,71,65,25,HIGH
CUST003784,29,50744.79,1749.8203448275863,26856.38,111,75,29,CRITICAL
CUST003785,25,23936.56,957.4624,8650.63,64,65,25,HIGH
CUST003786,25,16931.99,677.2796000000001,5993.77,75,50,25,HIGH
CUST003787,28,32374.37,1156.2275,7146.76,79,55,28,HIGH
CUST003788,30,23537.92,784.5973333333333,4760.89,80,40,30,MEDIUM
CUST003789,24,16298.52,679.105,3229.5,59,40,24,MEDIUM
CUST003790,26,15883.24,610.8938461538462,7144.73,94,60,26,HIGH
CUST003791,28,56754.12,2026.9328571428573,23579.99,76,70,28,CRITICAL
CUST003792,32,39281.37,1227.5428125,7285.57,89,60,32,HIGH
CUST003793,28,23661.44,845.0514285714286,6003.59,79,55,28,HIGH
CUST003794,29,28551.47,984.5334482758622,3820.44,77,40,29,MEDIUM
CUST003795,21,16353.66,778.7457142857143,4588.0,60,40,21,MEDIUM
CUST003796,17,12232.27,719.5452941176471,4877.62,42,40,17,MEDIUM
CUST003797,21,17547.100000000002,835.5761904761906,10252.36,58,50,21,HIGH
CUST003798,21,13291.69,632.937619047619,2473.45,55,40,21,MEDIUM
CUST003799,33,35385.950000000004,1072.3015151515153,22522.18,89,65,33,HIGH
CUST003800,33,51828.630000000005,1570.5645454545456,32041.18,98,80,33,CRITICAL
CUST003801,19,15565.83,819.2542105263158,3193.67,56,40,19,MEDIUM
CUST003802,24,15082.460000000001,628.4358333333333,2501.02,70,40,24,MEDIUM
CUST003803,26,21706.010000000002,834.8465384615386,3961.35,70,40,26,MEDIUM
CUST003804,20,13007.95,650.3975,2885.57,53,40,20,MEDIUM
CUST003805,34,15162.51,445.9561764705882,1756.77,96,40,34,MEDIUM
CUST003806,21,13565.210000000001,645.962380952381,3048.7,57,40,21,MEDIUM
CUST003807,28,11101.58,396.485,1209.94,82,40,28,MEDIUM
CUST003808,29,14368.64,495.4703448275862,2116.25,103,55,29,HIGH
CUST003809,19,19936.89,1049.31,5063.78,57,55,19,HIGH
CUST003810,28,15232.4,544.0142857142857,2896.1,70,40,28,MEDIUM
CUST003811,28,17538.46,626.3735714285714,3928.18,73,40,28,MEDIUM
CUST003812,32,16237.3,507.415625,3213.47,85,40,32,MEDIUM
CUST003813,22,15371.97,698.7259090909091,4362.08,81,50,22,HIGH
CUST003814,25,15708.17,628.3268,2085.73,90,55,25,HIGH
CUST003815,19,11255.32,592.3852631578948,3985.02,48,40,19,MEDIUM
CUST003816,32,25413.36,794.1675,3796.16,84,40,32,MEDIUM
CUST003817,20,14938.56,746.928,4179.84,54,40,20,MEDIUM
CUST003818,29,31576.8,1088.855172413793,6225.76,81,50,29,HIGH
CUST003819,23,10905.34,474.14521739130436,1548.9,60,40,23,MEDIUM
CUST003820,30,24060.31,802.0103333333334,7551.76,82,55,30,HIGH
CUST003821,20,12705.53,635.2765,2377.4,55,40,20,MEDIUM
CUST003822,31,22917.46,739.2729032258064,6148.92,81,50,31,HIGH
CUST003823,23,20517.26,892.0547826086956,4616.67,61,40,23,MEDIUM
CUST003824,22,14915.39,677.9722727272728,6121.92,63,50,22,HIGH
CUST003825,26,17737.94,682.2284615384615,2230.46,69,40,26,MEDIUM
CUST003826,25,14252.869999999999,570.1148,2803.5,69,40,25,MEDIUM
CUST003827,24,20106.56,837.7733333333334,8018.13,66,70,24,CRITICAL
CUST003828,20,11208.8,560.4399999999999,2657.45,54,35,20,MEDIUM
CUST003829,21,17161.54,817.2161904761905,10337.51,61,60,21,HIGH
CUST003830,21,19734.21,939.7242857142857,3406.79,57,40,21,MEDIUM
CUST003831,16,11396.869999999999,712.3043749999999,3523.86,20,20,0,LOW
CUST003832,21,12868.05,612.7642857142857,2700.63,56,40,21,MEDIUM
CUST003833,22,10419.86,473.63000000000005,1318.64,58,40,22,MEDIUM
CUST003834,30,33449.43,1114.981,8646.75,82,70,30,CRITICAL
CUST003835,33,19225.36,582.5866666666667,3228.22,85,40,33,MEDIUM
CUST003836,30,29191.29,973.043,6769.18,77,50,30,HIGH
CUST003837,13,6320.7,486.2076923076923,1332.19,32,35,13,MEDIUM
CUST003838,23,14231.47,618.7595652173912,2607.47,60,40,23,MEDIUM
CUST003839,25,14223.29,568.9316,2151.79,66,35,25,MEDIUM
CUST003840,31,27475.07,886.2925806451613,9309.37,83,70,31,CRITICAL
CUST003841,26,14296.26,549.8561538461538,1645.72,73,40,26,MEDIUM
CUST003842,21,16217.94,772.2828571428572,4115.74,61,40,21,MEDIUM
CUST003843,25,14104.45,564.178,2251.86,63,35,25,MEDIUM
CUST003844,22,11271.95,512.3613636363636,3045.48,57,40,22,MEDIUM
CUST003845,39,20158.42,516.8825641025641,3471.43,106,40,39,MEDIUM
CUST003846,27,16644.4,616.4592592592593,2715.09,72,40,27,MEDIUM
CUST003847,27,28575.600000000002,1058.3555555555556,6752.2,75,60,27,HIGH
CUST003848,25,26014.489999999998,1040.5796,6300.48,70,60,25,HIGH
CUST003849,25,18588.45,743.538,3057.25,69,40,25,MEDIUM
CUST003850,21,12420.67,591.4604761904762,2807.87,50,40,21,MEDIUM
CUST003851,33,20755.01,628.9396969696969,1994.2,87,40,33,MEDIUM
CUST003852,21,20614.76,981.655238095238,4817.99,61,40,21,MEDIUM
CUST003853,17,10812.02,636.0011764705882,3296.84,47,40,17,MEDIUM
CUST003854,15,10417.73,694.5153333333333,2644.17,43,40,15,MEDIUM
CUST003855,27,18648.77,690.6951851851852,2841.71,80,40,27,MEDIUM
CUST003856,29,30272.54,1043.8806896551725,10473.99,76,55,29,HIGH
CUST003857,22,9374.8,426.12727272727267,1611.87,83,50,22,HIGH
CUST003858,27,19470.6,721.1333333333333,3040.39,75,40,27,MEDIUM
CUST003859,23,24368.93,1059.5186956521738,6485.12,57,50,23,HIGH
CUST003860,29,28799.420000000002,993.0834482758621,15968.39,83,70,29,CRITICAL
CUST003861,12,3646.66,303.8883333333333,684.47,30,35,12,MEDIUM
CUST003862,27,20670.13,765.5603703703704,5988.51,76,55,27,HIGH
CUST003863,20,11644.210000000001,582.2105,3564.32,51,35,20,MEDIUM
CUST003864,17,8340.52,490.61882352941177,2429.95,41,35,17,MEDIUM
CUST003865,25,17078.38,683.1352,2741.51,74,40,25,MEDIUM
CUST003866,25,39801.659999999996,1592.0664,17353.67,66,70,25,CRITICAL
CUST003867,24,10319.11,429.9629166666667,1197.76,67,40,24,MEDIUM
CUST003868,26,26392.82,1015.1084615384615,15778.85,65,50,26,HIGH
CUST003869,43,37925.03,881.9774418604651,9991.18,117,85,43,CRITICAL
CUST003870,32,19029.63,594.6759375,3936.14,90,40,32,MEDIUM
CUST003871,13,11202.58,861.7369230769231,3425.14,34,40,13,MEDIUM
CUST003872,30,14030.039999999999,467.66799999999995,2671.6,89,40,30,MEDIUM
CUST003873,20,13456.130000000001,672.8065,1846.63,59,40,20,MEDIUM
CUST003874,23,16510.62,717.8530434782608,4133.19,62,40,23,MEDIUM
CUST003875,26,12023.57,462.445,1644.07,65,40,26,MEDIUM
CUST003876,32,17804.23,556.3821875,3249.49,82,40,32,MEDIUM
CUST003877,20,13718.92,685.946,3127.95,74,55,20,HIGH
CUST003878,19,5991.91,315.3636842105263,1752.43,53,40,19,MEDIUM
CUST003879,17,11307.51,665.1476470588235,2354.06,59,55,17,HIGH
CUST003880,27,16441.62,608.9488888888889,3443.56,74,40,27,MEDIUM
CUST003881,17,10686.36,628.6094117647059,2779.0,62,50,17,HIGH
CUST003882,19,10682.050000000001,562.2131578947369,2745.01,49,35,19,MEDIUM
CUST003883,18,12171.79,676.2105555555556,2152.96,46,35,18,MEDIUM
CUST003884,20,15001.34,750.067,3341.09,53,40,20,MEDIUM
CUST003885,25,14246.25,569.85,2536.19,90,50,25,HIGH
CUST003886,19,13910.82,732.1484210526315,5103.67,56,55,19,HIGH
CUST003887,35,28639.57,818.2734285714286,3974.16,93,40,35,MEDIUM
CUST003888,37,24393.65,659.2878378378379,3673.54,100,40,37,MEDIUM
CUST003889,22,50830.17999999999,2310.462727272727,42854.71,57,80,22,CRITICAL
CUST003890,25,20176.49,807.0596,3159.65,70,40,25,MEDIUM
CUST003891,23,15858.32,689.4921739130434,2937.04,65,40,23,MEDIUM
CUST003892,29,38986.78,1344.371724137931,11577.15,78,65,29,HIGH
CUST003893,21,15186.91,723.1861904761905,2455.01,33,20,0,LOW
CUST003894,23,14231.45,618.758695652174,1680.46,61,40,23,MEDIUM
CUST003895,20,12586.99,629.3495,2049.81,51,40,20,MEDIUM
CUST003896,19,23616.36,1242.9663157894738,7844.13,55,55,19,HIGH
CUST003897,25,24587.53,983.5011999999999,6464.44,69,55,25,HIGH
CUST003898,21,16980.67,808.6033333333332,2447.5,52,35,21,MEDIUM
CUST003899,30,19417.31,647.2436666666667,6375.29,83,55,30,HIGH
CUST003900,31,21354.83,688.8654838709678,5177.14,81,55,31,HIGH
CUST003901,25,20048.69,801.9476,4643.67,70,40,25,MEDIUM
CUST003902,20,17911.26,895.5629999999999,4734.43,57,50,20,HIGH
CUST003903,22,10943.57,497.435,1723.28,58,35,22,MEDIUM
CUST003904,27,15338.880000000001,568.1066666666667,1890.5,73,40,27,MEDIUM
CUST003905,29,23744.260000000002,818.7675862068966,5050.59,75,55,29,HIGH
CUST003906,21,19992.98,952.0466666666666,4775.89,55,35,21,MEDIUM
CUST003907,26,19024.07,731.6949999999999,8823.5,75,65,26,HIGH
CUST003908,19,9967.8,524.6210526315789,1520.15,55,40,19,MEDIUM
CUST003909,26,15368.58,591.0992307692308,2850.94,71,40,26,MEDIUM
CUST003910,22,16846.14,765.7336363636364,3375.22,56,35,22,MEDIUM
CUST003911,21,23130.64,1101.4590476190476,9040.27,58,85,21,CRITICAL
CUST003912,26,54332.7,2089.7192307692308,22937.51,72,55,26,HIGH
CUST003913,17,6781.62,398.9188235294118,1131.06,48,40,17,MEDIUM
CUST003914,26,24876.399999999998,956.7846153846153,6831.94,69,50,26,HIGH
CUST003915,19,41383.69,2178.088947368421,28319.5,51,60,19,HIGH
CUST003916,27,26897.2,996.1925925925926,9463.43,82,80,27,CRITICAL
CUST003917,22,7739.79,351.80863636363637,1666.91,59,40,22,MEDIUM
CUST003918,22,11279.04,512.6836363636364,1838.99,56,40,22,MEDIUM
CUST003919,14,8342.72,595.9085714285713,1902.99,33,40,14,MEDIUM
CUST003920,30,21634.510000000002,721.1503333333334,4388.6,78,40,30,MEDIUM
CUST003921,33,23693.079999999998,717.9721212121211,6218.32,80,50,33,HIGH
CUST003922,25,21044.42,841.7768,4164.24,69,40,25,MEDIUM
CUST003923,18,11963.76,664.6533333333333,2449.62,49,40,18,MEDIUM
CUST003924,16,8193.03,512.064375,1881.15,44,40,16,MEDIUM
CUST003925,21,16214.85,772.1357142857144,4070.84,57,40,21,MEDIUM
CUST003926,25,33836.94,1353.4776000000002,12269.75,68,65,25,HIGH
CUST003927,21,11422.380000000001,543.9228571428572,2307.16,56,25,14,MEDIUM
CUST003928,17,8603.11,506.0652941176471,1974.45,49,40,17,MEDIUM
CUST003929,26,17257.96,663.7676923076923,7438.17,66,55,26,HIGH
CUST003930,26,19187.46,737.9792307692308,4820.76,71,40,26,MEDIUM
CUST003931,24,24207.02,1008.6258333333334,7993.44,68,50,24,HIGH
CUST003932,21,18281.89,870.5661904761904,3332.98,57,40,21,MEDIUM
CUST003933,29,14732.33,508.0113793103448,2126.56,72,40,29,MEDIUM
CUST003934,20,20740.04,1037.002,3550.56,55,40,20,MEDIUM
CUST003935,31,18497.399999999998,596.6903225806451,3151.99,85,40,31,MEDIUM
CUST003936,26,25221.370000000003,970.0526923076924,6580.81,75,55,26,HIGH
CUST003937,25,22819.64,912.7855999999999,9898.26,76,65,25,HIGH
CUST003938,20,21122.96,1056.148,10636.47,81,60,20,HIGH
CUST003939,23,22552.39,980.5386956521739,3749.91,57,40,23,MEDIUM
CUST003940,24,14655.310000000001,610.6379166666667,2666.53,64,40,24,MEDIUM
CUST003941,16,22559.23,1409.951875,9430.22,44,70,16,CRITICAL
CUST003942,24,13576.88,565.7033333333333,2694.34,60,40,24,MEDIUM
CUST003943,20,9526.98,476.349,2684.77,47,40,20,MEDIUM
CUST003944,19,13684.15,720.2184210526316,3451.6,49,40,19,MEDIUM
CUST003945,26,10610.53,408.0973076923077,1432.02,66,40,26,MEDIUM
CUST003946,21,15877.94,756.092380952381,3866.06,58,40,21,MEDIUM
CUST003947,20,6914.13,345.7065,1168.68,50,40,20,MEDIUM
CUST003948,20,15355.5,767.775,3732.14,55,40,20,MEDIUM
CUST003949,31,17629.68,568.6993548387097,2818.67,81,40,31,MEDIUM
CUST003950,19,11075.9,582.9421052631578,1899.34,52,40,19,MEDIUM
CUST003951,25,7548.6900000000005,301.9476,1558.07,63,35,25,MEDIUM
CUST003952,22,17727.59,805.7995454545454,2929.45,58,40,22,MEDIUM
CUST003953,19,19339.12,1017.8484210526316,7627.1,60,50,19,HIGH
CUST003954,26,18093.57,695.9065384615385,3122.36,71,40,26,MEDIUM
CUST003955,22,13481.81,612.8095454545454,2758.13,59,40,22,MEDIUM
CUST003956,29,22723.05,783.553448275862,5803.87,109,65,29,HIGH
CUST003957,28,14753.28,526.9028571428572,3905.15,72,40,28,MEDIUM
CUST003958,26,25669.36,987.2830769230769,8853.98,74,65,26,HIGH
CUST003959,18,12841.77,713.4316666666667,2452.85,47,40,18,MEDIUM
CUST003960,23,13561.34,589.6234782608695,5882.22,88,70,23,CRITICAL
CUST003961,18,11709.87,650.5483333333334,1951.9,53,40,18,MEDIUM
CUST003962,21,21812.1,1038.6714285714286,6102.98,55,55,21,HIGH
CUST003963,23,22605.050000000003,982.8282608695654,5577.3,62,55,23,HIGH
CUST003964,22,15944.99,724.7722727272727,3671.37,56,40,22,MEDIUM
CUST003965,21,28562.37,1360.1128571428571,13691.47,56,75,21,CRITICAL
CUST003966,20,19941.82,997.091,5543.49,53,50,20,HIGH
CUST003967,29,11176.84,385.408275862069,1366.61,81,40,29,MEDIUM
CUST003968,30,22237.62,741.254,3103.15,82,40,30,MEDIUM
CUST003969,26,25324.21,974.0080769230769,12891.08,95,65,26,HIGH
CUST003970,34,62335.04,1833.3835294117648,41700.17,100,80,34,CRITICAL
CUST003971,25,18122.39,724.8956,6729.82,64,55,25,HIGH
CUST003972,17,9077.25,533.9558823529412,1412.05,43,35,17,MEDIUM
CUST003973,23,39692.340000000004,1725.7539130434784,20833.81,71,65,23,HIGH
CUST003974,18,8126.33,451.4627777777778,1690.6,44,35,18,MEDIUM
CUST003975,21,16796.86,799.8504761904762,7760.53,59,60,21,HIGH
CUST003976,40,19451.02,486.2755,1730.25,108,40,40,MEDIUM
CUST003977,21,13658.07,650.3842857142857,2198.96,49,40,21,MEDIUM
CUST003978,25,20021.26,800.8503999999999,3143.08,74,50,25,HIGH
CUST003979,19,12616.43,664.0226315789474,2824.5,49,40,19,MEDIUM
CUST003980,17,16225.609999999999,954.4476470588235,7485.78,42,55,17,HIGH
CUST003981,21,12750.96,607.1885714285714,4167.57,80,55,21,HIGH
CUST003982,23,11923.26,518.4026086956521,2067.61,60,35,23,MEDIUM
CUST003983,37,16465.28,445.00756756756755,1810.22,98,40,37,MEDIUM
CUST003984,27,17116.44,633.9422222222222,2731.17,74,40,27,MEDIUM
CUST003985,29,25195.57,868.8127586206897,6036.79,78,50,29,HIGH
CUST003986,22,8965.65,407.5295454545454,1013.18,60,40,22,MEDIUM
CUST003987,23,13310.85,578.7326086956522,2563.91,61,40,23,MEDIUM
CUST003988,22,18767.3,853.0590909090909,5121.41,53,60,22,HIGH
CUST003989,23,26960.489999999998,1172.1952173913044,6594.19,63,50,23,HIGH
CUST003990,25,19291.52,771.6608,7634.41,65,55,25,HIGH
CUST003991,34,17311.85,509.17205882352937,2068.06,93,40,34,MEDIUM
CUST003992,22,9705.64,441.1654545454545,1855.32,60,40,22,MEDIUM
CUST003993,22,33477.35,1521.6977272727272,10305.24,58,50,22,HIGH
CUST003994,17,15749.49,926.4405882352941,3166.06,45,35,17,MEDIUM
CUST003995,21,11116.4,529.3523809523809,3763.0,60,40,21,MEDIUM
CUST003996,23,11280.699999999999,490.4652173913043,2088.12,66,40,23,MEDIUM
CUST003997,23,11709.79,509.12130434782614,2647.27,63,40,23,MEDIUM
CUST003998,23,16902.1,734.8739130434782,3165.85,82,50,23,HIGH
CUST003999,17,17099.39,1005.8464705882352,5545.62,43,55,17,HIGH
CUST004000,29,25254.66,870.8503448275862,4994.35,75,40,29,MEDIUM
CUST004001,26,24809.41,954.2080769230769,11885.15,73,55,26,HIGH
CUST004002,25,14248.880000000001,569.9552,2385.34,71,40,25,MEDIUM
CUST004003,28,15174.310000000001,541.9396428571429,3488.46,73,40,28,MEDIUM
CUST004004,21,14677.59,698.9328571428572,2125.71,54,40,21,MEDIUM
CUST004005,19,10944.25,576.0131578947369,3016.62,64,50,19,HIGH
CUST004006,29,18641.91,642.8244827586207,2794.57,78,40,29,MEDIUM
CUST004007,22,15381.02,699.1372727272727,3343.73,57,40,22,MEDIUM
CUST004008,39,34557.29,886.084358974359,3972.14,106,40,39,MEDIUM
CUST004009,25,15075.07,603.0028,2509.01,69,40,25,MEDIUM
CUST004010,24,15281.6,636.7333333333333,3578.78,63,35,24,MEDIUM
CUST004011,14,15736.32,1124.0228571428572,2766.43,40,40,14,MEDIUM
CUST004012,23,39125.61,1701.1134782608697,13837.28,63,85,23,CRITICAL
CUST004013,23,13904.71,604.5526086956521,3812.0,60,40,23,MEDIUM
CUST004014,17,10934.380000000001,643.1988235294118,1974.76,62,90,17,CRITICAL
CUST004015,29,22282.86,768.3744827586207,5371.26,79,55,29,HIGH
CUST004016,28,24012.23,857.5796428571429,3243.01,68,40,28,MEDIUM
CUST004017,27,24506.73,907.6566666666666,6404.85,73,60,27,HIGH
CUST004018,20,11418.2,570.9100000000001,1345.32,54,40,20,MEDIUM
CUST004019,25,15485.79,619.4316,1963.04,68,40,25,MEDIUM
CUST004020,27,38698.05,1433.2611111111112,10450.76,83,85,27,CRITICAL
CUST004021,15,8102.86,540.1906666666666,2664.02,38,40,15,MEDIUM
CUST004022,31,21468.12,692.52,2406.99,85,40,31,MEDIUM
CUST004023,24,14320.85,596.7020833333333,2128.86,68,40,24,MEDIUM
CUST004024,28,20310.63,725.3796428571429,5030.56,76,50,28,HIGH
CUST004025,17,16411.62,965.3894117647059,5054.71,51,60,17,HIGH
CUST004026,24,33814.68,1408.945,11675.94,64,55,24,HIGH
CUST004027,26,16541.34,636.2053846153847,3720.82,72,40,26,MEDIUM
CUST004028,29,13886.18,478.8337931034483,2699.47,78,40,29,MEDIUM
CUST004029,23,8881.24,386.1408695652174,1214.92,59,40,23,MEDIUM
CUST004030,14,11622.529999999999,830.1807142857142,4353.23,37,35,14,MEDIUM
CUST004031,14,5177.82,369.8442857142857,972.82,39,40,14,MEDIUM
CUST004032,25,14146.990000000002,565.8796000000001,2162.34,89,50,25,HIGH
CUST004033,30,32629.62,1087.654,4478.97,88,40,30,MEDIUM
CUST004034,23,22418.44,974.7147826086956,5774.66,64,60,23,HIGH
CUST004035,32,13419.86,419.370625,1412.92,85,35,32,MEDIUM
CUST004036,18,8451.74,469.5411111111111,2766.08,49,40,18,MEDIUM
CUST004037,27,26600.5,985.2037037037037,5506.43,73,60,27,HIGH
CUST004038,29,13188.25,454.76724137931035,2430.02,72,40,29,MEDIUM
CUST004039,26,20219.53,777.6742307692307,5009.46,71,50,26,HIGH
CUST004040,25,12658.16,506.3264,2413.66,68,40,25,MEDIUM
CUST004041,31,16743.46,540.1116129032258,2028.55,79,40,31,MEDIUM
CUST004042,23,14320.64,622.6365217391304,2303.32,62,40,23,MEDIUM
CUST004043,26,17142.51,659.3273076923076,6449.9,70,60,26,HIGH
CUST004044,25,16055.619999999999,642.2248,4242.38,70,40,25,MEDIUM
CUST004045,27,21855.99,809.4811111111112,3660.11,71,40,27,MEDIUM
CUST004046,34,41837.0,1230.5,11721.56,100,65,34,HIGH
CUST004047,21,17760.96,845.76,4224.8,57,40,21,MEDIUM
CUST004048,28,19206.25,685.9375,2883.19,73,40,28,MEDIUM
CUST004049,28,17349.91,619.6396428571428,3894.17,71,40,28,MEDIUM
CUST004050,27,25776.37,954.6803703703704,8514.82,72,70,27,CRITICAL
CUST004051,29,14989.04,516.8634482758621,2625.73,82,40,29,MEDIUM
CUST004052,20,10124.43,506.2215,2091.15,53,40,20,MEDIUM
CUST004053,20,9658.43,482.92150000000004,3323.48,48,35,20,MEDIUM
CUST004054,23,29348.21,1276.0091304347825,8723.91,72,80,23,CRITICAL
CUST004055,22,8119.29,369.05863636363637,1751.14,62,40,22,MEDIUM
CUST004056,22,10161.81,461.9004545454545,1758.73,56,40,22,MEDIUM
CUST004057,20,13584.99,679.2495,2206.23,57,40,20,MEDIUM
CUST004058,21,15259.87,726.6604761904762,3867.75,56,40,21,MEDIUM
CUST004059,22,16658.29,757.195,3224.74,60,40,22,MEDIUM
CUST004060,25,29681.51,1187.2604,6234.26,70,60,25,HIGH
CUST004061,32,17892.69,559.1465625,2475.99,80,40,32,MEDIUM
CUST004062,22,14026.34,637.5609090909091,1897.68,61,40,22,MEDIUM
CUST004063,27,17320.31,641.492962962963,3674.73,74,40,27,MEDIUM
CUST004064,17,22129.1,1301.7117647058822,14459.85,48,50,17,HIGH
CUST004065,27,20375.97,754.6655555555556,4544.01,71,45,27,MEDIUM
CUST004066,22,14708.26,668.5572727272728,2230.37,54,35,22,MEDIUM
CUST004067,13,6861.639999999999,527.8184615384615,2358.16,35,40,13,MEDIUM
CUST004068,24,13373.16,557.215,5546.14,65,55,24,HIGH
CUST004069,24,18494.61,770.60875,3949.41,69,40,24,MEDIUM
CUST004070,24,14205.81,591.9087499999999,4318.99,89,50,24,HIGH
CUST004071,28,18580.32,663.5828571428572,4144.57,71,40,28,MEDIUM
CUST004072,19,18189.86,957.361052631579,5281.73,72,65,19,HIGH
CUST004073,32,26051.82,814.119375,5745.07,85,50,32,HIGH
CUST004074,15,8114.139999999999,540.9426666666666,1540.59,38,35,15,MEDIUM
CUST004075,21,21300.73,1014.3204761904761,4849.96,54,45,21,MEDIUM
CUST004076,21,26645.84,1268.8495238095238,10053.12,53,50,21,HIGH
CUST004077,20,21073.88,1053.694,7472.94,55,50,20,HIGH
CUST004078,28,15913.0,568.3214285714286,3077.37,74,40,28,MEDIUM
CUST004079,27,19401.66,718.58,5025.56,70,50,27,HIGH
CUST004080,36,34764.83,965.6897222222223,7021.38,97,55,36,HIGH
CUST004081,20,23452.47,1172.6235000000001,7048.93,81,70,20,CRITICAL
CUST004082,25,14444.13,577.7651999999999,2567.35,72,40,25,MEDIUM
CUST004083,33,22571.34,683.98,3410.84,89,40,33,MEDIUM
CUST004084,22,12786.69,581.2131818181819,2337.12,63,40,22,MEDIUM
CUST004085,30,15311.6,510.38666666666666,2342.98,84,40,30,MEDIUM
CUST004086,27,14618.66,541.4318518518519,3026.89,69,40,27,MEDIUM
CUST004087,20,9684.49,484.2245,1647.12,54,35,20,MEDIUM
CUST004088,31,13170.55,424.8564516129032,1256.95,86,40,31,MEDIUM
CUST004089,29,20444.99,704.9996551724139,7106.9,82,50,29,HIGH
CUST004090,24,9702.77,404.28208333333333,1426.78,62,35,24,MEDIUM
CUST004091,28,20504.53,732.3046428571428,3010.35,76,40,28,MEDIUM
CUST004092,24,28711.809999999998,1196.3254166666666,8172.74,67,65,24,HIGH
CUST004093,15,21378.0,1425.2,8801.51,21,50,1,HIGH
CUST004094,28,29631.91,1058.2825,12282.5,82,60,28,HIGH
CUST004095,27,16489.329999999998,610.7159259259258,3648.72,71,40,27,MEDIUM
CUST004096,21,14452.91,688.2338095238096,4999.84,56,40,21,MEDIUM
CUST004097,30,25545.38,851.5126666666667,7747.56,84,65,30,HIGH
CUST004098,25,22952.27,918.0908000000001,3883.3,63,40,25,MEDIUM
CUST004099,23,15924.19,692.3560869565217,4061.54,60,40,23,MEDIUM
CUST004100,23,31884.539999999997,1386.2843478260868,16524.92,65,70,23,CRITICAL
CUST004101,26,14793.36,568.9753846153847,2301.08,71,40,26,MEDIUM
CUST004102,31,24857.45,801.8532258064516,3852.9,84,40,31,MEDIUM
CUST004103,21,9238.91,439.9480952380952,1845.8,33,20,0,LOW
CUST004104,23,17917.71,779.0308695652174,3112.71,61,40,23,MEDIUM
CUST004105,22,11185.61,508.4368181818182,2170.04,61,40,22,MEDIUM
CUST004106,18,8462.49,470.1383333333333,1370.25,47,35,18,MEDIUM
CUST004107,25,9492.67,379.7068,2006.24,65,40,25,MEDIUM
CUST004108,19,17550.59,923.7152631578947,7984.82,52,55,19,HIGH
CUST004109,21,13245.19,630.7233333333334,2895.76,58,40,21,MEDIUM
CUST004110,19,10133.77,533.3563157894737,3697.2,49,40,19,MEDIUM
CUST004111,18,7086.6,393.70000000000005,1882.52,48,40,18,MEDIUM
CUST004112,30,17352.21,578.4069999999999,4507.11,113,50,30,HIGH
CUST004113,28,22273.39,795.4782142857142,4324.63,74,40,28,MEDIUM
CUST004114,28,14186.73,506.6689285714286,3165.0,75,40,28,MEDIUM
CUST004115,19,14729.42,775.2326315789473,3157.06,53,40,19,MEDIUM
CUST004116,25,17628.920000000002,705.1568000000001,4997.01,65,40,25,MEDIUM
CUST004117,29,18772.42,647.3248275862069,3548.49,79,40,29,MEDIUM
CUST004118,30,17016.46,567.2153333333333,4327.46,81,40,30,MEDIUM
CUST004119,21,21973.93,1046.377619047619,5248.04,59,55,21,HIGH
CUST004120,21,16474.67,784.5080952380952,3656.05,74,55,21,HIGH
CUST004121,26,13380.91,514.6503846153846,2715.46,74,40,26,MEDIUM
CUST004122,22,9577.18,435.3263636363636,2737.1,60,40,22,MEDIUM
CUST004123,25,22370.02,894.8008,3811.86,70,40,25,MEDIUM
CUST004124,23,16934.68,736.2904347826087,3181.33,58,35,23,MEDIUM
CUST004125,18,7239.39,402.18833333333333,1504.55,53,40,18,MEDIUM
CUST004126,20,22546.670000000002,1127.3335000000002,10784.85,56,50,20,HIGH
CUST004127,19,8571.94,451.1547368421053,2182.61,52,40,19,MEDIUM
CUST004128,33,38723.41,1173.4366666666667,14891.6,89,50,33,HIGH
CUST004129,17,12636.52,743.324705882353,3778.56,50,40,17,MEDIUM
CUST004130,23,16169.199999999999,703.0086956521739,3973.34,59,40,23,MEDIUM
CUST004131,33,26774.66,811.3533333333334,4733.64,92,40,33,MEDIUM
CUST004132,23,28539.920000000002,1240.8660869565217,8305.65,64,65,23,HIGH
CUST004133,25,17798.39,711.9356,4549.91,67,40,25,MEDIUM
CUST004134,19,19598.55,1031.5026315789473,4182.53,49,40,19,MEDIUM
CUST004135,18,13610.53,756.1405555555556,5576.92,51,60,18,HIGH
CUST004136,30,26677.02,889.234,11528.51,84,60,30,HIGH
CUST004137,32,18431.23,575.9759375,2717.62,84,40,32,MEDIUM
CUST004138,27,15258.33,565.1233333333333,2520.98,76,40,27,MEDIUM
CUST004139,32,14470.07,452.1896875,1812.82,89,40,32,MEDIUM
CUST004140,30,20791.78,693.0593333333333,4484.46,77,40,30,MEDIUM
CUST004141,22,13324.07,605.6395454545454,5606.29,62,55,22,HIGH
CUST004142,19,26917.94,1416.7336842105262,17101.9,48,55,19,HIGH
CUST004143,17,17468.149999999998,1027.5382352941176,5736.87,52,50,17,HIGH
CUST004144,23,23357.27,1015.5334782608696,6510.79,67,50,23,HIGH
CUST004145,26,23061.88,886.9953846153846,10442.67,70,50,26,HIGH
CUST004146,32,18220.47,569.3896875,3183.34,86,40,32,MEDIUM
CUST004147,30,31005.54,1033.518,5465.31,83,55,30,HIGH
CUST004148,18,10242.32,569.0177777777777,4105.49,50,40,18,MEDIUM
CUST004149,18,8691.8,482.87777777777774,2051.42,46,40,18,MEDIUM
CUST004150,21,15945.26,759.2980952380952,3845.7,58,40,21,MEDIUM
CUST004151,19,22085.31,1162.3847368421054,9057.74,51,65,19,HIGH
CUST004152,23,15971.14,694.3973913043478,3367.2,59,40,23,MEDIUM
CUST004153,24,21010.77,875.44875,5313.63,64,55,24,HIGH
CUST004154,17,10618.21,624.600588235294,1892.58,60,55,17,HIGH
CUST004155,23,28886.99,1255.9560869565219,12560.42,63,55,23,HIGH
CUST004156,27,24603.77,911.2507407407408,7093.76,73,55,27,HIGH
CUST004157,25,13818.7,552.748,3584.03,91,50,25,HIGH
CUST004158,18,9435.960000000001,524.22,3633.04,48,40,18,MEDIUM
CUST004159,32,20467.46,639.608125,7789.71,89,50,32,HIGH
CUST004160,25,19858.28,794.3312,5629.03,66,50,25,HIGH
CUST004161,12,13432.89,1119.4075,6773.89,35,40,12,MEDIUM
CUST004162,11,14551.82,1322.8927272727271,6175.25,29,35,11,MEDIUM
CUST004163,24,23476.54,978.1891666666667,3660.48,61,40,24,MEDIUM
CUST004164,30,14042.29,468.07633333333337,2993.05,76,40,30,MEDIUM
CUST004165,25,16502.72,660.1088000000001,6986.77,65,60,25,HIGH
CUST004166,34,34630.37,1018.5402941176471,10794.42,91,70,34,CRITICAL
CUST004167,29,29679.44,1023.4289655172413,8163.62,75,80,29,CRITICAL
CUST004168,24,45425.64,1892.735,28229.79,69,75,24,CRITICAL
CUST004169,15,13392.38,892.8253333333333,4838.07,24,20,0,LOW
CUST004170,21,13052.44,621.5447619047619,2190.95,29,20,0,LOW
CUST004171,22,9765.62,443.8918181818182,2896.17,60,40,22,MEDIUM
CUST004172,24,17833.46,743.0608333333333,3967.29,63,40,24,MEDIUM
CUST004173,31,28699.33,925.7848387096775,11173.33,81,55,31,HIGH
CUST004174,26,19628.05,754.925,7959.23,70,50,26,HIGH
CUST004175,26,19628.67,754.948846153846,3525.7,74,40,26,MEDIUM
CUST004176,25,28211.22,1128.4488000000001,4808.89,93,55,25,HIGH
CUST004177,28,24251.33,866.1189285714287,4088.92,79,40,28,MEDIUM
CUST004178,19,11141.289999999999,586.3836842105262,4843.73,52,40,19,MEDIUM
CUST004179,23,21941.79,953.9908695652174,3454.67,56,35,23,MEDIUM
CUST004180,21,14644.04,697.3352380952381,6034.38,57,50,21,HIGH
CUST004181,23,10723.5,466.2391304347826,1530.05,65,40,23,MEDIUM
CUST004182,21,12141.56,578.1695238095238,2051.25,56,40,21,MEDIUM
CUST004183,16,6786.780000000001,424.17375000000004,2145.51,44,40,16,MEDIUM
CUST004184,17,6022.05,354.23823529411766,2044.38,49,40,17,MEDIUM
CUST004185,19,9597.7,505.14210526315793,2680.5,54,40,19,MEDIUM
CUST004186,25,17493.55,699.742,2669.0,64,40,25,MEDIUM
CUST004187,34,24521.21,721.2120588235293,2628.25,93,40,34,MEDIUM
CUST004188,15,31207.82,2080.521333333333,15298.96,59,75,15,CRITICAL
CUST004189,31,18817.44,607.0141935483871,3013.36,112,50,31,HIGH
CUST004190,30,16137.44,537.9146666666667,2396.7,82,40,30,MEDIUM
CUST004191,26,13667.869999999999,525.6873076923076,2424.86,65,35,26,MEDIUM
CUST004192,23,14438.41,627.7569565217391,3584.79,60,40,23,MEDIUM
CUST004193,20,20166.329999999998,1008.3164999999999,3702.5,53,40,20,MEDIUM
CUST004194,29,29320.170000000002,1011.0403448275863,11224.15,84,70,29,CRITICAL
CUST004195,24,20584.45,857.6854166666667,5614.24,68,55,24,HIGH
CUST004196,24,11539.82,480.8258333333333,3796.32,96,50,24,HIGH
CUST004197,19,10879.69,572.6152631578948,2462.8,49,40,19,MEDIUM
CUST004198,24,15693.49,653.8954166666666,4200.92,65,40,24,MEDIUM
CUST004199,23,13261.0,576.5652173913044,2955.45,57,35,23,MEDIUM
CUST004200,29,17167.1,591.9689655172414,4362.98,75,40,29,MEDIUM
CUST004201,27,22544.73,834.99,4465.02,72,35,27,MEDIUM
CUST004202,18,27584.84,1532.4911111111112,6656.54,50,50,18,HIGH
CUST004203,25,19419.95,776.798,5481.08,71,60,25,HIGH
CUST004204,31,12829.380000000001,413.8509677419355,1716.93,90,40,31,MEDIUM
CUST004205,13,13322.59,1024.8146153846153,3759.86,35,40,13,MEDIUM
CUST004206,18,13099.09,727.7272222222223,3535.39,46,40,18,MEDIUM
CUST004207,27,18979.31,702.9374074074075,4543.37,68,35,27,MEDIUM
CUST004208,17,8910.02,524.1188235294118,2624.78,48,40,17,MEDIUM
CUST004209,17,6101.62,358.9188235294118,2031.13,49,40,17,MEDIUM
CUST004210,23,18990.72,825.6834782608696,3334.11,65,40,23,MEDIUM
CUST004211,21,12281.66,584.8409523809523,2732.16,59,40,21,MEDIUM
CUST004212,26,18314.21,704.3926923076923,8302.15,72,65,26,HIGH
CUST004213,25,13900.08,556.0032,1928.57,90,50,25,HIGH
CUST004214,25,45408.850000000006,1816.3540000000003,27853.29,69,65,25,HIGH
CUST004215,34,20293.260000000002,596.8605882352941,1804.26,125,55,34,HIGH
CUST004216,17,8289.66,487.6270588235294,2233.27,45,35,17,MEDIUM
CUST004217,28,31150.85,1112.5303571428572,8786.67,80,70,28,CRITICAL
CUST004218,27,23900.829999999998,885.2159259259258,6458.05,68,50,27,HIGH
CUST004219,26,13926.349999999999,535.6288461538461,4523.73,66,35,26,MEDIUM
CUST004220,33,26287.47,796.59,5130.99,92,60,33,HIGH
CUST004221,21,23264.63,1107.8395238095238,7182.47,61,70,21,CRITICAL
CUST004222,20,20905.12,1045.2559999999999,5608.07,60,75,20,CRITICAL
CUST004223,27,19016.46,704.3133333333333,3683.28,73,40,27,MEDIUM
CUST004224,25,21107.39,844.2955999999999,5418.0,64,50,25,HIGH
CUST004225,18,17674.22,981.9011111111112,7207.78,51,55,18,HIGH
CUST004226,23,14065.380000000001,611.5382608695653,2563.57,62,35,23,MEDIUM
CUST004227,29,22215.17,766.0403448275862,5717.83,81,50,29,HIGH
CUST004228,20,10704.03,535.2015,4059.12,54,40,20,MEDIUM
CUST004229,21,13356.380000000001,636.0180952380953,3078.26,52,40,21,MEDIUM
CUST004230,23,14188.52,616.8921739130435,3504.68,84,50,23,HIGH
CUST004231,30,23738.010000000002,791.267,4904.58,81,40,30,MEDIUM
CUST004232,23,9845.66,428.07217391304346,3125.25,62,40,23,MEDIUM
CUST004233,29,16958.85,584.7879310344827,2228.66,84,40,29,MEDIUM
CUST004234,22,13823.449999999999,628.3386363636363,3520.22,57,40,22,MEDIUM
CUST004235,22,7410.45,336.83863636363634,1404.74,57,40,22,MEDIUM
CUST004236,29,26390.06,910.0020689655173,8397.94,80,65,29,HIGH
CUST004237,25,12018.68,480.7472,2049.68,67,40,25,MEDIUM
CUST004238,20,11080.82,554.0409999999999,2972.94,54,40,20,MEDIUM
CUST004239,25,17442.25,697.69,2892.08,67,40,25,MEDIUM
CUST004240,18,17285.43,960.3016666666667,3823.11,48,40,18,MEDIUM
CUST004241,20,12079.12,603.956,3613.02,51,40,20,MEDIUM
CUST004242,21,22394.35,1066.397619047619,11826.14,57,70,21,CRITICAL
CUST004243,18,13223.31,734.6283333333333,4076.78,48,40,18,MEDIUM
CUST004244,20,14793.04,739.652,4400.55,50,40,20,MEDIUM
CUST004245,14,8981.16,641.5114285714286,2356.6,20,15,0,LOW
CUST004246,21,14280.619999999999,680.0295238095238,2624.85,54,40,21,MEDIUM
CUST004247,33,24125.18,731.0660606060607,6273.37,93,60,33,HIGH
CUST004248,34,26771.81,787.4061764705883,13917.31,89,75,34,CRITICAL
CUST004249,22,11468.06,521.2754545454545,2954.55,58,40,22,MEDIUM
CUST004250,24,19893.87,828.91125,4128.36,69,40,24,MEDIUM
CUST004251,20,13341.109999999999,667.0554999999999,2812.66,53,40,20,MEDIUM
CUST004252,18,10480.51,582.2505555555556,4391.77,50,40,18,MEDIUM
CUST004253,15,6766.8099999999995,451.12066666666664,1323.04,46,40,15,MEDIUM
CUST004254,20,12817.91,640.8955,2923.48,57,40,20,MEDIUM
CUST004255,24,10502.33,437.59708333333333,2346.56,70,40,24,MEDIUM
CUST004256,28,15603.4,557.2642857142857,3439.4,75,40,28,MEDIUM
CUST004257,25,11955.09,478.2036,1577.67,71,40,25,MEDIUM
CUST004258,25,19824.75,792.99,3024.2,67,40,25,MEDIUM
CUST004259,23,20353.15,884.9195652173913,4280.02,59,40,23,MEDIUM
CUST004260,27,15359.67,568.8766666666667,3022.37,76,40,27,MEDIUM
CUST004261,21,17744.92,844.9961904761903,3311.85,54,40,21,MEDIUM
CUST004262,25,14976.44,599.0576,1833.11,64,40,25,MEDIUM
CUST004263,24,18384.17,766.0070833333333,3550.98,63,40,24,MEDIUM
CUST004264,22,9693.6,440.6181818181818,1767.0,57,40,22,MEDIUM
CUST004265,24,16140.2,672.5083333333333,3229.41,66,40,24,MEDIUM
CUST004266,31,24302.02,783.9361290322581,4157.88,82,35,31,MEDIUM
CUST004267,21,19908.98,948.0466666666666,5585.5,64,60,21,HIGH
CUST004268,23,13787.43,599.4534782608696,3642.8,57,40,23,MEDIUM
CUST004269,21,22385.54,1065.9780952380952,3840.09,60,40,21,MEDIUM
CUST004270,25,25985.81,1039.4324000000001,6993.31,70,65,25,HIGH
CUST004271,41,20210.76,492.9453658536585,3986.62,110,40,41,MEDIUM
CUST004272,22,10457.86,475.35727272727274,2494.12,78,55,22,HIGH
CUST004273,24,14533.24,605.5516666666666,3551.65,62,40,24,MEDIUM
CUST004274,30,28034.33,934.4776666666668,6882.23,79,65,30,HIGH
CUST004275,22,11425.87,519.3577272727273,1610.79,65,40,22,MEDIUM
CUST004276,27,29426.38,1089.865925925926,8035.03,76,85,27,CRITICAL
CUST004277,18,11139.94,618.8855555555556,1892.82,44,35,18,MEDIUM
CUST004278,26,20055.09,771.3496153846154,4555.77,66,40,26,MEDIUM
CUST004279,29,32325.4,1114.6689655172415,7784.17,78,50,29,HIGH
CUST004280,26,38358.47,1475.3257692307693,16588.55,70,55,26,HIGH
CUST004281,25,15499.289999999999,619.9716,2951.77,70,40,25,MEDIUM
CUST004282,21,9501.31,452.4433333333333,2085.52,55,40,21,MEDIUM
CUST004283,26,30240.91,1163.1119230769232,5752.72,71,65,26,HIGH
CUST004284,14,15716.76,1122.6257142857144,4584.0,39,40,14,MEDIUM
CUST004285,29,13619.53,469.6389655172414,3074.14,77,40,29,MEDIUM
CUST004286,27,19770.86,732.2540740740741,3087.2,72,35,27,MEDIUM
CUST004287,26,15439.619999999999,593.8315384615385,2925.62,75,40,26,MEDIUM
CUST004288,14,7111.14,507.93857142857144,1460.12,38,40,14,MEDIUM
CUST004289,25,29346.51,1173.8604,10752.39,65,55,25,HIGH
CUST004290,28,18683.78,667.2778571428571,4651.93,75,40,28,MEDIUM
CUST004291,25,19047.21,761.8883999999999,3974.8,66,40,25,MEDIUM
CUST004292,26,27935.6,1074.4461538461537,6860.97,67,55,26,HIGH
CUST004293,18,17827.81,990.433888888889,6977.56,50,55,18,HIGH
CUST004294,24,14627.41,609.4754166666667,3245.44,85,50,24,HIGH
CUST004295,29,30965.24,1067.7668965517241,6128.21,77,55,29,HIGH
CUST004296,25,9401.1,376.04400000000004,1173.66,68,40,25,MEDIUM
CUST004297,30,31531.97,1051.0656666666666,7091.06,75,65,30,HIGH
CUST004298,19,10855.43,571.3384210526316,1914.0,48,35,19,MEDIUM
CUST004299,19,8228.89,433.0994736842105,1875.52,52,40,19,MEDIUM
CUST004300,19,14015.37,737.651052631579,6657.07,71,65,19,HIGH
CUST004301,24,14767.74,615.3225,2583.83,65,40,24,MEDIUM
CUST004302,29,19429.52,669.9834482758621,2544.55,81,40,29,MEDIUM
CUST004303,25,19083.13,763.3252,2154.19,65,40,25,MEDIUM
CUST004304,15,10431.2,695.4133333333334,4252.3,41,40,15,MEDIUM
CUST004305,27,12349.78,457.3992592592593,1755.34,69,40,27,MEDIUM
CUST004306,33,28722.69,870.3845454545454,10535.37,89,50,33,HIGH
CUST004307,23,10908.94,474.3017391304348,1404.45,55,35,23,MEDIUM
CUST004308,27,13358.369999999999,494.7544444444444,2962.66,70,40,27,MEDIUM
CUST004309,23,21922.51,953.1526086956521,3794.66,66,55,23,HIGH
CUST004310,28,30980.41,1106.4432142857142,5698.95,81,50,28,HIGH
CUST004311,21,9054.51,431.1671428571429,2521.91,58,40,21,MEDIUM
CUST004312,22,17207.739999999998,782.17,4969.45,65,40,22,MEDIUM
CUST004313,23,20241.64,880.0713043478261,6107.92,61,50,23,HIGH
CUST004314,28,19687.19,703.1139285714286,3207.17,71,35,28,MEDIUM
CUST004315,25,12436.23,497.44919999999996,1672.53,65,40,25,MEDIUM
CUST004316,28,30923.01,1104.3932142857143,6666.82,81,55,28,HIGH
CUST004317,20,26315.95,1315.7975000000001,7442.97,53,55,20,HIGH
CUST004318,23,10976.8,477.25217391304346,2351.16,65,40,23,MEDIUM
CUST004319,24,24175.68,1007.32,10211.92,72,55,24,HIGH
CUST004320,18,12190.78,677.2655555555556,3453.03,49,40,18,MEDIUM
CUST004321,22,12283.619999999999,558.3463636363635,3099.77,57,35,22,MEDIUM
CUST004322,26,25779.95,991.5365384615385,10362.55,73,70,26,CRITICAL
CUST004323,15,10872.92,724.8613333333334,3647.64,37,40,15,MEDIUM
CUST004324,15,6309.04,420.60266666666666,3802.62,43,40,15,MEDIUM
CUST004325,24,15902.61,662.60875,3391.66,63,40,24,MEDIUM
CUST004326,25,27104.84,1084.1936,7941.35,65,55,25,HIGH
CUST004327,34,25426.73,747.845,3935.4,96,40,34,MEDIUM
CUST004328,21,44129.869999999995,2101.4223809523805,31952.17,82,90,21,CRITICAL
CUST004329,24,33748.38,1406.1825,11315.91,67,50,24,HIGH
CUST004330,21,20516.96,976.9980952380952,6826.3,58,55,21,HIGH
CUST004331,18,14939.66,829.9811111111111,4752.09,53,40,18,MEDIUM
CUST004332,28,14910.22,532.5078571428571,3919.95,76,40,28,MEDIUM
CUST004333,22,19364.4,880.2,3358.38,57,35,22,MEDIUM
CUST004334,25,10607.01,424.2804,1694.02,64,35,25,MEDIUM
CUST004335,22,22081.71,1003.7140909090908,4521.45,60,40,22,MEDIUM
CUST004336,28,21601.12,771.4685714285714,4428.2,79,40,28,MEDIUM
CUST004337,21,11235.23,535.0109523809524,2818.87,57,40,21,MEDIUM
CUST004338,19,30391.45,1599.55,9101.06,53,85,19,CRITICAL
CUST004339,16,9496.05,593.503125,2063.0,41,40,16,MEDIUM
CUST004340,17,13072.17,768.9511764705883,2409.6,44,40,17,MEDIUM
CUST004341,17,10268.060000000001,604.0035294117648,3739.61,48,40,17,MEDIUM
CUST004342,33,27637.48,837.4993939393939,12275.96,87,50,33,HIGH
CUST004343,25,20076.27,803.0508,3817.8,66,40,25,MEDIUM
CUST004344,22,21064.99,957.4995454545456,9252.58,63,80,22,CRITICAL
CUST004345,21,12972.71,617.7480952380952,3275.2,60,40,21,MEDIUM
CUST004346,23,16797.07,730.3073913043478,2106.64,60,40,23,MEDIUM
CUST004347,20,17518.77,875.9385,5126.87,61,55,20,HIGH
CUST004348,27,21164.3,783.8629629629629,2563.84,73,40,27,MEDIUM
CUST004349,19,16874.16,888.1136842105263,8036.1,57,75,19,CRITICAL
CUST004350,20,15731.94,786.597,5857.78,54,55,20,HIGH
CUST004351,15,12748.5,849.9,5316.25,45,50,15,HIGH
CUST004352,23,15435.08,671.0904347826087,4067.97,61,35,23,MEDIUM
CUST004353,29,31605.3,1089.8379310344828,8994.31,79,70,29,CRITICAL
CUST004354,21,13147.779999999999,626.0847619047619,2897.93,64,40,21,MEDIUM
CUST004355,28,25632.16,915.4342857142857,4168.7,70,40,28,MEDIUM
CUST004356,18,3889.91,216.1061111111111,705.41,67,55,18,HIGH
CUST004357,29,28344.6,977.4,7508.29,77,55,29,HIGH
CUST004358,24,11710.37,487.93208333333337,2869.03,60,40,24,MEDIUM
CUST004359,16,10886.33,680.395625,4334.83,40,35,16,MEDIUM
CUST004360,28,22519.54,804.2692857142857,5310.66,75,50,28,HIGH
CUST004361,32,32182.62,1005.706875,7403.83,86,55,32,HIGH
CUST004362,25,19579.27,783.1708,5076.69,68,55,25,HIGH
CUST004363,18,13971.07,776.1705555555556,3770.84,49,40,18,MEDIUM
CUST004364,35,27246.38,778.4680000000001,3156.93,92,40,35,MEDIUM
CUST004365,19,19119.38,1006.2831578947369,6029.89,50,50,19,HIGH
CUST004366,26,21946.239999999998,844.0861538461538,7907.99,72,50,26,HIGH
CUST004367,19,11849.43,623.6542105263158,3774.33,47,40,19,MEDIUM
CUST004368,21,23290.32,1109.0628571428572,10981.58,54,50,21,HIGH
CUST004369,21,10803.5,514.452380952381,1824.89,58,40,21,MEDIUM
CUST004370,27,19438.93,719.9603703703704,3179.6,73,40,27,MEDIUM
CUST004371,22,11593.49,526.9768181818182,2455.26,62,40,22,MEDIUM
CUST004372,25,12607.74,504.3096,2282.47,66,40,25,MEDIUM
CUST004373,20,19408.89,970.4445,2951.67,52,35,20,MEDIUM
CUST004374,25,9221.949999999999,368.87799999999993,2152.21,67,40,25,MEDIUM
CUST004375,21,20646.949999999997,983.1880952380951,11011.8,54,50,21,HIGH
CUST004376,26,13162.46,506.2484615384615,1515.4,68,40,26,MEDIUM
CUST004377,22,12513.71,568.805,2453.08,53,35,22,MEDIUM
CUST004378,26,12248.08,471.08,1628.3,70,40,26,MEDIUM
CUST004379,21,11507.0,547.952380952381,2369.93,57,40,21,MEDIUM
CUST004380,18,9587.5,532.6388888888889,3150.73,51,40,18,MEDIUM
CUST004381,28,22699.28,810.6885714285714,4968.62,74,40,28,MEDIUM
CUST004382,21,25202.39,1200.1138095238096,3978.57,58,40,21,MEDIUM
CUST004383,16,11292.07,705.754375,3305.58,58,50,16,HIGH
CUST004384,37,27910.73,754.344054054054,4042.8,97,40,37,MEDIUM
CUST004385,23,10238.16,445.13739130434783,2302.17,62,40,23,MEDIUM
CUST004386,19,9965.31,524.49,1223.01,54,40,19,MEDIUM
CUST004387,30,25850.15,861.6716666666667,6299.48,76,50,30,HIGH
CUST004388,28,18895.420000000002,674.8364285714287,3957.6,79,40,28,MEDIUM
CUST004389,24,18333.86,763.9108333333334,3357.8,64,40,24,MEDIUM
CUST004390,15,12119.43,807.962,4816.76,41,40,15,MEDIUM
CUST004391,27,13973.84,517.5496296296296,2755.94,73,40,27,MEDIUM
CUST004392,22,19814.059999999998,900.6390909090908,6165.66,56,50,22,HIGH
CUST004393,19,14899.710000000001,784.1952631578948,5179.31,48,50,19,HIGH
CUST004394,20,14878.43,743.9215,7370.89,52,55,20,HIGH
CUST004395,19,13987.59,736.188947368421,2981.66,48,35,19,MEDIUM
CUST004396,22,20038.86,910.8572727272727,3778.18,66,40,22,MEDIUM
CUST004397,25,18391.88,735.6752,2799.71,68,40,25,MEDIUM
CUST004398,26,13371.05,514.2711538461538,2721.61,72,40,26,MEDIUM
CUST004399,18,10305.25,572.5138888888889,2288.57,44,35,18,MEDIUM
CUST004400,21,8141.34,387.68285714285713,1340.44,55,40,21,MEDIUM
CUST004401,27,15998.7,592.5444444444445,3722.79,69,40,27,MEDIUM
CUST004402,21,17836.67,849.365238095238,3071.67,59,40,21,MEDIUM
CUST004403,28,18471.76,659.7057142857142,2411.09,73,40,28,MEDIUM
CUST004404,24,26587.11,1107.79625,9238.84,64,70,24,CRITICAL
CUST004405,23,11190.2,486.5304347826087,1677.56,58,35,23,MEDIUM
CUST004406,22,14437.34,656.2427272727273,3452.69,57,40,22,MEDIUM
CUST004407,36,32226.47,895.1797222222223,4877.25,93,40,36,MEDIUM
CUST004408,22,10306.01,468.455,1886.51,55,40,22,MEDIUM
CUST004409,19,9995.35,526.0710526315789,2437.61,52,40,19,MEDIUM
CUST004410,42,27341.63,650.9911904761905,3047.07,112,40,42,MEDIUM
CUST004411,25,23079.829999999998,923.1931999999999,8105.51,69,80,25,CRITICAL
CUST004412,21,10745.15,511.6738095238095,1915.39,56,40,21,MEDIUM
CUST004413,20,14969.380000000001,748.469,2690.67,54,40,20,MEDIUM
CUST004414,22,22376.1,1017.0954545454545,8012.97,62,70,22,CRITICAL
CUST004415,28,35356.22,1262.722142857143,19610.63,76,50,28,HIGH
CUST004416,23,7696.0,334.60869565217394,1372.17,83,50,23,HIGH
CUST004417,35,26486.9,756.7685714285715,6798.84,92,55,35,HIGH
CUST004418,23,14112.720000000001,613.5965217391305,4518.6,61,40,23,MEDIUM
CUST004419,23,13243.35,575.7978260869565,2669.57,63,40,23,MEDIUM
CUST004420,20,12637.94,631.897,2313.91,53,40,20,MEDIUM
CUST004421,19,11760.19,618.9573684210527,2125.51,46,35,19,MEDIUM
CUST004422,17,11389.34,669.9611764705883,3168.39,48,40,17,MEDIUM
CUST004423,15,22939.34,1529.2893333333334,5045.02,41,55,15,HIGH
CUST004424,30,27418.41,913.947,9153.98,107,95,30,CRITICAL
CUST004425,22,14348.36,652.1981818181819,4763.91,60,40,22,MEDIUM
CUST004426,27,8106.35,300.2351851851852,1519.71,72,40,27,MEDIUM
CUST004427,19,20444.73,1076.0384210526315,5840.22,49,50,19,HIGH
CUST004428,20,10386.57,519.3285,2327.41,55,40,20,MEDIUM
CUST004429,26,15804.74,607.8746153846154,3083.11,70,40,26,MEDIUM
CUST004430,24,8864.03,369.33458333333334,1073.74,64,40,24,MEDIUM
CUST004431,24,15511.35,646.30625,3403.77,61,35,24,MEDIUM
CUST004432,30,13324.01,444.13366666666667,1880.06,78,40,30,MEDIUM
CUST004433,24,27567.28,1148.6366666666665,13776.72,71,70,24,CRITICAL
CUST004434,24,22424.670000000002,934.36125,8173.9,98,80,24,CRITICAL
CUST004435,20,9979.51,498.9755,3022.27,89,100,20,CRITICAL
CUST004436,21,9324.25,444.01190476190476,989.6,56,40,21,MEDIUM
CUST004437,22,12609.029999999999,573.1377272727273,2448.95,59,35,22,MEDIUM
CUST004438,29,20607.72,710.6110344827587,3626.96,70,35,29,MEDIUM
CUST004439,18,10023.26,556.8477777777778,2018.59,48,40,18,MEDIUM
CUST004440,24,14051.53,585.4804166666667,2834.34,64,40,24,MEDIUM
CUST004441,30,12844.2,428.14000000000004,2347.2,83,40,30,MEDIUM
CUST004442,22,24265.97,1102.9986363636365,5980.56,59,55,22,HIGH
CUST004443,24,29116.63,1213.1929166666666,10343.43,67,50,24,HIGH
CUST004444,24,26560.83,1106.70125,4684.48,62,40,24,MEDIUM
CUST004445,25,17209.69,688.3875999999999,2353.68,65,35,25,MEDIUM
CUST004446,22,10223.99,464.72681818181815,2658.17,66,40,22,MEDIUM
CUST004447,19,9754.99,513.4205263157895,3036.77,52,40,19,MEDIUM
CUST004448,20,11315.52,565.7760000000001,2332.35,50,40,20,MEDIUM
CUST004449,20,13125.53,656.2765,3931.93,51,35,20,MEDIUM
CUST004450,22,12134.99,551.5904545454546,5093.67,57,50,22,HIGH
CUST004451,31,31486.309999999998,1015.6874193548387,13200.92,86,75,31,CRITICAL
CUST004452,15,18458.85,1230.59,6560.27,38,55,15,HIGH
CUST004453,22,20092.239999999998,913.2836363636362,6244.37,59,50,22,HIGH
CUST004454,18,9613.92,534.1066666666667,2072.3,48,40,18,MEDIUM
CUST004455,23,19770.91,859.6047826086957,5372.96,65,55,23,HIGH
CUST004456,21,12450.92,592.9009523809524,3097.71,54,40,21,MEDIUM
CUST004457,20,12601.21,630.0604999999999,2513.33,50,35,20,MEDIUM
CUST004458,24,11940.61,497.5254166666667,2385.41,62,35,24,MEDIUM
CUST004459,16,9941.17,621.323125,5845.6,46,65,16,HIGH
CUST004460,36,31223.66,867.3238888888889,10117.38,104,70,36,CRITICAL
CUST004461,24,47332.26,1972.1775,27317.57,64,80,24,CRITICAL
CUST004462,28,35600.68,1271.452857142857,12703.4,81,70,28,CRITICAL
CUST004463,18,12620.75,701.1527777777778,4327.57,47,40,18,MEDIUM
CUST004464,12,8524.15,710.3458333333333,2757.05,34,40,12,MEDIUM
CUST004465,27,12127.88,449.1807407407407,2300.46,74,40,27,MEDIUM
CUST004466,29,18268.85,629.9603448275861,3227.13,77,40,29,MEDIUM
CUST004467,28,16008.17,571.7203571428571,2163.41,70,40,28,MEDIUM
CUST004468,28,17475.09,624.1103571428572,3059.06,70,35,28,MEDIUM
CUST004469,28,17741.52,633.6257142857143,4340.43,76,40,28,MEDIUM
CUST004470,22,13915.72,632.5327272727272,2457.95,59,40,22,MEDIUM
CUST004471,24,13043.529999999999,543.4804166666667,3635.95,69,40,24,MEDIUM
CUST004472,24,12239.77,509.9904166666667,2425.06,67,40,24,MEDIUM
CUST004473,28,15461.92,552.2114285714285,5862.76,74,55,28,HIGH
CUST004474,18,25984.28,1443.5711111111111,12410.1,47,55,18,HIGH
CUST004475,25,8636.65,345.466,1074.89,74,40,25,MEDIUM
CUST004476,28,24914.96,889.8199999999999,7572.33,80,50,28,HIGH
CUST004477,17,5588.21,328.7182352941177,1495.37,42,35,17,MEDIUM
CUST004478,27,27003.98,1000.1474074074074,6367.43,70,55,27,HIGH
CUST004479,21,14725.99,701.2376190476191,3788.41,53,35,21,MEDIUM
CUST004480,24,13707.050000000001,571.1270833333334,3662.76,60,40,24,MEDIUM
CUST004481,21,16912.43,805.3538095238096,7165.4,60,55,21,HIGH
CUST004482,27,19265.14,713.5237037037036,8347.58,72,80,27,CRITICAL
CUST004483,31,18208.85,587.3822580645161,3387.46,90,40,31,MEDIUM
CUST004484,21,15921.89,758.1852380952381,7323.26,61,55,21,HIGH
CUST004485,24,30861.11,1285.8795833333334,14492.14,67,65,24,HIGH
CUST004486,19,9739.27,512.5931578947369,2309.38,48,35,19,MEDIUM
CUST004487,16,7047.94,440.49625,910.99,41,35,16,MEDIUM
CUST004488,23,7567.16,329.00695652173914,920.18,61,40,23,MEDIUM
CUST004489,27,33233.7,1230.8777777777777,14236.78,73,70,27,CRITICAL
CUST004490,29,17008.12,586.4868965517242,3330.33,75,40,29,MEDIUM
CUST004491,27,17870.59,661.8737037037037,2402.51,78,40,27,MEDIUM
CUST004492,30,26996.3,899.8766666666667,5587.91,72,50,30,HIGH
CUST004493,27,17785.29,658.7144444444444,7544.18,72,55,27,HIGH
CUST004494,23,17151.3,745.7086956521739,4644.97,64,40,23,MEDIUM
CUST004495,24,16522.72,688.4466666666667,4784.32,64,40,24,MEDIUM
CUST004496,25,16883.24,675.3296,5625.35,71,75,25,CRITICAL
CUST004497,28,15648.17,558.8632142857143,3694.7,73,35,28,MEDIUM
CUST004498,22,11433.84,519.72,2883.4,59,40,22,MEDIUM
CUST004499,18,6697.66,372.09222222222223,1475.3,55,40,18,MEDIUM
CUST004500,15,15760.74,1050.716,4181.67,39,40,15,MEDIUM
CUST004501,22,15387.76,699.4436363636364,7154.22,65,50,22,HIGH
CUST004502,30,23349.37,778.3123333333333,5401.85,90,55,30,HIGH
CUST004503,21,9579.05,456.1452380952381,1857.68,57,40,21,MEDIUM
CUST004504,25,10746.21,429.84839999999997,1041.09,65,40,25,MEDIUM
CUST004505,29,14579.91,502.7555172413793,3471.81,72,40,29,MEDIUM
CUST004506,19,14303.43,752.812105263158,5510.55,52,55,19,HIGH
CUST004507,22,20096.74,913.4881818181819,6182.93,55,55,22,HIGH
CUST004508,21,18110.32,862.3961904761904,4228.22,56,40,21,MEDIUM
CUST004509,23,19032.55,827.5021739130434,5903.79,63,55,23,HIGH
CUST004510,28,25640.32,915.7257142857143,8266.65,79,70,28,CRITICAL
CUST004511,27,18166.78,672.8437037037037,3038.68,63,35,27,MEDIUM
CUST004512,22,22433.13,1019.6877272727273,11414.34,59,65,22,HIGH
CUST004513,16,6571.62,410.72625,942.55,43,35,16,MEDIUM
CUST004514,23,13701.57,595.7204347826087,2048.01,68,40,23,MEDIUM
CUST004515,28,16080.08,574.2885714285715,2956.6,74,40,28,MEDIUM
CUST004516,20,20501.35,1025.0674999999999,6127.3,56,55,20,HIGH
CUST004517,29,15913.01,548.7244827586208,2740.24,106,50,29,HIGH
CUST004518,25,15669.87,626.7948,2757.18,70,40,25,MEDIUM
CUST004519,24,12327.64,513.6516666666666,2442.74,65,40,24,MEDIUM
CUST004520,20,10054.57,502.7285,1480.52,52,40,20,MEDIUM
CUST004521,31,19456.79,627.6383870967742,2925.18,79,40,31,MEDIUM
CUST004522,22,32724.73,1487.4877272727272,17443.37,86,70,22,CRITICAL
CUST004523,26,20466.27,787.1642307692308,2693.96,95,55,26,HIGH
CUST004524,22,11313.75,514.2613636363636,2091.05,59,40,22,MEDIUM
CUST004525,21,18545.43,883.1157142857143,4489.58,54,40,21,MEDIUM
CUST004526,29,20165.260000000002,695.3537931034483,7002.6,85,65,29,HIGH
CUST004527,24,35512.76,1479.6983333333335,13295.93,67,50,24,HIGH
CUST004528,27,20000.83,740.7714814814816,5577.18,76,55,27,HIGH
CUST004529,17,17705.879999999997,1041.5223529411762,8549.39,47,70,17,CRITICAL
CUST004530,24,15745.91,656.0795833333333,2405.25,62,40,24,MEDIUM
CUST004531,20,51301.020000000004,2565.0510000000004,19485.49,54,70,20,CRITICAL
CUST004532,24,36877.01,1536.5420833333335,15809.63,69,60,24,HIGH
CUST004533,23,15860.66,689.5939130434782,2444.74,60,40,23,MEDIUM
CUST004534,23,13486.44,586.3669565217391,3522.42,66,40,23,MEDIUM
CUST004535,31,31043.32,1001.3974193548387,9202.12,85,65,31,HIGH
CUST004536,22,16194.46,736.1118181818182,4993.78,59,40,22,MEDIUM
CUST004537,18,8325.05,462.50277777777774,1845.91,43,35,18,MEDIUM
CUST004538,21,15649.9,745.2333333333333,5531.67,60,65,21,HIGH
CUST004539,34,16952.99,498.61735294117653,3161.95,95,40,34,MEDIUM
CUST004540,23,16749.010000000002,728.2178260869566,5754.39,65,50,23,HIGH
CUST004541,34,21366.94,628.4394117647058,2860.17,91,40,34,MEDIUM
CUST004542,22,18092.63,822.3922727272728,3776.3,56,40,22,MEDIUM
CUST004543,20,8488.34,424.41700000000003,1782.78,79,55,20,HIGH
CUST004544,24,25594.760000000002,1066.4483333333335,7994.93,70,70,24,CRITICAL
CUST004545,25,16434.66,657.3864,2920.16,65,40,25,MEDIUM
CUST004546,23,31215.83,1357.21,13626.2,64,50,23,HIGH
CUST004547,34,33605.84,988.4070588235293,6533.67,86,60,34,HIGH
CUST004548,36,25381.02,705.0283333333333,7477.81,96,60,36,HIGH
CUST004549,24,24990.46,1041.2691666666667,6936.7,68,60,24,HIGH
CUST004550,20,19820.94,991.0469999999999,4751.09,54,40,20,MEDIUM
CUST004551,33,48916.16,1482.307878787879,17179.6,93,50,33,HIGH
CUST004552,22,16588.11,754.005,3512.55,57,40,22,MEDIUM
CUST004553,24,20902.12,870.9216666666666,7650.47,67,70,24,CRITICAL
CUST004554,25,10178.74,407.14959999999996,1101.67,67,40,25,MEDIUM
CUST004555,32,33303.62,1040.738125,6956.73,84,55,32,HIGH
CUST004556,21,9084.71,432.60523809523806,1131.14,55,40,21,MEDIUM
CUST004557,27,34534.270000000004,1279.0470370370372,10154.26,68,55,27,HIGH
CUST004558,14,9794.61,699.615,2977.87,39,40,14,MEDIUM
CUST004559,23,23532.82,1023.1660869565218,6903.07,63,55,23,HIGH
CUST004560,27,21565.47,798.7211111111111,9773.18,72,65,27,HIGH
CUST004561,29,25399.92,875.8593103448276,4044.57,79,40,29,MEDIUM
CUST004562,21,12825.27,610.7271428571429,2909.67,56,40,21,MEDIUM
CUST004563,29,27910.59,962.4341379310345,8750.55,75,65,29,HIGH
CUST004564,31,28704.88,925.963870967742,5214.7,82,50,31,HIGH
CUST004565,20,14179.029999999999,708.9514999999999,2649.87,50,40,20,MEDIUM
CUST004566,22,20441.89,929.1768181818181,10179.99,63,55,22,HIGH
CUST004567,24,11425.29,476.05375000000004,3096.8,64,50,24,HIGH
CUST004568,18,17067.51,948.1949999999999,8928.91,52,70,18,CRITICAL
CUST004569,26,30273.84,1164.3784615384616,6969.36,75,70,26,CRITICAL
CUST004570,29,11485.55,396.053448275862,1346.94,109,55,29,HIGH
CUST004571,20,11750.55,587.5274999999999,1700.58,52,40,20,MEDIUM
CUST004572,33,20467.93,620.240303030303,1909.71,94,40,33,MEDIUM
CUST004573,22,26796.309999999998,1218.0140909090908,5505.42,81,65,22,HIGH
CUST004574,25,14747.15,589.886,2112.66,68,40,25,MEDIUM
CUST004575,30,16759.83,558.6610000000001,2826.55,81,40,30,MEDIUM
CUST004576,28,27687.010000000002,988.8217857142857,4790.41,72,40,28,MEDIUM
CUST004577,20,15743.74,787.187,6514.79,58,60,20,HIGH
CUST004578,16,10060.859999999999,628.8037499999999,2713.47,45,40,16,MEDIUM
CUST004579,22,16338.05,742.6386363636364,2659.29,78,50,22,HIGH
CUST004580,21,19713.18,938.7228571428572,7677.77,78,70,21,CRITICAL
CUST004581,22,21945.989999999998,997.545,9188.55,62,70,22,CRITICAL
CUST004582,24,21732.600000000002,905.5250000000001,8399.69,65,65,24,HIGH
CUST004583,30,10564.2,352.14000000000004,1099.39,80,40,30,MEDIUM
CUST004584,17,11175.31,657.3711764705882,1847.08,44,40,17,MEDIUM
CUST004585,25,12097.59,483.9036,1365.96,67,40,25,MEDIUM
CUST004586,21,7185.64,342.17333333333335,1618.13,63,40,21,MEDIUM
CUST004587,25,20086.16,803.4464,9265.48,66,70,25,CRITICAL
CUST004588,27,18919.63,700.7270370370371,8137.54,78,70,27,CRITICAL
CUST004589,28,28023.7,1000.8464285714286,5557.73,74,50,28,HIGH
CUST004590,21,16472.93,784.4252380952381,4724.7,55,35,21,MEDIUM
CUST004591,23,14218.56,618.1982608695652,2966.56,61,40,23,MEDIUM
CUST004592,30,12286.26,409.54200000000003,1895.93,86,40,30,MEDIUM
CUST004593,25,19676.37,787.0548,2291.82,69,40,25,MEDIUM
CUST004594,28,16727.14,597.3978571428571,3507.27,80,40,28,MEDIUM
CUST004595,18,14415.25,800.8472222222222,3954.57,66,50,18,HIGH
CUST004596,23,14161.51,615.7178260869565,4112.6,84,45,23,MEDIUM
CUST004597,32,9021.31,281.9159375,1259.99,92,40,32,MEDIUM
CUST004598,20,6410.9400000000005,320.547,1558.21,51,40,20,MEDIUM
CUST004599,23,20952.42,910.9747826086956,8716.61,66,70,23,CRITICAL
CUST004600,21,10964.49,522.1185714285714,1809.93,58,40,21,MEDIUM
CUST004601,17,10772.29,633.6641176470589,4504.55,48,40,17,MEDIUM
CUST004602,26,18460.34,710.0130769230769,4683.94,69,40,26,MEDIUM
CUST004603,23,14616.380000000001,635.4947826086957,7402.51,71,60,23,HIGH
CUST004604,23,14357.26,624.2286956521739,2323.58,62,40,23,MEDIUM
CUST004605,17,6813.66,400.8035294117647,1335.77,51,40,17,MEDIUM
CUST004606,21,12610.75,600.5119047619048,3732.21,60,40,21,MEDIUM
CUST004607,30,31691.18,1056.3726666666666,4730.65,72,35,30,MEDIUM
CUST004608,20,7896.44,394.822,1881.69,53,40,20,MEDIUM
CUST004609,21,18371.72,874.8438095238096,6961.95,59,55,21,HIGH
CUST004610,26,16430.739999999998,631.9515384615383,3358.3,72,40,26,MEDIUM
CUST004611,16,11771.79,735.736875,6055.89,49,75,16,CRITICAL
CUST004612,20,23136.39,1156.8195,9100.17,61,70,20,CRITICAL
CUST004613,20,9150.33,457.5165,3074.49,30,20,0,LOW
CUST004614,32,21915.16,684.84875,8192.95,92,70,32,CRITICAL
CUST004615,29,25804.12,889.7972413793103,4308.41,75,40,29,MEDIUM
CUST004616,21,17539.32,835.2057142857143,4767.77,53,40,21,MEDIUM
CUST004617,18,18781.84,1043.4355555555555,8029.8,53,65,18,HIGH
CUST004618,38,36528.19,961.2681578947369,6499.37,106,55,38,HIGH
CUST004619,24,14937.86,622.4108333333334,4198.62,65,40,24,MEDIUM
CUST004620,20,14809.869999999999,740.4934999999999,7061.79,52,50,20,HIGH
CUST004621,27,17768.25,658.0833333333334,4557.35,76,40,27,MEDIUM
CUST004622,25,19571.2,782.8480000000001,3483.81,63,35,25,MEDIUM
CUST004623,33,28250.99,856.0906060606061,4794.1,86,35,33,MEDIUM
CUST004624,20,19600.37,980.0184999999999,6064.85,59,50,20,HIGH
CUST004625,21,16244.16,773.5314285714286,3509.07,58,40,21,MEDIUM
CUST004626,18,20733.7,1151.8722222222223,12824.53,54,55,18,HIGH
CUST004627,23,11505.41,500.23521739130433,4106.39,64,40,23,MEDIUM
CUST004628,19,10851.300000000001,571.121052631579,2769.24,55,40,19,MEDIUM
CUST004629,24,13712.98,571.3741666666666,1979.4,60,40,24,MEDIUM
CUST004630,26,26216.09,1008.3111538461538,4203.58,67,40,26,MEDIUM
CUST004631,23,20476.08,890.264347826087,11966.11,62,70,23,CRITICAL
CUST004632,22,22866.960000000003,1039.4072727272728,8570.12,65,85,22,CRITICAL
CUST004633,29,19069.23,657.5596551724137,4489.85,81,40,29,MEDIUM
CUST004634,30,23687.24,789.5746666666668,3300.5,76,40,30,MEDIUM
CUST004635,20,13341.5,667.075,2969.26,57,40,20,MEDIUM
CUST004636,32,15002.380000000001,468.82437500000003,2448.84,87,40,32,MEDIUM
CUST004637,24,33622.15,1400.9229166666667,10665.55,68,55,24,HIGH
CUST004638,30,30637.45,1021.2483333333333,10942.32,82,55,30,HIGH
CUST004639,16,4434.54,277.15875,992.18,43,35,16,MEDIUM
CUST004640,23,19147.11,832.4830434782609,4612.31,68,40,23,MEDIUM
CUST004641,29,23766.01,819.5175862068965,4911.64,74,40,29,MEDIUM
CUST004642,17,17069.57,1004.0923529411765,4936.1,48,40,17,MEDIUM
CUST004643,10,9861.36,986.1360000000001,2792.91,30,40,10,MEDIUM
CUST004644,25,15840.810000000001,633.6324000000001,5259.56,68,65,25,HIGH
CUST004645,24,15066.76,627.7816666666666,2569.84,62,35,24,MEDIUM
CUST004646,28,20936.6,747.7357142857143,3087.77,74,40,28,MEDIUM
CUST004647,27,12546.75,464.69444444444446,2974.21,71,40,27,MEDIUM
CUST004648,18,11324.54,629.1411111111112,2929.06,47,40,18,MEDIUM
CUST004649,28,20452.15,730.4339285714286,3728.38,76,40,28,MEDIUM
CUST004650,16,8916.37,557.273125,1836.37,44,40,16,MEDIUM
CUST004651,21,10134.62,482.60095238095244,2039.18,59,40,21,MEDIUM
CUST004652,13,8561.7,658.5923076923077,2639.61,38,40,13,MEDIUM
CUST004653,28,22621.29,807.9032142857143,5639.25,74,55,28,HIGH
CUST004654,20,11348.66,567.433,2357.61,53,35,20,MEDIUM
CUST004655,24,14188.49,591.1870833333334,2557.17,65,40,24,MEDIUM
CUST004656,31,27935.83,901.155806451613,4961.15,82,40,31,MEDIUM
CUST004657,28,36122.03,1290.0725,19199.2,73,50,28,HIGH
CUST004658,37,26564.010000000002,717.9462162162163,5899.71,97,55,37,HIGH
CUST004659,27,18692.01,692.2966666666666,5055.82,70,50,27,HIGH
CUST004660,25,15232.66,609.3063999999999,3620.65,93,55,25,HIGH
CUST004661,16,9740.36,608.7725,1779.76,39,35,16,MEDIUM
CUST004662,20,16176.6,808.83,3988.24,54,40,20,MEDIUM
CUST004663,21,16538.29,787.537619047619,4496.87,61,40,21,MEDIUM
CUST004664,25,16492.38,659.6952,4759.21,63,40,25,MEDIUM
CUST004665,27,18197.3,673.974074074074,2595.38,74,40,27,MEDIUM
CUST004666,21,18748.37,892.7795238095238,3825.03,55,40,21,MEDIUM
CUST004667,24,11151.09,464.62875,1524.81,67,40,24,MEDIUM
CUST004668,24,12218.16,509.09,4438.62,95,55,24,HIGH
CUST004669,18,8992.1,499.56111111111113,1489.75,48,40,18,MEDIUM
CUST004670,24,14247.55,593.6479166666667,2758.79,63,40,24,MEDIUM
CUST004671,20,13761.68,688.0840000000001,6847.88,58,50,20,HIGH
CUST004672,16,5928.070000000001,370.50437500000004,1666.63,41,35,16,MEDIUM
CUST004673,29,28868.85,995.4775862068965,8315.38,73,65,29,HIGH
CUST004674,19,17940.28,944.2252631578947,4935.21,52,40,19,MEDIUM
CUST004675,25,12261.57,490.4628,3469.28,69,40,25,MEDIUM
CUST004676,27,15961.93,591.1825925925926,3414.92,77,40,27,MEDIUM
CUST004677,29,22165.43,764.3251724137931,3938.63,74,35,29,MEDIUM
CUST004678,28,18207.75,650.2767857142857,4226.47,76,40,28,MEDIUM
CUST004679,18,20752.079999999998,1152.8933333333332,8843.63,53,70,18,CRITICAL
CUST004680,25,17683.989999999998,707.3595999999999,2458.95,72,40,25,MEDIUM
CUST004681,18,7746.59,430.36611111111114,985.32,44,35,18,MEDIUM
CUST004682,18,10747.44,597.08,2692.08,49,35,18,MEDIUM
CUST004683,19,10661.09,561.11,2138.45,52,40,19,MEDIUM
CUST004684,21,11242.46,535.3552380952381,3104.52,73,50,21,HIGH
CUST004685,23,13909.300000000001,604.7521739130435,3940.28,60,40,23,MEDIUM
CUST004686,21,19817.0,943.6666666666666,7899.93,55,50,21,HIGH
CUST004687,18,13729.41,762.745,3966.13,45,40,18,MEDIUM
CUST004688,23,26996.91,1173.7786956521738,16840.51,65,50,23,HIGH
CUST004689,20,13561.97,678.0985,7276.28,76,70,20,CRITICAL
CUST004690,21,11076.44,527.4495238095238,1899.07,58,40,21,MEDIUM
CUST004691,37,60911.34,1646.2524324324324,24040.37,108,70,37,CRITICAL
CUST004692,23,17136.04,745.0452173913044,2581.3,57,35,23,MEDIUM
CUST004693,26,13995.96,538.3061538461538,6048.32,66,55,26,HIGH
CUST004694,21,13407.62,638.4580952380953,2701.64,58,40,21,MEDIUM
CUST004695,27,18253.12,676.0414814814815,3561.86,73,40,27,MEDIUM
CUST004696,24,23091.07,962.1279166666667,6419.89,66,60,24,HIGH
CUST004697,26,34681.92,1333.9199999999998,12131.85,75,70,26,CRITICAL
CUST004698,24,13409.44,558.7266666666667,2915.9,68,40,24,MEDIUM
CUST004699,31,31733.41,1023.6583870967742,8490.79,85,70,31,CRITICAL
CUST004700,20,9885.49,494.2745,1527.34,53,40,20,MEDIUM
CUST004701,16,13945.369999999999,871.5856249999999,3047.43,40,40,16,MEDIUM
CUST004702,27,19361.78,717.1029629629629,3731.64,72,40,27,MEDIUM
CUST004703,26,17588.87,676.495,4067.14,68,40,26,MEDIUM
CUST004704,25,10109.34,404.3736,2002.85,73,40,25,MEDIUM
CUST004705,29,59712.29,2059.0444827586207,20838.6,78,70,29,CRITICAL
CUST004706,30,12984.710000000001,432.8236666666667,1873.75,80,40,30,MEDIUM
CUST004707,20,12012.89,600.6445,2600.08,58,40,20,MEDIUM
CUST004708,19,13004.14,684.4284210526315,2122.24,49,35,19,MEDIUM
CUST004709,21,15758.08,750.384761904762,3509.73,77,50,21,HIGH
CUST004710,21,16326.220000000001,777.4390476190476,3639.67,56,40,21,MEDIUM
CUST004711,32,21987.61,687.1128125,3003.59,87,40,32,MEDIUM
CUST004712,23,15291.38,664.8426086956522,3795.9,61,40,23,MEDIUM
CUST004713,18,13254.46,736.3588888888888,2015.57,48,40,18,MEDIUM
CUST004714,28,18005.96,643.0699999999999,2521.81,75,40,28,MEDIUM
CUST004715,30,12377.23,412.5743333333333,1280.96,77,40,30,MEDIUM
CUST004716,18,13438.52,746.5844444444444,3798.68,49,40,18,MEDIUM
CUST004717,29,15059.88,519.3062068965517,2534.27,75,40,29,MEDIUM
CUST004718,25,16326.64,653.0656,2850.81,69,40,25,MEDIUM
CUST004719,20,51981.049999999996,2599.0525,35008.42,55,60,20,HIGH
CUST004720,20,15432.09,771.6045,3508.36,56,40,20,MEDIUM
CUST004721,22,15375.83,698.9013636363636,2901.89,55,40,22,MEDIUM
CUST004722,23,7608.55,330.80652173913046,1485.69,57,35,23,MEDIUM
CUST004723,21,15355.119999999999,731.1961904761904,2443.73,55,40,21,MEDIUM
CUST004724,22,10825.07,492.0486363636364,3444.27,62,40,22,MEDIUM
CUST004725,18,12994.48,721.9155555555556,1518.59,45,35,18,MEDIUM
CUST004726,27,50682.29,1877.121851851852,26055.01,75,75,27,CRITICAL
CUST004727,16,13439.76,839.985,6030.01,60,75,16,CRITICAL
CUST004728,19,11683.4,614.9157894736842,2013.18,54,40,19,MEDIUM
CUST004729,22,17510.69,795.9404545454545,3554.26,82,45,22,MEDIUM
CUST004730,23,19850.08,863.0469565217392,6608.42,61,50,23,HIGH
CUST004731,28,12175.95,434.85535714285714,1872.75,74,40,28,MEDIUM
CUST004732,27,16643.239999999998,616.4162962962962,6761.99,69,60,27,HIGH
CUST004733,28,21214.7,757.6678571428572,3775.77,72,40,28,MEDIUM
CUST004734,38,24773.56,651.9357894736843,3210.34,96,40,38,MEDIUM
CUST004735,15,6864.86,457.6573333333333,1711.84,43,40,15,MEDIUM
CUST004736,22,10548.03,479.45590909090913,1712.93,85,90,22,CRITICAL
CUST004737,22,12077.16,548.9618181818182,1581.79,60,40,22,MEDIUM
CUST004738,23,8551.61,371.8091304347826,1720.94,34,20,0,LOW
CUST004739,26,15296.66,588.3330769230769,2113.73,65,40,26,MEDIUM
CUST004740,24,15699.3,654.1374999999999,3211.54,65,40,24,MEDIUM
CUST004741,24,14538.52,605.7716666666666,3971.41,65,40,24,MEDIUM
CUST004742,24,13974.98,582.2908333333334,4781.83,67,40,24,MEDIUM
CUST004743,25,21562.78,862.5111999999999,3714.41,65,40,25,MEDIUM
CUST004744,21,13493.74,642.5590476190476,3964.4,57,40,21,MEDIUM
CUST004745,18,11111.69,617.3161111111111,3259.44,47,40,18,MEDIUM
CUST004746,30,18074.75,602.4916666666667,2725.06,82,40,30,MEDIUM
CUST004747,28,20799.73,742.8475,3184.7,77,40,28,MEDIUM
CUST004748,23,25158.07,1093.8291304347827,8851.53,61,85,23,CRITICAL
CUST004749,28,31415.010000000002,1121.964642857143,13545.54,70,50,28,HIGH
CUST004750,20,34120.5,1706.025,27315.27,55,80,20,CRITICAL
CUST004751,26,28384.97,1091.7296153846155,7418.31,70,55,26,HIGH
CUST004752,35,12886.32,368.1805714285714,2539.49,94,40,35,MEDIUM
CUST004753,18,16397.39,910.9661111111111,5978.54,52,55,18,HIGH
CUST004754,24,17984.01,749.3337499999999,3936.84,67,40,24,MEDIUM
CUST004755,23,29285.58,1273.2860869565218,13404.58,60,50,23,HIGH
CUST004756,22,12526.31,569.3777272727273,2767.89,58,40,22,MEDIUM
CUST004757,22,11582.7,526.4863636363636,2048.09,56,40,22,MEDIUM
CUST004758,22,10598.37,481.74409090909097,2432.58,63,40,22,MEDIUM
CUST004759,18,58962.38,3275.6877777777777,36258.61,55,80,18,CRITICAL
CUST004760,24,13839.61,576.6504166666667,3136.31,66,40,24,MEDIUM
CUST004761,32,33033.18,1032.286875,6309.68,94,55,32,HIGH
CUST004762,19,22552.69,1186.9836842105262,5127.09,50,60,19,HIGH
CUST004763,21,18509.65,881.4119047619048,5628.41,55,75,21,CRITICAL
CUST004764,21,20261.2,964.8190476190476,5812.03,53,65,21,HIGH
CUST004765,25,45144.55,1805.7820000000002,12558.87,72,65,25,HIGH
CUST004766,21,15821.07,753.3842857142857,4995.53,73,50,21,HIGH
CUST004767,20,10943.62,547.181,4212.5,54,40,20,MEDIUM
CUST004768,32,31961.8,998.80625,8510.81,93,90,32,CRITICAL
CUST004769,25,22841.86,913.6744,3742.85,67,40,25,MEDIUM
CUST004770,22,16267.640000000001,739.4381818181819,5214.52,61,55,22,HIGH
CUST004771,24,29588.1,1232.8374999999999,6848.04,68,60,24,HIGH
CUST004772,24,19343.79,805.99125,3632.34,66,40,24,MEDIUM
CUST004773,23,12032.09,523.1343478260869,2406.62,64,40,23,MEDIUM
CUST004774,26,26127.08,1004.8876923076924,7118.42,73,55,26,HIGH
CUST004775,23,11011.94,478.78000000000003,2397.04,60,40,23,MEDIUM
CUST004776,31,19105.45,616.3048387096775,4934.43,81,40,31,MEDIUM
CUST004777,27,27438.38,1016.2362962962964,5532.0,42,35,2,MEDIUM
CUST004778,26,15220.37,585.3988461538462,3280.77,75,40,26,MEDIUM
CUST004779,24,33154.79,1381.4495833333333,9421.13,70,75,24,CRITICAL
CUST004780,21,30104.69,1433.5566666666666,6586.23,60,60,21,HIGH
CUST004781,21,15860.449999999999,755.2595238095238,4133.65,57,40,21,MEDIUM
CUST004782,18,12786.34,710.3522222222223,3153.66,46,40,18,MEDIUM
CUST004783,29,19619.34,676.5289655172414,3966.01,79,40,29,MEDIUM
CUST004784,22,29743.94,1351.9972727272727,6301.84,60,50,22,HIGH
CUST004785,30,29225.61,974.187,7613.84,73,50,30,HIGH
CUST004786,24,13446.24,560.26,3669.82,61,40,24,MEDIUM
CUST004787,24,24880.03,1036.6679166666665,4189.15,69,50,24,HIGH
CUST004788,23,11558.81,502.5569565217391,5034.79,62,55,23,HIGH
CUST004789,21,29933.72,1425.4152380952382,8152.79,57,70,21,CRITICAL
CUST004790,32,19029.28,594.665,4900.96,87,45,32,MEDIUM
CUST004791,16,11967.88,747.9925,4192.48,41,35,16,MEDIUM
CUST004792,37,25842.77,698.4532432432433,4308.73,109,40,37,MEDIUM
CUST004793,24,17624.73,734.36375,3173.91,69,40,24,MEDIUM
CUST004794,18,17877.63,993.2016666666667,4098.58,47,40,18,MEDIUM
CUST004795,26,11261.79,433.14576923076925,2040.59,69,40,26,MEDIUM
CUST004796,20,12615.04,630.7520000000001,3699.93,52,40,20,MEDIUM
CUST004797,25,22719.59,908.7836,5521.23,91,60,25,HIGH
CUST004798,31,18462.43,595.5622580645162,2735.73,84,40,31,MEDIUM
CUST004799,20,17391.1,869.555,6027.65,56,55,20,HIGH
CUST004800,21,22127.88,1053.7085714285715,8218.92,59,65,21,HIGH
CUST004801,23,25880.55,1125.2413043478261,10827.89,68,55,23,HIGH
CUST004802,28,25112.329999999998,896.8689285714285,10025.83,79,50,28,HIGH
CUST004803,24,23371.16,973.7983333333333,6089.45,88,90,24,CRITICAL
CUST004804,20,9588.37,479.41850000000005,2127.11,54,40,20,MEDIUM
CUST004805,20,15399.14,769.957,3839.25,57,40,20,MEDIUM
CUST004806,31,23425.27,755.6538709677419,4640.23,79,40,31,MEDIUM
CUST004807,26,22731.58,874.2915384615385,6428.35,71,55,26,HIGH
CUST004808,21,8835.65,420.74523809523805,2900.17,55,35,21,MEDIUM
CUST004809,22,7591.96,345.0890909090909,1435.79,57,40,22,MEDIUM
CUST004810,27,20570.71,761.8781481481482,3874.4,76,40,27,MEDIUM
CUST004811,23,15513.05,674.4804347826087,7345.36,62,70,23,CRITICAL
CUST004812,26,33389.71,1284.2196153846153,14883.21,77,75,26,CRITICAL
CUST004813,31,40701.13,1312.9396774193547,18879.82,82,70,31,CRITICAL
CUST004814,25,12300.05,492.00199999999995,3044.3,69,40,25,MEDIUM
CUST004815,25,14920.23,596.8092,2621.27,64,40,25,MEDIUM
CUST004816,29,31095.21,1072.2486206896551,9988.8,88,85,29,CRITICAL
CUST004817,25,25819.15,1032.766,8734.55,64,70,25,CRITICAL
CUST004818,20,11511.61,575.5805,2435.51,50,35,20,MEDIUM
CUST004819,27,27477.68,1017.6918518518519,6589.94,71,50,27,HIGH
CUST004820,29,15292.69,527.3341379310345,2271.54,74,40,29,MEDIUM
CUST004821,30,24778.48,825.9493333333334,4206.7,82,40,30,MEDIUM
CUST004822,22,17208.84,782.22,4164.33,60,40,22,MEDIUM
CUST004823,18,11655.1,647.5055555555556,2041.58,47,40,18,MEDIUM
CUST004824,35,38533.84,1100.966857142857,10912.14,97,50,35,HIGH
CUST004825,33,23137.62,701.14,3062.46,114,45,33,MEDIUM
CUST004826,22,23729.3,1078.6045454545454,8954.22,56,65,22,HIGH
CUST004827,26,26337.899999999998,1012.9961538461538,9414.3,70,65,26,HIGH
CUST004828,23,13672.769999999999,594.4682608695651,3029.86,62,40,23,MEDIUM
CUST004829,26,20252.68,778.9492307692308,2849.11,64,40,26,MEDIUM
CUST004830,26,29490.38,1134.2453846153846,11214.85,71,65,26,HIGH
CUST004831,19,6796.29,357.69947368421055,895.56,69,50,19,HIGH
CUST004832,19,8578.48,451.49894736842106,1923.28,70,55,19,HIGH
CUST004833,29,24532.18,845.9372413793103,4354.82,110,55,29,HIGH
CUST004834,23,9379.73,407.81434782608693,1673.65,56,40,23,MEDIUM
CUST004835,32,18761.58,586.299375,2840.38,88,40,32,MEDIUM
CUST004836,27,16270.89,602.6255555555555,2870.26,71,40,27,MEDIUM
CUST004837,21,12369.17,589.0080952380953,3078.52,54,40,21,MEDIUM
CUST004838,23,15648.92,680.3878260869566,2529.07,63,40,23,MEDIUM
CUST004839,31,27065.1,873.0677419354838,9124.46,85,70,31,CRITICAL
CUST004840,34,29291.32,861.5094117647059,10776.91,90,50,34,HIGH
CUST004841,23,24816.49,1078.9778260869566,6476.6,85,70,23,CRITICAL
CUST004842,29,24975.49,861.2237931034483,7627.68,79,55,29,HIGH
CUST004843,21,21305.53,1014.5490476190475,6488.02,57,50,21,HIGH
CUST004844,15,13861.869999999999,924.1246666666666,4949.2,39,40,15,MEDIUM
CUST004845,23,15136.5,658.1086956521739,3274.93,57,40,23,MEDIUM
CUST004846,26,16610.77,638.8757692307693,3647.21,64,40,26,MEDIUM
CUST004847,26,26734.739999999998,1028.2592307692307,13550.32,73,75,26,CRITICAL
CUST004848,18,12708.390000000001,706.0216666666668,2722.85,50,40,18,MEDIUM
CUST004849,24,10803.8,450.1583333333333,2833.18,63,40,24,MEDIUM
CUST004850,20,8814.46,440.72299999999996,2508.14,54,40,20,MEDIUM
CUST004851,23,11090.62,482.20086956521743,1516.26,60,40,23,MEDIUM
CUST004852,28,19019.98,679.285,2819.45,72,40,28,MEDIUM
CUST004853,24,15497.25,645.71875,2233.64,83,55,24,HIGH
CUST004854,25,12437.33,497.4932,2379.83,63,40,25,MEDIUM
CUST004855,25,28091.36,1123.6544000000001,9429.49,72,80,25,CRITICAL
CUST004856,20,11041.81,552.0905,2399.92,69,50,20,HIGH
CUST004857,23,76361.93000000001,3320.083913043479,50000.0,67,80,23,CRITICAL
CUST004858,23,13087.279999999999,569.0121739130434,1758.36,61,40,23,MEDIUM
CUST004859,17,32809.78,1929.9870588235294,17945.78,44,55,17,HIGH
CUST004860,24,15075.0,628.125,3691.72,66,40,24,MEDIUM
CUST004861,16,8889.31,555.581875,1430.42,43,40,16,MEDIUM
CUST004862,29,24874.56,857.7434482758621,7386.66,73,50,29,HIGH
CUST004863,28,16574.95,591.9625,2342.64,79,40,28,MEDIUM
CUST004864,27,31562.01,1168.9633333333334,6947.15,71,55,27,HIGH
CUST004865,18,11002.94,611.2744444444445,2844.61,51,40,18,MEDIUM
CUST004866,26,13966.39,537.1688461538462,2161.27,69,40,26,MEDIUM
CUST004867,26,18132.83,697.4165384615385,2368.79,68,40,26,MEDIUM
CUST004868,19,8044.599999999999,423.4,1765.03,49,40,19,MEDIUM
CUST004869,20,9709.4,485.46999999999997,1550.5,51,40,20,MEDIUM
CUST004870,19,6418.37,337.80894736842106,1353.27,44,35,19,MEDIUM
CUST004871,32,31724.01,991.3753125,14389.73,78,65,32,HIGH
CUST004872,27,21431.719999999998,793.7674074074073,3698.46,71,35,27,MEDIUM
CUST004873,17,6025.0,354.4117647058824,1047.93,47,40,17,MEDIUM
CUST004874,27,19098.66,707.3577777777778,4821.96,72,40,27,MEDIUM
CUST004875,19,13520.72,711.6168421052631,2045.0,52,40,19,MEDIUM
CUST004876,22,25570.25,1162.284090909091,8435.15,64,70,22,CRITICAL
CUST004877,15,8986.56,599.1039999999999,2560.55,40,40,15,MEDIUM
CUST004878,30,27858.77,928.6256666666667,7067.39,85,55,30,HIGH
CUST004879,22,13131.82,596.9009090909091,3520.83,60,40,22,MEDIUM
CUST004880,28,25280.01,902.8575,5589.66,77,55,28,HIGH
CUST004881,19,19323.8,1017.0421052631579,6045.91,52,60,19,HIGH
CUST004882,21,36459.670000000006,1736.1747619047621,23281.38,56,65,21,HIGH
CUST004883,37,31640.81,855.1570270270271,5229.16,101,50,37,HIGH
CUST004884,28,14028.51,501.0182142857143,3040.92,72,40,28,MEDIUM
CUST004885,19,10414.67,548.1405263157894,6707.1,55,55,19,HIGH
CUST004886,36,19861.79,551.7163888888889,3623.15,102,40,36,MEDIUM
CUST004887,19,17838.37,938.8615789473683,3906.21,51,35,19,MEDIUM
CUST004888,26,20235.64,778.2938461538462,4866.83,69,40,26,MEDIUM
CUST004889,24,19182.78,799.2824999999999,3167.97,62,40,24,MEDIUM
CUST004890,24,20388.57,849.52375,6896.41,61,50,24,HIGH
CUST004891,17,5080.95,298.8794117647059,1250.65,47,40,17,MEDIUM
CUST004892,22,23639.0,1074.5,10207.87,60,55,22,HIGH
CUST004893,15,5055.58,337.03866666666664,1098.07,42,40,15,MEDIUM
CUST004894,24,15364.01,640.1670833333334,2282.58,60,35,24,MEDIUM
CUST004895,23,18572.41,807.4960869565217,5050.24,88,60,23,HIGH
CUST004896,17,11092.67,652.51,2185.73,49,40,17,MEDIUM
CUST004897,16,6898.16,431.135,1524.44,58,45,16,MEDIUM
CUST004898,22,12600.62,572.7554545454545,5477.17,57,50,22,HIGH
CUST004899,23,15697.25,682.4891304347826,5092.98,57,60,23,HIGH
CUST004900,22,10127.48,460.34,2105.58,61,40,22,MEDIUM
CUST004901,30,33188.26,1106.2753333333335,16255.66,80,65,30,HIGH
CUST004902,26,47980.86,1845.4176923076923,27885.78,73,75,26,CRITICAL
CUST004903,25,27335.39,1093.4156,8673.54,69,70,25,CRITICAL
CUST004904,21,11709.09,557.5757142857143,2564.01,71,45,21,MEDIUM
CUST004905,25,20577.17,823.0867999999999,5399.57,65,50,25,HIGH
CUST004906,28,26522.57,947.2346428571428,10315.73,75,50,28,HIGH
CUST004907,24,17572.72,732.1966666666667,3140.9,62,40,24,MEDIUM
CUST004908,11,7149.139999999999,649.9218181818181,2855.6,31,40,11,MEDIUM
CUST004909,27,16890.98,625.5918518518519,3183.54,128,100,27,CRITICAL
CUST004910,20,26381.73,1319.0865,13387.59,62,70,20,CRITICAL
CUST004911,17,12904.34,759.0788235294118,3684.24,44,35,17,MEDIUM
CUST004912,19,11401.27,600.0668421052632,3381.64,49,40,19,MEDIUM
CUST004913,31,38634.2,1246.2645161290322,12642.72,99,85,31,CRITICAL
CUST004914,28,23565.46,841.6235714285714,3577.42,75,40,28,MEDIUM
CUST004915,25,9671.98,386.87919999999997,1569.42,71,40,25,MEDIUM
CUST004916,23,31136.08,1353.7426086956523,12484.95,66,65,23,HIGH
CUST004917,22,8190.37,372.2895454545455,1305.04,58,40,22,MEDIUM
CUST004918,30,23691.56,789.7186666666668,4417.35,85,40,30,MEDIUM
CUST004919,19,27246.17,1434.0089473684209,7231.7,56,60,19,HIGH
CUST004920,31,23065.12,744.036129032258,4197.69,89,40,31,MEDIUM
CUST004921,22,18523.84,841.9927272727273,5631.66,62,50,22,HIGH
CUST004922,15,25139.91,1675.994,8346.05,46,70,15,CRITICAL
CUST004923,22,12271.03,557.7740909090909,1247.49,57,40,22,MEDIUM
CUST004924,35,26868.97,767.6848571428571,3681.35,97,40,35,MEDIUM
CUST004925,24,13010.43,542.10125,3320.36,64,40,24,MEDIUM
CUST004926,19,10393.11,547.0057894736842,1658.16,53,40,19,MEDIUM
CUST004927,26,20257.38,779.13,5624.0,73,55,26,HIGH
CUST004928,26,13228.84,508.8015384615385,2071.02,95,55,26,HIGH
CUST004929,25,12554.7,502.18800000000005,2137.11,36,20,0,LOW
CUST004930,25,16098.67,643.9468,2049.32,68,40,25,MEDIUM
CUST004931,27,18399.67,681.4692592592592,4918.29,70,35,27,MEDIUM
CUST004932,23,28047.02,1219.435652173913,14804.52,86,70,23,CRITICAL
CUST004933,17,17342.7,1020.1588235294118,7342.32,47,55,17,HIGH
CUST004934,26,15114.25,581.3173076923077,2372.49,91,50,26,HIGH
CUST004935,23,8546.43,371.5839130434783,1316.9,61,40,23,MEDIUM
CUST004936,28,22419.53,800.6975,8185.44,73,65,28,HIGH
CUST004937,28,12034.83,429.8153571428571,1788.03,75,40,28,MEDIUM
CUST004938,24,11319.52,471.6466666666667,1710.04,66,40,24,MEDIUM
CUST004939,32,25090.600000000002,784.0812500000001,4053.03,84,40,32,MEDIUM
CUST004940,15,9500.01,633.3340000000001,1556.26,37,40,15,MEDIUM
CUST004941,15,14999.7,999.98,8171.05,41,85,15,CRITICAL
CUST004942,25,38206.19,1528.2476000000001,16990.72,64,70,25,CRITICAL
CUST004943,18,18042.0,1002.3333333333334,3986.9,47,35,18,MEDIUM
CUST004944,30,37652.29,1255.0763333333334,6192.05,84,55,30,HIGH
CUST004945,33,18082.36,547.9503030303031,2720.22,86,40,33,MEDIUM
CUST004946,22,13386.69,608.4859090909091,2686.12,56,40,22,MEDIUM
CUST004947,33,17308.3,524.4939393939394,3093.27,126,55,33,HIGH
CUST004948,22,9200.94,418.2245454545455,1177.43,76,50,22,HIGH
CUST004949,24,21910.66,912.9441666666667,7585.29,62,55,24,HIGH
CUST004950,22,21510.27,977.7395454545455,7037.36,57,50,22,HIGH
CUST004951,22,26716.22,1214.3736363636365,5895.73,84,60,22,HIGH
CUST004952,22,27570.88,1253.2218181818182,6078.79,61,55,22,HIGH
CUST004953,21,21031.63,1001.5061904761906,6364.49,61,70,21,CRITICAL
CUST004954,24,15086.51,628.6045833333334,4326.59,61,40,24,MEDIUM
CUST004955,27,13922.14,515.6348148148148,2286.44,74,40,27,MEDIUM
CUST004956,19,9154.279999999999,481.8042105263157,2376.55,51,40,19,MEDIUM
CUST004957,21,15104.94,719.2828571428572,2129.43,55,40,21,MEDIUM
CUST004958,14,6538.41,467.0292857142857,1210.8,36,40,14,MEDIUM
CUST004959,24,13605.81,566.9087499999999,1801.26,68,40,24,MEDIUM
CUST004960,23,17323.99,753.2169565217392,4705.5,56,35,23,MEDIUM
CUST004961,26,33598.85,1292.2634615384616,9721.99,72,65,26,HIGH
CUST004962,21,18663.78,888.7514285714285,6412.74,52,50,21,HIGH
CUST004963,32,33762.46,1055.076875,9291.41,89,70,32,CRITICAL
CUST004964,27,22596.57,836.91,3717.95,106,55,27,HIGH
CUST004965,22,15038.38,683.5627272727272,2617.46,61,40,22,MEDIUM
CUST004966,27,22547.309999999998,835.0855555555555,4397.78,70,50,27,HIGH
CUST004967,24,24976.12,1040.6716666666666,4714.96,60,35,24,MEDIUM
CUST004968,28,13065.52,466.6257142857143,3684.66,79,40,28,MEDIUM
CUST004969,20,10930.64,546.5319999999999,3521.61,54,40,20,MEDIUM
CUST004970,27,15530.64,575.2088888888889,3728.11,68,40,27,MEDIUM
CUST004971,21,15342.08,730.5752380952381,6596.16,76,60,21,HIGH
CUST004972,27,17557.81,650.2892592592593,2974.69,77,40,27,MEDIUM
CUST004973,27,13975.279999999999,517.6029629629629,3380.58,76,40,27,MEDIUM
CUST004974,29,24995.75,861.9224137931035,6798.55,83,50,29,HIGH
CUST004975,26,24476.35,941.3980769230768,6866.81,74,55,26,HIGH
CUST004976,15,4637.38,309.15866666666665,1676.47,42,40,15,MEDIUM
CUST004977,18,13221.39,734.5216666666666,4259.07,49,40,18,MEDIUM
CUST004978,26,19930.86,766.5715384615385,3269.08,72,40,26,MEDIUM
CUST004979,35,33285.28,951.0079999999999,7220.69,97,50,35,HIGH
CUST004980,19,6591.97,346.9457894736842,1442.37,52,40,19,MEDIUM
CUST004981,27,20802.15,770.45,5576.94,72,50,27,HIGH
CUST004982,23,20783.879999999997,903.6469565217391,4179.82,61,40,23,MEDIUM
CUST004983,24,14250.82,593.7841666666667,3461.85,68,40,24,MEDIUM
CUST004984,21,13309.87,633.8033333333334,2806.01,57,40,21,MEDIUM
CUST004985,25,19837.510000000002,793.5004000000001,2451.44,91,50,25,HIGH
CUST004986,28,18034.44,644.0871428571428,2852.91,71,40,28,MEDIUM
CUST004987,22,16221.0,737.3181818181819,6226.51,59,50,22,HIGH
CUST004988,19,14803.53,779.1331578947369,2788.03,57,40,19,MEDIUM
CUST004989,17,10928.17,642.8335294117647,2189.37,45,40,17,MEDIUM
CUST004990,21,24530.91,1168.1385714285714,6461.43,57,60,21,HIGH
CUST004991,25,18833.2,753.328,4926.36,90,50,25,HIGH
CUST004992,17,13519.66,795.2741176470588,6644.8,65,70,17,CRITICAL
CUST004993,17,13161.22,774.1894117647058,3461.96,46,40,17,MEDIUM
CUST004994,22,23974.510000000002,1089.7504545454547,7979.49,61,60,22,HIGH
CUST004995,27,24235.11,897.5966666666667,9562.72,79,80,27,CRITICAL
CUST004996,22,12166.26,553.0118181818182,2005.34,59,35,22,MEDIUM
CUST004997,18,13098.59,727.6994444444445,2689.38,52,40,18,MEDIUM
CUST004998,18,13042.21,724.5672222222222,3073.68,47,40,18,MEDIUM
CUST004999,29,37749.81,1301.7175862068964,14028.33,79,65,29,HIGH
CUST005000,30,15757.25,525.2416666666667,3676.68,80,40,30,MEDIUM
