customer_id,customer_type,state,occupation,annual_income_usd,customer_since,risk_rating,pep_flag,sanctions_flag,adverse_media_flag,expected_monthly_volume_usd,total_transactions,total_transaction_volume_usd,average_transaction_usd,maximum_transaction_usd,minimum_transaction_usd,cash_transaction_count,international_transaction_count,unique_counterparties,origin_country_count,destination_country_count,alert_count,known_suspicious_count,maximum_risk_score,average_risk_score
CUST000001,,,,,,,0,0,1,,31,28534.820000000003,920.4780645161292,6393.51,8.95,0,0,31,6,8,23,0,32.0,25.056451629301936
CUST000002,,,,,,,0,0,0,,28,31315.07,1118.3953571428572,12304.22,36.05,0,0,28,6,7,0,0,21.0,12.500000073290071
CUST000003,,,,,,,0,0,0,,24,10958.810000000001,456.61708333333337,3076.05,22.75,0,0,24,5,5,0,0,14.0,11.666666692488446
CUST000004,,,,,,,0,0,0,,27,11850.35,438.90185185185186,2070.11,39.97,0,0,27,5,7,0,0,14.000000125140646,11.731481521008506
CUST000005,,,,,,,0,0,0,,26,17229.460000000003,662.6715384615386,4617.64,19.6,0,0,26,5,6,0,0,14.000000000317913,11.711538461641304
CUST000006,,,,,,,0,0,0,,24,14195.51,591.4795833333334,4724.67,12.94,0,0,24,8,7,0,0,14.0,11.739587103449809
CUST000007,,,,,,,0,0,0,,20,9580.53,479.02650000000006,3059.5,39.56,0,0,20,5,5,0,0,14.0,11.55000063765592
CUST000008,,,,,,,0,0,0,,20,8212.85,410.64250000000004,1312.0,17.75,0,0,20,6,4,0,0,14.0,11.550000018724882
CUST000009,,,,,,,0,0,0,,25,14150.349999999999,566.0139999999999,2348.84,18.57,0,0,25,7,6,0,0,12.250000000155056,11.550000038789694
CUST000010,,,,,,,0,0,0,,42,204756.31999999998,4875.150476190475,9902.23,25.25,0,0,41,5,7,20,20,74.99999785358497,41.54744646740447
CUST000011,,,,,,,0,0,0,,53,216949.59,4093.3884905660375,9945.94,25.31,0,0,53,5,6,22,20,35.0,20.88838305226824
CUST000012,,,,,,,0,0,0,,46,197902.13000000006,4302.220217391306,9936.25,18.27,0,0,46,7,6,19,20,35.0,21.646746116321932
CUST000013,,,,,,,0,0,0,,47,202374.71000000002,4305.844893617022,9884.04,40.39,0,0,47,4,6,20,20,35.0,21.657681915055594
CUST000014,,,,,,,0,0,0,,46,204049.31,4435.854565217392,9852.35,13.38,0,0,46,6,11,20,20,35.0,21.995251060591315
CUST000015,,,,,,,0,0,0,,44,204191.11,4640.707045454546,9928.3,34.11,0,0,44,5,6,19,20,35.0,21.994320529119786
CUST000016,,,,,,,0,0,0,,44,204177.05999999997,4640.387727272727,9918.88,33.95,0,0,44,6,3,19,20,35.0,22.19381618207214
CUST000017,,,,,,,0,0,0,,42,198669.76,4730.232380952381,9893.61,36.47,0,0,42,4,2,20,20,35.0,22.33334682166202
CUST000018,,,,,,,0,0,0,,44,195249.06000000003,4437.478636363637,9936.24,15.87,0,0,44,6,5,19,20,35.0,22.12866371539276
CUST000019,,,,,,,0,0,0,,41,196518.45,4793.132926829268,9870.8,43.45,0,0,40,5,5,19,20,35.0,22.622116186619916
CUST000020,,,,,,,0,0,0,,50,210948.75,4218.975,9747.67,16.25,0,0,50,8,5,19,20,35.0,20.86024631397304
CUST000021,,,,,,,0,0,0,,41,203418.93999999997,4961.437560975609,9815.14,58.87,0,0,41,5,5,19,20,35.0,23.222337874906803
CUST000022,,,,,,,0,0,0,,43,206438.07999999996,4800.885581395348,9895.48,26.17,0,0,43,7,6,19,20,35.0,22.47578688989131
CUST000023,,,,,,,0,0,0,,50,206369.72999999998,4127.3946,9922.86,70.73,0,0,50,5,8,20,20,35.0,20.96519437888595
CUST000024,,,,,,,0,0,0,,38,192871.37,5075.562368421052,9679.71,54.76,0,0,38,4,4,19,20,35.0,23.580005489905535
CUST000025,,,,,,,0,0,0,,45,198368.84,4408.196444444445,9916.03,36.1,0,0,45,5,5,19,20,35.0,21.740018458766908
CUST000026,,,,,,,0,0,0,,40,191328.69,4783.21725,9928.62,65.94,0,0,38,6,8,19,20,35.0,23.143750202541938
CUST000027,,,,,,,0,0,0,,47,210088.52000000002,4469.9685106382985,9939.84,13.4,0,0,47,8,6,19,20,35.0,21.372956880285205
CUST000028,,,,,,,0,0,0,,44,196018.65000000002,4454.969318181818,9930.35,53.73,0,0,44,5,8,20,20,35.0,22.33129140906411
CUST000029,,,,,,,0,0,0,,40,217526.33000000002,5438.15825,9913.8,30.86,0,0,40,4,5,21,20,60.17709273680927,24.867072573868647
CUST000030,,,,,,,0,0,1,,44,218699.32,4970.439090909091,10310.3,38.2,0,0,44,9,6,38,20,42.5,33.03523250853318
CUST000031,,,,,,,0,0,0,,43,206455.94999999998,4801.301162790697,9843.0,23.12,0,0,43,5,5,20,20,35.0,22.547797565635573
CUST000032,,,,,,,0,0,0,,42,192484.05000000002,4582.953571428572,9853.23,16.09,0,0,42,8,7,20,20,35.0,22.833333333452078
CUST000033,,,,,,,0,0,0,,39,196730.69999999998,5044.376923076923,9913.09,94.05,0,0,39,5,6,19,20,35.0,23.42307722081631
CUST000034,,,,,,,0,0,0,,41,194196.7,4736.5048780487805,9942.92,23.07,0,0,41,7,3,19,20,35.0,22.878178366525322
CUST000035,,,,,,,0,0,0,,44,586149.77,13321.585681818182,44380.46,16.2,0,0,44,5,8,19,20,35.0,21.715910001294066
CUST000036,,,,,,,0,0,0,,45,618612.76,13746.950222222222,44994.06,31.98,0,0,45,6,6,20,20,35.0,22.088935831208616
CUST000037,,,,,,,0,0,0,,44,585393.01,13304.386590909091,44499.12,20.34,0,0,44,7,7,20,20,35.0,21.556819014716382
CUST000038,,,,,,,0,0,0,,48,665215.4600000001,13858.655416666668,42194.19,12.53,0,0,48,6,8,19,20,35.0,21.40104167186215
CUST000039,,,,,,,0,0,0,,47,718855.7399999999,15294.8029787234,44851.43,59.52,0,0,47,8,4,20,20,35.0,21.521285873389402
CUST000040,,,,,,,0,0,0,,45,649062.82,14423.618222222221,44059.06,21.65,0,0,44,6,8,19,20,35.0,21.35004059389488
CUST000041,,,,,,,0,0,0,,52,640133.0900000001,12310.251730769232,40680.77,11.17,0,0,52,6,6,20,20,74.99999998913921,35.74747457042034
CUST000042,,,,,,,0,0,0,,51,634128.98,12433.90156862745,44846.41,47.97,0,0,50,6,5,20,20,74.99999999756989,36.17156591527174
CUST000043,,,,,,,0,0,0,,46,633262.2599999999,13766.570869565216,43104.74,42.61,0,0,46,7,6,20,20,35.0,21.304347945378172
CUST000044,,,,,,,0,0,0,,51,565995.87,11097.958235294118,44019.81,12.62,0,0,49,6,5,19,20,35.0,20.039215812981404
CUST000045,,,,,,,1,0,0,,51,608817.96,11937.607058823529,42231.33,27.38,0,0,51,7,8,51,20,47.5,35.363276510480304
CUST000046,,,,,,,0,0,0,,48,631886.03,13164.292291666667,44362.59,43.79,0,0,48,8,5,20,20,42.120211353201945,21.18487831886533
CUST000047,,,,,,,0,0,0,,46,680335.99,14789.912826086957,42951.13,8.29,0,0,46,5,8,20,20,35.0,21.686133507005977
CUST000048,,,,,,,0,0,0,,44,643450.5199999999,14623.875454545452,42621.49,23.36,0,0,43,7,6,20,20,74.99999415214694,39.77829246088882
CUST000049,,,,,,,0,0,0,,38,671001.41,17657.931842105263,44273.65,15.73,0,0,38,5,6,20,20,35.0,23.440798580240358
CUST000050,,,,,,,0,0,0,,46,623488.3800000001,13554.095217391307,44125.82,13.91,0,0,46,9,4,20,20,35.0,21.798914637749444
CUST000051,,,,,,,0,0,0,,41,648506.03,15817.22024390244,42841.14,81.69,0,0,41,6,4,20,20,35.0,22.664634188951613
CUST000052,,,,,,,0,0,0,,45,693028.6000000001,15400.635555555558,42963.16,79.18,0,0,45,6,7,20,20,35.0,22.205555627675544
CUST000053,,,,,,,0,0,0,,41,600806.41,14653.81487804878,43653.98,21.28,0,0,41,5,9,19,20,35.0,22.79268292689541
CUST000054,,,,,,,0,0,0,,45,588527.3999999999,13078.386666666665,44947.81,40.9,0,0,45,6,6,20,20,35.0,21.897139707793535
CUST000055,,,,,,,0,0,0,,44,600742.6600000001,13653.242272727277,43155.65,75.81,0,0,44,7,5,19,20,35.0,22.073875868839988
CUST000056,,,,,,,0,0,0,,52,708832.1200000001,13631.386923076925,44953.62,15.71,0,0,52,8,8,19,20,35.0,20.158685047925115
CUST000057,,,,,,,0,0,0,,46,593379.61,12899.556739130434,44778.64,31.63,0,0,46,6,7,19,20,35.0,20.696868805243135
CUST000058,,,,,,,0,0,0,,42,591183.9199999999,14075.807619047617,43263.31,43.84,0,0,42,7,4,20,20,35.0,22.79166904388211
CUST000059,,,,,,,0,0,0,,50,565180.26,11303.6052,40197.28,27.91,0,0,50,6,8,20,20,35.0,20.86000042043613
CUST000060,,,,,,,0,0,1,,45,182501.67,4055.592666666667,11264.85,21.71,0,0,45,7,7,35,20,42.5,31.71512315951316
CUST000061,,,,,,,0,0,0,,42,173763.22,4137.219523809524,11302.64,9.46,0,0,41,8,4,17,20,35.0,20.916666703305047
CUST000062,,,,,,,0,0,1,,40,170489.32,4262.233,11006.75,26.15,0,0,40,6,7,31,20,42.5,31.253979003072725
CUST000063,,,,,,,0,0,0,,40,194771.49,4869.287249999999,11990.26,30.71,0,0,40,5,5,19,20,35.0,23.015495679200306
CUST000064,,,,,,,0,0,1,,45,147597.42,3279.942666666667,10916.66,18.64,0,0,45,6,7,36,20,82.4999998597257,46.61268509489158
CUST000065,,,,,,,0,0,0,,47,177763.39000000004,3782.1997872340435,11855.44,20.51,0,0,47,9,7,12,20,35.0,18.297303366090137
CUST000066,,,,,,,0,0,0,,43,160600.83,3734.903023255814,11750.35,61.58,0,0,43,6,6,13,20,35.0,18.562934028031478
CUST000067,,,,,,,0,0,0,,54,166593.81999999998,3085.0707407407403,11563.98,21.66,0,0,54,10,8,12,20,35.0,16.88572472185301
CUST000068,,,,,,,0,0,0,,39,197655.50000000003,5068.089743589744,11893.88,27.39,0,0,39,5,6,19,20,35.0,22.391025642045296
CUST000069,,,,,,,0,0,0,,44,168472.65,3828.9238636363634,11630.19,41.32,0,0,44,6,5,12,20,35.0,18.51123507685313
CUST000070,,,,,,,0,0,0,,51,188388.6,3693.894117647059,11790.4,17.68,0,0,51,8,9,16,20,35.0,18.906863707739898
CUST000071,,,,,,,0,0,0,,38,178779.61,4704.726578947368,11874.41,8.15,0,0,38,5,6,13,20,35.0,19.543182131837302
CUST000072,,,,,,,0,0,0,,43,170336.53999999998,3961.3148837209296,11753.47,137.58,0,0,43,5,8,9,20,35.0,17.716666810502034
CUST000073,,,,,,,0,0,0,,41,188188.55000000002,4589.964634146342,11807.3,31.43,0,0,41,5,5,17,20,35.0,20.920865535696564
CUST000074,,,,,,,0,0,0,,50,186622.81,3732.4562,11891.72,41.8,0,0,50,7,7,15,20,35.0,18.65888746752484
CUST000075,,,,,,,0,0,0,,44,167677.31000000003,3810.847954545455,11648.76,16.88,0,0,44,5,5,13,20,35.0,19.170454593968984
CUST000076,,,,,,,0,0,0,,35,187358.31999999998,5353.094857142856,11957.54,39.96,0,0,35,5,4,17,20,35.0,21.65002741889911
CUST000077,,,,,,,0,0,0,,38,175725.56999999995,4624.357105263157,11534.6,18.77,0,0,38,6,4,19,20,35.0,22.01434478652467
CUST000078,,,,,,,0,0,0,,43,172618.06,4014.373488372093,11896.05,28.41,0,0,43,5,6,13,20,35.0,18.690660656002596
CUST000079,,,,,,,0,0,1,,43,179789.92999999996,4181.161162790697,11948.94,22.53,0,0,42,8,5,32,20,82.49999995751091,49.912754024585325
CUST000080,,,,,,,0,0,0,,42,189661.54,4515.750952380952,11339.59,14.28,0,0,41,6,7,20,20,74.99999994569009,39.63333019489494
CUST000081,,,,,,,0,0,1,,38,168900.74999999997,4444.756578947367,11278.65,34.04,0,0,37,6,4,30,20,42.5,30.572402468158703
CUST000082,,,,,,,0,0,0,,36,145452.06000000003,4040.335000000001,10133.84,14.72,0,0,36,3,5,20,20,74.9999999768263,41.56934600613973
CUST000083,,,,,,,0,0,0,,47,158016.3,3362.0489361702125,11709.98,45.53,0,0,46,8,9,13,20,35.0,18.246617734371014
CUST000084,,,,,,,0,0,0,,41,163413.86999999997,3985.7041463414625,10853.78,10.93,0,0,41,7,6,11,20,35.0,18.567073170731707
CUST000085,,,,,,,0,0,0,,42,398260.49,9482.39261904762,29631.58,22.51,0,0,42,6,9,19,20,35.0,22.70833407195826
CUST000086,,,,,,,0,0,0,,45,403059.5,8956.877777777778,29772.96,27.94,0,0,45,8,10,19,20,35.0,22.244448588602598
CUST000087,,,,,,,0,0,0,,43,395933.85,9207.763953488371,28644.43,27.7,0,0,43,3,9,19,20,35.0,21.653646200803387
CUST000088,,,,,,,0,0,0,,36,442597.0299999999,12294.361944444441,29736.52,41.34,0,0,36,4,8,21,20,35.0,25.1805555637786
CUST000089,,,,,,,0,0,0,,39,414279.78,10622.558461538461,29303.57,59.63,0,0,39,7,10,19,20,35.0,23.01992169892062
CUST000090,,,,,,,0,0,0,,50,406280.49,8125.6098,29779.45,28.56,0,0,49,8,9,19,20,35.0,20.65012694282828
CUST000091,,,,,,,0,0,0,,47,380156.3300000001,8088.432553191491,29806.69,29.09,0,0,47,7,11,19,20,35.0,21.446809086892895
CUST000092,,,,,,,0,0,0,,39,445873.3500000001,11432.650000000003,29968.16,57.26,0,0,39,9,7,20,20,35.0,23.96172567949119
CUST000093,,,,,,,0,0,0,,38,426823.36,11232.193684210526,29048.43,56.49,0,0,38,3,9,19,20,35.0,23.383939253037394
CUST000094,,,,,,,0,0,0,,36,383758.12,10659.947777777777,27575.79,28.27,0,0,36,5,5,19,20,35.0,23.57638906207289
CUST000095,,,,,,,0,0,0,,52,392716.4100000001,7552.238653846156,29785.0,18.43,0,0,52,8,7,20,20,35.0,20.645855549702503
CUST000096,,,,,,,0,0,0,,50,379693.9,7593.878000000001,29965.37,67.32,0,0,50,8,12,19,20,35.0,20.8384373590893
CUST000097,,,,,,,0,0,1,,43,436362.83,10147.972790697675,29996.67,24.86,0,0,43,6,9,33,20,42.5,32.69186550801432
CUST000098,,,,,,,0,0,0,,45,366619.81999999995,8147.10711111111,29846.08,29.77,0,0,45,7,8,19,20,35.0,21.233333461482257
CUST000099,,,,,,,0,0,0,,39,420325.43999999994,10777.575384615384,29728.94,25.6,0,0,39,2,8,19,20,35.0,18.66679052109981
CUST000100,,,,,,,0,0,0,,45,418778.93,9306.198444444444,29232.88,49.54,0,0,45,8,9,19,20,35.0,21.50555734849829
CUST000101,,,,,,,0,0,0,,40,367732.15,9193.303750000001,29417.67,24.69,0,0,40,5,8,19,20,35.0,22.972169379789175
CUST000102,,,,,,,0,0,0,,41,434594.32,10599.861463414634,29983.94,11.53,0,0,41,4,9,20,20,35.0,22.71169688948792
CUST000103,,,,,,,0,0,0,,44,442995.73,10068.084772727272,29129.68,25.73,0,0,44,8,9,19,20,35.0,22.123784751311526
CUST000104,,,,,,,0,0,0,,44,426367.44999999995,9690.169318181817,28955.63,19.36,0,0,44,6,10,19,20,35.0,21.954546274892976
CUST000105,,,,,,,0,0,0,,45,425901.3499999999,9464.474444444442,28952.25,35.39,0,0,42,4,10,19,20,35.0,21.38913963171846
CUST000106,,,,,,,0,0,0,,51,413131.38,8100.615294117647,29027.25,14.42,0,0,51,9,11,19,20,35.0,20.60061882070094
CUST000107,,,,,,,0,0,0,,49,408936.57,8345.644285714287,29010.75,36.91,0,0,48,4,9,19,20,35.0,20.607214360358515
CUST000108,,,,,,,0,0,0,,47,429973.9099999999,9148.381063829785,29408.65,26.22,0,0,46,4,9,20,20,35.0,21.11171517554214
CUST000109,,,,,,,0,0,0,,40,403431.06,10085.7765,27056.53,17.77,0,0,39,4,8,19,20,35.0,22.968791477621842
CUST000110,,,,,,,0,0,0,,45,152605.61999999997,3391.2359999999994,17158.66,48.09,0,0,45,5,6,7,20,35.0,15.947678763358105
CUST000111,,,,,,,0,0,0,,54,135974.91,2518.053888888889,10008.24,43.31,0,0,54,8,7,4,20,35.0,14.162130367316081
CUST000112,,,,,,,0,0,0,,41,125286.31999999999,3055.763902439024,9167.09,36.33,0,0,41,7,4,9,20,35.0,17.329274851540447
CUST000113,,,,,,,0,0,0,,35,108181.0,3090.885714285714,9301.02,21.79,0,0,35,6,2,2,20,35.0,14.901079388382978
CUST000114,,,,,,,0,0,0,,39,131124.36,3362.1630769230765,9390.13,70.89,0,0,39,6,4,8,20,35.0,16.692491308099804
CUST000115,,,,,,,0,0,0,,46,136876.12,2975.5678260869563,8850.56,45.62,0,0,46,6,8,9,20,35.0,16.778472980664766
CUST000116,,,,,,,0,0,0,,40,114731.96,2868.299,9790.43,11.28,0,0,40,6,7,9,20,35.0,17.17385208984151
CUST000117,,,,,,,0,0,0,,38,129904.92000000003,3418.55052631579,9773.82,94.8,0,0,38,5,5,8,20,35.0,17.03964559223191
CUST000118,,,,,,,0,0,0,,40,148824.24,3720.6059999999998,9989.58,24.98,0,0,39,6,5,8,20,35.0,17.456284514024947
CUST000119,,,,,,,0,0,0,,44,144273.12,3278.9345454545455,9798.7,36.26,0,0,42,6,6,11,20,35.0,17.659238390465276
CUST000120,,,,,,,0,0,0,,38,146811.1,3863.4500000000003,9907.41,60.37,0,0,37,5,5,11,20,35.0,18.881663931901475
CUST000121,,,,,,,0,0,0,,37,112657.90000000001,3044.808108108108,8804.62,42.37,0,0,37,4,5,8,20,33.25,16.757784981477947
CUST000122,,,,,,,0,0,0,,42,131271.82,3125.519523809524,9940.47,41.55,0,0,42,5,5,11,20,35.0,17.711693176521543
CUST000123,,,,,,,0,0,0,,41,116222.92,2834.7053658536583,8220.0,30.07,0,0,41,6,7,7,20,35.0,16.449314821650642
CUST000124,,,,,,,0,0,0,,46,147932.05,3215.9141304347822,16143.81,15.1,0,0,44,6,4,10,20,35.0,17.343483969984852
CUST000125,,,,,,,0,0,0,,49,169166.90999999997,3452.385918367346,9501.94,27.09,0,0,49,9,9,14,20,35.0,18.97369653492614
CUST000126,,,,,,,0,0,0,,44,142409.87999999998,3236.588181818181,9390.63,24.45,0,0,44,6,7,20,20,74.99999993312002,35.24410751359749
CUST000127,,,,,,,0,0,0,,42,131266.55,3125.3940476190473,9901.43,33.83,0,0,42,6,6,10,20,35.0,17.000944400765984
CUST000128,,,,,,,0,0,0,,46,152620.46999999997,3317.8363043478253,9994.52,26.28,0,0,46,7,7,20,20,74.99999998808914,35.58439503492815
CUST000129,,,,,,,0,0,0,,39,143442.29,3678.007435897436,9835.53,41.29,0,0,39,6,7,11,20,35.0,18.49119637982477
CUST000130,,,,,,,0,0,0,,51,149564.96000000002,2932.6462745098042,9526.45,9.05,0,0,50,6,7,5,20,35.0,15.200987236171196
CUST000131,,,,,,,0,0,0,,45,129799.97000000002,2884.443777777778,9443.36,64.24,0,0,44,6,7,11,20,35.0,17.11119727042094
CUST000132,,,,,,,0,0,0,,38,132115.66999999998,3476.7281578947363,8673.66,30.67,0,0,38,5,5,7,20,35.0,16.44116875318473
CUST000133,,,,,,,0,0,0,,45,137094.18,3046.537333333333,9682.01,56.87,0,0,45,7,5,7,20,35.0,15.345140323010947
CUST000134,,,,,,,0,0,0,,46,133752.76000000004,2907.668695652175,9994.41,30.72,0,0,46,4,6,8,20,35.0,15.560940373937505
CUST000135,,,,,,,0,0,0,,40,210221.81,5255.54525,14962.66,21.64,0,0,40,5,5,21,20,74.99999904349431,39.394280933384735
CUST000136,,,,,,,0,0,0,,37,172413.64,4659.828108108109,14484.41,36.43,0,0,37,7,3,6,20,35.0,16.6499079863309
CUST000137,,,,,,,0,0,0,,44,213219.91999999995,4845.907272727271,14229.48,21.46,0,0,44,7,7,14,20,35.0,19.090972979539337
CUST000138,,,,,,,0,0,0,,37,194374.25999999998,5253.358378378378,14729.27,19.24,0,0,37,5,6,16,20,35.0,21.48389344879439
CUST000139,,,,,,,0,0,0,,48,204690.34000000003,4264.382083333334,14998.91,10.7,0,0,48,9,6,15,20,49.0135925671853,19.251068999681415
CUST000140,,,,,,,0,0,0,,40,160813.72,4020.343,13755.65,32.66,0,0,39,6,5,12,20,35.0,18.288204941938478
CUST000141,,,,,,,0,0,0,,41,191360.43,4667.327560975609,14911.4,62.8,0,0,41,7,6,9,20,35.0,17.2076671410197
CUST000142,,,,,,,0,0,0,,41,171240.05,4176.586585365853,14745.1,36.63,0,0,41,3,3,8,20,35.0,16.817452629951227
CUST000143,,,,,,,0,0,0,,45,193427.20999999996,4298.3824444444435,13504.13,21.42,0,0,45,6,7,17,20,35.0,20.06869016227355
CUST000144,,,,,,,0,0,0,,39,151660.09,3888.7202564102563,14859.41,17.8,0,0,39,6,5,6,20,47.76731840851923,16.302344339493672
CUST000145,,,,,,,0,0,0,,45,170218.11999999997,3782.624888888888,14210.75,58.0,0,0,45,6,9,8,20,35.0,16.411115565096782
CUST000146,,,,,,,0,0,0,,43,179728.68999999994,4179.736976744185,20661.74,22.54,0,0,43,5,4,10,20,35.0,17.41860849191538
CUST000147,,,,,,,0,0,0,,47,187861.41,3997.0512765957446,13706.29,31.33,0,0,47,9,8,13,20,35.0,19.221605700966304
CUST000148,,,,,,,0,0,0,,42,178762.26000000004,4256.244285714287,14786.93,17.96,0,0,42,4,5,10,20,35.0,17.665354518725316
CUST000149,,,,,,,0,0,0,,43,170079.35999999996,3955.333953488371,14450.63,43.12,0,0,42,5,4,8,20,35.0,16.319868131052406
CUST000150,,,,,,,0,0,0,,40,176747.78,4418.6945,14646.29,18.88,0,0,40,4,8,10,20,35.0,18.44777627485533
CUST000151,,,,,,,0,0,0,,57,179364.24000000002,3146.7410526315794,13456.03,30.43,0,0,57,7,8,11,20,33.25,16.631016463918144
CUST000152,,,,,,,0,0,0,,39,185319.85000000003,4751.791025641027,14964.14,30.31,0,0,39,6,3,20,20,74.9999999833972,38.191768708678545
CUST000153,,,,,,,0,0,0,,49,183173.12000000002,3738.226938775511,14830.64,13.31,0,0,49,9,10,11,20,33.25,17.0413261024627
CUST000154,,,,,,,0,0,0,,44,153032.77,3478.0175,13708.55,53.43,0,0,44,6,5,8,20,33.25,16.466260162222525
CUST000155,,,,,,,0,0,0,,41,185090.03999999998,4514.391219512195,14886.5,31.38,0,0,41,3,7,10,20,35.0,17.542750968950415
CUST000156,,,,,,,0,0,0,,53,183730.83000000002,3466.6194339622643,14148.26,40.78,0,0,53,5,6,11,20,35.0,16.8067576326008
CUST000157,,,,,,,0,0,0,,45,171683.93999999997,3815.198666666666,14931.49,35.78,0,0,44,10,4,21,20,74.99999991499287,35.999770038177125
CUST000158,,,,,,,0,0,0,,43,162891.45,3788.173255813954,14775.73,36.01,0,0,43,7,4,8,20,35.0,16.467268807897426
CUST000159,,,,,,,0,0,0,,42,179819.68000000002,4281.420952380953,14945.95,47.25,0,0,41,3,5,13,20,49.499954428996006,18.96082408688512
CUST000160,,,,,,,0,0,0,,32,20995.629999999997,656.1134374999999,4682.57,37.06,0,0,31,6,8,0,0,14.0,11.484375004968415
CUST000161,,,,,,,0,0,0,,16,8122.58,507.66125,1411.1,66.41,0,0,16,4,5,0,0,14.0,11.484375005334805
CUST000162,,,,,,,0,0,0,,24,26151.060000000005,1089.6275000000003,7300.87,27.85,0,0,24,6,8,0,0,19.25,12.468750465237955
CUST000163,,,,,,,0,0,0,,19,10915.650000000001,574.5078947368422,2429.44,39.72,0,0,19,3,5,0,0,12.25,11.328947826372243
CUST000164,,,,,,,0,0,0,,17,9246.18,543.8929411764706,1496.68,64.68,0,0,17,7,2,0,0,14.000003913195906,11.838235524305642
CUST000165,,,,,,,0,0,0,,29,18234.659999999996,628.7813793103447,3508.63,35.9,0,0,29,9,8,0,0,14.0,11.52586266649259
CUST000166,,,,,,,0,0,0,,24,13572.289999999999,565.5120833333333,2888.73,53.07,0,0,24,6,7,0,0,14.0,11.375000000279735
CUST000167,,,,,,,0,0,0,,28,18188.100000000002,649.575,2501.26,21.02,0,0,28,7,7,0,0,14.0,11.937500527482937
CUST000168,,,,,,,0,0,0,,31,23901.320000000003,771.0103225806453,4189.05,26.58,0,0,31,8,5,0,0,14.0,11.741935505968515
CUST000169,,,,,,,0,0,0,,28,23997.130000000005,857.0403571428573,4202.75,19.57,0,0,28,5,5,0,0,14.0,11.5002475625495
CUST000170,,,,,,,0,0,0,,24,11875.91,494.82958333333335,2034.67,20.94,0,0,24,6,6,0,0,14.00000000056571,11.593750019501483
CUST000171,,,,,,,0,0,0,,22,42894.45,1949.7477272727272,21527.75,43.09,0,0,22,7,7,0,0,24.5,12.886391072503352
CUST000172,,,,,,,0,0,0,,33,19389.14,587.5496969696969,2058.71,25.11,0,0,33,9,8,0,0,14.000000001901972,11.7727287323885
CUST000173,,,,,,,0,0,0,,25,18413.219999999998,736.5287999999999,2047.26,11.45,0,0,25,6,9,0,0,14.00000004885498,11.830005157467491
CUST000174,,,,,,,0,0,0,,18,11700.17,650.0094444444444,4057.29,29.51,0,0,18,4,5,0,0,14.0,11.569444591541396
CUST000175,,,,,,,0,0,0,,32,26352.21,823.5065625,6371.21,23.36,0,0,32,4,8,0,0,21.0,11.75806643869897
CUST000176,,,,,,,0,0,0,,24,16103.380000000001,670.9741666666667,3581.4,12.13,0,0,24,6,4,0,0,14.0,11.520833336668359
CUST000177,,,,,,,0,0,0,,16,6093.15,380.821875,1261.73,28.86,0,0,16,4,4,0,0,12.25000023036794,11.593750023465148
CUST000178,,,,,,,0,0,0,,27,19857.66,735.4688888888888,3576.86,21.78,0,0,27,8,3,0,0,14.0,11.47222223495547
CUST000179,,,,,,,0,0,0,,10,10899.119999999999,1089.9119999999998,3890.28,146.15,0,0,10,4,5,0,0,14.0,12.075001052056118
CUST000180,,,,,,,0,0,0,,19,9317.980000000001,490.4200000000001,2089.39,27.86,0,0,19,6,5,0,0,14.0,12.065789513906479
CUST000181,,,,,,,0,0,0,,19,15277.22,804.0642105263157,3980.64,16.8,0,0,19,5,5,0,0,14.0,11.328947952844723
CUST000182,,,,,,,0,0,0,,23,6999.02,304.3052173913044,1394.44,31.62,0,0,23,10,5,0,0,14.0,12.02173915126445
CUST000183,,,,,,,0,0,0,,17,14050.8,826.5176470588235,5779.9,44.2,0,0,17,5,6,0,0,17.5,12.04411764724918
CUST000184,,,,,,,0,0,0,,16,6737.08,421.0675,2156.18,43.6,0,0,16,5,7,0,0,14.0,11.8125000000002
CUST000185,,,,,,,0,0,0,,24,23455.79,977.3245833333334,6275.87,29.5,0,0,24,6,6,0,0,17.50000000648699,11.666676189234456
CUST000186,,,,,,,0,0,0,,25,15043.269999999999,601.7307999999999,3249.81,11.3,0,0,25,4,5,0,0,14.0,11.410000005183912
CUST000187,,,,,,,0,0,0,,23,14645.000000000002,636.7391304347827,5787.51,39.37,0,0,23,9,7,0,0,17.5,12.09782608796539
CUST000188,,,,,,,0,0,0,,24,19577.96,815.7483333333333,6011.94,22.18,0,0,24,7,6,0,0,22.75,12.104166667903725
CUST000189,,,,,,,0,0,0,,30,21425.85,714.1949999999999,3053.73,15.63,0,0,30,7,8,0,0,14.0,11.433333474440872
CUST000190,,,,,,,0,0,0,,14,10974.890000000003,783.9207142857146,2895.72,36.67,0,0,14,7,3,0,0,12.250000562200036,11.750000041396257
CUST000191,,,,,,,0,0,0,,33,22497.079999999998,681.7296969696969,3103.61,56.49,0,0,33,11,7,0,0,14.0,11.719697496876568
CUST000192,,,,,,,0,0,0,,19,19925.96,1048.7347368421051,6792.66,19.98,0,0,19,4,5,0,0,17.5,11.881578951891
CUST000193,,,,,,,0,0,1,,26,20621.06,793.1176923076923,3714.47,12.49,0,0,25,8,6,17,0,26.75000004606901,24.663461677810442
CUST000194,,,,,,,0,0,0,,19,19721.35,1037.965789473684,4799.01,47.35,0,0,19,5,5,0,0,14.0,11.881578947455221
CUST000195,,,,,,,0,0,0,,29,31627.659999999996,1090.6089655172414,5033.55,44.5,0,0,29,8,6,0,0,19.250000732829637,11.948276206042786
CUST000196,,,,,,,0,0,0,,28,22099.080000000005,789.2528571428574,3721.09,11.49,0,0,28,9,6,0,0,14.000000000014634,11.937500046945084
CUST000197,,,,,,,0,0,0,,21,11712.050000000001,557.7166666666667,4850.34,15.53,0,0,21,7,8,0,0,14.0,11.83333333705352
CUST000198,,,,,,,1,0,0,,26,23692.63,911.255,5674.6,42.39,0,0,26,7,8,26,0,35.25,28.317307702402747
CUST000199,,,,,,,0,0,0,,21,15207.329999999998,724.1585714285713,6809.28,13.19,0,0,21,5,5,0,0,24.5,12.000000740936239
CUST000200,,,,,,,0,0,0,,18,11018.73,612.1516666666666,2132.01,72.04,0,0,18,6,6,0,0,14.0,11.958333592689021
CUST000201,,,,,,,0,0,0,,31,34006.74,1096.9916129032258,6892.99,67.24,0,0,31,6,7,0,0,17.5,11.854839170578806
CUST000202,,,,,,,0,0,0,,22,16609.75,754.9886363636364,4812.63,23.95,0,0,22,8,7,0,0,14.0000000005576,12.250000041890303
CUST000203,,,,,,,0,0,0,,16,13530.279999999999,845.6424999999999,4691.59,29.72,0,0,16,5,5,0,0,12.25,11.375000000507763
CUST000204,,,,,,,0,0,0,,25,16852.78,674.1111999999999,2196.04,39.8,0,0,25,6,4,0,0,14.0,11.55000027262961
CUST000205,,,,,,,0,0,0,,25,28345.09,1133.8036,6356.2,10.54,0,0,25,6,6,0,0,19.25,11.970000000943724
CUST000206,,,,,,,0,0,0,,23,17776.320000000003,772.8834782608698,3270.94,32.8,0,0,23,7,7,0,0,14.000000000034618,11.79347860569877
CUST000207,,,,,,,0,0,0,,24,22736.59,947.3579166666667,3006.48,52.34,0,0,24,5,8,0,0,14.0,11.666691971463337
CUST000208,,,,,,,0,0,0,,21,17390.98,828.1419047619047,4443.13,61.39,0,0,21,5,6,0,0,14.000000000004764,11.916778534753657
CUST000209,,,,,,,0,0,0,,24,19021.13,792.5470833333334,7956.46,21.24,0,0,24,7,6,0,0,19.25,11.958333334793885
CUST000210,,,,,,,0,0,0,,20,8297.04,414.85200000000003,1033.04,29.7,0,0,20,4,6,0,0,12.250000006303932,11.550000021597421
CUST000211,,,,,,,1,0,0,,24,13676.939999999999,569.8725,5552.23,48.77,0,0,24,7,5,24,0,35.25000000000079,27.812500006173064
CUST000212,,,,,,,0,0,0,,30,44093.50000000001,1469.7833333333335,14720.86,32.74,0,0,30,8,4,0,0,17.5,12.133333567837687
CUST000213,,,,,,,0,0,0,,21,15842.649999999998,754.4119047619047,4119.29,27.57,0,0,21,6,6,0,0,14.0,11.666666668113121
CUST000214,,,,,,,0,0,0,,32,25245.99,788.9371875,5045.55,29.89,0,0,31,7,6,0,0,19.25,11.703125291707082
CUST000215,,,,,,,0,0,0,,28,19836.36,708.4414285714286,4135.23,46.87,0,0,28,7,9,0,0,14.00000000100848,11.750000582580187
CUST000216,,,,,,,0,0,0,,24,15405.99,641.91625,2607.49,17.09,0,0,24,6,8,0,0,14.0,11.666670975061189
CUST000217,,,,,,,0,0,0,,31,12658.91,408.351935483871,2442.0,60.76,0,0,31,6,7,0,0,12.25002044781263,11.629052058935887
CUST000218,,,,,,,0,0,0,,35,23929.690000000002,683.7054285714287,3910.9,32.27,0,0,34,6,8,0,0,14.0,11.600000003335516
CUST000219,,,,,,,0,0,0,,25,12532.259999999998,501.2903999999999,2079.93,13.49,0,0,24,6,7,0,0,14.000000000066976,11.550000000993437
CUST000220,,,,,,,0,0,0,,20,14415.42,720.771,2088.43,56.65,0,0,20,7,3,0,0,14.0,11.637500118189557
CUST000221,,,,,,,0,0,0,,20,11766.96,588.348,3762.03,29.91,0,0,20,4,6,0,0,12.250000368786653,11.112505646196638
CUST000222,,,,,,,0,0,0,,29,16233.44,559.7737931034483,2226.1,18.88,0,0,29,7,8,0,0,14.000000005601049,12.068965923794856
CUST000223,,,,,,,0,0,0,,27,14775.46,547.2392592592593,2393.56,45.48,0,0,26,9,5,0,0,14.0,11.537037136095234
CUST000224,,,,,,,0,0,0,,29,20317.49,700.6031034482759,3289.6,12.72,0,0,29,7,6,0,0,12.250002234386317,11.52586666603125
CUST000225,,,,,,,0,0,0,,27,15389.86,569.9948148148148,2337.98,21.81,0,0,26,5,6,0,0,14.0,11.601851856135832
CUST000226,,,,,,,0,0,0,,28,22038.94,787.1049999999999,5976.92,62.33,0,0,28,4,6,0,0,17.5,11.937500101028615
CUST000227,,,,,,,0,0,0,,23,18209.879999999997,791.7339130434782,4024.44,85.18,0,0,23,5,9,0,0,14.000000000085311,11.945652173928554
CUST000228,,,,,,,0,0,0,,19,9246.210000000001,486.64263157894743,2123.6,10.68,0,0,19,6,5,0,0,14.0,11.697368421067152
CUST000229,,,,,,,0,0,0,,26,20843.39,801.6688461538462,9827.85,10.15,0,0,26,4,7,0,0,24.5,12.182692341824751
CUST000230,,,,,,,0,0,0,,29,20597.090000000004,710.2444827586208,5082.43,28.55,0,0,29,7,8,0,0,19.25,12.310350654099526
CUST000231,,,,,,,0,0,0,,31,14173.199999999999,457.2,2272.97,29.97,0,0,31,5,9,0,0,14.0,11.45967741935944
CUST000232,,,,,,,0,0,0,,22,17726.4,805.7454545454547,4271.11,20.4,0,0,22,8,3,0,0,14.0,11.375000000212127
CUST000233,,,,,,,0,0,0,,30,18862.08,628.7360000000001,2316.59,43.01,0,0,30,8,7,0,0,14.000000018080216,11.900000096854052
CUST000234,,,,,,,0,0,0,,30,19433.719999999998,647.7906666666665,2845.77,26.13,0,0,30,4,6,0,0,14.0000000217941,11.550000004341937
CUST000235,,,,,,,0,0,0,,19,19776.22,1040.8536842105264,5316.72,26.71,0,0,19,6,4,0,0,22.75,12.434210528846206
CUST000236,,,,,,,0,0,0,,28,29979.260000000002,1070.6878571428572,10175.99,46.0,0,0,28,6,8,0,0,17.50000002680515,11.81250071382656
CUST000237,,,,,,,0,0,0,,23,41332.38,1797.06,21507.53,5.0,0,0,23,5,5,0,0,21.0,12.097826304203792
CUST000238,,,,,,,0,0,0,,28,25292.7,903.3107142857143,8438.93,23.42,0,0,28,7,6,1,0,28.0,12.375000176559016
CUST000239,,,,,,,0,0,0,,20,24356.979999999996,1217.8489999999997,9243.11,6.68,0,0,20,6,5,0,0,22.75,12.337500131133483
CUST000240,,,,,,,0,0,0,,19,17333.230000000003,912.2752631578949,5245.69,7.99,0,0,19,7,7,0,0,19.25000000031443,12.250000020601172
CUST000241,,,,,,,0,0,0,,15,10220.12,681.3413333333334,2864.39,35.17,0,0,15,4,2,0,0,14.0,11.200008267977557
CUST000242,,,,,,,0,0,0,,22,9329.64,424.07454545454544,1982.74,51.93,0,0,22,5,4,0,0,12.250000002035446,11.215909111006342
CUST000243,,,,,,,0,0,0,,21,9748.890000000001,464.2328571428572,2096.38,20.92,0,0,21,8,6,0,0,14.0,11.750000000154786
CUST000244,,,,,,,0,0,0,,29,34012.2,1172.8344827586207,13393.22,47.79,0,0,29,3,7,0,0,19.25,12.068966893502507
CUST000245,,,,,,,0,0,0,,30,16075.75,535.8583333333333,2907.27,5.0,0,0,30,8,10,0,0,14.0,11.841666792234552
CUST000246,,,,,,,0,0,0,,23,19740.020000000004,858.261739130435,8290.76,28.67,0,0,23,7,4,0,0,22.75,11.8695687821864
CUST000247,,,,,,,1,0,0,,18,12701.69,705.6494444444445,2641.17,66.17,0,0,18,5,7,18,0,30.0,28.3472222222261
CUST000248,,,,,,,0,0,0,,22,23698.77,1077.216818181818,7226.3,54.55,0,0,22,7,7,0,0,19.25,12.011363661224065
CUST000249,,,,,,,0,0,0,,18,22536.410000000003,1252.022777777778,7992.17,79.05,0,0,18,4,6,0,0,19.25,11.958333334800836
CUST000250,,,,,,,0,0,0,,22,35108.04,1595.82,15170.32,83.64,0,0,22,8,4,0,0,19.25,12.409091370983555
CUST000251,,,,,,,0,0,0,,23,30793.230000000003,1338.836086956522,10194.98,52.21,0,0,23,5,7,1,0,29.75,13.239130487486658
CUST000252,,,,,,,0,0,0,,19,26393.13,1389.112105263158,8931.93,62.4,0,0,19,4,7,0,0,22.75,12.52631578951443
CUST000253,,,,,,,0,0,0,,28,21895.98,781.9992857142857,6311.08,96.86,0,0,28,5,8,0,0,19.25,11.937504895554188
CUST000254,,,,,,,0,0,0,,24,23868.65,994.5270833333334,3813.83,18.97,0,0,24,6,6,0,0,14.0,11.73958333410954
CUST000255,,,,,,,0,0,0,,16,19526.82,1220.42625,6620.64,69.83,0,0,16,5,7,0,0,17.50000101415444,12.46875006339821
CUST000256,,,,,,,0,0,0,,24,11194.26,466.4275,1384.63,37.87,0,0,24,5,5,0,0,14.0,11.229166980036467
CUST000257,,,,,,,1,0,0,,22,24054.319999999996,1093.3781818181817,9399.62,20.79,0,0,22,7,7,22,0,40.5,28.409090909467736
CUST000258,,,,,,,0,0,0,,25,30162.77,1206.5108,11879.89,24.96,0,0,25,5,5,0,0,17.500000949352756,11.480000534118052
CUST000259,,,,,,,0,0,0,,25,9722.800000000001,388.91200000000003,2443.52,12.91,0,0,25,7,8,0,0,14.0,11.480000024509474
CUST000260,,,,,,,0,0,0,,29,19483.48,671.8441379310344,5873.48,34.56,0,0,29,8,8,0,0,17.5,12.310344971831322
CUST000261,,,,,,,0,0,0,,24,17278.36,719.9316666666667,8269.25,83.47,0,0,24,5,9,0,0,22.75,12.395833618925968
CUST000262,,,,,,,0,0,0,,19,16838.079999999998,886.2147368421051,3622.24,51.23,0,0,19,2,5,0,0,5.250017118167351,4.052632494666789
CUST000263,,,,,,,0,0,0,,25,11025.38,441.0152,1154.93,52.96,0,0,25,7,8,0,0,14.0,11.830000073925653
CUST000264,,,,,,,0,0,0,,28,20666.32,738.0828571428572,2320.44,37.43,0,0,28,6,6,0,0,14.0,11.625000157148284
CUST000265,,,,,,,0,0,0,,18,19448.1,1080.4499999999998,7248.17,12.72,0,0,18,5,7,0,0,19.25,11.861111140577602
CUST000266,,,,,,,0,0,0,,27,21428.769999999997,793.658148148148,4282.98,77.62,0,0,27,7,9,0,0,14.0,11.666666769306199
CUST000267,,,,,,,0,0,0,,15,10704.77,713.6513333333334,2720.66,18.03,0,0,15,4,5,0,0,14.00000053187367,11.43333783456898
CUST000268,,,,,,,0,0,0,,18,12640.5,702.25,2954.52,24.77,0,0,18,5,4,0,0,14.0,11.569445553587066
CUST000269,,,,,,,0,0,0,,31,19787.02,638.2909677419354,2696.95,12.4,0,0,31,10,7,0,0,14.000009108606978,11.854839003824843
CUST000270,,,,,,,0,0,0,,24,17402.9,725.1208333333334,8733.2,16.86,0,0,24,5,8,0,0,22.75,12.031250002373215
CUST000271,,,,,,,0,0,0,,15,8694.69,579.6460000000001,2913.56,16.24,0,0,15,5,5,0,0,14.00000000013589,11.666666667518394
CUST000272,,,,,,,0,0,0,,27,19732.46,730.8318518518519,2196.61,43.34,0,0,27,6,6,0,0,14.000000028074602,11.666666668063105
CUST000273,,,,,,,0,0,0,,27,12247.869999999999,453.6248148148148,3422.23,68.81,0,0,27,5,10,0,0,14.0,12.185185276933437
CUST000274,,,,,,,0,0,0,,34,17187.3,505.50882352941176,3071.96,59.65,0,0,33,7,6,0,0,14.000000251870198,11.735300791713799
CUST000275,,,,,,,0,0,0,,23,13035.819999999998,566.7747826086955,2249.77,67.28,0,0,23,5,4,0,0,14.0,11.717392493240862
CUST000276,,,,,,,0,0,0,,23,14623.81,635.8178260869565,3443.13,5.0,0,0,23,6,9,0,0,14.0,12.021739135486012
CUST000277,,,,,,,0,0,0,,18,7285.360000000001,404.74222222222227,2248.07,26.06,0,0,18,4,5,0,0,14.000000003341892,11.861111180375245
CUST000278,,,,,,,0,0,0,,22,12365.01,562.045909090909,2683.72,66.4,0,0,22,6,6,0,0,14.0,11.61364088658033
CUST000279,,,,,,,0,0,0,,21,13065.839999999998,622.1828571428571,2850.24,24.48,0,0,21,5,4,0,0,14.000000008323186,11.333333372806097
CUST000280,,,,,,,0,0,0,,25,37278.549999999996,1491.1419999999998,15533.55,22.01,0,0,25,7,8,0,0,24.500000544499976,12.670003005799607
CUST000281,,,,,,,0,0,0,,26,21380.180000000004,822.3146153846155,2952.88,23.58,0,0,26,6,6,0,0,14.000000009133926,11.17307692342828
CUST000282,,,,,,,0,0,0,,27,23965.84,887.6237037037037,13181.11,49.93,0,0,27,8,6,0,0,24.5,12.185185365472996
CUST000283,,,,,,,0,0,0,,34,17330.52,509.72117647058826,3459.5,26.47,0,0,34,9,8,0,0,12.250000020241488,11.683823530509448
CUST000284,,,,,,,0,0,0,,17,18365.64,1080.3317647058823,7546.87,8.95,0,0,17,7,5,0,0,19.25,12.662013870062541
CUST000285,,,,,,,0,0,0,,24,17750.160000000003,739.5900000000001,3659.53,83.85,0,0,24,6,9,0,0,14.0,11.958338406981191
CUST000286,,,,,,,0,0,0,,18,18682.280000000002,1037.9044444444446,6455.59,26.27,0,0,18,4,5,0,0,19.25,12.152778607425219
CUST000287,,,,,,,0,0,0,,15,11122.32,741.4879999999999,2543.97,47.34,0,0,15,5,5,0,0,12.250000017847826,11.783333335907738
CUST000288,,,,,,,0,0,0,,31,33930.75,1094.5403225806451,10956.58,42.19,0,0,31,6,5,0,0,19.25,12.02420370859542
CUST000289,,,,,,,0,0,0,,22,18015.14,818.87,4167.84,71.98,0,0,22,6,5,0,0,12.25000136908675,11.613636427496829
CUST000290,,,,,,,0,0,0,,15,4716.06,314.40400000000005,2047.6,49.85,0,0,15,6,3,0,0,14.000000000159863,12.133333333343991
CUST000291,,,,,,,0,0,0,,20,9713.829999999998,485.6914999999999,2168.26,57.35,0,0,20,6,6,0,0,14.0,12.075000001635368
CUST000292,,,,,,,0,0,0,,27,18214.279999999995,674.6029629629628,5079.49,61.0,0,0,27,10,7,0,0,19.25,12.120370425006179
CUST000293,,,,,,,0,0,0,,29,24315.889999999996,838.4789655172412,7648.02,33.75,0,0,29,7,6,0,0,24.50031807762481,11.827597184044297
CUST000294,,,,,,,0,0,0,,17,8001.82,470.69529411764705,2432.04,43.16,0,0,16,4,3,0,0,12.25,11.323529413030972
CUST000295,,,,,,,0,0,0,,27,14459.29,535.5292592592593,2046.07,78.96,0,0,27,8,7,0,0,14.0,12.120377897887332
CUST000296,,,,,,,0,0,0,,26,20655.32,794.4353846153846,5255.23,18.85,0,0,26,6,7,0,0,19.25,11.913461667069715
CUST000297,,,,,,,0,0,0,,23,16644.41,723.67,5304.3,46.37,0,0,23,5,7,0,0,17.5,11.869565221587234
CUST000298,,,,,,,0,0,0,,28,17302.83,617.9582142857143,4756.73,18.71,0,0,28,9,5,0,0,14.0,11.625001292569376
CUST000299,,,,,,,0,0,0,,21,7760.12,369.5295238095238,1972.61,23.73,0,0,21,4,5,0,0,14.0,11.583333333335085
CUST000300,,,,,,,0,0,0,,27,19382.55,717.8722222222221,4032.23,33.12,0,0,27,6,5,0,0,14.0,11.601851889330156
CUST000301,,,,,,,1,0,0,,22,10150.720000000001,461.3963636363637,1553.67,34.88,0,0,22,5,5,22,0,30.0,28.090909090928744
CUST000302,,,,,,,0,0,0,,28,31764.010000000002,1134.4289285714287,13457.06,55.76,0,0,28,7,7,0,0,19.25,12.250080577893215
CUST000303,,,,,,,0,0,1,,28,23113.719999999994,825.4899999999998,2886.76,42.71,0,0,28,5,6,17,0,26.75000000000098,24.500000342201822
CUST000304,,,,,,,0,0,0,,29,41551.5,1432.8103448275863,24375.21,23.55,0,0,29,6,8,0,0,22.75,12.43103471213246
CUST000305,,,,,,,0,0,0,,33,29799.079999999998,903.0024242424242,6401.7,52.87,0,0,33,10,7,0,0,19.25,11.93188153220895
CUST000306,,,,,,,0,0,0,,17,4403.8099999999995,259.0476470588235,972.56,29.99,0,0,17,8,3,0,0,14.0,12.044117647189191
CUST000307,,,,,,,0,0,0,,25,21754.01,870.1604,5149.37,15.1,0,0,25,5,4,0,0,22.75,12.320000026824989
CUST000308,,,,,,,0,0,0,,22,10961.839999999998,498.2654545454545,2159.1,29.63,0,0,22,5,8,0,0,14.0,11.772727273777331
CUST000309,,,,,,,0,0,0,,16,8075.6900000000005,504.73062500000003,1620.06,20.91,0,0,16,7,8,0,0,12.250002661934216,11.593750166513846
CUST000310,,,,,,,0,0,0,,25,11030.98,441.2392,2146.5,20.98,0,0,25,6,6,0,0,14.0000000002848,11.690000001395665
CUST000311,,,,,,,0,0,0,,28,19460.98,695.035,5099.45,9.86,0,0,28,6,6,0,0,19.25,11.750099175011599
CUST000312,,,,,,,0,0,0,,19,19459.739999999998,1024.1968421052632,5616.0,14.7,0,0,19,7,9,0,0,19.25,12.710526431084642
CUST000313,,,,,,,0,0,0,,26,16457.699999999997,632.9884615384615,3015.95,5.0,0,0,26,6,7,0,0,14.00000000352581,11.509615387164287
CUST000314,,,,,,,0,0,0,,24,24878.770000000004,1036.6154166666668,4425.89,61.97,0,0,24,8,4,0,0,12.250000130364452,11.59375006491816
CUST000315,,,,,,,0,0,0,,28,12514.73,446.95464285714286,1892.76,18.73,0,0,28,5,9,0,0,14.0,11.562500025216718
CUST000316,,,,,,,0,0,0,,33,18787.58,569.3206060606061,2648.06,25.11,0,0,33,7,10,0,0,14.0,11.93181918073547
CUST000317,,,,,,,0,0,0,,28,19670.17,702.5060714285713,3073.2,28.57,0,0,28,9,7,0,0,14.0,11.500000042847827
CUST000318,,,,,,,0,0,0,,22,14676.39,667.1086363636364,2528.44,35.39,0,0,22,5,8,0,0,14.0,11.77272727370418
CUST000319,,,,,,,0,0,0,,24,20751.550000000003,864.6479166666668,3130.67,24.86,0,0,24,8,7,0,0,14.0,11.739617549784377
CUST000320,,,,,,,0,0,0,,22,15243.769999999999,692.8986363636363,3110.45,33.81,0,0,22,6,5,0,0,14.0,11.693182157538029
CUST000321,,,,,,,0,0,0,,17,13055.160000000002,767.9505882352942,5536.98,102.45,0,0,17,8,5,0,0,17.5,12.352941176470589
CUST000322,,,,,,,0,0,0,,25,20008.53,800.3412,7868.25,52.05,0,0,25,6,7,0,0,19.25,11.970000001571883
CUST000323,,,,,,,0,0,1,,24,20354.59,848.1079166666667,4834.77,26.25,0,0,24,4,5,10,0,25.000000000211447,23.979166668843018
CUST000324,,,,,,,0,0,0,,25,9425.75,377.03,1353.66,14.25,0,0,25,5,8,0,0,14.000000000660062,11.550000013269225
CUST000325,,,,,,,0,0,0,,22,19906.380000000005,904.8354545454548,3794.04,13.43,0,0,22,4,4,0,0,14.0,11.215909146327204
CUST000326,,,,,,,0,0,0,,21,12026.839999999998,572.7066666666666,2090.5,16.65,0,0,21,7,7,0,0,14.0,11.75000000061913
CUST000327,,,,,,,0,0,0,,27,31418.239999999998,1163.6385185185184,10303.98,15.0,0,0,27,6,6,0,0,22.75,11.990740783069187
CUST000328,,,,,,,0,0,0,,23,11866.849999999999,515.9499999999999,1832.21,35.28,0,0,23,7,4,0,0,14.0,11.413043478669774
CUST000329,,,,,,,0,0,0,,25,20753.16,830.1264,5869.86,16.82,0,0,25,6,9,0,0,17.5,12.110000004607134
CUST000330,,,,,,,0,0,0,,30,19592.629999999997,653.0876666666666,3780.17,20.36,0,0,30,6,7,0,0,14.000000002289248,11.550000007231322
CUST000331,,,,,,,0,0,0,,21,12640.02,601.9057142857143,3379.31,28.82,0,0,21,4,7,0,0,14.000000000002764,11.666666666886494
CUST000332,,,,,,,0,0,0,,20,18261.079999999998,913.0539999999999,5564.36,26.16,0,0,20,7,4,0,0,22.75,12.250000012269359
CUST000333,,,,,,,0,0,0,,32,25517.809999999998,797.4315624999999,4909.91,28.53,0,0,32,7,12,0,0,14.0,11.757830542026817
CUST000334,,,,,,,0,0,0,,19,6035.189999999999,317.6415789473684,929.74,13.46,0,0,18,6,5,0,0,12.250000000015422,11.697368421059458
CUST000335,,,,,,,0,0,1,,26,27756.240000000005,1067.5476923076926,4799.26,37.67,0,0,26,6,5,17,0,26.75,24.46153863269795
CUST000336,,,,,,,0,0,0,,22,17620.989999999998,800.9540909090908,4448.23,29.5,0,0,22,5,3,0,0,12.250012631731504,11.215910906552626
CUST000337,,,,,,,0,0,0,,18,9192.06,510.66999999999996,1443.98,45.74,0,0,18,6,6,0,0,14.0,11.763888898768126
CUST000338,,,,,,,0,0,0,,26,12152.27,467.39500000000004,1970.83,21.03,0,0,25,6,6,0,0,14.0,11.576927262835406
CUST000339,,,,,,,0,0,0,,21,12009.76,571.8933333333333,4175.46,55.62,0,0,20,7,5,0,0,15.749999999999998,11.750000011604135
CUST000340,,,,,,,0,0,0,,23,14618.55,635.5891304347825,2350.09,32.09,0,0,23,4,6,0,0,14.00000000011407,11.793478316616543
CUST000341,,,,,,,0,0,0,,26,16398.36,630.7061538461538,3338.61,20.83,0,0,26,7,7,0,0,14.0,11.576923082603374
CUST000342,,,,,,,0,0,0,,24,17331.97,722.1654166666667,7120.28,46.44,0,0,24,6,7,0,0,19.250000000173763,12.104166669466196
CUST000343,,,,,,,0,0,0,,21,15384.710000000001,732.6052380952382,4105.1,57.36,0,0,21,5,5,0,0,14.0,11.583333334770185
CUST000344,,,,,,,0,0,0,,15,28761.170000000006,1917.4113333333337,15584.46,65.02,0,0,15,5,6,0,0,24.5,12.483334337109671
CUST000345,,,,,,,0,0,0,,23,19946.279999999995,867.229565217391,5893.25,37.0,0,0,23,5,4,0,0,19.25,11.86956521812939
CUST000346,,,,,,,0,0,0,,25,12761.47,510.4588,3207.31,15.56,0,0,25,8,7,0,0,14.0,11.690000161221558
CUST000347,,,,,,,1,0,0,,24,17485.75,728.5729166666666,2407.55,10.11,0,0,23,8,3,24,0,30.0,28.031250021993646
CUST000348,,,,,,,0,0,0,,17,7908.849999999999,465.22647058823526,1727.77,39.02,0,0,17,8,5,0,0,14.0,11.838235295779896
CUST000349,,,,,,,0,0,0,,16,10905.3,681.58125,2681.67,44.23,0,0,16,5,4,0,0,12.2500003011748,11.484375019948086
CUST000350,,,,,,,0,0,0,,19,16942.66,891.718947368421,5289.68,7.82,0,0,19,7,7,0,0,19.25,11.881579125872268
CUST000351,,,,,,,0,0,0,,21,10072.5,479.64285714285717,2632.65,55.31,0,0,21,7,5,0,0,14.000000000005937,11.750000002319371
CUST000352,,,,,,,0,0,0,,36,28828.989999999998,800.8052777777777,4714.18,37.36,0,0,36,8,6,0,0,14.000000122106217,11.666795427426683
CUST000353,,,,,,,0,0,0,,27,19308.49,715.1292592592594,3677.3,27.61,0,0,27,8,7,0,0,14.0,11.601852528537862
CUST000354,,,,,,,0,0,0,,23,22610.710000000003,983.0743478260871,6055.01,54.4,0,0,23,4,5,0,0,19.25,12.3260869565356
CUST000355,,,,,,,0,0,1,,25,13432.6,537.304,2043.89,41.5,0,0,25,9,5,17,0,26.750000000277897,24.720000005341525
CUST000356,,,,,,,0,0,0,,21,17212.27,819.6319047619048,5208.46,36.86,0,0,21,6,3,0,0,19.25,12.000000146606661
CUST000357,,,,,,,0,0,0,,18,13907.46,772.6366666666667,4088.0,27.81,0,0,18,6,7,0,0,14.00000000000024,12.055555590053809
CUST000358,,,,,,,0,0,0,,23,16032.31,697.0569565217392,6979.5,21.53,0,0,23,6,6,0,0,17.5,11.793478260958944
CUST000359,,,,,,,0,0,0,,33,32209.769999999997,976.0536363636363,11094.1,56.91,0,0,33,7,4,0,0,24.5000001675914,11.984848655681612
CUST000360,,,,,,,0,0,0,,20,11658.149999999998,582.9074999999999,1875.11,60.56,0,0,20,6,5,0,0,14.0,11.72500005952414
CUST000361,,,,,,,0,0,0,,27,26083.13,966.0418518518519,5187.08,34.95,0,0,27,8,8,0,0,17.5,11.990741154597215
CUST000362,,,,,,,0,0,0,,25,10656.36,426.25440000000003,2425.46,11.57,0,0,25,7,7,0,0,14.0,11.760004286749506
CUST000363,,,,,,,0,0,0,,30,15304.97,510.16566666666665,1869.03,36.78,0,0,30,5,5,0,0,14.0,11.49166676895835
CUST000364,,,,,,,0,0,0,,19,19692.910000000003,1036.4689473684211,5514.24,44.16,0,0,19,5,7,0,0,19.25,12.710534802271685
CUST000365,,,,,,,0,0,0,,18,15166.0,842.5555555555555,4111.29,29.68,0,0,18,3,4,0,0,14.0,11.277777783317738
CUST000366,,,,,,,0,0,0,,22,12786.730000000001,581.215,2658.61,39.41,0,0,22,8,6,0,0,14.0,11.61363637831977
CUST000367,,,,,,,0,0,0,,25,13387.92,535.5168,2946.5,30.84,0,0,25,8,6,0,0,14.000000000008695,11.620000010495824
CUST000368,,,,,,,1,0,0,,28,11590.11,413.9325,2162.08,18.52,0,0,28,6,4,28,0,33.5,28.000000030625223
CUST000369,,,,,,,0,0,0,,36,30581.909999999996,849.4975,13192.15,38.76,0,0,35,6,4,0,0,17.5,11.569445603902558
CUST000370,,,,,,,0,0,0,,23,28650.97,1245.694347826087,11837.91,36.91,0,0,23,8,6,0,0,19.25,12.097837495997329
CUST000371,,,,,,,0,0,0,,20,35987.979999999996,1799.399,19267.16,31.27,0,0,20,7,7,0,0,22.75,12.425003709057382
CUST000372,,,,,,,0,0,0,,23,12675.529999999999,551.1099999999999,1727.94,36.16,0,0,23,3,6,0,0,14.0,11.260869579430961
CUST000373,,,,,,,0,0,0,,25,19851.600000000002,794.0640000000001,6311.67,34.9,0,0,25,8,6,0,0,17.5,11.690000001721852
CUST000374,,,,,,,0,0,0,,24,17993.14,749.7141666666666,4166.5,5.0,0,0,24,6,9,0,0,14.0,11.885425060905044
CUST000375,,,,,,,0,0,0,,25,15012.11,600.4844,5010.55,48.18,0,0,25,6,8,0,0,17.500000001512998,12.110000069818241
CUST000376,,,,,,,0,0,0,,27,21468.21,795.1188888888888,3852.44,52.87,0,0,27,4,4,0,0,14.000000000001672,11.34259448312888
CUST000377,,,,,,,0,0,0,,16,7568.4400000000005,473.02750000000003,1618.26,81.78,0,0,16,7,8,0,0,14.0,11.92187500028719
CUST000378,,,,,,,0,0,0,,30,16622.0,554.0666666666667,2152.94,11.51,0,0,30,9,7,0,0,14.00000000568986,11.783333355028104
CUST000379,,,,,,,0,0,0,,21,20817.81,991.3242857142858,8044.95,32.49,0,0,21,6,6,0,0,24.5,12.58333333395838
CUST000380,,,,,,,0,0,0,,24,16144.78,672.6991666666667,3101.53,28.48,0,0,24,8,6,0,0,14.0,11.739583338221706
CUST000381,,,,,,,0,0,0,,25,19943.53,797.7411999999999,3916.41,25.59,0,0,25,7,7,0,0,14.0,11.83000180537036
CUST000382,,,,,,,0,0,0,,21,22718.22,1081.8200000000002,7080.2,24.05,0,0,21,9,6,0,0,19.250000022766503,12.000000236298984
CUST000383,,,,,,,0,0,1,,26,18666.609999999997,717.9465384615384,4191.07,44.12,0,0,26,7,5,12,0,26.75,24.192307771185007
CUST000384,,,,,,,0,0,0,,24,22386.549999999996,932.7729166666664,8632.24,30.46,0,0,24,5,7,0,0,24.500053175918342,12.031252389041834
CUST000385,,,,,,,0,0,0,,33,17818.769999999997,539.9627272727272,3065.11,17.74,0,0,33,5,7,0,0,12.250000024402029,11.242424313656345
CUST000386,,,,,,,0,0,0,,14,10559.06,754.2185714285714,3835.97,46.85,0,0,14,4,6,0,0,14.000000003843477,11.875000056207682
CUST000387,,,,,,,0,0,0,,34,23358.289999999997,687.0085294117646,4181.48,49.7,0,0,34,6,9,0,0,14.00000000006438,11.88970618340327
CUST000388,,,,,,,1,0,0,,31,28148.86,908.0277419354838,5805.18,24.76,0,0,31,8,9,31,0,35.25,27.79838711320791
CUST000389,,,,,,,0,0,0,,24,25286.129999999997,1053.58875,7073.18,37.64,0,0,24,5,4,0,0,17.5,11.59375045438899
CUST000390,,,,,,,0,0,0,,21,11316.010000000002,538.8576190476191,1654.9,60.53,0,0,21,6,6,0,0,14.0,11.500043661735592
CUST000391,,,,,,,1,0,0,,25,19554.27,782.1708,5944.47,43.03,0,0,25,6,6,25,0,33.50000000530514,27.90000000378169
CUST000392,,,,,,,0,0,0,,18,8823.810000000001,490.21166666666676,2185.23,26.78,0,0,18,3,6,0,0,14.000000000545285,11.95833333341218
CUST000393,,,,,,,0,0,0,,26,19487.789999999997,749.5303846153845,4658.69,35.08,0,0,25,7,6,0,0,14.0,11.576923101083635
CUST000394,,,,,,,0,0,0,,19,31137.65,1638.8236842105264,16374.4,42.69,0,0,19,6,7,0,0,24.5,12.618421052647946
CUST000395,,,,,,,0,0,0,,23,18744.14,814.9626086956522,3237.4,24.47,0,0,23,6,6,0,0,14.000000000002933,11.79347852947707
CUST000396,,,,,,,0,0,0,,20,11266.039999999999,563.3019999999999,1879.63,20.64,0,0,19,4,5,0,0,14.0,11.46250002713685
CUST000397,,,,,,,0,0,0,,23,33267.33000000001,1446.4056521739135,10679.95,23.31,0,0,23,5,6,0,0,19.25,12.021776308221996
CUST000398,,,,,,,0,0,0,,20,14264.07,713.2035,6446.7,40.71,0,0,20,7,4,0,0,17.50000004805,12.075000002652533
CUST000399,,,,,,,0,0,0,,31,41266.57,1331.179677419355,7749.8,41.78,0,0,30,7,7,0,0,19.25,12.53225811731971
CUST000400,,,,,,,0,0,0,,34,27565.219999999998,810.7417647058822,6156.51,35.72,0,0,34,8,9,0,0,19.25,11.889706279874005
CUST000401,,,,,,,0,0,0,,33,43168.71,1308.1427272727271,19051.82,20.37,0,0,33,5,9,0,0,22.75,12.144463129431431
CUST000402,,,,,,,0,0,0,,25,19730.59,789.2236,3347.89,28.3,0,0,25,5,5,0,0,14.0000000000018,11.620006868280306
CUST000403,,,,,,,0,0,0,,17,22550.24,1326.484705882353,14172.51,59.82,0,0,17,7,6,0,0,19.25,12.455882470986646
CUST000404,,,,,,,0,0,0,,23,12154.050000000001,528.4369565217391,3290.83,41.37,0,0,23,6,5,0,0,14.0,11.56521739724668
CUST000405,,,,,,,0,0,0,,20,20807.589999999997,1040.3794999999998,4564.1,33.08,0,0,20,6,7,0,0,14.0,11.637500041494304
CUST000406,,,,,,,0,0,0,,21,13655.590000000002,650.2661904761906,4064.51,43.47,0,0,21,2,5,0,0,5.250000250044217,4.250030099391085
CUST000407,,,,,,,0,0,0,,17,17362.16,1021.3035294117647,7926.88,58.96,0,0,17,5,5,0,0,19.250000002387797,12.250000145766391
CUST000408,,,,,,,0,0,0,,27,15933.109999999999,590.1151851851852,3098.34,12.22,0,0,27,5,8,0,0,14.0,11.666666678041336
CUST000409,,,,,,,0,0,0,,22,8948.09,406.73136363636365,1530.67,30.31,0,0,22,4,7,0,0,14.000000002142846,11.931819716459604
CUST000410,,,,,,,0,0,0,,20,16069.550000000001,803.4775000000001,4484.19,32.59,0,0,20,5,6,0,0,14.0,11.725000004349994
CUST000411,,,,,,,0,0,1,,18,11163.059999999998,620.1699999999998,2644.87,29.96,0,0,18,6,5,10,0,26.75,24.31944453696272
CUST000412,,,,,,,0,0,0,,29,21127.640000000003,728.5393103448276,3397.46,16.36,0,0,29,8,7,0,0,14.0,11.887960262100561
CUST000413,,,,,,,0,0,0,,23,17553.44,763.1930434782608,2443.92,14.95,0,0,23,9,5,0,0,14.0,11.793481447878136
CUST000414,,,,,,,0,0,0,,26,19772.29,760.4726923076923,4371.33,13.33,0,0,26,7,8,0,0,14.0,11.980769879446264
CUST000415,,,,,,,0,0,0,,22,12276.470000000003,558.0213636363637,4239.36,25.96,0,0,22,6,8,0,0,14.00000000028168,11.852272745577094
CUST000416,,,,,,,0,0,0,,21,14213.67,676.8414285714285,2573.52,20.07,0,0,21,6,4,0,0,12.250000173607,11.416667144457023
CUST000417,,,,,,,0,0,0,,26,17114.589999999997,658.2534615384614,3322.93,71.26,0,0,25,9,6,0,0,14.000000036344549,11.778846200531218
CUST000418,,,,,,,0,0,0,,36,32249.339999999997,895.8149999999999,5599.36,16.88,0,0,35,9,7,0,0,19.250001554933068,11.763889272183697
CUST000419,,,,,,,0,0,0,,33,42679.47000000001,1293.317272727273,19233.31,61.38,0,0,33,8,7,0,0,24.5,12.196969824640547
CUST000420,,,,,,,0,0,0,,25,23271.95,930.878,4518.52,87.01,0,0,25,8,5,0,0,14.0,11.620000002555253
CUST000421,,,,,,,0,0,0,,27,21854.48,809.4251851851851,3884.3,19.27,0,0,27,7,7,0,0,17.5,12.250000018115438
CUST000422,,,,,,,0,0,0,,19,9383.4,493.86315789473684,2641.84,27.99,0,0,19,7,6,0,0,14.000000000504086,11.697368526709164
CUST000423,,,,,,,0,0,0,,29,24666.950000000004,850.5844827586209,4232.16,16.49,0,0,29,8,8,0,0,14.0,11.706896551918167
CUST000424,,,,,,,0,0,0,,28,18161.85,648.6374999999999,4015.99,8.48,0,0,28,8,5,0,0,14.0,11.81250099731617
CUST000425,,,,,,,0,0,0,,24,12859.240000000002,535.8016666666667,2647.86,8.99,0,0,24,4,4,0,0,14.00000000040796,11.229166756161566
CUST000426,,,,,,,0,0,0,,28,18589.53,663.9117857142857,2994.42,15.79,0,0,28,5,9,0,0,14.0,11.687500004726216
CUST000427,,,,,,,0,0,0,,27,19455.610000000004,720.5781481481483,2917.14,32.74,0,0,26,7,3,0,0,14.0,11.731481509729482
CUST000428,,,,,,,0,0,0,,21,28600.67,1361.9366666666665,5057.98,57.74,0,0,21,6,4,0,0,19.25,12.083333364277493
CUST000429,,,,,,,0,0,0,,25,17865.449999999997,714.6179999999999,4347.67,24.92,0,0,25,7,6,0,0,14.0,11.760000350177052
CUST000430,,,,,,,0,0,0,,26,21397.19,822.9688461538461,5555.78,16.28,0,0,26,8,7,0,0,17.5,11.913461547171124
CUST000431,,,,,,,0,0,0,,32,14505.619999999999,453.30062499999997,1940.8,50.42,0,0,32,8,5,0,0,14.000000003557354,11.593750055650103
CUST000432,,,,,,,0,0,0,,24,21493.29,895.55375,5140.33,14.71,0,0,24,6,5,0,0,19.25002576943613,11.958335214208317
CUST000433,,,,,,,0,0,0,,23,14818.74,644.2930434782609,3302.96,33.03,0,0,23,6,5,0,0,14.0,11.565218892932856
CUST000434,,,,,,,0,0,0,,22,10951.920000000002,497.81454545454557,3694.87,26.52,0,0,22,5,5,0,0,12.250000020789637,11.53409113320164
CUST000435,,,,,,,0,0,0,,26,29967.749999999996,1152.605769230769,12174.42,15.5,0,0,26,8,9,0,0,19.25,12.250000014717301
CUST000436,,,,,,,0,0,0,,26,15415.169999999998,592.8911538461538,2462.02,34.43,0,0,26,9,8,0,0,14.0,11.778851709986277
CUST000437,,,,,,,0,0,0,,34,31275.430000000004,919.8655882352942,8502.35,22.38,0,0,34,5,7,1,0,28.0,11.83823894920475
CUST000438,,,,,,,0,0,0,,24,9311.6,387.98333333333335,1209.14,12.46,0,0,24,5,7,0,0,14.0,11.520833445240328
CUST000439,,,,,,,0,0,0,,18,16714.13,928.5627777777778,9776.4,91.86,0,0,18,6,4,0,0,24.5,12.63888888888889
CUST000440,,,,,,,0,0,0,,27,17550.030000000002,650.0011111111112,2802.58,39.61,0,0,27,5,8,0,0,14.000000002996233,11.666671120013527
CUST000441,,,,,,,0,0,0,,21,15604.7,743.0809523809525,1925.72,62.3,0,0,21,4,4,0,0,14.0,11.583333875090077
CUST000442,,,,,,,0,0,0,,28,14206.020000000002,507.3578571428572,1672.78,60.55,0,0,28,11,7,0,0,14.000000000442183,12.187500036573287
CUST000443,,,,,,,0,0,0,,28,24995.149999999994,892.6839285714284,7422.07,41.47,0,0,28,5,4,0,0,17.5,11.437565357204353
CUST000444,,,,,,,0,0,0,,28,25433.66,908.345,4300.99,46.98,0,0,28,7,8,0,0,14.0,11.812503414146118
CUST000445,,,,,,,0,0,0,,27,16080.490000000002,595.5737037037038,2524.69,61.33,0,0,27,5,8,0,0,12.251076925715257,11.407450452334503
CUST000446,,,,,,,0,0,0,,23,16127.699999999999,701.2043478260869,2659.02,45.88,0,0,23,6,7,0,0,14.000000003759052,11.945652243092672
CUST000447,,,,,,,0,0,0,,24,69851.2,2910.4666666666667,50000.0,57.91,0,0,24,6,6,1,0,26.25,12.031250001452213
CUST000448,,,,,,,0,0,0,,23,16410.13,713.4839130434783,4167.34,15.16,0,0,23,8,6,0,0,14.000000001347557,11.565217503074393
CUST000449,,,,,,,0,0,0,,26,18269.300000000003,702.6653846153847,5349.28,20.61,0,0,26,5,5,0,0,19.25,11.644230794252088
CUST000450,,,,,,,0,0,0,,38,19757.68,519.938947368421,2258.21,16.4,0,0,38,9,8,0,0,14.00000000584811,12.019752367418022
CUST000451,,,,,,,0,0,0,,24,25311.299999999996,1054.6374999999998,8493.39,40.32,0,0,24,5,8,0,0,24.5,12.322916775714019
CUST000452,,,,,,,0,0,0,,24,10127.31,421.97125,2221.6,24.55,0,0,24,6,6,0,0,14.0,11.666666761954678
CUST000453,,,,,,,0,0,0,,22,19883.0,903.7727272727273,7378.48,28.76,0,0,22,6,9,0,0,19.25,12.329546074742213
CUST000454,,,,,,,0,0,1,,27,13086.44,484.68296296296296,3149.51,15.62,0,0,27,8,5,14,0,26.75,24.35185225198356
CUST000455,,,,,,,0,0,0,,26,30818.19,1185.315,8312.51,44.82,0,0,26,7,7,0,0,24.5,12.721153860788071
CUST000456,,,,,,,0,0,0,,26,14823.889999999998,570.1496153846153,4059.72,82.38,0,0,26,6,6,0,0,14.0,11.644231372218126
CUST000457,,,,,,,0,0,0,,22,29160.22,1325.4645454545455,10546.69,84.07,0,0,22,6,7,0,0,17.500000048795933,12.329545462930657
CUST000458,,,,,,,0,0,0,,25,21802.65,872.1060000000001,3890.22,50.39,0,0,25,5,6,0,0,14.0,11.550001927136364
CUST000459,,,,,,,0,0,0,,25,18327.7,733.1080000000001,3084.35,12.92,0,0,25,6,8,0,0,14.000000000000016,12.180000595485646
CUST000460,,,,,,,0,0,0,,27,23113.329999999998,856.0492592592592,2620.92,33.58,0,0,27,7,10,0,0,14.0000000016013,11.731481535767866
CUST000461,,,,,,,0,0,0,,30,21877.68,729.256,4095.04,14.13,0,0,30,6,5,0,0,14.000000000388823,11.666666737119916
CUST000462,,,,,,,0,0,0,,15,8681.28,578.7520000000001,3010.39,20.87,0,0,15,3,3,0,0,12.250000000009733,11.083333334086351
CUST000463,,,,,,,0,0,0,,25,12168.59,486.7436,3426.31,35.63,0,0,25,5,6,0,0,14.00000000810758,11.83000103755283
CUST000464,,,,,,,0,0,0,,29,14460.58,498.6406896551724,2670.99,17.52,0,0,29,5,8,0,0,17.5,11.706896807325437
CUST000465,,,,,,,0,0,0,,30,15279.61,509.32033333333334,4052.36,23.39,0,0,30,6,7,0,0,14.0,11.43333334229263
CUST000466,,,,,,,0,0,0,,24,21330.82,888.7841666666667,5772.69,20.72,0,0,24,4,7,0,0,17.5,11.520833498633822
CUST000467,,,,,,,0,0,0,,18,13064.7,725.8166666666667,2286.37,31.8,0,0,18,6,6,0,0,14.0,11.763892187055111
CUST000468,,,,,,,0,0,0,,22,13562.149999999998,616.4613636363636,2028.91,47.74,0,0,22,5,6,0,0,14.0,11.295455172061137
CUST000469,,,,,,,0,0,0,,28,20465.999999999996,730.9285714285713,4351.33,40.94,0,0,28,9,6,0,0,14.000000004387786,11.812500004960693
CUST000470,,,,,,,0,0,0,,25,35542.87,1421.7148000000002,9578.59,33.61,0,0,25,5,6,0,0,24.5,12.320000002211291
CUST000471,,,,,,,0,0,0,,26,18646.62,717.1776923076923,5244.72,48.21,0,0,26,9,8,0,0,17.5,11.980781907481704
CUST000472,,,,,,,0,0,0,,28,15165.800000000001,541.6357142857144,4034.73,6.56,0,0,28,6,7,0,0,14.000000000000572,11.812500270073937
CUST000473,,,,,,,0,0,1,,30,11365.72,378.8573333333333,1787.81,20.11,0,0,30,5,7,16,0,26.75,24.241667776369095
CUST000474,,,,,,,0,0,0,,23,26845.080000000005,1167.177391304348,10593.45,34.62,0,0,23,5,4,0,0,17.50000107958767,12.097827610476214
CUST000475,,,,,,,0,0,0,,30,16852.510000000006,561.7503333333335,3093.83,88.2,0,0,29,7,7,0,0,14.0,11.783333528825015
CUST000476,,,,,,,0,0,0,,32,20240.35,632.5109375,3022.79,39.01,0,0,32,8,5,0,0,14.000000000379146,11.648450446385059
CUST000477,,,,,,,0,0,0,,35,20683.22,590.9491428571429,4062.13,13.78,0,0,35,7,10,0,0,14.0,11.500000845206312
CUST000478,,,,,,,0,0,0,,29,26624.16,918.0744827586207,9276.45,35.88,0,0,29,6,5,0,0,22.750000930790478,11.706896927011844
CUST000479,,,,,,,0,0,0,,24,14702.36,612.5983333333334,2143.36,46.01,0,0,24,7,6,0,0,14.0,12.104166679703816
CUST000480,,,,,,,0,0,0,,21,9315.480000000001,443.5942857142858,2404.43,71.25,0,0,21,3,4,0,0,14.0,11.33333368514971
CUST000481,,,,,,,0,0,1,,26,21854.93,840.5742307692308,5750.42,24.62,0,0,26,6,6,15,0,30.25,24.59615402869955
CUST000482,,,,,,,0,0,0,,23,10213.990000000002,444.0865217391305,1880.51,41.08,0,0,23,5,8,0,0,14.0,11.565217424369772
CUST000483,,,,,,,0,0,0,,27,20368.500000000004,754.388888888889,3539.09,20.74,0,0,26,4,7,0,0,14.000000000000686,11.666666742499647
CUST000484,,,,,,,0,0,0,,22,18096.79,822.5813636363637,5463.96,32.8,0,0,22,3,7,0,0,19.25,11.852273165598461
CUST000485,,,,,,,0,0,0,,24,13466.990000000002,561.1245833333334,5071.65,5.0,0,0,24,8,5,0,0,19.25,12.104166666761065
CUST000486,,,,,,,0,0,0,,25,21686.54,867.4616000000001,7942.54,43.74,0,0,25,4,7,0,0,17.5,11.970000002486213
CUST000487,,,,,,,0,0,0,,23,22289.679999999997,969.1165217391302,5149.15,31.46,0,0,23,8,5,0,0,19.25,12.025945772258504
CUST000488,,,,,,,0,0,0,,19,9359.86,492.62421052631584,2000.81,29.66,0,0,19,6,8,0,0,14.0,11.78947368503105
CUST000489,,,,,,,0,0,0,,24,8561.619999999999,356.7341666666666,1095.6,24.79,0,0,24,5,4,0,0,14.0,11.22916676022359
CUST000490,,,,,,,0,0,0,,23,14672.27,637.9247826086956,2292.88,20.09,0,0,23,6,5,0,0,14.0,11.641305632044453
CUST000491,,,,,,,0,0,0,,23,17400.72,756.553043478261,3033.55,30.23,0,0,23,4,7,0,0,14.000000000024048,11.945652174564971
CUST000492,,,,,,,1,0,0,,24,17029.86,709.5775,2533.48,7.26,0,0,24,6,7,24,0,30.0,27.59375000116921
CUST000493,,,,,,,0,0,0,,31,14472.02,466.8393548387097,1649.46,35.02,0,0,31,7,5,0,0,14.0,11.685484070873605
CUST000494,,,,,,,0,0,0,,23,18904.640000000003,821.9408695652176,5731.7,33.09,0,0,23,7,4,0,0,19.250121142168457,11.945657445491104
CUST000495,,,,,,,0,0,0,,21,23743.180000000004,1130.6276190476192,7258.96,10.55,0,0,21,7,5,0,0,17.5,11.91666707989258
CUST000496,,,,,,,0,0,0,,28,28265.039999999997,1009.4657142857142,7359.85,21.69,0,0,28,7,4,0,0,19.250051780028468,11.687503544690143
CUST000497,,,,,,,0,0,0,,21,11621.369999999997,553.3985714285712,4276.15,9.85,0,0,21,7,3,0,0,14.0,11.666666980323281
CUST000498,,,,,,,0,0,0,,20,16856.21,842.8104999999999,3200.08,35.44,0,0,20,5,3,0,0,14.0,11.725004117683612
CUST000499,,,,,,,0,0,0,,23,18300.430000000004,795.6708695652176,4670.99,26.28,0,0,23,5,8,0,0,14.0,11.641304365257868
CUST000500,,,,,,,0,0,0,,28,19008.179999999997,678.8635714285713,3847.28,49.71,0,0,28,7,4,0,0,14.0,11.875002831213006
CUST000501,,,,,,,0,0,0,,18,6959.61,386.645,1469.37,25.23,0,0,18,3,3,0,0,14.00000000371232,11.472222223478925
CUST000502,,,,,,,0,0,0,,31,23332.639999999996,752.6658064516128,2620.72,65.1,0,0,31,7,7,0,0,14.000001543333346,11.685598613039456
CUST000503,,,,,,,0,0,0,,24,14258.43,594.10125,3080.48,24.9,0,0,23,4,8,0,0,14.0,11.44791672682561
CUST000504,,,,,,,0,0,1,,16,8581.880000000001,536.3675000000001,2780.92,45.69,0,0,16,3,4,8,0,26.75,24.234375004148454
CUST000505,,,,,,,0,0,0,,23,19881.789999999997,864.4256521739129,8074.93,19.61,0,0,23,5,7,0,0,24.5,12.173992577205592
CUST000506,,,,,,,0,0,0,,20,16753.14,837.6569999999999,4258.79,39.1,0,0,20,7,5,0,0,14.0,11.812500052414409
CUST000507,,,,,,,0,0,0,,17,13735.95,807.9970588235294,4014.66,78.15,0,0,17,6,2,0,0,14.0,11.529413256585762
CUST000508,,,,,,,0,0,0,,26,20423.670000000002,785.5257692307694,3480.05,63.84,0,0,26,7,6,0,0,14.0,11.644230769704574
CUST000509,,,,,,,0,0,0,,26,25086.56,964.8676923076923,4259.0,53.02,0,0,26,7,3,0,0,14.0,11.375000375858978
CUST000510,,,,,,,0,0,0,,25,14149.41,565.9764,4160.19,30.32,0,0,25,6,7,0,0,14.0,11.340001713109691
CUST000511,,,,,,,0,0,0,,24,27924.690000000002,1163.5287500000002,16055.4,23.22,0,0,24,6,6,0,0,19.25,11.885416666750741
CUST000512,,,,,,,0,0,0,,22,14444.369999999999,656.5622727272727,1725.98,15.96,0,0,22,7,7,0,0,14.000000043585398,11.931818183816636
CUST000513,,,,,,,0,0,0,,19,8118.700000000001,427.3,1873.19,11.98,0,0,19,2,7,0,0,7.0,4.697418524488936
CUST000514,,,,,,,0,0,0,,33,25399.45,769.6803030303031,4037.05,19.49,0,0,33,5,10,0,0,14.000000002867454,11.77272734558618
CUST000515,,,,,,,0,0,0,,26,24090.030000000002,926.5396153846154,5203.36,15.21,0,0,26,8,9,0,0,17.5,12.115384638103638
CUST000516,,,,,,,0,0,0,,25,18202.52,728.1008,3834.82,22.1,0,0,25,8,6,0,0,14.000000000002403,11.970000030317651
CUST000517,,,,,,,0,0,0,,18,28357.82,1575.4344444444444,8394.37,5.0,0,0,18,4,5,0,0,24.5,13.125
CUST000518,,,,,,,1,0,0,,15,11203.37,746.8913333333334,3069.59,10.37,0,0,15,4,4,15,0,30.0,27.666666672157657
CUST000519,,,,,,,0,0,0,,21,23071.46,1098.6409523809523,6576.69,18.17,0,0,21,4,5,0,0,17.5,11.750038832388286
CUST000520,,,,,,,0,0,0,,27,18493.25,684.9351851851852,5244.16,18.16,0,0,27,7,7,0,0,19.25,12.120370374909621
CUST000521,,,,,,,0,0,0,,16,7649.379999999999,478.08624999999995,1652.0,113.33,0,0,16,5,9,0,0,14.000000000012095,12.359375000375493
CUST000522,,,,,,,0,0,0,,27,15755.96,583.554074074074,3283.29,5.0,0,0,27,5,7,0,0,14.0,11.537037122366018
CUST000523,,,,,,,0,0,0,,22,14457.280000000002,657.149090909091,1429.05,47.43,0,0,22,6,5,0,0,14.0,11.613636367130603
CUST000524,,,,,,,0,0,0,,32,24553.03,767.2821875,4665.47,15.38,0,0,32,8,6,0,0,14.0,11.430129712023115
CUST000525,,,,,,,0,0,0,,21,11099.28,528.5371428571428,2137.09,75.7,0,0,21,7,4,0,0,14.0,11.500000714752844
CUST000526,,,,,,,0,0,0,,35,38844.689999999995,1109.8482857142856,10984.6,21.0,0,0,35,9,8,0,0,24.5,12.50000001161257
CUST000527,,,,,,,0,0,0,,29,17884.26,616.6986206896552,2216.13,45.85,0,0,28,5,7,0,0,14.0,11.767241427656637
CUST000528,,,,,,,0,0,1,,28,22144.749999999996,790.8839285714284,3747.64,11.46,0,0,28,6,7,20,0,26.750000000042487,24.562500533676054
CUST000529,,,,,,,0,0,0,,29,22390.57,772.0886206896552,3539.34,47.71,0,0,29,6,6,0,0,14.0,11.46830481004269
CUST000530,,,,,,,0,0,0,,21,10471.540000000003,498.64476190476205,2672.7,57.5,0,0,21,5,6,0,0,14.00000000013191,11.750000621073724
CUST000531,,,,,,,0,0,0,,24,15094.77,628.94875,3564.13,16.66,0,0,24,4,6,0,0,14.000000021929468,11.593750079169533
CUST000532,,,,,,,0,0,0,,32,19227.72,600.86625,4344.41,19.14,0,0,32,9,7,0,0,14.0,11.867189239836826
CUST000533,,,,,,,0,0,0,,26,17168.079999999998,660.3107692307692,2618.38,48.32,0,0,26,6,6,0,0,14.0,11.913461538926956
CUST000534,,,,,,,0,0,0,,26,33678.32,1295.32,6430.24,45.34,0,0,26,4,7,0,0,21.0,11.980769237326165
CUST000535,,,,,,,0,0,0,,26,25560.209999999995,983.0849999999998,8028.45,16.47,0,0,26,8,7,1,0,29.75,12.250000027353114
CUST000536,,,,,,,0,0,0,,35,23912.430000000004,683.2122857142858,2178.4,35.64,0,0,35,8,8,0,0,14.0,11.750025214070519
CUST000537,,,,,,,0,0,0,,21,36741.19,1749.5804761904762,24428.28,21.69,0,0,21,6,5,0,0,22.750001464908333,12.166666737901444
CUST000538,,,,,,,0,0,0,,22,11465.31,521.1504545454545,3351.72,88.61,0,0,22,5,7,0,0,14.0,11.852272727278724
CUST000539,,,,,,,0,0,0,,24,17351.519999999997,722.9799999999999,3692.37,59.85,0,0,24,7,7,0,0,14.0,11.812500000123444
CUST000540,,,,,,,1,0,0,,21,25793.61,1228.267142857143,7118.66,69.42,0,0,21,4,5,21,0,35.25,28.16666780784623
CUST000541,,,,,,,0,0,0,,24,18717.13,779.8804166666667,3564.63,27.63,0,0,24,6,7,0,0,14.00000000133379,11.958388836808373
CUST000542,,,,,,,0,0,0,,18,14113.969999999998,784.1094444444443,3428.97,13.98,0,0,18,6,5,0,0,12.25,11.472222247030112
CUST000543,,,,,,,0,0,0,,22,9471.890000000001,430.5404545454546,2151.3,26.13,0,0,22,6,6,0,0,14.0,11.53409378561974
CUST000544,,,,,,,0,0,0,,29,20089.82,692.7524137931034,5757.61,27.06,0,0,28,4,5,0,0,19.25,11.827586608774968
CUST000545,,,,,,,0,0,0,,24,14454.080000000002,602.2533333333334,2007.53,19.79,0,0,24,9,6,0,0,14.0,11.95833341630822
CUST000546,,,,,,,0,0,0,,17,9700.189999999999,570.5994117647058,2231.64,51.85,0,0,17,3,4,0,0,12.25000000031939,11.220588235408853
CUST000547,,,,,,,0,0,0,,27,14743.640000000001,546.0607407407408,2737.55,5.7,0,0,26,8,9,0,0,14.0,12.055555561206498
CUST000548,,,,,,,0,0,0,,20,14367.88,718.394,3227.76,8.49,0,0,20,8,4,0,0,14.000000000000746,11.63750000019642
CUST000549,,,,,,,0,0,0,,25,10374.62,414.9848,2484.28,23.74,0,0,25,8,7,0,0,14.00000000047023,11.48000000034171
CUST000550,,,,,,,0,0,0,,25,17290.98,691.6392,2839.39,16.91,0,0,25,7,8,0,0,14.000000000168752,11.76000709746915
CUST000551,,,,,,,0,0,0,,24,16500.839999999997,687.5349999999999,4799.97,94.22,0,0,24,6,7,0,0,14.00000000007629,11.885416928046439
CUST000552,,,,,,,0,0,0,,22,12353.43,561.5195454545454,1985.88,12.98,0,0,22,4,6,0,0,14.0,11.852272728228291
CUST000553,,,,,,,0,0,0,,23,14784.289999999997,642.7952173913043,3078.24,15.75,0,0,23,4,7,0,0,14.0,11.793478261039334
CUST000554,,,,,,,1,0,0,,26,28658.0,1102.2307692307693,4481.95,117.35,0,0,26,9,6,26,0,30.000000000027896,27.778846158797382
CUST000555,,,,,,,1,0,0,,26,20807.69,800.2957692307692,3167.25,31.8,0,0,26,6,8,26,0,30.0,27.846153846448182
CUST000556,,,,,,,0,0,0,,26,15028.98,578.0376923076923,3759.35,12.22,0,0,26,7,8,0,0,14.00000045687257,11.778846321340593
CUST000557,,,,,,,0,0,0,,25,11323.970000000001,452.95880000000005,1285.54,33.97,0,0,25,5,3,0,0,14.000000000000217,11.200000014873034
CUST000558,,,,,,,0,0,0,,24,19559.280000000002,814.9700000000001,7850.9,22.15,0,0,24,8,4,0,0,17.5,11.812500032713594
CUST000559,,,,,,,0,0,0,,18,16772.89,931.8272222222222,7116.66,59.84,0,0,18,6,5,0,0,17.5,12.347224458309821
CUST000560,,,,,,,0,0,0,,22,11663.72,530.1690909090909,2164.18,12.24,0,0,22,5,6,0,0,14.0,11.772731888609009
CUST000561,,,,,,,0,0,0,,22,15656.25,711.6477272727273,2338.47,32.35,0,0,22,6,6,0,0,14.00000000444292,11.852272729826417
CUST000562,,,,,,,0,0,1,,22,15386.71,699.3959090909091,4780.4,28.93,0,0,22,5,8,11,0,26.75,24.20454935674317
CUST000563,,,,,,,0,0,0,,22,22229.019999999997,1010.4099999999999,6803.77,13.8,0,0,22,8,5,0,0,21.0,12.011365936563822
CUST000564,,,,,,,0,0,0,,22,13838.92,629.0418181818181,4425.6,33.08,0,0,22,8,6,0,0,14.0,11.852272768273872
CUST000565,,,,,,,0,0,0,,26,17350.56,667.3292307692308,2590.93,68.1,0,0,26,5,7,0,0,14.000000000066231,11.711538494040225
CUST000566,,,,,,,0,0,0,,21,20135.469999999998,958.8319047619046,5331.4,40.15,0,0,21,5,6,0,0,22.75,12.41667199198765
CUST000567,,,,,,,0,0,0,,21,10197.61,485.60047619047623,1113.37,72.37,0,0,21,5,8,0,0,14.0,11.583333333688378
CUST000568,,,,,,,0,0,0,,40,35538.84,888.4709999999999,10613.8,33.97,0,0,40,8,7,0,0,17.5,11.812500716988826
CUST000569,,,,,,,0,0,0,,31,19227.19,620.2319354838709,2996.85,26.51,0,0,31,8,4,0,0,14.00000043674026,11.403228016156405
CUST000570,,,,,,,0,0,0,,24,10303.73,429.3220833333333,2933.91,10.61,0,0,24,5,6,0,0,14.00001045752675,12.031250436117245
CUST000571,,,,,,,0,0,0,,26,25272.32,972.0123076923077,8555.37,29.85,0,0,26,6,7,0,0,24.5,12.182692424729654
CUST000572,,,,,,,0,0,0,,29,15272.48,526.6372413793104,2431.35,35.08,0,0,29,9,6,0,0,14.0,11.948277718007787
CUST000573,,,,,,,0,0,0,,31,22998.96,741.901935483871,2755.93,41.91,0,0,31,7,8,0,0,14.00000251469599,11.854850347775075
CUST000574,,,,,,,0,0,0,,18,13201.81,733.4338888888889,4636.59,21.4,0,0,18,3,5,0,0,14.000000000000004,11.569445517373774
CUST000575,,,,,,,0,0,0,,18,6552.889999999999,364.0494444444444,1276.24,44.95,0,0,18,6,9,0,0,14.00000007560224,12.250000004687857
CUST000576,,,,,,,0,0,0,,23,45742.03999999999,1988.7843478260868,40851.39,19.55,0,0,23,6,6,0,0,24.5,12.706521739152503
CUST000577,,,,,,,0,0,0,,21,15668.49,746.1185714285714,6315.48,35.89,0,0,21,9,4,0,0,19.25,12.166666673166223
CUST000578,,,,,,,0,0,0,,32,42709.29,1334.6653125,14678.21,29.59,0,0,32,10,6,0,0,19.25,12.304694414437122
CUST000579,,,,,,,0,0,1,,19,17319.770000000004,911.5668421052634,6872.49,28.4,0,0,19,5,3,9,0,32.0,24.63157895120767
CUST000580,,,,,,,0,0,0,,20,10771.2,538.5600000000001,1668.72,58.97,0,0,20,7,4,0,0,14.00000001881434,11.637500001974464
CUST000581,,,,,,,0,0,0,,22,11586.95,526.6795454545455,1684.96,18.36,0,0,22,5,5,0,0,14.0,11.534090959853998
CUST000582,,,,,,,0,0,0,,26,13332.39,512.7842307692307,2792.17,24.02,0,0,26,5,5,0,0,14.000000000300965,11.576923190665195
CUST000583,,,,,,,0,0,0,,30,16159.839999999998,538.6613333333332,1941.42,22.69,0,0,30,7,9,0,0,14.0,11.66666666924843
CUST000584,,,,,,,0,0,0,,22,12070.05,548.6386363636364,5872.68,34.87,0,0,22,7,7,0,0,19.250000000212708,12.01136363642206
CUST000585,,,,,,,0,0,0,,18,7029.51,390.52833333333336,1156.34,20.61,0,0,18,8,6,0,0,14.0,12.055555556299844
CUST000586,,,,,,,0,0,0,,25,13621.89,544.8756,2087.8,33.49,0,0,25,8,5,0,0,14.0,11.690000638697539
CUST000587,,,,,,,0,0,0,,31,13230.33,426.78483870967744,1420.04,31.38,0,0,31,9,8,0,0,14.000000000001098,11.967743426345153
CUST000588,,,,,,,0,0,0,,24,22885.329999999998,953.5554166666666,5013.0,82.47,0,0,24,6,6,0,0,17.5,12.031250135535304
CUST000589,,,,,,,0,0,0,,16,12166.11,760.381875,6415.47,37.65,0,0,16,4,5,0,0,19.25,12.14062500002598
CUST000590,,,,,,,0,0,0,,22,25709.620000000003,1168.619090909091,12199.82,43.74,0,0,21,4,7,0,0,17.500084613599878,12.32955077503857
CUST000591,,,,,,,0,0,0,,37,25868.499999999996,699.1486486486485,5903.6,9.17,0,0,36,7,10,0,0,19.2500000152561,11.966216709973901
CUST000592,,,,,,,0,0,0,,25,13433.27,537.3308000000001,3390.89,24.69,0,0,25,8,7,0,0,14.00000000115075,11.900000001218075
CUST000593,,,,,,,0,0,0,,30,16515.79,550.5263333333334,3610.68,11.13,0,0,30,8,7,0,0,14.0,11.60833334323464
CUST000594,,,,,,,0,0,1,,17,13872.380000000001,816.0223529411766,4942.46,128.47,0,0,17,6,6,12,0,26.75,24.794117647363084
CUST000595,,,,,,,0,0,0,,26,29441.14,1132.3515384615384,9182.63,58.53,0,0,26,6,6,1,0,26.25,12.115385200447614
CUST000596,,,,,,,0,0,0,,18,8076.54,448.69666666666666,1639.16,14.27,0,0,18,3,6,0,0,14.0,11.958333336028561
CUST000597,,,,,,,0,0,0,,21,11005.390000000001,524.0661904761905,1836.41,70.46,0,0,21,5,4,0,0,14.0,11.500001295520875
CUST000598,,,,,,,0,0,0,,23,26334.339999999997,1144.971304347826,4919.67,84.44,0,0,23,6,6,0,0,12.250000669980992,11.336956576511561
CUST000599,,,,,,,0,0,0,,33,23458.250000000004,710.8560606060607,4558.64,24.37,0,0,33,8,7,0,0,15.749999999999998,11.825987582321025
CUST000600,,,,,,,0,0,0,,29,59801.369999999995,2062.1162068965514,39409.52,15.79,0,0,29,10,8,1,0,28.0,12.37068986018391
CUST000601,,,,,,,0,0,0,,28,29497.530000000002,1053.4832142857144,6261.65,42.67,0,0,28,8,8,0,0,19.258757296452504,12.312817530739386
CUST000602,,,,,,,0,0,0,,12,4543.77,378.64750000000004,1037.05,17.35,0,0,12,3,6,0,0,14.0,11.812500563482978
CUST000603,,,,,,,0,0,0,,23,8718.710000000001,379.074347826087,2785.71,16.76,0,0,23,7,7,0,0,12.25000000643303,11.641304348256229
CUST000604,,,,,,,0,0,0,,17,11334.78,666.7517647058824,2646.26,58.33,0,0,17,4,4,0,0,14.0,11.529417276440252
CUST000605,,,,,,,0,0,0,,29,35233.829999999994,1214.9596551724137,7012.99,33.57,0,0,29,7,6,0,0,17.5,12.189655175487106
CUST000606,,,,,,,0,0,0,,16,13287.519999999999,830.4699999999999,2605.12,106.25,0,0,16,7,4,0,0,14.0,11.812500001496236
CUST000607,,,,,,,0,1,0,,20,12110.310000000001,605.5155000000001,2973.5,70.99,0,0,20,3,6,20,0,45.74999999999999,44.87500000006614
CUST000608,,,,,,,0,0,0,,31,24427.07,787.97,5833.35,16.73,0,0,31,5,6,0,0,17.5,11.51613663649763
CUST000609,,,,,,,0,0,0,,18,8032.179999999999,446.23222222222216,2129.38,17.25,0,0,18,2,3,0,0,5.25,3.9863420236493305
CUST000610,,,,,,,0,0,0,,22,13869.68,630.44,2946.83,38.34,0,0,22,7,6,0,0,14.000000924171832,11.852274551893306
CUST000611,,,,,,,0,0,1,,20,10442.810000000003,522.1405000000002,1687.24,35.43,0,0,20,8,7,17,0,26.75000093004356,25.08750006205731
CUST000612,,,,,,,0,0,0,,23,22536.31,979.8395652173914,7154.57,37.65,0,0,23,6,7,0,0,17.5,12.250000000480028
CUST000613,,,,,,,0,0,0,,30,14759.689999999999,491.9896666666666,1599.84,73.22,0,0,30,6,9,0,0,14.000000009327538,11.550020695397162
CUST000614,,,,,,,0,0,0,,26,18825.730000000003,724.0665384615386,5550.83,76.23,0,0,26,7,6,0,0,19.25,11.778846155362968
CUST000615,,,,,,,0,0,0,,22,12305.989999999998,559.3631818181817,2373.11,54.31,0,0,22,8,4,0,0,14.000000000025455,11.693181818194889
CUST000616,,,,,,,0,0,0,,27,18794.399999999998,696.0888888888888,2917.23,61.03,0,0,27,6,8,0,0,12.25000000349096,11.666666667042866
CUST000617,,,,,,,0,0,0,,27,20089.680000000004,744.0622222222223,4728.89,7.63,0,0,27,6,6,0,0,14.0,11.861111116345185
CUST000618,,,,,,,0,0,0,,22,17964.62,816.5736363636363,7894.5,34.01,0,0,22,6,6,0,0,19.25,12.170454644568496
CUST000619,,,,,,,0,0,0,,17,12199.710000000001,717.6300000000001,4187.83,98.99,0,0,17,6,3,0,0,15.750000240956826,11.529411911823225
CUST000620,,,,,,,0,0,0,,25,18350.769999999997,734.0307999999999,2685.85,20.76,0,0,25,5,6,0,0,12.250000051793222,11.55000003146285
CUST000621,,,,,,,0,0,0,,27,13342.670000000002,494.172962962963,1724.66,25.33,0,0,27,7,5,0,0,14.0,11.990741873706527
CUST000622,,,,,,,0,0,0,,21,22045.359999999997,1049.7790476190476,9701.17,33.24,0,0,20,6,7,1,0,29.75,12.833333338919616
CUST000623,,,,,,,0,0,0,,23,14856.499999999996,645.9347826086955,4179.87,63.15,0,0,23,4,7,0,0,14.000000485920246,11.641304372785822
CUST000624,,,,,,,0,0,0,,20,16266.14,813.307,3511.86,33.52,0,0,20,5,4,0,0,14.0,11.812523603840486
CUST000625,,,,,,,0,0,0,,27,29209.899999999998,1081.848148148148,11282.85,39.68,0,0,27,3,4,0,0,19.25,11.66666666768514
CUST000626,,,,,,,0,0,0,,22,13932.539999999999,633.2972727272727,2173.6,38.06,0,0,22,7,8,0,0,14.000000015100216,11.852275054665483
CUST000627,,,,,,,1,0,0,,25,17679.24,707.1696000000001,2797.03,19.65,0,0,25,7,8,25,0,30.0,27.830000000139577
CUST000628,,,,,,,0,0,0,,27,11532.039999999999,427.11259259259253,2755.72,58.85,0,0,27,8,6,0,0,14.000000001333756,11.472222225800136
CUST000629,,,,,,,0,0,0,,30,19489.649999999998,649.655,3451.76,40.61,0,0,30,7,5,0,0,14.000000101213908,11.491666693796931
CUST000630,,,,,,,0,0,0,,24,29862.649999999998,1244.2770833333332,13874.88,85.5,0,0,24,7,5,0,0,19.25000056057362,12.177083954546903
CUST000631,,,,,,,0,0,0,,17,8604.09,506.1229411764706,1757.54,53.8,0,0,17,6,4,0,0,14.000000000460602,12.147058824658894
CUST000632,,,,,,,0,0,0,,26,26179.87,1006.9180769230769,5264.09,9.75,0,0,26,8,5,0,0,19.25,11.711552794434933
CUST000633,,,,,,,0,0,0,,32,21604.4,675.1375,4737.34,53.68,0,0,32,5,6,0,0,14.000000008440631,11.648437510515908
CUST000634,,,,,,,0,0,0,,22,12127.800000000001,551.2636363636365,1969.95,86.22,0,0,22,6,5,0,0,14.0,11.693181849336627
CUST000635,,,,,,,0,0,0,,30,28120.08,937.336,6574.49,51.1,0,0,30,5,6,0,0,17.5,11.725000140970009
CUST000636,,,,,,,0,0,0,,20,21634.03,1081.7015,12337.65,42.32,0,0,20,5,4,0,0,24.50000000077484,11.987508591194619
CUST000637,,,,,,,0,0,0,,21,16161.93,769.6157142857143,2816.1,22.81,0,0,21,5,7,0,0,12.25000132592943,11.583333401223953
CUST000638,,,,,,,0,0,0,,28,20099.91,717.8539285714286,5578.77,28.14,0,0,28,9,3,0,0,17.5,12.000000007045868
CUST000639,,,,,,,0,0,0,,26,20351.140000000003,782.7361538461539,5015.81,31.1,0,0,26,4,6,0,0,17.5,11.778846155931273
CUST000640,,,,,,,0,0,0,,19,9524.800000000001,501.3052631578948,2372.97,29.24,0,0,19,6,6,0,0,14.000000000001975,11.605263158248835
CUST000641,,,,,,,0,0,0,,36,25418.4,706.0666666666667,3048.83,24.03,0,0,36,9,6,0,0,17.50000030716497,11.666666750970414
CUST000642,,,,,,,0,0,1,,28,24254.929999999997,866.2474999999998,4578.37,40.71,0,0,28,6,7,17,0,26.75000033653029,24.50000001805702
CUST000643,,,,,,,0,0,0,,21,12321.240000000002,586.7257142857144,2309.22,59.62,0,0,21,4,6,0,0,14.0000001404783,12.000000008350076
CUST000644,,,,,,,0,0,0,,30,19998.379999999997,666.6126666666665,3715.87,21.15,0,0,30,4,6,0,0,14.0,11.491667208615691
CUST000645,,,,,,,1,0,0,,27,19856.159999999996,735.4133333333332,4731.2,45.18,0,0,27,5,8,27,0,30.000000000604928,27.60185185505033
CUST000646,,,,,,,0,0,0,,24,19220.23,800.8429166666666,6824.87,13.23,0,0,23,8,6,0,0,17.5000001276528,11.885416677313353
CUST000647,,,,,,,0,0,0,,16,6608.33,413.020625,2110.39,13.13,0,0,16,5,6,0,0,14.0,11.593750106588967
CUST000648,,,,,,,0,0,0,,21,8096.680000000001,385.5561904761905,1059.71,35.37,0,0,21,7,7,0,0,14.0,11.916666666666666
CUST000649,,,,,,,0,0,0,,19,10668.490000000002,561.4994736842106,2339.44,46.83,0,0,19,5,5,0,0,14.0,11.697368421362166
CUST000650,,,,,,,0,0,0,,17,9610.65,565.3323529411764,2918.66,92.3,0,0,17,6,7,0,0,14.00000000255727,12.14705890625234
CUST000651,,,,,,,0,0,0,,22,20491.750000000007,931.4431818181821,8722.93,11.9,0,0,22,4,6,1,0,28.0,12.409090909487405
CUST000652,,,,,,,0,0,0,,27,34633.15,1282.7092592592594,8678.84,27.12,0,0,27,7,7,0,0,24.5,12.509264074582651
CUST000653,,,,,,,0,0,0,,19,8821.09,464.2678947368421,1612.25,57.47,0,0,19,7,6,0,0,14.0000000008755,11.881579601121091
CUST000654,,,,,,,0,0,0,,23,14584.080000000002,634.0904347826088,4747.62,28.76,0,0,23,6,4,0,0,12.250002150094758,11.489130530997874
CUST000655,,,,,,,0,0,0,,34,20664.350000000002,607.7750000000001,3093.18,23.53,0,0,34,6,8,0,0,14.0,11.375000071282038
CUST000656,,,,,,,0,0,0,,22,15083.32,685.6054545454546,2770.32,151.39,0,0,22,6,6,0,0,14.0,11.61429160515044
CUST000657,,,,,,,0,0,0,,25,17116.2,684.648,5232.97,20.85,0,0,25,5,6,0,0,17.5,11.69000059395301
CUST000658,,,,,,,0,0,0,,18,7598.9800000000005,422.16555555555556,1743.98,36.3,0,0,18,5,5,0,0,14.0,11.763888892812483
CUST000659,,,,,,,0,0,0,,26,15143.42,582.4392307692308,3658.57,5.0,0,0,26,7,4,0,0,14.000000000021991,11.576925409086263
CUST000660,,,,,,,0,0,0,,28,16170.160000000002,577.5057142857144,2210.81,43.73,0,0,28,9,6,0,0,14.0,11.562502134003342
CUST000661,,,,,,,0,0,0,,26,23429.23,901.1242307692307,6929.11,87.18,0,0,26,6,7,0,0,24.5,12.182692364111055
CUST000662,,,,,,,0,0,0,,27,16305.16,603.8948148148148,4595.47,14.07,0,0,27,7,6,0,0,12.25009496169665,11.537046169866176
CUST000663,,,,,,,0,0,0,,23,59829.25,2601.271739130435,49483.34,27.0,0,0,23,5,6,1,0,28.0,12.097831933501773
CUST000664,,,,,,,1,0,0,,25,15244.92,609.7968,2667.43,40.32,0,0,25,6,7,25,0,30.0,27.690000006020068
CUST000665,,,,,,,0,0,0,,24,10711.779999999999,446.3241666666666,2045.88,51.49,0,0,24,7,6,0,0,14.00000000589083,11.812501029425611
CUST000666,,,,,,,0,0,0,,25,15814.08,632.5632,3668.99,15.34,0,0,25,6,8,0,0,14.000000000183412,11.620000001356889
CUST000667,,,,,,,0,0,0,,19,16396.3,862.9631578947368,4379.99,55.94,0,0,19,6,4,0,0,12.250000005307864,11.51315790133096
CUST000668,,,,,,,0,0,1,,23,20664.3,898.4478260869565,4489.46,34.01,0,0,23,4,5,12,0,26.750000019777698,24.315217918510967
CUST000669,,,,,,,0,0,0,,23,13887.949999999999,603.8239130434782,3361.18,75.28,0,0,23,6,9,0,0,14.0,11.86960038449851
CUST000670,,,,,,,0,0,0,,27,16573.17,613.821111111111,3196.73,27.92,0,0,27,7,7,0,0,14.0,11.407412087007915
CUST000671,,,,,,,0,0,0,,20,16246.810000000001,812.3405,3424.1,30.91,0,0,19,5,6,0,0,14.0,11.375000013473564
CUST000672,,,,,,,0,0,0,,15,5528.04,368.536,1212.42,14.21,0,0,15,5,5,0,0,14.0,11.666666679437785
CUST000673,,,,,,,0,0,0,,22,6631.720000000001,301.44181818181823,1064.27,35.34,0,0,22,7,6,0,0,14.00000000023764,11.693181820235928
CUST000674,,,,,,,0,0,0,,19,34185.61,1799.2426315789473,9008.3,140.54,0,0,19,5,8,1,0,26.25,13.263185820040162
CUST000675,,,,,,,0,0,0,,20,32471.240000000005,1623.5620000000004,6971.83,26.23,0,0,20,3,5,0,0,17.50000211490035,12.600001213657457
CUST000676,,,,,,,0,0,0,,17,16060.16,944.7152941176471,4350.46,55.16,0,0,17,7,6,0,0,14.000000000818057,12.147058871768754
CUST000677,,,,,,,0,0,0,,33,37305.52,1130.4703030303028,5795.3,50.88,0,0,33,6,6,0,0,19.25,11.984848568426317
CUST000678,,,,,,,0,0,0,,26,19020.83,731.5703846153847,4228.11,44.53,0,0,25,6,7,0,0,14.00000000180298,11.5769230851243
CUST000679,,,,,,,0,0,0,,27,16568.72,613.6562962962963,2601.75,43.83,0,0,27,5,8,0,0,14.0,11.731481495675038
CUST000680,,,,,,,0,0,0,,24,20175.089999999997,840.6287499999999,5591.09,20.02,0,0,24,6,9,0,0,17.5,12.395833576922419
CUST000681,,,,,,,0,0,0,,26,12901.38,496.20692307692303,1464.38,39.54,0,0,26,10,7,0,0,14.0,11.778846329396734
CUST000682,,,,,,,0,0,0,,27,27573.09,1021.2255555555556,6198.69,42.37,0,0,27,4,7,0,0,19.25000006327739,11.925927818393987
CUST000683,,,,,,,0,0,0,,20,15228.02,761.4010000000001,4021.56,45.51,0,0,20,4,4,0,0,14.000000000001284,11.637500002171835
CUST000684,,,,,,,0,0,0,,26,27694.97,1065.1911538461538,5100.36,39.26,0,0,26,5,7,0,0,17.5,11.980770311421756
CUST000685,,,,,,,0,0,0,,24,13285.58,553.5658333333333,2881.25,19.91,0,0,24,5,6,0,0,12.250000000100584,11.52083336955395
CUST000686,,,,,,,0,0,0,,25,19010.55,760.422,3672.16,28.57,0,0,25,9,8,0,0,14.0,11.690000004535007
CUST000687,,,,,,,0,0,0,,31,55403.58000000001,1787.2122580645164,19411.08,10.67,0,0,31,8,5,0,0,22.751249690709106,12.476177325476751
CUST000688,,,,,,,0,0,0,,29,19606.8,676.096551724138,5454.11,14.91,0,0,29,7,7,0,0,17.5,12.068965622624418
CUST000689,,,,,,,0,0,0,,23,7409.249999999999,322.14130434782606,1034.45,73.13,0,0,23,8,7,0,0,12.250000018136104,11.717391305471267
CUST000690,,,,,,,0,0,0,,22,12399.63,563.6195454545455,3048.17,25.01,0,0,22,5,2,0,0,14.0,11.295454549882477
CUST000691,,,,,,,0,0,0,,32,27298.660000000003,853.0831250000001,5330.41,45.03,0,0,32,6,8,0,0,19.25,11.703146468141359
CUST000692,,,,,,,0,0,0,,20,17126.96,856.348,5197.4,11.35,0,0,20,6,6,0,0,19.25,11.900000000320441
CUST000693,,,,,,,0,0,0,,26,23377.420000000002,899.1315384615385,6358.13,113.58,0,0,26,8,6,0,0,19.25,11.980944691037054
CUST000694,,,,,,,0,0,0,,34,20111.57,591.5167647058823,2639.59,49.31,0,0,34,6,8,0,0,14.000000000001815,11.889705908034847
CUST000695,,,,,,,0,0,0,,26,15570.72,598.8738461538461,2674.75,27.13,0,0,26,6,5,0,0,14.000015312781793,11.644232566586673
CUST000696,,,,,,,0,0,0,,26,14833.710000000001,570.5273076923078,3087.44,11.89,0,0,26,7,7,0,0,14.0,11.644231203871055
CUST000697,,,,,,,0,0,0,,17,24176.77,1422.1629411764707,7130.27,101.13,0,0,17,5,6,0,0,19.25,12.250000031531796
CUST000698,,,,,,,0,0,0,,25,15385.52,615.4208,3851.54,52.14,0,0,24,6,5,0,0,14.000000017749782,11.620004412918751
CUST000699,,,,,,,0,0,0,,22,25345.48,1152.0672727272727,10646.98,23.14,0,0,22,7,6,0,0,19.25,12.329545489633595
CUST000700,,,,,,,0,0,0,,23,15183.119999999997,660.135652173913,3232.83,47.85,0,0,23,6,6,0,0,14.0,11.41304349869496
CUST000701,,,,,,,0,0,0,,26,13629.159999999998,524.1984615384615,1959.85,22.12,0,0,26,7,7,0,0,14.0,11.644230804541033
CUST000702,,,,,,,0,0,0,,28,14835.099999999999,529.8249999999999,3144.91,14.24,0,0,28,6,9,0,0,14.000000018807242,11.81250000405532
CUST000703,,,,,,,0,0,0,,30,14518.42,483.94733333333335,2346.36,19.64,0,0,30,10,6,0,0,14.000005527293338,11.900003508382962
CUST000704,,,,,,,0,0,1,,18,7779.78,432.21,993.85,89.08,0,0,17,8,4,13,0,26.750000001359,25.000000000270354
CUST000705,,,,,,,0,0,0,,27,13004.8,481.6592592592592,2214.85,22.73,0,0,27,7,6,0,0,14.00000532914684,11.731481889696463
CUST000706,,,,,,,0,0,0,,18,9890.68,549.4822222222223,1739.95,42.28,0,0,18,6,3,0,0,14.0000000002554,11.861111362045712
CUST000707,,,,,,,0,0,0,,28,19929.559999999998,711.7699999999999,3082.95,20.4,0,0,28,7,8,0,0,14.000000001136332,11.687500003486722
CUST000708,,,,,,,0,0,0,,21,16306.91,776.5195238095238,3608.95,83.48,0,0,21,5,4,0,0,14.0,11.416666700012428
CUST000709,,,,,,,0,0,0,,27,33194.67,1229.4322222222222,5774.34,58.22,0,0,27,5,8,0,0,17.5,11.861113742395915
CUST000710,,,,,,,0,0,0,,25,12695.779999999999,507.83119999999997,3385.0,17.58,0,0,25,7,5,0,0,14.000000000048516,11.690000000008162
CUST000711,,,,,,,0,0,0,,22,14550.820000000002,661.4009090909092,5678.8,28.71,0,0,22,5,5,0,0,17.5,11.693181827111902
CUST000712,,,,,,,0,0,0,,32,33370.28999999999,1042.8215624999998,7232.34,11.31,0,0,32,5,4,0,0,17.500005617345145,11.81250018645768
CUST000713,,,,,,,0,0,1,,18,7779.84,432.21333333333337,1610.54,10.52,0,0,18,4,4,9,0,26.75,24.222222222229902
CUST000714,,,,,,,0,0,0,,28,16787.49,599.5532142857144,3055.51,30.55,0,0,28,4,8,0,0,14.0,11.562500230068618
CUST000715,,,,,,,0,0,0,,23,18429.670000000002,801.2900000000001,7490.85,30.02,0,0,23,7,7,0,0,24.5,12.326086961697506
CUST000716,,,,,,,0,0,0,,23,11518.16,500.78956521739127,2043.04,19.78,0,0,23,4,6,0,0,14.0,11.641305672799596
CUST000717,,,,,,,0,0,0,,24,14594.669999999998,608.1112499999999,2627.14,66.01,0,0,24,7,8,0,0,14.0,11.666667399447784
CUST000718,,,,,,,0,0,0,,27,22706.4,840.9777777777779,6265.57,30.33,0,0,27,7,4,0,0,21.0,11.86111111332784
CUST000719,,,,,,,0,0,0,,33,29315.02,888.3339393939394,3637.31,45.13,0,0,33,11,7,0,0,14.0,11.772736615713915
CUST000720,,,,,,,0,0,0,,20,25907.520000000004,1295.3760000000002,17187.65,37.1,0,0,20,7,6,0,0,19.25000000034785,12.250000000029255
CUST000721,,,,,,,1,0,0,,22,18545.440000000002,842.9745454545456,6985.99,43.24,0,0,22,9,3,22,0,37.0,27.931818181900884
CUST000722,,,,,,,0,0,0,,25,14434.590000000002,577.3836000000001,4758.2,51.18,0,0,24,7,6,0,0,12.25000017513162,11.55000002780297
CUST000723,,,,,,,0,0,0,,18,9127.859999999999,507.10333333333324,2495.99,38.1,0,0,18,6,4,0,0,14.0,12.152777777805323
CUST000724,,,,,,,0,0,0,,26,15062.99,579.3457692307692,3196.57,26.38,0,0,26,3,8,0,0,14.000000207184442,11.442308715533805
CUST000725,,,,,,,0,0,0,,27,16741.12,620.0414814814815,3516.31,9.2,0,0,27,5,7,0,0,14.0,11.925934824922527
CUST000726,,,,,,,1,0,0,,20,9316.180000000002,465.8090000000001,1570.43,5.12,0,0,20,5,4,20,0,30.0,27.725000129001494
CUST000727,,,,,,,0,0,0,,35,30467.879999999997,870.510857142857,5499.28,20.55,0,0,34,11,5,0,0,19.25,12.100002355907785
CUST000728,,,,,,,0,0,0,,22,13244.810000000001,602.0368181818183,2940.36,40.45,0,0,22,7,7,0,0,14.0,11.931827853516898
CUST000729,,,,,,,0,0,0,,33,22733.58,688.8963636363637,3951.83,59.31,0,0,33,10,7,0,0,14.000000009884989,11.666666765972215
CUST000730,,,,,,,0,0,0,,20,24058.65,1202.9325000000001,8371.44,30.15,0,0,20,5,6,0,0,24.5,12.600000000000652
CUST000731,,,,,,,0,0,0,,22,19884.89,903.8586363636364,5212.34,39.37,0,0,22,7,6,0,0,19.25,12.250000014582518
CUST000732,,,,,,,0,0,1,,28,26721.639999999996,954.3442857142855,10577.21,5.0,0,0,28,5,8,18,0,35.5,24.8750000002315
CUST000733,,,,,,,1,0,0,,31,21688.5,699.6290322580645,3937.76,47.47,0,0,31,6,8,31,0,30.0,27.854838709893155
CUST000734,,,,,,,0,0,0,,23,15208.349999999999,661.2326086956521,2669.24,31.85,0,0,23,4,7,0,0,12.250012113807232,11.489131652707579
CUST000735,,,,,,,0,0,0,,26,20562.99,790.8842307692308,6476.16,21.42,0,0,26,6,5,0,0,17.5,12.11538479401685
CUST000736,,,,,,,0,0,0,,32,34422.37,1075.6990625,12540.02,5.0,0,0,32,8,9,0,0,19.250095602625983,11.976569380723724
CUST000737,,,,,,,0,0,0,,19,9782.900000000001,514.8894736842107,3364.69,31.4,0,0,19,6,6,0,0,14.0,11.697368436222115
CUST000738,,,,,,,0,0,1,,35,22014.55,628.9871428571429,4234.75,21.31,0,0,35,7,10,29,0,26.7500000002101,24.900000208310896
CUST000739,,,,,,,0,0,0,,22,24616.949999999997,1118.9522727272727,9910.17,48.16,0,0,22,4,6,1,0,29.750000295359683,12.32954628486139
CUST000740,,,,,,,0,0,0,,41,31864.32,777.1785365853658,5123.65,24.84,0,0,41,8,7,0,0,19.25,11.951260364235637
CUST000741,,,,,,,0,0,0,,29,36774.770000000004,1268.0955172413794,5683.26,113.81,0,0,28,5,8,0,0,19.25,12.068965868163085
CUST000742,,,,,,,0,0,0,,25,11452.380000000001,458.09520000000003,1952.54,29.74,0,0,25,8,7,0,0,14.000000365570347,11.900000014866961
CUST000743,,,,,,,0,0,0,,19,11763.42,619.1273684210527,3212.67,15.73,0,0,19,4,8,0,0,14.0,11.69737663432868
CUST000744,,,,,,,0,0,0,,20,17146.14,857.307,4620.85,30.02,0,0,20,4,4,0,0,12.25000000130013,11.462500035594788
CUST000745,,,,,,,0,0,0,,16,9157.74,572.35875,3455.21,55.2,0,0,16,4,3,0,0,14.0,11.484375001694776
CUST000746,,,,,,,0,0,0,,38,24972.67,657.1755263157894,3794.47,11.63,0,0,38,9,9,0,0,14.000000563568086,11.605263294724198
CUST000747,,,,,,,0,0,0,,26,24624.300000000003,947.0884615384616,5316.28,45.43,0,0,26,7,7,0,0,19.25,11.980919150560096
CUST000748,,,,,,,0,0,0,,20,24569.359999999997,1228.4679999999998,5730.72,61.16,0,0,20,6,5,0,0,19.25,12.075002889444054
CUST000749,,,,,,,0,0,0,,21,10090.27,480.48904761904765,2019.32,11.98,0,0,21,6,7,0,0,14.0,11.916666703980148
CUST000750,,,,,,,0,0,0,,14,5741.4,410.09999999999997,1252.24,39.96,0,0,14,3,3,0,0,12.25,11.000000034020117
CUST000751,,,,,,,0,0,0,,20,11909.3,595.4649999999999,3021.24,55.78,0,0,20,5,5,0,0,14.0,11.812500147272797
CUST000752,,,,,,,0,0,0,,25,12372.800000000001,494.91200000000003,2276.0,33.64,0,0,25,4,7,0,0,14.0,11.620002329645809
CUST000753,,,,,,,0,0,0,,28,17409.73,621.7760714285714,4737.06,38.9,0,0,28,8,6,0,0,14.0,11.87500003513196
CUST000754,,,,,,,0,0,0,,25,18820.690000000002,752.8276000000001,8493.58,23.22,0,0,25,7,7,0,0,22.75,12.110000001814802
CUST000755,,,,,,,0,0,0,,20,12445.56,622.278,2023.69,97.12,0,0,20,5,7,0,0,12.250014179943756,11.637500782288944
CUST000756,,,,,,,1,0,0,,38,36013.58,947.7257894736842,8210.45,11.03,0,0,38,9,6,38,0,45.75,28.526318445196537
CUST000757,,,,,,,0,0,0,,25,22466.370000000003,898.6548000000001,8869.76,75.68,0,0,25,6,7,0,0,24.5,11.970000000367481
CUST000758,,,,,,,0,0,0,,24,10287.29,428.63708333333335,1996.68,34.65,0,0,24,9,5,0,0,14.0,11.739583482191284
CUST000759,,,,,,,0,0,0,,22,34614.470000000016,1573.3850000000007,17846.05,130.91,0,0,22,4,5,0,0,17.5,11.693182744094797
CUST000760,,,,,,,0,0,0,,27,14541.02,538.5562962962963,2448.26,12.15,0,0,27,7,6,0,0,14.000000000110782,11.601852187989444
CUST000761,,,,,,,0,0,0,,26,14422.890000000001,554.7265384615386,2312.1,19.55,0,0,26,8,7,0,0,14.000000014240564,11.711538462158432
CUST000762,,,,,,,0,0,0,,24,8424.73,351.03041666666667,920.47,19.12,0,0,24,6,4,0,0,14.000000000317309,11.739583419503338
CUST000763,,,,,,,0,0,0,,19,13366.039999999999,703.4757894736841,3757.42,24.99,0,0,19,6,7,0,0,14.0,12.250000024082151
CUST000764,,,,,,,0,0,0,,23,8546.779999999999,371.5991304347826,1328.79,17.98,0,0,23,7,6,0,0,14.0,11.945652174075299
CUST000765,,,,,,,0,0,0,,30,17780.090000000004,592.6696666666668,2533.31,48.51,0,0,30,7,7,0,0,14.0,11.550004717158464
CUST000766,,,,,,,0,0,0,,24,11778.61,490.7754166666667,2478.07,21.72,0,0,24,6,8,0,0,14.0,11.5937502348582
CUST000767,,,,,,,0,0,0,,24,14791.720000000001,616.3216666666667,2546.2,29.83,0,0,24,7,8,0,0,14.0,11.95833565261683
CUST000768,,,,,,,0,0,0,,22,19276.030000000002,876.1831818181819,4389.2,24.16,0,0,22,5,7,0,0,14.0,11.772727277110226
CUST000769,,,,,,,0,0,0,,21,18304.13,871.6252380952382,5647.53,18.28,0,0,21,7,5,0,0,21.0,12.50000010189031
CUST000770,,,,,,,0,0,0,,32,27503.540000000005,859.4856250000001,5497.85,12.17,0,0,32,8,6,0,0,17.5,11.812500016767455
CUST000771,,,,,,,0,0,0,,35,24186.94,691.0554285714285,2586.55,15.72,0,0,35,8,7,0,0,14.0000000847595,11.850000020751741
CUST000772,,,,,,,0,0,0,,21,13082.02,622.9533333333334,4318.51,30.71,0,0,21,4,4,0,0,17.5,11.75
CUST000773,,,,,,,1,0,0,,14,5259.240000000002,375.66000000000014,825.69,68.71,0,0,14,6,4,14,0,30.0,27.875000000000142
CUST000774,,,,,,,0,0,0,,32,16288.26,509.008125,3441.99,22.71,0,0,32,6,7,0,0,14.0,11.593751473479916
CUST000775,,,,,,,0,0,0,,25,20186.68,807.4672,6695.51,24.0,0,0,25,6,4,0,0,19.25,12.040000178430267
CUST000776,,,,,,,0,0,0,,28,36226.28999999999,1293.7960714285712,16287.36,26.99,0,0,28,5,6,0,0,19.25,11.625061487989104
CUST000777,,,,,,,0,0,0,,23,11863.17,515.79,4170.99,39.6,0,0,23,6,4,0,0,14.0,11.793478261178995
CUST000778,,,,,,,0,0,0,,22,18345.559999999998,833.8890909090908,4370.87,24.97,0,0,22,6,7,0,0,14.0,11.852272727308634
CUST000779,,,,,,,0,0,0,,20,29709.010000000002,1485.4505000000001,9852.38,31.72,0,0,20,2,7,0,0,17.5,5.250000575865735
CUST000780,,,,,,,0,0,0,,23,25418.04,1105.1321739130435,7051.35,18.17,0,0,23,3,5,0,0,19.25,11.489142932842663
CUST000781,,,,,,,0,0,0,,25,11249.16,449.9664,1226.01,55.8,0,0,25,10,5,0,0,12.25,11.620000122494297
CUST000782,,,,,,,0,0,0,,21,15806.650000000001,752.6976190476191,1858.9,43.79,0,0,21,6,4,0,0,14.0,11.916672130406551
CUST000783,,,,,,,0,0,0,,31,17092.67,551.3764516129032,2481.73,15.28,0,0,31,9,7,0,0,14.0,11.57258066230166
CUST000784,,,,,,,0,0,0,,29,12708.02,438.20758620689656,2666.87,23.36,0,0,29,4,4,0,0,14.000000000000092,11.465517705221014
CUST000785,,,,,,,0,0,1,,23,16295.03,708.4795652173914,5814.66,19.53,0,0,22,4,6,12,0,30.25,24.69565217485402
CUST000786,,,,,,,0,0,0,,25,16438.56,657.5424,3592.85,31.9,0,0,25,8,5,0,0,12.25000000045324,11.550000439957328
CUST000787,,,,,,,0,0,0,,19,10919.999999999998,574.736842105263,2908.7,39.39,0,0,19,6,6,0,0,14.000000025498052,11.973684393381706
CUST000788,,,,,,,0,0,0,,23,19229.829999999998,836.0795652173912,3621.12,25.19,0,0,23,4,6,0,0,14.0,11.717466141913286
CUST000789,,,,,,,0,0,0,,28,22963.27,820.1167857142857,4651.0,29.41,0,0,28,5,7,0,0,14.0,11.563106859177141
CUST000790,,,,,,,0,0,0,,24,15244.75,635.1979166666666,2770.85,29.74,0,0,24,7,4,0,0,14.0,11.3020833439162
CUST000791,,,,,,,0,0,0,,23,28173.179999999993,1224.9208695652171,7976.28,120.43,0,0,23,6,7,0,0,19.25,12.326089032690815
CUST000792,,,,,,,0,0,0,,23,14569.789999999999,633.4691304347825,5318.98,27.09,0,0,23,4,5,0,0,17.5,11.869565217572458
CUST000793,,,,,,,0,0,0,,23,20726.82,901.1660869565218,9877.7,12.55,0,0,23,7,4,1,0,26.25,11.793478666359203
CUST000794,,,,,,,0,0,0,,20,13195.360000000002,659.7680000000001,2924.88,44.0,0,0,20,6,2,0,0,14.0,11.462500011249492
CUST000795,,,,,,,0,0,0,,29,21194.24,730.8358620689655,7735.48,30.11,0,0,29,7,6,0,0,17.5,11.827586211644693
CUST000796,,,,,,,0,0,0,,24,16267.759999999998,677.8233333333333,3753.32,10.61,0,0,24,6,6,0,0,14.0,11.95833335712635
CUST000797,,,,,,,0,0,0,,27,14193.860000000002,525.6985185185187,2741.78,27.64,0,0,27,7,7,0,0,14.0,11.731482882344514
CUST000798,,,,,,,0,0,0,,22,12403.35,563.7886363636363,2515.07,44.09,0,0,22,4,6,0,0,14.0000000037178,11.295456568433451
CUST000799,,,,,,,0,0,0,,33,19224.059999999998,582.5472727272727,3065.86,37.0,0,0,33,6,8,0,0,14.0,11.45454549169815
CUST000800,,,,,,,0,0,0,,24,16629.29,692.8870833333334,3069.73,22.43,0,0,24,8,5,0,0,14.00000000058252,11.520833352441215
CUST000801,,,,,,,0,0,0,,18,9441.08,524.5044444444444,2260.02,15.59,0,0,18,3,7,0,0,14.0,12.055555559923066
CUST000802,,,,,,,0,0,0,,23,19591.219999999998,851.7921739130434,7613.61,72.54,0,0,23,5,7,0,0,17.500000033604948,11.869565439916968
CUST000803,,,,,,,1,0,0,,34,25524.420000000002,750.7182352941177,3640.57,41.98,0,0,34,8,8,34,0,30.0,27.37500000016375
CUST000804,,,,,,,0,0,0,,23,12491.619999999999,543.1139130434782,2851.25,47.98,0,0,23,6,6,0,0,14.000000001940824,12.17391307512795
CUST000805,,,,,,,0,0,0,,35,22871.349999999995,653.4671428571427,3224.49,29.62,0,0,35,9,8,0,0,17.5,11.95000000030519
CUST000806,,,,,,,0,0,0,,28,19830.540000000005,708.2335714285716,3861.0,31.57,0,0,28,5,9,0,0,14.0,11.875000070580802
CUST000807,,,,,,,0,0,0,,24,21952.01,914.6670833333333,3450.51,12.81,0,0,24,9,8,0,0,14.000000010207314,11.885476370373553
CUST000808,,,,,,,0,0,0,,31,28335.16,914.0374193548387,8731.28,32.45,0,0,31,6,7,1,0,28.0,12.3064516304398
CUST000809,,,,,,,0,0,0,,21,17240.099999999995,820.9571428571426,3707.96,46.67,0,0,21,4,5,0,0,14.0,11.333335326205006
CUST000810,,,,,,,0,0,0,,17,12761.12,750.6541176470589,2643.01,45.73,0,0,17,4,4,0,0,14.0,11.323529411843316
CUST000811,,,,,,,0,0,0,,23,21925.81,953.2960869565218,4436.24,45.25,0,0,23,5,6,0,0,17.5,11.793478274821927
CUST000812,,,,,,,0,0,0,,18,8245.760000000002,458.0977777777779,1266.25,15.43,0,0,18,6,5,0,0,14.0,11.569444656021528
CUST000813,,,,,,,0,0,0,,28,22229.76,793.92,4624.11,67.75,0,0,28,7,7,0,0,14.0,11.62500012192882
CUST000814,,,,,,,0,0,0,,19,5943.03,312.7910526315789,2049.76,72.42,0,0,19,6,5,0,0,14.0,11.51315789486542
CUST000815,,,,,,,0,0,1,,28,17709.96,632.4985714285714,4358.02,43.32,0,0,28,6,6,16,0,26.750000323805367,24.437500022403434
CUST000816,,,,,,,0,0,0,,26,15163.89,583.2265384615384,2843.19,32.06,0,0,26,5,8,0,0,14.000000003199755,11.778899997558021
CUST000817,,,,,,,0,0,0,,20,24315.469999999998,1215.7734999999998,5657.57,85.37,0,0,20,4,5,0,0,17.5,11.900254396594072
CUST000818,,,,,,,0,0,0,,12,12565.970000000001,1047.1641666666667,4554.01,34.86,0,0,12,6,4,0,0,14.0,11.666666845441513
CUST000819,,,,,,,0,0,0,,18,9139.060000000001,507.7255555555556,2820.28,13.68,0,0,18,4,5,0,0,14.000000002418137,11.472222222543936
CUST000820,,,,,,,0,0,0,,23,21394.06,930.1765217391305,6966.13,90.38,0,0,23,7,6,0,0,19.25,12.173913100030378
CUST000821,,,,,,,0,0,0,,25,28490.249999999996,1139.61,7414.84,46.69,0,0,25,5,9,0,0,17.5,11.97000090265415
CUST000822,,,,,,,0,0,0,,25,24307.170000000002,972.2868000000001,8753.53,10.35,0,0,25,8,7,2,0,31.5,13.16000000491599
CUST000823,,,,,,,0,0,0,,22,14869.769999999999,675.8986363636363,4091.06,60.08,0,0,22,5,5,0,0,14.0,11.852272741934955
CUST000824,,,,,,,0,0,0,,24,19228.2,801.1750000000001,4355.44,13.65,0,0,24,5,4,0,0,14.0,11.593750141861554
CUST000825,,,,,,,0,0,0,,27,16671.57,617.4655555555555,2766.64,38.69,0,0,27,8,7,0,0,14.0,11.601851858636
CUST000826,,,,,,,0,0,0,,16,28323.1,1770.19375,10718.38,132.96,0,0,16,8,3,1,0,26.25,13.671875
CUST000827,,,,,,,0,0,0,,24,17182.239999999998,715.9266666666666,3189.41,33.68,0,0,24,8,5,0,0,12.25002398011248,11.739584335574039
CUST000828,,,,,,,0,0,0,,16,7917.5599999999995,494.84749999999997,1508.34,30.43,0,0,16,5,6,0,0,14.0,12.031250086559972
CUST000829,,,,,,,0,0,0,,30,12323.359999999999,410.77866666666665,2003.16,35.82,0,0,30,6,9,0,0,14.0,11.95833333337651
CUST000830,,,,,,,0,0,0,,28,17217.19,614.8996428571428,2537.93,11.71,0,0,28,6,7,0,0,14.0,11.562500372549668
CUST000831,,,,,,,0,0,0,,19,12513.670000000002,658.6142105263159,3809.52,61.24,0,0,19,5,4,0,0,14.000000000084723,11.881579500872643
CUST000832,,,,,,,0,0,0,,25,23410.53,936.4212,4749.46,83.78,0,0,25,6,3,0,0,12.250010026495188,11.2700012696606
CUST000833,,,,,,,0,0,0,,19,15047.269999999999,791.9615789473684,4240.32,47.42,0,0,19,6,5,0,0,14.0,11.69737053428378
CUST000834,,,,,,,0,0,0,,22,11009.390000000001,500.42681818181825,1423.73,57.6,0,0,22,4,8,0,0,14.0,11.693181823278405
CUST000835,,,,,,,0,0,0,,22,9650.720000000001,438.669090909091,1807.17,32.57,0,0,22,3,6,0,0,14.0,11.534091116074809
CUST000836,,,,,,,0,0,0,,33,36345.030000000006,1101.3645454545456,13068.75,38.69,0,0,33,6,9,0,0,19.25,11.984852407956346
CUST000837,,,,,,,0,0,0,,29,30455.97,1050.2058620689656,6866.11,29.99,0,0,29,4,8,0,0,17.5,11.706897384996578
CUST000838,,,,,,,0,0,0,,28,17958.44,641.3728571428571,3028.48,6.51,0,0,28,6,5,0,0,14.0,11.625001879802644
CUST000839,,,,,,,0,0,0,,20,8060.47,403.0235,1692.89,63.69,0,0,20,6,7,0,0,12.250000000003546,11.550000020121562
CUST000840,,,,,,,0,0,0,,26,16865.46,648.6715384615384,4317.88,31.17,0,0,26,6,6,0,0,14.000000000001272,11.644230771220245
CUST000841,,,,,,,0,0,0,,22,16084.039999999999,731.0927272727272,3562.28,21.87,0,0,22,4,6,0,0,12.250055773520833,11.37500253521067
CUST000842,,,,,,,0,0,1,,21,18664.060000000005,888.7647619047622,6373.64,9.67,0,0,21,7,5,12,0,30.25,24.583333333939187
CUST000843,,,,,,,0,0,0,,30,24220.280000000002,807.3426666666668,4717.38,62.42,0,0,30,6,8,0,0,14.0,11.666667596370443
CUST000844,,,,,,,0,0,0,,26,16829.13,647.2742307692308,2702.0,49.22,0,0,26,8,5,0,0,14.000000031767732,11.84615390864591
CUST000845,,,,,,,0,0,0,,20,16512.15,825.6075000000001,5678.52,73.44,0,0,20,3,6,0,0,19.25,12.07500059592796
CUST000846,,,,,,,0,0,0,,22,19903.300000000007,904.6954545454548,3877.67,30.5,0,0,22,4,5,0,0,14.0,11.534090909091418
CUST000847,,,,,,,0,0,0,,25,18807.56,752.3024,3961.09,35.62,0,0,25,3,10,0,0,14.0,11.760000000650843
CUST000848,,,,,,,0,0,0,,20,17294.8,864.74,3179.17,37.95,0,0,20,8,4,0,0,14.000000000862162,11.725000118882509
CUST000849,,,,,,,0,0,0,,28,20642.33,737.2260714285715,6881.62,6.62,0,0,28,6,8,0,0,19.25,11.875000480154977
CUST000850,,,,,,,0,0,0,,25,25210.0,1008.4,8210.76,67.19,0,0,25,6,7,0,0,24.50006258933114,12.390011917289483
CUST000851,,,,,,,0,0,0,,26,18112.760000000006,696.6446153846156,4601.04,21.1,0,0,26,7,9,0,0,14.000000077271023,11.846154778208017
CUST000852,,,,,,,0,0,0,,31,34761.85,1121.35,6813.07,40.0,0,0,31,10,9,0,0,19.250068106942837,12.250003455754742
CUST000853,,,,,,,0,0,0,,20,35446.850000000006,1772.3425000000002,27432.5,29.01,0,0,20,6,6,0,0,22.75,12.4250000000179
CUST000854,,,,,,,0,0,0,,20,13162.020000000002,658.1010000000001,3667.64,60.2,0,0,20,5,4,0,0,14.0,11.37500008486413
CUST000855,,,,,,,0,0,0,,32,20555.559999999998,642.3612499999999,2940.71,18.91,0,0,32,9,9,0,0,14.0,11.86718787746889
CUST000856,,,,,,,0,0,0,,25,22626.960000000003,905.0784000000001,7031.1,25.86,0,0,25,8,5,0,0,19.25,12.110000355310383
CUST000857,,,,,,,1,0,0,,18,18198.719999999998,1011.0399999999998,4309.83,23.01,0,0,18,4,4,18,0,33.5,28.05555555568937
CUST000858,,,,,,,0,0,0,,14,13107.25,936.2321428571429,4772.22,62.41,0,0,14,3,4,0,0,12.25,11.5
CUST000859,,,,,,,0,0,0,,20,16128.309999999998,806.4154999999998,5508.74,49.56,0,0,20,5,8,0,0,17.5,12.16250032211214
CUST000860,,,,,,,1,0,0,,18,18295.35,1016.4083333333333,4451.7,58.49,0,0,18,5,7,18,0,28.25000000000543,27.7638888888999
CUST000861,,,,,,,0,0,0,,19,9242.77,486.4615789473684,1570.29,16.17,0,0,19,6,7,0,0,12.250001942016556,11.421052775292985
CUST000862,,,,,,,0,0,0,,25,20537.4,821.4960000000001,4704.84,9.24,0,0,25,7,7,0,0,14.000000167147537,11.55000001020251
CUST000863,,,,,,,0,0,0,,27,14439.12,534.7822222222222,2547.26,23.67,0,0,27,8,5,0,0,14.000002804232096,11.666666787229932
CUST000864,,,,,,,0,0,0,,32,23212.050000000003,725.3765625000001,4638.24,29.42,0,0,32,6,6,0,0,14.0,11.484401582749715
CUST000865,,,,,,,0,0,0,,31,26685.369999999995,860.818387096774,4868.08,39.66,0,0,30,8,9,0,0,14.000000000688113,12.024193548812635
CUST000866,,,,,,,0,0,0,,16,12619.82,788.73875,3272.24,43.01,0,0,16,5,3,0,0,14.000000000552456,11.593750000612484
CUST000867,,,,,,,0,0,0,,23,9971.210000000001,433.5308695652174,1169.81,18.28,0,0,23,8,9,0,0,14.0,12.021739163533699
CUST000868,,,,,,,0,0,0,,28,12927.920000000002,461.71142857142866,2044.93,13.07,0,0,28,5,6,0,0,14.0,11.500000049707646
CUST000869,,,,,,,0,0,0,,17,11471.8,674.8117647058823,4151.87,47.05,0,0,17,6,3,0,0,14.0,11.735294165551256
CUST000870,,,,,,,0,0,0,,22,9216.16,418.91636363636366,1332.15,35.98,0,0,22,6,6,0,0,14.000000000023023,11.85227272952384
CUST000871,,,,,,,1,0,0,,23,9765.99,424.6082608695652,1099.72,16.29,0,0,23,7,7,23,0,30.0,27.717391304364117
CUST000872,,,,,,,0,0,0,,29,28685.830000000005,989.1665517241381,11080.36,11.47,0,0,29,7,7,0,0,19.25,12.008620805144055
CUST000873,,,,,,,0,0,0,,19,9182.61,483.2952631578948,1849.43,46.71,0,0,19,4,6,0,0,14.000000000080188,11.23684212646841
CUST000874,,,,,,,0,0,0,,24,15389.48,641.2283333333334,5020.48,29.26,0,0,24,5,5,0,0,19.25,11.593750015888842
CUST000875,,,,,,,0,0,0,,23,12308.15,535.1369565217391,2003.47,48.89,0,0,23,6,7,0,0,14.00000000001002,11.793480794815581
CUST000876,,,,,,,0,0,0,,16,12581.880000000001,786.3675000000001,3546.26,37.26,0,0,16,5,3,0,0,12.25,11.04687515968628
CUST000877,,,,,,,0,0,0,,27,29159.449999999997,1079.9796296296295,7841.6,34.47,0,0,27,7,8,0,0,19.25,12.444452664735948
CUST000878,,,,,,,0,0,0,,17,12638.470000000001,743.4394117647059,2229.1,16.02,0,0,17,3,8,0,0,14.0,12.044119373630581
CUST000879,,,,,,,0,0,0,,32,14998.45,468.7015625,3360.0,9.6,0,0,32,6,6,0,0,14.0,11.703125500536249
CUST000880,,,,,,,0,0,0,,25,21117.01,844.6804,6569.22,34.15,0,0,25,7,8,0,0,17.5,12.39000000492746
CUST000881,,,,,,,0,0,0,,21,13823.589999999998,658.2661904761904,3312.43,85.26,0,0,21,5,5,0,0,14.0,11.750012394272304
CUST000882,,,,,,,0,0,0,,26,23745.94,913.3053846153846,5806.71,51.45,0,0,26,7,8,0,0,17.50000093663075,12.317337624741613
CUST000883,,,,,,,0,0,0,,19,14167.27,745.6457894736842,4124.68,31.41,0,0,19,6,4,0,0,14.0,11.605263158795688
CUST000884,,,,,,,0,0,0,,23,12902.77,560.99,2469.77,9.05,0,0,23,6,6,0,0,14.000000011382292,11.869565327485764
CUST000885,,,,,,,0,0,0,,23,24342.120000000003,1058.353043478261,6503.37,12.07,0,0,23,5,7,0,0,19.250000000372715,12.097826182528863
CUST000886,,,,,,,0,0,0,,21,9514.6,453.0761904761905,2213.29,29.64,0,0,21,8,6,0,0,14.000000704618763,11.750000050733503
CUST000887,,,,,,,0,0,0,,29,12588.800000000003,434.096551724138,1734.07,8.31,0,0,29,7,7,0,0,14.000000048938928,11.586206898866166
CUST000888,,,,,,,0,0,0,,20,25696.839999999997,1284.8419999999999,5619.31,118.3,0,0,20,5,7,0,0,24.5,12.33750057894996
CUST000889,,,,,,,0,0,0,,28,27056.010000000002,966.2860714285715,3579.27,46.44,0,0,28,6,8,0,0,14.000000069086331,12.062500003751095
CUST000890,,,,,,,0,0,0,,29,23529.89,811.3755172413793,3945.26,33.09,0,0,29,8,9,0,0,14.00000018045343,11.948275872911717
CUST000891,,,,,,,0,0,0,,21,12978.24,618.0114285714286,3161.6,14.67,0,0,21,5,7,0,0,14.000000000010363,11.833333362955202
CUST000892,,,,,,,0,0,0,,21,17030.739999999998,810.987619047619,5675.19,51.38,0,0,21,8,7,0,0,19.250000000021394,12.083334038260622
CUST000893,,,,,,,0,0,0,,18,6395.09,355.28277777777777,962.58,47.03,0,0,18,5,6,0,0,12.250000001829022,11.277777780125104
CUST000894,,,,,,,0,0,0,,18,10369.9,576.1055555555555,3187.05,68.21,0,0,18,4,4,0,0,14.0,11.666667737461495
CUST000895,,,,,,,0,0,0,,15,9970.580000000002,664.7053333333334,1597.14,110.47,0,0,15,5,5,0,0,14.000000009063882,11.900000110907682
CUST000896,,,,,,,0,0,0,,26,34623.05,1331.6557692307692,11627.34,17.91,0,0,26,6,5,0,0,21.0,12.317327429960974
CUST000897,,,,,,,0,0,0,,24,21334.25,888.9270833333334,4069.57,84.11,0,0,24,8,10,0,0,14.000000001665482,11.958357967656445
CUST000898,,,,,,,0,0,0,,32,33988.03,1062.1259375,12535.67,35.12,0,0,32,9,6,0,0,19.25,11.812501222249791
CUST000899,,,,,,,0,0,0,,27,19550.9,724.1074074074074,4882.62,21.22,0,0,27,6,9,0,0,15.749999999999998,11.861111111248816
CUST000900,,,,,,,0,0,0,,24,8742.12,364.25500000000005,1959.05,10.35,0,0,24,6,6,0,0,14.0,11.447916833715917
CUST000901,,,,,,,0,0,0,,24,12103.84,504.32666666666665,3152.25,14.52,0,0,24,7,7,0,0,14.000000000106768,12.104166698630863
CUST000902,,,,,,,0,0,0,,21,13619.519999999999,648.5485714285713,1144.9,56.5,0,0,21,5,7,0,0,14.0,11.750000146156138
CUST000903,,,,,,,0,0,0,,25,13290.92,531.6368,2171.04,65.85,0,0,25,5,7,0,0,14.000000747482188,11.900000081856268
CUST000904,,,,,,,0,0,0,,18,8147.330000000001,452.6294444444445,3732.31,16.34,0,0,18,4,4,0,0,12.250000023738847,11.56944444582727
CUST000905,,,,,,,0,0,0,,33,24520.43,743.0433333333333,3118.21,21.84,0,0,33,10,7,0,0,14.000000020074838,11.825761366607503
CUST000906,,,,,,,0,0,0,,23,27276.109999999997,1185.9178260869564,9350.32,85.54,0,0,23,6,7,0,0,24.5,12.250001706933778
CUST000907,,,,,,,0,0,0,,20,21915.079999999998,1095.754,6654.67,115.1,0,0,20,5,7,0,0,19.25,11.900000203062735
CUST000908,,,,,,,0,0,0,,22,17488.97,794.9531818181819,4195.31,27.72,0,0,22,5,5,0,0,14.000000032261754,11.613642681949809
CUST000909,,,,,,,0,0,1,,24,22970.87,957.1195833333333,4128.19,27.75,0,0,24,7,5,16,0,26.75,24.635416678074012
CUST000910,,,,,,,0,0,0,,25,26737.34,1069.4936,6445.1,99.01,0,0,25,5,5,0,0,19.25,12.110000745952805
CUST000911,,,,,,,0,0,0,,20,9957.71,497.8855,2220.63,24.41,0,0,20,5,5,0,0,14.0,11.550000001734656
CUST000912,,,,,,,0,0,0,,27,13653.519999999999,505.68592592592586,2506.03,20.3,0,0,27,7,5,0,0,14.00000000005488,11.861111130710322
CUST000913,,,,,,,0,0,0,,24,12036.23,501.5095833333333,3221.87,20.71,0,0,24,7,5,0,0,14.0,11.375000005677668
CUST000914,,,,,,,0,0,0,,19,10019.8,527.357894736842,2077.93,13.41,0,0,19,7,5,0,0,14.0,11.789473686119225
CUST000915,,,,,,,0,0,0,,25,23367.86,934.7144000000001,6839.71,9.06,0,0,25,6,6,0,0,17.5,11.69000000142159
CUST000916,,,,,,,0,0,0,,30,39092.01,1303.067,11672.07,12.08,0,0,30,9,6,0,0,22.75,12.075001752759421
CUST000917,,,,,,,0,0,0,,30,29225.34,974.178,6042.48,43.96,0,0,30,5,9,0,0,24.5,12.308346636334669
CUST000918,,,,,,,0,0,0,,19,10593.190000000002,557.5363157894739,2018.56,32.33,0,0,19,4,5,0,0,14.0,11.421052670359364
CUST000919,,,,,,,0,0,0,,21,14519.89,691.4233333333333,3960.19,25.95,0,0,21,7,6,0,0,14.0,11.583333342244787
CUST000920,,,,,,,0,0,0,,19,13953.419999999998,734.3905263157894,3381.44,27.58,0,0,19,3,3,0,0,12.250000000248049,11.052635236082004
CUST000921,,,,,,,0,0,0,,17,8820.820000000002,518.8717647058825,2138.14,120.0,0,0,17,5,6,0,0,14.0,11.735294117754842
CUST000922,,,,,,,0,0,0,,24,16646.65,693.6104166666668,4810.36,64.48,0,0,24,6,4,0,0,14.000000000111202,11.520835034736095
CUST000923,,,,,,,0,0,0,,24,13092.18,545.5075,1629.16,24.87,0,0,24,8,5,0,0,12.250000017289128,11.447916827958279
CUST000924,,,,,,,0,0,0,,33,21254.64,644.0799999999999,8077.44,32.82,0,0,33,6,7,0,0,22.75,11.931823295484506
CUST000925,,,,,,,0,0,0,,30,22093.79,736.4596666666667,5853.89,37.89,0,0,30,7,8,0,0,19.250010112689107,11.958333780735012
CUST000926,,,,,,,0,0,0,,26,39064.27,1502.4719230769228,10221.49,57.11,0,0,26,6,8,0,0,24.5,13.259616202140112
CUST000927,,,,,,,0,0,0,,27,10310.05,381.8537037037037,1930.2,13.75,0,0,27,8,6,0,0,14.0,11.666666786987571
CUST000928,,,,,,,0,0,0,,26,9408.449999999999,361.8634615384615,1961.09,40.1,0,0,26,7,9,0,0,14.000000000176122,12.182692315917288
CUST000929,,,,,,,0,0,0,,14,7833.97,559.5692857142857,1556.04,16.26,0,0,14,5,3,0,0,14.000000009247524,11.625000000686866
CUST000930,,,,,,,0,0,0,,18,16481.829999999998,915.6572222222221,7246.23,69.94,0,0,18,4,4,0,0,19.25,11.569444454987604
CUST000931,,,,,,,0,0,0,,19,12388.130000000001,652.0068421052632,1874.8,42.48,0,0,19,4,5,0,0,14.00000000027811,11.421053017154291
CUST000932,,,,,,,0,0,0,,20,13088.560000000001,654.4280000000001,2849.17,27.69,0,0,20,7,3,0,0,14.0,11.462500000129852
CUST000933,,,,,,,0,0,0,,21,13675.35,651.2071428571429,3105.14,22.38,0,0,21,5,6,0,0,17.5,12.416680826556485
CUST000934,,,,,,,0,0,0,,24,13911.81,579.6587499999999,2204.31,51.72,0,0,24,6,5,0,0,12.250000421271222,11.375000027236311
CUST000935,,,,,,,0,0,0,,19,20814.0,1095.4736842105262,10206.7,54.05,0,0,19,7,3,0,0,17.5,12.065789473715093
CUST000936,,,,,,,0,0,0,,24,14884.39,620.1829166666666,2767.38,30.35,0,0,24,7,4,0,0,14.000000708085908,11.59381073005205
CUST000937,,,,,,,0,0,0,,25,22541.39,901.6555999999999,4475.17,24.83,0,0,25,6,4,0,0,14.0,11.550019765476685
CUST000938,,,,,,,0,0,0,,19,26323.31,1385.4373684210527,7466.35,20.9,0,0,19,5,5,0,0,24.500000002366043,13.263158954320657
CUST000939,,,,,,,1,0,0,,24,14617.61,609.0670833333334,2913.57,45.53,0,0,24,4,5,24,0,30.0,27.447916668482378
CUST000940,,,,,,,0,0,0,,15,8506.530000000002,567.1020000000002,3357.4,54.76,0,0,15,5,4,0,0,14.0,11.900000108817
CUST000941,,,,,,,0,0,0,,30,14513.339999999998,483.77799999999996,3021.19,26.23,0,0,30,6,7,0,0,14.0,11.491672452445204
CUST000942,,,,,,,0,0,0,,28,20692.850000000002,739.0303571428573,12021.63,32.15,0,0,28,7,6,0,0,19.25,11.812500044269939
CUST000943,,,,,,,0,0,0,,27,15806.230000000001,585.415925925926,2522.82,56.41,0,0,27,6,6,0,0,14.0,11.407407559148636
CUST000944,,,,,,,0,0,0,,21,24056.809999999998,1145.5623809523809,7381.57,48.04,0,0,21,7,5,0,0,19.25,12.000000408173364
CUST000945,,,,,,,0,0,0,,29,17503.520000000004,603.569655172414,5062.6,35.42,0,0,29,6,5,0,0,19.25,11.646560323790725
CUST000946,,,,,,,0,1,0,,27,10711.720000000001,396.7303703703704,2745.34,13.76,0,0,27,6,9,27,0,47.49999999999999,45.36111111115074
CUST000947,,,,,,,0,0,1,,21,11335.849999999999,539.8023809523809,1417.43,62.71,0,0,21,6,5,10,0,26.75000002857023,24.33333367724081
CUST000948,,,,,,,0,0,0,,22,19963.93,907.4513636363637,5077.97,38.69,0,0,22,6,5,0,0,19.25,12.01137237372218
CUST000949,,,,,,,0,0,0,,27,17480.39,647.4218518518518,3033.53,30.9,0,0,27,8,8,0,0,14.00000000000149,11.79629638521811
CUST000950,,,,,,,0,0,0,,29,25679.679999999997,885.5062068965516,7293.26,13.55,0,0,29,6,8,0,0,17.5,12.008620979412175
CUST000951,,,,,,,0,0,0,,26,22203.05,853.9634615384615,5304.53,51.53,0,0,26,4,5,0,0,22.75,11.98076926037017
CUST000952,,,,,,,0,0,0,,33,26192.55,793.7136363636364,6349.44,48.0,0,0,33,10,8,0,0,17.5,11.878787914275621
CUST000953,,,,,,,0,0,0,,24,14119.16,588.2983333333333,3776.1,52.14,0,0,24,6,7,0,0,12.250001084666286,11.375000084677287
CUST000954,,,,,,,0,0,1,,21,10847.15,516.5309523809524,2281.11,42.1,0,0,21,5,5,12,0,26.75,24.583334497947696
CUST000955,,,,,,,0,0,0,,17,15731.1,925.3588235294118,5503.27,25.52,0,0,17,6,6,0,0,17.5,12.455887785289837
CUST000956,,,,,,,0,0,0,,30,21854.989999999998,728.4996666666666,4756.82,23.22,0,0,30,6,8,0,0,14.000000008347047,11.725000155650127
CUST000957,,,,,,,0,0,0,,27,16301.3,603.7518518518518,2383.88,29.96,0,0,27,6,6,0,0,14.0,11.407407955649411
CUST000958,,,,,,,0,0,0,,19,29330.649999999998,1543.7184210526314,9788.85,37.11,0,0,19,5,8,0,0,24.5,12.894737516259363
CUST000959,,,,,,,0,0,0,,28,25297.290000000005,903.4746428571431,5515.54,23.26,0,0,28,6,7,0,0,17.500074456557332,11.750002698847197
CUST000960,,,,,,,0,0,1,,24,19396.39,808.1829166666666,3253.94,59.66,0,0,24,6,8,15,0,26.75000046118065,24.56250073798924
CUST000961,,,,,,,0,0,0,,21,8788.86,418.51714285714286,1837.32,45.0,0,0,21,6,4,0,0,14.000000000002265,11.333333344788441
CUST000962,,,,,,,0,0,0,,25,18800.819999999996,752.0327999999998,6514.71,38.43,0,0,25,8,4,0,0,17.5,12.04000001526944
CUST000963,,,,,,,0,0,0,,31,26426.149999999994,852.456451612903,8550.49,10.65,0,0,31,7,7,0,0,22.750764448435252,12.08067603321315
CUST000964,,,,,,,0,0,0,,27,17793.54,659.02,3561.78,17.04,0,0,27,6,7,0,0,14.0,11.731481515749708
CUST000965,,,,,,,0,0,0,,30,19706.520000000004,656.8840000000001,3232.41,14.68,0,0,30,9,6,0,0,14.000016160179598,11.958333875929572
CUST000966,,,,,,,0,0,0,,28,11270.53,402.5189285714286,1462.88,50.29,0,0,28,8,8,0,0,14.000000000166144,11.875000063329598
CUST000967,,,,,,,0,0,0,,24,12619.14,525.7975,4040.41,40.2,0,0,24,5,5,0,0,14.0,11.447916866327018
CUST000968,,,,,,,0,0,0,,31,14008.58,451.8896774193548,3691.75,62.38,0,0,31,7,7,0,0,14.0,11.911290389477927
CUST000969,,,,,,,0,0,0,,21,7952.33,378.6823809523809,1138.01,37.98,0,0,21,6,5,0,0,14.00000000047319,12.250013887373909
CUST000970,,,,,,,0,0,0,,29,19425.48,669.8441379310344,4358.7,28.22,0,0,29,8,4,0,0,14.0,11.887931068613515
CUST000971,,,,,,,0,0,0,,12,8745.739999999998,728.8116666666665,1849.31,82.4,0,0,12,4,4,0,0,12.250000000211836,11.375002105322944
CUST000972,,,,,,,0,0,0,,29,17037.23,587.4906896551724,3268.24,14.02,0,0,29,11,8,0,0,14.000000050989891,12.06896603896436
CUST000973,,,,,,,0,0,0,,27,25461.64,943.0237037037036,3193.97,42.71,0,0,27,5,8,0,0,14.0,11.731481938613616
CUST000974,,,,,,,1,0,0,,23,28052.429999999997,1219.6708695652173,5659.62,105.58,0,0,23,5,6,23,0,35.250000000318074,27.869565217500334
CUST000975,,,,,,,0,0,0,,28,30056.450000000004,1073.444642857143,15558.81,32.24,0,0,28,6,7,0,0,24.50000000484431,12.06250004189051
CUST000976,,,,,,,0,0,0,,27,18017.039999999997,667.2977777777777,3299.58,53.66,0,0,27,7,4,0,0,14.0,11.27777779303327
CUST000977,,,,,,,0,0,0,,19,18172.460000000003,956.4452631578948,10045.25,15.89,0,0,19,7,6,0,0,24.5,12.710526315822273
CUST000978,,,,,,,1,0,0,,19,21849.62,1149.98,4701.43,39.87,0,0,19,5,5,19,0,30.0,27.513157894737095
CUST000979,,,,,,,1,0,0,,17,8584.15,504.95,2139.47,41.25,0,0,17,4,7,17,0,30.0,28.14705882353338
CUST000980,,,,,,,0,0,0,,21,10364.46,493.54571428571427,2184.61,24.63,0,0,21,5,3,0,0,12.250000210531782,11.16667764954291
CUST000981,,,,,,,0,0,0,,22,10857.07,493.5031818181818,1403.35,42.03,0,0,22,7,6,0,0,14.000128837362752,11.85227859656622
CUST000982,,,,,,,0,0,0,,18,8619.160000000002,478.8422222222223,1566.42,33.52,0,0,18,7,6,0,0,14.0,11.958333333333334
CUST000983,,,,,,,1,0,0,,19,17212.95,905.9447368421053,3642.62,32.84,0,0,19,4,7,19,0,30.0,27.973684329039855
CUST000984,,,,,,,0,0,0,,23,10676.889999999998,464.2126086956521,1884.66,22.02,0,0,23,8,4,0,0,14.00000032653669,12.326087200989575
CUST000985,,,,,,,0,0,0,,32,29217.559999999998,913.0487499999999,3567.06,61.32,0,0,32,10,4,0,0,14.0,11.484375204845538
CUST000986,,,,,,,0,0,0,,28,18577.489999999998,663.4817857142856,2885.6,40.88,0,0,28,9,5,0,0,14.0,11.62505020396885
CUST000987,,,,,,,0,0,0,,27,15826.59,586.17,2222.96,60.27,0,0,27,8,7,0,0,14.000000006963692,11.925925952286608
CUST000988,,,,,,,0,0,0,,26,8625.13,331.7357692307692,1807.25,25.88,0,0,26,5,7,0,0,14.000000000541933,11.913461560285546
CUST000989,,,,,,,0,0,0,,13,6660.109999999999,512.3161538461537,1173.57,65.1,0,0,13,2,5,0,0,7.0,4.576923695981925
CUST000990,,,,,,,0,0,0,,22,9045.560000000001,411.16181818181826,1718.17,72.86,0,0,22,6,6,0,0,14.0,11.613638131865752
CUST000991,,,,,,,0,0,0,,25,13223.789999999999,528.9516,1791.08,41.89,0,0,25,8,8,0,0,14.000000000020568,11.830000047582892
CUST000992,,,,,,,0,0,0,,19,19547.46,1028.8136842105262,4625.7,20.8,0,0,19,2,7,0,0,7.0,4.513284831485354
CUST000993,,,,,,,0,0,0,,18,14197.57,788.7538888888889,3023.35,60.25,0,0,18,6,7,0,0,12.25,11.472246002888957
CUST000994,,,,,,,0,0,0,,23,9866.64,428.98434782608695,1743.58,20.98,0,0,23,6,8,0,0,14.0,11.717393586804102
CUST000995,,,,,,,0,0,0,,16,7702.76,481.4225,1320.24,65.27,0,0,16,6,5,0,0,14.0,12.359375000079824
CUST000996,,,,,,,0,0,0,,25,19265.850000000002,770.6340000000001,2751.81,24.74,0,0,25,8,6,0,0,14.0,12.110000243458826
CUST000997,,,,,,,0,0,0,,21,13421.000000000004,639.0952380952383,2796.83,74.14,0,0,21,7,5,0,0,14.0,11.666672356024666
CUST000998,,,,,,,0,0,0,,21,9562.149999999998,455.34047619047607,2248.71,22.81,0,0,21,7,6,0,0,14.0,12.166666990888098
CUST000999,,,,,,,0,0,0,,24,16257.62,677.4008333333334,3737.41,26.97,0,0,24,5,5,0,0,14.0,11.229166763463631
CUST001000,,,,,,,0,0,0,,16,11753.919999999998,734.6199999999999,2825.05,53.48,0,0,16,5,5,0,0,14.0,11.92187500378448
CUST001001,,,,,,,0,0,0,,23,11632.380000000001,505.75565217391306,2550.58,29.8,0,0,23,5,3,0,0,14.0,11.413043478375718
CUST001002,,,,,,,0,0,0,,27,21896.34,810.9755555555556,10569.25,9.03,0,0,27,10,9,1,0,26.25,12.703703792527538
CUST001003,,,,,,,0,1,0,,21,11314.3,538.7761904761904,4784.18,8.41,0,0,21,4,3,21,0,47.49999999999999,44.83333333469175
CUST001004,,,,,,,0,0,0,,26,19021.89,731.6111538461538,2633.22,25.38,0,0,26,8,5,0,0,12.250000000635618,11.375000001568868
CUST001005,,,,,,,0,0,0,,29,16544.09,570.4858620689655,2687.6,25.76,0,0,29,6,5,0,0,14.0,11.465517333279568
CUST001006,,,,,,,0,0,0,,18,16434.399999999998,913.0222222222221,2568.03,96.22,0,0,18,5,4,0,0,14.00000000278944,11.8611112655345
CUST001007,,,,,,,0,0,0,,23,23351.46,1015.2808695652174,5389.62,47.79,0,0,23,7,5,0,0,17.5,12.021739142097626
CUST001008,,,,,,,0,0,0,,26,26603.450000000004,1023.2096153846155,3545.71,122.9,0,0,25,9,6,0,0,14.0,11.846153846289898
CUST001009,,,,,,,0,0,1,,14,13560.98,968.6414285714285,4874.75,69.09,0,0,14,5,5,10,0,26.75,24.750000000413525
CUST001010,,,,,,,0,0,0,,22,10253.849999999999,466.08409090909083,1553.62,6.7,0,0,22,4,6,0,0,14.000000034656104,11.45454593261206
CUST001011,,,,,,,0,0,0,,28,10587.789999999997,378.13535714285706,2800.12,5.0,0,0,28,6,7,0,0,14.0000000003267,11.812500039615086
CUST001012,,,,,,,0,0,0,,17,7504.38,441.4341176470588,1641.19,22.96,0,0,17,6,7,0,0,12.250000001978052,11.632352941296881
CUST001013,,,,,,,0,0,0,,24,22045.79,918.5745833333334,8830.98,18.81,0,0,24,7,6,0,0,22.75,12.25000552369969
CUST001014,,,,,,,0,0,0,,31,27222.859999999993,878.1567741935481,5956.42,37.69,0,0,31,9,6,0,0,19.25000000481864,12.250000000896808
CUST001015,,,,,,,0,0,0,,23,14987.239999999998,651.6191304347825,5161.47,68.38,0,0,23,3,5,0,0,21.0,12.097826108342298
CUST001016,,,,,,,0,0,0,,19,8203.220000000001,431.7484210526316,2509.39,28.6,0,0,19,6,6,0,0,14.0,11.605263464708166
CUST001017,,,,,,,0,0,0,,20,14399.920000000002,719.9960000000001,2193.98,9.73,0,0,20,6,5,0,0,14.0,11.375000001368914
CUST001018,,,,,,,0,0,0,,21,13413.01,638.7147619047619,2717.89,89.38,0,0,21,5,6,0,0,14.0,11.66666666927502
CUST001019,,,,,,,0,0,1,,24,29341.890000000003,1222.5787500000001,9365.17,34.54,0,0,24,6,7,15,0,35.5,25.072916747300713
CUST001020,,,,,,,0,0,0,,23,17154.019999999997,745.826956521739,3835.39,33.62,0,0,23,6,7,0,0,14.0,11.717392179521642
CUST001021,,,,,,,0,0,0,,15,10308.23,687.2153333333333,2949.61,30.42,0,0,15,5,4,0,0,12.25000292392072,11.43333386885785
CUST001022,,,,,,,0,0,0,,17,9518.54,559.9141176470589,1493.99,94.69,0,0,17,5,7,0,0,14.0,11.735294121394869
CUST001023,,,,,,,0,0,0,,25,17252.250000000004,690.0900000000001,2606.62,42.1,0,0,25,6,6,0,0,14.0,11.69000003333945
CUST001024,,,,,,,0,0,0,,17,25250.019999999997,1485.2952941176468,7999.32,18.71,0,0,17,4,5,0,0,17.500004731892854,12.147059143585592
CUST001025,,,,,,,0,0,0,,16,12750.0,796.875,3117.58,25.39,0,0,16,5,5,0,0,14.000000000000115,11.484375000319144
CUST001026,,,,,,,0,0,0,,20,20343.48,1017.174,8960.63,25.69,0,0,20,5,6,0,0,22.750000200998283,12.075000441653758
CUST001027,,,,,,,0,0,0,,25,11246.37,449.8548,3324.09,43.81,0,0,25,5,7,0,0,14.0,11.480000000164837
CUST001028,,,,,,,0,0,0,,11,10782.04,980.1854545454546,4847.39,78.25,0,0,11,3,3,0,0,14.000000000576058,11.454545461241098
CUST001029,,,,,,,0,0,0,,23,11294.659999999998,491.0721739130434,1955.45,39.26,0,0,23,6,8,0,0,14.0,11.945654565187011
CUST001030,,,,,,,0,0,0,,28,16282.380000000001,581.5135714285715,4281.45,20.39,0,0,28,6,6,0,0,14.0,11.750000168690539
CUST001031,,,,,,,0,0,0,,17,7510.47,441.7923529411765,1347.34,35.46,0,0,17,6,8,0,0,14.0,11.838235355217918
CUST001032,,,,,,,0,0,0,,11,5059.400000000001,459.9454545454546,1257.2,36.22,0,0,11,3,6,0,0,14.000000000000012,11.931818182557834
CUST001033,,,,,,,0,0,0,,30,20849.07,694.9689999999999,3328.88,29.4,0,0,30,6,7,0,0,14.0,11.666691516029006
CUST001034,,,,,,,0,0,0,,24,34207.21000000001,1425.300416666667,7688.06,24.12,0,0,24,5,3,0,0,19.250034884637504,11.812501455964389
CUST001035,,,,,,,0,0,0,,23,17682.109999999997,768.7873913043477,2355.2,64.21,0,0,23,4,10,0,0,14.0,11.869566744369662
CUST001036,,,,,,,0,0,0,,14,8682.64,620.1885714285714,3689.41,76.83,0,0,14,5,5,0,0,12.250000018268718,11.37500026361049
CUST001037,,,,,,,0,0,0,,27,9955.849999999999,368.7351851851851,1858.22,9.24,0,0,27,7,6,0,0,14.00000012307755,11.601851928393092
CUST001038,,,,,,,0,0,0,,29,30181.959999999995,1040.7572413793102,5590.41,12.64,0,0,29,5,5,0,0,17.5,11.767242318598587
CUST001039,,,,,,,0,0,0,,26,16822.43,647.0165384615385,4385.58,49.32,0,0,26,5,4,0,0,12.250004451198018,11.240384837006989
CUST001040,,,,,,,0,0,0,,28,14479.339999999998,517.1192857142856,1940.07,54.45,0,0,28,7,3,0,0,14.0,11.562500153933243
CUST001041,,,,,,,0,0,0,,24,23509.29,979.55375,5283.94,19.47,0,0,24,9,6,0,0,17.5,11.958335022069798
CUST001042,,,,,,,0,0,0,,27,19417.260000000002,719.1577777777778,3481.96,39.16,0,0,27,5,7,0,0,12.250000084005295,11.601851857339856
CUST001043,,,,,,,0,0,0,,26,12424.0,477.84615384615387,1670.18,26.17,0,0,26,4,5,0,0,14.0,11.576923221526354
CUST001044,,,,,,,0,0,0,,22,11814.72,537.0327272727272,2559.78,15.82,0,0,22,5,5,0,0,14.0,11.295454640507064
CUST001045,,,,,,,0,0,0,,22,15327.470000000001,696.7031818181819,2675.92,45.11,0,0,22,8,3,0,0,14.0,11.534090909106327
CUST001046,,,,,,,0,0,0,,25,24897.030000000002,995.8812000000001,4329.39,50.73,0,0,25,5,4,0,0,14.000030748296124,11.480001579895212
CUST001047,,,,,,,0,0,0,,30,26830.559999999994,894.3519999999997,2686.83,83.82,0,0,30,8,7,0,0,14.00016885879248,11.666672298959211
CUST001048,,,,,,,0,0,0,,26,20723.71,797.0657692307692,6369.54,44.36,0,0,26,8,7,0,0,19.25,11.846176014946534
CUST001049,,,,,,,0,0,0,,33,35080.23,1063.037272727273,8143.1,25.49,0,0,33,8,8,0,0,24.5,12.67424267332923
CUST001050,,,,,,,0,0,0,,20,58575.53000000001,2928.776500000001,49642.54,6.15,0,0,20,4,7,1,0,28.0,12.250000000046763
CUST001051,,,,,,,0,0,0,,19,12596.38,662.9673684210526,3568.22,32.22,0,0,19,6,6,0,0,14.0,11.881579120672795
CUST001052,,,,,,,0,0,0,,17,8720.960000000001,512.9976470588235,1415.27,14.95,0,0,17,9,3,0,0,14.0,11.83823529421254
CUST001053,,,,,,,0,0,0,,25,11408.78,456.3512,3022.44,25.93,0,0,25,9,6,0,0,14.0,11.97000012898926
CUST001054,,,,,,,0,0,0,,14,7384.4800000000005,527.4628571428572,3573.86,18.55,0,0,14,3,5,0,0,14.0,11.875000072474235
CUST001055,,,,,,,0,0,0,,25,24028.350000000002,961.1340000000001,6345.07,16.52,0,0,25,9,4,0,0,19.25000169803916,11.90000396409855
CUST001056,,,,,,,0,0,0,,30,32407.760000000002,1080.2586666666668,8896.09,31.3,0,0,29,4,6,0,0,24.5,11.666666670009365
CUST001057,,,,,,,0,0,0,,26,10831.24,416.5861538461538,1170.63,19.43,0,0,25,6,7,0,0,14.0,11.77884615425037
CUST001058,,,,,,,0,0,0,,20,13692.37,684.6185,2645.36,41.4,0,0,20,5,5,0,0,14.0,11.287500016694281
CUST001059,,,,,,,0,0,0,,30,14913.930000000002,497.1310000000001,2509.31,21.07,0,0,30,8,8,0,0,14.000000015967432,11.666666675748717
CUST001060,,,,,,,0,0,0,,24,10896.630000000001,454.02625000000006,2214.35,22.71,0,0,24,8,5,0,0,12.250000001354453,11.520833637094574
CUST001061,,,,,,,0,0,0,,25,37481.28,1499.2512,10064.17,34.61,0,0,25,9,5,0,0,21.00063180486752,12.670025327928782
CUST001062,,,,,,,0,0,0,,24,16863.41,702.6420833333333,2702.64,64.88,0,0,24,5,6,0,0,14.0,11.375000008840289
CUST001063,,,,,,,0,0,0,,19,11172.16,588.0084210526315,4357.58,73.24,0,0,19,6,4,0,0,14.00000000008592,11.236842196262694
CUST001064,,,,,,,0,0,0,,26,38328.53,1474.1742307692307,10591.46,50.06,0,0,26,5,8,0,0,21.000002318653923,12.855794450994331
CUST001065,,,,,,,0,0,0,,29,12514.650000000001,431.53965517241386,1959.3,27.53,0,0,29,6,5,0,0,14.00000048019954,11.586206921810877
CUST001066,,,,,,,0,0,0,,22,14524.300000000001,660.1954545454546,6339.02,21.78,0,0,22,6,8,0,0,19.25000000862989,12.170454549022498
CUST001067,,,,,,,0,0,0,,21,42969.19999999999,2046.1523809523806,33665.72,41.55,0,0,21,7,6,1,0,28.0,12.500001397167258
CUST001068,,,,,,,0,0,0,,20,9601.23,480.06149999999997,1428.65,10.71,0,0,20,6,6,0,0,12.25,11.550000000280473
CUST001069,,,,,,,0,0,0,,25,13115.05,524.602,1522.63,48.94,0,0,25,9,5,0,0,12.250003475422712,11.760000160806825
CUST001070,,,,,,,1,0,1,,15,14943.25,996.2166666666667,10317.49,41.87,0,0,15,4,4,15,0,48.2500000000415,36.58333333361563
CUST001071,,,,,,,1,0,0,,23,16508.75,717.7717391304348,3297.4,18.91,0,0,23,6,6,23,0,28.250000014886137,27.336956545827178
CUST001072,,,,,,,0,0,0,,24,13856.919999999998,577.3716666666666,5150.25,24.86,0,0,24,8,6,0,0,17.5,11.812521653968084
CUST001073,,,,,,,0,0,0,,20,10257.66,512.883,2071.37,52.0,0,0,20,3,6,0,0,12.25,11.287500000014449
CUST001074,,,,,,,0,0,0,,25,29525.039999999997,1181.0015999999998,13275.32,62.86,0,0,25,6,7,0,0,19.25,11.970000000581114
CUST001075,,,,,,,0,0,0,,24,24306.94,1012.7891666666666,8208.49,45.54,0,0,24,5,3,0,0,22.75,11.666666673658165
CUST001076,,,,,,,0,0,0,,31,46307.66,1493.795483870968,17713.41,44.75,0,0,31,6,7,0,0,19.250313442339696,12.08066490580758
CUST001077,,,,,,,0,0,0,,21,11834.33,563.5395238095238,2807.39,12.09,0,0,21,6,7,0,0,12.250000008680315,11.416666667142453
CUST001078,,,,,,,0,0,0,,22,15569.55,707.7068181818181,4128.34,41.0,0,0,22,6,4,0,0,14.0,11.534094893190465
CUST001079,,,,,,,0,0,0,,26,16445.6,632.5230769230768,4580.52,35.12,0,0,26,6,7,0,0,14.000000000003824,11.91346155545157
CUST001080,,,,,,,0,0,0,,35,23713.739999999998,677.5354285714285,3359.19,48.42,0,0,35,10,8,0,0,14.000000000044778,11.750000593620783
CUST001081,,,,,,,0,0,0,,25,41837.509999999995,1673.5004,18435.48,21.77,0,0,25,4,5,0,0,24.5,12.460000049846682
CUST001082,,,,,,,0,0,0,,19,6568.46,345.7084210526316,1108.79,49.62,0,0,19,2,8,0,0,7.0,4.605263158109847
CUST001083,,,,,,,0,0,1,,32,24054.32,751.6975,4414.83,15.58,0,0,32,8,10,19,0,26.750001833717,24.45312507771154
CUST001084,,,,,,,0,0,0,,16,9668.27,604.266875,5604.63,73.08,0,0,16,4,6,0,0,19.25,12.25000000000011
CUST001085,,,,,,,0,0,0,,24,26094.64,1087.2766666666666,6412.89,62.72,0,0,24,9,8,0,0,19.25,12.322916871284926
CUST001086,,,,,,,0,0,0,,27,18062.449999999997,668.9796296296295,5707.55,38.32,0,0,27,8,7,0,0,19.25,11.731481791255906
CUST001087,,,,,,,0,0,0,,23,18636.489999999998,810.2821739130434,4762.85,28.97,0,0,23,6,5,0,0,14.000000008913108,12.021739134357087
CUST001088,,,,,,,0,0,0,,18,13921.220000000001,773.4011111111112,2826.77,21.95,0,0,18,6,5,0,0,14.0,11.861111111152244
CUST001089,,,,,,,0,0,1,,19,12952.779999999999,681.7252631578947,3447.51,59.4,0,0,19,4,7,11,0,26.75,24.355263164591268
CUST001090,,,,,,,0,0,0,,31,22095.3,712.7516129032258,3124.08,27.58,0,0,31,8,6,0,0,14.000000015250112,11.685485150505494
CUST001091,,,,,,,0,0,0,,39,26796.15,687.0807692307693,7200.34,19.59,0,0,39,8,7,0,0,22.75,11.846154144065727
CUST001092,,,,,,,0,0,0,,30,17237.0,574.5666666666667,5056.89,45.02,0,0,30,5,4,0,0,17.5,11.375008157182593
CUST001093,,,,,,,0,0,1,,23,20222.120000000003,879.2226086956523,6543.64,19.39,0,0,23,7,7,16,0,32.0,24.923913095162135
CUST001094,,,,,,,0,0,0,,25,16272.330000000002,650.8932000000001,4327.8,61.97,0,0,25,5,6,0,0,12.250000659324652,11.410000029025985
CUST001095,,,,,,,0,0,0,,27,11534.100000000002,427.188888888889,2138.16,8.46,0,0,27,6,7,0,0,14.000000006919413,12.18518520646161
CUST001096,,,,,,,0,0,0,,18,13030.039999999999,723.8911111111111,7350.03,65.22,0,0,18,6,5,0,0,21.0,11.958333364974429
CUST001097,,,,,,,0,0,0,,14,10966.18,783.2985714285714,3543.48,81.5,0,0,14,4,5,0,0,14.0,11.625000008277482
CUST001098,,,,,,,0,0,0,,22,23007.95,1045.8159090909091,8765.21,23.85,0,0,22,6,5,0,0,24.5,12.409099552072831
CUST001099,,,,,,,0,0,0,,40,24611.07,615.27675,2771.27,34.85,0,0,40,7,10,0,0,14.000013032105691,11.768828510471106
CUST001100,,,,,,,0,0,0,,22,14435.17,656.1440909090909,2579.66,38.62,0,0,22,6,7,0,0,14.0,11.772732359555972
CUST001101,,,,,,,0,0,0,,23,27365.56,1189.8069565217393,11708.68,65.35,0,0,23,7,7,0,0,17.5,12.173913051044133
CUST001102,,,,,,,0,0,0,,23,16246.05,706.35,2645.75,92.52,0,0,23,4,6,0,0,14.0,11.565217391626645
CUST001103,,,,,,,0,0,0,,25,14183.78,567.3512000000001,1917.53,21.29,0,0,25,4,6,0,0,14.000000000000131,11.410000000219515
CUST001104,,,,,,,0,0,0,,26,24653.05,948.1942307692308,7883.38,66.47,0,0,26,6,6,0,0,17.5,11.849577045824258
CUST001105,,,,,,,0,0,1,,19,8500.939999999999,447.417894736842,1862.91,54.13,0,0,19,4,7,13,0,26.750000019126663,24.63157896645105
CUST001106,,,,,,,0,0,0,,26,51830.0,1993.4615384615386,23714.9,17.16,0,0,26,7,5,0,0,24.500002762195788,12.45193243469802
CUST001107,,,,,,,0,0,0,,15,24857.39,1657.1593333333333,9061.57,88.38,0,0,15,6,3,2,0,29.75,13.883333357359103
CUST001108,,,,,,,0,0,0,,32,20029.269999999997,625.9146874999999,3112.59,38.2,0,0,32,8,7,0,0,12.25,11.265637344340162
CUST001109,,,,,,,0,0,0,,18,8847.86,491.5477777777778,1862.61,10.03,0,0,18,5,5,0,0,14.0,12.055555571639914
CUST001110,,,,,,,0,0,0,,23,19706.61,856.8091304347827,9355.33,53.93,0,0,23,5,2,1,0,31.5,12.021739320826487
CUST001111,,,,,,,0,0,0,,21,8995.42,428.35333333333335,2184.83,42.61,0,0,21,6,4,0,0,14.0,11.500000037795282
CUST001112,,,,,,,0,0,0,,22,18052.61,820.5731818181819,8854.26,40.0,0,0,22,9,8,1,0,29.75,12.647727277671713
CUST001113,,,,,,,0,0,0,,20,14223.529999999997,711.1764999999998,2647.99,37.88,0,0,20,7,6,0,0,14.0,12.075000100975538
CUST001114,,,,,,,1,0,1,,27,13590.039999999997,503.3348148148147,3929.34,29.7,0,0,27,5,5,27,0,37.75,35.416666667829105
CUST001115,,,,,,,0,0,0,,26,22089.39,849.5919230769231,7485.01,39.85,0,0,26,4,5,0,0,24.5,12.182692308746235
CUST001116,,,,,,,0,0,0,,16,6027.99,376.749375,1519.66,53.59,0,0,16,6,3,0,0,12.250000004185427,11.375000001228054
CUST001117,,,,,,,0,0,0,,28,25227.050000000003,900.9660714285716,3091.72,5.0,0,0,28,7,7,0,0,14.0,11.375009825159896
CUST001118,,,,,,,0,0,0,,26,26828.4,1031.8615384615384,5318.25,22.26,0,0,26,6,6,0,0,19.25,11.77884615521745
CUST001119,,,,,,,0,0,0,,20,24097.739999999998,1204.887,8737.77,105.99,0,0,20,6,7,0,0,22.75,12.250000002804965
CUST001120,,,,,,,0,0,0,,25,33894.02,1355.7607999999998,7108.49,25.71,0,0,25,6,9,0,0,19.25,12.39000226646961
CUST001121,,,,,,,0,0,0,,16,14142.59,883.911875,8077.99,15.55,0,0,16,6,7,1,0,28.00000763367733,13.015625489141108
CUST001122,,,,,,,0,0,0,,32,25386.25,793.3203125,3810.24,46.67,0,0,32,4,9,0,0,14.0,11.867187913190897
CUST001123,,,,,,,0,0,0,,29,24459.530000000002,843.4320689655174,7979.11,29.11,0,0,29,3,8,0,0,19.25,11.64655172476782
CUST001124,,,,,,,0,0,1,,30,19874.24,662.4746666666667,3436.97,97.78,0,0,30,6,6,14,0,26.75001380761376,24.300001115542678
CUST001125,,,,,,,0,0,0,,19,15573.0,819.6315789473684,3888.8,52.81,0,0,19,6,6,0,0,14.0,11.789473686407133
CUST001126,,,,,,,0,0,0,,19,15262.679999999998,803.298947368421,7306.23,5.13,0,0,19,6,2,0,0,17.5,11.973684442940359
CUST001127,,,,,,,0,0,0,,21,8406.8,400.3238095238095,1153.79,20.86,0,0,21,4,6,0,0,14.0,11.583333585101137
CUST001128,,,,,,,0,0,0,,23,16383.640000000001,712.3321739130436,4750.21,63.52,0,0,23,7,7,0,0,14.000000123515695,11.565219109918797
CUST001129,,,,,,,0,0,0,,29,27983.74,964.956551724138,9089.5,29.64,0,0,29,6,9,1,0,29.75,12.129316952242908
CUST001130,,,,,,,0,0,0,,16,15618.869999999999,976.1793749999999,3476.66,92.66,0,0,16,5,8,0,0,14.0,12.250000330920535
CUST001131,,,,,,,0,0,0,,21,15198.930000000002,723.7585714285715,4157.41,18.77,0,0,21,7,6,0,0,14.000000002138387,11.916666677220421
CUST001132,,,,,,,0,0,0,,25,13523.22,540.9288,2949.37,54.29,0,0,25,3,8,0,0,14.0,11.550000015723715
CUST001133,,,,,,,0,0,0,,33,15952.969999999998,483.42333333333323,3501.4,45.01,0,0,32,6,7,0,0,12.250001146990384,11.507577968512877
CUST001134,,,,,,,0,0,1,,20,17610.769999999997,880.5384999999999,5024.08,33.95,0,0,20,5,5,14,0,32.0,25.00000000227315
CUST001135,,,,,,,0,0,0,,21,9759.700000000003,464.7476190476192,2073.91,20.17,0,0,21,5,6,0,0,14.0,11.750000084476765
CUST001136,,,,,,,0,0,0,,25,23931.480000000003,957.2592000000001,3418.53,29.62,0,0,25,5,7,0,0,14.0,11.550001604630006
CUST001137,,,,,,,0,0,0,,35,16522.87,472.082,1750.72,27.58,0,0,35,5,7,0,0,14.000000000016888,11.600001799925955
CUST001138,,,,,,,0,0,0,,22,12917.390000000001,587.154090909091,3065.64,10.17,0,0,22,7,6,0,0,14.000000000066713,11.852272934616307
CUST001139,,,,,,,0,0,0,,14,23555.420000000002,1682.5300000000002,12185.48,9.02,0,0,14,4,8,0,0,17.5,12.500000086950648
CUST001140,,,,,,,0,0,0,,17,15604.22,917.895294117647,5950.36,44.28,0,0,17,7,3,0,0,17.500006148340653,12.04412050214598
CUST001141,,,,,,,0,0,0,,28,12268.359999999999,438.1557142857142,4131.07,24.99,0,0,28,7,5,0,0,14.00000022421666,11.562500012986037
CUST001142,,,,,,,0,0,0,,23,18509.710000000003,804.7700000000001,5401.29,42.38,0,0,23,3,5,0,0,17.50023431800932,11.717408037622414
CUST001143,,,,,,,0,0,0,,26,55659.07,2140.7334615384616,42705.68,7.28,0,0,25,6,7,1,0,28.0,12.519270470886106
CUST001144,,,,,,,0,0,0,,35,19164.99,547.571142857143,2338.99,30.28,0,0,35,10,9,0,0,14.0,11.800000001651174
CUST001145,,,,,,,0,0,0,,21,12748.38,607.0657142857142,3413.21,22.99,0,0,21,5,7,0,0,14.000000000499805,11.750000012246872
CUST001146,,,,,,,0,0,0,,37,30052.899999999998,812.2405405405405,5627.48,31.77,0,0,37,7,10,0,0,19.25,12.108116288984084
CUST001147,,,,,,,0,0,0,,26,19366.83,744.878076923077,4053.97,21.6,0,0,26,10,5,0,0,14.00000000144269,12.115384621336132
CUST001148,,,,,,,0,0,0,,21,23036.829999999994,1096.9919047619046,12034.64,57.51,0,0,21,5,4,0,0,19.25,11.500000703466972
CUST001149,,,,,,,0,0,0,,26,16220.37,623.8603846153846,5456.72,44.34,0,0,26,5,7,0,0,19.250000485248563,12.048078204289103
CUST001150,,,,,,,0,0,1,,37,20918.76,565.3718918918919,2383.44,28.7,0,0,37,10,8,23,0,26.750000000002665,24.527032830113686
CUST001151,,,,,,,0,0,0,,23,22035.45,958.0630434782609,5009.16,18.75,0,0,23,4,6,0,0,19.25,11.717391340099635
CUST001152,,,,,,,0,0,0,,21,32789.3,1561.3952380952383,24426.68,43.18,0,0,21,4,7,0,0,22.75,12.166667074593803
CUST001153,,,,,,,0,0,0,,28,19313.72,689.7757142857143,4044.76,16.28,0,0,28,7,10,0,0,14.000001430019712,11.937500051509733
CUST001154,,,,,,,0,0,0,,15,7628.47,508.5646666666667,1206.06,26.91,0,0,15,3,3,0,0,12.250000087576511,11.200000005984712
CUST001155,,,,,,,0,0,0,,17,9685.67,569.7452941176471,2768.09,49.9,0,0,17,4,4,0,0,14.000000000018908,11.426470588249154
CUST001156,,,,,,,0,0,0,,27,19563.809999999998,724.5855555555555,3514.51,42.19,0,0,27,7,7,0,0,14.000000013522312,11.53703703931478
CUST001157,,,,,,,0,0,0,,23,10266.62,446.3747826086957,2606.63,36.27,0,0,22,6,7,0,0,14.000000000002183,11.793478261537894
CUST001158,,,,,,,0,0,0,,18,9672.59,537.3661111111111,1487.48,29.24,0,0,18,3,5,0,0,14.0,12.055555555942496
CUST001159,,,,,,,0,0,1,,21,14368.550000000003,684.2166666666668,4042.02,9.84,0,0,21,4,5,9,0,25.000342707954285,24.000016319447205
CUST001160,,,,,,,0,0,0,,24,10107.08,421.12833333333333,1932.82,5.0,0,0,24,5,7,0,0,14.00000000008444,11.666666892049838
CUST001161,,,,,,,0,0,1,,24,11495.17,478.96541666666667,2073.66,32.23,0,0,24,3,6,11,0,26.7500000003487,24.125000005041056
CUST001162,,,,,,,0,0,0,,25,16516.8,660.672,3611.43,41.13,0,0,25,7,5,0,0,14.000000615694235,11.97000048685247
CUST001163,,,,,,,0,0,0,,25,13342.25,533.69,2910.34,27.25,0,0,25,8,7,0,0,14.0,11.760000040302828
CUST001164,,,,,,,1,0,0,,28,18156.379999999997,648.4421428571428,3333.74,22.36,0,0,28,8,4,28,0,30.000000000000355,27.625000000320068
CUST001165,,,,,,,0,0,0,,18,22734.47,1263.0261111111113,4008.17,136.03,0,0,18,6,6,0,0,14.0,11.569444449666399
CUST001166,,,,,,,0,0,0,,29,19976.34,688.8393103448276,3145.27,34.88,0,0,29,4,8,0,0,12.250000372368968,11.465517255740963
CUST001167,,,,,,,0,0,0,,18,7124.0,395.77777777777777,1021.97,16.71,0,0,18,6,5,0,0,14.0,11.66666666972428
CUST001168,,,,,,,0,0,0,,34,34175.89,1005.1732352941176,7036.19,22.27,0,0,34,8,6,0,0,17.5,11.992647076779477
CUST001169,,,,,,,0,0,0,,32,20559.340000000004,642.4793750000001,5010.86,11.88,0,0,32,5,7,0,0,17.500000000765464,11.812500005871758
CUST001170,,,,,,,0,0,0,,23,24476.35,1064.1891304347826,3884.32,54.1,0,0,23,6,7,0,0,14.0,12.173913066551824
CUST001171,,,,,,,0,0,0,,13,21519.739999999998,1655.3646153846153,12071.53,19.46,0,0,13,6,3,0,0,17.5,12.51923429632626
CUST001172,,,,,,,0,0,0,,17,9919.79,583.5170588235295,3533.61,68.97,0,0,17,5,5,0,0,12.250000036213216,11.220588243136989
CUST001173,,,,,,,0,0,0,,21,12069.649999999998,574.7452380952379,2483.18,31.89,0,0,21,7,3,0,0,14.0,11.833333672984235
CUST001174,,,,,,,0,0,0,,16,15480.09,967.505625,7923.46,36.3,0,0,16,6,8,0,0,17.5,12.359375043106853
CUST001175,,,,,,,0,0,1,,18,8594.08,477.44888888888886,1570.19,19.83,0,0,18,5,6,10,0,26.75,24.319444908071546
CUST001176,,,,,,,1,0,0,,30,18257.63,608.5876666666667,2487.44,47.4,0,0,30,7,6,30,0,30.00000000000076,27.5500000324147
CUST001177,,,,,,,0,0,0,,36,23325.379999999997,647.9272222222221,6756.53,21.88,0,0,36,6,7,0,0,24.5,12.201389170859526
CUST001178,,,,,,,0,0,0,,26,14581.62,560.8315384615385,1791.16,58.82,0,0,26,8,4,0,0,12.250000020778693,11.442307697179086
CUST001179,,,,,,,0,0,0,,26,18755.72,721.3738461538462,3776.98,16.29,0,0,26,9,5,0,0,14.0,11.644234071571425
CUST001180,,,,,,,0,0,0,,21,11742.14,559.1495238095238,2203.79,27.1,0,0,21,9,7,0,0,14.0,12.000000000030642
CUST001181,,,,,,,0,0,0,,25,20930.48,837.2192,7230.52,9.86,0,0,25,4,7,0,0,17.500000006750106,11.550001907944157
CUST001182,,,,,,,0,0,0,,19,6368.720000000001,335.1957894736843,2442.77,25.78,0,0,19,5,4,0,0,14.00000000066489,11.421060137387618
CUST001183,,,,,,,0,0,0,,18,15976.25,887.5694444444445,3657.86,25.59,0,0,18,6,4,0,0,14.0,11.666666698384027
CUST001184,,,,,,,0,0,0,,25,14665.699999999999,586.6279999999999,2707.04,19.36,0,0,25,8,7,0,0,14.0,11.830000077219836
CUST001185,,,,,,,0,0,0,,21,17238.92,820.9009523809523,4372.89,56.59,0,0,21,5,4,0,0,14.000000065533682,11.666666722416537
CUST001186,,,,,,,1,1,0,,16,16153.099999999999,1009.5687499999999,7549.79,33.96,0,0,16,5,3,16,0,53.5,51.09375000653375
CUST001187,,,,,,,0,0,0,,24,21803.690000000002,908.4870833333334,5235.98,13.96,0,0,24,5,8,0,0,19.25,12.104166675979107
CUST001188,,,,,,,0,0,0,,24,14905.960000000001,621.0816666666667,4209.03,12.49,0,0,24,5,6,0,0,14.0,11.739583343671972
CUST001189,,,,,,,0,0,0,,35,28063.460000000003,801.8131428571429,7301.6,43.92,0,0,35,9,7,0,0,19.25,11.900020660045676
CUST001190,,,,,,,0,0,0,,26,19085.340000000004,734.0515384615386,3614.81,33.19,0,0,25,7,4,0,0,14.0,11.375000024296007
CUST001191,,,,,,,0,0,0,,23,16289.680000000002,708.2469565217392,5121.28,19.24,0,0,23,6,6,0,0,21.0,12.173913051618943
CUST001192,,,,,,,0,0,0,,19,15018.35,790.4394736842105,4014.59,164.01,0,0,19,5,5,0,0,14.0,11.881641225273043
CUST001193,,,,,,,0,0,0,,17,9031.1,531.2411764705882,1816.83,33.83,0,0,17,7,5,0,0,14.000000007165893,11.941176471044065
CUST001194,,,,,,,0,0,0,,26,10291.880000000001,395.8415384615385,1799.55,47.8,0,0,26,6,5,0,0,14.0,11.778847177783287
CUST001195,,,,,,,0,0,0,,26,14911.01,573.5003846153846,2538.99,42.38,0,0,26,7,10,0,0,19.25,12.85576923081346
CUST001196,,,,,,,0,0,0,,20,10367.42,518.371,1790.56,15.34,0,0,20,5,5,0,0,12.250000005458148,11.462500000553984
CUST001197,,,,,,,0,0,0,,28,19138.110000000004,683.5039285714287,4274.26,43.22,0,0,28,5,8,0,0,14.00000000011028,11.750001702821887
CUST001198,,,,,,,0,0,0,,21,13923.220000000001,663.0104761904762,6624.96,27.6,0,0,21,6,5,0,0,17.50000000282833,11.833333333883218
CUST001199,,,,,,,0,0,1,,33,17253.26,522.8260606060605,2300.58,21.94,0,0,33,8,5,16,0,26.75,24.151516998338078
CUST001200,,,,,,,0,0,0,,17,9882.320000000002,581.3129411764706,2767.02,34.2,0,0,17,4,3,0,0,14.0,11.323529518974826
CUST001201,,,,,,,0,0,0,,33,16391.63,496.71606060606064,2778.57,11.01,0,0,33,9,8,0,0,14.00000000000933,11.772727433311928
CUST001202,,,,,,,1,0,0,,31,17502.32,564.5909677419355,2707.5,39.43,0,0,31,8,6,31,0,30.000000009049074,27.57258066179888
CUST001203,,,,,,,0,0,0,,21,29307.730000000003,1395.6061904761907,6064.19,44.28,0,0,21,8,4,0,0,19.25,12.333366010650149
CUST001204,,,,,,,0,0,0,,23,8418.269999999999,366.0117391304347,2240.19,24.55,0,0,23,8,7,0,0,14.00000004249,12.173913063329653
CUST001205,,,,,,,0,0,0,,37,28939.360000000004,782.144864864865,4989.13,13.37,0,0,37,9,10,0,0,14.000000107873715,11.682432561760466
CUST001206,,,,,,,0,0,0,,27,38595.71999999999,1429.4711111111105,20061.14,19.02,0,0,27,5,6,0,0,19.25,12.055556035862125
CUST001207,,,,,,,0,0,0,,29,13461.93,464.2044827586207,2677.11,9.93,0,0,29,7,7,0,0,12.250000015786997,11.706896714120187
CUST001208,,,,,,,0,0,0,,21,11711.350000000002,557.6833333333334,1587.44,58.54,0,0,21,7,5,0,0,12.250001331870722,11.583333397186031
CUST001209,,,,,,,0,0,0,,15,15601.950000000003,1040.13,8628.51,93.36,0,0,15,2,6,0,0,15.749999999999998,5.483333334075566
CUST001210,,,,,,,0,0,0,,24,21721.199999999997,905.0499999999998,9052.25,52.03,0,0,24,6,9,0,0,22.75,12.250000066073504
CUST001211,,,,,,,0,0,0,,32,25748.57,804.6428125,4232.09,25.85,0,0,31,9,9,0,0,14.0,11.976562502086873
CUST001212,,,,,,,0,0,0,,20,15049.720000000001,752.4860000000001,3324.1,53.54,0,0,20,6,5,0,0,14.000000000070324,11.900000011790961
CUST001213,,,,,,,0,0,0,,28,16767.0,598.8214285714286,2339.19,20.19,0,0,28,8,7,0,0,14.000000000054037,12.062501746877613
CUST001214,,,,,,,0,0,0,,23,18669.96,811.7373913043477,6975.14,42.45,0,0,23,4,6,0,0,19.25,11.869565442838582
CUST001215,,,,,,,0,0,1,,21,12708.060000000001,605.1457142857143,2250.36,81.93,0,0,21,7,5,12,0,26.75,24.33333333351057
CUST001216,,,,,,,0,0,0,,27,16978.579999999998,628.8362962962963,2586.32,15.17,0,0,27,5,7,0,0,14.0,11.277778271930234
CUST001217,,,,,,,0,0,0,,21,16515.0,786.4285714285714,4568.61,51.68,0,0,21,4,7,0,0,14.0,11.916671058906667
CUST001218,,,,,,,0,0,0,,21,34425.24,1639.2971428571427,14273.76,32.27,0,0,21,4,4,0,0,19.25,12.000015336369579
CUST001219,,,,,,,0,0,0,,35,16497.31,471.3517142857143,2073.95,30.53,0,0,35,10,6,0,0,14.0000000002757,11.800000016007381
CUST001220,,,,,,,0,0,0,,29,14139.459999999997,487.56758620689646,5605.0,22.54,0,0,29,9,6,0,0,17.5,11.88793103527288
CUST001221,,,,,,,0,0,0,,20,23166.59,1158.3295,11157.35,9.02,0,0,20,5,7,0,0,19.25000000119332,12.425000004053521
CUST001222,,,,,,,0,0,0,,23,20802.58,904.46,4414.58,45.52,0,0,23,5,5,0,0,14.0,11.489131391449382
CUST001223,,,,,,,0,0,0,,24,14963.54,623.4808333333334,3224.24,43.54,0,0,24,8,7,0,0,15.749999999999998,12.104166672423885
CUST001224,,,,,,,0,0,0,,19,18185.79,957.1468421052632,3903.7,65.57,0,0,19,6,5,0,0,14.0,11.881578949084908
CUST001225,,,,,,,0,0,0,,24,44696.07,1862.33625,11413.98,50.09,0,0,24,9,3,0,0,24.5,13.343763686481813
CUST001226,,,,,,,0,0,0,,28,19256.87,687.7453571428571,3030.01,20.15,0,0,28,6,8,0,0,14.0,11.625000325261954
CUST001227,,,,,,,0,0,0,,36,20339.46,564.985,1905.05,81.15,0,0,36,9,8,0,0,14.0,11.715277790976307
CUST001228,,,,,,,0,0,0,,20,10059.240000000002,502.9620000000001,2559.58,41.67,0,0,20,5,7,0,0,14.0,11.637500000035509
CUST001229,,,,,,,0,0,0,,27,19848.66,735.1355555555556,3469.77,37.02,0,0,27,8,6,0,0,14.0,11.666673471190514
CUST001230,,,,,,,0,0,1,,21,14538.429999999998,692.3061904761904,2957.27,90.52,0,0,21,6,7,12,0,25.000000000569543,24.250000690274533
CUST001231,,,,,,,0,0,0,,32,28049.549999999996,876.5484374999999,6997.68,23.81,0,0,32,8,7,0,0,17.5,11.593752037630892
CUST001232,,,,,,,0,0,0,,23,22695.479999999996,986.7599999999999,5828.99,55.95,0,0,23,7,7,0,0,17.500000027506115,12.402174168683288
CUST001233,,,,,,,0,0,0,,18,14956.23,830.9016666666666,3273.27,52.47,0,0,18,6,5,0,0,14.000045106745423,11.56944696239531
CUST001234,,,,,,,0,0,0,,25,22209.52,888.3808,3653.04,32.37,0,0,25,7,7,0,0,14.0,11.83000004053348
CUST001235,,,,,,,0,0,0,,29,26919.079999999998,928.2441379310344,6720.64,40.79,0,0,29,8,6,0,0,19.25,12.192427626822525
CUST001236,,,,,,,0,0,0,,21,11365.869999999999,541.2319047619047,1292.46,82.95,0,0,21,6,6,0,0,14.0,11.833547750545117
CUST001237,,,,,,,0,0,0,,22,13600.2,618.1909090909091,2528.85,23.89,0,0,22,4,5,0,0,14.0,11.454545529703184
CUST001238,,,,,,,0,0,0,,27,16454.23,609.4159259259259,4284.89,39.11,0,0,27,7,8,0,0,14.0,12.185186216461288
CUST001239,,,,,,,0,0,0,,29,19442.989999999998,670.4479310344827,3575.95,50.94,0,0,29,6,7,0,0,14.000000001968662,11.64655179938674
CUST001240,,,,,,,0,0,0,,24,11856.849999999999,494.0354166666666,1665.61,5.74,0,0,24,9,6,0,0,14.0,11.739583973541775
CUST001241,,,,,,,0,0,0,,26,15974.529999999999,614.405,4038.57,59.67,0,0,26,8,6,0,0,14.0,11.64423351779992
CUST001242,,,,,,,0,0,0,,21,14878.07,708.4795238095238,2935.19,52.73,0,0,21,6,3,0,0,12.25014331470861,11.166690945810766
CUST001243,,,,,,,0,0,0,,33,27301.85,827.3287878787878,3483.91,35.46,0,0,33,6,10,0,0,14.0,11.666666985256995
CUST001244,,,,,,,0,0,0,,26,10849.270000000002,417.27961538461545,1361.15,45.39,0,0,26,5,9,0,0,14.00000000048935,11.644231027307884
CUST001245,,,,,,,1,0,0,,17,9106.119999999999,535.6541176470588,2896.58,12.41,0,0,17,5,5,17,0,30.0,27.83823529412329
CUST001246,,,,,,,0,0,0,,40,35336.52,883.4129999999999,3787.56,34.73,0,0,40,9,9,0,0,14.0,11.462521923607094
CUST001247,,,,,,,0,0,0,,27,24878.980000000003,921.4437037037038,5774.83,26.58,0,0,25,6,6,0,0,17.5,11.60185894843149
CUST001248,,,,,,,0,0,0,,24,15113.050000000001,629.7104166666667,1830.47,40.19,0,0,24,7,9,0,0,14.00000000021036,11.812500359580492
CUST001249,,,,,,,0,0,0,,19,17664.37,929.7036842105263,9226.06,15.83,0,0,19,5,3,0,0,24.5,12.43421131218728
CUST001250,,,,,,,0,0,0,,25,18531.229999999996,741.2491999999999,2402.66,62.86,0,0,25,4,6,0,0,14.0,11.62000002217456
CUST001251,,,,,,,0,0,0,,26,36815.75000000001,1415.990384615385,12488.85,118.45,0,0,26,10,8,0,0,24.50000001213667,12.721153862722206
CUST001252,,,,,,,0,0,0,,27,14092.98,521.9622222222222,1856.58,11.13,0,0,27,5,8,0,0,14.000000052307705,11.472222336041826
CUST001253,,,,,,,0,0,0,,27,17871.730000000007,661.9159259259262,4127.43,18.29,0,0,27,9,7,0,0,14.000000517291753,11.731483003055091
CUST001254,,,,,,,0,0,0,,16,11442.3,715.14375,3184.9,35.96,0,0,16,4,3,0,0,14.0,11.484377020199805
CUST001255,,,,,,,0,0,0,,29,18765.94,647.1013793103448,5069.4,19.44,0,0,29,6,9,0,0,17.5,11.827602298439025
CUST001256,,,,,,,0,0,0,,26,24023.02,923.9623076923077,3462.75,25.35,0,0,26,7,9,0,0,14.0,11.50962857940681
CUST001257,,,,,,,0,0,0,,26,20221.06,777.733076923077,4134.88,6.99,0,0,26,6,6,0,0,14.000000010890718,11.644230810233921
CUST001258,,,,,,,0,0,0,,27,7778.6,288.0962962962963,1050.64,22.25,0,0,27,7,6,0,0,14.0,11.601851950381059
CUST001259,,,,,,,0,0,0,,20,8314.65,415.73249999999996,1973.42,44.26,0,0,20,4,7,0,0,14.000000000000025,11.637500055849921
CUST001260,,,,,,,0,0,0,,29,20233.050000000003,697.6913793103449,9169.69,21.9,0,0,29,9,8,1,0,28.0,12.551724480429254
CUST001261,,,,,,,0,0,0,,24,10585.640000000001,441.0683333333334,1534.06,19.27,0,0,24,5,7,0,0,14.000000000035763,11.95833370660219
CUST001262,,,,,,,0,0,0,,26,23103.289999999997,888.5880769230769,11588.17,73.52,0,0,26,6,6,0,0,17.5,11.980769304029833
CUST001263,,,,,,,0,0,0,,21,14969.099999999999,712.8142857142857,2382.55,14.82,0,0,21,6,3,0,0,14.0,11.500000002220204
CUST001264,,,,,,,0,0,0,,21,9631.11,458.62428571428575,3002.89,29.53,0,0,21,7,7,0,0,14.0,11.833333414523663
CUST001265,,,,,,,0,0,0,,22,16570.719999999998,753.2145454545454,3745.53,32.46,0,0,22,5,5,0,0,14.000000008092575,11.693182154466003
CUST001266,,,,,,,0,0,0,,23,20270.430000000004,881.3230434782611,5276.86,36.48,0,0,23,7,7,0,0,17.5,11.869565299639923
CUST001267,,,,,,,0,0,0,,25,13370.320000000002,534.8128,2552.04,34.06,0,0,25,8,8,0,0,14.000000250246618,11.76000002670413
CUST001268,,,,,,,0,0,0,,28,18658.079999999998,666.3599999999999,5072.99,18.43,0,0,28,6,3,0,0,17.5,11.625005855145515
CUST001269,,,,,,,0,0,0,,25,20615.179999999997,824.6071999999999,8794.39,57.85,0,0,25,4,6,0,0,22.75,12.110000010481826
CUST001270,,,,,,,0,0,0,,27,13031.94,482.6644444444445,1442.89,43.37,0,0,27,6,8,0,0,14.0,11.796296448199623
CUST001271,,,,,,,0,0,1,,34,14113.769999999999,415.11088235294113,1838.89,29.34,0,0,34,8,5,22,0,26.75,24.639706430323436
CUST001272,,,,,,,0,0,0,,25,16272.4,650.896,2369.3,29.15,0,0,25,6,6,0,0,14.000000001005557,11.830000119944138
CUST001273,,,,,,,0,0,0,,12,4997.49,416.4575,1276.0,39.63,0,0,12,4,3,0,0,14.000000000575293,11.95833333340832
CUST001274,,,,,,,0,0,0,,24,12368.47,515.3529166666666,1808.01,79.65,0,0,24,6,7,0,0,14.000000004814858,11.593750000908857
CUST001275,,,,,,,0,0,0,,27,10939.34,405.1607407407407,1381.81,13.14,0,0,27,9,7,0,0,14.0,11.6018560328331
CUST001276,,,,,,,0,0,0,,25,8618.189999999999,344.72759999999994,1230.71,50.55,0,0,25,5,6,0,0,14.0,11.69000152597423
CUST001277,,,,,,,0,0,0,,21,13988.39,666.1138095238096,2576.08,40.15,0,0,21,7,4,0,0,12.250000000002336,11.250000000099593
CUST001278,,,,,,,0,0,0,,19,15720.51,827.3952631578948,2559.82,99.22,0,0,19,4,7,0,0,14.0,11.789473684464767
CUST001279,,,,,,,0,0,0,,28,26642.490000000005,951.5175000000002,9024.04,42.29,0,0,27,8,7,0,0,22.75,12.000000088142796
CUST001280,,,,,,,0,0,0,,23,13282.140000000001,577.4843478260871,2777.2,37.99,0,0,23,4,6,0,0,12.250007662380126,11.413043952024655
CUST001281,,,,,,,0,0,0,,22,16454.36,747.9254545454546,2592.55,130.69,0,0,22,6,7,0,0,14.000000000004306,11.693181819196973
CUST001282,,,,,,,0,0,0,,21,8410.76,400.51238095238097,1148.59,23.83,0,0,21,5,4,0,0,14.0,11.583333337223857
CUST001283,,,,,,,0,0,0,,25,23826.920000000002,953.0768,8564.33,31.6,0,0,25,6,11,0,0,24.5,12.600000021036934
CUST001284,,,,,,,0,0,0,,31,22513.45,726.2403225806452,4439.41,20.71,0,0,30,5,10,0,0,14.0,11.85484544672552
CUST001285,,,,,,,0,0,0,,21,7129.999999999999,339.52380952380946,1095.53,33.8,0,0,21,4,7,0,0,14.00000000032222,11.750000051135093
CUST001286,,,,,,,0,0,0,,23,11771.54,511.80608695652177,2330.76,13.05,0,0,23,6,5,0,0,14.0,11.717391758775458
CUST001287,,,,,,,1,0,0,,26,12043.369999999999,463.2065384615384,2253.14,16.44,0,0,26,5,6,26,0,30.0,27.307692976655094
CUST001288,,,,,,,0,0,0,,33,14837.220000000001,449.6127272727273,1588.52,25.03,0,0,33,6,5,0,0,14.000000000532324,11.507577950432253
CUST001289,,,,,,,0,0,0,,26,13841.23,532.355,3986.62,10.67,0,0,26,7,5,0,0,14.0,11.778846229629826
CUST001290,,,,,,,0,0,0,,23,17721.64,770.5060869565217,4249.2,25.85,0,0,23,6,7,0,0,14.0,11.641304476932055
CUST001291,,,,,,,0,0,0,,19,9787.69,515.1415789473684,2525.03,40.63,0,0,19,3,4,0,0,12.250000003100247,11.328947369784395
CUST001292,,,,,,,0,0,0,,28,20254.940000000002,723.3907142857144,3923.51,86.44,0,0,28,5,5,0,0,14.000000027748811,11.375008858322925
CUST001293,,,,,,,0,0,0,,23,8366.269999999999,363.75086956521733,1902.83,45.89,0,0,23,5,6,0,0,12.25000685081588,11.413043778920887
CUST001294,,,,,,,0,0,0,,20,20679.969999999998,1033.9985,5654.9,49.11,0,0,20,4,7,0,0,19.250000034004884,11.987500001771512
CUST001295,,,,,,,0,0,0,,26,10052.749999999998,386.6442307692307,2460.86,16.88,0,0,26,8,7,0,0,14.000000000050662,12.1153846475515
CUST001296,,,,,,,1,0,0,,30,29709.34,990.3113333333333,5736.89,31.31,0,0,30,7,9,30,0,35.25000000182217,27.725008826338367
CUST001297,,,,,,,0,0,0,,28,13158.099999999999,469.9321428571428,2145.59,16.71,0,0,28,7,6,0,0,14.00000000355334,11.87500000018159
CUST001298,,,,,,,0,0,0,,17,7449.75,438.22058823529414,1723.47,18.77,0,0,17,5,7,0,0,14.0,11.838235294165335
CUST001299,,,,,,,0,0,0,,21,15152.14,721.5304761904762,5201.82,20.97,0,0,21,7,5,0,0,19.250000000031893,12.333333486667089
CUST001300,,,,,,,0,0,0,,24,17794.940000000002,741.4558333333334,5973.91,33.98,0,0,24,7,8,0,0,24.500000005580823,12.541666935236146
CUST001301,,,,,,,0,0,0,,28,21819.44,779.2657142857142,5323.86,31.57,0,0,28,6,4,0,0,19.25000060162957,11.750000022477272
CUST001302,,,,,,,0,0,0,,24,17539.09,730.7954166666667,2995.85,31.81,0,0,24,8,9,0,0,14.0,11.739583923695221
CUST001303,,,,,,,0,0,1,,27,19185.079999999998,710.5585185185184,3857.92,8.85,0,0,27,6,7,16,0,26.750007988167145,24.416666966310824
CUST001304,,,,,,,0,0,0,,20,7570.11,378.5055,1026.27,32.58,0,0,20,4,5,0,0,14.000000000007851,11.987500332303348
CUST001305,,,,,,,0,0,0,,29,32006.370000000003,1103.6679310344828,9258.85,24.22,0,0,29,6,8,1,0,31.50000420855308,12.793103791375124
CUST001306,,,,,,,0,0,0,,23,20193.530000000002,877.9795652173914,4108.43,18.85,0,0,23,6,5,0,0,14.00000000189812,11.413043703326595
CUST001307,,,,,,,0,0,1,,23,20050.329999999998,871.7534782608694,4753.05,46.72,0,0,23,5,7,14,0,26.750000000000064,24.619565217391308
CUST001308,,,,,,,0,0,0,,19,10854.41,571.2847368421053,1915.89,23.01,0,0,19,9,8,0,0,14.0,12.065789940625914
CUST001309,,,,,,,0,0,0,,20,9683.28,484.16400000000004,2049.53,9.1,0,0,20,4,5,0,0,14.0,11.55000040216536
CUST001310,,,,,,,0,0,0,,23,13795.220000000001,599.7921739130435,3015.93,36.09,0,0,23,5,5,0,0,12.250000064455223,11.18478261180303
CUST001311,,,,,,,0,0,0,,26,26972.18,1037.3915384615384,9050.6,31.6,0,0,26,6,6,1,0,29.75,12.721153849563612
CUST001312,,,,,,,0,0,0,,18,8929.04,496.0577777777778,1437.32,14.97,0,0,18,5,5,0,0,14.0,11.375001538002051
CUST001313,,,,,,,0,0,0,,26,17611.54,677.3669230769231,2797.07,61.98,0,0,26,7,9,0,0,14.0,11.84615386230533
CUST001314,,,,,,,0,0,0,,25,21695.040000000005,867.8016000000002,7737.55,45.76,0,0,25,6,8,0,0,17.5,12.040026969922978
CUST001315,,,,,,,0,0,0,,27,22511.999999999996,833.7777777777776,5711.26,14.11,0,0,27,3,7,0,0,17.5,11.666666782729301
CUST001316,,,,,,,0,0,0,,18,15415.269999999997,856.4038888888887,5072.28,18.29,0,0,18,4,4,0,0,17.500000011684904,12.055555556456097
CUST001317,,,,,,,0,0,0,,23,10358.140000000001,450.3539130434783,1830.99,8.12,0,0,23,9,6,0,0,14.000000000830363,12.021739395467836
CUST001318,,,,,,,0,0,0,,21,20002.8,952.5142857142857,7278.83,10.13,0,0,21,4,6,0,0,24.5,12.416667248969569
CUST001319,,,,,,,0,0,0,,26,30628.140000000003,1178.0053846153846,6112.27,12.57,0,0,26,8,7,0,0,19.25,12.317780004585655
CUST001320,,,,,,,0,0,1,,22,13632.18,619.6445454545454,2181.95,18.9,0,0,22,3,7,12,0,26.75,24.363636366713603
CUST001321,,,,,,,0,0,0,,25,16307.470000000001,652.2988,3420.96,55.6,0,0,25,5,6,0,0,12.250018185246867,11.620000727538473
CUST001322,,,,,,,0,0,0,,30,21108.71,703.6236666666666,4716.28,43.59,0,0,30,8,6,0,0,14.000000603049775,11.491666988742516
CUST001323,,,,,,,0,0,0,,26,14233.529999999999,547.4434615384615,2139.52,38.71,0,0,26,7,5,0,0,14.000000000037856,11.778846339200221
CUST001324,,,,,,,0,0,0,,14,7762.530000000001,554.4664285714287,1447.21,69.52,0,0,14,4,3,0,0,14.0,11.500000000112049
CUST001325,,,,,,,0,0,0,,22,9983.490000000002,453.7950000000001,2118.88,43.27,0,0,22,8,6,0,0,14.0,12.011363718486034
CUST001326,,,,,,,0,0,0,,19,13999.84,736.8336842105264,1731.27,160.71,0,0,19,6,5,0,0,14.00000000415937,11.605269170476427
CUST001327,,,,,,,0,0,0,,24,21596.04,899.835,9479.66,59.78,0,0,24,6,5,1,0,29.75,12.395836483881089
CUST001328,,,,,,,0,0,0,,20,18225.49,911.2745000000001,7219.64,66.35,0,0,20,5,9,0,0,17.5,12.162500135338075
CUST001329,,,,,,,0,0,0,,31,24199.100000000002,780.6161290322582,11746.92,27.8,0,0,31,8,6,0,0,19.25,12.024193548660227
CUST001330,,,,,,,0,0,0,,29,12331.770000000002,425.23344827586214,1805.54,21.74,0,0,29,6,5,0,0,14.00000000034616,11.948275875267504
CUST001331,,,,,,,0,0,0,,19,13782.76,725.4084210526316,3194.82,38.61,0,0,19,5,5,0,0,14.000000002949374,11.697369958859426
CUST001332,,,,,,,0,0,0,,25,12658.91,506.3564,2218.3,23.47,0,0,25,5,4,0,0,14.0,11.690002162952183
CUST001333,,,,,,,0,0,0,,25,15898.909999999998,635.9563999999999,2757.52,51.69,0,0,25,5,8,0,0,12.25000023930354,11.480000010591601
CUST001334,,,,,,,0,0,0,,25,26825.579999999998,1073.0231999999999,9170.1,5.01,0,0,25,8,9,0,0,24.5,12.740000020669893
CUST001335,,,,,,,0,0,0,,31,19441.659999999996,627.150322580645,6700.84,24.94,0,0,31,7,8,0,0,21.000000000552824,12.024193819035682
CUST001336,,,,,,,0,0,0,,21,23863.089999999997,1136.3376190476188,8245.22,26.71,0,0,21,4,6,1,0,26.25,12.916666669990517
CUST001337,,,,,,,0,0,0,,21,9213.589999999997,438.7423809523808,1230.27,22.65,0,0,21,5,4,0,0,12.25032273838134,11.333348716280087
CUST001338,,,,,,,0,0,0,,19,21050.86,1107.94,7402.95,26.52,0,0,19,4,5,0,0,17.500000004076075,11.69737186072209
CUST001339,,,,,,,0,0,0,,20,8014.08,400.704,1714.54,47.6,0,0,20,3,3,0,0,12.250000072277585,11.462500006596951
CUST001340,,,,,,,1,0,0,,23,31948.36,1389.0591304347827,10075.19,16.43,0,0,23,6,5,23,0,35.25,28.630434782622693
CUST001341,,,,,,,0,0,0,,25,14137.57,565.5028,4592.45,14.63,0,0,25,6,6,0,0,12.250000003435996,11.550000005960717
CUST001342,,,,,,,0,0,0,,27,12400.819999999998,459.28962962962953,2267.82,19.82,0,0,27,8,6,0,0,14.0,11.861111487696736
CUST001343,,,,,,,0,1,0,,29,34296.079999999994,1182.6234482758618,8545.06,5.73,0,0,29,7,8,29,0,51.00000844793422,45.26724167462757
CUST001344,,,,,,,0,0,0,,16,17103.219999999998,1068.9512499999998,6671.66,34.07,0,0,16,6,3,0,0,17.5,12.468750000011797
CUST001345,,,,,,,0,0,0,,26,18070.0,695.0,2703.06,8.56,0,0,26,6,8,0,0,14.0,11.980770566672627
CUST001346,,,,,,,0,0,0,,29,17434.62,601.1937931034482,3076.74,30.36,0,0,29,5,7,0,0,14.0,11.58620750991809
CUST001347,,,,,,,0,0,0,,26,16199.529999999999,623.0588461538462,3705.83,12.62,0,0,26,5,8,0,0,14.000000000188557,11.375002977334994
CUST001348,,,,,,,0,0,0,,26,23154.66,890.5638461538462,8010.03,9.29,0,0,26,8,4,0,0,24.50000063112344,12.250000068681787
CUST001349,,,,,,,0,0,0,,31,35549.50000000001,1146.7580645161293,7234.81,29.9,0,0,31,4,6,0,0,17.511363637898697,12.137806606385919
CUST001350,,,,,,,0,0,0,,24,19177.429999999997,799.0595833333332,6217.82,53.57,0,0,24,8,4,0,0,19.25,11.593750001395527
CUST001351,,,,,,,0,0,0,,15,8569.2,571.2800000000001,1679.41,43.22,0,0,15,5,5,0,0,14.0,11.550000106303182
CUST001352,,,,,,,0,0,0,,26,32766.729999999996,1260.258846153846,14802.43,175.8,0,0,26,5,7,0,0,17.50067714224213,11.846180702087203
CUST001353,,,,,,,0,0,0,,23,23812.27,1035.3160869565218,6945.54,35.23,0,0,23,6,5,0,0,17.5,12.250000906823859
CUST001354,,,,,,,0,0,0,,18,15845.68,880.3155555555555,6394.5,73.91,0,0,18,4,4,0,0,17.5,11.375001334680869
CUST001355,,,,,,,0,0,0,,31,19178.579999999998,618.6638709677419,9102.82,13.09,0,0,31,7,4,0,0,24.50000057425377,11.798387738572947
CUST001356,,,,,,,0,0,0,,19,12093.64,636.5073684210525,4673.41,33.12,0,0,19,4,5,0,0,14.0,11.328947369110992
CUST001357,,,,,,,0,0,0,,20,28804.020000000004,1440.2010000000002,14254.51,49.2,0,0,20,7,3,0,0,19.25,11.900006801044308
CUST001358,,,,,,,0,0,0,,34,19323.16,568.3282352941177,3022.31,7.94,0,0,34,9,4,0,0,14.0,11.63235482629091
CUST001359,,,,,,,0,0,0,,23,21703.36,943.6243478260869,11024.05,15.15,0,0,23,9,7,0,0,24.5,12.402300878889559
CUST001360,,,,,,,0,0,0,,29,23831.170000000002,821.7644827586207,4977.64,32.18,0,0,29,5,7,0,0,14.0,11.465596336376802
CUST001361,,,,,,,0,0,0,,24,34642.280000000006,1443.4283333333335,16893.24,117.79,0,0,24,6,9,0,0,17.5,12.177083333340747
CUST001362,,,,,,,0,0,0,,22,16557.73,752.6240909090909,3372.79,72.09,0,0,22,8,5,0,0,14.000001590300805,11.534130204728427
CUST001363,,,,,,,0,0,0,,31,25538.879999999997,823.8348387096773,3644.8,22.12,0,0,31,5,6,0,0,14.00000000241384,11.459677429979338
CUST001364,,,,,,,0,0,0,,22,24493.010000000002,1113.3186363636364,11243.75,41.12,0,0,22,4,9,0,0,17.500000003699704,12.170454545625892
CUST001365,,,,,,,0,0,0,,16,14617.82,913.61375,2956.33,36.09,0,0,16,4,4,0,0,12.250000020326294,11.484375002425097
CUST001366,,,,,,,0,0,0,,31,21748.289999999997,701.5577419354838,8051.37,64.12,0,0,31,8,8,0,0,24.5,12.475806619449044
CUST001367,,,,,,,0,0,0,,17,6888.410000000001,405.20058823529416,1938.64,49.42,0,0,17,3,9,0,0,14.0,12.352941176471766
CUST001368,,,,,,,0,0,0,,26,20772.210000000003,798.931153846154,3829.3,63.48,0,0,26,7,9,0,0,14.0,12.048076962085421
CUST001369,,,,,,,0,0,0,,26,18323.819999999996,704.7623076923076,2599.01,65.24,0,0,26,7,8,0,0,14.000000588527504,11.846154908127083
CUST001370,,,,,,,0,0,0,,27,28126.62,1041.7266666666667,6695.45,20.91,0,0,27,8,7,0,0,17.5,11.925925949898565
CUST001371,,,,,,,0,0,0,,26,18584.08,714.7723076923078,3698.31,31.31,0,0,26,8,7,0,0,14.000000000006429,12.115384648760598
CUST001372,,,,,,,0,0,0,,31,18816.109999999993,606.9712903225804,2250.15,5.0,0,0,30,6,6,0,0,14.000000000001242,11.685483999638533
CUST001373,,,,,,,0,0,0,,26,19814.75,762.1057692307693,5261.9,53.4,0,0,26,7,4,0,0,17.500044076155483,11.71154502046443
CUST001374,,,,,,,0,0,0,,25,20102.82,804.1128,3656.99,100.66,0,0,25,5,6,0,0,12.250003392111616,11.200000273461624
CUST001375,,,,,,,1,0,0,,27,20580.44,762.2385185185185,6083.55,67.17,0,0,27,3,8,27,0,33.5,27.990740793351808
CUST001376,,,,,,,0,0,0,,35,19921.84,569.1954285714286,4424.29,52.75,0,0,35,7,7,0,0,14.000000394800155,11.700000012817837
CUST001377,,,,,,,0,0,0,,20,13580.789999999999,679.0395,2881.12,48.52,0,0,20,5,6,0,0,14.0,11.725001957879154
CUST001378,,,,,,,0,0,0,,26,17641.219999999998,678.5084615384615,2998.2,63.62,0,0,26,5,6,0,0,14.000001685811894,11.375000443949485
CUST001379,,,,,,,0,0,0,,24,29558.940000000002,1231.6225000000002,10390.0,45.71,0,0,24,6,7,0,0,19.25,11.958333366420675
CUST001380,,,,,,,0,0,0,,30,41854.04,1395.1346666666666,16070.77,27.08,0,0,30,8,8,0,0,22.75,12.483333372999956
CUST001381,,,,,,,0,0,0,,27,21336.64,790.2459259259259,6775.96,77.26,0,0,27,8,7,0,0,19.25000000504899,11.990743719401657
CUST001382,,,,,,,0,0,0,,20,15492.889999999998,774.6444999999999,3178.18,71.31,0,0,20,5,8,0,0,14.0,12.07500014039913
CUST001383,,,,,,,0,0,0,,24,17667.670000000002,736.1529166666668,4088.24,37.33,0,0,24,6,7,0,0,17.5,12.031250112320764
CUST001384,,,,,,,0,0,0,,27,11877.710000000001,439.91518518518524,2399.14,68.49,0,0,27,5,9,0,0,14.000000000006208,11.666666788597635
CUST001385,,,,,,,0,0,0,,32,17647.55,551.4859375,2506.82,19.77,0,0,32,10,9,0,0,14.0,11.812502806004655
CUST001386,,,,,,,0,0,0,,23,13994.039999999999,608.4365217391304,3150.21,62.34,0,0,23,5,5,0,0,12.250000167785206,11.565217400827397
CUST001387,,,,,,,0,0,0,,19,19100.570000000003,1005.293157894737,9692.18,76.86,0,0,19,4,5,1,0,28.0,12.526315789500382
CUST001388,,,,,,,0,0,0,,35,61824.71000000001,1766.420285714286,15115.12,45.2,0,0,35,6,9,1,0,29.75,12.95000024283203
CUST001389,,,,,,,0,0,0,,24,15806.570000000002,658.6070833333334,4643.21,58.12,0,0,24,4,4,0,0,14.000000001428166,11.447916857756761
CUST001390,,,,,,,0,0,0,,23,18880.039999999997,820.8713043478259,5372.15,30.57,0,0,23,4,6,0,0,17.5,11.717391523179856
CUST001391,,,,,,,0,0,0,,20,13307.35,665.3675000000001,2421.79,20.82,0,0,20,3,2,0,0,14.00000000000118,11.025000004157775
CUST001392,,,,,,,0,0,0,,27,16351.679999999998,605.6177777777777,2718.76,15.02,0,0,27,6,8,0,0,14.0,11.731481699871487
CUST001393,,,,,,,0,0,1,,25,33307.469999999994,1332.2987999999998,7695.92,15.83,0,0,25,7,5,14,0,32.00000000023744,24.510001143391378
CUST001394,,,,,,,0,0,1,,26,15241.9,586.2269230769231,2428.39,28.22,0,0,26,5,6,15,0,26.75,24.461538678274856
CUST001395,,,,,,,0,0,0,,32,22031.66,688.489375,6617.65,41.29,0,0,32,10,9,0,0,17.5,12.140627649509227
CUST001396,,,,,,,0,0,0,,22,21461.110000000004,975.5050000000002,8044.55,18.96,0,0,22,5,3,0,0,24.5,11.772727272800596
CUST001397,,,,,,,0,0,0,,21,18047.39,859.3995238095238,4428.71,45.6,0,0,21,7,6,0,0,14.0,11.833335012817308
CUST001398,,,,,,,0,0,0,,27,22441.839999999997,831.1792592592591,4396.53,29.95,0,0,27,6,7,0,0,17.5,12.703703711888455
CUST001399,,,,,,,0,0,0,,32,21558.43,673.7009375,3960.33,32.67,0,0,32,8,8,0,0,14.000000000571324,11.86718750788381
CUST001400,,,,,,,0,0,0,,24,12535.53,522.31375,1919.66,13.15,0,0,24,5,4,0,0,14.0,11.447925118340573
CUST001401,,,,,,,0,0,0,,21,21143.53,1006.8347619047619,4769.97,137.05,0,0,21,6,6,0,0,14.0,11.91666677506521
CUST001402,,,,,,,0,0,0,,29,24698.699999999997,851.6793103448275,5404.12,7.03,0,0,29,8,9,0,0,19.25,12.250000000352626
CUST001403,,,,,,,0,0,0,,24,31565.85,1315.2437499999999,8186.67,24.38,0,0,24,7,5,0,0,24.5,12.395834239135375
CUST001404,,,,,,,0,0,0,,22,17388.1,790.3681818181817,6316.39,23.89,0,0,22,8,6,0,0,19.25003138247644,11.931819782042139
CUST001405,,,,,,,0,0,0,,22,14512.16,659.6436363636363,3559.25,60.34,0,0,22,8,6,0,0,12.25000157567254,11.534091000272037
CUST001406,,,,,,,0,0,0,,23,14559.83,633.0360869565218,2264.52,22.43,0,0,23,8,5,0,0,14.0,11.869592169527612
CUST001407,,,,,,,0,0,0,,19,10300.510000000002,542.132105263158,4783.75,29.58,0,0,18,6,6,0,0,14.000000007400418,11.973684213395018
CUST001408,,,,,,,0,0,0,,22,14839.69,674.5313636363636,4179.45,39.96,0,0,22,7,6,0,0,14.000000000642675,11.772727425947817
CUST001409,,,,,,,0,0,0,,26,15911.650000000001,611.9865384615385,4118.26,32.4,0,0,26,7,5,0,0,14.0,11.711538543736342
CUST001410,,,,,,,0,0,0,,30,34190.47,1139.6823333333334,8647.79,42.6,0,0,30,6,8,0,0,24.500000061747983,12.250000299030479
CUST001411,,,,,,,0,0,0,,28,15231.849999999999,543.9946428571428,2233.18,36.31,0,0,28,6,6,0,0,14.000000005253051,11.687507961848356
CUST001412,,,,,,,0,0,0,,21,50659.44000000001,2412.354285714286,24075.2,22.19,0,0,21,5,6,0,0,24.5,12.833333379569561
CUST001413,,,,,,,0,0,1,,27,23285.079999999998,862.4103703703703,5895.86,13.66,0,0,27,5,3,14,0,30.25,24.41670277548278
CUST001414,,,,,,,0,0,1,,17,7062.1900000000005,415.4229411764706,2308.38,19.48,0,0,17,5,6,12,0,25.000000002452115,24.48529412193036
CUST001415,,,,,,,0,0,0,,27,17486.83,647.6603703703704,4299.95,104.53,0,0,27,8,8,0,0,14.00000051372022,11.796296319137737
CUST001416,,,,,,,0,0,0,,21,15113.55,719.6928571428571,1886.52,42.4,0,0,21,6,7,0,0,14.00002021536742,11.500000962753143
CUST001417,,,,,,,0,0,0,,22,19342.59,879.2086363636364,4867.64,32.11,0,0,22,8,5,0,0,15.749999999999998,11.852274164450044
CUST001418,,,,,,,0,0,0,,26,15580.269999999999,599.2411538461538,4219.3,86.65,0,0,26,6,9,0,0,14.000000000128184,11.913461750997758
CUST001419,,,,,,,0,0,0,,20,27106.86,1355.343,8807.89,33.47,0,0,20,6,6,0,0,24.5,12.075000957810808
CUST001420,,,,,,,0,0,0,,26,27769.11,1068.0426923076923,3922.05,21.77,0,0,26,6,4,0,0,14.0,11.173098066275232
CUST001421,,,,,,,0,0,1,,14,13920.689999999999,994.3349999999999,3109.7,16.1,0,0,14,4,3,7,0,25.000006096725745,24.125000436209405
CUST001422,,,,,,,0,0,0,,17,12905.000000000002,759.1176470588236,5050.64,74.19,0,0,17,6,6,0,0,21.00000000000493,12.55882352991746
CUST001423,,,,,,,0,0,0,,29,12526.140000000001,431.93586206896555,1728.69,17.12,0,0,29,6,6,0,0,14.0,11.88796322689384
CUST001424,,,,,,,0,0,0,,28,31900.699999999997,1139.310714285714,8151.16,17.81,0,0,28,7,7,0,0,22.75,12.437500254271907
CUST001425,,,,,,,0,0,0,,24,22984.83,957.7012500000001,6677.17,55.31,0,0,24,7,5,0,0,19.25,12.104238285147426
CUST001426,,,,,,,0,0,0,,35,36582.979999999996,1045.2279999999998,6445.79,34.45,0,0,35,8,10,0,0,19.25,11.800002315087008
CUST001427,,,,,,,0,0,1,,22,14977.58,680.7990909090909,4002.83,30.32,0,0,22,5,7,10,0,25.00000002172435,24.045454651957144
CUST001428,,,,,,,0,0,0,,35,26161.89,747.4825714285714,6076.32,15.69,0,0,35,8,6,0,0,21.0,12.00000000373172
CUST001429,,,,,,,0,0,0,,23,13769.380000000001,598.6686956521739,2583.33,36.8,0,0,23,6,5,0,0,14.0,12.021739130603653
CUST001430,,,,,,,0,0,0,,16,10550.76,659.4225,3023.1,46.72,0,0,16,6,5,0,0,12.2500000005296,11.70312500005734
CUST001431,,,,,,,0,0,0,,20,22094.360000000004,1104.7180000000003,14775.83,6.36,0,0,20,3,6,0,0,22.75,11.987500008286663
CUST001432,,,,,,,0,0,0,,15,6687.29,445.8193333333333,2113.09,40.45,0,0,15,4,5,0,0,14.0,11.900000136678212
CUST001433,,,,,,,1,0,0,,29,16750.0,577.5862068965517,4219.88,18.47,0,0,29,5,7,29,0,30.000000000324533,27.646551724358822
CUST001434,,,,,,,0,0,0,,30,20529.370000000003,684.3123333333334,5150.77,37.27,0,0,30,6,5,0,0,19.25,11.900001094243462
CUST001435,,,,,,,0,0,0,,16,8828.25,551.765625,2387.84,69.47,0,0,16,3,2,0,0,12.250000017575893,11.156250001983498
CUST001436,,,,,,,0,0,1,,14,5680.75,405.76785714285717,1404.48,11.18,0,0,14,3,4,9,0,25.00000000004728,24.375000000588127
CUST001437,,,,,,,0,0,0,,20,10827.609999999999,541.3805,2565.22,29.66,0,0,20,7,7,0,0,14.0,11.637500000761355
CUST001438,,,,,,,0,0,0,,25,10439.29,417.57160000000005,1717.79,14.92,0,0,25,8,6,0,0,14.0,11.55000094410947
CUST001439,,,,,,,0,0,0,,17,7668.679999999999,451.09882352941173,1841.61,38.55,0,0,17,6,5,0,0,14.000000000002986,12.044117647396938
CUST001440,,,,,,,0,1,0,,20,10752.469999999998,537.6234999999999,2427.45,35.05,0,0,19,4,7,20,0,45.750000004829,44.87500003303004
CUST001441,,,,,,,0,0,0,,20,16392.3,819.615,2536.61,90.75,0,0,20,6,6,0,0,14.0,11.637500035993146
CUST001442,,,,,,,0,0,0,,30,18643.93,621.4643333333333,2362.31,14.84,0,0,30,6,6,0,0,14.000000000035586,11.60833333418909
CUST001443,,,,,,,0,0,0,,20,14803.659999999996,740.1829999999998,3076.39,45.13,0,0,20,8,3,0,0,14.0,11.550003076521154
CUST001444,,,,,,,0,0,0,,20,18887.589999999997,944.3794999999998,3890.99,22.29,0,0,20,5,5,0,0,14.000000000934156,11.637500012157924
CUST001445,,,,,,,1,0,0,,19,14473.850000000002,761.7815789473685,3898.42,16.82,0,0,19,4,5,19,0,30.0,27.513157894741695
CUST001446,,,,,,,0,0,0,,26,22438.109999999997,863.0042307692306,8067.14,37.98,0,0,26,8,3,0,0,24.5,12.384615407705
CUST001447,,,,,,,0,0,0,,22,20181.869999999995,917.3577272727271,7262.65,23.35,0,0,22,6,4,0,0,19.25,11.772727419336489
CUST001448,,,,,,,0,0,0,,28,21095.339999999997,753.4049999999999,2843.9,23.38,0,0,28,8,5,0,0,14.000000085080105,11.687503527602953
CUST001449,,,,,,,0,0,0,,28,16431.33,586.8332142857143,5447.18,7.32,0,0,28,8,8,0,0,19.25000523745648,12.00000021334252
CUST001450,,,,,,,0,0,0,,22,12112.239999999998,550.5563636363636,3777.35,22.66,0,0,22,4,5,0,0,14.000000000353037,12.170454546025864
CUST001451,,,,,,,0,0,0,,32,27154.389999999996,848.5746874999999,10596.67,76.33,0,0,32,6,6,0,0,17.5,11.539062534434985
CUST001452,,,,,,,0,0,0,,26,13112.26,504.3176923076923,2385.31,21.6,0,0,26,5,7,0,0,14.000000000272191,11.307692346966972
CUST001453,,,,,,,0,0,0,,17,8456.67,497.4511764705882,1666.16,17.21,0,0,17,7,5,0,0,14.0,11.632352941335249
CUST001454,,,,,,,0,0,0,,18,21062.270000000004,1170.1261111111114,8709.23,62.58,0,0,18,5,5,1,0,28.0,12.347222222335404
CUST001455,,,,,,,0,0,0,,34,15663.730000000001,460.69794117647064,3208.61,5.0,0,0,34,7,5,0,0,14.000000098999925,11.477946154261051
CUST001456,,,,,,,0,0,0,,30,11900.759999999998,396.69199999999995,2630.99,19.46,0,0,30,7,6,0,0,12.25000701643322,11.550000263047849
CUST001457,,,,,,,0,0,0,,32,17130.09,535.3153125,2281.65,16.21,0,0,32,8,9,0,0,14.00000000012219,11.703126066992363
CUST001458,,,,,,,0,0,0,,21,17622.93,839.1871428571428,6676.71,63.48,0,0,21,7,4,0,0,21.0,12.250000033697209
CUST001459,,,,,,,0,0,0,,17,6905.870000000001,406.22764705882355,1426.22,34.19,0,0,17,3,7,0,0,14.0,11.941176480878951
CUST001460,,,,,,,0,0,0,,27,15424.690000000002,571.2848148148149,2125.36,34.46,0,0,27,7,7,0,0,14.000010581700954,11.731614516501638
CUST001461,,,,,,,0,0,0,,32,16730.78,522.836875,1859.05,16.4,0,0,32,9,7,0,0,14.000002057337296,12.085937650210363
CUST001462,,,,,,,0,0,0,,23,12146.52,528.1095652173914,1716.37,38.11,0,0,23,7,7,0,0,14.0,11.793478342410186
CUST001463,,,,,,,0,0,0,,20,11478.98,573.949,3098.73,76.24,0,0,20,5,3,0,0,14.0,11.375000005151742
CUST001464,,,,,,,0,0,0,,17,21240.059999999998,1249.415294117647,4830.02,5.6,0,0,17,8,5,0,0,12.25000000029824,11.83823529413519
CUST001465,,,,,,,0,0,0,,22,17031.239999999998,774.1472727272726,4169.59,40.0,0,0,22,7,5,0,0,14.0,11.375000016538305
CUST001466,,,,,,,0,0,0,,20,13766.53,688.3265,5802.22,29.6,0,0,20,8,8,0,0,19.25,12.425000000096034
CUST001467,,,,,,,0,0,0,,23,12718.930000000002,552.9969565217392,2444.05,6.43,0,0,23,8,6,0,0,14.0,11.793478269186615
CUST001468,,,,,,,0,0,0,,18,15571.62,865.09,3676.66,28.53,0,0,18,5,5,0,0,12.25000028107034,11.277777793392866
CUST001469,,,,,,,0,0,0,,30,24669.190000000002,822.3063333333334,2711.64,33.65,0,0,30,4,9,0,0,14.00000102710025,11.608333502120304
CUST001470,,,,,,,0,0,0,,23,17926.390000000003,779.4082608695653,4661.4,19.4,0,0,23,7,7,0,0,12.250000002025969,11.565217391907373
CUST001471,,,,,,,0,0,0,,20,7741.62,387.081,1354.34,46.25,0,0,20,4,5,0,0,12.250000000097764,11.200000048550516
CUST001472,,,,,,,0,0,0,,18,7174.620000000001,398.59000000000003,1594.54,18.68,0,0,18,8,6,0,0,14.0,11.861111112578875
CUST001473,,,,,,,0,0,0,,30,13211.199999999997,440.3733333333332,1429.12,8.63,0,0,30,10,7,0,0,14.0,11.7250003434375
CUST001474,,,,,,,0,0,0,,20,20489.640000000003,1024.4820000000002,6710.51,24.51,0,0,20,7,7,0,0,19.25,12.250000501064486
CUST001475,,,,,,,0,0,0,,24,10082.02,420.0841666666667,1851.33,89.86,0,0,24,7,5,0,0,14.0,11.520833335725898
CUST001476,,,,,,,0,0,0,,25,17633.11,705.3244,3722.79,50.31,0,0,25,6,7,0,0,14.000000005008944,11.69000005625443
CUST001477,,,,,,,0,0,0,,24,14524.990000000002,605.2079166666667,2773.46,48.51,0,0,24,6,6,0,0,14.0,11.812500019787464
CUST001478,,,,,,,0,0,0,,24,17240.09,718.3370833333333,4278.09,10.79,0,0,24,6,6,0,0,14.000000000237575,11.739593108157955
CUST001479,,,,,,,0,0,0,,21,28500.93,1357.1871428571428,19362.27,62.62,0,0,21,7,4,1,0,26.25,12.416666670429239
CUST001480,,,,,,,0,0,0,,19,10202.7,536.9842105263158,2772.7,34.94,0,0,19,3,8,0,0,14.000000000009372,11.88158079320425
CUST001481,,,,,,,0,0,0,,22,11107.260000000002,504.87545454545466,3012.83,5.45,0,0,22,6,7,0,0,14.000000730492507,12.011363671519018
CUST001482,,,,,,,0,0,0,,18,8910.22,495.0122222222222,2744.41,37.92,0,0,18,1,4,0,0,5.25032844239255,4.180652357797854
CUST001483,,,,,,,0,0,0,,17,20941.479999999996,1231.851764705882,6154.82,58.42,0,0,17,6,4,0,0,19.25,12.250000456137766
CUST001484,,,,,,,0,0,0,,24,19524.08,813.5033333333334,3980.51,27.74,0,0,24,7,5,0,0,14.00000000000004,11.593849242521129
CUST001485,,,,,,,0,0,0,,30,18572.87,619.0956666666666,2300.57,34.81,0,0,30,6,6,0,0,14.00019403587631,11.608342051595493
CUST001486,,,,,,,0,0,0,,20,18902.47,945.1235,4957.6,23.26,0,0,20,4,8,0,0,14.0,11.812500000393943
CUST001487,,,,,,,0,0,0,,30,35510.880000000005,1183.6960000000001,17215.39,5.0,0,0,30,9,8,0,0,21.0,11.783335251409214
CUST001488,,,,,,,0,0,0,,28,13044.139999999998,465.86214285714277,1802.24,55.3,0,0,28,6,9,0,0,14.0,11.437500180839375
CUST001489,,,,,,,0,0,0,,29,18751.800000000003,646.6137931034484,2903.56,13.93,0,0,28,7,6,0,0,14.0,11.767241392437112
CUST001490,,,,,,,0,0,0,,26,15357.31,590.6657692307692,3192.48,12.78,0,0,26,7,7,0,0,14.0,11.778847395481396
CUST001491,,,,,,,0,0,0,,28,16928.05,604.5732142857142,2730.09,17.83,0,0,28,8,7,0,0,14.000000000054346,11.62500108284935
CUST001492,,,,,,,0,0,0,,21,12973.289999999999,617.7757142857142,2568.2,35.03,0,0,21,7,7,0,0,14.0,11.833335217553191
CUST001493,,,,,,,0,0,0,,22,48231.689999999995,2192.349545454545,23524.03,15.51,0,0,22,3,6,0,0,22.750000086906923,12.090909364610532
CUST001494,,,,,,,0,0,0,,21,11659.779999999999,555.227619047619,1441.9,32.64,0,0,21,5,6,0,0,14.0,11.416667253837069
CUST001495,,,,,,,0,1,0,,17,14015.18,824.4223529411765,2925.59,5.0,0,0,17,7,6,17,0,47.49999999999999,45.54411764706657
CUST001496,,,,,,,0,0,0,,28,20218.229999999996,722.0796428571427,4130.15,40.02,0,0,28,6,5,0,0,14.0,11.375000220195446
CUST001497,,,,,,,0,0,0,,15,6639.76,442.65066666666667,1835.84,22.27,0,0,15,8,5,0,0,14.0,11.900000000078085
CUST001498,,,,,,,0,0,0,,20,23384.280000000002,1169.2140000000002,5516.76,83.09,0,0,20,3,4,0,0,17.5,11.81250010215183
CUST001499,,,,,,,0,0,0,,22,12625.909999999998,573.9049999999999,1731.05,47.01,0,0,22,7,4,0,0,14.00000015293858,11.6931818255882
CUST001500,,,,,,,0,0,0,,19,39902.98,2100.1568421052634,34267.08,35.03,0,0,19,9,7,1,0,28.0,12.526316655129737
CUST001501,,,,,,,0,0,0,,19,9970.490000000002,524.7626315789474,3021.09,61.9,0,0,19,5,7,0,0,14.0,11.881579005724268
CUST001502,,,,,,,0,0,0,,18,21264.87,1181.3816666666667,10302.31,39.33,0,0,18,5,5,0,0,19.25,11.76388896226452
CUST001503,,,,,,,0,0,0,,25,20318.620000000003,812.7448,3543.27,53.72,0,0,25,5,6,0,0,14.000000199488092,11.690000811207888
CUST001504,,,,,,,0,0,0,,16,13038.97,814.935625,2329.86,63.02,0,0,16,4,5,0,0,14.0,11.48437502860023
CUST001505,,,,,,,0,0,0,,20,13745.38,687.269,4033.87,79.82,0,0,20,4,8,0,0,14.0,11.900000009801454
CUST001506,,,,,,,0,0,0,,20,7874.409999999999,393.72049999999996,1392.06,58.93,0,0,20,4,9,0,0,14.0,11.987500008992226
CUST001507,,,,,,,0,0,1,,24,22133.46,922.2275,3244.79,97.24,0,0,24,7,3,15,0,26.75,24.489583335967385
CUST001508,,,,,,,0,0,0,,23,13019.320000000002,566.0573913043479,4352.18,43.57,0,0,23,6,7,0,0,14.0,11.717399116173857
CUST001509,,,,,,,0,0,0,,29,13059.48,450.32689655172413,2137.35,12.62,0,0,29,6,9,0,0,14.000000100491372,11.767241383680902
CUST001510,,,,,,,0,0,0,,32,20108.879999999997,628.4024999999999,2610.35,29.74,0,0,32,7,6,0,0,14.0,11.812501259441124
CUST001511,,,,,,,0,0,0,,22,23252.49,1056.9313636363638,5564.99,43.86,0,0,22,4,5,0,0,19.25,12.011367358760507
CUST001512,,,,,,,0,0,0,,22,9906.2,450.2818181818182,3790.46,20.87,0,0,22,8,4,0,0,14.000000000005286,11.852272853355315
CUST001513,,,,,,,0,0,0,,20,13744.230000000001,687.2115000000001,4468.36,39.17,0,0,20,5,6,0,0,17.5,11.812500007141654
CUST001514,,,,,,,0,0,0,,24,16340.439999999999,680.8516666666666,5072.7,54.18,0,0,24,5,3,0,0,21.0,11.885417037370102
CUST001515,,,,,,,0,0,0,,23,13791.679999999998,599.6382608695651,5700.99,5.93,0,0,23,8,8,0,0,19.25,12.097826094556739
CUST001516,,,,,,,0,0,1,,14,8755.8,625.4142857142857,2857.86,11.37,0,0,14,5,3,6,0,26.75,24.125000007546724
CUST001517,,,,,,,0,0,0,,19,11380.230000000001,598.9594736842106,3906.04,52.6,0,0,19,7,6,0,0,14.0,11.881578957349992
CUST001518,,,,,,,0,0,0,,21,30380.86,1446.7076190476191,9582.65,44.86,0,0,21,6,5,0,0,24.5,13.000000880805079
CUST001519,,,,,,,0,0,0,,28,22504.800000000003,803.7428571428572,3120.99,37.55,0,0,28,9,6,0,0,14.0,11.875000356930357
CUST001520,,,,,,,0,0,0,,31,29501.41,951.6583870967742,13374.65,6.27,0,0,31,6,6,0,0,22.75000085512132,11.798387377042186
CUST001521,,,,,,,0,0,0,,20,13642.86,682.143,5399.69,30.68,0,0,20,6,6,0,0,19.250000000744883,12.162500009238409
CUST001522,,,,,,,0,0,0,,23,20185.389999999996,877.6256521739128,4553.79,24.93,0,0,23,6,5,0,0,14.0,12.021739158423763
CUST001523,,,,,,,0,0,0,,27,20269.2,750.7111111111111,6203.86,16.18,0,0,27,5,7,0,0,21.000000000042505,11.990741466278353
CUST001524,,,,,,,0,0,0,,17,11089.939999999999,652.3494117647058,3598.7,35.3,0,0,17,4,3,0,0,14.000000000003944,11.529411801048473
CUST001525,,,,,,,0,0,0,,19,14388.109999999999,757.268947368421,5753.53,22.51,0,0,19,3,5,0,0,19.25,11.513157894898765
CUST001526,,,,,,,0,0,0,,24,32176.67,1340.6945833333332,14843.15,47.14,0,0,24,7,6,0,0,19.25,12.031261337012245
CUST001527,,,,,,,0,0,0,,25,13022.59,520.9036,2453.78,12.19,0,0,25,7,10,0,0,14.000000092500612,11.690003161901881
CUST001528,,,,,,,0,0,0,,24,12879.01,536.6254166666666,2665.75,64.22,0,0,24,7,4,0,0,14.000000000165327,11.302226824157847
CUST001529,,,,,,,0,0,0,,15,10127.21,675.1473333333332,1403.92,56.47,0,0,15,5,3,0,0,12.250000008429009,11.550096186039207
CUST001530,,,,,,,0,0,0,,24,20852.42,868.8508333333333,5473.42,16.56,0,0,24,3,7,0,0,19.25,11.739583950159505
CUST001531,,,,,,,0,0,0,,21,15442.990000000002,735.3804761904763,4198.12,20.67,0,0,21,3,5,0,0,12.25,11.083333367078298
CUST001532,,,,,,,0,0,1,,22,11602.42,527.3827272727273,1752.0,69.75,0,0,22,4,5,12,0,26.75,24.443181827832117
CUST001533,,,,,,,0,0,0,,28,31112.550000000003,1111.1625000000001,6459.79,34.66,0,0,28,7,7,0,0,19.25,11.875085771140808
CUST001534,,,,,,,0,0,0,,21,10146.66,483.1742857142857,3364.88,11.43,0,0,21,5,4,0,0,14.0,11.500000000788775
CUST001535,,,,,,,0,0,0,,22,12601.81,572.8095454545454,2015.97,24.17,0,0,22,6,5,0,0,14.0,11.772727275979603
CUST001536,,,,,,,0,0,0,,18,16880.29,937.7938888888889,6950.68,40.65,0,0,18,5,5,0,0,17.500000005557272,11.569444453488309
CUST001537,,,,,,,0,0,0,,25,18990.65,759.6260000000001,5068.34,42.81,0,0,25,5,6,0,0,21.000000000982546,12.110000009791257
CUST001538,,,,,,,0,0,0,,32,15447.36,482.73,4109.58,32.83,0,0,32,9,7,0,0,14.000000000485706,11.593750079958003
CUST001539,,,,,,,0,0,0,,23,7739.590000000001,336.5039130434783,906.42,23.08,0,0,23,8,6,0,0,14.0,11.94565217392896
CUST001540,,,,,,,0,0,0,,26,15852.710000000001,609.7196153846154,3479.23,45.83,0,0,26,4,4,0,0,14.000000002391376,11.44230769259759
CUST001541,,,,,,,0,0,0,,25,11664.210000000001,466.56840000000005,2558.88,56.35,0,0,25,7,7,0,0,14.0,11.83000000003449
CUST001542,,,,,,,0,0,0,,19,7432.049999999999,391.1605263157894,1228.31,30.1,0,0,18,7,7,0,0,14.00000000000002,12.065789475706628
CUST001543,,,,,,,0,0,0,,22,20203.199999999997,918.3272727272725,8034.42,28.23,0,0,22,9,6,1,0,28.000003865958483,12.647727463783594
CUST001544,,,,,,,0,0,0,,28,22615.710000000003,807.7039285714287,3450.98,64.09,0,0,27,8,7,0,0,14.000000000263467,11.625009009785543
CUST001545,,,,,,,0,0,0,,19,33972.24,1788.0126315789473,15289.93,58.58,0,0,19,5,4,0,0,22.75,12.802631578950033
CUST001546,,,,,,,0,0,0,,25,11846.849999999999,473.87399999999997,2794.97,37.82,0,0,25,7,5,0,0,14.0,11.830000007750202
CUST001547,,,,,,,0,0,0,,25,10865.85,434.634,1424.23,27.44,0,0,25,5,8,0,0,14.0,11.550009103042392
CUST001548,,,,,,,0,0,0,,25,8443.74,337.7496,1652.49,51.06,0,0,25,7,6,0,0,14.0,11.76000018435417
CUST001549,,,,,,,1,0,0,,23,16260.000000000002,706.9565217391305,6889.94,35.77,0,0,23,7,7,23,0,38.75,28.478260869959474
CUST001550,,,,,,,0,0,0,,38,27272.550000000003,717.6986842105264,7525.79,61.45,0,0,38,6,6,0,0,17.5,11.835534108864907
CUST001551,,,,,,,0,0,0,,32,32496.85,1015.5265625,5287.06,12.82,0,0,32,6,9,0,0,19.25,12.140625008933647
CUST001552,,,,,,,0,0,0,,18,21424.16,1190.2311111111112,11393.27,9.31,0,0,18,3,7,0,0,17.5,12.152777778604353
CUST001553,,,,,,,0,0,0,,15,8848.03,589.8686666666667,4059.33,76.75,0,0,15,6,3,0,0,14.0,11.5500000161227
CUST001554,,,,,,,0,0,0,,21,12128.019999999997,577.5247619047617,4147.7,7.1,0,0,21,6,6,0,0,17.5,12.000000054330885
CUST001555,,,,,,,0,0,0,,26,21639.61,832.2926923076923,4843.58,25.45,0,0,26,9,5,0,0,14.000000000014046,11.71153853928225
CUST001556,,,,,,,0,0,0,,30,18879.85,629.3283333333333,2240.05,72.71,0,0,30,8,6,0,0,14.000002210623462,11.550007137923318
CUST001557,,,,,,,0,0,0,,23,10280.320000000002,446.9704347826088,3218.28,44.99,0,0,23,7,5,0,0,14.0,11.48913048623497
CUST001558,,,,,,,0,0,0,,28,45791.8,1635.4214285714286,24985.03,71.57,0,0,28,4,6,0,0,24.5,11.875000531661103
CUST001559,,,,,,,0,0,0,,22,10518.680000000002,478.1218181818183,2193.0,31.04,0,0,22,5,6,0,0,14.0,12.011363636771991
CUST001560,,,,,,,0,0,0,,22,9103.220000000001,413.7827272727273,1678.52,63.07,0,0,22,5,6,0,0,14.0,11.61363636372186
CUST001561,,,,,,,0,0,0,,31,18675.359999999997,602.4309677419354,3416.12,22.29,0,0,31,7,7,0,0,14.000000000417714,11.572580645265598
CUST001562,,,,,,,0,0,0,,18,19336.02,1074.2233333333334,3978.46,86.48,0,0,18,6,8,0,0,12.250068835836723,11.569448268679016
CUST001563,,,,,,,0,0,0,,26,28754.530000000002,1105.9434615384616,9023.12,62.35,0,0,25,5,8,0,0,22.75,12.182692307814609
CUST001564,,,,,,,0,0,0,,11,8800.47,800.0427272727272,3276.21,120.38,0,0,11,3,2,0,0,12.2500000058841,11.454545456157398
CUST001565,,,,,,,0,0,0,,19,14210.84,747.938947368421,4996.15,82.32,0,0,19,3,7,0,0,14.0,11.605346482419405
CUST001566,,,,,,,0,0,0,,23,14547.32,632.4921739130434,6728.17,38.75,0,0,23,8,7,0,0,17.5,11.94565712922705
CUST001567,,,,,,,0,0,0,,20,18034.059999999998,901.7029999999999,3579.52,30.3,0,0,20,3,5,0,0,14.000000000033127,11.637500018674652
CUST001568,,,,,,,0,0,0,,22,15006.620000000003,682.119090909091,2267.84,62.99,0,0,22,5,4,0,0,14.0,11.454545474402858
CUST001569,,,,,,,0,0,0,,24,20248.629999999997,843.6929166666665,5646.73,108.95,0,0,24,7,6,0,0,19.25,12.104167129400869
CUST001570,,,,,,,0,0,0,,21,15967.410000000002,760.3528571428573,3635.03,23.81,0,0,21,3,4,0,0,12.250000000127196,11.41666666844894
CUST001571,,,,,,,0,0,1,,16,3420.4,213.775,824.69,24.77,0,0,16,4,5,8,0,25.000000000004874,24.125000006727113
CUST001572,,,,,,,0,0,0,,30,16295.439999999999,543.1813333333333,2711.84,11.8,0,0,30,8,9,0,0,14.0,12.016666671129425
CUST001573,,,,,,,0,0,0,,30,15711.500000000002,523.7166666666667,4267.27,40.71,0,0,30,8,8,0,0,14.0,11.666666674594014
CUST001574,,,,,,,0,0,0,,18,8014.44,445.24666666666667,3529.25,41.47,0,0,18,8,8,0,0,14.0,12.152777777777782
CUST001575,,,,,,,0,0,0,,17,11501.54,676.5611764705883,2404.35,118.36,0,0,17,4,6,0,0,14.0,11.63235294129475
CUST001576,,,,,,,0,0,0,,29,21713.460000000003,748.7400000000001,5115.92,53.54,0,0,29,7,5,1,0,26.25,12.55172836584778
CUST001577,,,,,,,0,0,0,,20,9268.230000000001,463.41150000000005,1564.67,29.94,0,0,20,5,6,0,0,14.0,11.462502173581735
CUST001578,,,,,,,0,0,0,,32,28701.329999999998,896.9165624999999,4647.46,12.93,0,0,32,9,8,0,0,14.0,11.648437549606324
CUST001579,,,,,,,0,0,0,,22,8323.449999999999,378.33863636363634,1203.82,8.32,0,0,22,4,7,0,0,14.0,11.772727335940942
CUST001580,,,,,,,0,0,0,,27,36259.02,1342.9266666666665,15793.7,15.65,0,0,27,10,6,0,0,19.25,11.925926475332504
CUST001581,,,,,,,0,0,0,,23,12407.2,539.4434782608696,4183.86,34.89,0,0,23,6,5,0,0,14.000000489947924,11.641311445713407
CUST001582,,,,,,,0,0,0,,24,15389.969999999998,641.2487499999999,2309.21,28.04,0,0,24,8,11,0,0,14.00000879272446,12.10416775288923
CUST001583,,,,,,,0,0,0,,12,6270.889999999999,522.5741666666667,2802.7,17.09,0,0,12,2,3,0,0,7.0,4.37500002187596
CUST001584,,,,,,,0,0,0,,26,13106.9,504.11153846153843,1706.12,14.18,0,0,26,6,7,0,0,14.0,11.980773402184127
CUST001585,,,,,,,0,0,0,,35,24332.609999999997,695.2174285714285,4250.0,22.82,0,0,35,8,8,0,0,14.0,11.550000006181575
CUST001586,,,,,,,0,0,0,,30,22931.28,764.376,2711.18,47.81,0,0,29,7,6,0,0,14.0,11.666666715228127
CUST001587,,,,,,,0,0,0,,31,28756.000000000004,927.6129032258066,7383.23,32.73,0,0,31,7,9,0,0,19.25000195215172,12.02419375241157
CUST001588,,,,,,,0,0,0,,31,35292.74999999999,1138.4758064516127,4934.07,29.55,0,0,31,6,5,0,0,14.000000019029295,11.459688058192254
CUST001589,,,,,,,0,0,0,,22,21370.83,971.4013636363637,6093.12,38.62,0,0,22,6,6,0,0,19.25,12.56818299516584
CUST001590,,,,,,,0,0,0,,17,13245.460000000001,779.144705882353,2805.98,32.49,0,0,17,6,6,0,0,12.25,11.426470588632364
CUST001591,,,,,,,0,0,0,,25,20109.879999999997,804.3951999999999,6483.51,79.22,0,0,25,6,8,0,0,19.25,11.830000018477735
CUST001592,,,,,,,0,0,0,,25,29173.149999999998,1166.926,5500.52,40.05,0,0,25,6,6,0,0,22.75,12.180000011929978
CUST001593,,,,,,,0,0,0,,17,12453.220000000001,732.5423529411765,4464.69,52.93,0,0,17,4,6,0,0,12.250000000026931,11.63235313772466
CUST001594,,,,,,,0,0,0,,21,9548.109999999999,454.6719047619047,2302.48,45.81,0,0,21,5,6,0,0,14.000000237382794,11.583333375928813
CUST001595,,,,,,,0,0,0,,32,23445.879999999997,732.6837499999999,4949.03,16.1,0,0,32,7,9,0,0,12.250000010782868,11.648437500961837
CUST001596,,,,,,,0,0,0,,12,13789.389999999998,1149.115833333333,4065.1,59.49,0,0,12,5,3,0,0,12.250000003087967,11.229166666948778
CUST001597,,,,,,,0,0,0,,29,18075.23,623.2837931034483,3278.9,12.42,0,0,27,8,10,0,0,14.0,11.827586434422491
CUST001598,,,,,,,0,0,0,,21,10167.249999999998,484.1547619047618,2211.13,17.32,0,0,21,5,3,0,0,14.0,11.250045463634605
CUST001599,,,,,,,0,0,0,,21,24305.38,1157.3990476190477,16050.98,22.89,0,0,21,8,3,0,0,24.5,12.333337836551621
CUST001600,,,,,,,0,0,0,,23,16788.329999999998,729.9273913043478,6622.5,50.55,0,0,23,6,7,0,0,19.25,12.021739171267555
CUST001601,,,,,,,0,0,0,,31,36801.33,1187.139677419355,20425.48,11.93,0,0,31,5,8,0,0,19.25000010438345,11.798387133768799
CUST001602,,,,,,,1,0,1,,19,17462.250000000004,919.0657894736844,6641.94,102.96,0,0,19,7,7,19,0,48.25,36.36842137191469
CUST001603,,,,,,,0,0,0,,20,8500.21,425.0105,1022.93,80.79,0,0,20,7,6,0,0,14.00000000010681,11.725001200938172
CUST001604,,,,,,,0,0,0,,22,13303.480000000001,604.7036363636364,3375.08,32.19,0,0,22,5,7,0,0,14.000000000087962,11.693181980840501
CUST001605,,,,,,,0,0,0,,24,12329.489999999998,513.7287499999999,2030.46,26.85,0,0,23,7,6,0,0,12.250000412534474,11.593750029639532
CUST001606,,,,,,,0,0,0,,28,30373.68,1084.7742857142857,7102.72,25.38,0,0,28,4,8,0,0,19.25,12.000001442255586
CUST001607,,,,,,,0,0,0,,28,11477.34,409.90500000000003,1590.83,17.77,0,0,28,9,6,0,0,14.0,11.500022480513895
CUST001608,,,,,,,0,0,0,,21,17490.910000000003,832.9004761904764,3579.18,34.29,0,0,21,7,7,0,0,14.0,11.833333334540228
CUST001609,,,,,,,0,0,0,,23,13788.46,599.4982608695652,3040.84,26.6,0,0,23,5,7,0,0,14.000000000000028,11.94565218906244
CUST001610,,,,,,,0,0,0,,24,17503.079999999998,729.295,2829.13,37.25,0,0,24,6,4,0,0,12.25000000003435,11.593750001100846
CUST001611,,,,,,,0,0,0,,22,13142.679999999998,597.3945454545454,2042.55,13.04,0,0,22,8,8,0,0,12.2500004012091,11.693181873970712
CUST001612,,,,,,,0,0,0,,26,15409.93,592.6896153846154,2158.15,11.06,0,0,26,6,7,0,0,14.000000044612223,11.913461543050376
CUST001613,,,,,,,0,0,0,,27,15437.150000000001,571.7462962962964,2129.87,14.25,0,0,27,7,5,0,0,14.0,11.601863959411688
CUST001614,,,,,,,0,0,0,,20,15075.479999999998,753.7739999999999,5802.12,31.1,0,0,20,9,4,0,0,19.25,12.337517929329525
CUST001615,,,,,,,0,0,0,,33,20973.93,635.5736363636364,3355.42,8.31,0,0,33,6,7,0,0,14.0,11.719706558110852
CUST001616,,,,,,,0,0,0,,23,20057.28,872.055652173913,2236.69,65.22,0,0,23,7,6,0,0,14.0,11.869576173222843
CUST001617,,,,,,,0,0,0,,29,13093.52,451.50068965517244,2694.36,24.78,0,0,29,9,7,0,0,14.0,11.706898153052142
CUST001618,,,,,,,0,0,0,,37,21401.78,578.4264864864865,2131.48,35.43,0,0,34,9,10,0,0,14.000000000008916,11.87162167509636
CUST001619,,,,,,,0,0,0,,17,6452.79,379.57588235294116,1527.08,50.97,0,0,17,7,6,0,0,12.250000000123883,11.529411764802576
CUST001620,,,,,,,0,0,0,,24,16477.11,686.54625,2785.28,43.85,0,0,24,3,5,0,0,14.0,11.593750000698671
CUST001621,,,,,,,0,0,1,,29,15533.160000000002,535.6262068965518,3454.3,48.23,0,0,29,9,7,20,0,26.75,24.57758621961153
CUST001622,,,,,,,0,0,0,,24,21281.559999999998,886.7316666666666,3724.43,39.34,0,0,24,7,7,0,0,14.0,11.739583336363635
CUST001623,,,,,,,0,0,0,,29,17300.460000000003,596.5675862068966,2454.77,33.64,0,0,29,10,8,0,0,12.250000089455728,11.465517327322878
CUST001624,,,,,,,0,0,0,,24,15794.029999999999,658.0845833333333,3610.79,34.09,0,0,24,7,8,0,0,14.0,11.739583347118177
CUST001625,,,,,,,1,0,0,,28,21297.260000000002,760.6164285714286,2154.36,34.77,0,0,28,5,7,28,0,28.250000001299146,27.500000000840426
CUST001626,,,,,,,1,0,0,,24,23551.18,981.2991666666667,4114.22,52.52,0,0,24,8,9,24,0,30.0,27.812500184265037
CUST001627,,,,,,,0,0,0,,21,8733.06,415.85999999999996,1661.06,23.72,0,0,21,5,7,0,0,14.0,11.750000291305081
CUST001628,,,,,,,0,0,0,,20,15283.070000000002,764.1535000000001,2502.14,69.89,0,0,20,6,3,0,0,14.0,11.375043788424527
CUST001629,,,,,,,0,0,0,,28,19423.729999999996,693.7046428571427,2503.49,40.37,0,0,28,5,8,0,0,14.0,11.562500950923566
CUST001630,,,,,,,0,0,0,,23,13586.769999999997,590.7291304347825,2377.41,65.05,0,0,23,5,5,0,0,14.0,11.793482035820682
CUST001631,,,,,,,0,0,0,,28,22998.56,821.3771428571429,3496.62,39.18,0,0,28,8,6,0,0,14.000005701018193,11.875000379428226
CUST001632,,,,,,,0,0,0,,28,26248.960000000003,937.4628571428573,4756.6,72.93,0,0,28,7,9,0,0,14.0,11.687500120793285
CUST001633,,,,,,,0,0,0,,21,18312.850000000002,872.0404761904763,6211.93,37.09,0,0,21,6,6,0,0,17.5,12.333333334112503
CUST001634,,,,,,,0,0,0,,27,36945.340000000004,1368.3459259259262,10121.4,24.11,0,0,27,4,9,0,0,17.5,11.99074098713281
CUST001635,,,,,,,0,0,0,,20,16192.629999999997,809.6314999999998,6779.82,65.16,0,0,20,4,7,0,0,19.25,12.075000555233833
CUST001636,,,,,,,0,0,0,,28,29404.070000000007,1050.1453571428574,4062.9,15.63,0,0,28,5,11,0,0,14.000000003517949,11.937504843282268
CUST001637,,,,,,,0,0,0,,24,12513.72,521.405,2490.34,11.8,0,0,24,4,5,0,0,14.0,11.15625002139109
CUST001638,,,,,,,0,0,0,,20,14480.89,724.0445,3513.63,24.05,0,0,20,5,6,0,0,12.25000000009109,11.900000000004598
CUST001639,,,,,,,0,0,0,,23,11807.689999999999,513.3778260869565,2145.54,29.99,0,0,23,7,5,0,0,14.0,11.869571452482678
CUST001640,,,,,,,0,0,0,,23,16054.1,698.0043478260869,2881.3,46.39,0,0,23,10,6,0,0,14.000000000155644,12.250000003054625
CUST001641,,,,,,,0,0,0,,26,16800.510000000002,646.1734615384617,2504.91,64.03,0,0,26,5,6,0,0,14.0,11.64423096808372
CUST001642,,,,,,,0,0,0,,23,27500.75,1195.6847826086957,5977.12,46.32,0,0,23,6,6,0,0,19.25,12.478260924251197
CUST001643,,,,,,,0,0,0,,17,11097.539999999999,652.7964705882353,5731.62,13.43,0,0,16,3,5,0,0,19.25,11.941176473745381
CUST001644,,,,,,,0,0,0,,27,25131.100000000002,930.7814814814816,5029.41,12.96,0,0,27,5,5,0,0,17.5,11.666716898687728
CUST001645,,,,,,,0,0,0,,18,16709.09,928.2827777777778,3694.53,31.27,0,0,17,4,5,0,0,14.0,11.472222234089994
CUST001646,,,,,,,0,0,0,,17,16305.970000000001,959.174705882353,7730.0,84.71,0,0,17,4,3,0,0,22.75,12.14707408567383
CUST001647,,,,,,,0,0,0,,34,16003.300000000001,470.6852941176471,1534.2,20.05,0,0,34,7,8,0,0,14.0,11.889710750248986
CUST001648,,,,,,,0,0,0,,35,18613.49,531.8140000000001,4087.77,18.94,0,0,35,5,7,0,0,14.0,11.450000216482508
CUST001649,,,,,,,0,0,1,,21,13751.840000000002,654.8495238095239,2516.58,9.92,0,0,20,4,6,13,0,26.75,24.750000001238824
CUST001650,,,,,,,0,0,0,,27,21306.690000000002,789.1366666666668,4738.76,65.45,0,0,27,7,6,0,0,14.00000000048957,11.925926771794149
CUST001651,,,,,,,0,0,0,,17,11584.06,681.415294117647,3675.33,29.3,0,0,17,5,7,0,0,14.0,11.941176470691445
CUST001652,,,,,,,0,0,0,,22,28004.04,1272.9109090909092,7196.67,26.46,0,0,22,6,5,0,0,19.25,12.090909430674339
CUST001653,,,,,,,0,0,0,,25,20754.379999999997,830.1751999999999,6921.82,38.47,0,0,25,6,7,0,0,17.5,12.040000096047347
CUST001654,,,,,,,0,0,0,,19,10305.939999999999,542.4178947368421,2248.79,26.93,0,0,18,6,6,0,0,14.0000000000436,11.88157903183439
CUST001655,,,,,,,0,0,0,,32,23701.71,740.6784375,7431.29,27.37,0,0,32,9,8,0,0,19.25,11.976613396010837
CUST001656,,,,,,,0,0,0,,29,24197.87,834.4093103448275,5128.33,97.4,0,0,29,9,8,0,0,19.25,12.491386665737423
CUST001657,,,,,,,0,0,0,,25,10976.33,439.0532,1987.11,36.98,0,0,25,7,6,0,0,14.000000018852631,11.900000006085765
CUST001658,,,,,,,0,0,0,,24,16033.16,668.0483333333333,3104.0,51.15,0,0,24,7,6,0,0,14.000000000205857,12.177083333374732
CUST001659,,,,,,,0,0,0,,30,22988.760000000002,766.292,4732.71,23.46,0,0,29,6,6,0,0,14.0,11.491667775574973
CUST001660,,,,,,,0,0,0,,17,19507.15,1147.479411764706,10217.17,31.54,0,0,17,3,3,0,0,17.5,11.941176796157693
CUST001661,,,,,,,0,0,0,,20,15194.869999999999,759.7434999999999,4966.58,49.77,0,0,20,5,4,0,0,14.0,11.462500058681794
CUST001662,,,,,,,0,0,0,,19,15034.44,791.2863157894737,7297.59,35.64,0,0,19,8,6,0,0,19.25,12.526315796366923
CUST001663,,,,,,,0,0,1,,20,7486.05,374.3025,2149.94,44.03,0,0,20,4,4,9,0,26.75,24.21250000001462
CUST001664,,,,,,,0,0,0,,17,11703.56,688.4447058823529,2155.84,10.5,0,0,17,7,3,0,0,14.0,11.529412537824143
CUST001665,,,,,,,0,0,0,,24,24932.47,1038.8529166666667,5144.37,32.15,0,0,23,8,5,0,0,21.0,12.322916950805194
CUST001666,,,,,,,0,0,0,,28,29267.719999999994,1045.275714285714,5769.3,38.16,0,0,28,9,5,0,0,19.25,12.125000000055724
CUST001667,,,,,,,0,0,0,,26,18458.85,709.9557692307692,5110.43,37.33,0,0,26,3,3,0,0,19.25000000017076,11.375000003222452
CUST001668,,,,,,,1,0,0,,26,14217.38,546.8223076923076,5591.6,27.14,0,0,26,8,7,26,0,37.00000000000017,28.115384635078605
CUST001669,,,,,,,0,0,0,,28,15898.54,567.8050000000001,1768.65,26.61,0,0,28,5,5,0,0,14.0,11.562500007470488
CUST001670,,,,,,,0,0,0,,26,14968.18,575.6992307692308,1753.41,24.76,0,0,26,5,7,0,0,12.25004610105776,11.307753306418341
CUST001671,,,,,,,0,0,0,,14,10389.83,742.1307142857142,2261.08,44.53,0,0,14,5,5,0,0,14.0,12.25000041268301
CUST001672,,,,,,,0,0,0,,28,30879.479999999996,1102.8385714285712,8146.32,16.09,0,0,28,5,6,0,0,22.750000095398,11.937500003728564
CUST001673,,,,,,,1,0,0,,27,18017.72,667.3229629629631,4211.23,70.58,0,0,27,5,9,27,0,33.5,28.055555556385585
CUST001674,,,,,,,0,0,0,,20,13097.54,654.8770000000001,4397.06,31.91,0,0,20,5,2,0,0,14.00000000011802,11.375000232942295
CUST001675,,,,,,,0,0,0,,26,20859.76,802.2984615384614,4529.93,10.05,0,0,26,8,6,0,0,14.0,11.846164382209265
CUST001676,,,,,,,0,0,0,,24,15912.57,663.02375,6325.14,9.5,0,0,24,8,6,0,0,17.500000496889342,11.958333417565475
CUST001677,,,,,,,0,0,0,,25,17908.25,716.33,7307.34,19.45,0,0,25,4,5,0,0,21.0,12.110000023223717
CUST001678,,,,,,,0,0,0,,17,9090.68,534.7458823529412,2345.43,37.67,0,0,17,4,6,0,0,14.000000133907898,11.632352949062588
CUST001679,,,,,,,0,0,0,,28,16140.3,576.4392857142857,2868.64,16.76,0,0,28,7,6,0,0,14.0,11.812500002794964
CUST001680,,,,,,,0,0,0,,25,23296.109999999997,931.8443999999998,5289.03,17.3,0,0,25,5,6,0,0,19.25,11.97000000429814
CUST001681,,,,,,,0,0,0,,31,41688.490000000005,1344.7900000000002,13158.45,54.42,0,0,31,8,7,0,0,19.250000017580483,12.53242669511507
CUST001682,,,,,,,0,0,0,,25,9930.57,397.2228,2636.87,5.99,0,0,25,5,6,0,0,14.00000006222566,11.34000005098101
CUST001683,,,,,,,0,0,0,,23,12455.489999999998,541.5430434782608,2007.72,44.15,0,0,23,8,5,0,0,14.0,11.641304555860625
CUST001684,,,,,,,0,0,0,,32,26350.57,823.4553125,7034.47,14.57,0,0,32,6,9,0,0,19.25,12.359375028138581
CUST001685,,,,,,,0,0,0,,18,16806.66,933.7033333333334,2913.58,59.52,0,0,18,4,2,0,0,14.0,11.472222223254306
CUST001686,,,,,,,0,0,0,,22,14340.449999999999,651.8386363636363,2018.97,20.33,0,0,22,7,7,0,0,14.000000006158524,11.852272738915502
CUST001687,,,,,,,0,0,0,,17,7770.58,457.09294117647056,2167.81,11.11,0,0,17,6,3,0,0,12.250000442133176,11.632352969216129
CUST001688,,,,,,,0,0,0,,23,21533.16,936.224347826087,6915.08,27.49,0,0,23,7,6,0,0,19.25,12.250005371954114
CUST001689,,,,,,,0,0,0,,27,27514.83,1019.0677777777778,7967.41,39.63,0,0,27,8,9,0,0,19.25,12.25000003210658
CUST001690,,,,,,,0,0,0,,17,8366.79,492.1641176470589,1531.54,31.49,0,0,17,6,3,0,0,14.0,11.632352941239132
CUST001691,,,,,,,0,0,0,,25,18456.06,738.2424000000001,3692.54,41.39,0,0,25,7,7,0,0,14.0,11.620000000000006
CUST001692,,,,,,,0,0,0,,28,14422.07,515.0739285714286,2072.84,14.77,0,0,28,7,7,0,0,14.0,11.687501754270661
CUST001693,,,,,,,0,0,0,,25,25161.4,1006.456,6660.18,22.13,0,0,25,7,6,0,0,19.25,12.18000000639597
CUST001694,,,,,,,0,0,0,,30,32251.740000000005,1075.0580000000002,11731.63,37.67,0,0,30,6,7,0,0,21.0,11.78334081439241
CUST001695,,,,,,,0,0,0,,21,13256.359999999999,631.255238095238,2603.8,37.97,0,0,21,7,7,0,0,14.000000006573943,11.75000000081565
CUST001696,,,,,,,0,0,0,,38,35446.34,932.7984210526315,8011.16,14.42,0,0,38,9,8,0,0,24.5,12.342252259807621
CUST001697,,,,,,,0,0,1,,22,29634.080000000005,1347.0036363636366,18790.66,24.89,0,0,22,6,8,15,0,35.5,25.079545496797774
CUST001698,,,,,,,0,0,0,,24,28731.28,1197.1366666666665,10192.1,173.51,0,0,24,6,7,0,0,22.75,12.32291852733846
CUST001699,,,,,,,0,0,0,,21,16093.23,766.3442857142857,2639.3,46.08,0,0,21,5,6,0,0,14.00000000024474,11.583337334405188
CUST001700,,,,,,,0,0,0,,20,19706.249999999996,985.3124999999998,5356.11,10.25,0,0,20,8,4,0,0,19.25,11.81250000021291
CUST001701,,,,,,,0,0,0,,22,28556.9,1298.040909090909,7409.47,38.67,0,0,22,6,4,0,0,19.25,12.329546496969785
CUST001702,,,,,,,0,0,1,,23,12798.419999999998,556.4530434782608,2871.3,38.32,0,0,23,6,7,13,0,26.75,24.315217391509755
CUST001703,,,,,,,0,0,1,,27,18685.389999999996,692.0514814814813,3898.83,18.62,0,0,27,6,6,15,0,25.00001480234628,24.222222770845065
CUST001704,,,,,,,0,0,0,,20,13973.550000000001,698.6775,3327.29,49.09,0,0,20,3,7,0,0,12.250000000002734,11.37500041554915
CUST001705,,,,,,,0,0,0,,32,44955.649999999994,1404.8640624999998,22178.79,16.47,0,0,32,6,7,0,0,24.50000000072835,12.414154458079013
CUST001706,,,,,,,0,0,0,,24,16284.039999999999,678.5016666666667,4226.8,13.78,0,0,24,4,7,0,0,12.250012284193492,11.666667248067617
CUST001707,,,,,,,0,0,0,,23,20200.350000000002,878.2760869565218,5831.41,30.24,0,0,23,5,4,0,0,17.5,11.413043559500135
CUST001708,,,,,,,0,0,0,,31,22921.670000000002,739.4087096774194,2424.56,39.85,0,0,31,8,5,0,0,14.0,11.798390133648683
CUST001709,,,,,,,0,0,0,,20,9403.74,470.187,1025.9,130.25,0,0,20,6,5,0,0,14.0,11.550000000453002
CUST001710,,,,,,,0,0,0,,32,16310.61,509.7065625,3280.97,68.73,0,0,32,8,11,0,0,14.0,11.976584548679249
CUST001711,,,,,,,0,0,0,,26,37382.86,1437.8023076923077,6983.62,41.65,0,0,26,5,8,0,0,19.25,12.11538481066306
CUST001712,,,,,,,0,0,0,,31,13056.650000000001,421.1822580645162,985.1,11.79,0,0,30,10,5,0,0,14.0,11.854839910505161
CUST001713,,,,,,,0,0,0,,26,13619.619999999999,523.8315384615385,2955.93,21.62,0,0,26,5,7,0,0,14.0,11.5096154389056
CUST001714,,,,,,,0,0,0,,17,9561.59,562.4464705882353,2557.93,23.29,0,0,17,4,6,0,0,14.000000000000052,11.83823581215083
CUST001715,,,,,,,0,0,0,,21,10143.69,483.03285714285715,2306.35,11.56,0,0,21,6,7,0,0,14.0,11.833333343813061
CUST001716,,,,,,,0,0,0,,31,22162.429999999997,714.9170967741934,5925.12,31.76,0,0,30,8,5,0,0,19.25,11.798387099185714
CUST001717,,,,,,,0,0,0,,25,13510.570000000002,540.4228,1921.89,31.27,0,0,25,7,5,0,0,14.000000002175328,11.410000011119875
CUST001718,,,,,,,0,0,0,,30,15730.39,524.3463333333333,6318.36,18.61,0,0,30,3,4,0,0,17.5,11.375000957988858
CUST001719,,,,,,,0,0,0,,23,13148.419999999998,571.6704347826086,2215.49,24.88,0,0,23,5,6,0,0,14.0,11.56522791016961
CUST001720,,,,,,,0,0,0,,39,33644.159999999996,862.6707692307691,7640.01,28.15,0,0,39,6,8,0,0,17.5,11.622182503739742
CUST001721,,,,,,,0,0,0,,15,8359.1,557.2733333333333,3325.5,18.32,0,0,15,4,6,0,0,14.0,11.433333532923973
CUST001722,,,,,,,0,0,0,,36,32426.859999999997,900.7461111111111,2993.96,17.32,0,0,36,9,9,0,0,14.0,12.104169110675606
CUST001723,,,,,,,1,0,0,,30,19778.639999999996,659.2879999999999,4455.0,44.76,0,0,30,5,8,30,0,30.000000000000007,27.375000061426377
CUST001724,,,,,,,0,0,0,,17,7707.97,453.41,1464.64,45.4,0,0,17,4,5,0,0,14.0,11.632352974644753
CUST001725,,,,,,,0,0,0,,15,10037.109999999999,669.1406666666666,2945.06,51.92,0,0,15,4,7,0,0,14.0,11.783333333333333
CUST001726,,,,,,,0,0,0,,28,27709.65,989.6303571428572,7178.85,41.51,0,0,28,5,5,0,0,19.25000003004338,12.000000186968148
CUST001727,,,,,,,0,0,0,,27,25088.99,929.221851851852,6996.03,36.22,0,0,27,8,8,0,0,17.5,12.120370384947012
CUST001728,,,,,,,0,0,0,,18,10526.7,584.8166666666667,4207.17,27.25,0,0,18,4,5,0,0,14.0,11.180562213997668
CUST001729,,,,,,,1,0,0,,25,15990.82,639.6328,3962.05,37.31,0,0,25,6,7,25,0,30.0,27.69000017040119
CUST001730,,,,,,,0,0,0,,21,16850.79,802.4185714285715,5283.39,22.49,0,0,21,3,5,0,0,19.25,11.583333449244188
CUST001731,,,,,,,0,0,0,,20,8155.87,407.7935,1032.47,5.17,0,0,20,5,5,0,0,12.25000002635372,11.725000001375935
CUST001732,,,,,,,0,0,0,,23,15930.439999999999,692.6278260869565,2547.81,28.08,0,0,23,5,7,0,0,14.000000013279378,11.793478544290434
CUST001733,,,,,,,0,0,1,,23,14867.939999999999,646.4321739130435,4555.76,27.35,0,0,23,7,4,11,0,26.750000000023224,24.239130440969586
CUST001734,,,,,,,0,0,0,,27,16069.690000000002,595.1737037037038,4279.3,33.57,0,0,27,6,7,0,0,14.000000000000576,11.666666672109544
CUST001735,,,,,,,0,0,0,,30,22943.540000000005,764.7846666666668,4332.32,13.3,0,0,30,5,6,0,0,14.00000000000314,11.666669176430563
CUST001736,,,,,,,0,0,0,,27,13813.689999999999,511.6181481481481,4060.71,20.29,0,0,27,6,6,0,0,14.00000000147497,11.925925926268965
CUST001737,,,,,,,0,0,0,,28,20280.59,724.3067857142858,8314.38,49.92,0,0,28,8,9,0,0,22.75,12.375003726000065
CUST001738,,,,,,,0,0,0,,18,9240.810000000001,513.3783333333334,2761.48,32.38,0,0,18,6,2,0,0,14.0,11.569444445112667
CUST001739,,,,,,,0,0,0,,17,6072.969999999999,357.23352941176466,1260.34,29.62,0,0,17,5,6,0,0,14.0,11.529411764709256
CUST001740,,,,,,,0,0,0,,25,58375.84,2335.0335999999998,40018.74,44.35,0,0,25,4,6,1,0,26.25,12.180000108254665
CUST001741,,,,,,,0,0,0,,34,25885.390000000003,761.335,3755.56,9.86,0,0,34,8,9,0,0,14.0,11.786945326211072
CUST001742,,,,,,,0,0,0,,28,26334.269999999997,940.5096428571427,5228.5,31.76,0,0,28,6,6,0,0,19.25,11.875002729888168
CUST001743,,,,,,,0,0,0,,33,19231.84,582.7830303030303,4215.97,11.71,0,0,33,6,5,0,0,14.00000001673028,11.348486074627727
CUST001744,,,,,,,0,0,0,,23,26479.02,1151.2617391304348,8972.0,62.36,0,0,23,7,7,0,0,22.75000029069247,12.250002268358791
CUST001745,,,,,,,0,0,0,,18,11480.37,637.7983333333334,3714.76,48.56,0,0,18,6,4,0,0,12.250001258378642,11.375000071367777
CUST001746,,,,,,,0,0,0,,22,27196.73,1236.215,10628.64,43.53,0,0,22,8,8,0,0,21.00000000006981,11.852272727779608
CUST001747,,,,,,,0,0,0,,21,18571.110000000004,884.3385714285716,4903.04,71.7,0,0,21,5,3,0,0,12.25,11.333383761361983
CUST001748,,,,,,,0,0,0,,23,14174.130000000003,616.2665217391306,4265.54,11.42,0,0,23,7,4,0,0,14.000000000039734,11.869565217393585
CUST001749,,,,,,,0,0,0,,36,20741.030000000002,576.1397222222223,3906.92,9.82,0,0,36,7,8,0,0,15.749999999999998,11.81250000133353
CUST001750,,,,,,,0,0,0,,30,16140.829999999998,538.0276666666666,3547.44,11.35,0,0,30,8,9,0,0,14.000001635559714,11.78333363784625
CUST001751,,,,,,,0,0,0,,25,20787.02,831.4808,4081.99,40.95,0,0,25,6,6,0,0,14.0,11.550000002415377
CUST001752,,,,,,,0,0,0,,21,16982.63,808.6966666666667,3663.65,20.97,0,0,21,7,7,0,0,14.0,11.583333334996343
CUST001753,,,,,,,0,0,0,,21,11221.24,534.3447619047619,2022.71,36.45,0,0,21,5,3,0,0,14.0,11.583333395799064
CUST001754,,,,,,,0,0,0,,32,23476.57,733.6428125,5080.94,28.2,0,0,32,7,7,0,0,17.5,11.921924519875748
CUST001755,,,,,,,0,0,0,,27,31733.73,1175.3233333333333,8219.58,37.27,0,0,27,6,10,1,0,26.25,12.250000054177187
CUST001756,,,,,,,0,0,1,,18,14145.34,785.8522222222223,4415.52,5.0,0,0,18,7,6,10,0,26.750000000002977,24.513891328743156
CUST001757,,,,,,,0,0,0,,29,19650.629999999997,677.6079310344827,6134.02,46.87,0,0,29,9,5,0,0,21.0,12.06896562394517
CUST001758,,,,,,,0,0,0,,14,7824.58,558.8985714285715,2391.23,12.69,0,0,14,3,8,0,0,14.0,11.625000000000037
CUST001759,,,,,,,1,0,0,,19,16257.659999999998,855.6663157894736,3059.31,14.35,0,0,19,6,6,19,0,30.0,27.78947368443061
CUST001760,,,,,,,0,0,0,,39,29854.15,765.4910256410257,6177.29,19.02,0,0,39,9,6,0,0,19.250000070178192,11.7564167733487
CUST001761,,,,,,,0,0,0,,20,20443.019999999997,1022.1509999999998,6006.28,53.48,0,0,20,4,4,0,0,17.5,11.637500097627015
CUST001762,,,,,,,0,0,0,,23,13286.370000000003,577.6682608695653,3135.45,42.73,0,0,23,7,9,0,0,14.0,11.945652173921612
CUST001763,,,,,,,0,0,0,,33,35933.04,1088.88,8928.63,29.75,0,0,33,7,8,0,0,24.5,12.303030979172766
CUST001764,,,,,,,0,0,1,,22,21967.860000000004,998.5390909090911,5648.62,21.84,0,0,22,6,6,14,0,32.0,24.68181823133222
CUST001765,,,,,,,0,0,0,,28,15678.46,559.9449999999999,2572.28,26.62,0,0,28,7,7,0,0,14.000000000002045,11.87500038035159
CUST001766,,,,,,,0,0,0,,26,17143.34,659.3592307692307,3187.43,25.09,0,0,26,6,5,0,0,14.0,11.375000000025008
CUST001767,,,,,,,0,0,0,,17,12436.6,731.564705882353,5007.93,79.93,0,0,17,6,4,0,0,19.25,12.044117716978944
CUST001768,,,,,,,0,0,0,,16,7491.6900000000005,468.23062500000003,1452.16,5.0,0,0,16,4,4,0,0,14.000000000000083,11.593750000024075
CUST001769,,,,,,,0,0,0,,24,8914.98,371.4575,1758.26,7.52,0,0,24,6,8,0,0,12.250002856717876,11.885416785809332
CUST001770,,,,,,,0,0,0,,26,13192.590000000002,507.40730769230777,2874.44,21.34,0,0,26,7,8,0,0,14.000000002540704,11.77884798788585
CUST001771,,,,,,,0,0,0,,26,18629.480000000003,716.5184615384617,4484.38,73.37,0,0,26,7,6,0,0,14.0,11.644232576055252
CUST001772,,,,,,,0,0,0,,13,8727.21,671.323846153846,3093.42,21.7,0,0,13,6,7,0,0,14.00000001673176,12.115384616782986
CUST001773,,,,,,,1,0,0,,24,26054.300000000003,1085.5958333333335,7756.02,48.43,0,0,24,6,6,24,0,35.25000000568498,28.614583333705287
CUST001774,,,,,,,0,0,0,,20,8945.38,447.26899999999995,1764.63,34.97,0,0,20,5,7,0,0,14.0,11.90000000236336
CUST001775,,,,,,,0,0,0,,23,14225.210000000003,618.487391304348,2554.9,42.05,0,0,23,8,4,0,0,14.000016834904764,11.717392057862583
CUST001776,,,,,,,0,0,0,,19,15212.130000000001,800.6384210526317,4440.15,64.01,0,0,19,8,8,0,0,14.000000000000272,11.789473684210542
CUST001777,,,,,,,0,0,1,,28,26583.08,949.3957142857143,5021.43,71.88,0,0,28,6,7,16,0,30.250014247459088,24.687500827897107
CUST001778,,,,,,,0,0,0,,31,25323.750000000004,816.8951612903227,10827.24,18.88,0,0,31,8,6,0,0,24.5,12.645162019638706
CUST001779,,,,,,,0,0,0,,21,9026.1,429.81428571428575,1673.84,20.11,0,0,21,4,5,0,0,14.0,11.25000014685021
CUST001780,,,,,,,0,0,0,,28,19864.54,709.4478571428572,3938.51,18.58,0,0,28,6,6,0,0,12.250000064789086,11.437500085238069
CUST001781,,,,,,,0,0,0,,28,10219.73,364.99035714285714,2578.78,33.06,0,0,28,6,6,0,0,14.0,11.687501613381245
CUST001782,,,,,,,0,0,0,,30,27015.940000000002,900.5313333333335,12446.97,32.23,0,0,30,8,6,0,0,22.75000020353163,11.958334664473945
CUST001783,,,,,,,0,0,0,,13,6857.29,527.4838461538461,2075.76,18.38,0,0,13,6,4,0,0,12.25000000010936,11.711538461548297
CUST001784,,,,,,,0,0,0,,30,24443.690000000006,814.7896666666669,6926.39,51.49,0,0,30,8,5,0,0,17.5,11.900028905219894
CUST001785,,,,,,,0,0,0,,28,20941.420000000002,747.9078571428572,4984.24,60.61,0,0,28,6,5,0,0,14.0,11.18750003048272
CUST001786,,,,,,,0,0,0,,29,24232.1,835.5896551724137,5063.59,22.61,0,0,29,6,8,0,0,19.25,11.948279780028145
CUST001787,,,,,,,0,0,0,,25,14547.99,581.9196,2461.68,18.5,0,0,25,8,8,0,0,14.0,12.040001176578112
CUST001788,,,,,,,0,0,0,,26,12842.07,493.9257692307692,1941.29,46.94,0,0,26,5,3,0,0,12.25001159039589,11.375000536963025
CUST001789,,,,,,,0,0,0,,25,39619.98,1584.7992000000002,18615.56,21.77,0,0,25,6,7,0,0,24.5,12.600000529733936
CUST001790,,,,,,,0,0,0,,27,58598.45999999999,2170.313333333333,36226.55,20.7,0,0,27,6,8,1,0,26.25,12.768576043820296
CUST001791,,,,,,,0,0,0,,22,24697.869999999995,1122.6304545454543,9802.38,56.61,0,0,22,3,4,0,0,24.5,11.852279771439951
CUST001792,,,,,,,0,0,0,,28,20095.43,717.6939285714286,4788.52,10.3,0,0,28,6,8,0,0,14.0,11.750001146719525
CUST001793,,,,,,,1,0,0,,24,16608.25,692.0104166666666,3049.22,20.18,0,0,23,5,7,24,0,30.0,27.88541667762421
CUST001794,,,,,,,1,0,0,,29,15527.69,535.4375862068965,2933.85,20.69,0,0,29,6,6,29,0,30.0,27.646551725123718
CUST001795,,,,,,,0,0,0,,15,6783.879999999999,452.2586666666666,1988.85,24.6,0,0,15,4,4,0,0,14.0,11.433333386476663
CUST001796,,,,,,,0,0,0,,36,27459.3,762.7583333333333,3625.28,19.76,0,0,36,7,7,0,0,14.0,11.763919278535177
CUST001797,,,,,,,0,0,0,,32,17085.079999999998,533.9087499999999,2403.85,32.3,0,0,32,9,7,0,0,14.0,11.812502028122811
CUST001798,,,,,,,0,0,0,,25,31985.649999999998,1279.426,8702.91,20.85,0,0,25,7,7,0,0,22.75,12.320000003982903
CUST001799,,,,,,,1,0,0,,23,10119.230000000001,439.9665217391305,2305.9,17.13,0,0,23,8,4,23,0,30.00000000000044,27.793478603876892
CUST001800,,,,,,,0,0,0,,35,29891.33,854.038,5477.18,42.39,0,0,34,5,6,0,0,19.25,11.35000039344204
CUST001801,,,,,,,0,0,0,,24,17216.559999999998,717.3566666666666,3299.19,37.98,0,0,24,5,7,0,0,12.250000000154266,11.447923709085364
CUST001802,,,,,,,0,0,0,,23,9415.97,409.39,1362.8,34.03,0,0,23,6,6,0,0,14.0,11.641306579075593
CUST001803,,,,,,,0,0,0,,17,22413.969999999998,1318.4688235294116,12725.56,16.94,0,0,17,7,4,0,0,17.50000000074197,12.14706130004703
CUST001804,,,,,,,1,0,0,,26,29153.1,1121.2730769230768,12441.67,43.94,0,0,26,3,7,26,0,35.25,27.778846154146667
CUST001805,,,,,,,0,0,0,,19,26121.930000000004,1374.8384210526317,8984.29,20.66,0,0,19,1,8,0,0,17.5,5.7105599485945495
CUST001806,,,,,,,0,0,0,,18,16035.21,890.8449999999999,5564.67,42.84,0,0,18,6,4,0,0,17.5,11.958333333361205
CUST001807,,,,,,,0,0,0,,25,21379.179999999997,855.1671999999999,3726.45,47.1,0,0,25,7,5,0,0,14.0,11.550000021890519
CUST001808,,,,,,,0,0,0,,33,13553.01,410.6972727272727,2187.26,12.4,0,0,33,6,9,0,0,14.0,11.825757582940973
CUST001809,,,,,,,0,0,0,,26,14476.039999999999,556.7707692307692,2432.05,41.3,0,0,26,7,6,0,0,14.0,11.913461540445939
CUST001810,,,,,,,1,0,0,,18,11357.69,630.9827777777778,2291.01,29.08,0,0,18,6,6,18,0,30.0,28.15277777778616
CUST001811,,,,,,,0,0,0,,25,11665.05,466.602,3422.36,48.12,0,0,25,6,7,0,0,14.000000000009408,11.690000027900064
CUST001812,,,,,,,0,0,0,,20,15740.510000000002,787.0255000000001,4863.01,14.2,0,0,20,5,6,0,0,17.500000000119364,11.987522974436363
CUST001813,,,,,,,0,0,0,,26,11627.75,447.22115384615387,2613.0,38.06,0,0,24,6,8,0,0,14.0,11.711538463793792
CUST001814,,,,,,,0,0,0,,22,19799.679999999997,899.9854545454544,7396.25,66.81,0,0,21,6,6,0,0,17.5,11.772727275138827
CUST001815,,,,,,,0,0,0,,20,51497.58999999998,2574.879499999999,40897.99,39.18,0,0,20,3,6,0,0,22.75,11.812500535553221
CUST001816,,,,,,,0,0,1,,27,15834.159999999998,586.4503703703703,1663.37,34.0,0,0,27,7,6,14,0,26.750000000034028,24.416666805825976
CUST001817,,,,,,,0,0,0,,32,25339.28,791.8525,5993.33,21.6,0,0,32,7,4,0,0,17.5,11.867189471808409
CUST001818,,,,,,,0,0,0,,25,16733.36,669.3344000000001,2217.32,35.7,0,0,25,8,7,0,0,14.0,11.690003433961998
CUST001819,,,,,,,0,0,0,,23,14918.119999999999,648.6139130434782,3536.94,20.61,0,0,23,7,7,0,0,14.0,11.869565568189381
CUST001820,,,,,,,0,0,0,,26,36986.88,1422.5723076923075,7639.41,48.88,0,0,26,7,6,0,0,19.25,12.25000061811542
CUST001821,,,,,,,0,0,0,,19,8671.779999999999,456.40947368421047,1106.66,9.08,0,0,19,5,7,0,0,14.00000099638964,12.157894795583383
CUST001822,,,,,,,0,0,0,,23,17961.33,780.9273913043479,9176.71,41.83,0,0,23,4,6,0,0,24.500000002045947,12.09782608880654
CUST001823,,,,,,,0,0,0,,24,10458.169999999998,435.75708333333324,1732.54,11.84,0,0,24,8,6,0,0,14.000000329837755,11.52083369244392
CUST001824,,,,,,,0,0,0,,24,36085.2,1503.55,13285.82,35.47,0,0,24,5,5,0,0,24.5,12.031250000795872
CUST001825,,,,,,,0,0,0,,26,31403.48,1207.8261538461538,8674.29,47.76,0,0,25,6,6,0,0,24.5,12.317307752563504
CUST001826,,,,,,,0,0,0,,22,23127.370000000003,1051.244090909091,6504.11,72.3,0,0,22,7,9,0,0,24.5,13.125000000269948
CUST001827,,,,,,,0,0,0,,18,11075.34,615.2966666666666,5505.98,14.03,0,0,18,7,3,0,0,24.50000023340167,12.152777791251367
CUST001828,,,,,,,0,0,0,,28,17445.79,623.0639285714286,2066.86,87.65,0,0,28,4,9,0,0,14.000000000632763,12.000002550962531
CUST001829,,,,,,,0,0,0,,32,21870.7,683.459375,3964.23,14.7,0,0,32,8,7,0,0,14.0,11.867208211495576
CUST001830,,,,,,,0,0,0,,27,35398.63,1311.0603703703703,18599.47,26.86,0,0,27,5,8,0,0,19.250000039570747,12.314814834553689
CUST001831,,,,,,,0,0,0,,21,15674.31,746.3957142857142,4460.17,12.38,0,0,21,5,5,0,0,14.0,11.666666666693171
CUST001832,,,,,,,0,0,0,,18,15409.54,856.0855555555556,3643.96,47.33,0,0,18,4,4,0,0,14.0,11.472224200949647
CUST001833,,,,,,,0,0,0,,18,19526.14,1084.7855555555554,7769.52,27.0,0,0,18,5,6,0,0,17.5,11.86111252837945
CUST001834,,,,,,,0,0,0,,24,16691.09,695.4620833333333,7855.14,53.04,0,0,24,4,5,0,0,19.250000000265764,11.812502598771225
CUST001835,,,,,,,0,0,0,,18,15344.259999999998,852.4588888888889,7030.42,32.51,0,0,17,5,2,0,0,19.25,11.95833333446889
CUST001836,,,,,,,0,0,0,,22,42731.13999999999,1942.3245454545452,12253.37,66.76,0,0,22,5,6,0,0,24.5,13.284090913259535
CUST001837,,,,,,,0,0,0,,24,19082.61,795.10875,8002.97,39.55,0,0,24,6,7,0,0,22.75,12.322916666709295
CUST001838,,,,,,,0,0,0,,22,23244.150000000005,1056.552272727273,6180.65,86.93,0,0,22,5,9,0,0,19.25,12.250000066626585
CUST001839,,,,,,,0,0,0,,21,12084.880000000001,575.4704761904762,3978.0,17.35,0,0,21,6,5,0,0,14.0,11.750000000416986
CUST001840,,,,,,,0,0,0,,21,13975.69,665.5090476190477,4256.0,11.8,0,0,20,4,6,0,0,14.000000000345802,11.416666667406123
CUST001841,,,,,,,0,0,0,,34,23848.539999999997,701.4276470588235,3486.26,26.73,0,0,34,7,7,0,0,14.00000000001872,11.477942772541795
CUST001842,,,,,,,0,0,0,,33,26523.27,803.7354545454546,3004.58,16.83,0,0,33,5,9,0,0,14.0,11.454547797629978
CUST001843,,,,,,,0,0,0,,29,41442.969999999994,1429.0679310344826,17531.69,50.73,0,0,29,5,7,0,0,24.5,12.1293107144373
CUST001844,,,,,,,0,0,0,,27,26649.329999999998,987.0122222222221,4699.71,78.46,0,0,27,5,8,0,0,14.00000000024739,11.731481638360984
CUST001845,,,,,,,0,0,1,,26,17543.65,674.7557692307693,2264.4,37.35,0,0,26,6,6,12,0,26.75000032175246,24.192314902495415
CUST001846,,,,,,,1,0,0,,20,7791.1900000000005,389.5595,2084.31,37.64,0,0,20,5,4,20,0,30.000000000011447,27.462500000552062
CUST001847,,,,,,,0,0,0,,28,19563.619999999995,698.7007142857141,6687.42,36.89,0,0,27,8,7,0,0,19.25,11.750005115640878
CUST001848,,,,,,,0,0,0,,20,38616.42,1930.821,22978.56,51.1,0,0,20,7,7,0,0,22.75,12.512500013512826
CUST001849,,,,,,,0,0,0,,19,9471.600000000002,498.50526315789483,3626.18,14.51,0,0,19,3,6,0,0,14.000000000003103,11.697368421223834
CUST001850,,,,,,,0,0,0,,38,25730.679999999997,677.1231578947368,4076.26,19.24,0,0,38,9,7,0,0,14.004764975618864,11.74355529519548
CUST001851,,,,,,,0,0,0,,31,30133.96,972.0632258064516,9100.67,27.58,0,0,31,8,6,0,0,22.75,12.080653030283138
CUST001852,,,,,,,0,0,0,,28,16055.43,573.4082142857143,3337.46,40.14,0,0,28,4,7,0,0,14.0,11.500035428648951
CUST001853,,,,,,,0,0,0,,29,14181.229999999998,489.0079310344827,2765.45,30.8,0,0,28,6,7,0,0,14.000000003831692,11.827586862928843
CUST001854,,,,,,,0,0,0,,26,17899.950000000004,688.4596153846155,2943.72,83.76,0,0,26,5,7,0,0,14.0,11.644231371458497
CUST001855,,,,,,,0,0,0,,26,29936.53,1151.405,16181.86,22.04,0,0,26,6,7,0,0,22.7501417424628,11.98077488460573
CUST001856,,,,,,,0,0,0,,28,14744.140000000001,526.5764285714287,1904.61,46.79,0,0,28,5,6,0,0,14.0,11.43750601742838
CUST001857,,,,,,,0,0,0,,31,21938.939999999995,707.7077419354837,4095.14,30.48,0,0,31,5,8,0,0,14.0,11.516129656190843
CUST001858,,,,,,,0,0,0,,37,26375.200000000004,712.8432432432434,4696.08,36.75,0,0,37,9,5,0,0,14.0,11.493243285005176
CUST001859,,,,,,,0,0,0,,16,8280.91,517.556875,1834.83,34.45,0,0,16,3,4,0,0,14.000000000011974,11.37500000016062
CUST001860,,,,,,,0,0,0,,24,13100.850000000002,545.8687500000001,2903.34,8.71,0,0,24,8,5,0,0,14.0,11.812500017302158
CUST001861,,,,,,,1,0,0,,30,21362.800000000003,712.0933333333335,3199.38,6.99,0,0,30,4,8,30,0,30.00000000000017,27.550000065313895
CUST001862,,,,,,,0,0,0,,27,18065.77,669.1025925925926,4433.42,43.84,0,0,27,5,3,0,0,14.000009517367888,11.342595421464262
CUST001863,,,,,,,1,0,0,,24,16901.96,704.2483333333333,2599.0,7.84,0,0,24,8,7,24,0,30.00000000068595,28.250000000237918
CUST001864,,,,,,,0,0,0,,33,12851.900000000001,389.4515151515152,1806.81,19.2,0,0,33,7,8,0,0,14.0,11.719697014168688
CUST001865,,,,,,,0,0,0,,21,12374.519999999999,589.2628571428571,2923.91,30.75,0,0,21,6,5,0,0,12.250001937085992,11.500003301877369
CUST001866,,,,,,,0,0,0,,24,15523.560000000001,646.815,4432.76,5.0,0,0,24,6,6,0,0,12.25000000004336,11.593750336454491
CUST001867,,,,,,,0,0,0,,23,14424.099999999999,627.1347826086956,8898.98,19.82,0,0,23,7,7,0,0,24.5,12.09782623554946
CUST001868,,,,,,,0,0,0,,36,18738.15,520.5041666666667,2025.38,24.52,0,0,36,5,9,0,0,14.0,11.42361126429893
CUST001869,,,,,,,0,0,0,,23,13146.359999999999,571.5808695652173,2327.15,42.21,0,0,23,6,5,0,0,14.000000000000458,11.489130475920199
CUST001870,,,,,,,0,0,0,,13,11046.21,849.7084615384615,2761.96,35.39,0,0,13,3,4,0,0,14.0,11.57692307696461
CUST001871,,,,,,,0,0,0,,24,14321.689999999999,596.7370833333333,4015.98,35.7,0,0,24,6,5,0,0,17.5,11.885427811778152
CUST001872,,,,,,,0,0,0,,30,30073.83,1002.461,6932.74,62.63,0,0,30,9,5,0,0,17.5,12.250004589979902
CUST001873,,,,,,,0,0,0,,29,17773.7,612.8862068965517,2879.05,45.61,0,0,29,8,7,0,0,14.000000001593282,11.887931362245535
CUST001874,,,,,,,0,0,0,,25,21794.07,871.7628,7280.33,34.3,0,0,25,3,5,0,0,17.5,11.48000000020614
CUST001875,,,,,,,0,0,0,,25,17103.149999999998,684.1259999999999,3758.79,20.45,0,0,25,7,4,0,0,14.0,11.90000108284272
CUST001876,,,,,,,0,0,0,,12,3132.0700000000006,261.0058333333334,897.2,19.08,0,0,12,3,4,0,0,14.0,11.812500086078053
CUST001877,,,,,,,0,0,0,,28,23909.050000000003,853.8946428571429,5806.38,9.28,0,0,28,7,2,0,0,17.500003985161204,11.437500196832724
CUST001878,,,,,,,0,0,0,,18,21289.750000000004,1182.7638888888891,8990.45,51.42,0,0,18,8,6,1,0,31.5,12.638891340893371
CUST001879,,,,,,,0,0,1,,21,18937.52,901.7866666666666,5138.15,36.73,0,0,21,6,4,17,0,30.25000188563445,25.08333346574527
CUST001880,,,,,,,0,0,0,,21,14069.42,669.972380952381,3740.55,36.01,0,0,21,5,5,0,0,14.000000001598982,11.833333362485726
CUST001881,,,,,,,0,0,0,,34,31958.65,939.9602941176471,5350.55,37.5,0,0,34,9,7,0,0,21.0,11.992647263834286
CUST001882,,,,,,,0,0,0,,20,16629.600000000002,831.4800000000001,4179.39,17.86,0,0,20,5,6,0,0,14.000000000042713,11.900000000033042
CUST001883,,,,,,,0,0,0,,21,21484.01,1023.0480952380951,7627.52,26.45,0,0,21,5,5,0,0,17.5,12.25000001295533
CUST001884,,,,,,,0,0,0,,25,18450.46,738.0183999999999,4496.03,22.18,0,0,25,4,7,0,0,14.000000002971332,11.620000008345384
CUST001885,,,,,,,0,0,0,,28,13904.93,496.6046428571429,2287.93,41.55,0,0,28,7,6,0,0,14.0,11.93750002022024
CUST001886,,,,,,,0,0,0,,25,11259.63,450.38519999999994,2516.22,18.59,0,0,25,5,6,0,0,12.250000000000025,11.340000000194365
CUST001887,,,,,,,0,0,0,,17,9435.49,555.0288235294117,1616.34,10.46,0,0,17,6,6,0,0,14.000000000632488,11.838235386938441
CUST001888,,,,,,,0,0,0,,29,19912.81,686.6486206896552,4497.36,38.61,0,0,29,5,6,0,0,14.000004929358704,11.948276037933269
CUST001889,,,,,,,0,0,0,,29,20080.810000000005,692.4417241379313,4203.89,27.21,0,0,29,8,7,0,0,14.00000000000608,11.767247571148253
CUST001890,,,,,,,0,0,0,,23,29817.600000000002,1296.417391304348,18884.38,18.47,0,0,23,8,5,0,0,19.25,12.173913293259666
CUST001891,,,,,,,0,0,0,,26,22641.95,870.8442307692308,8802.58,20.14,0,0,24,5,5,1,0,28.0,12.115384633131915
CUST001892,,,,,,,0,0,0,,23,14665.379999999997,637.6252173913042,2646.22,8.84,0,0,23,10,4,0,0,14.000000000015058,12.021739143667377
CUST001893,,,,,,,1,0,0,,25,13355.68,534.2272,4703.92,10.84,0,0,25,9,4,25,0,28.25000000287843,27.480000000131295
CUST001894,,,,,,,0,0,0,,24,33374.259999999995,1390.5941666666665,8876.49,46.43,0,0,24,7,7,0,0,24.5,12.322916704089016
CUST001895,,,,,,,0,0,0,,19,21808.96,1147.84,8573.46,53.69,0,0,19,5,6,0,0,22.750000232415328,12.434210737207044
CUST001896,,,,,,,0,0,0,,18,10560.19,586.6772222222222,1957.06,9.92,0,0,18,4,3,0,0,12.250000083836904,11.472222244825897
CUST001897,,,,,,,0,0,0,,29,22829.859999999993,787.2365517241377,5382.23,11.97,0,0,29,8,7,0,0,19.25,11.827600096864298
CUST001898,,,,,,,0,0,0,,23,10668.650000000001,463.854347826087,1935.4,38.72,0,0,23,5,6,0,0,14.000000000001604,11.717391384182235
CUST001899,,,,,,,0,0,0,,20,16768.27,838.4135,4239.69,39.47,0,0,20,5,8,0,0,14.0,11.637500000082944
CUST001900,,,,,,,0,0,0,,34,21073.15,619.7985294117648,3699.87,23.45,0,0,34,9,8,0,0,14.000000005868284,11.68382525614319
CUST001901,,,,,,,0,0,0,,23,13832.669999999998,601.4204347826086,4369.38,38.83,0,0,23,5,4,0,0,14.0,11.413105883403272
CUST001902,,,,,,,0,0,0,,23,23000.570000000003,1000.0247826086958,3845.8,44.71,0,0,23,6,8,0,0,14.0,11.641304640965057
CUST001903,,,,,,,0,0,0,,38,18953.18,498.7678947368421,2080.52,36.74,0,0,38,6,6,0,0,14.000013404703314,11.651316868478096
CUST001904,,,,,,,0,0,0,,30,18253.4,608.4466666666667,1784.8,62.58,0,0,30,5,7,0,0,14.0,11.491667433922096
CUST001905,,,,,,,0,0,0,,21,12474.289999999999,594.0138095238095,2491.84,37.69,0,0,21,8,4,0,0,12.25000017264476,11.50000000834206
CUST001906,,,,,,,0,0,0,,29,8797.980000000001,303.37862068965524,929.22,31.15,0,0,29,7,6,0,0,14.000000000162771,11.586208867391218
CUST001907,,,,,,,0,0,0,,25,12609.82,504.39279999999997,4045.4,15.98,0,0,25,6,7,0,0,14.0,11.620000020809487
CUST001908,,,,,,,0,0,0,,29,17197.54,593.0186206896552,1941.74,16.32,0,0,29,6,9,0,0,17.5,12.310344957516673
CUST001909,,,,,,,0,0,0,,18,15245.250000000002,846.9583333333335,4192.48,73.16,0,0,18,5,4,0,0,14.0,11.569444447804852
CUST001910,,,,,,,0,0,0,,18,14270.17,792.7872222222222,7166.9,23.33,0,0,18,6,4,0,0,17.5,12.25000001460293
CUST001911,,,,,,,0,0,1,,26,28621.65,1100.8326923076925,7760.95,18.8,0,0,26,6,4,17,0,35.5,24.932692313672966
CUST001912,,,,,,,0,0,0,,15,5608.080000000001,373.87200000000007,896.07,34.97,0,0,15,5,4,0,0,12.250006682685232,11.666667112485394
CUST001913,,,,,,,0,0,0,,18,11695.51,649.7505555555556,3299.23,69.44,0,0,18,6,6,0,0,12.250000001492904,11.763888889066038
CUST001914,,,,,,,0,0,0,,31,30704.850000000002,990.4790322580645,3065.0,27.48,0,0,31,6,9,0,0,14.000000000079046,11.854839519578084
CUST001915,,,,,,,0,0,0,,20,7952.41,397.6205,1051.06,50.88,0,0,20,8,5,0,0,14.0,11.900000011219614
CUST001916,,,,,,,0,0,0,,23,26309.499999999993,1143.8913043478258,6940.71,27.6,0,0,23,5,6,0,0,17.50000127495448,12.097826696074232
CUST001917,,,,,,,0,0,0,,22,11849.159999999998,538.5981818181817,1852.53,40.43,0,0,21,8,5,0,0,14.0,12.011363636598656
CUST001918,,,,,,,0,0,0,,25,19084.34,763.3736,4091.52,25.04,0,0,24,6,6,0,0,14.000000000002244,11.340001143119729
CUST001919,,,,,,,0,0,0,,20,11655.699999999999,582.785,1718.49,21.14,0,0,20,4,5,0,0,14.000000000002194,11.55000000000988
CUST001920,,,,,,,1,0,0,,24,15229.84,634.5766666666667,4056.53,42.03,0,0,24,6,5,24,0,30.0,27.666666666754022
CUST001921,,,,,,,0,0,0,,21,8867.83,422.27761904761905,1616.51,9.2,0,0,21,4,4,0,0,12.250006223517634,11.250000338471036
CUST001922,,,,,,,0,0,0,,18,19031.73,1057.3183333333334,6350.96,75.99,0,0,18,4,6,0,0,19.25000114637009,12.250007429981483
CUST001923,,,,,,,0,0,0,,26,20677.98,795.3069230769231,3482.53,50.58,0,0,25,6,5,0,0,14.0,11.644230771681094
CUST001924,,,,,,,0,0,0,,18,8712.32,484.0177777777778,1868.23,32.56,0,0,18,3,6,0,0,14.0,11.569444445253112
CUST001925,,,,,,,0,0,0,,27,15566.720000000001,576.5451851851852,3187.91,55.81,0,0,27,7,8,0,0,14.000000000855174,11.861111175234395
CUST001926,,,,,,,0,0,0,,21,20697.870000000003,985.6128571428573,6150.39,64.86,0,0,20,8,4,0,0,19.25,11.916666666759067
CUST001927,,,,,,,0,0,0,,25,32411.88,1296.4752,12503.98,15.89,0,0,23,4,5,0,0,19.25,11.620000000109767
CUST001928,,,,,,,0,0,0,,26,13809.94,531.1515384615385,2491.67,22.38,0,0,26,5,7,0,0,14.000000069152318,11.711538487218544
CUST001929,,,,,,,0,0,0,,20,11771.810000000001,588.5905,1428.43,7.21,0,0,20,3,8,0,0,14.000000001569804,11.987500000566447
CUST001930,,,,,,,0,0,0,,24,18982.519999999997,790.9383333333332,4523.03,48.48,0,0,24,5,4,0,0,14.000000000078993,11.666666915870438
CUST001931,,,,,,,0,0,0,,33,18961.05,574.5772727272727,5105.18,19.92,0,0,33,6,10,0,0,19.25,12.090969269643802
CUST001932,,,,,,,0,0,0,,20,9347.13,467.3565,1639.75,36.23,0,0,19,4,6,0,0,12.250000000402272,11.550000028164568
CUST001933,,,,,,,0,0,0,,21,13478.600000000002,641.8380952380953,1782.72,27.6,0,0,21,7,7,0,0,12.250002150027775,11.750000104282316
CUST001934,,,,,,,0,0,0,,17,24154.77,1420.8688235294119,7494.97,91.66,0,0,17,6,5,0,0,19.25,11.941176894842272
CUST001935,,,,,,,0,0,0,,27,22483.53,832.7233333333332,8371.24,31.08,0,0,26,7,6,0,0,24.5,11.925925944252686
CUST001936,,,,,,,0,0,0,,22,24985.250000000004,1135.693181818182,12158.84,37.92,0,0,22,5,6,0,0,24.5,11.931818250933652
CUST001937,,,,,,,0,0,0,,23,13815.890000000003,600.6908695652176,2289.09,5.0,0,0,23,6,8,0,0,14.000000001601888,11.641304347902764
CUST001938,,,,,,,0,0,0,,22,12527.75,569.4431818181819,4791.1,38.41,0,0,22,5,5,0,0,14.0,11.613643766498594
CUST001939,,,,,,,0,0,0,,24,11541.78,480.9075,3331.07,27.14,0,0,24,7,7,0,0,14.000000000000108,11.958333352108951
CUST001940,,,,,,,0,0,0,,23,13751.75,597.9021739130435,2914.84,59.2,0,0,23,3,7,0,0,14.0,11.56521749651633
CUST001941,,,,,,,0,0,0,,33,32596.54,987.7739393939394,5511.62,24.28,0,0,33,8,8,0,0,19.25,11.878799453091316
CUST001942,,,,,,,0,0,0,,29,28570.33,985.1837931034484,10584.13,53.55,0,0,28,6,7,0,0,17.5,11.94827586431427
CUST001943,,,,,,,0,0,0,,21,12425.59,591.6947619047619,3351.75,70.46,0,0,21,7,5,0,0,12.250006242899408,11.666668745852778
CUST001944,,,,,,,0,0,0,,18,6305.839999999999,350.3244444444444,1624.11,69.04,0,0,18,7,6,0,0,14.0,11.958333333405768
CUST001945,,,,,,,0,0,0,,35,29905.739999999998,854.4497142857142,10042.23,14.88,0,0,35,9,9,0,0,19.25,11.90009216060845
CUST001946,,,,,,,0,0,0,,29,24289.26,837.5606896551724,8646.74,52.62,0,0,29,5,3,1,0,29.75,12.008620843269107
CUST001947,,,,,,,0,0,0,,22,16304.589999999998,741.1177272727272,4004.67,30.74,0,0,22,5,9,0,0,14.000000312015892,11.85227283116244
CUST001948,,,,,,,0,0,0,,24,20333.909999999996,847.2462499999998,2615.23,65.01,0,0,23,6,7,0,0,14.0,11.885417280006969
CUST001949,,,,,,,0,0,0,,24,23280.010000000002,970.0004166666668,8478.45,83.27,0,0,24,8,6,0,0,22.75,11.885416667070595
CUST001950,,,,,,,0,0,0,,31,35402.87,1142.028064516129,12569.51,9.26,0,0,31,6,7,0,0,24.5,12.306451977246802
CUST001951,,,,,,,0,0,0,,21,16992.73,809.177619047619,4803.06,88.18,0,0,21,6,4,0,0,12.250000009844507,11.500000000647635
CUST001952,,,,,,,0,0,0,,19,11137.289999999999,586.1731578947368,1346.47,46.47,0,0,19,6,6,0,0,14.00000020662063,12.065789486507713
CUST001953,,,,,,,0,0,0,,31,38960.299999999996,1256.783870967742,11425.63,41.69,0,0,31,7,9,0,0,19.25,12.193548393410536
CUST001954,,,,,,,0,0,0,,21,12193.88,580.6609523809524,3167.56,51.57,0,0,21,4,6,0,0,14.0,11.666666666678239
CUST001955,,,,,,,0,0,0,,23,29160.61,1267.8526086956522,10647.66,35.7,0,0,23,5,5,0,0,17.5,11.793478260913139
CUST001956,,,,,,,0,0,0,,32,20963.28,655.1025,2376.78,10.91,0,0,32,7,5,0,0,14.000000000772197,11.429688076874548
CUST001957,,,,,,,0,0,0,,27,25791.059999999998,955.2244444444443,5672.13,25.94,0,0,27,5,6,0,0,24.5,12.185186400746991
CUST001958,,,,,,,0,0,0,,32,23115.12,722.3475,5486.67,24.74,0,0,32,8,8,0,0,22.75,12.359400714061945
CUST001959,,,,,,,0,0,0,,34,29018.41,853.4826470588235,4953.6,28.25,0,0,34,8,6,0,0,14.000000100402934,11.477941352519233
CUST001960,,,,,,,0,0,0,,23,19920.129999999994,866.0926086956518,5595.38,36.18,0,0,23,7,5,0,0,19.25,11.869652937236665
CUST001961,,,,,,,0,0,0,,24,14343.210000000001,597.6337500000001,2364.48,86.02,0,0,24,5,9,0,0,14.00000000209854,12.177083454505228
CUST001962,,,,,,,0,0,1,,29,19716.21,679.8693103448276,2147.93,24.26,0,0,29,10,8,16,0,26.75,24.336206935536772
CUST001963,,,,,,,0,0,0,,28,24572.879999999997,877.602857142857,4643.28,30.23,0,0,28,8,7,0,0,12.25000051332227,11.625000018380769
CUST001964,,,,,,,0,0,0,,33,21866.85,662.6318181818182,4954.33,29.76,0,0,33,4,8,0,0,14.0,11.613636364453791
CUST001965,,,,,,,0,0,0,,22,11998.51,545.3868181818182,5858.69,25.34,0,0,22,5,4,0,0,21.0,12.011367629132103
CUST001966,,,,,,,0,0,0,,19,9659.560000000001,508.39789473684215,1722.76,108.05,0,0,18,5,7,0,0,14.0,11.973684213701091
CUST001967,,,,,,,0,0,0,,23,26635.790000000008,1158.077826086957,11863.84,17.49,0,0,23,5,5,0,0,17.5,11.793478269559461
CUST001968,,,,,,,0,0,0,,21,7554.670000000001,359.7461904761905,1340.23,9.02,0,0,20,8,5,0,0,14.000000000008956,12.166666666991064
CUST001969,,,,,,,0,0,1,,16,7964.32,497.77,2426.92,15.62,0,0,16,4,6,10,0,26.75,24.671875629414867
CUST001970,,,,,,,0,0,0,,28,19090.08,681.7885714285715,2512.8,31.22,0,0,28,9,7,0,0,14.000000000192598,11.875001373317247
CUST001971,,,,,,,0,0,0,,28,26592.110000000008,949.7182142857146,4445.36,21.8,0,0,28,7,4,0,0,14.0,11.562500140443964
CUST001972,,,,,,,0,0,0,,19,15598.369999999999,820.9668421052631,4445.24,8.93,0,0,19,5,3,0,0,19.25,12.065789895771166
CUST001973,,,,,,,0,0,0,,18,8494.03,471.8905555555556,1620.98,36.59,0,0,18,5,3,0,0,14.0,11.958333333859848
CUST001974,,,,,,,0,0,0,,22,21410.73,973.215,4553.31,12.25,0,0,22,6,5,0,0,14.000000021571871,12.011363637354101
CUST001975,,,,,,,0,0,0,,23,21699.989999999998,943.4778260869564,7208.47,19.92,0,0,23,9,5,0,0,22.750000025925303,12.478260877908133
CUST001976,,,,,,,0,0,0,,15,8999.54,599.9693333333333,1242.53,23.93,0,0,14,6,4,0,0,14.0,11.433333333894053
CUST001977,,,,,,,0,0,0,,17,8608.460000000001,506.38000000000005,3449.41,53.93,0,0,17,4,7,0,0,14.000000000001773,12.352941180684526
CUST001978,,,,,,,0,0,0,,29,34778.72999999999,1199.2665517241376,18949.67,12.75,0,0,29,6,9,0,0,19.25,11.88810159649438
CUST001979,,,,,,,0,0,0,,21,18882.609999999997,899.1719047619047,5748.77,21.6,0,0,21,6,5,0,0,19.25,12.083351431220663
CUST001980,,,,,,,0,0,0,,23,13985.209999999997,608.0526086956521,3301.41,72.54,0,0,23,7,7,0,0,12.250000000715472,11.641304355386582
CUST001981,,,,,,,0,0,0,,24,17597.260000000002,733.2191666666668,4877.04,75.36,0,0,24,7,6,0,0,14.0,11.885416684145296
CUST001982,,,,,,,0,0,0,,20,16066.4,803.3199999999999,5596.6,52.42,0,0,20,4,4,0,0,21.0,11.900000007733867
CUST001983,,,,,,,0,0,0,,30,20166.550000000003,672.2183333333335,4374.5,109.89,0,0,30,10,7,0,0,14.0,11.666666781166716
CUST001984,,,,,,,0,0,0,,27,52531.48999999999,1945.6107407407403,13467.56,19.26,0,0,27,5,6,0,0,24.5,12.703703707074999
CUST001985,,,,,,,0,0,0,,26,14135.82,543.6853846153846,2709.7,32.31,0,0,26,7,7,0,0,14.0,11.980772589773848
CUST001986,,,,,,,0,0,0,,22,73731.78000000001,3351.444545454546,37738.13,38.66,0,0,22,5,8,1,0,28.0000133234545,13.045455151066125
CUST001987,,,,,,,1,0,0,,29,20177.030000000002,695.7596551724139,3364.51,63.07,0,0,29,8,4,29,0,30.0,27.586207034379992
CUST001988,,,,,,,0,0,0,,30,31523.64,1050.788,11632.7,21.88,0,0,30,8,5,0,0,17.5,12.133333507271058
CUST001989,,,,,,,0,0,0,,31,23239.08,749.647741935484,3647.05,19.89,0,0,31,9,9,0,0,14.000000000000467,11.967741968613112
CUST001990,,,,,,,0,0,0,,18,21050.11,1169.4505555555556,6694.75,20.07,0,0,18,5,4,0,0,19.25,12.833335435955075
CUST001991,,,,,,,0,0,0,,18,16611.41,922.8561111111111,7911.33,56.98,0,0,18,5,6,0,0,17.5,11.861111113256472
CUST001992,,,,,,,0,0,0,,23,15813.0,687.5217391304348,5273.9,11.62,0,0,23,7,4,0,0,19.25000000001865,11.641306883924148
CUST001993,,,,,,,0,0,0,,29,15125.539999999999,521.5703448275862,3316.7,69.83,0,0,29,6,7,0,0,14.000000021667152,11.465517278189381
CUST001994,,,,,,,0,0,0,,29,14227.6,490.60689655172416,2624.66,8.11,0,0,29,9,6,0,0,14.0,11.76724157162853
CUST001995,,,,,,,0,0,0,,33,12234.03,370.72818181818184,1350.34,13.21,0,0,33,8,6,0,0,14.0,11.666672026959793
CUST001996,,,,,,,0,0,0,,23,12833.089999999998,557.9604347826087,2952.32,7.97,0,0,23,5,6,0,0,14.0,11.945659652014132
CUST001997,,,,,,,0,0,0,,26,20139.77,774.6065384615384,6927.62,8.98,0,0,26,5,5,0,0,24.50000064822861,12.04807694981513
CUST001998,,,,,,,0,0,0,,23,16623.64,722.7669565217391,2180.16,21.2,0,0,23,7,8,0,0,14.00000000001919,11.945652175049915
CUST001999,,,,,,,0,0,0,,22,14543.27,661.0577272727273,3814.41,21.99,0,0,22,5,5,0,0,14.0,11.534090912593612
CUST002000,,,,,,,0,0,0,,28,11771.939999999999,420.4264285714285,2410.58,29.99,0,0,28,7,6,0,0,14.0,11.687562438352733
CUST002001,,,,,,,1,0,0,,23,10047.19,436.83434782608697,1888.05,22.18,0,0,23,7,8,23,0,30.0,28.097826109479193
CUST002002,,,,,,,0,0,0,,20,10743.289999999999,537.1645,1898.34,43.42,0,0,20,3,4,0,0,14.0,11.550000024671013
CUST002003,,,,,,,0,0,0,,32,22132.9,691.653125,4899.27,5.0,0,0,32,6,6,0,0,14.0,11.429687564113275
CUST002004,,,,,,,0,0,0,,29,31721.97,1093.8610344827587,5012.81,27.89,0,0,29,5,5,0,0,19.25,11.706896795518734
CUST002005,,,,,,,0,0,0,,30,17303.249999999996,576.7749999999999,3229.68,41.75,0,0,30,9,6,0,0,14.00000013984442,11.900000183963567
CUST002006,,,,,,,0,0,0,,25,15182.48,607.2991999999999,2507.11,19.53,0,0,25,7,6,0,0,14.0,12.180000175294017
CUST002007,,,,,,,0,0,0,,30,15435.63,514.521,1668.12,11.06,0,0,30,7,6,0,0,14.0,11.66666667056618
CUST002008,,,,,,,0,0,0,,25,19100.41,764.0164,5058.56,43.63,0,0,25,2,5,0,0,10.500001685775878,4.830734282623833
CUST002009,,,,,,,0,0,0,,37,33573.75,907.3986486486486,8739.24,12.75,0,0,37,9,7,0,0,24.50000104733625,12.391896509935892
CUST002010,,,,,,,0,0,1,,31,12335.789999999999,397.9287096774193,2291.56,6.98,0,0,30,4,5,13,0,26.75000000007028,24.096774273195965
CUST002011,,,,,,,0,0,0,,19,9161.189999999999,482.167894736842,2544.45,15.17,0,0,19,6,4,0,0,14.0,11.60526315789491
CUST002012,,,,,,,0,0,0,,24,15478.550000000001,644.9395833333334,4712.13,11.81,0,0,24,5,7,0,0,14.0,11.812500036906163
CUST002013,,,,,,,0,0,0,,24,13459.580000000002,560.8158333333334,1944.98,32.07,0,0,24,3,5,0,0,12.250000009993643,11.010417168092815
CUST002014,,,,,,,0,0,1,,25,33004.23,1320.1692,8945.29,37.29,0,0,25,7,7,16,0,37.25112108366856,25.490044851257764
CUST002015,,,,,,,0,0,0,,15,12346.48,823.0986666666666,3536.48,40.35,0,0,15,2,6,0,0,7.0,5.0166666672107665
CUST002016,,,,,,,0,0,0,,30,24183.410000000007,806.1136666666669,4692.45,20.0,0,0,30,8,5,0,0,14.0,11.433350950111299
CUST002017,,,,,,,0,0,0,,17,11654.609999999999,685.565294117647,3990.9,6.05,0,0,17,5,5,0,0,14.000000050352307,11.941176627184035
CUST002018,,,,,,,0,0,0,,27,13637.169999999998,505.0803703703703,2355.68,31.57,0,0,27,5,7,0,0,14.000000000087212,11.601851864189323
CUST002019,,,,,,,0,0,0,,23,18034.96,784.1286956521739,5374.35,46.58,0,0,23,6,8,0,0,19.25,11.869565217396113
CUST002020,,,,,,,0,0,0,,25,20994.0,839.76,3523.21,5.99,0,0,25,7,5,0,0,14.0,11.690000000122131
CUST002021,,,,,,,0,0,0,,23,26796.89,1165.0821739130436,8853.84,50.89,0,0,23,5,7,0,0,24.5,12.097828270827916
CUST002022,,,,,,,0,0,0,,29,38709.71,1334.8175862068965,11964.49,14.76,0,0,29,6,8,0,0,22.750043231042795,12.37069518209616
CUST002023,,,,,,,0,0,0,,30,22036.81,734.5603333333333,5652.31,9.2,0,0,30,7,9,0,0,17.5,12.075004266741335
CUST002024,,,,,,,0,0,0,,25,24211.050000000003,968.4420000000001,5990.72,24.89,0,0,25,6,6,0,0,17.5,11.90000723283862
CUST002025,,,,,,,0,0,0,,31,16045.019999999999,517.5812903225806,1922.24,25.32,0,0,31,8,8,0,0,14.000003414906026,11.629034526085363
CUST002026,,,,,,,0,0,0,,25,13399.949999999999,535.9979999999999,2154.85,24.88,0,0,25,4,5,0,0,14.0,11.550000007661303
CUST002027,,,,,,,0,0,0,,19,12316.019999999999,648.2115789473684,2648.38,25.46,0,0,19,5,6,0,0,14.000000000003816,11.605263203975987
CUST002028,,,,,,,0,0,0,,25,16194.869999999999,647.7948,5266.92,39.77,0,0,25,6,7,0,0,19.25,11.900000566446247
CUST002029,,,,,,,0,0,0,,18,11681.529999999999,648.9738888888888,5101.0,28.59,0,0,18,5,6,0,0,17.5,12.444444444455257
CUST002030,,,,,,,0,0,0,,28,25252.0,901.8571428571429,5120.71,9.17,0,0,28,4,6,0,0,17.5,11.56250002225777
CUST002031,,,,,,,0,0,0,,34,32123.889999999996,944.8202941176469,8540.22,28.4,0,0,33,9,8,0,0,24.5,12.352941251097713
CUST002032,,,,,,,0,0,0,,21,9343.38,444.9228571428571,1856.11,36.32,0,0,21,6,4,0,0,14.0,11.583333356148449
CUST002033,,,,,,,0,0,0,,24,15374.39,640.5995833333333,2477.56,70.34,0,0,24,6,9,0,0,14.00000019585971,11.885420020527976
CUST002034,,,,,,,0,0,0,,27,18224.670000000002,674.9877777777779,4276.81,21.55,0,0,27,6,8,0,0,14.00000001115619,11.472222572595522
CUST002035,,,,,,,0,0,0,,31,28772.940000000002,928.1593548387098,6137.74,35.18,0,0,31,9,10,0,0,19.250269415994477,12.250019572520403
CUST002036,,,,,,,0,0,0,,31,19945.109999999997,643.3906451612902,3750.59,37.6,0,0,31,12,5,0,0,14.000000013653652,11.62903455689301
CUST002037,,,,,,,0,0,0,,33,20640.33,625.4645454545455,3428.38,20.65,0,0,32,6,10,0,0,14.0,11.666675861630717
CUST002038,,,,,,,1,0,0,,20,22468.3,1123.415,7214.19,66.17,0,0,20,5,6,20,0,35.25,27.900000009476507
CUST002039,,,,,,,0,0,0,,26,12398.170000000002,476.8526923076924,2230.32,48.49,0,0,26,3,4,0,0,14.0,11.644230774296457
CUST002040,,,,,,,0,0,0,,22,18018.64,819.0290909090909,4931.58,115.89,0,0,22,7,8,0,0,14.0,11.772727391288004
CUST002041,,,,,,,0,0,0,,23,14899.46,647.8026086956521,2882.27,47.47,0,0,23,5,5,0,0,14.000000000195463,11.717391321597926
CUST002042,,,,,,,0,0,0,,25,12002.74,480.1096,2652.84,70.63,0,0,25,7,7,0,0,14.00000007469908,11.690505076801077
CUST002043,,,,,,,0,0,0,,18,7737.47,429.8594444444445,1499.52,44.86,0,0,18,6,7,0,0,14.000000000001409,12.057772498372845
CUST002044,,,,,,,0,0,0,,23,15574.850000000002,677.1673913043479,3545.19,36.29,0,0,23,7,6,0,0,14.00000001007096,11.413043497029859
CUST002045,,,,,,,0,0,0,,22,42219.200000000004,1919.0545454545456,14150.86,45.35,0,0,22,4,6,0,0,22.75,12.490529453376434
CUST002046,,,,,,,0,0,1,,15,15616.38,1041.0919999999999,4602.17,97.28,0,0,15,9,4,9,0,26.75,24.53333341701364
CUST002047,,,,,,,0,0,0,,25,30217.269999999997,1208.6907999999999,5613.75,17.96,0,0,25,7,9,0,0,19.25,12.320000001615687
CUST002048,,,,,,,0,0,0,,25,19493.789999999997,779.7515999999999,6419.28,13.98,0,0,24,7,4,0,0,17.5,11.9000000694291
CUST002049,,,,,,,0,0,0,,28,25399.77,907.1346428571429,4557.1,37.67,0,0,28,8,7,0,0,14.000000002994147,11.750000000106935
CUST002050,,,,,,,0,0,0,,30,27695.079999999994,923.1693333333332,6823.36,28.7,0,0,30,7,8,0,0,21.0,12.308333345345515
CUST002051,,,,,,,0,0,0,,27,17171.739999999998,635.9903703703703,1942.59,34.98,0,0,27,7,8,0,0,14.0,11.666666668014434
CUST002052,,,,,,,0,0,0,,15,8456.839999999998,563.7893333333333,1514.01,54.08,0,0,15,3,5,0,0,14.000000000003428,11.78333512073714
CUST002053,,,,,,,0,0,0,,21,11493.590000000002,547.3138095238096,1987.05,11.48,0,0,21,4,5,0,0,12.2500000001096,11.500000002278533
CUST002054,,,,,,,0,0,0,,18,15063.08,836.8377777777778,5075.09,34.51,0,0,18,6,6,0,0,21.00000047096792,12.250000060831443
CUST002055,,,,,,,0,0,0,,24,14821.91,617.5795833333333,4179.49,9.15,0,0,24,7,6,0,0,14.00000000317061,11.885416707954755
CUST002056,,,,,,,0,1,0,,18,9250.77,513.9316666666667,2411.04,27.58,0,0,18,3,4,18,0,47.49999999999999,44.48611111141642
CUST002057,,,,,,,0,0,0,,20,15246.48,762.324,6062.89,90.4,0,0,20,7,3,0,0,17.5,11.725002228809014
CUST002058,,,,,,,0,0,0,,24,24568.09,1023.6704166666667,6853.44,43.07,0,0,24,8,8,0,0,17.5,12.250004932605476
CUST002059,,,,,,,0,0,1,,24,8838.2,368.2583333333334,1733.78,15.52,0,0,23,6,4,9,0,26.750000000002544,23.979166681999136
CUST002060,,,,,,,0,0,0,,22,11626.980000000001,528.499090909091,3098.59,47.71,0,0,22,8,6,0,0,14.0,11.613636377135258
CUST002061,,,,,,,1,0,0,,22,11252.63,511.4831818181818,4895.73,11.54,0,0,22,5,6,22,0,30.000000000529788,27.693181818210494
CUST002062,,,,,,,0,0,0,,24,14127.609999999999,588.6504166666666,2448.26,20.84,0,0,24,6,7,0,0,14.000000000005624,11.812507402249357
CUST002063,,,,,,,0,0,0,,27,20741.09,768.1885185185185,3790.24,13.74,0,0,27,7,7,0,0,14.0,12.055555570608648
CUST002064,,,,,,,0,0,0,,33,22650.760000000002,686.3866666666668,7185.87,28.24,0,0,33,8,10,0,0,19.25,11.666666668072972
CUST002065,,,,,,,0,0,0,,23,12106.579999999998,526.3730434782608,2945.24,37.86,0,0,23,7,5,0,0,14.0,11.717391320737148
CUST002066,,,,,,,0,0,0,,17,14752.33,867.7841176470588,5983.2,11.64,0,0,17,4,5,0,0,22.75,12.044117648526472
CUST002067,,,,,,,0,0,0,,29,20915.179999999997,721.2131034482758,4736.36,7.68,0,0,29,6,8,0,0,14.0,11.767242334067118
CUST002068,,,,,,,0,0,0,,24,11574.47,482.2695833333333,2204.73,109.07,0,0,24,6,7,0,0,12.250007377477958,11.593750352079786
CUST002069,,,,,,,0,0,0,,26,18471.57,710.4449999999999,2576.44,26.9,0,0,26,5,7,0,0,14.000000000047285,11.846153968903158
CUST002070,,,,,,,0,0,0,,15,10893.970000000001,726.2646666666667,2283.86,28.67,0,0,15,4,6,0,0,14.0,11.783333410376626
CUST002071,,,,,,,0,0,0,,22,20966.27,953.0122727272727,10050.45,14.64,0,0,22,4,6,0,0,17.50000000164158,11.931818182154318
CUST002072,,,,,,,0,0,0,,19,15321.940000000002,806.4178947368422,3660.17,10.03,0,0,19,4,6,0,0,14.0,11.328947408717639
CUST002073,,,,,,,0,0,0,,16,5990.75,374.421875,1468.55,10.14,0,0,16,5,6,0,0,14.000000000633484,11.812500000868646
CUST002074,,,,,,,0,0,0,,27,10642.83,394.1788888888889,1596.3,27.1,0,0,27,8,9,0,0,14.000008226180428,11.861111415800353
CUST002075,,,,,,,0,0,0,,22,25677.83,1167.174090909091,9614.24,23.15,0,0,22,4,7,1,0,26.25,12.329608432473231
CUST002076,,,,,,,0,0,0,,26,20594.84,792.1092307692307,3845.79,21.81,0,0,25,4,6,0,0,14.0,11.644231022984975
CUST002077,,,,,,,0,0,0,,22,14505.079999999998,659.3218181818181,3544.38,25.87,0,0,22,5,6,0,0,14.0,11.69318185488737
CUST002078,,,,,,,0,0,0,,27,16181.219999999998,599.3044444444444,5762.79,40.44,0,0,27,5,6,0,0,19.25,11.7314817056772
CUST002079,,,,,,,0,0,0,,23,8847.39,384.6691304347826,1908.49,32.71,0,0,23,6,5,0,0,12.250000242258338,11.565217402070331
CUST002080,,,,,,,0,0,0,,18,16761.51,931.1949999999999,3240.96,18.64,0,0,18,4,4,0,0,14.000000000311028,11.56944475162199
CUST002081,,,,,,,0,0,0,,24,38113.92,1588.08,10063.39,45.01,0,0,24,6,4,0,0,19.25,12.177083473549628
CUST002082,,,,,,,0,0,0,,22,12645.630000000001,574.8013636363637,1732.37,55.07,0,0,22,6,4,0,0,14.0,11.693181847597424
CUST002083,,,,,,,0,0,0,,20,12391.010000000002,619.5505,3597.41,19.92,0,0,20,5,6,0,0,14.0,11.550001472328447
CUST002084,,,,,,,0,0,0,,22,12328.79,560.3995454545455,3410.54,17.63,0,0,22,4,5,0,0,14.0,11.375001283568917
CUST002085,,,,,,,0,0,0,,35,17256.239999999998,493.0354285714285,2194.17,5.0,0,0,34,7,8,0,0,14.000000000213806,11.600000003246238
CUST002086,,,,,,,0,0,0,,21,10710.819999999996,510.03904761904744,1783.29,25.49,0,0,21,7,7,0,0,14.0,12.000000035790517
CUST002087,,,,,,,0,0,0,,24,31701.550000000003,1320.8979166666668,10832.57,33.56,0,0,23,7,5,0,0,21.0,12.468750020504922
CUST002088,,,,,,,0,0,0,,23,21956.0,954.6086956521739,4799.87,21.25,0,0,22,7,8,0,0,14.0,11.717391380411678
CUST002089,,,,,,,0,0,0,,24,15811.52,658.8133333333334,2300.34,28.83,0,0,24,6,3,0,0,14.0,11.593776519797332
CUST002090,,,,,,,0,0,0,,25,17490.59,699.6236,3641.16,14.42,0,0,25,5,5,0,0,12.250000000232218,11.410000001501682
CUST002091,,,,,,,0,0,0,,25,13262.470000000001,530.4988000000001,5098.59,27.43,0,0,25,5,8,0,0,17.5,11.830000007456709
CUST002092,,,,,,,0,0,0,,17,8788.07,516.945294117647,1811.11,41.41,0,0,17,3,5,0,0,12.250000433134426,11.22058831632964
CUST002093,,,,,,,0,0,0,,28,21506.690000000002,768.0960714285715,4502.92,25.75,0,0,28,8,6,0,0,14.0,11.687500282634366
CUST002094,,,,,,,0,0,0,,18,14707.619999999999,817.0899999999999,6552.2,101.52,0,0,18,5,7,0,0,24.5,12.541669708012599
CUST002095,,,,,,,0,0,0,,27,24227.85,897.3277777777777,3507.11,19.86,0,0,27,6,5,0,0,14.000006093409503,11.601853051774958
CUST002096,,,,,,,0,0,0,,29,22842.41,787.6693103448276,5910.68,12.11,0,0,29,8,5,0,0,19.25,12.129477527403917
CUST002097,,,,,,,0,0,0,,34,23764.62,698.9594117647058,4839.66,37.99,0,0,34,8,10,0,0,14.000000000003748,11.889705899838207
CUST002098,,,,,,,0,0,0,,23,26351.120000000003,1145.7008695652175,9619.64,49.68,0,0,23,5,8,1,0,29.75,12.326087181566248
CUST002099,,,,,,,0,0,0,,29,14390.43,496.22172413793106,2467.84,33.2,0,0,29,8,7,0,0,14.0,11.827586276435722
CUST002100,,,,,,,0,0,0,,20,12869.27,643.4635000000001,3488.15,123.87,0,0,20,4,4,0,0,14.0,11.725000000085975
CUST002101,,,,,,,0,0,0,,24,12956.810000000001,539.8670833333334,1803.38,47.17,0,0,24,3,4,0,0,12.250000004829118,11.010416993916834
CUST002102,,,,,,,0,0,0,,22,11978.39,544.4722727272728,2064.43,37.61,0,0,22,4,3,0,0,14.0,11.295454571014632
CUST002103,,,,,,,0,0,0,,27,13167.690000000002,487.6922222222223,3083.4,42.55,0,0,27,8,7,0,0,14.0,11.537037353469684
CUST002104,,,,,,,0,0,0,,23,17286.88,751.6034782608696,2240.74,44.09,0,0,23,5,4,0,0,14.0,11.336966595447075
CUST002105,,,,,,,0,0,0,,24,33108.59,1379.524583333333,10936.42,23.53,0,0,24,8,5,0,0,17.5,11.958352045095609
CUST002106,,,,,,,0,0,0,,31,33633.630000000005,1084.955806451613,9063.61,24.15,0,0,31,8,6,1,0,26.250000416007516,12.30645167564421
CUST002107,,,,,,,0,0,0,,33,15118.290000000003,458.1300000000001,3153.78,31.37,0,0,33,8,8,0,0,14.00000000004346,11.878788426735749
CUST002108,,,,,,,0,0,0,,22,20171.300000000003,916.8772727272728,3056.23,24.83,0,0,22,4,6,0,0,12.250000899461396,11.37500004615736
CUST002109,,,,,,,0,0,1,,29,17802.96,613.895172413793,2601.37,20.69,0,0,29,8,7,19,0,26.75,24.456900212936326
CUST002110,,,,,,,0,0,0,,24,20872.39,869.6829166666666,4741.58,65.2,0,0,24,6,5,0,0,12.250000008022008,11.593750001533925
CUST002111,,,,,,,0,0,0,,19,16946.71,891.9321052631578,4777.28,78.47,0,0,19,4,7,0,0,14.0,12.065789474008156
CUST002112,,,,,,,0,0,0,,22,43377.670000000006,1971.7122727272729,16571.11,29.17,0,0,22,5,4,1,0,26.25,13.04547144762002
CUST002113,,,,,,,0,0,0,,27,19621.07,726.7062962962963,3345.13,20.37,0,0,27,6,5,0,0,14.00000000170375,11.407407414195971
CUST002114,,,,,,,0,0,0,,24,16004.39,666.8495833333333,2125.62,50.0,0,0,24,8,5,0,0,12.250000000244835,11.520833365517225
CUST002115,,,,,,,0,0,0,,21,13923.92,663.0438095238095,2963.42,41.06,0,0,21,4,7,0,0,14.000000010342651,11.583333417390088
CUST002116,,,,,,,0,0,0,,27,19536.97,723.5914814814815,3281.91,56.89,0,0,27,6,6,0,0,12.250297680258402,11.40742213999645
CUST002117,,,,,,,0,0,0,,17,9702.61,570.7417647058824,1880.99,24.16,0,0,17,5,4,0,0,14.000000000004984,11.941176499729378
CUST002118,,,,,,,0,0,0,,22,47699.539999999986,2168.1609090909083,17742.47,47.05,0,0,22,3,6,0,0,24.5,12.409091998918422
CUST002119,,,,,,,0,0,0,,34,23045.66,677.8135294117646,7240.77,13.11,0,0,34,6,8,0,0,21.00000000012044,11.992647153600942
CUST002120,,,,,,,0,0,0,,34,29419.719999999998,865.2858823529411,4471.92,40.45,0,0,34,7,8,0,0,14.0,11.426473660846803
CUST002121,,,,,,,0,0,0,,18,10410.939999999999,578.3855555555555,1905.64,57.12,0,0,18,6,5,0,0,14.00000000003338,11.66666671580493
CUST002122,,,,,,,0,0,0,,18,12586.800000000001,699.2666666666668,7652.76,20.02,0,0,18,5,7,0,0,19.25,12.250000007416862
CUST002123,,,,,,,0,0,0,,24,24565.03,1023.5429166666667,16391.37,22.9,0,0,24,6,2,1,0,26.25,11.958333349591081
CUST002124,,,,,,,0,0,0,,21,13628.18,648.9609523809524,1789.75,59.54,0,0,21,6,6,0,0,14.0,11.916668398976041
CUST002125,,,,,,,0,0,0,,23,9947.61,432.5047826086957,1673.94,29.59,0,0,23,5,5,0,0,14.00000000000496,11.565217470753126
CUST002126,,,,,,,0,0,0,,24,16833.36,701.39,7793.73,8.33,0,0,24,4,3,0,0,19.25,11.593750125301534
CUST002127,,,,,,,0,0,0,,26,19383.87,745.5334615384616,3174.65,19.87,0,0,26,6,9,0,0,14.0,11.644272756500843
CUST002128,,,,,,,0,0,0,,28,11181.339999999998,399.33357142857136,2126.84,29.01,0,0,28,5,8,0,0,14.0,11.375000002053412
CUST002129,,,,,,,0,0,0,,25,32644.829999999998,1305.7931999999998,11389.46,47.48,0,0,25,8,5,1,0,28.0,12.9500000044765
CUST002130,,,,,,,0,0,0,,22,16804.68,763.8490909090909,2463.37,28.06,0,0,22,7,5,0,0,14.000000254206215,11.613636375413963
CUST002131,,,,,,,0,0,0,,28,17432.140000000003,622.5764285714287,2513.67,46.77,0,0,28,6,5,0,0,14.000000000508914,11.312500000039105
CUST002132,,,,,,,0,0,0,,25,11269.630000000001,450.78520000000003,1747.16,13.44,0,0,25,6,5,0,0,14.0,11.410000009859596
CUST002133,,,,,,,0,0,0,,20,20560.910000000003,1028.0455000000002,9023.03,40.55,0,0,20,5,4,0,0,22.75,12.075000000001578
CUST002134,,,,,,,0,0,0,,21,14308.269999999999,681.3461904761904,4156.73,18.05,0,0,21,4,3,0,0,14.0,11.250003809407742
CUST002135,,,,,,,0,0,1,,31,22668.26,731.234193548387,3856.84,24.02,0,0,31,6,5,16,0,26.75,24.266149573835097
CUST002136,,,,,,,0,0,0,,28,19390.559999999998,692.5199999999999,3796.18,33.16,0,0,28,6,8,0,0,14.0,11.312500000092866
CUST002137,,,,,,,0,0,0,,27,29641.680000000004,1097.8400000000001,10556.04,27.72,0,0,26,6,6,0,0,19.25,11.796297559939157
CUST002138,,,,,,,0,0,0,,21,17897.46,852.26,2282.25,29.15,0,0,21,6,7,0,0,14.0,12.083333433125885
CUST002139,,,,,,,0,0,0,,20,10632.26,531.613,3158.89,25.16,0,0,20,5,5,0,0,14.0,11.375000015911596
CUST002140,,,,,,,0,1,0,,22,22688.94,1031.3154545454545,4677.83,79.23,0,0,22,6,7,22,0,47.49999999999999,45.27272763911866
CUST002141,,,,,,,0,0,0,,24,20175.12,840.63,9173.23,38.98,0,0,24,8,7,0,0,22.75,12.322916697403711
CUST002142,,,,,,,0,0,0,,13,9607.7,739.0538461538462,2755.7,57.18,0,0,13,7,4,0,0,14.000000001473504,11.846153846267192
CUST002143,,,,,,,1,0,0,,29,15604.279999999999,538.0786206896552,2510.96,62.78,0,0,28,7,9,29,0,30.0,27.64655181113389
CUST002144,,,,,,,0,0,0,,24,17434.65,726.44375,3584.25,52.32,0,0,24,6,6,0,0,14.0,11.666666979616474
CUST002145,,,,,,,0,0,0,,20,11044.410000000002,552.2205000000001,3332.24,53.23,0,0,20,4,6,0,0,14.0,11.812500000611426
CUST002146,,,,,,,0,0,0,,28,25898.79,924.9567857142857,10040.19,28.59,0,0,28,5,8,0,0,19.25,12.000000026126395
CUST002147,,,,,,,0,0,0,,20,12468.810000000001,623.4405,2444.6,31.73,0,0,20,5,5,0,0,14.0,11.725000000004567
CUST002148,,,,,,,0,0,0,,32,24350.21,760.9440625,5635.14,50.87,0,0,32,8,7,0,0,19.25035374899304,11.867199714246246
CUST002149,,,,,,,0,0,0,,24,26895.14,1120.6308333333334,12745.73,24.31,0,0,24,8,7,0,0,19.250001332076277,12.17708371805435
CUST002150,,,,,,,0,0,0,,25,32663.07,1306.5228,16290.91,73.96,0,0,25,5,6,0,0,17.5,11.690006219068914
CUST002151,,,,,,,0,0,0,,26,16721.51,643.135,2498.58,10.64,0,0,26,6,5,0,0,14.0,11.375000286376977
CUST002152,,,,,,,0,0,0,,24,18966.589999999997,790.2745833333332,9462.33,20.05,0,0,24,6,7,0,0,24.50000823700132,12.17708370078971
CUST002153,,,,,,,0,0,0,,19,24757.08,1303.0042105263158,6925.55,179.33,0,0,19,3,5,0,0,19.250000023907628,11.8815802050584
CUST002154,,,,,,,0,0,0,,26,22789.58,876.5223076923078,4461.8,21.92,0,0,26,6,6,0,0,14.0,11.980769252776327
CUST002155,,,,,,,0,0,0,,20,10462.68,523.134,1842.59,65.18,0,0,20,5,5,0,0,12.250000000751868,11.550000324625326
CUST002156,,,,,,,0,0,0,,29,18099.57,624.1231034482759,2732.01,22.19,0,0,29,9,6,0,0,14.0,11.887952476931883
CUST002157,,,,,,,0,0,0,,20,6020.609999999999,301.03049999999996,989.06,7.49,0,0,19,4,6,0,0,14.0,11.375000000031239
CUST002158,,,,,,,0,0,0,,22,19218.909999999996,873.586818181818,3171.8,90.55,0,0,22,6,7,0,0,14.0,11.931818633918077
CUST002159,,,,,,,0,0,0,,31,22088.45,712.5306451612903,3599.9,33.72,0,0,31,7,5,0,0,14.000000311715354,11.516159027971959
CUST002160,,,,,,,0,0,0,,19,14215.210000000001,748.1689473684211,4792.91,60.94,0,0,19,6,4,0,0,14.000000003367878,11.789473738151223
CUST002161,,,,,,,0,0,0,,24,23074.46,961.4358333333333,6547.12,34.04,0,0,23,4,7,0,0,19.25,12.031250731500307
CUST002162,,,,,,,0,0,0,,27,31935.95,1182.812962962963,7794.75,14.64,0,0,27,6,8,0,0,24.50001422346697,12.509277582599092
CUST002163,,,,,,,0,0,0,,32,28415.049999999996,887.9703124999999,4988.19,43.97,0,0,32,5,9,0,0,14.000000005425957,11.757823502010307
CUST002164,,,,,,,0,0,0,,25,8595.099999999999,343.8039999999999,1088.34,62.02,0,0,25,6,6,0,0,12.250000026180444,11.480007003567476
CUST002165,,,,,,,0,0,0,,15,10227.12,681.8080000000001,2093.9,85.57,0,0,15,8,5,0,0,14.0000000000137,11.90000000075343
CUST002166,,,,,,,0,0,1,,32,23020.68,719.39625,9056.48,13.51,0,0,32,9,5,19,0,37.24999999999999,24.835937676990774
CUST002167,,,,,,,0,0,0,,26,17591.309999999998,676.588846153846,3333.53,58.41,0,0,26,5,9,0,0,14.000000000772229,12.0480774589725
CUST002168,,,,,,,0,0,0,,28,18209.759999999995,650.3485714285713,3244.21,21.3,0,0,28,7,6,0,0,14.000000000143247,12.000000253681275
CUST002169,,,,,,,0,0,0,,21,20618.57,981.8366666666667,6329.83,109.71,0,0,21,6,6,0,0,17.50001288771321,11.916667813420041
CUST002170,,,,,,,0,0,0,,24,20300.01,845.8337499999999,9587.42,29.36,0,0,23,6,8,1,0,26.25000000054204,12.250000008795325
CUST002171,,,,,,,0,0,0,,20,13858.52,692.926,3183.02,11.12,0,0,20,8,5,0,0,14.0,11.637500000040715
CUST002172,,,,,,,1,0,0,,23,12007.869999999999,522.0813043478261,2363.55,35.85,0,0,23,7,7,23,0,30.0,27.945652175097404
CUST002173,,,,,,,0,0,0,,24,13010.75,542.1145833333334,2253.19,21.1,0,0,24,6,6,0,0,14.0,11.302083362152482
CUST002174,,,,,,,0,0,1,,22,24201.730000000007,1100.0786363636366,8342.78,30.7,0,0,22,7,6,16,0,35.5,25.159090926999387
CUST002175,,,,,,,0,0,0,,29,25303.850000000002,872.546551724138,7216.87,25.46,0,0,29,8,7,0,0,19.25,11.827586374208154
CUST002176,,,,,,,0,0,0,,17,19002.95,1117.820588235294,5907.11,22.1,0,0,17,3,6,0,0,19.25,11.735294118460024
CUST002177,,,,,,,0,0,0,,29,22663.200000000004,781.4896551724139,3538.4,36.48,0,0,29,8,5,0,0,14.0,11.467235523482298
CUST002178,,,,,,,0,0,0,,13,9219.96,709.2276923076922,2828.9,59.85,0,0,13,3,5,0,0,12.25000415516959,11.442308049007732
CUST002179,,,,,,,0,0,0,,26,20004.42,769.4007692307691,8271.73,43.6,0,0,26,8,7,0,0,24.50000140480647,11.980769315634529
CUST002180,,,,,,,0,0,0,,20,14991.22,749.5609999999999,3544.58,25.61,0,0,20,6,5,0,0,14.0,11.725002523538196
CUST002181,,,,,,,0,0,0,,36,49151.409999999996,1365.3169444444443,17642.33,21.08,0,0,36,9,10,0,0,19.25,12.493056258527014
CUST002182,,,,,,,1,0,0,,24,12189.32,507.8883333333333,2969.25,19.73,0,0,24,9,5,24,0,30.000000000077385,27.666666666730368
CUST002183,,,,,,,0,0,1,,21,13349.999999999998,635.7142857142857,3734.85,30.3,0,0,21,5,6,11,0,25.000000881850116,24.16666670919163
CUST002184,,,,,,,0,0,0,,30,13541.48,451.38266666666664,2117.06,30.87,0,0,30,6,6,0,0,14.0,11.55000000002114
CUST002185,,,,,,,0,0,0,,32,18173.57,567.9240625,2471.09,24.18,0,0,32,7,8,0,0,14.0,11.593750008178887
CUST002186,,,,,,,0,0,0,,23,13243.57,575.8073913043478,2212.7,30.89,0,0,23,5,7,0,0,14.0,11.641304365121387
CUST002187,,,,,,,0,0,0,,22,15501.45,704.6113636363636,3304.42,58.11,0,0,22,5,7,0,0,14.0,11.693181819737758
CUST002188,,,,,,,0,0,0,,18,8994.210000000001,499.6783333333334,2117.71,43.46,0,0,18,6,4,0,0,14.000000018134733,11.277778142207948
CUST002189,,,,,,,0,0,0,,24,9657.73,402.40541666666667,2502.87,52.43,0,0,24,6,5,0,0,14.0,11.739584688212853
CUST002190,,,,,,,0,0,0,,25,11000.18,440.0072,3244.03,14.6,0,0,25,9,6,0,0,14.00000000000002,11.900000885441214
CUST002191,,,,,,,0,0,0,,30,22928.02,764.2673333333333,8066.42,73.79,0,0,30,9,9,0,0,24.5,12.425005475355555
CUST002192,,,,,,,0,0,0,,22,26055.019999999997,1184.3190909090908,9489.08,40.69,0,0,22,4,5,1,0,29.75,12.806818184998287
CUST002193,,,,,,,0,0,0,,21,14665.81,698.3719047619047,5397.92,16.63,0,0,21,8,4,0,0,21.00000000000872,12.166666680643544
CUST002194,,,,,,,0,0,0,,19,6109.29,321.5415789473684,2114.65,25.19,0,0,19,3,4,0,0,12.250000000090496,10.960526316301463
CUST002195,,,,,,,0,0,0,,22,7784.66,353.8481818181818,1254.34,32.23,0,0,22,4,6,0,0,14.0,11.295454545767994
CUST002196,,,,,,,0,0,0,,15,10495.18,699.6786666666667,2719.42,22.02,0,0,15,4,3,0,0,14.000000000137966,11.900002282105136
CUST002197,,,,,,,0,0,0,,28,19609.53,700.3403571428571,3252.59,34.92,0,0,28,4,6,0,0,14.000000000010198,11.500001131451302
CUST002198,,,,,,,0,0,0,,22,10817.0,491.6818181818182,1668.25,42.55,0,0,22,4,4,0,0,12.250017183564974,11.215909873211267
CUST002199,,,,,,,0,0,0,,22,19376.82,880.7645454545454,4541.04,22.56,0,0,22,7,4,0,0,14.0,11.85227331617803
CUST002200,,,,,,,0,0,0,,19,7070.76,372.14526315789476,1485.24,40.35,0,0,19,5,8,0,0,14.0,12.157894736846526
CUST002201,,,,,,,0,0,0,,22,15353.359999999997,697.8799999999999,5821.0,46.65,0,0,22,8,7,0,0,17.5,12.329545455508919
CUST002202,,,,,,,0,0,0,,27,12835.22,475.3785185185185,2752.81,30.22,0,0,27,7,6,0,0,14.000000000704356,12.120370372966445
CUST002203,,,,,,,0,0,0,,19,21330.850000000002,1122.6763157894738,13510.47,45.87,0,0,19,4,5,0,0,19.25,11.513164828646016
CUST002204,,,,,,,0,0,0,,23,13907.060000000001,604.6547826086957,2194.6,17.94,0,0,23,7,6,0,0,14.0,11.79347826205459
CUST002205,,,,,,,0,0,0,,23,21228.16,922.9634782608696,3342.02,73.42,0,0,23,8,4,0,0,14.000000045525493,12.173913066674363
CUST002206,,,,,,,0,0,0,,20,7582.03,379.1015,1157.0,31.99,0,0,20,6,6,0,0,14.000000001277646,11.812500000069267
CUST002207,,,,,,,0,0,0,,28,17398.83,621.3867857142858,5257.56,25.48,0,0,28,6,7,0,0,21.0,11.937500000363414
CUST002208,,,,,,,0,1,0,,17,6224.3,366.13529411764705,1138.3,70.01,0,0,17,4,4,17,0,47.49999999999999,45.02941177284922
CUST002209,,,,,,,0,0,0,,22,11365.24,516.6018181818182,2157.65,18.79,0,0,22,6,5,0,0,14.000000173857485,11.69318208292018
CUST002210,,,,,,,0,0,0,,21,38381.04000000001,1827.6685714285718,18243.83,46.4,0,0,21,8,6,0,0,24.5,12.75001003778877
CUST002211,,,,,,,0,0,0,,31,25756.459999999995,830.8535483870967,4736.56,23.84,0,0,31,7,5,0,0,14.000018465797377,11.57258452333519
CUST002212,,,,,,,0,0,0,,20,12570.640000000001,628.532,4495.97,12.34,0,0,20,4,3,0,0,14.000000000064883,11.98750073818879
CUST002213,,,,,,,0,0,0,,12,13313.939999999999,1109.495,5656.06,34.27,0,0,12,5,3,0,0,14.0,11.520833794387615
CUST002214,,,,,,,0,0,0,,26,11329.929999999998,435.7665384615384,3696.87,32.19,0,0,26,8,5,0,0,14.000000000001751,11.644230776627658
CUST002215,,,,,,,0,0,0,,25,21514.309999999998,860.5723999999999,5882.65,23.63,0,0,25,4,7,0,0,19.25000539222573,12.460000402578968
CUST002216,,,,,,,0,0,0,,19,8620.539999999999,453.7126315789473,1860.4,31.22,0,0,19,5,5,0,0,14.0,11.697368421114525
CUST002217,,,,,,,0,0,0,,23,26546.789999999997,1154.208260869565,8766.67,20.22,0,0,23,5,8,0,0,24.5,12.554347869826838
CUST002218,,,,,,,0,0,0,,24,19202.68,800.1116666666667,5297.41,68.33,0,0,24,5,7,0,0,17.5,12.031254835246349
CUST002219,,,,,,,0,0,0,,36,22791.3,633.0916666666667,2648.39,33.74,0,0,36,5,6,0,0,14.0,11.423612807867572
CUST002220,,,,,,,0,0,0,,22,9243.26,420.14818181818185,2487.92,40.98,0,0,22,7,7,0,0,12.250000053883442,11.534091294933457
CUST002221,,,,,,,0,0,0,,19,9788.029999999999,515.1594736842104,1645.6,103.13,0,0,19,7,2,0,0,14.000000000004476,11.513157969512145
CUST002222,,,,,,,0,0,0,,19,11519.420000000002,606.2852631578949,2814.71,10.33,0,0,19,3,4,0,0,14.000000002272152,11.60526520606374
CUST002223,,,,,,,0,0,0,,24,15719.189999999999,654.96625,4620.68,31.6,0,0,24,7,9,0,0,14.000000000005684,12.031250003433373
CUST002224,,,,,,,0,0,0,,24,21104.32,879.3466666666667,4396.49,8.83,0,0,24,4,9,0,0,14.000000019247294,11.593750001924555
CUST002225,,,,,,,0,0,0,,23,12162.450000000003,528.8021739130436,2953.99,15.46,0,0,23,6,6,0,0,12.250005666875468,11.565224458037735
CUST002226,,,,,,,0,0,0,,33,44232.03,1340.3645454545454,13966.1,58.98,0,0,33,8,7,0,0,19.25345490251149,12.356165566976518
CUST002227,,,,,,,0,0,0,,17,12296.17,723.3041176470588,2038.34,54.44,0,0,17,5,6,0,0,14.0,11.838235836001582
CUST002228,,,,,,,0,0,0,,25,16556.31,662.2524000000001,2055.43,19.86,0,0,25,6,6,0,0,14.000000000005052,11.830000523326323
CUST002229,,,,,,,0,0,0,,29,15840.62,546.228275862069,2683.48,20.64,0,0,29,8,8,0,0,14.0,12.008620873676021
CUST002230,,,,,,,0,0,0,,19,11896.55,626.1342105263158,3231.83,27.85,0,0,19,5,6,0,0,14.0,11.51315964411608
CUST002231,,,,,,,0,0,0,,22,21847.789999999997,993.0813636363636,5002.48,36.88,0,0,22,4,6,0,0,17.500000003226994,12.011363636550845
CUST002232,,,,,,,0,0,0,,11,5098.28,463.47999999999996,1851.14,33.66,0,0,11,6,4,0,0,14.000000295413434,11.772727299583039
CUST002233,,,,,,,0,0,0,,24,10094.7,420.6125,1596.97,27.02,0,0,24,7,7,0,0,12.250004830836062,11.739583534806163
CUST002234,,,,,,,0,0,0,,21,8158.25,388.48809523809524,1495.95,37.48,0,0,21,6,8,0,0,14.000000002276987,11.83333333800705
CUST002235,,,,,,,0,0,0,,31,22288.029999999995,718.9687096774192,4259.72,28.39,0,0,31,7,8,0,0,14.0,11.79838741676552
CUST002236,,,,,,,0,0,0,,29,10368.75,357.5431034482759,1918.69,13.37,0,0,28,6,6,0,0,14.00000000000053,11.465517304071458
CUST002237,,,,,,,0,0,0,,20,16676.63,833.8315,3098.99,19.83,0,0,20,6,7,0,0,14.0,11.637500017569026
CUST002238,,,,,,,0,0,0,,22,11086.55,503.93409090909086,1768.09,15.61,0,0,22,7,9,0,0,14.00000000005378,12.170454546469857
CUST002239,,,,,,,0,0,0,,15,6924.29,461.6193333333333,2318.38,22.42,0,0,15,2,5,0,0,7.000000000155893,4.6666666858383605
CUST002240,,,,,,,0,0,0,,24,9036.5,376.5208333333333,1723.38,29.11,0,0,24,8,6,0,0,14.0,11.812500002267067
CUST002241,,,,,,,0,0,0,,21,16719.12,796.1485714285714,2655.18,81.64,0,0,21,5,5,0,0,12.2500491746407,11.583335678166687
CUST002242,,,,,,,0,0,0,,33,22441.28,680.0387878787878,5048.73,11.38,0,0,33,11,7,0,0,19.25,11.931818506736544
CUST002243,,,,,,,0,0,0,,25,14428.060000000001,577.1224000000001,2553.67,20.55,0,0,25,5,4,0,0,12.250000020481714,11.200000044782623
CUST002244,,,,,,,0,0,0,,23,13288.339999999998,577.7539130434782,3908.86,79.49,0,0,23,6,5,0,0,14.0,11.717391837226703
CUST002245,,,,,,,0,0,0,,25,37651.4,1506.056,12103.48,15.64,0,0,25,7,8,0,0,17.5,12.460000000000006
CUST002246,,,,,,,0,0,0,,28,20662.040000000005,737.9300000000002,3631.97,47.99,0,0,28,6,8,0,0,14.0,12.062500003011033
CUST002247,,,,,,,0,0,0,,14,12873.54,919.5385714285715,7388.93,85.23,0,0,14,6,7,0,0,14.0,12.125000000550708
CUST002248,,,,,,,0,0,0,,22,10575.070000000002,480.68500000000006,2772.02,8.34,0,0,22,7,6,0,0,14.0,11.693181924803815
CUST002249,,,,,,,0,0,0,,24,9429.33,392.88875,1990.3,30.99,0,0,24,6,8,0,0,14.000000000009052,11.812500294044847
CUST002250,,,,,,,0,0,0,,25,13101.769999999999,524.0708,1962.85,19.53,0,0,25,7,7,0,0,14.0,11.76000000166559
CUST002251,,,,,,,0,0,0,,30,19042.79,634.7596666666667,7242.11,86.37,0,0,30,9,6,0,0,19.250017746859477,12.191667403308381
CUST002252,,,,,,,0,0,0,,19,22808.460000000003,1200.445263157895,12249.85,49.79,0,0,19,5,4,0,0,24.5,12.526315794289175
CUST002253,,,,,,,0,0,0,,22,18407.43,836.7013636363637,6947.32,74.18,0,0,22,7,6,0,0,17.5,12.409090913151898
CUST002254,,,,,,,0,0,0,,27,11433.669999999998,423.4692592592592,1935.55,6.93,0,0,27,6,6,0,0,14.0,11.601853635152814
CUST002255,,,,,,,0,0,0,,38,23092.589999999997,607.6997368421052,2242.55,50.53,0,0,38,7,7,0,0,14.00000070954598,11.421135818676206
CUST002256,,,,,,,0,0,0,,15,10885.89,725.726,2821.74,39.99,0,0,15,4,6,0,0,14.0,11.900000000036739
CUST002257,,,,,,,0,1,0,,25,22890.8,915.632,6041.85,57.6,0,0,25,6,9,25,0,51.00000000016051,45.47000001827394
CUST002258,,,,,,,0,0,0,,18,9682.890000000001,537.9383333333334,2135.5,53.28,0,0,18,8,5,0,0,14.000000000022064,11.95833343543082
CUST002259,,,,,,,0,0,0,,24,11757.31,489.8879166666666,2077.2,14.17,0,0,24,6,5,0,0,14.000000280196858,11.44791667847791
CUST002260,,,,,,,0,0,0,,26,18280.38,703.0915384615384,2988.21,46.13,0,0,26,5,4,0,0,14.0,11.442308734232105
CUST002261,,,,,,,0,0,0,,27,14171.29,524.8625925925926,4052.68,17.01,0,0,27,3,4,0,0,14.0,11.472222225085043
CUST002262,,,,,,,0,0,0,,19,10140.420000000002,533.7063157894738,1482.27,49.68,0,0,19,6,6,0,0,14.000000054497834,12.342109264698797
CUST002263,,,,,,,0,0,0,,25,13988.3,559.5319999999999,4125.84,38.14,0,0,25,8,6,0,0,12.250005673990495,11.760000312134903
CUST002264,,,,,,,0,0,0,,25,20182.44,807.2976,4562.34,24.88,0,0,25,5,5,0,0,12.2508739915004,11.410035012527967
CUST002265,,,,,,,0,0,0,,15,9348.529999999999,623.2353333333333,2756.8,53.09,0,0,15,5,3,0,0,14.0,11.78333333338173
CUST002266,,,,,,,0,0,0,,22,18205.850000000002,827.5386363636364,3672.62,107.27,0,0,22,7,5,0,0,14.0,11.693181828900016
CUST002267,,,,,,,0,0,0,,26,13240.910000000002,509.2657692307693,1644.83,16.31,0,0,26,8,6,0,0,14.0,11.644230770065702
CUST002268,,,,,,,0,0,0,,28,27875.519999999997,995.5542857142856,4156.95,25.7,0,0,28,6,6,0,0,14.000000528658123,11.750000019654253
CUST002269,,,,,,,0,0,0,,23,17401.04,756.5669565217391,3460.81,66.44,0,0,23,7,7,0,0,14.0,11.56521750194894
CUST002270,,,,,,,0,0,0,,25,17358.75,694.35,2199.52,71.08,0,0,24,8,7,0,0,12.250000007616867,11.620000002226645
CUST002271,,,,,,,0,0,0,,22,9211.220000000001,418.69181818181823,1800.07,52.06,0,0,22,5,7,0,0,14.000004389804351,12.25000020179317
CUST002272,,,,,,,0,0,0,,19,10513.630000000001,553.3489473684211,1636.9,49.16,0,0,19,5,6,0,0,14.000000000474817,11.973684210787725
CUST002273,,,,,,,0,0,0,,25,22295.540000000005,891.8216000000002,6387.54,34.69,0,0,25,5,8,0,0,17.5,12.320002655085434
CUST002274,,,,,,,0,1,0,,27,24626.53,912.0937037037037,13086.6,58.06,0,0,27,5,8,27,0,51.0,45.425925928447725
CUST002275,,,,,,,0,0,0,,21,12522.3,596.3,1766.32,64.8,0,0,21,5,4,0,0,12.250002394524577,11.416666783677417
CUST002276,,,,,,,0,0,0,,31,34289.74999999999,1106.1209677419351,14461.92,8.96,0,0,31,7,9,0,0,19.25,12.306486961566913
CUST002277,,,,,,,0,0,0,,20,10574.6,528.73,1347.03,5.0,0,0,20,5,7,0,0,14.0,11.9000026946053
CUST002278,,,,,,,0,0,0,,21,13794.929999999998,656.9014285714285,2000.93,73.68,0,0,21,6,4,0,0,14.0,11.66666668371982
CUST002279,,,,,,,0,0,0,,20,9721.050000000001,486.05250000000007,1289.11,27.29,0,0,20,3,3,0,0,14.000000000015438,11.637500006159488
CUST002280,,,,,,,0,0,0,,29,13838.51,477.19,1996.04,12.25,0,0,28,5,7,0,0,14.00000000791998,11.646551734479928
CUST002281,,,,,,,0,0,0,,28,19022.97,679.3917857142858,2268.65,15.35,0,0,28,5,7,0,0,14.0,11.75000010638295
CUST002282,,,,,,,0,0,0,,27,47239.32,1749.6044444444444,16005.27,14.5,0,0,27,6,6,0,0,24.5,12.638890694820786
CUST002283,,,,,,,0,0,0,,30,30784.669999999995,1026.1556666666665,16383.99,8.1,0,0,30,6,5,0,0,19.25,11.958333333902777
CUST002284,,,,,,,0,0,0,,21,23012.559999999998,1095.8361904761903,5617.45,21.6,0,0,21,7,3,0,0,17.5,11.916670512306773
CUST002285,,,,,,,0,0,0,,17,16866.62,992.1541176470588,6204.63,35.19,0,0,17,5,3,0,0,19.25,12.455882452352826
CUST002286,,,,,,,0,0,0,,27,21500.2,796.3037037037037,2579.72,6.56,0,0,27,4,7,0,0,12.250000582126091,11.407407458896271
CUST002287,,,,,,,0,0,0,,17,14054.390000000001,826.7288235294118,4654.68,74.64,0,0,17,7,6,0,0,14.000001667978768,12.044117788891882
CUST002288,,,,,,,0,0,0,,27,11322.96,419.3688888888889,1423.75,38.9,0,0,27,7,8,0,0,14.0,11.796296472327807
CUST002289,,,,,,,0,0,0,,30,16913.91,563.797,2323.22,12.24,0,0,30,11,8,0,0,14.000000002454865,12.133333334219802
CUST002290,,,,,,,0,0,0,,24,12159.49,506.6454166666667,1722.35,33.23,0,0,24,5,8,0,0,14.0,11.88541666990803
CUST002291,,,,,,,0,0,0,,17,6841.2,402.4235294117647,1551.61,24.07,0,0,17,4,3,0,0,12.250000000000904,11.220590935661846
CUST002292,,,,,,,0,0,0,,15,12137.400000000001,809.1600000000001,3098.2,60.85,0,0,15,4,4,0,0,12.25000002681547,11.666666668940021
CUST002293,,,,,,,0,0,0,,28,13884.090000000002,495.8603571428572,1452.08,30.73,0,0,28,6,6,0,0,14.0,11.81250236931938
CUST002294,,,,,,,0,0,0,,21,12186.470000000001,580.3080952380953,2733.94,97.22,0,0,21,4,4,0,0,14.000000502514885,11.416666692173205
CUST002295,,,,,,,0,0,0,,24,12790.74,532.9475,1772.37,66.15,0,0,24,5,9,0,0,14.0,11.593752235413726
CUST002296,,,,,,,0,0,0,,25,17824.85,712.9939999999999,4724.01,42.34,0,0,25,5,6,0,0,14.0,11.690000003760197
CUST002297,,,,,,,0,0,0,,24,11524.02,480.1675,2086.42,50.16,0,0,24,6,6,0,0,14.0,11.885416667713912
CUST002298,,,,,,,0,0,0,,21,25717.339999999997,1224.635238095238,11600.48,53.57,0,0,21,6,6,0,0,19.25,12.25000269919756
CUST002299,,,,,,,0,0,0,,24,29129.040000000005,1213.7100000000003,19267.74,24.11,0,0,24,5,7,0,0,24.5,12.250000000595241
CUST002300,,,,,,,0,0,1,,25,9572.33,382.8932,1599.76,24.64,0,0,25,6,8,15,0,26.75,24.37000079090499
CUST002301,,,,,,,0,0,0,,25,21942.71,877.7084,7384.11,21.61,0,0,25,8,5,0,0,17.50000058689183,11.760000024923093
CUST002302,,,,,,,0,0,0,,34,20647.43,607.2773529411764,5106.27,16.09,0,0,34,7,6,0,0,19.25,11.9926481842897
CUST002303,,,,,,,0,0,0,,34,26975.020000000004,793.3829411764707,8329.44,23.84,0,0,34,7,8,0,0,24.5,12.147058830896253
CUST002304,,,,,,,0,0,0,,33,27286.56,826.8654545454546,2889.8,27.69,0,0,33,6,8,0,0,14.0,11.454550685288122
CUST002305,,,,,,,1,0,0,,26,9707.359999999999,373.35999999999996,1372.62,23.74,0,0,26,4,4,26,0,30.00000000000153,27.442307692750305
CUST002306,,,,,,,0,0,0,,21,13852.640000000001,659.6495238095239,2809.42,36.5,0,0,21,6,8,0,0,14.000000000073106,11.666666667626062
CUST002307,,,,,,,0,0,0,,19,11491.590000000002,604.8205263157896,2023.42,18.59,0,0,19,5,6,0,0,14.0,11.881591727179062
CUST002308,,,,,,,0,0,0,,22,10789.130000000001,490.415,2171.79,64.1,0,0,22,8,6,0,0,14.0,11.77272727273347
CUST002309,,,,,,,0,0,0,,21,19184.590000000004,913.5519047619049,5066.93,43.81,0,0,21,5,7,0,0,21.000000000023697,12.333333443858393
CUST002310,,,,,,,0,0,0,,17,13052.339999999998,767.7847058823528,2810.58,51.31,0,0,17,7,4,0,0,14.000000000075309,11.838235429460171
CUST002311,,,,,,,0,0,0,,28,27162.959999999995,970.1057142857142,5490.85,33.28,0,0,27,8,6,0,0,19.25,12.187500012956571
CUST002312,,,,,,,0,0,0,,27,17652.53,653.7974074074074,2863.36,35.98,0,0,27,6,7,0,0,14.0,11.537061757247455
CUST002313,,,,,,,0,0,0,,22,24913.21,1132.4186363636363,6990.85,21.59,0,0,22,7,6,0,0,19.25,12.25000240019341
CUST002314,,,,,,,0,0,0,,27,22754.01,842.7411111111111,5564.57,66.86,0,0,27,10,6,0,0,17.5,12.379629675996659
CUST002315,,,,,,,0,0,0,,35,33209.53,948.8437142857142,11252.38,48.84,0,0,34,6,4,0,0,19.25,11.700021660895091
CUST002316,,,,,,,0,0,0,,30,24282.309999999998,809.4103333333333,10755.05,23.15,0,0,30,6,6,0,0,17.5,12.075000047337094
CUST002317,,,,,,,0,0,1,,23,17882.379999999997,777.4947826086956,2604.14,109.14,0,0,23,6,6,12,0,26.75000000012154,24.3913075805558
CUST002318,,,,,,,0,0,0,,22,11259.22,511.78272727272724,5011.5,42.64,0,0,21,7,5,0,0,19.25,12.250000003223905
CUST002319,,,,,,,0,0,0,,16,22093.63,1380.851875,4250.08,105.38,0,0,16,7,5,0,0,14.0,12.25000004515035
CUST002320,,,,,,,0,0,0,,19,22791.190000000002,1199.5363157894737,4519.76,26.6,0,0,19,7,6,0,0,14.0,12.065789531935419
CUST002321,,,,,,,0,0,0,,20,7649.14,382.457,2195.88,25.14,0,0,20,7,8,0,0,14.000000456693888,11.987500022904149
CUST002322,,,,,,,0,0,0,,20,16021.38,801.069,2699.55,44.84,0,0,20,6,6,0,0,14.0,11.90000012213997
CUST002323,,,,,,,0,0,0,,28,26328.850000000006,940.3160714285716,3588.09,29.74,0,0,28,6,6,0,0,14.0,11.500000001008384
CUST002324,,,,,,,0,0,0,,25,12115.18,484.60720000000003,2104.15,45.63,0,0,25,7,8,0,0,14.000000009304555,12.110000311054046
CUST002325,,,,,,,0,0,0,,24,25005.5,1041.8958333333333,7488.25,34.0,0,0,24,7,9,0,0,22.75,12.104166666675516
CUST002326,,,,,,,0,0,0,,31,22784.54,734.9851612903226,6130.48,41.72,0,0,30,8,9,0,0,17.500000244439416,11.967742520428562
CUST002327,,,,,,,0,0,0,,37,29905.600000000002,808.2594594594595,5555.48,10.44,0,0,37,10,11,0,0,17.5,12.013518444661461
CUST002328,,,,,,,0,0,0,,30,12184.44,406.148,1639.93,23.28,0,0,30,10,6,0,0,14.0,11.608333347870124
CUST002329,,,,,,,0,0,0,,26,24839.79,955.3765384615385,6266.0,78.66,0,0,26,7,6,0,0,21.00000439628557,12.25000369689347
CUST002330,,,,,,,0,0,0,,25,15857.91,634.3164,6035.01,42.07,0,0,25,6,7,0,0,19.2500000285961,12.110000135477817
CUST002331,,,,,,,0,0,0,,21,23135.539999999997,1101.6923809523807,6707.9,44.07,0,0,21,7,4,0,0,17.501292465614288,11.666728241101106
CUST002332,,,,,,,0,0,0,,13,8729.21,671.4776923076922,3124.43,42.31,0,0,12,4,5,0,0,14.0,11.980769230769315
CUST002333,,,,,,,0,0,0,,30,26627.980000000003,887.5993333333334,13875.73,25.51,0,0,30,7,6,0,0,24.5,12.016667043048788
CUST002334,,,,,,,0,0,0,,29,20022.01,690.4141379310345,2231.02,29.28,0,0,29,5,7,0,0,12.250000073908833,11.405186394497367
CUST002335,,,,,,,0,0,1,,22,16728.97,760.4077272727274,4142.82,29.15,0,0,22,7,5,13,0,26.750031731281783,24.522728715169343
CUST002336,,,,,,,1,0,0,,22,14901.64,677.3472727272728,5332.01,21.43,0,0,22,8,4,22,0,35.25,27.931818181819814
CUST002337,,,,,,,0,0,0,,24,39749.39,1656.2245833333334,25005.33,45.95,0,0,24,5,4,0,0,22.75,11.812509209288294
CUST002338,,,,,,,0,0,0,,26,18937.53,728.3665384615384,3303.27,28.32,0,0,26,7,6,0,0,14.000000000000185,11.442310267414184
CUST002339,,,,,,,0,0,0,,29,15716.05,541.9327586206896,3921.27,20.33,0,0,29,6,6,0,0,14.000000000050193,12.008620804770425
CUST002340,,,,,,,0,0,0,,23,24488.989999999998,1064.7386956521739,5630.36,70.12,0,0,23,6,5,0,0,17.5,11.86956535796314
CUST002341,,,,,,,0,0,0,,23,13779.7,599.1173913043478,2864.41,39.65,0,0,23,4,6,0,0,12.250001534528964,11.565296822753549
CUST002342,,,,,,,1,0,0,,27,13151.99,487.1107407407407,3166.32,27.03,0,0,27,6,7,27,0,30.000000000004874,27.731481483220865
CUST002343,,,,,,,0,0,0,,22,24515.870000000003,1114.3577272727273,6569.58,16.2,0,0,22,6,6,0,0,21.0,12.170472274816923
CUST002344,,,,,,,0,0,0,,23,33051.72000000001,1437.0313043478266,7484.06,106.6,0,0,23,5,6,0,0,19.25,12.478260882845058
CUST002345,,,,,,,0,0,0,,23,15394.04,669.3060869565218,5337.11,10.95,0,0,23,5,8,0,0,24.50000000077048,12.40217392521215
CUST002346,,,,,,,0,0,0,,15,8754.82,583.6546666666667,1839.9,25.56,0,0,15,3,6,0,0,14.0,11.43333333393508
CUST002347,,,,,,,0,0,0,,22,20935.059999999998,951.5936363636363,3744.76,41.64,0,0,22,6,8,0,0,14.0,11.693181876947934
CUST002348,,,,,,,0,0,0,,28,21695.93,774.8546428571428,3507.88,17.71,0,0,28,6,5,0,0,14.000000158867438,11.68750000594145
CUST002349,,,,,,,1,0,0,,25,46261.37999999999,1850.4551999999996,32791.78,27.93,0,0,25,4,9,25,0,40.50000000073437,28.040000000055496
CUST002350,,,,,,,0,0,0,,25,13313.780000000002,532.5512000000001,2381.79,26.66,0,0,25,5,8,0,0,14.0,11.620000003982982
CUST002351,,,,,,,0,0,0,,20,10218.610000000002,510.9305000000001,2054.64,26.26,0,0,20,6,7,0,0,14.000000000009868,12.425000067134535
CUST002352,,,,,,,0,0,0,,19,13891.380000000001,731.1252631578948,3119.65,66.5,0,0,19,4,5,0,0,14.00000000816519,11.697387170003891
CUST002353,,,,,,,0,0,0,,27,15750.1,583.337037037037,3422.65,81.27,0,0,27,5,7,0,0,14.0,11.796296299317122
CUST002354,,,,,,,0,0,0,,24,17247.16,718.6316666666667,3136.85,19.35,0,0,24,7,3,0,0,14.0,11.666666671768388
CUST002355,,,,,,,0,0,0,,22,11747.829999999998,533.9922727272726,2215.9,72.46,0,0,22,5,6,0,0,14.0,11.534090911121524
CUST002356,,,,,,,0,0,0,,23,23339.499999999996,1014.7608695652173,5933.18,25.83,0,0,23,6,6,0,0,19.25,12.173913458632084
CUST002357,,,,,,,0,0,0,,31,15397.529999999999,496.6945161290322,2228.7,48.49,0,0,31,8,8,0,0,14.0,11.854838721435385
CUST002358,,,,,,,0,0,0,,15,6429.7,428.64666666666665,2316.97,96.8,0,0,15,5,5,0,0,12.250000000100428,11.316666666679051
CUST002359,,,,,,,0,0,0,,16,9479.74,592.48375,1540.52,137.03,0,0,16,6,5,0,0,12.25001039144799,11.37500064956653
CUST002360,,,,,,,0,0,0,,24,23470.32,977.93,5947.99,24.55,0,0,24,5,6,0,0,17.5,11.95833336170647
CUST002361,,,,,,,0,0,0,,26,26126.139999999996,1004.8515384615383,6033.53,17.63,0,0,26,7,8,0,0,19.25,12.04807717229604
CUST002362,,,,,,,1,0,0,,21,16645.089999999997,792.6233333333332,2307.34,64.66,0,0,21,6,6,21,0,30.0,27.833333333333332
CUST002363,,,,,,,0,0,0,,19,50057.189999999995,2634.5889473684206,30019.68,16.35,0,0,19,6,7,0,0,22.75,12.894736842735668
CUST002364,,,,,,,0,0,0,,15,9979.69,665.3126666666667,2381.3,34.58,0,0,15,4,6,0,0,12.250000000354904,11.666668261161034
CUST002365,,,,,,,0,0,0,,14,11842.28,845.8771428571429,3771.26,19.38,0,0,14,5,4,0,0,12.250000001787916,11.500000000164494
CUST002366,,,,,,,0,0,0,,29,20382.68,702.8510344827587,6363.27,15.41,0,0,29,5,6,0,0,17.5,11.646551787663352
CUST002367,,,,,,,0,0,0,,20,14969.39,748.4694999999999,4188.11,24.7,0,0,19,6,4,0,0,14.00000000033846,11.287500011212979
CUST002368,,,,,,,0,0,0,,24,16779.91,699.1629166666667,3194.7,22.78,0,0,24,4,4,0,0,14.0000094376687,11.375000667590584
CUST002369,,,,,,,0,0,0,,27,22456.24,831.7125925925926,7454.21,21.81,0,0,27,3,7,0,0,17.50000130251248,11.472225113741539
CUST002370,,,,,,,0,0,0,,18,12877.85,715.4361111111111,4581.39,43.28,0,0,18,4,6,0,0,12.250000778267312,11.569444497338576
CUST002371,,,,,,,0,0,0,,27,14719.599999999999,545.1703703703703,2621.84,38.96,0,0,27,6,9,0,0,14.0,11.731481545530475
CUST002372,,,,,,,0,0,0,,22,17902.1,813.7318181818181,3573.73,88.06,0,0,22,6,5,0,0,14.0,11.534090912709287
CUST002373,,,,,,,0,0,0,,23,16562.37,720.1030434782608,2923.64,83.78,0,0,23,7,7,0,0,14.000000000095683,12.02173913049468
CUST002374,,,,,,,0,0,0,,22,28627.0,1301.2272727272727,7368.58,15.65,0,0,22,6,3,0,0,19.25,11.931818181872314
CUST002375,,,,,,,0,0,0,,26,22582.549999999996,868.5596153846152,7592.71,35.11,0,0,26,5,6,0,0,21.0,11.913461607497453
CUST002376,,,,,,,0,0,0,,26,16738.589999999997,643.7919230769229,3503.67,20.74,0,0,26,7,9,0,0,14.0,11.644230770792756
CUST002377,,,,,,,0,0,0,,24,25667.88,1069.4950000000001,9235.8,57.66,0,0,24,6,7,0,0,22.75,12.031251583191505
CUST002378,,,,,,,0,0,0,,22,10500.440000000004,477.29272727272746,2297.53,42.16,0,0,22,2,7,0,0,7.0,4.613636888330806
CUST002379,,,,,,,0,0,0,,16,5459.17,341.198125,951.2,48.54,0,0,15,4,5,0,0,14.000000000025109,11.812500000952753
CUST002380,,,,,,,0,0,0,,19,11855.75,623.9868421052631,2361.63,10.59,0,0,19,4,7,0,0,14.0,11.697368426612455
CUST002381,,,,,,,0,0,0,,20,20447.41,1022.3705,8396.24,43.98,0,0,20,5,4,0,0,22.75,12.33750001346267
CUST002382,,,,,,,0,0,0,,24,19459.649999999998,810.8187499999999,7069.53,25.94,0,0,24,6,8,0,0,19.25,12.104174529860993
CUST002383,,,,,,,0,0,0,,18,9723.410000000002,540.1894444444446,2369.09,64.07,0,0,18,7,6,0,0,14.0,11.47222255664041
CUST002384,,,,,,,0,0,0,,20,10256.53,512.8265,3670.64,30.17,0,0,20,6,5,0,0,14.000000000001098,11.725000006774092
CUST002385,,,,,,,0,0,0,,22,12226.550000000001,555.7522727272727,2847.43,37.96,0,0,22,7,7,0,0,14.0,11.693182996214889
CUST002386,,,,,,,1,0,0,,21,21402.89,1019.1852380952381,5226.9,21.52,0,0,21,3,6,21,0,33.5,28.083333334101162
CUST002387,,,,,,,0,0,0,,21,8597.65,409.41190476190474,1987.52,37.03,0,0,21,7,8,0,0,14.0,12.333333333924253
CUST002388,,,,,,,0,0,0,,31,52998.070000000014,1709.615161290323,16536.24,39.73,0,0,31,5,9,0,0,17.5001257950637,12.024200163499007
CUST002389,,,,,,,0,0,0,,27,15949.38,590.7177777777778,2544.23,27.97,0,0,27,6,10,0,0,14.0,11.666666934290506
CUST002390,,,,,,,0,0,0,,23,10419.25,453.0108695652174,1477.14,31.15,0,0,23,4,6,0,0,14.0,11.71740171023949
CUST002391,,,,,,,0,0,0,,17,12485.42,734.4364705882354,6722.2,16.39,0,0,17,3,2,0,0,17.5,11.632352941178581
CUST002392,,,,,,,0,0,0,,16,8703.29,543.955625,1844.0,39.13,0,0,16,4,3,0,0,14.0,11.593760556110183
CUST002393,,,,,,,0,0,0,,26,15520.300000000001,596.9346153846154,3034.8,24.35,0,0,26,5,6,0,0,14.0,11.173083646498954
CUST002394,,,,,,,0,0,0,,26,12177.329999999998,468.35884615384606,3238.63,57.66,0,0,26,8,8,0,0,14.0,11.64423076923077
CUST002395,,,,,,,0,0,0,,30,25250.340000000004,841.6780000000001,7359.59,54.34,0,0,30,7,8,0,0,21.0,12.191666758902219
CUST002396,,,,,,,0,0,0,,26,16317.46,627.5946153846154,2519.08,43.7,0,0,26,7,7,0,0,14.000000000315874,11.846153850388369
CUST002397,,,,,,,0,0,0,,25,13808.72,552.3488,3145.27,29.48,0,0,25,5,6,0,0,14.000000002359773,11.76000000898782
CUST002398,,,,,,,0,0,0,,30,15036.759999999998,501.22533333333325,2911.36,18.13,0,0,30,9,7,0,0,14.00000000009526,12.075008752014352
CUST002399,,,,,,,0,0,0,,29,16977.2,585.4206896551724,1940.4,42.69,0,0,29,6,6,0,0,14.0,11.706898577577856
CUST002400,,,,,,,0,0,1,,23,12260.099999999999,533.0478260869564,3118.57,56.29,0,0,23,7,5,16,0,26.75,24.61956525870578
CUST002401,,,,,,,0,0,0,,23,21292.859999999997,925.7765217391303,6243.37,45.42,0,0,23,5,5,0,0,19.25,11.869566777298576
CUST002402,,,,,,,0,0,0,,28,18694.680000000004,667.667142857143,4142.62,28.26,0,0,28,5,6,0,0,17.5,11.687516736172569
CUST002403,,,,,,,0,0,0,,35,47094.63,1345.560857142857,8478.32,25.1,0,0,35,10,9,0,0,24.5,12.60000034668538
CUST002404,,,,,,,0,0,0,,20,17901.63,895.0815,5059.8,94.75,0,0,20,5,6,0,0,17.50000000089105,12.250000968231129
CUST002405,,,,,,,0,0,0,,33,22831.85,691.8742424242424,3114.44,35.26,0,0,33,9,5,0,0,12.250000349100574,11.34848511244158
CUST002406,,,,,,,0,0,0,,16,10821.279999999999,676.3299999999999,3646.41,25.86,0,0,16,4,5,0,0,12.250000000235714,11.484375018280087
CUST002407,,,,,,,0,0,0,,22,16839.460000000003,765.4300000000002,7626.5,47.11,0,0,22,4,7,0,0,17.5,11.85227431919821
CUST002408,,,,,,,0,0,0,,28,21531.47,768.9810714285715,4830.47,49.05,0,0,28,5,8,0,0,14.0,12.062500003694169
CUST002409,,,,,,,0,0,0,,28,14282.050000000001,510.0732142857143,3466.34,37.64,0,0,28,6,5,0,0,14.0,11.375003367791374
CUST002410,,,,,,,0,0,0,,25,16935.539999999997,677.4215999999999,7741.32,13.5,0,0,25,7,5,0,0,17.5,11.97000000731663
CUST002411,,,,,,,0,0,0,,31,19016.600000000002,613.4387096774194,3463.21,28.87,0,0,30,7,9,0,0,14.0,12.024193594911418
CUST002412,,,,,,,0,0,0,,20,10889.16,544.458,2689.87,31.57,0,0,20,7,7,0,0,14.0,12.075004728997063
CUST002413,,,,,,,0,0,0,,24,13637.660000000002,568.2358333333334,2511.99,36.8,0,0,24,8,5,0,0,12.25000001605981,11.375001147782262
CUST002414,,,,,,,0,0,1,,21,9367.150000000001,446.05476190476196,2747.52,29.15,0,0,21,8,6,12,0,26.750000000115392,24.58333335468313
CUST002415,,,,,,,0,0,0,,29,25061.440000000002,864.1875862068966,3914.85,60.93,0,0,29,6,7,0,0,14.0,11.827622677039916
CUST002416,,,,,,,0,0,1,,25,29658.53,1186.3411999999998,4975.34,43.05,0,0,25,7,8,18,0,26.75,24.720000399947093
CUST002417,,,,,,,0,0,0,,20,17175.55,858.7774999999999,2839.19,65.54,0,0,20,6,7,0,0,14.0000000034815,11.900000538408532
CUST002418,,,,,,,0,0,0,,20,17550.39,877.5195,6426.12,68.33,0,0,20,4,4,0,0,17.50000011872163,11.462500027030018
CUST002419,,,,,,,0,0,0,,29,14920.91,514.5141379310345,2667.14,25.33,0,0,29,9,7,0,0,14.000000000189544,11.646551727839325
CUST002420,,,,,,,0,0,0,,23,16842.03,732.2621739130434,2151.35,75.98,0,0,23,8,7,0,0,14.000000001657218,11.641304347988555
CUST002421,,,,,,,0,0,0,,30,20061.600000000002,668.72,3733.96,28.0,0,0,30,7,8,0,0,14.0,12.01666748199015
CUST002422,,,,,,,0,0,0,,32,35379.57,1105.6115625,7981.32,10.48,0,0,32,9,9,0,0,19.250000054648247,12.085938793891643
CUST002423,,,,,,,0,0,0,,23,12162.66,528.8113043478261,2729.85,40.62,0,0,23,7,8,0,0,14.000000003839116,12.02173913152412
CUST002424,,,,,,,0,0,0,,25,18450.46,738.0183999999999,3220.58,50.28,0,0,25,4,6,0,0,14.0,11.69000047313878
CUST002425,,,,,,,0,0,0,,27,18518.91,685.8855555555556,3082.41,24.92,0,0,27,6,7,0,0,14.0,11.66666669288607
CUST002426,,,,,,,1,0,0,,18,7538.23,418.79055555555556,1590.23,24.63,0,0,18,5,5,18,0,30.0,27.180555559879295
CUST002427,,,,,,,0,0,0,,30,32147.32,1071.5773333333334,8940.01,50.03,0,0,30,7,7,0,0,22.75,12.250024078650595
CUST002428,,,,,,,0,0,0,,29,16614.79,572.9237931034484,4467.19,14.63,0,0,28,7,6,0,0,14.0,11.70689655196133
CUST002429,,,,,,,0,0,0,,20,12194.560000000001,609.7280000000001,1691.16,11.33,0,0,20,8,5,0,0,14.000000308945893,12.075000112840312
CUST002430,,,,,,,0,0,0,,20,16038.73,801.9365,2351.92,70.25,0,0,20,6,9,0,0,14.0,11.725000004968916
CUST002431,,,,,,,0,0,0,,17,13704.95,806.1735294117648,7836.77,21.95,0,0,17,6,5,0,0,17.5,11.838235295496055
CUST002432,,,,,,,0,0,0,,23,14675.52,638.0660869565218,2193.7,42.02,0,0,23,6,10,0,0,14.000000048571293,11.945652464921642
CUST002433,,,,,,,0,0,1,,14,14682.06,1048.7185714285713,4145.92,115.93,0,0,14,6,6,10,0,25.000000920949432,24.50000034380949
CUST002434,,,,,,,0,0,0,,25,10733.83,429.3532,1587.91,33.48,0,0,25,5,4,0,0,14.000000014763048,11.690000009036703
CUST002435,,,,,,,0,0,0,,20,21751.260000000002,1087.563,4960.53,18.63,0,0,20,6,4,0,0,14.0,11.550024629849684
CUST002436,,,,,,,0,0,0,,20,11565.399999999998,578.2699999999999,2738.05,27.5,0,0,20,6,6,0,0,14.0,11.98750000089876
CUST002437,,,,,,,0,0,0,,25,16110.22,644.4087999999999,2678.93,26.73,0,0,25,6,7,0,0,14.0,11.4800012276308
CUST002438,,,,,,,0,0,1,,28,25687.06,917.3950000000001,6168.56,14.82,0,0,27,8,6,16,0,30.250000008074785,24.687500060146707
CUST002439,,,,,,,0,0,0,,24,12787.369999999999,532.8070833333333,2450.41,50.89,0,0,24,4,7,0,0,14.0,11.812500000646303
CUST002440,,,,,,,0,0,0,,19,8965.16,471.85052631578947,1312.87,28.49,0,0,18,6,7,0,0,14.000000000000018,11.69736857542135
CUST002441,,,,,,,0,0,0,,29,16834.21,580.49,1875.18,8.57,0,0,29,7,5,0,0,14.0,12.068971584113426
CUST002442,,,,,,,0,0,1,,25,24624.260000000002,984.9704,6339.25,27.39,0,0,25,7,6,12,0,32.0,24.580000014906094
CUST002443,,,,,,,0,0,0,,30,21254.949999999997,708.4983333333332,3827.12,10.28,0,0,29,6,5,0,0,14.0,11.550000004138914
CUST002444,,,,,,,1,0,0,,21,10655.449999999999,507.4023809523809,2081.23,67.86,0,0,21,5,7,21,0,30.0,27.83333333367349
CUST002445,,,,,,,0,0,0,,17,11692.220000000001,687.7776470588236,3367.78,26.39,0,0,16,5,4,0,0,14.000000012233684,11.838235298005696
CUST002446,,,,,,,0,0,0,,25,16131.750000000002,645.2700000000001,3797.78,51.2,0,0,25,6,5,0,0,14.0,11.270000257156106
CUST002447,,,,,,,0,0,0,,27,12034.09,445.707037037037,2228.42,48.96,0,0,27,7,8,0,0,14.0,11.731481640923265
CUST002448,,,,,,,0,0,0,,13,13467.869999999999,1035.99,9031.77,48.44,0,0,13,6,4,0,0,17.5,12.384615391078565
CUST002449,,,,,,,0,0,0,,24,17323.97,721.8320833333333,4739.19,46.69,0,0,24,7,5,0,0,14.000000009565756,11.739583419327298
CUST002450,,,,,,,0,0,0,,26,13979.58,537.6761538461539,3094.15,31.2,0,0,26,6,6,0,0,14.000000001854572,11.64423076931096
CUST002451,,,,,,,0,0,1,,27,24749.07,916.6322222222223,3365.38,45.25,0,0,27,6,7,14,0,26.75,24.2222534116173
CUST002452,,,,,,,0,0,0,,33,9232.24,279.76484848484847,1469.51,17.78,0,0,33,9,5,0,0,14.0,11.507584618373588
CUST002453,,,,,,,0,0,0,,32,24352.16,761.005,3097.66,66.45,0,0,32,6,6,0,0,14.0,11.648437583559897
CUST002454,,,,,,,0,0,0,,23,23271.100000000002,1011.7869565217392,4868.48,29.25,0,0,23,7,9,0,0,14.0,11.869565864690843
CUST002455,,,,,,,0,0,0,,16,8350.5,521.90625,1384.11,103.29,0,0,16,7,5,0,0,14.000000000000572,11.70312518021504
CUST002456,,,,,,,0,0,0,,21,15726.14,748.8638095238096,2774.09,45.76,0,0,21,5,8,0,0,14.0000000165178,11.916666859070515
CUST002457,,,,,,,0,0,0,,21,17518.559999999998,834.2171428571428,2955.72,20.01,0,0,21,9,6,0,0,14.0,11.916666743339174
CUST002458,,,,,,,0,0,0,,25,11853.499999999998,474.13999999999993,1686.64,50.09,0,0,24,5,7,0,0,14.0,11.550000943649794
CUST002459,,,,,,,0,0,0,,20,16918.019999999997,845.9009999999998,5666.55,44.1,0,0,20,4,6,0,0,17.5,12.162500767892004
CUST002460,,,,,,,0,0,0,,28,18647.8,665.9928571428571,3888.12,50.13,0,0,28,7,8,0,0,14.0,11.687500006310064
CUST002461,,,,,,,0,0,0,,35,34865.77,996.164857142857,4914.86,23.03,0,0,35,8,8,0,0,14.0,11.750000001711053
CUST002462,,,,,,,0,0,0,,15,29605.809999999998,1973.7206666666666,7196.39,95.04,0,0,15,6,6,0,0,24.500000023383464,14.11666666822948
CUST002463,,,,,,,0,0,0,,20,13162.46,658.1229999999999,2581.54,13.81,0,0,20,7,5,0,0,14.0,11.637500001119294
CUST002464,,,,,,,0,0,0,,26,11330.54,435.79,1949.42,22.04,0,0,25,5,5,0,0,14.0,11.240384617230195
CUST002465,,,,,,,1,0,1,,22,31079.059999999998,1412.6845454545453,8050.22,27.18,0,0,21,8,7,22,0,48.25,36.87500001487773
CUST002466,,,,,,,0,0,0,,21,36095.229999999996,1718.820476190476,12762.83,49.52,0,0,21,8,6,0,0,24.5,12.666666749314809
CUST002467,,,,,,,0,0,0,,18,9857.199999999999,547.6222222222221,2846.36,75.42,0,0,18,5,6,0,0,14.000000000433024,11.86111111558671
CUST002468,,,,,,,0,0,0,,18,13286.04,738.1133333333333,2183.05,121.32,0,0,18,6,4,0,0,12.250000645557972,11.08333375480563
CUST002469,,,,,,,0,0,0,,32,26641.2,832.5375,4235.09,33.95,0,0,31,8,10,0,0,14.000000000571433,12.140625824207829
CUST002470,,,,,,,0,0,0,,18,14157.24,786.5133333333333,6351.29,39.94,0,0,18,6,5,0,0,19.25,11.958335386664524
CUST002471,,,,,,,0,0,0,,17,13601.99,800.1170588235294,4557.3,73.63,0,0,17,5,4,0,0,14.0,11.838237125802394
CUST002472,,,,,,,0,0,0,,42,20810.120000000003,495.47904761904766,2268.45,23.27,0,0,42,7,9,0,0,14.0,11.416666724242853
CUST002473,,,,,,,0,0,0,,23,13361.75,580.945652173913,2380.99,15.77,0,0,23,6,5,0,0,14.0,11.565217627598313
CUST002474,,,,,,,0,0,0,,20,15295.65,764.7825,3751.7,20.81,0,0,20,7,4,0,0,12.250139771239905,11.462507010608359
CUST002475,,,,,,,0,0,0,,25,13687.27,547.4908,3107.66,35.82,0,0,25,6,7,0,0,14.000000248553018,11.620001202965412
CUST002476,,,,,,,1,0,0,,16,13968.419999999998,873.0262499999999,4709.4,24.44,0,0,16,5,7,16,0,30.0,27.703125004112795
CUST002477,,,,,,,0,0,0,,13,5070.75,390.0576923076923,1199.09,41.79,0,0,13,5,4,0,0,14.0,11.846153868810928
CUST002478,,,,,,,0,0,0,,25,12618.929999999998,504.75719999999995,4137.99,21.28,0,0,25,5,6,0,0,14.000000002226926,11.900000199885604
CUST002479,,,,,,,0,0,0,,31,22638.669999999995,730.2796774193547,3763.34,36.58,0,0,31,5,9,0,0,14.0,11.79838923099191
CUST002480,,,,,,,0,0,0,,27,33814.92,1252.4044444444444,13660.96,25.03,0,0,27,4,7,0,0,17.5,11.861439196872665
CUST002481,,,,,,,0,0,0,,23,14212.590000000002,617.938695652174,2145.67,78.14,0,0,23,4,5,0,0,12.25000002621846,11.184782609880523
CUST002482,,,,,,,0,0,0,,23,20228.45,879.4978260869566,3884.91,64.4,0,0,23,5,3,0,0,14.0,11.413043487035578
CUST002483,,,,,,,0,0,0,,18,8629.56,479.41999999999996,1207.15,45.3,0,0,18,3,8,0,0,14.000000002119371,11.958333459948015
CUST002484,,,,,,,0,0,0,,37,31086.2,840.1675675675676,6328.79,14.42,0,0,37,6,9,0,0,21.00000001888377,12.013528957240949
CUST002485,,,,,,,0,0,0,,26,10977.7,422.2192307692308,1432.49,48.88,0,0,26,4,6,0,0,12.250098458650726,11.576926896295316
CUST002486,,,,,,,0,0,0,,18,18255.04,1014.1688888888889,6800.22,5.0,0,0,17,4,5,0,0,17.5,11.763888938824984
CUST002487,,,,,,,1,0,0,,24,14832.41,618.0170833333333,2886.59,20.28,0,0,24,6,5,24,0,30.0,27.593750017486162
CUST002488,,,,,,,0,0,0,,24,19287.83,803.6595833333334,3384.67,12.35,0,0,24,6,8,0,0,14.000000000157572,11.666666672728352
CUST002489,,,,,,,0,0,0,,27,27192.25,1007.1203703703703,17439.02,40.35,0,0,27,7,8,0,0,22.75,12.444444444744612
CUST002490,,,,,,,0,0,0,,15,7914.8,527.6533333333333,1130.8,53.99,0,0,15,5,3,0,0,14.0,11.900000000012136
CUST002491,,,,,,,0,0,0,,28,18033.720000000005,644.0614285714288,3677.75,36.34,0,0,28,7,8,0,0,14.000000089205312,11.875000005984683
CUST002492,,,,,,,0,0,0,,29,24627.19,849.213448275862,3085.13,13.05,0,0,29,5,3,0,0,12.250005997757953,11.163793330646937
CUST002493,,,,,,,0,0,0,,15,10896.919999999996,726.4613333333331,6442.58,37.41,0,0,15,5,5,0,0,19.25,12.600000000020179
CUST002494,,,,,,,0,0,0,,18,13976.96,776.4977777777777,2135.91,26.94,0,0,18,6,6,0,0,14.0,11.666666844750983
CUST002495,,,,,,,0,0,0,,26,13190.310000000001,507.3196153846154,1960.78,33.59,0,0,26,8,8,0,0,14.00000008898892,11.576923840292052
CUST002496,,,,,,,0,0,0,,26,13492.100000000002,518.9269230769231,2539.19,25.76,0,0,26,7,7,0,0,14.0,11.644231312490556
CUST002497,,,,,,,0,0,0,,22,11090.41,504.10954545454547,2904.24,35.66,0,0,22,8,6,0,0,12.250000001532992,11.693181833902768
CUST002498,,,,,,,0,0,0,,29,28815.699999999993,993.6448275862067,12207.17,7.74,0,0,29,6,7,0,0,19.25,12.008620697658394
CUST002499,,,,,,,0,0,0,,27,16967.779999999995,628.4362962962961,3083.58,24.96,0,0,27,10,7,0,0,14.000000017162272,11.990746773642913
CUST002500,,,,,,,0,0,0,,25,24880.429999999997,995.2171999999998,6825.69,43.6,0,0,25,8,5,0,0,22.75,12.60000154132876
CUST002501,,,,,,,0,0,0,,18,10904.54,605.8077777777778,2771.51,24.54,0,0,18,7,4,0,0,14.0,11.76388919032059
CUST002502,,,,,,,0,0,0,,21,13980.13,665.7204761904761,3489.29,81.13,0,0,21,5,5,0,0,14.0,11.50000371011013
CUST002503,,,,,,,0,0,0,,18,15902.149999999998,883.4527777777777,2724.47,60.36,0,0,18,7,3,0,0,14.0,11.472222367590096
CUST002504,,,,,,,0,0,0,,28,26306.829999999998,939.5296428571428,7827.87,52.91,0,0,28,7,8,0,0,17.5,11.937500109503144
CUST002505,,,,,,,0,0,0,,27,23168.3,858.0851851851852,5286.21,34.91,0,0,27,6,5,0,0,17.5,11.666666767845632
CUST002506,,,,,,,0,0,0,,29,14409.68,496.8855172413793,2619.66,62.2,0,0,29,8,6,0,0,14.000000003966838,12.008625535748669
CUST002507,,,,,,,0,0,0,,26,22907.679999999997,881.0646153846153,4767.92,63.75,0,0,26,6,8,0,0,14.0,11.711538572468884
CUST002508,,,,,,,0,0,0,,26,20998.11,807.6196153846154,4534.6,21.67,0,0,26,5,8,0,0,14.0,11.576923077562897
CUST002509,,,,,,,0,0,0,,21,21637.769999999997,1030.37,6704.96,61.25,0,0,21,7,6,0,0,21.0,12.083333340809357
CUST002510,,,,,,,0,0,0,,30,28011.25,933.7083333333334,6882.36,81.32,0,0,30,7,4,0,0,17.500001394535378,12.016668525416545
CUST002511,,,,,,,0,0,0,,20,21992.9,1099.645,6063.17,19.95,0,0,20,5,4,0,0,19.25,11.987500000022212
CUST002512,,,,,,,0,0,0,,14,7502.150000000001,535.8678571428571,2048.81,16.85,0,0,14,6,6,0,0,14.000000362649748,12.250000819672378
CUST002513,,,,,,,0,0,0,,28,16538.63,590.6653571428571,2048.21,11.62,0,0,28,5,9,0,0,14.0,11.562500021175353
CUST002514,,,,,,,0,0,0,,22,14515.13,659.7786363636363,2790.01,25.13,0,0,22,8,7,0,0,14.000000240890268,11.931818200163656
CUST002515,,,,,,,0,0,0,,20,23598.379999999997,1179.9189999999999,10876.97,48.71,0,0,20,5,6,0,0,17.5,12.075000454438953
CUST002516,,,,,,,0,0,0,,21,17955.850000000002,855.0404761904763,6899.86,21.25,0,0,21,7,5,0,0,24.5,12.33333337767481
CUST002517,,,,,,,0,0,0,,23,14219.239999999998,618.2278260869564,3922.48,16.32,0,0,23,6,8,0,0,14.00000000019658,11.869565372932753
CUST002518,,,,,,,0,0,0,,25,19098.28,763.9312,4461.41,39.14,0,0,25,6,4,0,0,12.250008144905904,11.340007303940459
CUST002519,,,,,,,0,0,0,,29,26624.98,918.1027586206897,4245.21,56.92,0,0,29,8,6,0,0,14.0,11.465636512292278
CUST002520,,,,,,,0,0,0,,27,18412.27,681.935925925926,2430.3,46.11,0,0,27,6,8,0,0,14.0,11.731481615497009
CUST002521,,,,,,,0,0,0,,21,15012.689999999999,714.89,2572.16,78.17,0,0,20,5,5,0,0,14.0,11.500000083072166
CUST002522,,,,,,,0,0,0,,22,11279.859999999999,512.720909090909,3589.87,26.19,0,0,22,9,7,0,0,14.000000000001265,11.93181831845107
CUST002523,,,,,,,0,0,0,,19,10778.900000000001,567.3105263157895,1959.3,40.83,0,0,18,4,5,0,0,14.000000000035214,11.881578953641721
CUST002524,,,,,,,0,0,0,,36,31587.400000000005,877.4277777777779,5473.07,79.34,0,0,35,10,9,0,0,19.25,12.152793141518076
CUST002525,,,,,,,1,0,0,,20,11960.48,598.024,2538.51,38.59,0,0,20,6,3,20,0,30.0,27.550000957664736
CUST002526,,,,,,,0,0,0,,29,15373.680000000002,530.1268965517243,3526.36,32.57,0,0,29,8,8,0,0,14.0,11.706897040585323
CUST002527,,,,,,,0,0,0,,30,19441.090000000004,648.0363333333335,5658.96,34.43,0,0,30,8,6,0,0,19.25,12.133333334131608
CUST002528,,,,,,,0,0,0,,32,19900.32,621.885,1910.58,14.48,0,0,32,5,9,0,0,14.000000000099233,11.648441150356573
CUST002529,,,,,,,0,0,0,,16,8754.83,547.176875,3398.68,34.72,0,0,16,5,3,0,0,14.0,11.375000218970452
CUST002530,,,,,,,0,0,0,,30,14209.010000000002,473.6336666666667,1994.63,52.42,0,0,30,7,9,0,0,14.0,11.55000023440917
CUST002531,,,,,,,0,0,0,,21,12368.390000000001,588.9709523809524,5153.84,19.61,0,0,21,6,4,0,0,19.25,12.000000330338521
CUST002532,,,,,,,0,0,0,,27,21409.18,792.9325925925926,4255.29,29.98,0,0,27,7,7,0,0,14.0,11.601860730333575
CUST002533,,,,,,,0,0,0,,26,15026.17,577.9296153846154,3501.68,35.79,0,0,26,6,6,0,0,14.0,11.77884678415908
CUST002534,,,,,,,0,0,0,,24,13744.57,572.6904166666667,2999.91,15.04,0,0,24,8,7,0,0,14.00000000028504,11.885416666741657
CUST002535,,,,,,,0,0,0,,24,16465.32,686.055,3882.54,35.43,0,0,24,5,8,0,0,14.0,11.812500021567592
CUST002536,,,,,,,0,0,0,,18,12430.93,690.6072222222223,3135.22,13.44,0,0,18,5,4,0,0,14.0,11.47222222726528
CUST002537,,,,,,,0,0,0,,30,16117.18,537.2393333333333,2392.99,8.56,0,0,30,8,3,0,0,12.250000017480607,11.316666919701639
CUST002538,,,,,,,0,0,0,,24,12160.27,506.6779166666667,1651.06,69.37,0,0,23,8,8,0,0,12.250000000404862,11.447916666935457
CUST002539,,,,,,,0,0,0,,26,12241.32,470.82,1877.73,44.33,0,0,26,8,6,0,0,14.000000000109273,11.644230774163322
CUST002540,,,,,,,1,0,0,,33,44488.71,1348.1427272727271,6170.37,25.34,0,0,33,7,6,33,0,33.500035930022044,28.40909200151269
CUST002541,,,,,,,0,0,0,,28,33117.979999999996,1182.7849999999999,6664.43,50.2,0,0,28,8,6,0,0,17.500000084429384,11.875048193148817
CUST002542,,,,,,,0,0,0,,22,27007.300000000003,1227.6045454545456,6139.03,53.02,0,0,22,6,4,0,0,19.25,12.090909715301212
CUST002543,,,,,,,0,0,0,,19,10173.12,535.4273684210526,3513.45,34.95,0,0,19,2,5,0,0,7.0,4.052631764939286
CUST002544,,,,,,,0,0,0,,28,15747.64,562.4157142857142,2415.8,26.15,0,0,28,8,5,0,0,14.00005106191116,11.875003170841547
CUST002545,,,,,,,0,0,0,,28,15143.190000000002,540.8282142857144,3612.84,25.11,0,0,28,7,7,0,0,14.0,11.500010804117519
CUST002546,,,,,,,0,0,0,,24,21220.63,884.1929166666667,3315.18,15.41,0,0,24,3,7,0,0,14.000000277536046,11.52083334490952
CUST002547,,,,,,,0,0,0,,25,20847.34,833.8936,6041.34,33.16,0,0,25,8,4,0,0,17.500000128714422,12.180000368505919
CUST002548,,,,,,,0,0,0,,22,14518.689999999999,659.9404545454545,2658.57,49.22,0,0,22,7,6,0,0,14.00000000001923,11.693181849278586
CUST002549,,,,,,,0,0,0,,23,19918.810000000005,866.0352173913045,7210.83,23.88,0,0,23,6,5,0,0,17.5,11.717393495015207
CUST002550,,,,,,,0,0,0,,30,14966.140000000001,498.8713333333334,3379.96,33.98,0,0,30,7,8,0,0,14.000000054083422,11.608334083109982
CUST002551,,,,,,,0,0,0,,34,25540.71,751.1973529411764,5989.62,7.55,0,0,34,8,7,0,0,17.5,11.683823535853286
CUST002552,,,,,,,0,0,0,,28,9931.14,354.6835714285714,2106.56,25.01,0,0,28,7,9,0,0,14.0,11.562500004585255
CUST002553,,,,,,,0,0,0,,30,22362.809999999998,745.4269999999999,6058.41,86.48,0,0,30,7,8,0,0,19.25,12.308334031635338
CUST002554,,,,,,,0,0,0,,27,22355.56,827.9837037037038,5583.84,39.6,0,0,26,8,6,0,0,22.75,12.120370390242146
CUST002555,,,,,,,0,0,0,,21,11844.269999999997,564.012857142857,2996.39,32.19,0,0,21,7,7,0,0,14.000000000064931,12.000000034818141
CUST002556,,,,,,,0,0,0,,25,13344.6,533.784,2738.8,19.84,0,0,25,6,9,0,0,14.000000005428312,11.480000001359436
CUST002557,,,,,,,0,0,0,,22,13236.4,601.6545454545454,3521.29,64.84,0,0,22,6,4,0,0,14.000000000003736,11.534091261007417
CUST002558,,,,,,,0,0,0,,14,8681.679999999998,620.1199999999999,2508.9,49.43,0,0,14,4,3,0,0,12.250000000006604,11.375001494140395
CUST002559,,,,,,,0,0,0,,27,17336.13,642.078888888889,3807.55,14.35,0,0,27,8,4,0,0,14.000000000003352,11.472369905851455
CUST002560,,,,,,,0,0,0,,25,16558.140000000003,662.3256000000001,3690.67,27.76,0,0,25,6,5,0,0,14.0,11.410000015009324
CUST002561,,,,,,,0,0,1,,25,25768.52,1030.7408,7541.4,17.3,0,0,25,9,7,15,0,32.00000223359125,24.720001105963956
CUST002562,,,,,,,0,0,0,,25,16107.589999999998,644.3036,4080.58,25.32,0,0,25,7,8,0,0,14.00000000000166,11.900000034883796
CUST002563,,,,,,,0,0,0,,21,5671.9,270.0904761904762,768.01,10.99,0,0,21,8,6,0,0,14.0,11.666666676474742
CUST002564,,,,,,,0,0,0,,15,25036.3,1669.0866666666666,12286.32,23.13,0,0,15,5,4,0,0,22.75,13.066666666989448
CUST002565,,,,,,,0,0,0,,28,17381.61,620.7717857142858,2466.16,41.41,0,0,28,6,5,0,0,14.000000450101954,11.62500038828921
CUST002566,,,,,,,0,0,0,,20,13515.149999999998,675.7574999999999,3483.42,40.83,0,0,20,6,9,0,0,14.000000034968911,11.987506645873465
CUST002567,,,,,,,0,0,0,,15,10378.170000000002,691.8780000000002,4310.75,58.26,0,0,15,3,6,0,0,14.0,11.66666666668549
CUST002568,,,,,,,0,0,0,,18,20062.57,1114.5872222222222,8731.11,101.72,0,0,18,6,6,1,0,26.25,12.736111111182616
CUST002569,,,,,,,0,0,0,,23,13590.800000000001,590.904347826087,2391.8,15.52,0,0,23,7,6,0,0,14.000022130052626,11.71739226950901
CUST002570,,,,,,,0,0,0,,23,12774.839999999998,555.4278260869564,1908.24,21.14,0,0,23,5,8,0,0,14.000000003412024,11.7173926244532
CUST002571,,,,,,,0,0,0,,25,25771.12,1030.8447999999999,8545.29,44.28,0,0,24,5,10,0,0,22.750000781393688,12.390050099461593
CUST002572,,,,,,,0,0,0,,28,20666.300000000003,738.0821428571429,4529.17,15.27,0,0,28,9,7,0,0,14.00000000000107,11.750000000141968
CUST002573,,,,,,,0,0,0,,31,13289.42,428.6909677419355,4172.94,5.24,0,0,31,6,7,0,0,14.000000000349193,11.403225942743086
CUST002574,,,,,,,0,0,0,,17,13448.46,791.0858823529411,3388.72,17.95,0,0,17,3,4,0,0,14.000000000000467,11.323538266724844
CUST002575,,,,,,,0,0,0,,15,2285.4300000000003,152.36200000000002,666.08,24.01,0,0,15,4,4,0,0,14.000000000008674,11.666666667125718
CUST002576,,,,,,,0,0,0,,20,13294.419999999998,664.7209999999999,2707.95,20.34,0,0,20,6,3,0,0,12.250000262025988,11.375000013435344
CUST002577,,,,,,,0,0,0,,20,9912.16,495.608,2001.69,15.4,0,0,20,5,7,0,0,14.000001139887098,11.812500060370395
CUST002578,,,,,,,0,0,0,,21,13520.390000000001,643.8280952380953,7606.88,30.99,0,0,21,6,5,0,0,17.500000004835268,11.500000036811965
CUST002579,,,,,,,0,0,0,,17,51463.25,3027.25,41764.88,24.94,0,0,17,6,4,1,0,26.25,12.661771043212552
CUST002580,,,,,,,0,0,0,,30,15001.549999999997,500.05166666666656,2170.13,10.65,0,0,30,8,7,0,0,14.0,11.783334399480538
CUST002581,,,,,,,0,0,0,,25,14652.98,586.1192,5826.31,29.94,0,0,25,5,6,0,0,17.50000000059003,11.900000089214718
CUST002582,,,,,,,0,0,0,,24,24493.170000000002,1020.54875,11271.28,33.44,0,0,24,6,6,0,0,24.5,12.031287702529793
CUST002583,,,,,,,0,0,1,,22,14801.7,672.8045454545455,4944.6,63.41,0,0,22,6,5,13,0,26.75,24.522727280199145
CUST002584,,,,,,,0,0,0,,18,15272.53,848.473888888889,4107.31,53.03,0,0,18,6,7,0,0,14.000000000375486,11.569445299834587
CUST002585,,,,,,,0,0,0,,19,11055.509999999998,581.868947368421,3042.8,30.6,0,0,19,8,5,0,0,17.5,12.250000000259591
CUST002586,,,,,,,0,0,0,,24,23756.54,989.8558333333334,6843.51,24.5,0,0,24,7,4,0,0,19.25,11.739583517938195
CUST002587,,,,,,,0,0,0,,24,21596.99,899.8745833333334,5843.46,26.12,0,0,24,8,6,0,0,19.25,12.177083669206311
CUST002588,,,,,,,0,0,0,,23,10219.8,444.3391304347826,1432.16,50.87,0,0,23,4,5,0,0,14.000000000276597,11.336959129872449
CUST002589,,,,,,,0,0,1,,23,13734.87,597.1682608695653,2004.39,7.24,0,0,23,7,3,14,0,26.750000000004142,24.543478260922303
CUST002590,,,,,,,0,0,0,,18,6107.959999999999,339.33111111111106,1224.81,32.25,0,0,18,7,5,0,0,14.0,11.763888889027275
CUST002591,,,,,,,0,0,0,,22,11971.899999999998,544.1772727272727,2757.48,14.12,0,0,22,5,5,0,0,14.0,11.613636580023385
CUST002592,,,,,,,0,0,1,,29,13316.06,459.1744827586207,4091.1,21.6,0,0,29,9,7,20,0,26.750000000004537,24.698275874709324
CUST002593,,,,,,,0,0,0,,30,19162.749999999996,638.7583333333332,3907.66,29.92,0,0,30,3,9,0,0,14.000000153167168,11.491666671983788
CUST002594,,,,,,,0,0,0,,28,24813.930000000004,886.2117857142858,4667.73,35.38,0,0,27,7,4,0,0,12.25001174190004,11.687500421602483
CUST002595,,,,,,,0,0,0,,22,10329.03,469.5013636363637,1923.18,34.52,0,0,22,4,5,0,0,14.0,11.693181818229162
CUST002596,,,,,,,0,0,0,,26,33857.92999999999,1302.2280769230767,5342.51,27.39,0,0,26,7,6,0,0,21.000002022665427,12.384615510081193
CUST002597,,,,,,,0,0,1,,16,9939.890000000001,621.2431250000001,1900.04,61.76,0,0,16,6,7,14,0,26.75,24.890625000047514
CUST002598,,,,,,,0,0,0,,24,19009.67,792.0695833333333,4661.2,59.28,0,0,24,6,7,0,0,14.0,11.812501490565415
CUST002599,,,,,,,1,0,0,,26,22982.36,883.9369230769231,7395.81,14.36,0,0,26,7,8,26,0,33.50000000030369,28.250000032241243
CUST002600,,,,,,,0,0,0,,30,11380.389999999998,379.34633333333323,1628.18,56.24,0,0,30,6,7,0,0,14.0,11.783333397918769
CUST002601,,,,,,,0,0,0,,28,18709.12,668.1828571428571,3500.61,72.48,0,0,28,7,6,0,0,14.000000000511344,11.62500168706646
CUST002602,,,,,,,0,0,0,,22,11411.119999999999,518.6872727272727,1593.4,21.83,0,0,22,6,5,0,0,14.0,11.295455218308819
CUST002603,,,,,,,0,0,0,,24,11923.52,496.81333333333333,1641.26,35.12,0,0,24,8,5,0,0,14.0,11.885416666950158
CUST002604,,,,,,,0,0,0,,28,13827.35,493.8339285714286,2847.93,34.18,0,0,28,7,7,0,0,14.000000001487628,12.000082834133993
CUST002605,,,,,,,0,0,0,,26,32254.409999999996,1240.5542307692306,14354.48,13.95,0,0,26,6,7,0,0,24.5,12.250000005093337
CUST002606,,,,,,,0,0,0,,25,20605.62,824.2248,5152.34,22.66,0,0,25,4,6,0,0,19.25,12.04000007079208
CUST002607,,,,,,,0,0,0,,19,7730.25,406.85526315789474,2058.19,36.52,0,0,19,5,7,0,0,14.0,11.60526318938995
CUST002608,,,,,,,0,0,0,,28,23662.799999999996,845.0999999999998,6739.87,12.19,0,0,28,9,3,0,0,17.5,11.875000017364432
CUST002609,,,,,,,0,0,0,,15,7999.27,533.2846666666667,1577.47,66.98,0,0,15,2,5,0,0,7.0,4.200045313235229
CUST002610,,,,,,,0,0,0,,23,15526.25,675.054347826087,3224.32,87.68,0,0,23,7,7,0,0,14.0,11.79347884584936
CUST002611,,,,,,,0,0,0,,30,23760.62,792.0206666666667,4048.21,22.6,0,0,30,7,6,0,0,14.0,11.43333334890432
CUST002612,,,,,,,0,0,0,,24,21553.5,898.0625,3988.63,15.8,0,0,24,6,5,0,0,14.000000000002226,11.73958356227041
CUST002613,,,,,,,0,0,0,,17,4147.2699999999995,243.9570588235294,687.86,11.25,0,0,17,6,10,0,0,14.0,12.455882353021806
CUST002614,,,,,,,0,0,0,,18,17444.34,969.13,7699.46,89.7,0,0,18,6,5,0,0,17.5,12.055555781761052
CUST002615,,,,,,,0,0,0,,25,18796.14,751.8456,7589.18,5.43,0,0,25,7,8,0,0,19.25,12.180002225074148
CUST002616,,,,,,,0,0,0,,24,11590.689999999999,482.94541666666663,1737.06,75.94,0,0,24,5,7,0,0,14.0,11.812504953565488
CUST002617,,,,,,,1,0,0,,20,12599.06,629.953,3079.02,20.03,0,0,20,7,6,20,0,30.00000000014019,27.900000029267016
CUST002618,,,,,,,0,0,0,,31,17953.94,579.1593548387096,3653.97,28.63,0,0,31,7,9,0,0,14.000000001408292,11.91130839249648
CUST002619,,,,,,,1,0,0,,24,21831.010000000002,909.6254166666668,11097.41,12.0,0,0,24,6,6,24,0,35.25,27.958333352690833
CUST002620,,,,,,,0,0,1,,25,12711.630000000001,508.46520000000004,3807.26,15.58,0,0,25,7,6,12,0,26.75,24.16000010386316
CUST002621,,,,,,,0,0,0,,26,24340.67,936.1796153846153,7135.93,15.71,0,0,26,6,6,0,0,19.25003373592791,11.44231209886735
CUST002622,,,,,,,0,0,0,,25,15389.400000000001,615.576,2933.21,21.61,0,0,25,7,6,0,0,14.0,11.550002679053723
CUST002623,,,,,,,0,0,0,,20,11046.68,552.3340000000001,2702.56,28.27,0,0,20,8,5,0,0,14.000000000000266,11.900000030928657
CUST002624,,,,,,,0,0,1,,14,16212.010000000002,1158.0007142857144,4517.32,26.52,0,0,14,6,5,10,0,26.75,24.62500000169802
CUST002625,,,,,,,0,0,0,,23,16270.31,707.4047826086957,2904.42,11.33,0,0,23,6,8,0,0,14.0,12.021750774553855
CUST002626,,,,,,,0,0,0,,26,18274.929999999997,702.8819230769229,4025.2,88.77,0,0,26,7,5,0,0,14.000000014005671,11.778846159330254
CUST002627,,,,,,,0,0,0,,19,8906.58,468.76736842105265,2228.43,7.8,0,0,19,5,6,0,0,14.0,11.789473868833548
CUST002628,,,,,,,0,0,0,,24,10600.06,441.6691666666666,3177.49,13.08,0,0,24,8,7,0,0,17.5,11.885416666772445
CUST002629,,,,,,,1,0,0,,28,19967.11,713.1110714285714,5836.57,89.91,0,0,28,6,7,28,0,35.250000000003176,27.875000001141125
CUST002630,,,,,,,0,0,0,,19,18115.01,953.4215789473683,6221.67,37.66,0,0,19,6,3,0,0,17.5,11.973684210749287
CUST002631,,,,,,,0,0,0,,26,16140.100000000002,620.773076923077,2790.03,25.89,0,0,26,8,5,0,0,14.00000000040078,12.115384626892554
CUST002632,,,,,,,0,0,0,,26,16132.83,620.4934615384616,5739.68,58.02,0,0,26,7,6,0,0,17.5,11.778847394791512
CUST002633,,,,,,,1,0,0,,19,8938.509999999998,470.44789473684204,3180.34,11.93,0,0,19,6,6,19,0,30.0,27.697368421128
CUST002634,,,,,,,0,0,0,,28,13863.170000000002,495.1132142857144,3641.98,64.67,0,0,28,5,7,0,0,14.0,11.875000001262991
CUST002635,,,,,,,1,0,0,,18,15437.880000000001,857.6600000000001,6136.64,12.87,0,0,18,6,3,18,0,40.5,28.833333333347998
CUST002636,,,,,,,0,0,0,,23,15264.48,663.6730434782609,2321.63,24.84,0,0,23,5,8,0,0,14.000001645314882,11.64130457846303
CUST002637,,,,,,,0,0,1,,18,21041.8,1168.9888888888888,4958.74,16.31,0,0,18,4,4,10,0,26.75,24.513888892952973
CUST002638,,,,,,,0,0,0,,28,14006.79,500.2425,2131.56,23.83,0,0,28,4,8,0,0,14.0,11.500000003637854
CUST002639,,,,,,,0,0,0,,30,28101.79,936.7263333333334,5435.08,20.15,0,0,30,8,9,0,0,17.5,12.075000402758585
CUST002640,,,,,,,0,0,0,,25,19979.910000000003,799.1964000000002,3756.98,27.04,0,0,25,6,6,0,0,14.000000024096725,11.480000033357822
CUST002641,,,,,,,0,0,0,,24,12013.669999999998,500.56958333333324,1818.07,21.75,0,0,24,7,7,0,0,12.250000000125713,11.739583333853227
CUST002642,,,,,,,0,0,0,,21,23587.71,1123.2242857142858,6640.15,17.04,0,0,21,5,6,0,0,19.25000000304158,12.000000320738494
CUST002643,,,,,,,0,0,0,,18,13547.470000000001,752.6372222222222,3802.89,31.79,0,0,18,6,8,0,0,14.000000000736271,12.055555555626308
CUST002644,,,,,,,0,0,0,,26,16229.999999999996,624.230769230769,5113.7,31.19,0,0,26,7,4,0,0,19.25,11.913468188206327
CUST002645,,,,,,,0,0,0,,16,13201.75,825.109375,5120.1,60.41,0,0,16,7,4,0,0,19.25,12.031250139715489
CUST002646,,,,,,,0,0,0,,35,35320.92,1009.1691428571428,16077.51,64.02,0,0,35,9,9,0,0,19.25,12.10002045536896
CUST002647,,,,,,,0,0,0,,20,19703.600000000006,985.1800000000003,5001.15,19.74,0,0,20,7,5,0,0,19.25,12.075005840593288
CUST002648,,,,,,,0,0,0,,29,21373.15,737.0051724137932,6869.64,54.84,0,0,29,6,8,0,0,19.25,12.008625320195376
CUST002649,,,,,,,0,0,0,,20,11441.639999999998,572.0819999999999,3849.55,11.19,0,0,20,5,6,0,0,14.000000001321034,11.550000092219268
CUST002650,,,,,,,0,0,0,,26,15274.28,587.4723076923077,2435.01,53.11,0,0,26,5,7,0,0,14.0,11.846156986941004
CUST002651,,,,,,,0,0,0,,26,14801.070000000002,569.2719230769231,3234.24,20.87,0,0,26,6,8,0,0,14.0,11.711538700903048
CUST002652,,,,,,,0,0,0,,28,23677.46,845.6235714285714,5872.78,44.63,0,0,28,8,6,0,0,17.5,11.937568668714352
CUST002653,,,,,,,0,0,0,,20,5590.66,279.533,761.75,31.94,0,0,20,4,6,0,0,14.000000000030363,11.637500004105622
CUST002654,,,,,,,0,0,0,,30,35677.810000000005,1189.2603333333334,9692.35,13.48,0,0,30,5,7,1,0,28.0,12.016708832664532
CUST002655,,,,,,,0,0,0,,28,20665.65,738.0589285714286,6612.3,26.63,0,0,28,9,4,0,0,22.75,12.062500000147264
CUST002656,,,,,,,0,0,0,,19,14384.3,757.0684210526315,5983.36,53.19,0,0,19,6,3,0,0,19.25,11.605264587460278
CUST002657,,,,,,,0,0,0,,21,14327.869999999997,682.2795238095237,2843.49,9.26,0,0,21,6,6,0,0,14.0,11.83333337323683
CUST002658,,,,,,,0,0,0,,18,14474.77,804.1538888888889,4892.25,36.7,0,0,18,5,4,0,0,14.0,11.472222314753534
CUST002659,,,,,,,0,0,0,,18,11717.280000000002,650.9600000000002,2560.88,70.93,0,0,18,4,8,0,0,12.250000119254878,11.666666676792152
CUST002660,,,,,,,1,0,0,,20,34028.259999999995,1701.4129999999998,11982.23,65.77,0,0,20,6,3,20,0,35.250000001510294,28.250000000086523
CUST002661,,,,,,,0,0,0,,22,25202.16,1145.5527272727272,10895.87,17.49,0,0,22,4,4,0,0,17.5,11.613636418715183
CUST002662,,,,,,,0,0,0,,31,26565.96,856.9664516129031,8294.82,48.86,0,0,31,9,7,0,0,24.5,12.080665178812696
CUST002663,,,,,,,0,0,0,,17,18815.469999999998,1106.7923529411764,9052.72,38.4,0,0,17,7,6,0,0,22.75,12.661764706062018
CUST002664,,,,,,,0,0,0,,25,22990.760000000002,919.6304000000001,6308.8,13.62,0,0,25,6,5,1,0,26.25,12.740000288238303
CUST002665,,,,,,,0,0,0,,33,42563.020000000004,1289.788484848485,7616.06,34.77,0,0,32,7,9,0,0,19.25,12.409090916452385
CUST002666,,,,,,,0,0,0,,22,19412.879999999997,882.4036363636362,9519.38,28.23,0,0,22,6,6,0,0,24.5,12.250000001388578
CUST002667,,,,,,,0,0,0,,36,33050.2,918.061111111111,4270.56,33.44,0,0,36,9,7,0,0,14.000000000175968,11.472223357272137
CUST002668,,,,,,,0,0,0,,19,6720.98,353.7357894736842,1450.52,13.14,0,0,19,5,5,0,0,14.0,11.697368422002988
CUST002669,,,,,,,0,0,0,,28,24511.000000000004,875.3928571428572,5117.18,22.03,0,0,28,8,6,0,0,17.5,11.750000267345843
CUST002670,,,,,,,0,0,0,,15,8203.220000000001,546.8813333333334,1559.17,20.44,0,0,15,4,5,0,0,12.250000000082634,11.31666666667726
CUST002671,,,,,,,0,0,0,,25,24134.699999999997,965.3879999999999,8117.6,24.05,0,0,25,7,6,0,0,22.75,12.110025050040576
CUST002672,,,,,,,0,0,0,,18,9578.56,532.1422222222222,1678.72,29.37,0,0,17,7,4,0,0,14.0,11.569444541195146
CUST002673,,,,,,,0,0,0,,31,18710.050000000003,603.5500000000001,3835.97,49.79,0,0,31,8,7,0,0,14.000001140160736,11.911298218859226
CUST002674,,,,,,,1,0,0,,24,17587.44,732.81,5868.29,16.88,0,0,24,5,7,24,0,40.50000000000383,28.32291666777819
CUST002675,,,,,,,0,0,0,,15,10946.41,729.7606666666667,2592.84,56.0,0,0,15,4,5,0,0,14.00000000528794,11.66666666707726
CUST002676,,,,,,,0,0,0,,25,11080.14,443.2056,1663.4,89.56,0,0,25,6,5,0,0,14.0,11.340000002575168
CUST002677,,,,,,,0,0,0,,18,10513.81,584.1005555555555,1965.8,26.71,0,0,18,6,4,0,0,14.0,11.666666666843831
CUST002678,,,,,,,0,0,0,,22,15044.26,683.83,2929.74,13.48,0,0,22,5,7,0,0,12.250000129719972,11.534090914995874
CUST002679,,,,,,,0,0,0,,24,24039.83,1001.6595833333334,6195.24,26.95,0,0,24,4,5,0,0,19.25,12.031250052689273
CUST002680,,,,,,,0,0,0,,21,12857.960000000001,612.2838095238096,4477.8,12.51,0,0,21,4,3,0,0,14.0,11.250000006582678
CUST002681,,,,,,,0,0,0,,23,14456.420000000002,628.5400000000001,2028.07,38.59,0,0,23,6,5,0,0,14.00000000101474,11.869566503129418
CUST002682,,,,,,,0,0,0,,30,14576.539999999999,485.88466666666665,2286.49,20.28,0,0,30,8,8,0,0,14.000000000682771,11.725000036462301
CUST002683,,,,,,,0,0,1,,24,14805.0,616.875,3993.2,47.11,0,0,24,7,5,13,0,25.00000000533549,24.19791679971068
CUST002684,,,,,,,0,0,0,,29,20547.78,708.5441379310345,3947.97,52.43,0,0,29,7,5,0,0,14.0,11.344827743488603
CUST002685,,,,,,,0,0,0,,20,19136.879999999997,956.8439999999998,3839.59,53.2,0,0,20,5,9,0,0,14.0,11.812521711130268
CUST002686,,,,,,,0,0,0,,33,24358.899999999998,738.1484848484848,4664.3,16.05,0,0,33,7,7,0,0,14.000000950508644,11.772731976951704
CUST002687,,,,,,,0,0,0,,24,19528.05,813.6687499999999,4351.15,13.31,0,0,24,4,3,0,0,14.0,11.083333334346108
CUST002688,,,,,,,1,0,0,,25,17557.710000000003,702.3084000000001,3122.75,50.09,0,0,25,6,8,25,0,30.000000000000064,28.180000011945367
CUST002689,,,,,,,0,0,0,,26,10839.55,416.9057692307692,2607.2,37.07,0,0,26,7,6,0,0,14.0,11.913461548487914
CUST002690,,,,,,,0,0,0,,29,34949.3,1205.148275862069,13646.41,34.0,0,0,29,9,8,0,0,19.25,12.370689671222912
CUST002691,,,,,,,0,0,0,,30,20154.109999999997,671.8036666666666,4049.18,15.19,0,0,29,5,6,0,0,14.0,11.550001228939044
CUST002692,,,,,,,0,0,0,,30,21292.29,709.743,5025.45,24.66,0,0,30,5,8,0,0,17.5,11.72500000201065
CUST002693,,,,,,,0,0,0,,22,9149.32,415.8781818181818,2183.97,6.97,0,0,22,4,6,0,0,14.0,11.454545455658588
CUST002694,,,,,,,0,0,0,,27,45579.49000000001,1688.1292592592597,33794.53,24.47,0,0,27,4,7,1,0,26.25,12.120370446117844
CUST002695,,,,,,,0,0,0,,21,11631.740000000002,553.892380952381,3392.97,50.56,0,0,21,5,6,0,0,14.00000000005854,11.833334381884574
CUST002696,,,,,,,0,0,0,,20,11261.009999999998,563.0504999999999,2719.17,49.26,0,0,20,4,3,0,0,12.250000001329244,11.025000079527624
CUST002697,,,,,,,0,0,0,,30,25024.96,834.1653333333333,4131.94,17.82,0,0,30,5,9,0,0,12.250640815651352,11.433354968808196
CUST002698,,,,,,,1,0,0,,23,16282.09,707.9169565217392,7314.19,26.03,0,0,23,7,4,23,0,37.0,28.402173913043953
CUST002699,,,,,,,0,0,0,,26,33422.02,1285.4623076923076,13803.86,25.38,0,0,26,6,7,0,0,22.750000023484585,12.519230779620047
CUST002700,,,,,,,0,0,0,,18,14740.08,818.8933333333333,4799.3,22.71,0,0,18,5,5,0,0,14.0,11.763888889087946
CUST002701,,,,,,,0,0,0,,18,18404.72,1022.4844444444445,8364.39,44.22,0,0,18,6,3,1,0,26.25,12.541667080999114
CUST002702,,,,,,,0,0,0,,26,11177.709999999997,429.91192307692296,1619.58,7.47,0,0,26,6,6,0,0,12.250000023354204,11.442307813090089
CUST002703,,,,,,,0,0,0,,24,13540.58,564.1908333333333,2251.68,91.14,0,0,24,6,9,0,0,14.0,11.739588123906918
CUST002704,,,,,,,0,0,0,,18,16440.429999999997,913.357222222222,3642.25,26.22,0,0,18,8,3,0,0,14.0,11.569445099679465
CUST002705,,,,,,,0,0,0,,31,54082.14999999999,1744.5854838709672,34780.84,37.67,0,0,31,6,5,0,0,21.00000006322545,11.911339763702506
CUST002706,,,,,,,0,0,0,,17,16317.0,959.8235294117648,9514.06,73.67,0,0,17,5,6,1,0,26.25,12.352941179388406
CUST002707,,,,,,,0,0,0,,21,32266.829999999998,1536.5157142857142,6079.42,36.03,0,0,21,3,6,0,0,19.25,12.750001498491084
CUST002708,,,,,,,0,0,0,,19,15387.689999999999,809.8784210526316,3005.67,43.04,0,0,19,4,3,0,0,14.0,11.328947401193142
CUST002709,,,,,,,0,0,0,,21,24082.1,1146.7666666666667,8236.08,28.23,0,0,21,6,8,1,0,28.0,13.25000008984168
CUST002710,,,,,,,0,0,0,,18,8694.77,483.0427777777778,2019.72,13.07,0,0,18,7,6,0,0,12.250000000012523,11.569444444445486
CUST002711,,,,,,,0,0,0,,11,13372.56,1215.6872727272728,6142.21,59.7,0,0,11,5,4,0,0,14.0,12.090909092074337
CUST002712,,,,,,,0,0,0,,27,20712.340000000004,767.1237037037039,4121.54,94.37,0,0,27,8,8,0,0,14.0,11.73148149611528
CUST002713,,,,,,,0,0,0,,25,18938.090000000004,757.5236000000001,4653.17,66.52,0,0,25,5,6,0,0,14.000000005292671,11.550000063373702
CUST002714,,,,,,,0,0,0,,22,16179.09,735.4131818181818,2954.72,45.64,0,0,22,7,4,0,0,12.250000000838655,11.05684322812833
CUST002715,,,,,,,0,0,0,,26,27552.299999999996,1059.703846153846,5674.39,23.78,0,0,26,7,7,0,0,17.5,11.846153987591133
CUST002716,,,,,,,0,0,0,,21,13593.019999999999,647.2866666666666,5699.16,25.8,0,0,21,8,4,0,0,17.5,11.750000040110324
CUST002717,,,,,,,0,0,0,,20,13007.6,650.38,4620.49,23.49,0,0,20,5,6,0,0,14.00000000010004,11.725000060092913
CUST002718,,,,,,,0,0,0,,22,13749.4,624.9727272727273,4349.69,10.8,0,0,22,7,5,0,0,14.0,11.613643974574957
CUST002719,,,,,,,1,0,0,,27,33314.21,1233.8596296296296,10420.46,80.53,0,0,27,6,4,27,0,35.25,27.99074075323358
CUST002720,,,,,,,0,0,1,,16,9817.82,613.61375,3541.02,11.52,0,0,16,4,5,7,0,26.75,24.125000685092495
CUST002721,,,,,,,0,0,0,,24,14167.220000000001,590.3008333333333,3094.02,52.38,0,0,24,8,8,0,0,14.0,12.104167039507246
CUST002722,,,,,,,0,0,0,,24,14777.67,615.73625,2975.43,36.92,0,0,24,7,5,0,0,14.0,11.520833333333334
CUST002723,,,,,,,0,0,0,,23,29436.869999999995,1279.863913043478,14077.4,46.57,0,0,23,6,6,0,0,24.5,12.250000183073713
CUST002724,,,,,,,0,0,0,,20,17099.239999999998,854.9619999999999,8563.81,24.84,0,0,20,4,4,0,0,24.500000000147686,12.075000014406958
CUST002725,,,,,,,0,0,0,,24,18132.62,755.5258333333333,2002.21,29.67,0,0,24,7,6,0,0,14.000000000150882,12.031250018770095
CUST002726,,,,,,,0,0,0,,19,19252.09,1013.2678947368421,4114.59,113.85,0,0,19,4,5,0,0,14.0,11.881578948503597
CUST002727,,,,,,,0,0,0,,26,23620.45,908.4788461538462,8057.6,12.31,0,0,26,6,6,0,0,24.50000023192366,11.913461549346824
CUST002728,,,,,,,0,0,0,,24,17365.89,723.57875,3820.16,72.24,0,0,24,4,5,0,0,14.00000000003755,11.52083333333777
CUST002729,,,,,,,0,0,0,,27,29331.839999999997,1086.3644444444444,5779.77,75.17,0,0,27,7,8,0,0,19.31231891995812,11.993048955866083
CUST002730,,,,,,,0,0,0,,26,8061.17,310.045,1428.73,14.56,0,0,26,7,5,0,0,14.0,11.711538463988488
CUST002731,,,,,,,1,0,0,,27,15105.590000000002,559.4662962962964,5126.06,63.52,0,0,27,7,6,27,0,35.25,27.666666667400023
CUST002732,,,,,,,0,0,0,,26,13227.76,508.76,3026.49,25.66,0,0,26,6,6,0,0,14.0,11.71155861786964
CUST002733,,,,,,,0,0,0,,13,16224.619999999999,1248.0476923076922,11152.17,10.71,0,0,13,3,3,0,0,12.250000253447716,11.173076942572902
CUST002734,,,,,,,0,0,0,,25,20212.89,808.5156,3065.55,17.68,0,0,25,5,9,0,0,14.000000000183269,11.830000222433814
CUST002735,,,,,,,0,0,0,,27,14496.48,536.9066666666666,1939.55,13.76,0,0,27,8,7,0,0,14.000000031110622,11.990741515840549
CUST002736,,,,,,,0,0,0,,21,30100.300000000003,1433.3476190476192,8650.26,22.41,0,0,21,5,6,0,0,24.5,12.750000584361809
CUST002737,,,,,,,0,0,0,,24,44535.58,1855.6491666666668,23884.15,23.53,0,0,24,5,7,0,0,19.25000016982668,12.104166739407802
CUST002738,,,,,,,0,0,0,,29,16107.159999999998,555.4193103448275,2858.25,14.19,0,0,29,6,8,0,0,14.00000001268769,11.827586207337296
CUST002739,,,,,,,0,0,0,,21,16865.78,803.1323809523809,3762.03,42.46,0,0,21,7,3,0,0,14.000004834886376,11.41666730330339
CUST002740,,,,,,,0,0,0,,21,15213.07,724.4319047619048,3095.7,29.14,0,0,21,8,7,0,0,14.0,12.083333704653485
CUST002741,,,,,,,0,0,0,,18,19061.65,1058.9805555555556,9763.13,21.77,0,0,18,4,4,1,0,29.75,12.347222222368943
CUST002742,,,,,,,0,0,0,,30,18209.630000000005,606.9876666666668,5827.51,35.26,0,0,30,5,9,0,0,21.0,11.841667268315586
CUST002743,,,,,,,0,0,0,,19,10139.67,533.6668421052632,1977.3,16.41,0,0,19,5,4,0,0,12.250000638937548,11.328947404981042
CUST002744,,,,,,,0,0,0,,24,16127.98,671.9991666666666,2562.54,17.67,0,0,24,5,6,0,0,14.000000000061256,11.812500000333664
CUST002745,,,,,,,0,0,0,,16,9446.07,590.379375,1960.82,21.88,0,0,16,8,7,0,0,14.00000070621506,12.031250219342263
CUST002746,,,,,,,0,0,0,,27,24240.75,897.8055555555555,4167.3,36.79,0,0,27,3,4,0,0,14.0,11.212963008312888
CUST002747,,,,,,,0,0,0,,27,25634.96,949.442962962963,8299.89,12.73,0,0,27,5,6,0,0,22.75,12.120374862016677
CUST002748,,,,,,,0,0,0,,33,19951.190000000002,604.5815151515152,4552.98,21.38,0,0,33,9,8,0,0,14.0,11.825758626771837
CUST002749,,,,,,,0,0,0,,17,9198.320000000002,541.0776470588236,1789.22,7.21,0,0,17,4,6,0,0,14.0,11.735294176437769
CUST002750,,,,,,,0,0,0,,27,16504.370000000003,611.2729629629631,3299.98,22.84,0,0,26,8,7,0,0,14.0,11.861111120084425
CUST002751,,,,,,,0,0,0,,19,14290.130000000001,752.1121052631579,4644.1,30.62,0,0,19,8,7,0,0,12.250000000048477,11.4210526315815
CUST002752,,,,,,,0,0,0,,21,16527.34,787.0161904761904,3764.69,45.86,0,0,21,6,7,0,0,14.0,12.000000017298158
CUST002753,,,,,,,0,0,0,,26,12873.32,495.1276923076923,2800.36,20.65,0,0,26,6,6,0,0,14.000001083786064,11.509615442734056
CUST002754,,,,,,,0,0,0,,19,11127.039999999999,585.6336842105262,3682.04,10.37,0,0,19,7,8,0,0,14.0,12.065789473688834
CUST002755,,,,,,,0,0,0,,24,11727.179999999998,488.63249999999994,2087.69,39.1,0,0,23,7,5,0,0,14.00000000003621,11.302083398843301
CUST002756,,,,,,,0,0,0,,25,18410.95,736.438,3598.56,39.37,0,0,25,5,3,0,0,14.0,11.410000005800862
CUST002757,,,,,,,0,0,0,,26,20281.17,780.045,6540.65,27.16,0,0,25,7,8,0,0,19.25,12.250000000095687
CUST002758,,,,,,,0,0,0,,17,18555.39,1091.4935294117647,9409.2,28.21,0,0,17,6,5,1,0,28.0,12.55882352969059
CUST002759,,,,,,,0,0,0,,24,17428.89,726.20375,4459.73,11.26,0,0,24,5,6,0,0,14.000000004357997,11.666667040527402
CUST002760,,,,,,,0,0,0,,29,25160.11,867.59,3380.95,83.67,0,0,29,4,9,0,0,14.0000000000029,11.646551896895442
CUST002761,,,,,,,0,0,0,,18,12041.079999999998,668.9488888888887,3155.57,50.5,0,0,18,1,7,0,0,7.0,4.375000000286914
CUST002762,,,,,,,0,0,0,,23,15828.580000000002,688.1991304347827,2809.34,30.13,0,0,23,7,5,0,0,14.000000000057089,12.021739234684913
CUST002763,,,,,,,0,0,0,,28,22932.82,819.0292857142857,6187.7,22.61,0,0,28,9,9,0,0,17.5,12.312501060297349
CUST002764,,,,,,,0,0,0,,26,10936.85,420.6480769230769,1785.85,19.58,0,0,26,6,7,0,0,14.0,11.711538622056063
CUST002765,,,,,,,0,0,0,,28,22641.53,808.6260714285714,6043.09,26.32,0,0,28,6,7,0,0,17.5,11.75000138156399
CUST002766,,,,,,,0,0,0,,28,20543.460000000003,733.695,4768.66,19.16,0,0,28,6,5,0,0,14.0,11.375000504702234
CUST002767,,,,,,,0,0,0,,18,17879.03,993.2794444444444,6732.44,46.27,0,0,18,6,5,0,0,19.25,12.05555556228942
CUST002768,,,,,,,0,0,0,,27,15736.779999999999,582.8437037037037,3072.38,20.96,0,0,27,8,7,0,0,14.000000307879157,11.925927020515992
CUST002769,,,,,,,0,0,0,,20,18386.31,919.3155,6913.57,83.6,0,0,20,5,5,0,0,19.25,11.900000718958356
CUST002770,,,,,,,0,0,0,,18,20436.739999999998,1135.3744444444444,10108.24,53.9,0,0,18,7,7,0,0,17.5,12.250000002307395
CUST002771,,,,,,,0,0,0,,19,14433.19,759.6415789473684,2421.0,61.05,0,0,19,5,5,0,0,14.0,11.881578953429113
CUST002772,,,,,,,0,0,0,,31,16188.330000000002,522.2041935483871,2998.03,16.78,0,0,31,7,8,0,0,14.00000000018692,11.741935491184798
CUST002773,,,,,,,0,0,0,,31,25047.86,807.9954838709677,4971.87,80.05,0,0,31,8,5,0,0,14.00000048782844,11.572601332721264
CUST002774,,,,,,,0,0,0,,14,9375.560000000001,669.6828571428572,1977.34,26.88,0,0,14,8,5,0,0,14.0,12.250000003369959
CUST002775,,,,,,,0,0,0,,29,19382.48,668.3613793103448,4111.83,33.52,0,0,29,11,6,0,0,14.00000000001437,11.706897752681533
CUST002776,,,,,,,0,0,0,,18,10950.01,608.3338888888889,1561.21,66.48,0,0,18,4,6,0,0,14.0,11.666666667390936
CUST002777,,,,,,,0,0,0,,24,13840.779999999999,576.6991666666667,2769.64,54.73,0,0,24,6,5,0,0,14.00000000051975,12.104166666742586
CUST002778,,,,,,,0,0,0,,24,20976.4,874.0166666666668,3808.72,86.72,0,0,24,7,6,0,0,14.0,11.812500038615482
CUST002779,,,,,,,0,0,0,,16,7641.200000000001,477.57500000000005,2324.01,16.07,0,0,16,6,6,0,0,14.000000017461447,12.250000092012815
CUST002780,,,,,,,0,0,0,,24,17757.199999999997,739.8833333333332,4433.92,10.52,0,0,24,5,6,0,0,14.00000776881712,11.666671093469455
CUST002781,,,,,,,0,0,0,,28,12665.8,452.34999999999997,1940.44,23.96,0,0,28,7,6,0,0,14.0,11.687500011259715
CUST002782,,,,,,,1,0,0,,30,35658.689999999995,1188.6229999999998,9102.38,6.5,0,0,30,5,7,30,0,43.99999999999999,28.366666671851917
CUST002783,,,,,,,0,0,0,,26,13588.700000000003,522.6423076923078,3322.03,33.32,0,0,25,6,6,0,0,14.000000000534277,11.509615408234255
CUST002784,,,,,,,0,0,0,,25,15948.710000000001,637.9484,3377.6,13.07,0,0,24,5,5,0,0,14.000001242381265,11.48000005201563
CUST002785,,,,,,,1,0,0,,23,22058.219999999994,959.0530434782606,3733.76,49.58,0,0,23,5,7,23,0,30.00000000000948,27.793478261865832
CUST002786,,,,,,,0,0,0,,31,23246.300000000003,749.8806451612904,3743.4,9.96,0,0,31,7,6,0,0,14.00000000004136,11.967746499738018
CUST002787,,,,,,,0,0,0,,21,9225.590000000002,439.3138095238096,1452.62,68.28,0,0,21,5,5,0,0,14.000000000010578,11.333384805429741
CUST002788,,,,,,,0,0,0,,25,29517.24,1180.6896000000002,17015.86,18.96,0,0,25,5,6,0,0,22.75,11.900000022770328
CUST002789,,,,,,,0,0,0,,23,13544.180000000002,588.877391304348,1335.74,82.34,0,0,23,8,7,0,0,14.000000001329818,11.793578607906591
CUST002790,,,,,,,0,0,0,,17,13923.12,819.0070588235294,2912.0,38.23,0,0,17,5,5,0,0,12.25,11.220588249058665
CUST002791,,,,,,,0,0,0,,27,17919.809999999998,663.6966666666666,3884.87,52.41,0,0,27,6,6,0,0,14.000000025534764,11.861112165349008
CUST002792,,,,,,,0,0,0,,29,24763.979999999996,853.930344827586,3860.46,11.67,0,0,28,7,6,0,0,14.000000007284754,11.646552106371304
CUST002793,,,,,,,0,0,0,,19,15736.439999999999,828.2336842105262,9387.2,32.93,0,0,19,4,5,1,0,26.25,12.157895014923165
CUST002794,,,,,,,0,0,1,,14,4231.46,302.2471428571429,1095.69,27.06,0,0,14,4,3,8,0,26.7500000000846,24.500000030385717
CUST002795,,,,,,,0,0,0,,15,8025.769999999999,535.0513333333332,2064.12,65.7,0,0,15,4,4,0,0,14.0,11.55000454939355
CUST002796,,,,,,,0,0,0,,31,15783.900000000001,509.15806451612906,2445.25,24.0,0,0,31,4,6,0,0,14.000000000022933,11.68548406549484
CUST002797,,,,,,,0,0,0,,28,17681.409999999996,631.4789285714285,3385.62,37.74,0,0,28,8,7,0,0,14.0,11.875000897802181
CUST002798,,,,,,,0,0,0,,24,22593.33,941.3887500000001,13132.26,27.84,0,0,24,7,4,0,0,24.5,12.541666673173589
CUST002799,,,,,,,0,0,0,,20,10053.91,502.6955,1826.49,50.31,0,0,20,5,5,0,0,14.00000000001633,11.637500021115542
CUST002800,,,,,,,0,0,0,,28,14362.35,512.9410714285715,3210.59,29.76,0,0,28,7,7,0,0,14.0,11.750002759331666
CUST002801,,,,,,,0,0,0,,27,22143.22,820.1192592592593,4405.21,42.81,0,0,27,4,7,0,0,14.0,11.861111123117428
CUST002802,,,,,,,0,0,0,,22,9658.52,439.0236363636364,1904.13,35.07,0,0,22,5,5,0,0,14.0,11.693181820295784
CUST002803,,,,,,,0,0,0,,22,16601.140000000003,754.5972727272729,3506.01,20.8,0,0,22,4,6,0,0,14.0,11.77272731091742
CUST002804,,,,,,,0,0,0,,29,16115.38,555.7027586206897,2186.12,68.81,0,0,29,9,6,0,0,14.0,11.646585515824205
CUST002805,,,,,,,0,0,0,,21,22841.940000000002,1087.7114285714288,6112.57,55.11,0,0,21,7,5,0,0,19.250046418292044,12.333335550782925
CUST002806,,,,,,,0,0,0,,30,14927.52,497.584,2039.06,34.32,0,0,30,7,8,0,0,14.0,11.666668191178132
CUST002807,,,,,,,0,0,1,,23,7972.089999999999,346.6126086956521,1020.37,16.26,0,0,23,9,6,17,0,26.75000000025562,24.771739130446605
CUST002808,,,,,,,0,0,0,,34,20238.309999999998,595.2444117647058,3732.16,5.0,0,0,34,9,8,0,0,14.00000000044543,12.1470588404163
CUST002809,,,,,,,0,0,0,,18,22904.36,1272.4644444444446,8060.94,72.22,0,0,18,6,7,0,0,24.5,12.638889297099364
CUST002810,,,,,,,0,0,0,,15,5719.73,381.3153333333333,1163.26,35.12,0,0,15,2,5,0,0,5.250000000193374,4.6667068939003835
CUST002811,,,,,,,0,0,0,,26,16116.380000000001,619.8607692307693,5583.36,89.28,0,0,25,6,8,0,0,22.75,12.18269230893377
CUST002812,,,,,,,0,0,0,,29,20537.12,708.1765517241379,4951.12,19.93,0,0,29,7,7,0,0,14.000000029150904,11.887931473563423
CUST002813,,,,,,,0,0,0,,25,17950.21,718.0083999999999,3079.26,32.58,0,0,25,5,5,0,0,14.000000000326695,11.340013792160734
CUST002814,,,,,,,0,0,0,,25,10869.539999999999,434.78159999999997,1690.57,28.36,0,0,25,7,4,0,0,12.250000001673582,11.55000000009075
CUST002815,,,,,,,0,0,0,,20,12194.43,609.7215,2104.44,96.91,0,0,20,5,5,0,0,14.000000000086091,11.637504102881143
CUST002816,,,,,,,0,0,0,,16,10214.08,638.38,3329.45,8.49,0,0,16,4,2,0,0,14.000000000554662,11.375000071068753
CUST002817,,,,,,,0,0,0,,24,39237.44,1634.8933333333334,12956.62,49.78,0,0,24,7,9,0,0,19.25,12.833333993061702
CUST002818,,,,,,,0,0,0,,25,25926.280000000002,1037.0512,6724.79,47.47,0,0,25,7,8,0,0,19.25,12.04
CUST002819,,,,,,,0,0,0,,20,10914.2,545.71,4325.88,18.03,0,0,20,8,6,0,0,14.0,11.637500000554105
CUST002820,,,,,,,0,0,0,,24,14329.119999999999,597.0466666666666,2987.25,51.79,0,0,24,7,9,0,0,14.0,11.520833736420832
CUST002821,,,,,,,0,0,0,,33,15407.070000000002,466.88090909090914,2168.75,7.66,0,0,33,9,9,0,0,12.25000063375376,11.507576105880299
CUST002822,,,,,,,0,0,0,,28,25823.359999999997,922.262857142857,5340.11,30.84,0,0,28,8,8,0,0,19.250000001038423,12.062500404638882
CUST002823,,,,,,,0,0,0,,33,41270.35,1250.6166666666666,9111.61,5.0,0,0,32,3,3,0,0,22.75,12.196969697398316
CUST002824,,,,,,,0,0,0,,27,19836.889999999996,734.6996296296295,2952.76,30.94,0,0,27,7,5,0,0,14.0,11.796296391869136
CUST002825,,,,,,,0,0,0,,31,37747.67999999999,1217.6670967741934,15680.61,25.13,0,0,31,7,6,0,0,19.25,12.137097644973641
CUST002826,,,,,,,0,0,0,,26,23330.770000000004,897.3373076923078,4820.69,24.86,0,0,26,7,8,0,0,14.0,11.913463980908691
CUST002827,,,,,,,0,0,0,,24,19193.14,799.7141666666666,6578.1,58.26,0,0,24,4,9,0,0,19.25,11.812500000991635
CUST002828,,,,,,,0,0,0,,25,12714.27,508.5708,2568.91,31.06,0,0,25,5,9,0,0,14.00000001262418,11.69000007794918
CUST002829,,,,,,,0,0,0,,19,10093.840000000002,531.2547368421053,3951.93,22.84,0,0,19,4,6,0,0,17.5,11.88157896466284
CUST002830,,,,,,,0,0,0,,21,27095.79,1290.2757142857142,14249.39,44.64,0,0,21,9,4,0,0,17.5,12.083333349744994
CUST002831,,,,,,,0,0,0,,22,5492.42,249.65545454545455,1281.39,6.52,0,0,22,6,6,0,0,14.0,11.53409092666409
CUST002832,,,,,,,0,0,0,,18,6170.0,342.77777777777777,1090.8,36.58,0,0,18,3,7,0,0,14.00000000007522,11.277777778556576
CUST002833,,,,,,,0,0,0,,24,11930.29,497.0954166666667,2151.17,21.3,0,0,24,5,7,0,0,14.0,11.885421047514809
CUST002834,,,,,,,0,0,0,,28,21266.890000000003,759.5317857142858,3173.17,34.67,0,0,28,9,5,0,0,14.000000044372564,11.562500536637987
CUST002835,,,,,,,0,0,0,,17,5717.700000000001,336.3352941176471,1266.5,50.91,0,0,17,4,4,0,0,14.0,11.426470589285124
CUST002836,,,,,,,0,0,0,,22,15956.37,725.2895454545455,6825.84,30.93,0,0,22,6,5,0,0,22.75,11.931818902487931
CUST002837,,,,,,,0,0,0,,20,16687.9,834.3950000000001,3967.71,22.1,0,0,20,6,3,0,0,14.000000000632854,11.550000089623982
CUST002838,,,,,,,0,0,0,,25,24230.239999999998,969.2095999999999,10064.39,34.05,0,0,24,7,8,0,0,19.25,12.390000147416359
CUST002839,,,,,,,0,0,0,,23,47558.560000000005,2067.7634782608698,25119.16,34.28,0,0,23,6,9,1,0,28.0,12.85869577530407
CUST002840,,,,,,,0,0,0,,29,41960.83,1446.9251724137932,12164.55,34.01,0,0,29,7,6,1,0,28.97348245539572,12.585369096606325
CUST002841,,,,,,,0,0,0,,22,19546.449999999997,888.4749999999999,3684.77,7.61,0,0,22,7,6,0,0,14.00000000005648,11.772736337544154
CUST002842,,,,,,,0,0,0,,17,26427.39,1554.5523529411764,13776.04,100.05,0,0,17,5,5,0,0,19.25,12.14707300062532
CUST002843,,,,,,,0,0,0,,27,15093.529999999999,559.0196296296295,2214.29,18.4,0,0,27,8,7,0,0,14.0,11.601851953054547
CUST002844,,,,,,,0,0,0,,18,6821.6900000000005,378.9827777777778,1522.8,14.64,0,0,18,6,7,0,0,14.0,12.152777778667682
CUST002845,,,,,,,0,0,0,,29,13689.7,472.0586206896552,2277.85,25.88,0,0,29,5,9,0,0,14.0,11.70689655172695
CUST002846,,,,,,,0,0,1,,23,19778.829999999998,859.9491304347825,5826.61,13.48,0,0,23,7,6,15,0,37.24999999999999,25.07608695707163
CUST002847,,,,,,,0,0,0,,18,11055.08,614.1711111111111,3581.85,11.95,0,0,18,7,7,0,0,14.0,12.055555597119007
CUST002848,,,,,,,0,0,0,,20,25456.31,1272.8155000000002,8643.89,12.27,0,0,20,6,3,1,0,29.75,12.775001044172935
CUST002849,,,,,,,0,0,0,,31,15437.979999999998,497.9993548387096,1932.12,61.41,0,0,31,8,5,0,0,14.00000004581775,11.685483875395756
CUST002850,,,,,,,0,0,0,,24,9412.32,392.18,1775.06,42.94,0,0,24,6,8,0,0,14.0,11.37500017442045
CUST002851,,,,,,,0,0,0,,22,22236.76,1010.7618181818181,3523.78,32.03,0,0,22,6,6,0,0,14.00000000069064,11.852274488285332
CUST002852,,,,,,,0,0,0,,25,18989.589999999997,759.5835999999998,2614.86,79.31,0,0,25,5,7,0,0,14.000000000009706,11.55000000073575
CUST002853,,,,,,,0,0,0,,17,9642.17,567.1864705882354,1824.78,25.08,0,0,17,3,4,0,0,12.25,11.117647058823529
CUST002854,,,,,,,0,0,0,,27,19157.16,709.5244444444444,3069.89,27.69,0,0,27,10,7,0,0,14.000000000001426,11.796296558593209
CUST002855,,,,,,,0,0,0,,19,20191.48,1062.7094736842105,5213.28,49.06,0,0,19,7,5,0,0,17.5,12.065795635139313
CUST002856,,,,,,,0,0,0,,32,16248.529999999999,507.76656249999996,2209.74,34.08,0,0,32,5,5,0,0,14.0,11.375029139251069
CUST002857,,,,,,,0,0,0,,21,13891.87,661.5176190476191,3048.25,53.19,0,0,21,6,6,0,0,14.0,11.416668489109053
CUST002858,,,,,,,0,0,0,,27,24029.49,889.9811111111112,5049.41,24.78,0,0,27,8,7,0,0,19.25,12.055599024517775
CUST002859,,,,,,,0,0,0,,18,8434.77,468.59833333333336,1418.17,77.86,0,0,18,3,2,0,0,14.0,11.277777797041203
CUST002860,,,,,,,0,0,0,,20,8992.07,449.6035,1738.06,46.42,0,0,19,6,6,0,0,14.0,11.987500004974347
CUST002861,,,,,,,0,0,0,,27,14377.31,532.4929629629629,3315.92,25.14,0,0,27,8,6,0,0,14.0,11.796296325548122
CUST002862,,,,,,,0,0,0,,30,18237.25,607.9083333333333,3855.64,60.68,0,0,30,9,8,0,0,14.000001529898126,11.725162209859025
CUST002863,,,,,,,0,0,0,,17,11504.46,676.7329411764705,4208.51,26.83,0,0,17,8,3,0,0,12.25000632775299,11.529412137479781
CUST002864,,,,,,,0,0,0,,19,21055.109999999997,1108.163684210526,6450.76,12.16,0,0,19,4,5,0,0,21.0,11.881578947470974
CUST002865,,,,,,,0,0,0,,29,23440.299999999996,808.2862068965516,3014.11,29.94,0,0,29,7,6,0,0,14.000000009439775,11.586206901996382
CUST002866,,,,,,,0,0,0,,27,23864.8,883.8814814814815,4382.57,32.39,0,0,27,9,6,0,0,14.000000000001334,12.055555559447598
CUST002867,,,,,,,0,0,0,,22,18510.46,841.3845454545454,9280.76,27.4,0,0,22,6,7,0,0,24.5,12.488636369859075
CUST002868,,,,,,,1,0,0,,31,29473.100000000002,950.7451612903227,10090.47,18.56,0,0,31,8,7,31,0,37.0,27.911290446568184
CUST002869,,,,,,,0,0,0,,18,13700.05,761.1138888888888,1923.5,151.71,0,0,18,7,7,0,0,14.0,11.861111482068573
CUST002870,,,,,,,0,0,0,,27,23488.480000000003,869.9437037037038,5180.33,63.23,0,0,27,8,5,0,0,19.25,11.861111121484793
CUST002871,,,,,,,0,0,0,,28,24667.84,880.9942857142858,2991.59,45.54,0,0,28,6,6,0,0,14.0,11.562518239335988
CUST002872,,,,,,,0,0,0,,23,12883.35,560.145652173913,1760.14,18.69,0,0,23,5,7,0,0,14.0,11.641305730107836
CUST002873,,,,,,,0,0,0,,20,15358.94,767.947,6007.48,46.63,0,0,20,8,6,1,0,26.25,12.250000081488219
CUST002874,,,,,,,0,0,0,,35,39084.33,1116.6951428571429,10560.25,30.19,0,0,35,6,7,0,0,19.25,12.10003104112455
CUST002875,,,,,,,0,0,0,,18,9725.18,540.2877777777778,2891.44,46.11,0,0,18,4,6,0,0,14.0,11.569444444496035
CUST002876,,,,,,,0,0,0,,23,18852.479999999996,819.6730434782606,4297.16,23.35,0,0,23,4,8,0,0,14.0,11.945652176191805
CUST002877,,,,,,,0,0,0,,25,31179.059999999998,1247.1624,5771.04,65.09,0,0,25,4,7,0,0,17.5,11.830000207567798
CUST002878,,,,,,,0,0,0,,25,12503.07,500.1228,2208.4,61.76,0,0,25,6,7,0,0,14.000000000191182,11.900000000066392
CUST002879,,,,,,,0,0,0,,26,24261.460000000003,933.133076923077,8063.76,50.39,0,0,26,5,9,0,0,22.750000900085237,12.182693496656462
CUST002880,,,,,,,0,0,0,,20,15093.08,754.654,3992.12,22.69,0,0,20,7,4,0,0,14.0,11.550000000934647
CUST002881,,,,,,,0,0,0,,17,11617.47,683.3805882352941,3661.84,16.83,0,0,16,5,4,0,0,14.0,11.632352941254268
CUST002882,,,,,,,0,0,0,,27,21520.480000000003,797.0548148148149,4517.26,33.96,0,0,27,5,7,0,0,14.000000008700647,11.666882341700175
CUST002883,,,,,,,0,0,0,,16,8389.06,524.31625,2127.21,16.42,0,0,16,5,6,0,0,12.250000001013072,11.59375003117519
CUST002884,,,,,,,0,0,1,,21,13793.839999999998,656.8495238095237,4306.61,116.51,0,0,21,4,6,13,0,25.00000001265364,24.333333347631896
CUST002885,,,,,,,0,0,0,,22,17567.410000000003,798.5186363636366,7182.26,26.32,0,0,22,6,6,0,0,19.250000005317123,11.852272734018193
CUST002886,,,,,,,0,0,0,,26,25684.149999999998,987.851923076923,8289.92,5.0,0,0,26,4,6,0,0,22.75,12.048076952860969
CUST002887,,,,,,,0,0,0,,25,21300.97,852.0388,3768.23,41.69,0,0,25,7,5,0,0,14.0,11.690000001680124
CUST002888,,,,,,,0,0,0,,22,20532.75,933.3068181818181,8878.74,29.67,0,0,22,6,7,0,0,24.5,12.647727279839906
CUST002889,,,,,,,0,0,0,,23,21692.789999999997,943.1647826086955,5869.74,81.9,0,0,23,5,8,0,0,24.5,12.70652173936204
CUST002890,,,,,,,0,0,0,,21,10604.68,504.9847619047619,1888.07,44.27,0,0,21,6,6,0,0,14.0,11.58333384045827
CUST002891,,,,,,,0,0,0,,35,32700.850000000002,934.3100000000001,8354.63,15.02,0,0,35,8,8,1,0,28.0,12.000001212824392
CUST002892,,,,,,,0,0,0,,30,18080.55,602.685,2911.86,17.87,0,0,30,7,11,0,0,14.0,11.841666679068236
CUST002893,,,,,,,0,0,0,,22,9780.140000000001,444.55181818181825,3062.77,44.87,0,0,22,4,7,0,0,14.000000000000934,11.852272727314954
CUST002894,,,,,,,0,0,0,,29,27463.91,947.0313793103448,9884.13,55.45,0,0,29,6,9,1,0,26.25,12.7327586209063
CUST002895,,,,,,,0,0,0,,23,22420.14,974.7886956521739,10213.8,26.66,0,0,23,4,6,0,0,17.5,12.097826102660369
CUST002896,,,,,,,0,0,0,,31,20541.65,662.6338709677419,4279.67,11.66,0,0,31,7,7,0,0,14.0,11.629063582077757
CUST002897,,,,,,,0,0,1,,35,15473.02,442.08628571428574,3773.54,11.98,0,0,35,6,5,18,0,26.75,24.250005034624955
CUST002898,,,,,,,0,0,0,,22,7775.7,353.4409090909091,1570.49,9.16,0,0,22,6,4,0,0,14.000000000078384,11.534090913269663
CUST002899,,,,,,,0,0,0,,22,22676.14,1030.7336363636364,5935.58,32.57,0,0,22,6,5,0,0,19.2500000131115,11.772727273653366
CUST002900,,,,,,,0,0,0,,25,13506.580000000002,540.2632000000001,1979.8,24.14,0,0,25,5,3,0,0,14.0,11.410000215544098
CUST002901,,,,,,,0,0,0,,26,19372.399999999998,745.0923076923076,6318.68,28.72,0,0,26,5,8,0,0,21.0,11.913461540781299
CUST002902,,,,,,,0,0,0,,22,16116.59,732.5722727272728,3094.84,35.85,0,0,22,3,8,0,0,14.00000001183937,11.61363986590721
CUST002903,,,,,,,0,0,0,,23,13392.600000000002,582.2869565217392,3376.42,38.2,0,0,23,6,6,0,0,12.25,11.717391304347826
CUST002904,,,,,,,0,1,0,,23,33555.01,1458.9134782608696,7182.07,19.94,0,0,23,6,7,23,0,51.0,46.13043478260943
CUST002905,,,,,,,0,0,0,,27,19081.809999999998,706.7337037037037,4187.99,48.5,0,0,27,7,8,0,0,14.000000000499956,11.601852257363802
CUST002906,,,,,,,0,0,0,,20,13972.550000000001,698.6275,4173.19,32.45,0,0,20,4,7,0,0,14.0,11.725000000894008
CUST002907,,,,,,,1,0,0,,26,12709.64,488.83230769230767,1749.13,9.64,0,0,26,6,3,26,0,30.000000002859124,27.77884615441784
CUST002908,,,,,,,0,0,0,,23,23555.34,1024.1452173913044,5741.71,6.7,0,0,23,7,5,0,0,19.25,12.326087889816089
CUST002909,,,,,,,0,0,0,,19,13443.61,707.5584210526316,5593.79,82.61,0,0,18,6,4,0,0,21.000000000002306,11.881578947368542
CUST002910,,,,,,,0,0,0,,23,26867.130000000005,1168.136086956522,13093.25,22.22,0,0,23,6,8,0,0,19.25,12.478260888691073
CUST002911,,,,,,,0,0,0,,30,25353.41,845.1136666666666,5166.49,9.17,0,0,30,9,5,0,0,19.25,11.900002790953152
CUST002912,,,,,,,1,0,0,,29,21999.67,758.6093103448276,3999.86,27.93,0,0,29,8,5,29,0,30.000000000594227,28.129310344870156
CUST002913,,,,,,,0,0,0,,23,8188.200000000001,356.00869565217397,1913.24,45.09,0,0,23,4,5,0,0,14.0,11.641304348645962
CUST002914,,,,,,,0,0,0,,26,31727.71,1220.2965384615384,10489.31,37.28,0,0,26,9,7,0,0,17.500000013580674,12.18269307673751
CUST002915,,,,,,,0,0,0,,30,13611.909999999998,453.73033333333325,4281.7,8.67,0,0,29,7,8,0,0,17.5,11.900000000189367
CUST002916,,,,,,,0,0,0,,21,11387.480000000001,542.2609523809524,1680.53,75.15,0,0,21,7,3,0,0,12.25000002278007,11.66667273804549
CUST002917,,,,,,,0,0,0,,27,15469.37,572.9396296296296,2618.38,50.11,0,0,27,4,7,0,0,14.000000338572468,11.731481500346945
CUST002918,,,,,,,0,0,0,,22,28396.21,1290.736818181818,5113.67,24.66,0,0,22,6,8,0,0,17.5,11.931822678514141
CUST002919,,,,,,,0,0,0,,23,18907.110000000004,822.0482608695654,5265.11,73.06,0,0,23,7,6,0,0,17.5,11.718297403116537
CUST002920,,,,,,,0,0,0,,27,14566.08,539.4844444444444,2296.67,61.02,0,0,27,7,8,0,0,14.000000079913494,11.990740751690938
CUST002921,,,,,,,0,0,0,,21,27087.47,1289.8795238095238,10654.59,79.46,0,0,21,5,7,0,0,17.5,11.750005397710945
CUST002922,,,,,,,0,0,0,,27,24200.740000000005,896.3237037037039,5280.78,6.87,0,0,27,5,6,0,0,19.250000007611213,11.731518100573759
CUST002923,,,,,,,0,0,0,,21,8514.119999999999,405.4342857142857,1563.2,30.39,0,0,21,9,6,0,0,14.000000457009754,11.750000022434765
CUST002924,,,,,,,0,0,0,,17,11022.350000000002,648.3735294117648,1835.69,60.95,0,0,17,5,6,0,0,14.000000001701752,11.632353152725157
CUST002925,,,,,,,0,0,1,,24,10577.42,440.72583333333336,1084.47,27.59,0,0,24,6,6,14,0,26.750002521929154,24.48958364358406
CUST002926,,,,,,,0,0,1,,21,18496.899999999998,880.8047619047618,9251.37,29.0,0,0,21,4,5,14,0,42.5,25.41666667153934
CUST002927,,,,,,,0,0,0,,30,15907.789999999999,530.2596666666666,2235.94,16.35,0,0,30,7,7,0,0,14.0,11.491710925807157
CUST002928,,,,,,,0,0,0,,23,17211.21,748.3134782608695,2459.95,17.83,0,0,23,6,9,0,0,14.0,12.021743947240964
CUST002929,,,,,,,0,0,0,,21,12951.01,616.7147619047619,2488.14,25.65,0,0,21,5,5,0,0,14.00000000000882,11.500000028169945
CUST002930,,,,,,,0,0,0,,25,17695.01,707.8004,3207.3,63.93,0,0,25,5,5,0,0,14.0,11.690005191685712
CUST002931,,,,,,,0,0,0,,13,12561.56,966.2738461538461,3532.44,90.58,0,0,13,5,4,0,0,12.250020822009462,11.57692467961268
CUST002932,,,,,,,0,0,0,,24,17219.95,717.4979166666667,2443.84,51.63,0,0,24,8,5,0,0,14.0,11.812500001260764
CUST002933,,,,,,,0,0,0,,19,15835.349999999999,833.4394736842105,3188.64,55.88,0,0,19,5,3,0,0,14.0,11.51315932862078
CUST002934,,,,,,,0,0,0,,19,15406.79,810.8836842105263,4845.7,44.31,0,0,19,3,4,0,0,14.0,11.328947368608487
CUST002935,,,,,,,0,0,0,,22,12477.130000000001,567.1422727272728,1972.96,26.11,0,0,21,4,5,0,0,14.0,11.37500000002277
CUST002936,,,,,,,0,0,0,,17,13167.33,774.5488235294117,3042.74,43.29,0,0,17,5,6,0,0,14.0,11.941176470608436
CUST002937,,,,,,,0,0,0,,25,12130.750000000002,485.2300000000001,4136.64,43.83,0,0,25,6,4,0,0,14.00000025516529,11.690000033202555
CUST002938,,,,,,,0,0,0,,16,7196.06,449.75375,2423.92,39.24,0,0,16,6,6,0,0,12.250001621934532,11.484375102104224
CUST002939,,,,,,,0,0,0,,22,20425.73,928.4422727272727,11289.57,64.34,0,0,21,7,7,0,0,19.25,12.488636503394941
CUST002940,,,,,,,0,0,0,,17,13823.909999999998,813.1711764705881,2544.08,26.21,0,0,17,6,3,0,0,14.000001134246888,11.735294185937693
CUST002941,,,,,,,0,0,0,,31,18769.980000000003,605.4832258064517,4095.57,6.59,0,0,31,8,7,0,0,12.250000027302749,11.291457113494047
CUST002942,,,,,,,0,0,0,,27,23420.210000000003,867.4151851851852,6722.44,55.12,0,0,27,6,8,0,0,17.5,11.925929979066279
CUST002943,,,,,,,0,0,0,,31,14130.64,455.82709677419354,2093.56,56.01,0,0,31,8,6,0,0,14.000000009717754,11.685486697764254
CUST002944,,,,,,,1,0,0,,26,17497.659999999996,672.986923076923,3683.54,40.89,0,0,26,5,5,26,0,28.25000000063204,27.64423517243568
CUST002945,,,,,,,0,0,0,,20,9485.14,474.25699999999995,1524.13,9.7,0,0,20,4,5,0,0,14.0,11.550003766900925
CUST002946,,,,,,,0,0,0,,23,8786.01,382.0004347826087,1665.23,30.19,0,0,23,6,6,0,0,14.000000000052808,11.641304356017745
CUST002947,,,,,,,0,0,0,,23,16831.059999999998,731.7852173913043,3326.58,32.21,0,0,23,7,4,0,0,14.000000000290628,11.793478276163526
CUST002948,,,,,,,0,0,0,,25,16148.68,645.9472000000001,3789.95,34.52,0,0,25,6,6,0,0,14.0,11.550017477540289
CUST002949,,,,,,,0,0,0,,23,13392.68,582.2904347826087,3855.83,30.07,0,0,23,7,7,0,0,14.000000021872388,12.09782613164222
CUST002950,,,,,,,0,0,0,,21,10728.439999999999,510.87809523809517,1922.1,81.21,0,0,21,7,5,0,0,12.250000000313694,11.750000000369424
CUST002951,,,,,,,0,0,0,,22,15526.059999999998,705.7299999999999,3049.39,148.46,0,0,22,6,4,0,0,14.0,11.454554876723263
CUST002952,,,,,,,0,0,0,,27,35154.26999999999,1302.0099999999995,17689.01,40.19,0,0,27,5,5,0,0,19.25,11.796296298296951
CUST002953,,,,,,,0,0,0,,25,13737.17,549.4868,2502.3,33.45,0,0,25,6,6,0,0,14.0,11.620000009936723
CUST002954,,,,,,,0,0,0,,25,16792.07,671.6828,5088.24,36.11,0,0,25,5,7,0,0,17.50000000059679,11.970000000907067
CUST002955,,,,,,,0,0,0,,30,17170.53,572.351,4924.54,22.91,0,0,30,9,10,0,0,15.749999999999998,12.075000398032136
CUST002956,,,,,,,0,0,0,,22,18386.65,835.7568181818183,5945.14,80.56,0,0,22,7,6,0,0,17.5,12.01136363953715
CUST002957,,,,,,,0,0,1,,24,19594.61,816.4420833333334,7811.94,8.66,0,0,24,5,5,14,0,30.25,24.70833337623237
CUST002958,,,,,,,0,0,0,,20,11142.499999999998,557.1249999999999,4550.46,28.96,0,0,20,6,4,0,0,12.250000006209882,11.72500209401084
CUST002959,,,,,,,0,0,0,,29,14886.99,513.3444827586206,2172.57,26.78,0,0,29,5,8,0,0,14.0,11.94827600636707
CUST002960,,,,,,,0,0,0,,30,18181.36,606.0453333333334,7369.89,20.51,0,0,30,8,6,0,0,19.25,12.016678676642153
CUST002961,,,,,,,0,0,0,,30,64685.81,2156.1936666666666,27273.67,13.49,0,0,30,7,9,1,0,28.0,12.71666682674213
CUST002962,,,,,,,0,0,0,,19,35819.81,1885.2531578947367,15197.75,34.91,0,0,19,6,5,0,0,19.250000050688048,12.434210966250925
CUST002963,,,,,,,0,0,0,,24,14762.5,615.1041666666666,3191.98,14.9,0,0,24,6,5,0,0,14.0,11.666666666713908
CUST002964,,,,,,,0,0,0,,33,41770.560000000005,1265.7745454545457,16393.59,69.67,0,0,33,9,7,0,0,19.250038350092424,11.984860572994796
CUST002965,,,,,,,0,0,0,,30,25165.100000000006,838.8366666666668,5872.25,21.09,0,0,30,8,7,0,0,19.25,11.666681047739711
CUST002966,,,,,,,0,0,0,,35,19726.09,563.6025714285714,2271.47,5.0,0,0,35,8,5,0,0,14.0000000329254,11.75000009601373
CUST002967,,,,,,,0,0,0,,29,19271.04,664.5186206896552,4835.44,22.67,0,0,29,7,7,0,0,14.0,11.767241777200594
CUST002968,,,,,,,0,0,0,,16,14810.27,925.641875,5222.72,25.22,0,0,16,5,5,0,0,19.25,12.031250018211725
CUST002969,,,,,,,0,0,0,,27,34871.64,1291.542222222222,7073.54,18.93,0,0,27,9,5,0,0,19.25,12.250007477450097
CUST002970,,,,,,,0,0,0,,18,13612.939999999999,756.2744444444444,3164.46,9.64,0,0,18,6,2,0,0,14.0,11.569444444444688
CUST002971,,,,,,,0,0,0,,31,14987.989999999996,483.4835483870967,3701.84,22.16,0,0,31,10,4,0,0,14.00000013969081,11.741935933028104
CUST002972,,,,,,,0,0,0,,23,10773.25,468.4021739130435,2378.0,48.57,0,0,23,9,8,0,0,14.000000001551308,11.793481316893185
CUST002973,,,,,,,0,0,0,,24,13216.56,550.6899999999999,3641.06,48.65,0,0,23,3,6,0,0,14.0,11.302083531174327
CUST002974,,,,,,,0,0,0,,25,19841.600000000002,793.6640000000001,7993.98,50.91,0,0,25,8,7,0,0,17.5000000049601,12.250000189018028
CUST002975,,,,,,,0,0,0,,24,15230.56,634.6066666666667,3859.6,36.33,0,0,24,6,6,0,0,14.0,11.52083335498925
CUST002976,,,,,,,0,0,0,,22,10711.550000000003,486.8886363636365,1916.28,58.48,0,0,22,7,6,0,0,14.000000000260387,11.772727272780038
CUST002977,,,,,,,0,0,0,,18,15680.08,871.1155555555556,5228.13,49.46,0,0,18,5,5,0,0,17.5,12.25001178604238
CUST002978,,,,,,,0,0,0,,24,32521.370000000003,1355.0570833333334,10539.44,60.87,0,0,24,5,7,0,0,19.25,12.250000008552988
CUST002979,,,,,,,0,0,0,,21,24168.219999999998,1150.867619047619,13870.31,31.42,0,0,21,5,8,1,0,26.25,12.333333337682145
CUST002980,,,,,,,0,0,0,,18,6871.639999999999,381.75777777777773,1111.8,80.89,0,0,18,3,6,0,0,12.250000000691962,11.375000003817092
CUST002981,,,,,,,0,0,0,,27,17787.04,658.7792592592593,5771.41,29.09,0,0,27,4,7,0,0,17.500355846447846,11.925939130883327
CUST002982,,,,,,,0,0,0,,23,18607.97,809.0421739130435,3575.22,68.88,0,0,23,4,4,0,0,14.0,11.184782608717999
CUST002983,,,,,,,0,0,0,,28,29669.5,1059.625,7062.5,22.79,0,0,28,5,5,0,0,21.0,11.75000001714248
CUST002984,,,,,,,0,0,0,,22,28088.01,1276.7277272727272,7575.22,47.49,0,0,22,7,5,0,0,19.25,12.329546347621282
CUST002985,,,,,,,0,0,0,,24,15850.22,660.4258333333333,2780.85,22.46,0,0,24,4,8,0,0,14.000000031105516,11.812500003213836
CUST002986,,,,,,,0,0,0,,14,8968.17,640.5835714285714,1676.35,22.85,0,0,14,4,2,0,0,12.250000000012095,11.250001230205005
CUST002987,,,,,,,0,0,0,,20,14724.21,736.2104999999999,5537.01,26.2,0,0,20,4,4,0,0,17.5,11.900000202199793
CUST002988,,,,,,,0,0,0,,30,17421.66,580.722,1795.3,23.27,0,0,30,5,7,0,0,14.000002248206492,11.666666779775428
CUST002989,,,,,,,0,0,0,,19,11705.5,616.078947368421,4832.78,19.06,0,0,19,4,6,0,0,14.000000000126493,11.789473684238377
CUST002990,,,,,,,0,0,0,,23,20997.210000000003,912.9221739130436,9607.7,23.87,0,0,23,6,7,0,0,24.5,12.250000002799732
CUST002991,,,,,,,0,0,0,,25,12395.12,495.80480000000006,2733.28,15.79,0,0,25,7,8,0,0,14.0,11.830000306180615
CUST002992,,,,,,,0,0,1,,28,13979.4,499.2642857142857,2225.66,15.25,0,0,28,8,8,15,0,26.75,24.250000003546972
CUST002993,,,,,,,0,0,0,,23,33421.01,1453.0873913043479,7776.45,27.14,0,0,23,7,5,0,0,19.25,12.326087258628391
CUST002994,,,,,,,0,0,0,,29,22880.33,788.9768965517242,4520.39,28.13,0,0,29,5,9,0,0,14.000000002211143,11.948275862561255
CUST002995,,,,,,,0,0,0,,31,27304.409999999996,880.7874193548386,6540.01,30.25,0,0,31,7,5,0,0,19.25000009197445,11.629033977621424
CUST002996,,,,,,,0,0,0,,22,7001.3499999999985,318.24318181818177,780.9,32.23,0,0,22,7,4,0,0,14.0,11.53409094123029
CUST002997,,,,,,,0,0,0,,26,16854.09,648.2342307692307,5192.74,45.97,0,0,26,4,5,0,0,17.5,11.644246944942388
CUST002998,,,,,,,0,0,0,,38,41676.98,1096.7626315789475,8811.04,14.08,0,0,38,6,9,0,0,22.75,11.927650200489225
CUST002999,,,,,,,0,0,0,,25,18703.670000000002,748.1468000000001,3081.5,26.47,0,0,25,6,6,0,0,14.000000000547756,11.760000020290008
CUST003000,,,,,,,0,0,0,,23,15039.440000000002,653.888695652174,3424.67,12.62,0,0,23,3,4,0,0,14.0,11.413043510928038
CUST003001,,,,,,,0,0,0,,22,19719.450000000004,896.3386363636365,3087.22,32.33,0,0,22,6,6,0,0,12.25000019157554,11.375054313450587
CUST003002,,,,,,,0,0,0,,17,11176.95,657.4676470588236,2736.75,56.93,0,0,17,5,6,0,0,14.0,12.044118868460309
CUST003003,,,,,,,1,0,0,,24,20019.83,834.1595833333334,4865.95,79.77,0,0,24,5,7,24,0,30.0,27.812500002211323
CUST003004,,,,,,,0,0,0,,26,12352.8,475.1076923076923,2294.31,61.16,0,0,26,7,9,0,0,14.0,11.711538565373079
CUST003005,,,,,,,0,0,0,,26,15708.33,604.1665384615385,1798.02,50.73,0,0,26,5,6,0,0,14.00000021541094,11.644232846543236
CUST003006,,,,,,,0,0,0,,33,28085.850000000002,851.0863636363637,4038.86,46.51,0,0,33,7,5,0,0,14.00000000000293,11.560613223927959
CUST003007,,,,,,,0,0,0,,30,17394.199999999997,579.8066666666666,4039.87,31.07,0,0,30,8,6,0,0,14.0,11.725006185510725
CUST003008,,,,,,,0,0,0,,31,26013.13,839.1332258064516,4287.07,37.99,0,0,31,9,9,0,0,14.0,11.798387099619237
CUST003009,,,,,,,0,0,0,,18,8783.130000000001,487.9516666666667,1431.11,66.21,0,0,18,5,5,0,0,14.0,11.5694444468422
CUST003010,,,,,,,0,0,0,,18,24517.7,1362.0944444444444,17573.82,42.19,0,0,18,2,7,0,0,12.25,4.9583847635370395
CUST003011,,,,,,,0,0,0,,27,9644.170000000002,357.19148148148156,1326.8,20.22,0,0,26,7,9,0,0,14.0,11.731481722809493
CUST003012,,,,,,,0,0,0,,28,14131.949999999997,504.7124999999999,2462.39,49.51,0,0,28,9,5,0,0,14.0,11.75000156512083
CUST003013,,,,,,,0,0,0,,24,17757.97,739.9154166666667,6038.3,5.61,0,0,24,7,5,0,0,19.25,12.031250000239623
CUST003014,,,,,,,0,0,0,,24,18473.62,769.7341666666666,2385.9,55.9,0,0,24,3,7,0,0,14.000000006287722,11.302083342747743
CUST003015,,,,,,,0,0,0,,32,18106.67,565.8334375,2495.85,32.49,0,0,32,8,7,0,0,14.0,11.81250013744274
CUST003016,,,,,,,0,0,0,,24,28386.39,1182.76625,16411.37,36.32,0,0,24,6,3,0,0,21.000000021768315,11.812507327461924
CUST003017,,,,,,,0,0,0,,22,22882.210000000003,1040.1004545454546,7990.13,6.37,0,0,22,3,7,0,0,17.5,11.693181878659955
CUST003018,,,,,,,0,0,0,,24,15363.039999999999,640.1266666666667,2373.97,50.33,0,0,24,10,8,0,0,14.000000000029058,12.104166672897483
CUST003019,,,,,,,0,0,0,,30,26852.96,895.0986666666666,12452.05,51.9,0,0,30,7,6,0,0,17.5,12.016669377757129
CUST003020,,,,,,,0,0,0,,24,22953.06,956.3775,4261.47,12.55,0,0,24,7,8,0,0,14.000000000112577,11.958333358315956
CUST003021,,,,,,,0,0,0,,24,11399.77,474.9904166666667,1984.76,29.97,0,0,24,7,7,0,0,14.00000000170236,11.885416687239237
CUST003022,,,,,,,0,0,0,,17,11173.949999999999,657.2911764705882,4166.11,82.1,0,0,17,6,1,0,0,14.0,11.323529431314947
CUST003023,,,,,,,0,0,0,,22,9679.93,439.9968181818182,1178.99,15.78,0,0,22,7,6,0,0,14.000000007083008,11.93181818401133
CUST003024,,,,,,,0,0,0,,20,7472.96,373.648,1377.0,23.95,0,0,20,5,6,0,0,12.250000000836955,11.462500156876507
CUST003025,,,,,,,0,0,0,,25,16207.960000000001,648.3184,2219.72,11.12,0,0,25,8,7,0,0,14.0,12.110000254545403
CUST003026,,,,,,,0,0,0,,30,21695.41,723.1803333333334,3281.52,43.85,0,0,30,8,8,0,0,14.0,11.841666669369012
CUST003027,,,,,,,0,0,0,,26,15352.07,590.4642307692308,2475.52,49.82,0,0,26,9,5,0,0,14.0,11.509615590311768
CUST003028,,,,,,,0,0,0,,30,23745.440000000002,791.5146666666667,7000.9,21.41,0,0,30,9,6,0,0,19.25,11.783333392110318
CUST003029,,,,,,,0,0,0,,19,8725.179999999997,459.2199999999998,2786.62,25.82,0,0,19,4,3,0,0,14.000000026051028,11.328947369849136
CUST003030,,,,,,,0,0,0,,17,15373.380000000001,904.3164705882353,2342.49,87.05,0,0,16,4,2,0,0,12.250000001916812,11.323529956509262
CUST003031,,,,,,,0,0,0,,30,16790.640000000003,559.6880000000001,1815.24,13.17,0,0,30,8,3,0,0,14.0,11.783333338599476
CUST003032,,,,,,,0,0,0,,22,31087.949999999997,1413.0886363636362,15760.75,99.85,0,0,22,3,6,0,0,17.5,11.69331603028083
CUST003033,,,,,,,0,0,0,,27,17559.51,650.3522222222222,2809.05,43.22,0,0,27,8,9,0,0,14.000000001864292,12.05556024474996
CUST003034,,,,,,,0,0,0,,20,11127.13,556.3565,1952.32,8.53,0,0,20,5,4,0,0,14.0,11.72500001133185
CUST003035,,,,,,,0,0,0,,23,13055.67,567.6378260869566,2256.56,32.33,0,0,23,3,5,0,0,12.250000000389374,11.4130803830476
CUST003036,,,,,,,0,0,0,,26,16002.65,615.4865384615384,2847.7,6.88,0,0,26,7,6,0,0,14.000000000000297,11.644232268204131
CUST003037,,,,,,,0,0,0,,28,21389.390000000003,763.9067857142858,7366.39,47.74,0,0,28,7,4,0,0,17.5,11.500000002387036
CUST003038,,,,,,,1,0,0,,24,21409.550000000003,892.0645833333334,8826.24,24.24,0,0,24,5,8,24,0,45.75000006715772,28.39583334620454
CUST003039,,,,,,,0,0,0,,22,14403.779999999999,654.7172727272726,1863.37,22.47,0,0,22,4,4,0,0,14.0,11.454545468310465
CUST003040,,,,,,,0,0,0,,27,18641.120000000003,690.4118518518519,3950.45,14.36,0,0,26,4,6,0,0,14.0,11.537037037051167
CUST003041,,,,,,,0,0,0,,25,35850.37,1434.0148000000002,17901.57,32.48,0,0,25,7,8,0,0,24.5,12.320000017473866
CUST003042,,,,,,,0,0,0,,19,7290.429999999999,383.70684210526315,1063.28,92.66,0,0,19,6,6,0,0,14.0,11.973684227051837
CUST003043,,,,,,,0,0,0,,27,28159.11,1042.93,10821.61,47.96,0,0,27,5,8,0,0,19.25,11.990740768224052
CUST003044,,,,,,,0,0,0,,29,21094.37,727.3920689655172,2857.76,7.27,0,0,29,9,5,0,0,14.000000051746143,11.887937723513632
CUST003045,,,,,,,0,0,0,,17,11542.41,678.9652941176471,5542.04,6.27,0,0,17,6,6,0,0,17.500003418235348,12.14705902460208
CUST003046,,,,,,,0,0,0,,32,15623.619999999999,488.23812499999997,2225.94,21.96,0,0,32,8,7,0,0,14.0,11.75781281668507
CUST003047,,,,,,,0,0,0,,27,15877.049999999997,588.0388888888888,4030.99,33.2,0,0,27,6,9,0,0,12.250000319939003,11.60185186441498
CUST003048,,,,,,,0,0,0,,30,19043.639999999996,634.7879999999999,2899.6,74.93,0,0,30,8,8,0,0,14.0,11.841666674975759
CUST003049,,,,,,,0,0,0,,21,24041.129999999997,1144.8157142857142,14802.71,31.83,0,0,21,6,6,0,0,19.250000058111496,12.416666675306626
CUST003050,,,,,,,0,0,0,,24,14790.7,616.2791666666667,1582.78,43.4,0,0,24,7,7,0,0,14.000000000113364,11.812803453757217
CUST003051,,,,,,,0,0,0,,29,32515.65,1121.2293103448276,7255.58,47.87,0,0,29,7,5,0,0,19.25,12.129322293360962
CUST003052,,,,,,,0,0,0,,26,13540.46,520.786923076923,2671.85,45.73,0,0,26,8,5,0,0,14.000000872831889,11.711540697411428
CUST003053,,,,,,,0,0,0,,33,32975.64,999.2618181818182,9005.6,61.19,0,0,33,9,8,1,0,28.000255833624813,12.356070488793604
CUST003054,,,,,,,0,0,0,,30,24444.540000000005,814.8180000000001,4210.98,38.9,0,0,30,6,6,0,0,14.000000355221436,11.95833352427178
CUST003055,,,,,,,0,0,0,,27,23700.96,877.8133333333333,3671.99,19.48,0,0,27,9,8,0,0,14.00002830315257,11.861112275401767
CUST003056,,,,,,,0,0,0,,21,15443.04,735.3828571428572,5203.01,20.6,0,0,21,8,5,0,0,24.5,12.416667843460898
CUST003057,,,,,,,0,0,0,,21,36538.189999999995,1739.9138095238093,14501.17,59.21,0,0,21,6,5,0,0,17.5,12.583338491710204
CUST003058,,,,,,,0,1,0,,16,15601.98,975.12375,3740.3,75.17,0,0,16,5,4,16,0,47.49999999999999,44.98437501535338
CUST003059,,,,,,,0,0,0,,26,35856.79,1379.1073076923078,13898.67,13.12,0,0,26,5,4,0,0,19.25,12.11538503119032
CUST003060,,,,,,,0,0,0,,20,19306.260000000002,965.3130000000001,6390.04,17.4,0,0,20,5,6,0,0,21.0,12.075000001756482
CUST003061,,,,,,,0,0,0,,15,6442.86,429.524,1215.3,45.13,0,0,15,3,2,0,0,12.25,10.966666679606002
CUST003062,,,,,,,0,0,0,,28,21107.890000000003,753.8532142857144,7163.35,53.46,0,0,28,8,7,0,0,17.50000151490958,12.125004783892782
CUST003063,,,,,,,0,0,0,,18,54162.73,3009.040555555556,34477.97,38.18,0,0,18,5,5,1,0,26.250063494661763,12.930559083347836
CUST003064,,,,,,,0,0,0,,31,19573.19,631.3932258064516,4633.14,16.34,0,0,31,6,9,0,0,14.000000000113252,11.685483872997189
CUST003065,,,,,,,0,0,0,,28,17805.14,635.8978571428571,2243.71,36.04,0,0,28,4,7,0,0,14.0,11.437500000299693
CUST003066,,,,,,,0,0,0,,22,22119.66,1005.4390909090909,6812.02,34.56,0,0,22,4,4,0,0,17.5,12.170454562846798
CUST003067,,,,,,,0,0,0,,18,20575.52,1143.0844444444444,11674.47,50.3,0,0,18,6,5,0,0,17.5,11.95833390713323
CUST003068,,,,,,,0,0,0,,24,21041.339999999997,876.7224999999999,5930.67,27.17,0,0,24,7,5,0,0,21.0,12.177085072167793
CUST003069,,,,,,,0,0,0,,29,23391.680000000004,806.6096551724139,7467.33,31.77,0,0,29,8,6,0,0,17.5,11.767244133591332
CUST003070,,,,,,,0,0,0,,23,6808.719999999999,296.03130434782605,885.92,16.66,0,0,23,4,5,0,0,14.0,11.260870063116121
CUST003071,,,,,,,0,0,0,,23,15058.550000000001,654.7195652173914,3794.52,26.45,0,0,23,8,8,0,0,14.0,11.945652240875594
CUST003072,,,,,,,0,0,0,,30,30864.86999999999,1028.8289999999997,12725.59,38.55,0,0,30,9,8,0,0,22.75,12.658333333353662
CUST003073,,,,,,,0,0,0,,20,21903.980000000003,1095.199,6458.8,51.84,0,0,20,4,5,0,0,17.5,12.075004856049398
CUST003074,,,,,,,0,0,0,,29,19537.84,673.7186206896552,4807.49,47.93,0,0,29,6,8,0,0,14.0,11.7069032891371
CUST003075,,,,,,,0,0,0,,27,14380.06,532.5948148148148,2969.15,26.2,0,0,27,7,6,0,0,14.0,11.731481488140098
CUST003076,,,,,,,0,0,0,,19,13055.810000000001,687.1478947368422,2554.84,29.54,0,0,19,5,5,0,0,14.0,11.973684218758297
CUST003077,,,,,,,0,0,0,,19,16211.219999999998,853.2221052631578,4990.19,49.24,0,0,19,4,8,0,0,14.0,11.513157894777933
CUST003078,,,,,,,0,0,0,,29,29277.589999999997,1009.5720689655171,5336.29,44.94,0,0,29,6,6,0,0,19.250028762742343,11.887932048925252
CUST003079,,,,,,,0,0,0,,30,16615.62,553.8539999999999,3868.96,57.38,0,0,30,6,7,0,0,14.0,11.608360677896998
CUST003080,,,,,,,0,0,0,,17,22640.38,1331.7870588235294,4009.43,43.49,0,0,17,3,4,0,0,12.250000064923166,11.632353102081625
CUST003081,,,,,,,0,0,0,,35,24313.2,694.6628571428572,6609.53,32.53,0,0,35,5,5,0,0,19.25,11.700009802507228
CUST003082,,,,,,,0,0,0,,24,31391.34,1307.9725,20380.18,17.81,0,0,24,8,4,0,0,24.5,11.958334604176494
CUST003083,,,,,,,0,0,0,,22,20498.239999999998,931.7381818181817,12242.73,34.77,0,0,22,5,7,0,0,22.75,12.40909090929761
CUST003084,,,,,,,0,0,0,,17,7134.140000000001,419.65529411764714,1481.14,54.67,0,0,17,4,4,0,0,14.0,11.632352941181505
CUST003085,,,,,,,0,0,0,,20,13118.74,655.937,3135.97,41.57,0,0,20,9,5,0,0,14.000000001154367,12.1625036752382
CUST003086,,,,,,,0,0,0,,26,45291.09,1741.965,19525.83,24.65,0,0,26,8,7,0,0,17.50001982188453,12.115385378325149
CUST003087,,,,,,,0,0,0,,28,21960.84,784.3157142857143,5179.49,19.51,0,0,28,9,5,0,0,19.25000000179853,12.250000324010506
CUST003088,,,,,,,0,0,0,,22,29148.239999999998,1324.9199999999998,9755.7,54.09,0,0,22,4,8,0,0,22.75,12.17045454850687
CUST003089,,,,,,,0,0,0,,23,12769.95,555.2152173913043,2349.28,49.81,0,0,23,6,7,0,0,14.00000000000442,12.173913043590685
CUST003090,,,,,,,0,0,0,,30,12671.799999999997,422.39333333333326,1462.37,45.48,0,0,30,7,7,0,0,14.0,11.608333429903622
CUST003091,,,,,,,0,0,0,,25,15493.6,619.744,3192.65,35.63,0,0,25,5,5,0,0,12.25000215594439,11.62000116626408
CUST003092,,,,,,,0,0,0,,16,23109.6,1444.35,5493.3,61.36,0,0,16,4,6,0,0,17.50002502967167,12.14062656435563
CUST003093,,,,,,,0,0,0,,17,16880.59,992.9758823529412,7079.16,17.36,0,0,17,6,3,0,0,24.5,12.55882906359524
CUST003094,,,,,,,0,0,0,,24,17747.450000000004,739.4770833333336,3257.75,8.36,0,0,24,6,6,0,0,14.0,11.666666800395054
CUST003095,,,,,,,0,0,0,,23,17403.760000000002,756.6852173913045,6118.01,9.59,0,0,23,8,5,0,0,17.500000002519855,11.945652174288536
CUST003096,,,,,,,0,0,0,,17,19031.5,1119.5,6571.17,29.23,0,0,17,6,4,0,0,19.25000000809916,12.764705889246281
CUST003097,,,,,,,0,0,0,,28,17162.72,612.9542857142858,4024.65,21.05,0,0,28,5,9,0,0,14.000000000520243,11.6875014856876
CUST003098,,,,,,,0,0,0,,24,15942.84,664.285,3885.79,22.05,0,0,24,6,7,0,0,14.0,11.812500414521068
CUST003099,,,,,,,0,0,0,,22,11214.96,509.7709090909091,2175.02,13.92,0,0,22,5,5,0,0,14.0,11.534090955587054
CUST003100,,,,,,,0,0,0,,27,18935.75,701.324074074074,3183.23,21.06,0,0,27,8,6,0,0,14.0,12.055556050535538
CUST003101,,,,,,,0,0,0,,28,28088.56,1003.1628571428572,7788.12,29.7,0,0,28,6,6,0,0,17.5,11.687791048778992
CUST003102,,,,,,,0,0,0,,18,11243.7,624.6500000000001,2440.82,51.16,0,0,18,6,4,0,0,14.0,11.569444444629838
CUST003103,,,,,,,0,0,0,,24,28728.39,1197.01625,11047.5,75.18,0,0,24,6,6,0,0,19.25,12.177083451233111
CUST003104,,,,,,,0,0,0,,22,11049.46,502.24818181818176,2645.67,37.75,0,0,22,7,7,0,0,14.000000001957035,12.32954650224762
CUST003105,,,,,,,0,0,0,,20,18959.600000000002,947.9800000000001,6055.17,36.35,0,0,20,5,6,0,0,19.25,12.162506831627237
CUST003106,,,,,,,0,0,0,,22,14671.14,666.87,3218.89,13.31,0,0,22,6,8,0,0,14.0,11.772727275029318
CUST003107,,,,,,,0,0,0,,24,13228.189999999999,551.1745833333333,1830.93,49.22,0,0,24,7,7,0,0,14.0,11.885416709154383
CUST003108,,,,,,,0,0,0,,27,27040.410000000003,1001.4966666666668,5501.36,71.07,0,0,27,7,5,0,0,17.5,12.055555559669196
CUST003109,,,,,,,0,0,0,,29,25036.500000000004,863.3275862068966,3801.56,62.91,0,0,29,9,8,0,0,14.00001499666259,11.646552242987898
CUST003110,,,,,,,0,0,0,,23,9486.93,412.47521739130434,1912.53,36.0,0,0,23,7,6,0,0,14.0,11.945652181076778
CUST003111,,,,,,,0,0,0,,31,13569.149999999998,437.7145161290322,1279.36,20.36,0,0,30,11,9,0,0,14.00000003978318,11.967742541718096
CUST003112,,,,,,,0,0,0,,26,25053.42,963.5930769230769,7084.27,35.7,0,0,26,4,10,0,0,19.25,12.04807693095712
CUST003113,,,,,,,0,0,0,,30,19261.55,642.0516666666666,4121.06,31.29,0,0,30,6,8,0,0,17.5,11.783348775345955
CUST003114,,,,,,,0,0,0,,17,9352.85,550.1676470588236,3771.57,25.4,0,0,17,6,4,0,0,14.0,11.6323627367328
CUST003115,,,,,,,0,0,0,,24,17508.68,729.5283333333333,4124.3,34.08,0,0,24,5,7,0,0,14.000000006789405,11.447916692720973
CUST003116,,,,,,,0,0,0,,24,41985.82,1749.4091666666666,28120.52,35.17,0,0,24,7,7,1,0,26.2500391338025,12.468751646102879
CUST003117,,,,,,,0,0,0,,19,13095.939999999999,689.2599999999999,2455.11,34.0,0,0,19,6,9,0,0,14.0,11.973684222654208
CUST003118,,,,,,,0,0,1,,20,41398.950000000004,2069.9475,27543.07,68.53,0,0,20,5,7,11,0,40.75,25.437542845291986
CUST003119,,,,,,,0,0,0,,28,29571.26,1056.1164285714285,14328.04,63.55,0,0,28,5,8,0,0,19.25,12.000004335527947
CUST003120,,,,,,,0,0,0,,27,24840.04,920.0014814814815,7168.14,30.83,0,0,26,8,8,0,0,17.500000000187153,12.120377677383143
CUST003121,,,,,,,0,0,0,,26,15680.92,603.1123076923077,4183.63,32.87,0,0,26,9,4,0,0,14.0,11.50962575830684
CUST003122,,,,,,,0,0,0,,24,24587.77,1024.4904166666668,4964.91,51.23,0,0,24,8,3,0,0,14.00000000003795,12.031251452977273
CUST003123,,,,,,,0,0,0,,29,27452.38,946.6337931034483,4952.45,27.66,0,0,29,9,5,0,0,14.000000192622734,11.5258673716938
CUST003124,,,,,,,0,0,0,,19,15504.43,816.0226315789474,5334.8,38.28,0,0,19,5,3,0,0,19.25,11.881662220198981
CUST003125,,,,,,,0,0,0,,27,16457.350000000002,609.5314814814816,2124.5,69.16,0,0,27,6,4,0,0,14.0,11.537040899079612
CUST003126,,,,,,,0,0,0,,24,15604.04,650.1683333333334,3358.82,52.01,0,0,24,5,7,0,0,14.000000000035913,11.958395635105994
CUST003127,,,,,,,0,0,0,,26,16953.4,652.0538461538462,3842.35,15.3,0,0,26,4,7,0,0,14.0,11.509615384756033
CUST003128,,,,,,,0,0,0,,25,29086.630000000005,1163.4652,7934.86,52.29,0,0,25,7,5,0,0,19.25,12.320002551067267
CUST003129,,,,,,,0,0,0,,25,21765.640000000003,870.6256000000001,5448.93,46.42,0,0,25,5,7,0,0,19.25,11.970001815803569
CUST003130,,,,,,,0,0,0,,14,6614.21,472.44357142857143,2698.81,8.16,0,0,14,4,4,0,0,14.000000000134904,12.000000004644145
CUST003131,,,,,,,0,0,1,,23,9295.17,404.1378260869565,1702.7,11.19,0,0,23,6,6,13,0,26.75,24.315217391340134
CUST003132,,,,,,,0,0,0,,30,21739.070000000003,724.6356666666668,2681.61,21.87,0,0,30,5,5,0,0,12.250000026685594,11.083334666164566
CUST003133,,,,,,,0,0,0,,15,6456.030000000001,430.40200000000004,1622.36,21.21,0,0,15,7,4,0,0,14.0,11.666666666754796
CUST003134,,,,,,,0,0,0,,29,14697.670000000002,506.81620689655176,3967.65,5.05,0,0,29,7,10,0,0,14.000000002789204,11.646551736113627
CUST003135,,,,,,,0,0,0,,12,6456.49,538.0408333333334,2666.03,44.31,0,0,12,3,8,0,0,14.0,11.812500018212534
CUST003136,,,,,,,0,0,0,,16,5031.210000000001,314.45062500000006,1250.9,50.54,0,0,16,6,2,0,0,14.0,11.593750000210253
CUST003137,,,,,,,0,0,0,,16,12653.78,790.86125,5073.25,47.48,0,0,16,5,6,0,0,19.25,12.57812500291372
CUST003138,,,,,,,0,0,0,,22,12225.650000000001,555.7113636363637,2874.53,23.13,0,0,22,5,5,0,0,12.250000016231017,11.215924915549273
CUST003139,,,,,,,0,0,0,,15,16408.74,1093.9160000000002,6151.96,23.87,0,0,15,1,6,0,0,14.000000076931675,5.366666759837491
CUST003140,,,,,,,0,0,0,,21,18099.899999999998,861.8999999999999,6157.95,46.66,0,0,21,3,7,0,0,19.25,11.833346822913686
CUST003141,,,,,,,0,0,1,,23,11467.67,498.59434782608696,2556.62,38.17,0,0,23,5,8,12,0,26.75,24.315217536183
CUST003142,,,,,,,0,0,0,,26,14987.0,576.4230769230769,7582.98,21.52,0,0,26,10,7,0,0,19.250000000357023,12.048086667651013
CUST003143,,,,,,,0,0,0,,21,17859.470000000005,850.4509523809526,7604.25,34.31,0,0,21,6,7,0,0,17.5,12.083333420108083
CUST003144,,,,,,,0,0,0,,24,19669.96,819.5816666666666,5914.47,26.04,0,0,24,7,6,0,0,17.500000084554266,12.031250044540167
CUST003145,,,,,,,0,0,0,,28,15262.97,545.1060714285715,1913.51,12.92,0,0,28,7,6,0,0,14.0,11.687500012903257
CUST003146,,,,,,,0,0,0,,25,24474.9,978.9960000000001,7336.18,97.72,0,0,25,6,7,0,0,24.5,12.460000000045016
CUST003147,,,,,,,0,0,0,,19,8074.75,424.9868421052632,1585.95,54.23,0,0,19,7,7,0,0,12.250004884460257,11.88157920723011
CUST003148,,,,,,,0,0,0,,24,22296.67,929.0279166666666,5319.1,17.33,0,0,24,6,5,0,0,19.25,12.104166680326044
CUST003149,,,,,,,0,0,0,,20,9399.970000000003,469.99850000000015,1828.61,17.94,0,0,20,8,6,0,0,14.0000000007755,12.075000013134623
CUST003150,,,,,,,0,0,0,,22,11268.92,512.2236363636364,1211.24,7.42,0,0,22,5,5,0,0,14.0,11.454545459687095
CUST003151,,,,,,,0,0,0,,23,19878.01,864.261304347826,5190.38,19.44,0,0,23,8,7,0,0,17.5,12.097827237172735
CUST003152,,,,,,,0,0,0,,20,8701.77,435.0885,1703.07,27.18,0,0,20,6,5,0,0,14.0,11.462500657315456
CUST003153,,,,,,,0,0,0,,26,28403.75,1092.451923076923,7829.0,25.54,0,0,26,6,5,0,0,19.25000534505057,12.250000212866782
CUST003154,,,,,,,0,0,0,,29,19882.440000000002,685.6013793103449,4076.74,66.92,0,0,28,4,7,0,0,14.0,11.58620689700348
CUST003155,,,,,,,0,0,0,,30,39287.75,1309.5916666666667,10940.51,26.42,0,0,30,6,6,0,0,17.500000041906954,12.016666798436368
CUST003156,,,,,,,0,0,0,,25,16716.27,668.6508,2828.19,17.76,0,0,25,7,5,0,0,14.0,11.410001414199597
CUST003157,,,,,,,0,0,0,,24,17139.949999999997,714.1645833333332,5270.68,31.83,0,0,24,4,6,0,0,19.25000026673504,12.250000012576029
CUST003158,,,,,,,0,0,0,,25,14895.750000000002,595.83,2258.58,16.0,0,0,25,7,8,0,0,14.00000000000268,12.110000074390356
CUST003159,,,,,,,0,0,0,,23,14631.02,636.1313043478261,3675.98,42.36,0,0,23,7,8,0,0,14.0,11.793478273634099
CUST003160,,,,,,,0,0,0,,24,26667.129999999997,1111.1304166666666,8350.84,30.41,0,0,24,6,6,0,0,22.75,12.177083682259521
CUST003161,,,,,,,0,1,0,,22,15089.73,685.8968181818182,2427.52,47.88,0,0,22,6,4,22,0,47.49999999999999,45.11363636366391
CUST003162,,,,,,,1,0,0,,19,11788.16,620.4294736842105,4564.38,30.19,0,0,19,6,4,19,0,30.0,27.60526316885139
CUST003163,,,,,,,0,0,0,,30,16893.32,563.1106666666667,2204.86,11.71,0,0,30,6,9,0,0,14.0,11.608333429959828
CUST003164,,,,,,,0,0,0,,24,11977.89,499.07874999999996,2124.54,6.44,0,0,24,8,7,0,0,14.0,11.666666788676167
CUST003165,,,,,,,0,0,0,,24,25520.79,1063.36625,9826.54,55.51,0,0,24,7,7,0,0,24.500000004554824,12.323104411209238
CUST003166,,,,,,,0,0,0,,23,8249.8,358.6869565217391,3043.14,12.84,0,0,22,6,7,0,0,14.0,12.021739417863033
CUST003167,,,,,,,0,0,0,,29,16311.039999999999,562.4496551724137,4036.26,18.97,0,0,29,8,7,0,0,14.000000000019464,11.646551833750962
CUST003168,,,,,,,0,0,0,,19,23154.68,1218.6673684210527,8544.72,27.31,0,0,19,7,6,0,0,24.5,12.710526323767631
CUST003169,,,,,,,0,0,0,,20,10425.060000000001,521.253,2196.64,5.0,0,0,20,4,6,0,0,14.0,11.63750024740725
CUST003170,,,,,,,0,0,0,,25,8738.41,349.5364,1950.04,25.88,0,0,25,6,6,0,0,14.000000000693069,11.760000003007217
CUST003171,,,,,,,0,0,0,,29,10255.619999999999,353.6420689655172,1186.69,32.83,0,0,29,7,9,0,0,14.0,12.068966271311975
CUST003172,,,,,,,0,0,0,,27,48120.67,1782.247037037037,22310.11,69.85,0,0,27,5,8,0,0,24.5,12.444445139992752
CUST003173,,,,,,,0,0,0,,16,15197.65,949.853125,2641.06,76.9,0,0,16,4,4,0,0,14.0,11.26562531744754
CUST003174,,,,,,,0,0,0,,20,13091.2,654.5600000000001,3595.79,62.74,0,0,20,4,5,0,0,14.000000000055833,11.462500000081182
CUST003175,,,,,,,0,0,0,,16,13299.519999999999,831.2199999999999,5145.36,19.66,0,0,16,5,4,0,0,17.5,11.921875000000078
CUST003176,,,,,,,1,0,0,,21,19780.11,941.9100000000001,5800.89,37.21,0,0,21,7,5,21,0,40.5,28.083333333418302
CUST003177,,,,,,,0,0,0,,20,14851.980000000001,742.599,7280.59,15.91,0,0,20,6,3,0,0,17.5,11.812500000007839
CUST003178,,,,,,,0,0,0,,16,14689.84,918.115,4619.0,37.35,0,0,16,4,5,0,0,14.0,11.703147855581442
CUST003179,,,,,,,0,0,0,,24,23589.85,982.9104166666666,6151.9,48.26,0,0,24,7,5,0,0,22.75,12.760455093872304
CUST003180,,,,,,,0,0,0,,23,15215.740000000002,661.5539130434784,4531.61,28.65,0,0,23,6,8,0,0,14.0,11.79347826150521
CUST003181,,,,,,,0,0,0,,29,66510.61000000002,2293.469310344828,50000.0,6.79,0,0,29,9,7,1,0,29.75,12.250000039277342
CUST003182,,,,,,,0,0,0,,21,12044.63,573.5538095238095,5161.08,42.6,0,0,21,3,7,0,0,24.5,12.33333352881078
CUST003183,,,,,,,0,0,0,,23,20232.59,879.6778260869565,4983.93,40.0,0,0,23,7,4,0,0,14.000000001445658,11.565217639012372
CUST003184,,,,,,,0,0,0,,19,20157.449999999997,1060.9184210526314,14320.33,15.1,0,0,19,4,9,0,0,19.25,12.342105300275104
CUST003185,,,,,,,0,0,0,,26,18456.41,709.8619230769231,5310.96,37.66,0,0,26,7,4,0,0,22.75,11.778846157188697
CUST003186,,,,,,,0,0,0,,20,18988.350000000006,949.4175000000002,4537.16,53.08,0,0,20,5,6,0,0,14.000000084096722,11.637500041937631
CUST003187,,,,,,,0,0,0,,18,13444.240000000002,746.9022222222223,3300.77,48.38,0,0,18,6,7,0,0,14.0,11.375000000026517
CUST003188,,,,,,,0,0,0,,29,14655.720000000001,505.36965517241384,3827.71,18.59,0,0,28,5,8,0,0,14.0,11.646551725873653
CUST003189,,,,,,,0,0,0,,23,10288.230000000001,447.31434782608704,1758.24,10.36,0,0,23,4,6,0,0,14.0,11.260869586092296
CUST003190,,,,,,,0,0,0,,16,12014.779999999999,750.9237499999999,2320.58,49.66,0,0,16,6,6,0,0,14.0,12.031250009928979
CUST003191,,,,,,,0,0,0,,32,41247.51,1288.9846875,17298.8,16.5,0,0,32,8,9,0,0,22.75,12.523437900362412
CUST003192,,,,,,,0,0,0,,17,10586.59,622.7405882352941,4783.46,26.3,0,0,17,6,3,0,0,14.0,11.52941176883132
CUST003193,,,,,,,0,0,0,,30,18009.970000000005,600.3323333333335,3105.92,62.13,0,0,30,5,9,0,0,14.000000371880798,11.725000013144065
CUST003194,,,,,,,0,0,0,,32,20803.68,650.115,2263.92,36.73,0,0,32,8,8,0,0,14.0,11.7031255576272
CUST003195,,,,,,,0,0,0,,22,13713.21,623.3277272727272,2544.14,18.56,0,0,22,6,7,0,0,14.0000000004277,11.931822108494293
CUST003196,,,,,,,0,0,0,,25,18463.77,738.5508,4988.88,51.66,0,0,25,9,8,0,0,14.000000029007987,11.83000001881169
CUST003197,,,,,,,0,0,0,,32,27417.42,856.794375,7705.53,49.19,0,0,32,9,9,0,0,22.75,12.304819950190986
CUST003198,,,,,,,0,0,0,,16,19801.07,1237.566875,8175.88,40.47,0,0,16,9,3,1,0,29.75,12.90625003366296
CUST003199,,,,,,,0,0,0,,14,18012.440000000002,1286.6028571428574,7280.83,14.89,0,0,14,2,6,0,0,7.0,5.1250012975772705
CUST003200,,,,,,,0,0,0,,22,17152.75,779.6704545454545,4722.09,26.76,0,0,22,4,8,0,0,14.000000373249298,11.534090940191945
CUST003201,,,,,,,0,0,0,,27,13793.609999999999,510.8744444444444,3594.56,22.65,0,0,27,7,7,0,0,14.0,11.796297509693533
CUST003202,,,,,,,0,0,0,,26,26006.04,1000.2323076923077,8766.57,35.29,0,0,26,8,8,0,0,24.5,12.451923078025867
CUST003203,,,,,,,0,0,0,,25,32250.36,1290.0144,8212.35,35.65,0,0,25,6,6,0,0,22.75,11.97000001141132
CUST003204,,,,,,,0,0,0,,20,8929.15,446.4575,1971.26,34.51,0,0,19,7,5,0,0,14.0,12.075000002091695
CUST003205,,,,,,,0,0,0,,18,16929.46,940.5255555555555,5664.93,42.49,0,0,18,4,7,0,0,19.25,12.444445270826947
CUST003206,,,,,,,0,0,0,,27,23105.25,855.75,6737.02,29.04,0,0,27,6,5,0,0,17.500384405194367,11.66668129715019
CUST003207,,,,,,,0,0,0,,31,19049.809999999998,614.5099999999999,6255.62,27.59,0,0,31,8,7,0,0,22.75,11.967741950199116
CUST003208,,,,,,,0,0,0,,25,15767.12,630.6848,2632.92,16.6,0,0,25,7,9,0,0,14.0,11.6200000000273
CUST003209,,,,,,,0,0,0,,24,9361.36,390.0566666666667,2149.05,27.07,0,0,24,7,7,0,0,14.0,11.958333333333394
CUST003210,,,,,,,0,0,0,,25,19752.97,790.1188000000001,3322.8,27.23,0,0,25,8,7,0,0,14.0,11.760002989240563
CUST003211,,,,,,,0,0,0,,18,34171.28,1898.4044444444444,6138.25,124.12,0,0,18,5,5,0,0,21.0,12.833429747427665
CUST003212,,,,,,,0,0,0,,21,19147.050000000003,911.7642857142858,5279.14,26.31,0,0,21,5,4,0,0,22.75,11.75000033139386
CUST003213,,,,,,,0,0,1,,33,38223.8,1158.2969696969699,9982.11,5.36,0,0,33,8,8,22,0,37.25000046049021,25.371212147151535
CUST003214,,,,,,,0,0,0,,26,14293.73,549.7588461538461,3483.64,14.56,0,0,26,5,7,0,0,14.0,11.576974941259895
CUST003215,,,,,,,0,0,0,,18,15231.18,846.1766666666667,3858.23,44.99,0,0,18,4,6,0,0,14.0,11.763897915608567
CUST003216,,,,,,,0,0,0,,30,30694.579999999998,1023.1526666666666,11212.93,21.23,0,0,30,9,6,0,0,17.500000309720388,11.95833338333735
CUST003217,,,,,,,0,0,0,,27,21046.05,779.4833333333333,2263.0,37.79,0,0,27,6,7,0,0,14.0,11.60185190480447
CUST003218,,,,,,,0,0,0,,20,20749.229999999996,1037.4615,7750.28,22.85,0,0,20,5,6,0,0,17.5,11.987500000599695
CUST003219,,,,,,,0,0,0,,20,9672.880000000001,483.64400000000006,1863.07,53.43,0,0,20,6,7,0,0,14.0,11.98750000004161
CUST003220,,,,,,,0,0,0,,22,11973.29,544.2404545454546,2206.6,59.77,0,0,22,3,6,0,0,14.0,11.534090975698533
CUST003221,,,,,,,0,0,0,,26,12021.869999999999,462.37961538461536,1903.88,35.02,0,0,26,7,7,0,0,14.0,11.914963273923622
CUST003222,,,,,,,0,0,0,,27,27918.31,1034.0114814814815,9875.04,37.8,0,0,27,8,6,0,0,24.50000000733281,12.444444444995217
CUST003223,,,,,,,0,0,1,,22,16645.670000000002,756.6213636363638,4667.03,57.6,0,0,21,3,6,9,0,26.75,24.045454576817953
CUST003224,,,,,,,0,0,0,,28,30711.78,1096.8492857142858,8826.13,49.12,0,0,28,8,7,1,0,28.0,12.375003370287143
CUST003225,,,,,,,0,0,0,,20,14703.05,735.1524999999999,5477.91,26.97,0,0,20,6,6,0,0,19.25000000141577,12.250000014870677
CUST003226,,,,,,,0,0,0,,22,19509.879999999997,886.8127272727271,6473.59,14.27,0,0,22,8,8,0,0,17.500704730592698,11.852304795430685
CUST003227,,,,,,,0,0,0,,27,14162.859999999999,524.5503703703703,3439.75,20.48,0,0,27,5,4,0,0,14.0,11.148148331314731
CUST003228,,,,,,,0,0,0,,31,18633.45,601.0790322580646,5216.99,31.79,0,0,31,8,10,0,0,19.25,11.911290479575374
CUST003229,,,,,,,0,0,0,,22,19381.96,880.9981818181818,3229.7,60.05,0,0,22,6,8,0,0,14.000000000120371,11.931819194537404
CUST003230,,,,,,,0,0,0,,16,9255.7,578.48125,2384.1,9.18,0,0,16,5,3,0,0,12.25000011385643,11.265625007143608
CUST003231,,,,,,,0,0,0,,24,7932.4800000000005,330.52000000000004,1320.76,15.33,0,0,24,7,6,0,0,14.0000000004557,11.88541666714219
CUST003232,,,,,,,0,0,0,,20,28597.41,1429.8705,10309.05,75.31,0,0,20,3,6,0,0,17.5,11.900000406202084
CUST003233,,,,,,,0,0,0,,30,17603.48,586.7826666666666,3762.6,9.95,0,0,30,6,8,0,0,19.25,12.075003523335328
CUST003234,,,,,,,0,0,0,,26,13987.880000000001,537.9953846153846,2185.78,64.01,0,0,26,6,7,0,0,14.0,11.509615388284235
CUST003235,,,,,,,0,0,0,,25,21860.899999999998,874.4359999999999,3087.47,61.54,0,0,25,9,8,0,0,14.0,11.690000062158672
CUST003236,,,,,,,0,0,0,,29,27875.91,961.2382758620689,15562.0,17.52,0,0,29,8,7,0,0,19.25,11.948294905583722
CUST003237,,,,,,,0,0,1,,21,15283.069999999998,727.765238095238,3457.89,106.4,0,0,21,7,5,15,0,26.750000000563173,24.8333335268771
CUST003238,,,,,,,0,0,0,,26,13390.24,515.0092307692307,3101.85,30.3,0,0,26,8,3,0,0,14.000000000004828,11.509615386634493
CUST003239,,,,,,,0,0,0,,29,16830.35,580.356896551724,2716.17,18.88,0,0,29,4,9,0,0,14.0,11.706896553739972
CUST003240,,,,,,,0,0,0,,24,18801.42,783.3924999999999,7685.0,29.7,0,0,24,7,6,0,0,19.250000004319133,12.031251362639509
CUST003241,,,,,,,0,0,0,,25,19453.929999999997,778.1571999999999,2801.03,82.5,0,0,25,6,5,0,0,14.000000019778652,11.620005618997057
CUST003242,,,,,,,0,0,0,,33,20740.19,628.4906060606061,2833.6,29.98,0,0,33,7,7,0,0,14.0,11.61905303850884
CUST003243,,,,,,,0,0,0,,22,20161.25,916.4204545454545,4391.27,53.34,0,0,21,5,4,0,0,14.000000000086594,11.613636597185534
CUST003244,,,,,,,0,0,0,,30,24998.019999999997,833.2673333333332,4969.12,116.18,0,0,30,9,5,0,0,14.000000459381928,11.841668851289732
CUST003245,,,,,,,0,0,0,,23,16586.38,721.1469565217392,2649.78,13.34,0,0,23,6,7,0,0,14.0,11.413049226942372
CUST003246,,,,,,,0,0,0,,28,16763.52,598.6971428571429,2275.32,34.56,0,0,28,6,8,0,0,14.0,11.56412577020206
CUST003247,,,,,,,0,0,0,,21,8892.900000000001,423.47142857142865,1737.01,70.53,0,0,21,5,6,0,0,14.000000000030363,11.750000031796148
CUST003248,,,,,,,0,0,0,,18,9727.510000000002,540.4172222222223,3383.12,5.56,0,0,18,7,4,0,0,14.0,11.666666717589864
CUST003249,,,,,,,0,0,0,,25,22510.159999999996,900.4063999999998,10151.97,24.5,0,0,25,7,5,0,0,17.5,12.040000006227997
CUST003250,,,,,,,0,0,0,,30,13397.219999999998,446.5739999999999,2560.66,19.73,0,0,30,9,8,0,0,14.000000000715415,11.900000000966994
CUST003251,,,,,,,0,0,0,,31,24800.18,800.0058064516129,9106.07,25.64,0,0,31,7,7,1,0,28.0,12.36290327984199
CUST003252,,,,,,,0,0,0,,20,16461.25,823.0625,3528.54,31.22,0,0,20,4,7,0,0,14.0,11.637501546019953
CUST003253,,,,,,,0,0,0,,21,16429.519999999997,782.3580952380951,3244.54,72.56,0,0,21,7,5,0,0,14.0,11.916666666667126
CUST003254,,,,,,,0,0,0,,28,13916.43,497.01535714285717,2656.35,30.83,0,0,28,7,6,0,0,14.000000057186442,11.812500014242195
CUST003255,,,,,,,0,0,0,,22,16175.400000000003,735.2454545454547,3976.05,35.0,0,0,22,8,6,0,0,14.0,11.85227272727459
CUST003256,,,,,,,0,0,0,,24,17000.989999999998,708.3745833333332,3179.35,13.65,0,0,24,5,5,0,0,14.0,11.302083397845202
CUST003257,,,,,,,0,0,0,,23,17223.17,748.8334782608695,3523.35,34.61,0,0,23,4,7,0,0,12.250000769621607,11.413043511814593
CUST003258,,,,,,,0,0,0,,20,11205.96,560.298,2026.29,56.26,0,0,20,4,5,0,0,12.250000037161143,11.287500003862352
CUST003259,,,,,,,0,0,0,,24,14937.52,622.3966666666666,4435.93,61.18,0,0,24,8,9,0,0,14.0,12.031250532681277
CUST003260,,,,,,,0,0,0,,27,26135.14,967.9681481481481,8994.53,12.79,0,0,27,7,8,0,0,22.75,12.185262695554174
CUST003261,,,,,,,0,0,0,,24,12344.9,514.3708333333333,1753.23,18.46,0,0,24,7,11,0,0,14.000000002672545,12.250000486770228
CUST003262,,,,,,,0,0,0,,24,15421.06,642.5441666666667,5561.69,30.25,0,0,24,8,6,0,0,17.5,12.031250001081352
CUST003263,,,,,,,0,0,0,,24,13176.24,549.01,2245.49,42.99,0,0,24,7,5,0,0,14.0,11.739583496971148
CUST003264,,,,,,,0,0,0,,27,10176.75,376.9166666666667,1068.68,33.42,0,0,26,5,7,0,0,14.00000000024856,11.472222222457427
CUST003265,,,,,,,0,0,0,,23,14070.94,611.78,1883.01,18.34,0,0,22,9,8,0,0,14.0,11.945652315125681
CUST003266,,,,,,,0,0,0,,17,17340.06,1020.0035294117648,4554.68,17.69,0,0,17,6,4,0,0,12.25000007307477,11.323529416375358
CUST003267,,,,,,,0,0,0,,20,14921.78,746.089,3607.67,23.02,0,0,20,4,3,0,0,14.0,11.812500000092966
CUST003268,,,,,,,0,0,0,,25,24840.46,993.6184,5067.68,30.43,0,0,25,7,7,0,0,17.5,12.110000026096728
CUST003269,,,,,,,0,0,0,,26,15658.699999999999,602.2576923076923,2883.67,15.65,0,0,26,7,5,0,0,14.0,11.509689687193555
CUST003270,,,,,,,0,0,0,,14,5474.89,391.06357142857144,1223.92,124.26,0,0,14,7,6,0,0,14.000000011475027,11.87500000421684
CUST003271,,,,,,,0,0,0,,26,28076.469999999998,1079.8642307692307,9869.25,22.99,0,0,26,7,9,1,0,28.0,12.721154104269015
CUST003272,,,,,,,0,0,0,,23,17629.149999999998,766.4847826086956,4845.82,28.28,0,0,23,7,6,0,0,14.0,11.565217393549771
CUST003273,,,,,,,0,0,0,,22,9843.509999999998,447.4322727272727,1510.43,28.48,0,0,22,7,8,0,0,14.000000000091784,11.852272727409586
CUST003274,,,,,,,0,0,1,,23,14719.960000000001,639.9982608695652,3279.51,48.5,0,0,23,6,7,14,0,26.75000000002269,24.467391317108046
CUST003275,,,,,,,0,0,0,,24,22136.43,922.35125,5279.02,14.71,0,0,24,5,8,0,0,19.25,12.10416673019318
CUST003276,,,,,,,0,0,0,,34,38415.50000000001,1129.8676470588236,7611.79,9.94,0,0,34,6,8,0,0,17.5,11.941218418125274
CUST003277,,,,,,,0,0,0,,21,8832.029999999999,420.57285714285706,1492.2,39.1,0,0,21,4,5,0,0,14.0,11.583333334093792
CUST003278,,,,,,,0,0,0,,33,20054.45,607.7106060606061,2708.45,30.49,0,0,33,9,6,0,0,14.0,11.82575761447323
CUST003279,,,,,,,0,0,0,,22,16335.460000000003,742.5209090909092,5414.92,52.03,0,0,22,7,6,0,0,21.0,12.01136523081244
CUST003280,,,,,,,0,0,0,,23,18120.91,787.8656521739131,4523.84,11.94,0,0,23,9,8,0,0,14.0,11.79347827620264
CUST003281,,,,,,,0,0,0,,31,28614.079999999998,923.0348387096774,6804.66,5.59,0,0,30,4,5,0,0,17.5,11.34678101074411
CUST003282,,,,,,,0,0,0,,21,17082.42,813.4485714285713,4229.01,27.28,0,0,21,6,4,0,0,14.0,11.750000081226498
CUST003283,,,,,,,0,0,0,,25,37229.15,1489.1660000000002,21650.0,29.02,0,0,25,6,8,0,0,19.25,12.250000176709527
CUST003284,,,,,,,0,0,1,,24,19574.61,815.60875,5237.07,32.29,0,0,24,4,7,14,0,32.0,24.635417147901503
CUST003285,,,,,,,0,0,0,,19,28147.11,1481.4268421052632,14900.17,24.52,0,0,18,5,5,0,0,24.5,12.434210604093943
CUST003286,,,,,,,0,0,0,,16,8621.150000000001,538.8218750000001,2436.54,44.65,0,0,16,4,4,0,0,14.0,11.703125025328148
CUST003287,,,,,,,0,0,0,,29,19580.55,675.1913793103448,3716.86,41.36,0,0,29,4,8,0,0,14.0,11.405172433663761
CUST003288,,,,,,,1,0,0,,24,9601.369999999999,400.0570833333333,2219.01,21.22,0,0,24,3,7,24,0,30.0,27.958333388251123
CUST003289,,,,,,,0,0,0,,32,15121.4,472.54375,1360.63,26.11,0,0,32,6,7,0,0,14.0,11.539136407375118
CUST003290,,,,,,,0,0,0,,31,23217.48,748.9509677419354,4284.47,37.33,0,0,31,7,9,0,0,14.000000004108696,11.57258072977014
CUST003291,,,,,,,0,0,0,,20,46517.009999999995,2325.8504999999996,32872.95,58.28,0,0,20,4,5,1,0,28.00000173612142,11.987500113506963
CUST003292,,,,,,,0,0,0,,23,11393.039999999999,495.3495652173913,1857.67,27.09,0,0,23,4,7,0,0,14.0,11.413045049768002
CUST003293,,,,,,,0,0,0,,19,10391.939999999999,546.9442105263157,2326.98,123.71,0,0,19,6,7,0,0,14.000000000376602,12.250000000923123
CUST003294,,,,,,,0,0,0,,29,21785.859999999997,751.2365517241378,3887.56,69.39,0,0,29,10,6,0,0,14.000000031293938,11.646556335425986
CUST003295,,,,,,,0,0,0,,25,22087.99,883.5196000000001,7164.6,13.93,0,0,25,4,8,0,0,17.5,12.18000000026178
CUST003296,,,,,,,0,0,0,,30,16569.9,552.33,5887.69,60.63,0,0,30,6,9,0,0,19.25,11.958333635442848
CUST003297,,,,,,,0,0,0,,27,33453.86,1239.0318518518518,8357.31,22.64,0,0,27,6,7,0,0,24.500000086871875,12.574096737466474
CUST003298,,,,,,,0,0,0,,31,23362.009999999995,753.6132258064514,5490.0,29.52,0,0,30,6,7,0,0,19.25,11.798387454437927
CUST003299,,,,,,,0,0,0,,28,13709.410000000002,489.62178571428575,2154.26,57.0,0,0,28,6,6,0,0,14.0,11.812500014416955
CUST003300,,,,,,,0,0,0,,28,16877.49,602.7675,2799.7,6.29,0,0,28,8,8,0,0,17.5,12.000001193209345
CUST003301,,,,,,,0,0,0,,23,16520.05,718.2630434782608,6683.21,10.73,0,0,22,6,5,0,0,19.25,12.021739130528214
CUST003302,,,,,,,0,0,0,,20,13300.21,665.0105,2755.06,32.63,0,0,20,4,4,0,0,14.0,11.462500351527705
CUST003303,,,,,,,0,0,0,,21,9333.33,444.4442857142857,1243.75,17.4,0,0,21,7,9,0,0,14.0,11.833333333468158
CUST003304,,,,,,,0,0,0,,20,13075.86,653.793,2659.55,13.57,0,0,20,4,5,0,0,12.250000084556149,11.287500052906646
CUST003305,,,,,,,0,0,0,,27,14990.949999999999,555.2203703703703,3764.47,30.68,0,0,27,6,7,0,0,14.000000000018122,11.666666676598929
CUST003306,,,,,,,0,0,0,,26,14959.84,575.3784615384616,1927.56,35.39,0,0,26,7,5,0,0,14.0,11.576923077294653
CUST003307,,,,,,,0,0,0,,24,12974.95,540.6229166666667,1812.76,5.0,0,0,24,5,7,0,0,14.0,11.812500051203292
CUST003308,,,,,,,0,0,0,,25,29977.760000000002,1199.1104,9993.69,25.08,0,0,25,7,6,1,0,28.0,12.320000095643879
CUST003309,,,,,,,0,0,1,,28,20018.8,714.9571428571428,4297.85,7.57,0,0,28,6,5,14,0,26.7500000000021,24.37508122221016
CUST003310,,,,,,,0,0,0,,25,23088.07,923.5228,3209.98,72.17,0,0,25,6,6,0,0,14.0,11.480000074272734
CUST003311,,,,,,,0,0,0,,27,14006.690000000002,518.7662962962963,2301.2,41.27,0,0,27,8,6,0,0,14.000000000000876,11.861111111789334
CUST003312,,,,,,,0,0,0,,24,13984.160000000002,582.6733333333334,4083.1,23.85,0,0,24,4,4,0,0,14.0,11.22916683465842
CUST003313,,,,,,,0,0,0,,24,13763.529999999999,573.4804166666667,3851.5,12.4,0,0,24,7,7,0,0,14.000000142000475,11.447918231186874
CUST003314,,,,,,,0,0,0,,23,13857.550000000001,602.5021739130435,3297.57,8.36,0,0,23,4,8,0,0,14.0,11.48913043478292
CUST003315,,,,,,,0,0,0,,25,16242.14,649.6856,3079.83,15.56,0,0,25,6,6,0,0,12.250000005789806,11.340000014550835
CUST003316,,,,,,,0,0,0,,31,20658.17,666.3925806451613,2836.63,18.62,0,0,31,7,5,0,0,14.0,11.629032265275443
CUST003317,,,,,,,0,0,0,,29,20149.940000000006,694.8255172413795,6724.87,28.39,0,0,28,6,7,0,0,19.25,11.827586265573974
CUST003318,,,,,,,0,0,0,,18,20145.699999999997,1119.2055555555553,5771.33,15.98,0,0,18,6,7,0,0,19.25,11.95833333541036
CUST003319,,,,,,,0,0,0,,30,28517.329999999998,950.5776666666666,11032.7,60.77,0,0,30,6,7,0,0,19.25,11.958336891737742
CUST003320,,,,,,,0,0,0,,25,20597.47,823.8988,7086.37,43.99,0,0,25,8,5,0,0,22.75,12.04001657066335
CUST003321,,,,,,,0,0,0,,32,24010.54,750.329375,3618.73,37.15,0,0,32,6,7,0,0,14.0,11.75781315606115
CUST003322,,,,,,,0,0,0,,22,17513.61,796.0731818181819,4303.67,26.71,0,0,22,5,4,0,0,12.250000009025062,11.375000000419815
CUST003323,,,,,,,0,0,0,,30,18286.229999999992,609.5409999999997,5309.26,20.07,0,0,30,6,9,0,0,19.25,11.900002265683074
CUST003324,,,,,,,0,0,0,,22,14401.72,654.6236363636364,3627.96,51.68,0,0,22,5,7,0,0,14.0,11.772727273349448
CUST003325,,,,,,,0,0,0,,15,6856.349999999999,457.09,1973.31,73.3,0,0,15,5,4,0,0,12.250000113820922,11.666666682209947
CUST003326,,,,,,,0,0,1,,21,9358.16,445.62666666666667,1356.03,9.26,0,0,21,3,4,10,0,25.000000784526723,24.083333496269262
CUST003327,,,,,,,0,0,0,,27,21483.33,795.678888888889,5604.4,37.45,0,0,27,6,5,0,0,19.25,11.66666857401674
CUST003328,,,,,,,0,0,0,,28,14683.29,524.4032142857143,1760.73,45.07,0,0,28,5,8,0,0,14.0,11.625000004691916
CUST003329,,,,,,,0,0,0,,23,9240.510000000002,401.7613043478262,1477.4,81.72,0,0,23,5,8,0,0,14.0,12.021739130434783
CUST003330,,,,,,,0,0,0,,24,16708.089999999997,696.1704166666665,3672.56,34.04,0,0,24,7,7,0,0,14.0,11.885416672389828
CUST003331,,,,,,,0,0,0,,28,13608.84,486.03000000000003,2154.76,34.84,0,0,28,6,8,0,0,14.0,11.687500155014694
CUST003332,,,,,,,0,0,0,,24,12833.660000000002,534.7358333333334,2064.11,39.39,0,0,23,5,5,0,0,14.0,11.520833338578987
CUST003333,,,,,,,0,0,0,,23,19032.98,827.5208695652174,8158.92,18.89,0,0,23,5,7,0,0,24.500000425256715,12.173913204827242
CUST003334,,,,,,,1,0,0,,28,11708.500000000002,418.16071428571433,2539.79,8.96,0,0,28,7,8,28,0,30.0,27.750000000476195
CUST003335,,,,,,,0,0,0,,27,19822.8,734.1777777777778,6910.9,21.72,0,0,27,3,8,0,0,17.500000001287383,11.925926583904193
CUST003336,,,,,,,0,0,0,,25,25634.45,1025.378,7133.61,44.59,0,0,25,5,7,0,0,19.25,12.250011769223214
CUST003337,,,,,,,0,0,0,,28,22072.79,788.3139285714286,4652.46,12.27,0,0,28,6,9,0,0,14.00000000010282,12.187500008170078
CUST003338,,,,,,,0,0,1,,18,12197.54,677.6411111111112,4027.6,47.37,0,0,18,5,8,13,0,26.75000000002052,24.902777780909627
CUST003339,,,,,,,0,0,0,,19,17324.71,911.8268421052632,3144.0,44.89,0,0,19,10,5,0,0,14.0,11.973684220415304
CUST003340,,,,,,,0,0,0,,25,19910.61,796.4244,3023.6,30.64,0,0,25,6,7,0,0,14.0,11.550000000012409
CUST003341,,,,,,,0,0,0,,27,15846.539999999999,586.9088888888889,2569.28,16.13,0,0,26,4,6,0,0,14.0,11.925926037005457
CUST003342,,,,,,,0,0,0,,23,13721.300000000001,596.5782608695653,5574.28,52.94,0,0,23,6,4,0,0,22.75,11.869565224894087
CUST003343,,,,,,,0,0,0,,22,11910.710000000001,541.3959090909092,1952.42,65.57,0,0,22,6,6,0,0,14.0,11.534090909102737
CUST003344,,,,,,,0,0,0,,19,11377.42,598.8115789473684,2359.28,28.43,0,0,19,5,7,0,0,14.000000004022487,11.789473712837843
CUST003345,,,,,,,0,0,0,,20,13983.25,699.1625,2954.29,32.07,0,0,20,6,4,0,0,14.00000000054592,11.725000000028873
CUST003346,,,,,,,0,0,0,,18,15299.46,849.9699999999999,4080.75,37.64,0,0,18,4,5,0,0,14.000000000592095,11.472258337794932
CUST003347,,,,,,,0,0,1,,22,31308.06,1423.0936363636365,9021.21,29.55,0,0,22,4,5,13,0,37.24999999999999,25.079545455135932
CUST003348,,,,,,,0,0,0,,25,12588.89,503.55559999999997,2677.34,39.08,0,0,25,6,6,0,0,14.000000000012196,11.690000000937408
CUST003349,,,,,,,0,0,0,,23,23920.310000000005,1040.0134782608698,11675.54,28.33,0,0,23,4,9,0,0,19.25,12.250000127475401
CUST003350,,,,,,,0,0,0,,27,13033.09,482.707037037037,1492.41,52.73,0,0,27,7,9,0,0,14.00000000002394,12.055559552148152
CUST003351,,,,,,,0,0,0,,26,21931.18,843.506923076923,4026.5,122.53,0,0,25,8,7,0,0,14.0,11.980769230840101
CUST003352,,,,,,,0,0,0,,25,14921.75,596.87,3449.5,28.43,0,0,25,6,5,0,0,14.0,11.480000077817092
CUST003353,,,,,,,0,0,1,,25,16296.42,651.8568,3649.73,48.89,0,0,25,5,7,13,0,30.25000002351482,24.510000685826135
CUST003354,,,,,,,0,0,0,,27,19878.410000000003,736.2374074074075,6092.62,29.82,0,0,27,5,8,0,0,19.25,11.925925926683055
CUST003355,,,,,,,0,0,0,,23,57097.84,2482.5147826086954,50000.0,47.36,0,0,23,3,5,1,0,28.0,11.869566554624155
CUST003356,,,,,,,0,0,0,,20,12249.26,612.463,4997.17,80.26,0,0,20,7,8,0,0,14.000000009264305,12.16250058224811
CUST003357,,,,,,,0,0,0,,27,24315.790000000005,900.584814814815,5274.25,34.53,0,0,27,7,8,0,0,19.25,12.314814815714431
CUST003358,,,,,,,0,0,0,,19,16356.920000000002,860.8905263157895,4760.66,33.83,0,0,19,6,5,0,0,14.000000030062,11.789473695086542
CUST003359,,,,,,,0,0,0,,20,14827.75,741.3875,7265.54,45.9,0,0,20,3,4,0,0,17.5,11.812500738520693
CUST003360,,,,,,,0,0,0,,37,17891.850000000002,483.56351351351356,1872.16,37.37,0,0,37,6,9,0,0,14.0,11.682433831011902
CUST003361,,,,,,,0,0,0,,27,17645.489999999998,653.5366666666666,3137.4,15.86,0,0,27,7,9,0,0,14.0,11.990743164990974
CUST003362,,,,,,,0,0,0,,27,27865.980000000003,1032.0733333333335,6977.6,37.98,0,0,27,10,8,0,0,21.0,12.185186110363363
CUST003363,,,,,,,0,0,0,,19,10687.88,562.52,1849.96,54.02,0,0,19,3,4,0,0,14.0,11.421052632429825
CUST003364,,,,,,,0,0,0,,20,19020.709999999992,951.0354999999996,10079.55,25.98,0,0,20,4,9,0,0,17.5,12.075000007368553
CUST003365,,,,,,,0,0,0,,17,10638.5,625.7941176470588,1816.44,25.21,0,0,17,6,4,0,0,14.0,12.044119603643296
CUST003366,,,,,,,0,0,0,,26,10110.11,388.85038461538466,1817.37,18.79,0,0,26,9,8,0,0,14.000000000002103,12.182692310246457
CUST003367,,,,,,,0,0,0,,21,19176.840000000004,913.1828571428573,5272.93,47.57,0,0,21,6,5,0,0,17.5,11.75000000576991
CUST003368,,,,,,,0,0,0,,16,12551.559999999998,784.4724999999999,2090.1,119.31,0,0,16,4,6,0,0,14.0,11.375000008514604
CUST003369,,,,,,,0,0,0,,36,25211.47,700.3186111111112,3998.31,17.54,0,0,35,9,8,0,0,14.0,11.666666698150287
CUST003370,,,,,,,0,0,0,,22,17518.039999999997,796.2745454545453,5029.31,47.66,0,0,22,6,5,0,0,17.5,11.852272733784524
CUST003371,,,,,,,0,0,0,,23,21455.809999999998,932.861304347826,6087.56,49.58,0,0,23,8,5,0,0,19.25,11.869568412869672
CUST003372,,,,,,,0,0,0,,26,19020.149999999998,731.5442307692307,4781.25,50.19,0,0,26,6,4,0,0,14.0,11.442307751662392
CUST003373,,,,,,,0,0,0,,27,26978.41,999.2003703703704,10840.08,29.92,0,0,27,10,6,0,0,17.5,12.12037062802945
CUST003374,,,,,,,0,0,0,,30,23543.870000000003,784.7956666666668,10645.63,35.1,0,0,30,7,8,0,0,19.250000001761894,12.133334510780054
CUST003375,,,,,,,0,0,0,,21,11080.18,527.6276190476191,1997.33,47.9,0,0,21,6,5,0,0,14.000000000006706,11.91666666717014
CUST003376,,,,,,,0,0,0,,23,52100.340000000004,2265.2321739130434,40760.36,13.99,0,0,23,8,6,1,0,26.250002022032284,12.554347929834378
CUST003377,,,,,,,0,0,0,,29,21725.849999999995,749.1672413793102,3980.91,45.18,0,0,29,7,9,0,0,14.00000000001136,11.586206897731048
CUST003378,,,,,,,0,0,0,,15,10657.950000000003,710.5300000000002,4701.44,36.43,0,0,15,5,6,0,0,15.749999999999998,12.366667320758175
CUST003379,,,,,,,0,0,0,,23,39944.869999999995,1736.7334782608693,13231.94,51.59,0,0,23,6,6,0,0,19.25,12.097840186222799
CUST003380,,,,,,,0,0,0,,29,19878.999999999996,685.4827586206895,3880.83,50.51,0,0,29,7,7,0,0,14.0,11.586206912468615
CUST003381,,,,,,,0,0,0,,21,17116.14,815.0542857142857,3004.51,43.16,0,0,21,3,3,0,0,12.25000000000612,10.916666925729286
CUST003382,,,,,,,0,0,0,,33,22717.609999999997,688.4124242424241,6527.25,15.29,0,0,33,8,7,0,0,17.5,11.82576027968791
CUST003383,,,,,,,0,0,0,,20,12083.829999999998,604.1914999999999,4397.5,36.01,0,0,20,4,5,0,0,14.0,11.550000006649286
CUST003384,,,,,,,0,0,0,,28,29597.48,1057.0528571428572,10110.11,59.14,0,0,28,10,6,0,0,19.250001965812608,12.000000235816458
CUST003385,,,,,,,0,0,0,,33,34222.17,1037.0354545454545,13921.52,26.64,0,0,33,9,8,0,0,19.25,11.825757991596518
CUST003386,,,,,,,0,0,0,,19,8756.19,460.8521052631579,1950.42,32.76,0,0,19,5,5,0,0,14.0,11.973684232654179
CUST003387,,,,,,,1,0,0,,28,38630.59,1379.6639285714284,15778.67,69.63,0,0,28,5,7,28,0,38.75,28.000000000386102
CUST003388,,,,,,,0,0,0,,24,15462.510000000002,644.2712500000001,4446.63,25.88,0,0,24,7,9,0,0,14.00000007510269,11.593750004431357
CUST003389,,,,,,,0,0,1,,21,18945.81,902.1814285714287,5716.34,36.51,0,0,21,7,4,13,0,32.0,24.666666666713944
CUST003390,,,,,,,0,0,0,,22,15147.83,688.5377272727272,2026.38,31.04,0,0,22,3,8,0,0,14.000000000059575,11.534093962201952
CUST003391,,,,,,,1,0,0,,31,19597.240000000005,632.1690322580647,6561.34,18.1,0,0,31,8,7,31,0,33.5,27.967741936308137
CUST003392,,,,,,,0,0,0,,20,18687.320000000003,934.3660000000002,4648.22,14.12,0,0,20,5,5,0,0,14.0,11.550000003489108
CUST003393,,,,,,,0,0,0,,27,31560.740000000005,1168.9162962962964,13965.6,12.42,0,0,27,4,8,0,0,17.5,11.92592602559653
CUST003394,,,,,,,0,0,0,,23,17808.9,774.3000000000001,4592.1,28.49,0,0,23,6,5,0,0,14.0,11.717392297480718
CUST003395,,,,,,,0,0,0,,23,14132.529999999997,614.4578260869564,2729.86,30.62,0,0,23,7,5,0,0,14.0,11.565218477106056
CUST003396,,,,,,,0,0,0,,31,21228.71,684.7970967741935,3521.36,12.33,0,0,31,7,8,0,0,12.25073624659779,11.459720615182919
CUST003397,,,,,,,0,0,0,,23,11010.509999999998,478.71782608695645,2186.25,52.83,0,0,23,4,5,0,0,14.0,11.489130521107198
CUST003398,,,,,,,0,0,0,,25,11283.81,451.3524,1544.88,14.75,0,0,25,4,7,0,0,14.0000000000008,11.550000029582856
CUST003399,,,,,,,1,0,0,,22,7902.9400000000005,359.2245454545455,2106.99,43.4,0,0,22,6,6,22,0,30.000000001196558,27.613636364635134
CUST003400,,,,,,,0,0,0,,21,22955.15,1093.102380952381,10227.05,21.6,0,0,21,6,5,0,0,21.0,12.000000000005844
CUST003401,,,,,,,0,0,0,,11,9724.81,884.0736363636363,5142.56,33.39,0,0,11,5,2,0,0,14.0,11.613636364327144
CUST003402,,,,,,,0,0,0,,27,24153.45,894.5722222222222,10448.4,58.14,0,0,26,6,9,0,0,24.5,12.444446568846521
CUST003403,,,,,,,0,0,1,,17,9518.439999999999,559.9082352941176,1386.15,20.14,0,0,17,9,5,14,0,26.75,25.00000001683421
CUST003404,,,,,,,0,0,0,,19,11225.92,590.8378947368421,3803.21,39.04,0,0,19,6,6,0,0,14.0,11.697368421065248
CUST003405,,,,,,,0,0,0,,20,27830.260000000002,1391.5130000000001,11124.54,77.78,0,0,20,7,4,1,0,26.25,12.866731483220978
CUST003406,,,,,,,0,0,0,,23,11746.849999999997,510.732608695652,1119.27,60.0,0,0,22,6,6,0,0,14.0,11.717391889964265
CUST003407,,,,,,,0,0,0,,18,15701.800000000003,872.3222222222224,6804.33,33.02,0,0,18,5,6,0,0,17.5,12.152777777828295
CUST003408,,,,,,,0,0,0,,19,5171.35,272.1763157894737,870.6,38.43,0,0,19,8,7,0,0,14.0,12.157894765675048
CUST003409,,,,,,,0,0,0,,27,15448.01,572.1485185185185,2200.32,23.22,0,0,27,6,7,0,0,14.0,11.601851903986365
CUST003410,,,,,,,0,0,0,,22,16710.09,759.5495454545454,7852.08,47.48,0,0,22,8,5,0,0,19.25,12.409091135451318
CUST003411,,,,,,,0,0,0,,20,10317.089999999998,515.8544999999999,1605.21,40.59,0,0,20,8,4,0,0,14.0,11.81250002457942
CUST003412,,,,,,,0,0,0,,25,14041.33,561.6532,2722.99,31.5,0,0,25,6,8,0,0,14.000000016965522,11.690000448981746
CUST003413,,,,,,,0,0,0,,25,20745.59,829.8236,5458.35,29.1,0,0,25,6,3,0,0,17.5,11.760000034925458
CUST003414,,,,,,,0,0,0,,25,18627.219999999998,745.0887999999999,5149.7,8.12,0,0,25,7,4,0,0,17.5,12.180000806205069
CUST003415,,,,,,,1,0,0,,26,16366.990000000002,629.4996153846155,3540.5,28.33,0,0,26,4,6,26,0,30.0,27.375000000005887
CUST003416,,,,,,,0,0,0,,26,10804.38,415.5530769230769,2176.64,40.35,0,0,26,7,7,0,0,14.000000009011794,11.77885042797834
CUST003417,,,,,,,0,0,0,,32,26189.98,818.436875,7031.82,77.07,0,0,32,9,7,0,0,22.750000140165277,12.140625056011258
CUST003418,,,,,,,0,0,0,,27,18097.940000000002,670.2940740740742,6967.55,11.94,0,0,27,5,8,0,0,17.5,12.05555571046517
CUST003419,,,,,,,0,0,0,,24,18445.309999999998,768.5545833333332,4081.09,31.29,0,0,24,9,8,0,0,14.00000000002662,12.25000051032909
CUST003420,,,,,,,0,0,0,,21,11632.75,553.9404761904761,1830.22,36.87,0,0,21,4,7,0,0,14.0,11.33333333335638
CUST003421,,,,,,,0,0,0,,19,17235.82,907.1484210526315,9482.09,38.64,0,0,19,5,5,1,0,26.25,12.342105310018251
CUST003422,,,,,,,0,0,0,,16,9737.970000000001,608.6231250000001,2001.54,25.94,0,0,16,4,2,0,0,12.25,10.937500005915085
CUST003423,,,,,,,0,0,0,,28,18882.629999999994,674.3796428571426,2254.75,78.62,0,0,28,8,8,0,0,14.000001174664868,12.000008376725647
CUST003424,,,,,,,0,0,0,,20,10070.5,503.525,1384.85,28.24,0,0,20,3,4,0,0,14.0,11.200000184469449
CUST003425,,,,,,,0,0,0,,25,52455.12,2098.2048,31061.76,53.25,0,0,25,6,4,1,0,26.250005637936937,12.810000232180155
CUST003426,,,,,,,0,0,0,,20,8096.610000000001,404.83050000000003,2394.11,37.29,0,0,20,8,5,0,0,14.0,11.987500003579076
CUST003427,,,,,,,0,0,0,,21,19690.73,937.6538095238095,7418.94,28.87,0,0,21,6,8,0,0,19.25,12.166666666666696
CUST003428,,,,,,,0,0,0,,25,14492.470000000001,579.6988,3198.08,28.61,0,0,25,5,7,0,0,14.000000038113946,11.970000059077774
CUST003429,,,,,,,0,0,0,,22,15654.52,711.569090909091,2356.66,20.55,0,0,22,6,4,0,0,14.0,11.772727278634028
CUST003430,,,,,,,0,0,0,,26,16663.91,640.9196153846153,4245.48,58.26,0,0,26,9,5,0,0,14.000000013104916,11.778846160065445
CUST003431,,,,,,,0,0,0,,21,12102.05,576.2880952380953,3119.46,47.94,0,0,21,6,4,0,0,14.0,11.750000035748595
CUST003432,,,,,,,0,0,0,,34,27807.430000000004,817.8655882352942,7853.51,15.66,0,0,34,7,10,0,0,19.250019619479158,12.044118271646033
CUST003433,,,,,,,0,0,0,,22,12783.680000000002,581.0763636363637,2135.03,14.69,0,0,22,6,5,0,0,14.0,11.375000031380855
CUST003434,,,,,,,0,0,0,,23,16605.72,721.9878260869566,3652.43,32.11,0,0,23,5,7,0,0,14.000003838411669,11.717391489849275
CUST003435,,,,,,,0,0,1,,25,29829.18,1193.1672,7745.94,30.11,0,0,25,6,5,14,0,32.0,24.93000000001046
CUST003436,,,,,,,0,0,0,,14,9274.98,662.4985714285714,3746.25,42.16,0,0,14,4,4,0,0,14.000000133846152,12.125000009567875
CUST003437,,,,,,,0,0,0,,29,21574.12,743.9351724137931,3731.47,21.82,0,0,29,7,9,0,0,14.000000025853137,11.767241473353799
CUST003438,,,,,,,0,0,0,,25,15224.669999999998,608.9867999999999,5701.8,45.91,0,0,25,6,6,0,0,19.250000001266784,12.180000005076131
CUST003439,,,,,,,0,0,0,,22,23524.09,1069.2768181818183,8518.51,46.46,0,0,22,5,5,1,0,29.75,12.40909102957091
CUST003440,,,,,,,0,0,0,,26,17859.61,686.9080769230769,2755.77,104.45,0,0,26,7,6,0,0,14.0,11.509645118179265
CUST003441,,,,,,,0,0,0,,23,32212.149999999998,1400.5282608695652,10418.34,85.36,0,0,23,4,2,0,0,17.5,11.869565217678629
CUST003442,,,,,,,0,0,0,,23,14690.890000000001,638.7343478260871,2085.47,18.19,0,0,23,6,6,0,0,14.0,11.413045310151556
CUST003443,,,,,,,0,0,0,,19,12886.86,678.2557894736842,2019.63,19.62,0,0,19,5,3,0,0,12.250000004769293,11.605263158211114
CUST003444,,,,,,,0,0,0,,24,23702.54,987.6058333333334,4178.76,41.35,0,0,24,8,7,0,0,14.000000080221712,11.958333558145677
CUST003445,,,,,,,0,0,1,,28,20425.61,729.4860714285714,3654.34,42.7,0,0,27,8,8,20,0,26.75,24.625001909248585
CUST003446,,,,,,,0,0,0,,25,19669.199999999997,786.7679999999999,4110.73,47.93,0,0,25,4,9,0,0,14.0,11.76000038659459
CUST003447,,,,,,,0,0,0,,30,20987.89,699.5963333333333,2487.35,46.55,0,0,28,6,10,0,0,14.00000002720952,11.900002368010705
CUST003448,,,,,,,0,0,0,,35,27366.210000000003,781.8917142857143,3526.86,77.33,0,0,35,6,9,0,0,14.0000000001357,11.650003714820159
CUST003449,,,,,,,0,0,0,,29,27260.039999999997,940.0013793103448,5681.12,11.68,0,0,29,6,7,0,0,21.0,12.008658000855464
CUST003450,,,,,,,0,0,0,,22,15570.210000000001,707.7368181818182,4165.23,45.03,0,0,22,8,4,0,0,14.0,11.613647075801525
CUST003451,,,,,,,0,0,0,,24,17666.079999999998,736.0866666666666,3153.74,6.6,0,0,24,5,6,0,0,14.0,11.59375005580314
CUST003452,,,,,,,0,0,0,,26,22864.109999999997,879.3888461538461,7485.32,43.62,0,0,26,7,7,0,0,22.75,12.519231282316326
CUST003453,,,,,,,0,0,0,,27,19565.21,724.6374074074074,8155.04,27.81,0,0,27,7,5,0,0,24.5,12.05555555586523
CUST003454,,,,,,,0,0,0,,30,22425.94,747.5313333333332,2622.78,16.43,0,0,30,7,7,0,0,14.0,11.783333333791626
CUST003455,,,,,,,0,0,0,,22,26675.449999999997,1212.5204545454544,8661.57,53.63,0,0,22,6,6,0,0,24.5,12.64773416143035
CUST003456,,,,,,,0,0,0,,23,27680.73,1203.51,6224.76,19.51,0,0,23,7,7,0,0,19.25,12.021739130434783
CUST003457,,,,,,,0,0,0,,33,15080.71,456.9912121212121,2534.56,19.13,0,0,33,7,8,0,0,14.0,11.613645898288894
CUST003458,,,,,,,0,0,0,,21,13115.31,624.5385714285715,2281.84,45.6,0,0,21,6,9,0,0,14.0,11.916666676371685
CUST003459,,,,,,,0,0,0,,24,16651.38,693.8075,3431.31,22.73,0,0,24,4,7,0,0,12.250000567976484,11.666666694245988
CUST003460,,,,,,,0,0,0,,29,18356.459999999995,632.9813793103447,3739.04,15.4,0,0,29,9,9,0,0,14.0,12.18965517322035
CUST003461,,,,,,,0,0,0,,24,16075.05,669.7937499999999,5058.59,37.62,0,0,24,6,8,0,0,17.5,12.250000003435739
CUST003462,,,,,,,0,0,0,,32,18076.03,564.8759375,2488.54,19.06,0,0,32,8,7,0,0,14.000002970611582,11.757812803638261
CUST003463,,,,,,,0,0,0,,25,12473.3,498.93199999999996,2046.55,17.13,0,0,25,7,5,0,0,14.000001504013358,11.830007449463363
CUST003464,,,,,,,0,0,0,,22,13903.629999999997,631.9831818181817,4117.63,46.88,0,0,22,6,4,0,0,14.0,11.613636539345656
CUST003465,,,,,,,0,0,1,,23,20980.59,912.1995652173913,3899.75,37.83,0,0,23,5,5,14,0,26.750000000357687,24.695652265960938
CUST003466,,,,,,,0,0,0,,28,27284.18,974.4350000000001,4752.72,28.52,0,0,28,7,7,0,0,14.0,11.687500011524165
CUST003467,,,,,,,0,0,0,,26,18839.5,724.5961538461538,4369.44,19.79,0,0,26,8,6,0,0,14.0,11.644231035452956
CUST003468,,,,,,,1,0,0,,19,11512.480000000001,605.9200000000001,2656.12,13.91,0,0,19,4,6,19,0,30.0,27.605263234662814
CUST003469,,,,,,,0,0,0,,19,8049.9400000000005,423.68105263157895,1900.4,40.37,0,0,19,8,5,0,0,14.0,11.69736842105372
CUST003470,,,,,,,1,0,0,,21,15564.66,741.1742857142857,2645.13,24.49,0,0,21,6,6,21,0,30.000000000530516,27.66666666710061
CUST003471,,,,,,,0,0,0,,22,14536.890000000001,660.7677272727274,1978.19,52.93,0,0,22,5,8,0,0,14.0,11.613640395479589
CUST003472,,,,,,,0,0,0,,18,11665.9,648.1055555555555,3683.39,39.51,0,0,18,6,5,0,0,14.0,11.66666667342773
CUST003473,,,,,,,0,0,0,,20,23639.15,1181.9575,6459.16,9.0,0,0,20,6,6,0,0,17.5,12.51250160105447
CUST003474,,,,,,,0,0,0,,21,16610.13,790.9585714285715,3013.3,29.85,0,0,21,6,4,0,0,12.250003025598769,11.33334428237122
CUST003475,,,,,,,0,0,0,,17,12796.27,752.7217647058824,4876.26,81.83,0,0,17,6,7,0,0,14.000000000965194,12.044117701930055
CUST003476,,,,,,,0,0,0,,26,20684.829999999998,795.5703846153846,2667.47,78.3,0,0,26,5,4,0,0,14.0,11.509645913024961
CUST003477,,,,,,,0,0,1,,30,18235.300000000003,607.8433333333335,3447.61,15.37,0,0,30,6,5,18,0,26.750000000630287,24.591669100101615
CUST003478,,,,,,,0,0,0,,28,36532.880000000005,1304.7457142857145,9875.27,19.56,0,0,27,5,8,0,0,22.75497541677103,12.812678491927672
CUST003479,,,,,,,0,0,0,,26,17533.600000000002,674.3692307692309,8496.16,28.35,0,0,26,6,5,0,0,22.75,12.250000017498708
CUST003480,,,,,,,0,0,0,,23,12342.01,536.6091304347826,2559.35,65.11,0,0,23,9,7,0,0,14.0,11.869565294601292
CUST003481,,,,,,,1,0,0,,21,8606.689999999999,409.8423809523809,1303.37,9.98,0,0,21,5,5,21,0,30.0000000004466,27.416666666698006
CUST003482,,,,,,,0,0,0,,21,14537.24,692.2495238095238,3431.85,13.73,0,0,21,5,6,0,0,14.000000000022052,11.750000015680703
CUST003483,,,,,,,0,0,0,,22,15895.780000000002,722.5354545454546,3118.59,61.52,0,0,22,4,9,0,0,14.000001735653202,11.534091088920208
CUST003484,,,,,,,0,0,0,,28,29067.159999999996,1038.112857142857,6049.41,29.24,0,0,28,7,5,0,0,17.5,11.875000017866066
CUST003485,,,,,,,0,0,0,,18,17380.66,965.5922222222222,3985.3,35.43,0,0,18,4,4,0,0,12.250000300260831,11.277777794459265
CUST003486,,,,,,,0,0,0,,25,19829.739999999998,793.1895999999999,5681.5,13.62,0,0,25,6,7,0,0,19.2500000552389,12.040000014964264
CUST003487,,,,,,,0,0,0,,21,10898.74,518.9876190476191,2696.29,18.16,0,0,21,6,7,0,0,14.0,12.500000022037998
CUST003488,,,,,,,0,0,0,,19,11995.169999999998,631.3247368421052,5593.45,5.18,0,0,19,3,3,0,0,19.25,11.697368782755387
CUST003489,,,,,,,0,0,0,,25,14853.31,594.1324,2689.62,17.64,0,0,24,5,5,0,0,14.0,11.550000111444248
CUST003490,,,,,,,0,0,0,,27,13989.899999999998,518.1444444444444,1939.34,33.37,0,0,27,8,7,0,0,14.000000215086295,11.861111129351038
CUST003491,,,,,,,0,0,0,,25,16381.710000000001,655.2684,4227.99,38.13,0,0,25,6,7,0,0,14.00000012555353,11.690000005357298
CUST003492,,,,,,,0,0,0,,18,14647.740000000002,813.7633333333334,3999.96,36.48,0,0,17,5,5,0,0,14.0,11.569444445283208
CUST003493,,,,,,,0,0,0,,28,19120.220000000005,682.8650000000001,3505.93,43.46,0,0,28,6,5,0,0,14.0,11.187500112638045
CUST003494,,,,,,,0,0,0,,23,30287.559999999998,1316.8504347826085,15409.16,22.26,0,0,23,7,4,0,0,17.5,11.869565896902289
CUST003495,,,,,,,0,0,0,,20,17284.100000000002,864.2050000000002,5670.01,55.44,0,0,20,9,6,0,0,19.25,12.512500010645196
CUST003496,,,,,,,0,0,0,,22,18490.68,840.4854545454546,4452.84,79.44,0,0,22,6,6,0,0,14.0,11.454785518915092
CUST003497,,,,,,,0,0,0,,24,12609.71,525.4045833333333,2762.54,11.8,0,0,24,6,7,0,0,14.0,11.739584806263522
CUST003498,,,,,,,0,0,0,,25,22697.66,907.9064,5480.52,28.3,0,0,25,8,7,0,0,17.5,12.11000090876499
CUST003499,,,,,,,0,0,0,,28,16187.189999999999,578.1139285714286,3209.44,54.25,0,0,28,4,7,0,0,14.0,11.562510945949795
CUST003500,,,,,,,0,0,1,,21,23082.71,1099.1766666666667,9998.98,20.47,0,0,21,4,7,10,0,37.24999999999999,24.75000000007126
CUST003501,,,,,,,0,0,0,,23,18322.500000000004,796.6304347826089,4083.3,93.12,0,0,23,10,5,0,0,14.000001826193133,12.173915368698829
CUST003502,,,,,,,0,0,0,,23,17823.56,774.9373913043479,5274.18,52.41,0,0,23,7,6,0,0,19.25,11.945652712675605
CUST003503,,,,,,,0,0,0,,23,12547.39,545.5386956521739,3292.77,46.03,0,0,23,6,6,0,0,14.0,11.565217403948113
CUST003504,,,,,,,0,0,0,,31,28946.03,933.7429032258065,6230.72,43.32,0,0,31,10,6,0,0,19.25000032632704,12.475806569470013
CUST003505,,,,,,,0,0,0,,21,8343.74,397.32095238095235,2041.26,24.67,0,0,21,3,5,0,0,12.250000000678185,11.58333333343411
CUST003506,,,,,,,0,0,0,,21,10057.189999999997,478.9138095238094,3889.22,39.78,0,0,21,5,6,0,0,14.000000000261666,11.75000250732097
CUST003507,,,,,,,0,0,0,,28,26552.280000000002,948.2957142857143,8312.66,108.2,0,0,28,6,6,0,0,22.75,12.31255970795477
CUST003508,,,,,,,0,0,0,,17,19236.56,1131.5623529411766,4312.39,74.33,0,0,17,6,6,0,0,12.250010045817609,11.735294723941628
CUST003509,,,,,,,0,0,0,,16,7148.9,446.80625,1972.07,28.18,0,0,16,5,7,0,0,12.250000000038556,11.484375000003727
CUST003510,,,,,,,0,0,0,,32,15267.349999999999,477.10468749999995,3173.35,26.29,0,0,32,7,7,0,0,14.000000000026269,11.812507709729815
CUST003511,,,,,,,0,0,0,,20,7568.060000000001,378.4030000000001,1815.62,68.59,0,0,20,7,5,0,0,14.0,11.725000236917708
CUST003512,,,,,,,0,0,0,,24,12447.15,518.63125,1657.77,19.2,0,0,24,5,6,0,0,14.000001069758875,11.520833378881898
CUST003513,,,,,,,0,0,0,,25,15134.019999999999,605.3607999999999,2665.67,16.57,0,0,25,6,5,0,0,14.000000000110786,11.760000714443608
CUST003514,,,,,,,0,0,0,,28,17383.73,620.8475,3578.31,29.61,0,0,28,8,6,0,0,14.000000007602376,11.812500142351208
CUST003515,,,,,,,0,0,0,,24,15701.4,654.225,3210.62,43.62,0,0,24,5,6,0,0,14.0,11.666666666685524
CUST003516,,,,,,,0,0,0,,26,17515.239999999998,673.6630769230768,3062.07,48.6,0,0,26,5,7,0,0,14.000000000953568,11.576923077026922
CUST003517,,,,,,,0,0,0,,22,24120.39,1096.3813636363636,9615.12,42.11,0,0,22,7,8,1,0,26.25000000394615,12.568183091948356
CUST003518,,,,,,,0,0,0,,26,35272.93,1356.6511538461539,7741.83,31.42,0,0,26,7,7,0,0,21.0,12.451927439908367
CUST003519,,,,,,,0,0,0,,28,17535.41,626.2646428571428,2082.18,28.93,0,0,28,6,7,0,0,14.0,11.375000008549714
CUST003520,,,,,,,0,0,0,,30,22423.789999999997,747.4596666666665,8174.6,27.36,0,0,30,9,7,0,0,24.5,12.483333789427292
CUST003521,,,,,,,0,0,0,,22,15390.570000000002,699.5713636363637,3471.96,38.11,0,0,22,7,2,0,0,14.0,11.534092340491368
CUST003522,,,,,,,1,0,0,,34,26383.6,775.9882352941177,4456.51,9.81,0,0,34,9,6,34,0,30.000000000063736,27.786764722670085
CUST003523,,,,,,,0,0,0,,26,15863.56,610.136923076923,2608.23,25.52,0,0,26,7,7,0,0,14.000003327528772,11.711538591853904
CUST003524,,,,,,,0,0,0,,26,29301.96,1126.9984615384615,6615.97,26.44,0,0,26,6,7,0,0,17.5,11.778846661060065
CUST003525,,,,,,,0,0,0,,28,14081.869999999999,502.9239285714285,2324.19,16.38,0,0,28,8,8,0,0,14.0,11.875000639828821
CUST003526,,,,,,,0,0,0,,24,22618.910000000003,942.4545833333335,7802.28,84.28,0,0,24,7,5,0,0,19.25,11.666667670169465
CUST003527,,,,,,,0,0,0,,21,16440.300000000003,782.8714285714287,6295.1,16.47,0,0,21,4,6,0,0,17.5,12.000013357298615
CUST003528,,,,,,,0,0,0,,22,11210.599999999999,509.5727272727272,1456.05,24.72,0,0,22,5,7,0,0,14.0,11.454545470982966
CUST003529,,,,,,,0,0,0,,30,15348.099999999999,511.6033333333333,2795.93,29.21,0,0,30,9,7,0,0,14.0,11.725000152006197
CUST003530,,,,,,,0,0,0,,25,20985.55,839.422,2305.79,14.38,0,0,25,6,6,0,0,14.0,11.550000030302112
CUST003531,,,,,,,0,0,0,,25,16646.2,665.8480000000001,3196.38,41.88,0,0,25,7,6,0,0,14.000000002068994,11.760000008099235
CUST003532,,,,,,,0,0,0,,25,23937.33,957.4932000000001,7826.17,68.7,0,0,25,5,6,0,0,17.5,11.620000020192519
CUST003533,,,,,,,0,0,0,,22,15851.41,720.5186363636363,4392.32,28.06,0,0,22,6,8,0,0,14.0,11.852273260149024
CUST003534,,,,,,,1,0,0,,19,8527.42,448.81157894736845,1453.27,100.06,0,0,19,6,5,19,0,30.0,27.88157894742284
CUST003535,,,,,,,0,0,0,,19,15521.889999999998,816.9415789473683,3830.39,49.05,0,0,19,7,6,0,0,14.00000000012304,11.88157894738277
CUST003536,,,,,,,0,0,0,,31,28560.229999999996,921.2977419354837,8314.44,63.28,0,0,31,5,6,1,0,28.0,12.024309718360373
CUST003537,,,,,,,0,0,0,,17,11684.300000000001,687.3117647058824,2530.27,19.45,0,0,17,5,5,0,0,14.0,11.941176571639627
CUST003538,,,,,,,0,0,0,,21,10465.670000000002,498.36523809523817,1519.69,42.28,0,0,21,6,8,0,0,14.0,11.750000002793398
CUST003539,,,,,,,0,0,0,,26,27516.63,1058.3319230769232,12690.92,37.25,0,0,26,4,5,0,0,17.500000001882576,11.509638955785498
CUST003540,,,,,,,0,0,0,,22,11492.929999999998,522.4059090909091,2831.42,58.66,0,0,22,3,6,0,0,12.250000039769573,11.375000001807708
CUST003541,,,,,,,0,0,0,,28,20937.29,747.7603571428572,3368.46,14.71,0,0,28,5,6,0,0,14.0,11.562500169470516
CUST003542,,,,,,,0,0,0,,27,14660.88,542.9955555555555,4209.62,29.0,0,0,26,7,7,0,0,14.0,11.666666687209771
CUST003543,,,,,,,0,0,0,,24,9732.19,405.5079166666667,1087.38,27.22,0,0,24,4,5,0,0,14.0,11.229171148243786
CUST003544,,,,,,,0,0,0,,28,24074.250000000004,859.794642857143,7327.04,43.52,0,0,28,7,9,0,0,22.75,12.250000134761367
CUST003545,,,,,,,0,0,0,,25,12425.64,497.0256,3982.83,34.05,0,0,25,8,6,0,0,14.0,11.830010187786725
CUST003546,,,,,,,0,0,0,,21,10200.03,485.71571428571434,2053.4,111.65,0,0,21,8,8,0,0,14.000000002087097,11.666666667990658
CUST003547,,,,,,,0,0,0,,19,10663.210000000001,561.2215789473685,1783.33,32.75,0,0,19,6,5,0,0,12.25002556380158,11.97368555646097
CUST003548,,,,,,,0,0,0,,27,46513.16,1722.7096296296297,9175.06,28.42,0,0,26,8,9,0,0,24.50002924285118,12.833334605401156
CUST003549,,,,,,,0,0,0,,23,17972.840000000004,781.4278260869567,4616.74,18.08,0,0,23,5,6,0,0,14.0,11.260869569719933
CUST003550,,,,,,,0,0,0,,20,13450.64,672.5319999999999,3715.21,14.25,0,0,20,5,6,0,0,14.00000000042708,12.075001073752018
CUST003551,,,,,,,0,0,0,,25,12361.4,494.45599999999996,1910.64,51.49,0,0,25,6,5,0,0,14.0,11.34000736478499
CUST003552,,,,,,,0,0,0,,23,38078.48000000001,1655.5860869565222,9733.91,15.74,0,0,23,4,6,0,0,24.5,12.478262024497925
CUST003553,,,,,,,0,0,0,,21,13204.74,628.7971428571428,4038.4,19.61,0,0,21,7,8,0,0,14.0,11.750000000718805
CUST003554,,,,,,,0,0,0,,29,15273.229999999998,526.6631034482758,2910.39,5.65,0,0,29,5,9,0,0,14.0,11.525862069281457
CUST003555,,,,,,,0,0,0,,33,20646.320000000003,625.6460606060607,3216.0,42.2,0,0,33,7,8,0,0,14.00000000985066,11.719697870803978
CUST003556,,,,,,,0,0,0,,22,10657.36,484.42545454545456,1643.77,47.36,0,0,22,4,2,0,0,12.25000002750069,11.375000002360544
CUST003557,,,,,,,0,0,0,,26,15028.820000000003,578.0315384615386,1811.44,30.67,0,0,26,7,7,0,0,12.25000010654997,11.307692316259336
CUST003558,,,,,,,0,0,1,,26,15405.73,592.5280769230769,3030.34,40.0,0,0,25,5,7,16,0,26.75,24.39423076944528
CUST003559,,,,,,,0,0,0,,19,11986.140000000003,630.8494736842107,4002.01,38.6,0,0,19,4,5,0,0,14.0,11.513158181727347
CUST003560,,,,,,,0,0,0,,25,20572.09,822.8836,5373.39,47.17,0,0,25,5,8,0,0,22.75,12.600000000213727
CUST003561,,,,,,,0,0,0,,25,31482.609999999997,1259.3044,8354.07,37.85,0,0,25,9,7,0,0,24.5,12.60000886023688
CUST003562,,,,,,,0,0,0,,25,19441.5,777.66,6237.13,15.55,0,0,25,7,8,0,0,19.25,11.900000116889473
CUST003563,,,,,,,0,0,0,,27,14763.27,546.7877777777778,1522.58,42.93,0,0,27,6,4,0,0,14.0,11.601852096281574
CUST003564,,,,,,,0,0,0,,18,6200.900000000001,344.49444444444447,1125.5,33.65,0,0,18,9,5,0,0,12.250028259118878,11.375001985311533
CUST003565,,,,,,,1,0,0,,26,14491.88,557.38,2097.12,19.89,0,0,26,4,6,26,0,30.000000013033315,27.711538462070312
CUST003566,,,,,,,0,0,0,,19,16779.690000000002,883.1415789473685,4802.36,41.14,0,0,19,7,5,0,0,15.75000000211,12.250000015488025
CUST003567,,,,,,,0,0,0,,27,16146.110000000002,598.0040740740742,1671.93,75.63,0,0,27,4,8,0,0,14.0,11.60185202115829
CUST003568,,,,,,,0,0,0,,21,17564.26,836.3933333333332,4177.69,17.76,0,0,21,4,5,0,0,14.00000002282889,11.41666805556812
CUST003569,,,,,,,0,0,0,,22,8836.04,401.63818181818186,1592.29,51.04,0,0,22,2,5,0,0,7.0,4.215924598220981
CUST003570,,,,,,,0,0,0,,22,16873.99,766.9995454545456,3626.87,7.16,0,0,22,8,6,0,0,14.0,11.772727272727273
CUST003571,,,,,,,0,0,0,,31,46258.889999999985,1492.2222580645157,19219.71,16.26,0,0,31,8,8,0,0,24.5,12.588709762421141
CUST003572,,,,,,,0,0,0,,23,9753.56,424.0678260869565,2278.36,16.75,0,0,23,7,8,0,0,14.0,11.86956532770167
CUST003573,,,,,,,0,0,0,,36,29475.220000000005,818.7561111111113,4966.91,36.08,0,0,36,7,8,0,0,14.000000005157782,11.715279478682257
CUST003574,,,,,,,0,0,0,,24,11217.35,467.38958333333335,2428.34,49.47,0,0,23,7,8,0,0,12.25000004104127,11.520833435318423
CUST003575,,,,,,,0,0,0,,24,12331.529999999999,513.8137499999999,2607.8,12.27,0,0,24,7,3,0,0,12.250000114902717,11.375000089287061
CUST003576,,,,,,,1,0,0,,21,15498.1,738.004761904762,3455.45,38.79,0,0,21,8,7,21,0,30.00000000000573,27.750000002768026
CUST003577,,,,,,,0,0,0,,24,17822.48,742.6033333333334,3088.44,47.51,0,0,24,4,9,0,0,14.0000000435972,12.031250171917328
CUST003578,,,,,,,0,0,0,,20,11256.47,562.8235,2178.17,58.07,0,0,20,7,6,0,0,14.0,11.81250000564123
CUST003579,,,,,,,0,0,0,,27,19692.579999999998,729.3548148148147,2629.32,30.85,0,0,27,4,7,0,0,14.000010117170008,11.666667271489372
CUST003580,,,,,,,0,0,0,,19,26978.64,1419.9284210526316,19169.34,61.71,0,0,19,5,5,0,0,24.5,12.065789475127735
CUST003581,,,,,,,0,0,0,,11,7762.870000000001,705.7154545454546,2720.8,60.2,0,0,11,4,2,0,0,14.0,11.772727273551453
CUST003582,,,,,,,0,0,0,,27,28360.24,1050.3792592592592,12297.13,20.28,0,0,27,7,6,0,0,19.25,11.92592592951511
CUST003583,,,,,,,0,0,0,,23,18730.37,814.3639130434782,5672.56,9.75,0,0,23,6,9,0,0,24.5,12.250000023732532
CUST003584,,,,,,,0,0,0,,32,36047.28999999999,1126.4778124999998,7751.55,50.54,0,0,32,8,8,0,0,17.5,12.03125150204102
CUST003585,,,,,,,0,0,0,,35,17785.13,508.14657142857146,1914.99,26.43,0,0,35,6,8,0,0,14.000002826237164,11.500001550209458
CUST003586,,,,,,,0,0,1,,28,12298.570000000002,439.2346428571429,1571.97,26.81,0,0,28,5,5,9,0,25.00000009673954,23.812500183224927
CUST003587,,,,,,,0,0,0,,35,20680.230000000003,590.8637142857144,4111.58,27.9,0,0,35,10,8,0,0,14.0,11.600000183489387
CUST003588,,,,,,,1,0,0,,25,13176.3,527.052,3295.91,15.64,0,0,25,5,5,25,0,30.00000006807817,28.110000004111228
CUST003589,,,,,,,0,0,0,,35,23949.059999999998,684.2588571428571,6433.55,16.38,0,0,35,8,5,0,0,19.25,11.850000075770346
CUST003590,,,,,,,0,0,0,,23,15416.960000000003,670.3026086956523,2860.47,15.35,0,0,23,6,6,0,0,14.0,11.41304363350461
CUST003591,,,,,,,0,0,0,,29,29697.6,1024.0551724137931,6227.36,59.96,0,0,29,8,8,0,0,19.25,11.58659916323155
CUST003592,,,,,,,0,0,0,,16,9564.25,597.765625,2157.5,58.49,0,0,16,4,5,0,0,14.000000000020876,11.81250047952629
CUST003593,,,,,,,0,0,0,,18,7770.94,431.71888888888884,1272.36,44.15,0,0,18,5,5,0,0,14.0,11.569444445786665
CUST003594,,,,,,,0,0,0,,22,14279.070000000002,649.0486363636364,3013.06,61.4,0,0,22,8,10,0,0,14.0,12.170454551428474
CUST003595,,,,,,,0,0,0,,27,20715.35,767.2351851851852,5681.89,19.02,0,0,27,6,8,0,0,19.25,12.055555627716899
CUST003596,,,,,,,0,0,0,,23,37660.56,1637.415652173913,20599.23,31.54,0,0,23,7,5,0,0,24.500000020925967,12.554347828912384
CUST003597,,,,,,,0,0,0,,17,18774.390000000003,1104.3758823529413,6122.57,22.57,0,0,17,8,5,0,0,19.250000006477887,11.941176477441998
CUST003598,,,,,,,0,0,0,,16,10905.04,681.565,2895.01,71.49,0,0,16,5,5,0,0,14.0,12.031250007124994
CUST003599,,,,,,,0,0,0,,15,17287.37,1152.4913333333332,5914.25,40.5,0,0,15,4,2,0,0,19.25,11.783333333770152
CUST003600,,,,,,,1,0,0,,32,34505.32,1078.29125,11439.44,37.03,0,0,32,6,7,32,0,40.5,27.976562642133736
CUST003601,,,,,,,0,0,0,,31,17168.309999999998,553.8164516129032,2809.37,14.44,0,0,31,8,7,0,0,14.0,11.62903241121937
CUST003602,,,,,,,0,0,0,,31,25494.980000000003,822.4187096774194,3814.15,41.0,0,0,31,8,9,0,0,14.0,12.137101600738797
CUST003603,,,,,,,0,0,0,,36,16012.23,444.78416666666664,2334.22,47.01,0,0,36,7,7,0,0,14.000000017697728,11.666666667218657
CUST003604,,,,,,,0,0,0,,29,34076.0,1175.0344827586207,7408.51,15.99,0,0,29,7,6,0,0,17.5,11.767244184415654
CUST003605,,,,,,,0,0,0,,26,12756.58,490.6376923076923,3479.28,35.04,0,0,25,7,6,0,0,14.00000000000011,11.644230769702355
CUST003606,,,,,,,0,0,0,,22,9238.369999999999,419.92590909090904,2526.51,12.11,0,0,22,6,6,0,0,14.0,11.613636363642156
CUST003607,,,,,,,0,0,0,,19,18120.47,953.7089473684211,6086.58,34.86,0,0,19,6,5,0,0,21.0,12.15789479637399
CUST003608,,,,,,,0,0,0,,25,14446.95,577.878,3523.18,39.56,0,0,25,8,4,0,0,12.250000138773451,11.830000006507248
CUST003609,,,,,,,1,0,0,,25,12848.24,513.9295999999999,1668.81,17.4,0,0,25,7,7,25,0,30.0,27.83000000169552
CUST003610,,,,,,,0,0,0,,14,11157.04,796.9314285714287,5293.22,68.81,0,0,14,7,3,0,0,14.00000000519896,12.250000001012324
CUST003611,,,,,,,0,0,0,,22,20687.83,940.3559090909092,11293.54,68.68,0,0,22,4,7,0,0,24.500115621431025,12.01147386953876
CUST003612,,,,,,,0,0,0,,23,17206.21,748.0960869565217,3228.74,40.36,0,0,22,5,7,0,0,14.0,11.413043513407645
CUST003613,,,,,,,0,0,0,,35,16428.64,469.38971428571426,2443.46,15.42,0,0,35,10,9,0,0,14.0,11.850000267052465
CUST003614,,,,,,,0,0,0,,18,23874.850000000002,1326.3805555555557,7097.06,51.76,0,0,18,5,2,0,0,19.25,11.958333334507909
CUST003615,,,,,,,0,0,0,,27,15259.27,565.1581481481481,2843.84,19.8,0,0,27,9,7,0,0,14.0,11.796296364708155
CUST003616,,,,,,,0,0,0,,22,16003.499999999998,727.4318181818181,3683.28,63.11,0,0,22,5,7,0,0,14.000000000096808,11.613637278730447
CUST003617,,,,,,,0,0,0,,30,22381.87999999999,746.0626666666664,6555.53,88.56,0,0,30,8,5,0,0,24.5,12.250000000025477
CUST003618,,,,,,,0,0,0,,16,5290.709999999999,330.66937499999995,1812.9,62.51,0,0,16,3,2,0,0,14.000000000000403,11.484375548984032
CUST003619,,,,,,,0,0,0,,13,13320.299999999997,1024.6384615384613,5993.45,88.14,0,0,13,4,2,0,0,12.25,11.442307692307692
CUST003620,,,,,,,0,0,0,,33,20989.100000000002,636.0333333333334,4599.05,42.4,0,0,33,5,7,0,0,14.0,11.560606488270174
CUST003621,,,,,,,0,0,0,,23,8993.269999999999,391.0117391304347,1849.24,15.49,0,0,23,6,6,0,0,14.0,11.793478262317445
CUST003622,,,,,,,0,0,0,,27,26665.52,987.6118518518518,3897.33,32.52,0,0,27,4,4,0,0,14.0,11.666667154751659
CUST003623,,,,,,,0,0,0,,24,21219.129999999997,884.1304166666665,4857.99,22.51,0,0,24,5,4,0,0,14.0,11.447930031017544
CUST003624,,,,,,,0,0,0,,24,13744.76,572.6983333333334,3488.54,50.62,0,0,24,6,5,0,0,14.0,11.520834029087807
CUST003625,,,,,,,0,0,0,,24,14623.47,609.31125,3112.48,64.02,0,0,23,7,6,0,0,14.0,11.739583335036038
CUST003626,,,,,,,0,0,0,,17,8132.7699999999995,478.3982352941176,2057.75,33.61,0,0,17,6,3,0,0,14.000000001952738,11.632354153772095
CUST003627,,,,,,,0,0,0,,20,9753.590000000002,487.6795000000001,1635.33,51.41,0,0,20,7,5,0,0,14.0,11.637500014788701
CUST003628,,,,,,,0,0,1,,29,27963.6,964.2620689655172,8327.24,47.83,0,0,29,6,7,16,0,37.24999999999999,24.879311798479435
CUST003629,,,,,,,0,0,0,,31,15631.68,504.2477419354839,1357.07,54.74,0,0,31,5,6,0,0,14.0,11.68548395915541
CUST003630,,,,,,,0,0,0,,20,23787.140000000003,1189.3570000000002,5507.6,36.16,0,0,20,6,5,0,0,19.25,12.42511936808664
CUST003631,,,,,,,0,0,0,,22,14878.749999999998,676.3068181818181,2820.31,69.97,0,0,22,8,5,0,0,14.000000000363244,11.534090921741539
CUST003632,,,,,,,0,0,0,,16,9527.150000000001,595.4468750000001,1676.26,55.37,0,0,16,6,5,0,0,14.0,11.921875007299045
CUST003633,,,,,,,0,0,0,,21,14112.429999999998,672.0204761904761,2667.3,29.04,0,0,21,6,3,0,0,14.0,11.750000001932303
CUST003634,,,,,,,0,0,0,,39,17928.5,459.70512820512823,1837.15,32.0,0,0,39,11,7,0,0,14.000000000278906,11.846153858025605
CUST003635,,,,,,,0,0,0,,28,29975.58,1070.5564285714286,4862.4,14.28,0,0,28,9,7,0,0,14.000000000097158,11.750018208500112
CUST003636,,,,,,,0,0,0,,32,38765.01,1211.4065625,6077.99,43.17,0,0,32,9,6,0,0,19.25,12.359398700696488
CUST003637,,,,,,,0,0,0,,32,24684.690000000002,771.3965625000001,7320.92,25.93,0,0,32,9,7,0,0,24.50000001098449,12.523438989480393
CUST003638,,,,,,,0,0,0,,20,11263.01,563.1505,1792.46,26.3,0,0,20,7,6,0,0,14.0,11.90000002140632
CUST003639,,,,,,,0,0,0,,32,25059.09,783.0965625,3841.98,34.69,0,0,32,8,8,0,0,15.749999999999998,12.14065417815971
CUST003640,,,,,,,0,0,0,,22,14231.789999999999,646.8995454545454,2015.63,7.54,0,0,22,6,7,0,0,14.000000161204248,12.011363643920019
CUST003641,,,,,,,0,0,0,,18,10750.43,597.2461111111111,5180.82,62.63,0,0,18,7,4,0,0,17.5,12.444444495423765
CUST003642,,,,,,,0,0,1,,34,20429.159999999996,600.8576470588234,3324.99,26.92,0,0,34,9,7,23,0,26.75018568144595,24.58824079524615
CUST003643,,,,,,,0,0,0,,25,17562.120000000003,702.4848000000001,3679.29,23.23,0,0,25,7,8,0,0,14.0,11.97000117577287
CUST003644,,,,,,,0,0,0,,31,23060.409999999996,743.884193548387,5190.36,25.95,0,0,31,8,9,0,0,17.5,12.024194157538282
CUST003645,,,,,,,0,0,0,,18,9483.289999999997,526.8494444444443,2035.13,75.07,0,0,18,2,6,0,0,7.000020532316153,4.375090508711989
CUST003646,,,,,,,0,0,0,,25,11240.94,449.6376,1680.66,34.72,0,0,25,5,6,0,0,14.000000000016058,11.760000000110796
CUST003647,,,,,,,0,0,0,,17,17860.230000000003,1050.6017647058825,5023.75,25.89,0,0,17,6,7,0,0,24.5,12.764708922069465
CUST003648,,,,,,,0,0,0,,26,11978.29,460.70346153846157,2904.6,22.03,0,0,26,8,6,0,0,14.000000000011044,11.778846159022523
CUST003649,,,,,,,0,0,0,,27,16076.640000000001,595.4311111111111,3593.56,25.83,0,0,27,6,7,0,0,17.5,12.250000048836862
CUST003650,,,,,,,0,0,0,,24,16207.15,675.2979166666667,2970.64,28.92,0,0,24,6,5,0,0,14.000005380436484,11.520833557521494
CUST003651,,,,,,,0,0,0,,22,7214.570000000001,327.935,1294.93,26.4,0,0,22,3,4,0,0,14.0,11.215909091156506
CUST003652,,,,,,,0,0,0,,26,23503.530000000002,903.9819230769232,8282.95,45.6,0,0,26,5,6,1,0,28.0,12.250031800779025
CUST003653,,,,,,,0,0,0,,28,18661.780000000002,666.492142857143,5610.66,28.37,0,0,28,5,5,0,0,19.25,11.500000081259069
CUST003654,,,,,,,0,0,0,,31,19373.17,624.9409677419354,4139.94,16.87,0,0,31,7,6,0,0,14.0,11.403225907464975
CUST003655,,,,,,,0,0,0,,18,13333.589999999998,740.7549999999999,2820.72,50.66,0,0,18,5,6,0,0,14.00000000000043,12.055555555604037
CUST003656,,,,,,,0,0,0,,24,12634.759999999998,526.4483333333333,2054.86,18.92,0,0,24,6,7,0,0,14.0,11.666666667610363
CUST003657,,,,,,,0,0,0,,28,14332.949999999999,511.89107142857137,2606.1,12.97,0,0,28,7,6,0,0,12.25,11.500018526566079
CUST003658,,,,,,,0,0,0,,27,21913.19,811.5996296296296,5399.15,17.72,0,0,26,7,8,0,0,22.75,12.185208216625064
CUST003659,,,,,,,0,0,0,,26,23683.140000000003,910.8900000000001,8813.19,76.69,0,0,26,7,7,0,0,24.50000020665865,12.048076931855125
CUST003660,,,,,,,0,0,0,,18,11832.100000000002,657.338888888889,2982.44,90.28,0,0,18,6,4,0,0,14.000000004810694,11.958333333991892
CUST003661,,,,,,,0,0,0,,25,32860.26,1314.4104,9767.06,60.83,0,0,25,6,4,0,0,24.5,12.460000257200933
CUST003662,,,,,,,0,0,0,,29,28056.97,967.4817241379311,6697.81,60.95,0,0,29,7,8,0,0,17.500000134913815,11.70689721797332
CUST003663,,,,,,,0,0,0,,24,50070.079999999994,2086.253333333333,41872.72,11.09,0,0,24,5,6,1,0,28.0000004024371,12.323358450841049
CUST003664,,,,,,,1,0,0,,23,15258.83,663.4273913043478,5440.77,44.64,0,0,22,5,8,23,0,33.5,28.25000000005812
CUST003665,,,,,,,0,0,0,,30,22624.899999999998,754.1633333333333,5101.99,30.83,0,0,30,9,7,0,0,17.5,11.725000055068032
CUST003666,,,,,,,0,0,0,,20,15404.699999999999,770.2349999999999,6639.61,35.41,0,0,20,8,3,0,0,17.5,11.987500015245189
CUST003667,,,,,,,0,0,0,,15,21538.87,1435.9246666666666,8753.99,116.66,0,0,15,4,5,0,0,24.5,12.716701344795416
CUST003668,,,,,,,0,0,0,,26,25004.219999999998,961.7007692307691,4933.18,71.52,0,0,26,8,6,0,0,14.000000264398254,12.317307716184432
CUST003669,,,,,,,0,0,0,,24,15920.52,663.355,4188.94,68.98,0,0,24,7,5,0,0,14.0,11.59375000046627
CUST003670,,,,,,,0,0,0,,24,11837.140000000001,493.2141666666667,1569.43,37.11,0,0,24,6,7,0,0,14.0,11.666666697566212
CUST003671,,,,,,,0,0,0,,26,14790.950000000003,568.8826923076924,2652.56,19.84,0,0,26,6,4,0,0,14.00000000522034,11.778846156029442
CUST003672,,,,,,,1,0,0,,28,20474.740000000005,731.2407142857145,3362.94,35.35,0,0,28,9,9,28,0,30.00000000000157,27.625000001448228
CUST003673,,,,,,,0,0,0,,28,17640.350000000002,630.0125,3794.97,28.43,0,0,28,7,7,0,0,14.0,11.625000000193905
CUST003674,,,,,,,0,0,0,,23,15715.930000000002,683.3013043478262,6106.27,29.01,0,0,23,7,9,0,0,21.0,12.021739130602876
CUST003675,,,,,,,0,0,0,,27,18785.579999999998,695.7622222222221,2862.46,19.96,0,0,27,6,4,0,0,14.0,11.277789786455585
CUST003676,,,,,,,0,0,0,,20,16561.9,828.095,2843.66,31.42,0,0,19,7,4,0,0,14.0,11.725000003195913
CUST003677,,,,,,,0,0,0,,28,16553.37,591.1917857142856,2845.29,20.95,0,0,28,10,7,0,0,14.000000244966566,11.875000013590153
CUST003678,,,,,,,0,0,0,,24,9138.19,380.7579166666667,1443.36,26.17,0,0,24,6,5,0,0,14.0,11.593750080320945
CUST003679,,,,,,,0,0,0,,23,11814.04,513.6539130434783,2322.71,30.24,0,0,23,4,2,0,0,12.250002913319742,11.18478275516185
CUST003680,,,,,,,0,0,0,,28,23552.53,841.1617857142857,3873.03,39.69,0,0,28,5,8,0,0,14.000000000133356,11.937500084587807
CUST003681,,,,,,,0,0,0,,16,8819.27,551.204375,3770.13,35.24,0,0,16,4,5,0,0,14.0,11.593752261444209
CUST003682,,,,,,,0,0,0,,17,8299.900000000001,488.22941176470596,1020.05,67.47,0,0,16,4,5,0,0,14.0,11.838235294158547
CUST003683,,,,,,,0,0,0,,18,10284.990000000002,571.3883333333334,3275.29,17.52,0,0,18,4,5,0,0,14.0,11.76388889014633
CUST003684,,,,,,,0,0,0,,27,20229.469999999998,749.2396296296296,7143.42,27.76,0,0,27,3,6,0,0,17.50000287146819,11.537037186769906
CUST003685,,,,,,,0,0,0,,23,18333.43,797.1056521739131,2482.71,187.57,0,0,23,6,8,0,0,14.0,11.86956521746404
CUST003686,,,,,,,0,0,0,,14,6360.599999999999,454.32857142857137,1216.45,18.97,0,0,14,5,6,0,0,12.250000000118083,11.750000042389392
CUST003687,,,,,,,0,0,0,,35,26520.969999999998,757.742,3847.52,27.89,0,0,35,6,8,0,0,14.0,11.650004395620188
CUST003688,,,,,,,0,0,0,,36,23698.45,658.2902777777778,2533.64,13.28,0,0,36,9,9,0,0,14.000004247490466,11.715277900935275
CUST003689,,,,,,,0,0,0,,26,9549.830000000002,367.3011538461539,1051.93,25.28,0,0,26,9,6,0,0,14.000000003854437,11.846153926323295
CUST003690,,,,,,,0,0,0,,24,14369.83,598.7429166666667,2733.08,45.33,0,0,24,7,8,0,0,14.000000055857804,11.958333341815873
CUST003691,,,,,,,1,0,0,,23,16653.01,724.0439130434781,4853.43,39.16,0,0,23,5,9,23,0,30.0,27.793478260871037
CUST003692,,,,,,,0,0,0,,36,51699.11,1436.086388888889,14423.19,9.57,0,0,36,9,6,0,0,24.5,12.541670370376835
CUST003693,,,,,,,0,0,0,,32,21352.719999999998,667.2724999999999,4098.18,22.15,0,0,32,6,3,0,0,12.250013621680989,11.156250672020759
CUST003694,,,,,,,0,0,0,,14,12579.15,898.5107142857142,6347.45,63.72,0,0,14,6,3,0,0,14.0,11.750005001317422
CUST003695,,,,,,,0,0,0,,23,20903.74,908.8582608695652,6372.83,62.75,0,0,23,7,6,0,0,17.5,12.173913079971195
CUST003696,,,,,,,0,0,0,,23,20193.029999999995,877.9578260869563,4526.32,36.6,0,0,23,4,5,0,0,14.0,11.565217403731804
CUST003697,,,,,,,0,0,0,,15,4634.78,308.9853333333333,965.49,19.04,0,0,15,4,5,0,0,14.0,11.90000000018056
CUST003698,,,,,,,0,0,0,,27,28890.06,1070.0022222222224,6379.7,18.59,0,0,27,8,6,0,0,17.5,12.18518519126017
CUST003699,,,,,,,0,0,0,,28,10801.58,385.7707142857143,1304.11,25.83,0,0,28,5,9,0,0,14.0,11.25000337739931
CUST003700,,,,,,,0,0,0,,26,9593.12,368.9661538461539,1475.28,17.32,0,0,26,6,6,0,0,14.000000529147083,11.509616947668178
CUST003701,,,,,,,1,0,0,,19,7679.23,404.16999999999996,1739.23,84.52,0,0,19,4,8,19,0,30.0,27.78947368534439
CUST003702,,,,,,,0,0,0,,17,11736.14,690.3611764705882,2771.01,14.96,0,0,17,6,6,0,0,12.25,11.426510909904684
CUST003703,,,,,,,0,0,0,,21,7466.08,355.52761904761905,1658.02,44.85,0,0,21,5,5,0,0,12.250000001448036,11.500001764023791
CUST003704,,,,,,,0,0,0,,21,17020.219999999998,810.4866666666666,4835.04,23.24,0,0,21,6,5,0,0,14.0,11.500000004454932
CUST003705,,,,,,,0,0,0,,24,16868.68,702.8616666666667,3316.43,46.53,0,0,24,4,6,0,0,17.50000004696515,11.958334158686819
CUST003706,,,,,,,0,0,0,,30,35047.47,1168.249,7462.51,22.13,0,0,30,6,6,0,0,21.0,12.075354026396884
CUST003707,,,,,,,0,0,0,,16,10080.48,630.03,2401.21,69.1,0,0,16,5,5,0,0,14.0,11.48437503491372
CUST003708,,,,,,,1,0,0,,19,11392.009999999998,599.5794736842105,1945.46,39.62,0,0,19,6,7,19,0,30.0,28.065789473700324
CUST003709,,,,,,,1,0,0,,20,15589.989999999998,779.4994999999999,7460.57,38.18,0,0,20,4,6,20,0,33.5,27.987500000039528
CUST003710,,,,,,,0,0,0,,24,15381.05,640.8770833333333,2949.8,36.03,0,0,24,6,9,0,0,14.000000636798353,12.10416719840375
CUST003711,,,,,,,0,0,0,,19,11812.48,621.7094736842105,4700.18,28.7,0,0,19,5,6,0,0,14.0000000027381,11.789473684447978
CUST003712,,,,,,,0,0,0,,33,14775.199999999999,447.7333333333333,1452.77,22.39,0,0,32,6,7,0,0,14.0,11.295455309363048
CUST003713,,,,,,,0,0,0,,23,16620.78,722.6426086956521,3096.1,21.33,0,0,23,5,5,0,0,14.0,11.489130483437734
CUST003714,,,,,,,0,0,0,,30,18396.98,613.2326666666667,4459.26,8.1,0,0,30,9,4,0,0,14.0000000133118,11.550000082162239
CUST003715,,,,,,,0,0,0,,24,24925.86,1038.5775,7765.14,83.84,0,0,24,6,6,0,0,21.0,12.104177054436413
CUST003716,,,,,,,0,0,0,,25,14685.329999999998,587.4132,3345.66,75.88,0,0,25,7,3,0,0,12.250000301371056,11.620000015798109
CUST003717,,,,,,,0,0,0,,20,12435.23,621.7615,4341.72,47.71,0,0,20,3,5,0,0,14.00000000012784,11.637500012492634
CUST003718,,,,,,,0,0,0,,30,13949.470000000001,464.9823333333334,2042.38,6.22,0,0,30,8,8,0,0,14.000000000000188,11.491671760194485
CUST003719,,,,,,,0,0,1,,35,19200.820000000003,548.5948571428572,4483.69,41.15,0,0,35,6,7,15,0,26.75,24.05003337273261
CUST003720,,,,,,,0,0,0,,26,20897.140000000003,803.7361538461539,3367.11,43.74,0,0,26,5,7,0,0,14.0,11.509615742514823
CUST003721,,,,,,,1,0,0,,23,31104.409999999996,1352.3656521739128,6651.17,62.81,0,0,23,4,5,23,0,33.5,27.7173913375788
CUST003722,,,,,,,0,0,0,,26,22407.1,861.8115384615384,4865.83,8.79,0,0,26,6,7,0,0,14.0,11.509615384803574
CUST003723,,,,,,,0,0,0,,24,18054.199999999997,752.2583333333332,6724.99,20.35,0,0,24,5,5,0,0,19.25,11.812500061931681
CUST003724,,,,,,,0,0,0,,25,13326.32,533.0527999999999,2927.88,12.71,0,0,25,8,6,0,0,14.0,11.830000001806953
CUST003725,,,,,,,0,0,0,,24,15282.09,636.75375,3377.66,49.55,0,0,24,8,8,0,0,14.0,12.03125013913568
CUST003726,,,,,,,0,0,0,,22,17726.07,805.7304545454546,6892.3,41.07,0,0,21,5,7,0,0,19.25000000459386,12.01136363997303
CUST003727,,,,,,,0,0,0,,32,27360.64,855.02,5967.1,28.1,0,0,32,8,8,0,0,17.5,12.085938143384178
CUST003728,,,,,,,0,0,0,,22,18284.27,831.1031818181818,5309.89,62.02,0,0,22,5,8,0,0,17.5,12.329545459105026
CUST003729,,,,,,,0,0,0,,22,11116.840000000002,505.3109090909092,3556.08,44.5,0,0,22,5,6,0,0,14.0,11.454545454595037
CUST003730,,,,,,,0,0,0,,13,8120.09,624.6223076923077,2725.06,38.73,0,0,13,6,2,0,0,12.250000005304308,11.3076923461029
CUST003731,,,,,,,0,0,0,,28,17782.99,635.1067857142858,3097.57,21.45,0,0,28,8,7,0,0,14.0,11.75000662112114
CUST003732,,,,,,,0,0,0,,20,18016.9,900.845,4548.85,26.22,0,0,20,3,5,0,0,12.25,11.112500012461693
CUST003733,,,,,,,0,0,0,,23,11092.300000000001,482.27391304347833,2480.5,43.25,0,0,23,5,4,0,0,12.250000921887766,11.56522209307268
CUST003734,,,,,,,0,0,0,,24,28884.269999999997,1203.5112499999998,14645.32,30.07,0,0,24,7,6,0,0,17.5,11.958333515580598
CUST003735,,,,,,,1,0,0,,16,15101.95,943.871875,2740.98,47.77,0,0,16,8,4,16,0,30.0,27.921875000669985
CUST003736,,,,,,,0,0,0,,25,10350.169999999998,414.00679999999994,1791.51,10.3,0,0,25,4,6,0,0,14.0,11.690000000094043
CUST003737,,,,,,,0,0,0,,31,14426.510000000002,465.3712903225807,2870.2,50.09,0,0,30,6,5,0,0,14.0,11.29032259062546
CUST003738,,,,,,,0,0,0,,23,16212.340000000002,704.884347826087,4756.16,25.37,0,0,23,6,5,0,0,14.000000165591707,11.793478272358055
CUST003739,,,,,,,1,0,0,,25,22213.5,888.54,5512.91,68.93,0,0,25,5,6,25,0,37.0,28.39000000062193
CUST003740,,,,,,,0,0,0,,24,23716.64,988.1933333333333,9823.14,27.23,0,0,24,8,6,1,0,26.25,12.031250004362272
CUST003741,,,,,,,0,0,0,,34,24657.570000000003,725.2226470588237,4994.28,118.79,0,0,33,7,10,0,0,14.00003922298535,11.735295599748014
CUST003742,,,,,,,0,0,0,,35,14423.26,412.0931428571429,1932.13,16.06,0,0,35,10,5,0,0,14.0,11.50010297338695
CUST003743,,,,,,,0,0,0,,21,11874.17,565.4366666666667,2398.86,14.19,0,0,21,6,7,0,0,14.000000011831965,11.666669558933663
CUST003744,,,,,,,0,0,0,,24,18262.03,760.9179166666667,3717.33,23.09,0,0,24,6,9,0,0,14.000000045326152,11.812500004915327
CUST003745,,,,,,,0,0,0,,23,11246.060000000001,488.95913043478265,2592.17,64.08,0,0,23,7,8,0,0,14.000000000199677,12.17393053407333
CUST003746,,,,,,,0,0,0,,28,16783.050000000003,599.3946428571429,2411.88,9.19,0,0,28,6,7,0,0,14.0,11.56250960489923
CUST003747,,,,,,,0,0,0,,29,27038.77,932.3713793103449,8677.76,53.56,0,0,28,6,7,0,0,22.75,12.068965519351174
CUST003748,,,,,,,0,0,0,,22,15912.030000000002,723.274090909091,2535.61,37.7,0,0,22,8,7,0,0,14.000000073778551,12.011378022599224
CUST003749,,,,,,,0,0,0,,28,22458.55,802.0910714285714,3506.42,20.34,0,0,28,9,8,0,0,14.000000000294191,11.87500001554176
CUST003750,,,,,,,0,0,0,,21,18245.45,868.8309523809525,4197.52,89.08,0,0,21,4,7,0,0,14.0,11.750003418158123
CUST003751,,,,,,,0,0,0,,22,11910.15,541.3704545454545,1668.74,28.96,0,0,22,7,7,0,0,14.0,12.170454545707775
CUST003752,,,,,,,0,0,0,,25,14986.310000000001,599.4524,2728.8,12.56,0,0,25,5,9,0,0,14.0,11.69000015815928
CUST003753,,,,,,,0,0,1,,22,10830.310000000001,492.28681818181826,1785.71,55.38,0,0,22,3,6,12,0,25.00000450875728,24.204545660152363
CUST003754,,,,,,,0,0,0,,24,16222.589999999998,675.94125,4439.69,57.02,0,0,24,7,8,0,0,14.0,11.812501809417986
CUST003755,,,,,,,0,0,0,,22,12790.86,581.4027272727272,4659.66,18.73,0,0,22,4,7,0,0,17.5,11.931818210971846
CUST003756,,,,,,,0,0,0,,27,15560.940000000002,576.3311111111112,3930.36,24.77,0,0,27,6,6,0,0,14.0,11.666667346637722
CUST003757,,,,,,,0,0,0,,24,16572.06,690.5025,6387.05,50.18,0,0,23,5,3,0,0,19.25,11.812500007113444
CUST003758,,,,,,,0,0,0,,23,14901.61,647.8960869565218,3375.23,51.19,0,0,23,5,6,0,0,14.0,11.641305014919446
CUST003759,,,,,,,0,0,0,,23,16438.79,714.73,2883.37,42.39,0,0,23,9,7,0,0,14.0,11.489131018202828
CUST003760,,,,,,,0,0,0,,23,8673.400000000001,377.104347826087,1301.12,43.34,0,0,23,6,7,0,0,14.0,11.79347830688155
CUST003761,,,,,,,0,0,0,,31,26335.079999999998,849.5187096774193,4912.43,14.62,0,0,31,5,7,0,0,14.000000000008969,11.459933828599562
CUST003762,,,,,,,0,0,0,,20,29768.82,1488.441,11992.39,79.23,0,0,20,5,6,0,0,24.5,12.425000133556768
CUST003763,,,,,,,0,0,0,,21,9734.919999999998,463.56761904761896,3205.11,24.77,0,0,21,6,3,0,0,14.0,11.583333338374942
CUST003764,,,,,,,0,0,0,,24,12000.470000000001,500.0195833333334,2780.51,51.85,0,0,24,6,8,0,0,12.25000000232492,11.593754390396946
CUST003765,,,,,,,0,0,0,,29,23877.129999999997,823.3493103448275,3140.32,50.33,0,0,29,7,7,0,0,14.0,11.827586240554973
CUST003766,,,,,,,0,0,0,,21,21992.649999999998,1047.2690476190476,4915.3,41.65,0,0,21,7,5,0,0,14.000000213412832,11.750288124241873
CUST003767,,,,,,,0,0,0,,28,19113.300000000003,682.6178571428572,2145.15,37.62,0,0,28,8,8,0,0,14.0,11.75000013759705
CUST003768,,,,,,,0,0,0,,18,10862.42,603.4677777777778,1671.91,47.56,0,0,18,4,5,0,0,14.0,11.666666892865948
CUST003769,,,,,,,0,0,1,,24,18865.300000000003,786.0541666666668,3290.5,31.08,0,0,24,4,5,10,0,26.75,24.12500004884758
CUST003770,,,,,,,0,0,0,,26,17156.340000000004,659.8592307692309,3402.07,20.21,0,0,26,5,6,0,0,14.0,11.71155018081795
CUST003771,,,,,,,0,0,0,,20,8934.42,446.721,1249.78,55.29,0,0,20,4,6,0,0,14.0,11.637500000013986
CUST003772,,,,,,,0,0,0,,21,17817.559999999998,848.455238095238,3126.74,34.68,0,0,21,5,6,0,0,12.250000048918452,11.166666675718758
CUST003773,,,,,,,0,0,0,,12,13920.23,1160.0191666666667,3769.59,26.05,0,0,12,3,3,0,0,14.0,11.520834290662203
CUST003774,,,,,,,0,0,0,,27,18081.34,669.6792592592593,4364.47,50.92,0,0,27,8,9,0,0,14.00000001127578,11.861113234635084
CUST003775,,,,,,,0,0,0,,22,15308.16,695.8254545454546,2109.45,27.76,0,0,22,5,3,0,0,12.2500000054651,11.295454550026243
CUST003776,,,,,,,0,0,0,,21,13804.899999999998,657.3761904761903,1714.8,13.13,0,0,21,4,5,0,0,14.0,11.666666678197977
CUST003777,,,,,,,0,0,0,,22,10769.59,489.5268181818182,2647.63,13.77,0,0,22,5,4,0,0,14.0,11.693183230681626
CUST003778,,,,,,,0,0,0,,33,22393.109999999997,678.5790909090908,3032.04,30.18,0,0,33,7,5,0,0,14.000000131692849,11.77272823548125
CUST003779,,,,,,,0,0,0,,24,14897.81,620.7420833333333,5553.75,13.31,0,0,24,7,7,0,0,19.25,11.88542751260922
CUST003780,,,,,,,0,1,0,,19,13817.28,727.2252631578948,3609.25,31.72,0,0,19,5,5,19,0,45.750000211135415,44.73684211731181
CUST003781,,,,,,,0,0,1,,30,39865.90000000001,1328.8633333333337,12932.88,15.49,0,0,30,8,7,23,0,37.24999999999999,25.583333335251474
CUST003782,,,,,,,0,0,0,,28,16986.789999999997,606.6710714285713,5505.48,5.64,0,0,28,6,8,0,0,19.25,11.750000887945205
CUST003783,,,,,,,0,0,0,,25,31857.559999999998,1274.3023999999998,15276.6,31.8,0,0,25,6,5,0,0,22.75,12.320000029500024
CUST003784,,,,,,,0,0,1,,29,50744.79,1749.8203448275863,26856.38,69.69,0,0,29,8,9,20,0,33.75011378539169,25.1206936111178
CUST003785,,,,,,,0,0,0,,25,23936.559999999998,957.4623999999999,8650.63,22.92,0,0,25,3,8,0,0,22.75,11.83000834459504
CUST003786,,,,,,,0,0,0,,25,16931.99,677.2796000000001,5993.77,20.85,0,0,25,10,5,0,0,17.5,12.46002848818195
CUST003787,,,,,,,0,0,0,,28,32374.370000000003,1156.2275000000002,7146.76,10.07,0,0,28,9,7,0,0,19.250010154912605,12.312550935380779
CUST003788,,,,,,,0,0,0,,30,23537.920000000006,784.5973333333335,4760.89,10.37,0,0,30,7,8,0,0,14.0,11.666675722321335
CUST003789,,,,,,,0,0,0,,24,16298.52,679.105,3229.5,36.96,0,0,24,5,4,0,0,14.0,11.302084493778159
CUST003790,,,,,,,1,0,0,,26,15883.239999999998,610.8938461538461,7144.73,14.53,0,0,26,7,6,26,0,33.5,27.778846154011756
CUST003791,,,,,,,0,0,0,,28,56754.119999999995,2026.932857142857,23579.99,54.2,0,0,28,6,7,0,0,24.5,12.250000556569
CUST003792,,,,,,,0,0,0,,32,39281.369999999995,1227.5428124999999,7285.57,26.89,0,0,32,5,8,0,0,21.0,12.359375762677601
CUST003793,,,,,,,0,0,0,,28,23661.439999999995,845.0514285714283,6003.59,70.34,0,0,28,6,8,0,0,19.25,12.125001438333376
CUST003794,,,,,,,0,0,0,,29,28551.469999999998,984.5334482758619,3820.44,17.79,0,0,29,5,7,0,0,14.0,11.646621508241203
CUST003795,,,,,,,0,0,0,,21,16353.66,778.7457142857143,4588.0,31.57,0,0,21,9,5,0,0,14.000000019798328,12.000000024784717
CUST003796,,,,,,,0,0,0,,17,12232.27,719.5452941176471,4877.62,112.54,0,0,17,3,5,0,0,14.0,11.323529411902529
CUST003797,,,,,,,0,0,0,,21,17547.1,835.5761904761904,10252.36,20.9,0,0,21,4,8,0,0,17.5,12.083340573164756
CUST003798,,,,,,,0,0,0,,21,13291.690000000002,632.9376190476191,2473.45,24.76,0,0,21,5,5,0,0,14.0,11.583333840032386
CUST003799,,,,,,,0,0,0,,33,35385.95,1072.301515151515,22522.18,42.4,0,0,33,8,7,0,0,22.750007719667003,11.984848822562773
CUST003800,,,,,,,0,0,0,,33,51828.63,1570.5645454545454,32041.18,14.19,0,0,33,8,10,1,0,28.0,12.51521021629914
CUST003801,,,,,,,0,0,0,,19,15565.830000000002,819.2542105263159,3193.67,21.74,0,0,19,4,7,0,0,14.000000007655997,12.157894737245051
CUST003802,,,,,,,0,0,0,,24,15082.460000000001,628.4358333333333,2501.02,45.57,0,0,24,5,8,0,0,14.000000000108312,12.104166928586421
CUST003803,,,,,,,0,0,0,,26,21706.01,834.8465384615384,3961.35,47.69,0,0,26,6,9,0,0,14.000000034213066,11.71156097860111
CUST003804,,,,,,,0,0,0,,20,13007.949999999999,650.3974999999999,2885.57,45.64,0,0,19,8,5,0,0,14.000000049284978,11.637500003195473
CUST003805,,,,,,,0,0,0,,34,15162.51,445.9561764705882,1756.77,14.51,0,0,34,7,8,0,0,14.0,11.941176509601542
CUST003806,,,,,,,0,0,0,,21,13565.21,645.962380952381,3048.7,86.68,0,0,21,5,9,0,0,14.0,11.75000055389763
CUST003807,,,,,,,0,0,0,,28,11101.580000000002,396.48500000000007,1209.94,34.42,0,0,27,7,7,0,0,14.0000000006564,12.12500007900951
CUST003808,,,,,,,0,0,1,,29,14368.64,495.4703448275862,2116.25,61.74,0,0,29,7,5,14,0,26.75000109616906,24.215517351424527
CUST003809,,,,,,,0,0,0,,19,19936.890000000003,1049.3100000000002,5063.78,65.33,0,0,19,5,7,0,0,19.25,12.526315811633102
CUST003810,,,,,,,0,0,0,,28,15232.400000000001,544.0142857142857,2896.1,47.19,0,0,28,6,6,0,0,14.0,11.375000000008939
CUST003811,,,,,,,0,0,0,,28,17538.46,626.3735714285714,3928.18,26.7,0,0,28,8,8,0,0,14.0,11.562500014296704
CUST003812,,,,,,,0,0,0,,32,16237.300000000001,507.41562500000003,3213.47,40.09,0,0,32,8,7,0,0,14.0,11.648437837449485
CUST003813,,,,,,,1,0,0,,22,15371.97,698.7259090909091,4362.08,72.21,0,0,22,6,6,22,0,30.0,27.693181836824976
CUST003814,,,,,,,0,0,1,,25,15708.17,628.3268,2085.73,16.39,0,0,25,7,7,13,0,26.75000000042384,24.300011213230622
CUST003815,,,,,,,0,0,0,,19,11255.320000000002,592.3852631578948,3985.02,16.29,0,0,19,6,5,0,0,14.0,11.421053049169773
CUST003816,,,,,,,0,0,0,,32,25413.36,794.1675,3796.16,28.42,0,0,32,7,5,0,0,14.000005307844145,11.593752957381849
CUST003817,,,,,,,0,0,0,,20,14938.56,746.928,4179.84,21.43,0,0,20,4,5,0,0,14.0,11.725071318821387
CUST003818,,,,,,,0,0,0,,29,31576.800000000003,1088.8551724137933,6225.76,49.83,0,0,29,6,8,0,0,17.5,12.068966132974715
CUST003819,,,,,,,0,0,0,,23,10905.340000000002,474.1452173913044,1548.9,33.26,0,0,23,6,4,0,0,14.0,11.565218113420354
CUST003820,,,,,,,0,0,0,,30,24060.309999999998,802.0103333333333,7551.76,36.8,0,0,30,7,9,0,0,19.25,11.958333793054566
CUST003821,,,,,,,0,0,0,,20,12705.529999999999,635.2764999999999,2377.4,62.38,0,0,20,7,3,0,0,14.0,11.812500210865357
CUST003822,,,,,,,0,0,0,,31,22917.460000000006,739.2729032258067,6148.92,30.06,0,0,31,3,6,0,0,17.5,11.741935608643605
CUST003823,,,,,,,0,0,0,,23,20517.26,892.0547826086956,4616.67,73.68,0,0,23,4,5,0,0,14.0,11.641304622897291
CUST003824,,,,,,,0,0,0,,22,14915.389999999998,677.9722727272726,6121.92,33.72,0,0,22,7,8,0,0,17.5,12.250000031343653
CUST003825,,,,,,,0,0,0,,26,17737.940000000002,682.2284615384616,2230.46,55.48,0,0,26,6,8,0,0,14.0,11.644230820403866
CUST003826,,,,,,,0,0,0,,25,14252.869999999999,570.1148,2803.5,30.39,0,0,25,10,9,0,0,14.0,11.830000308921804
CUST003827,,,,,,,0,0,0,,24,20106.559999999998,837.7733333333332,8018.13,36.61,0,0,24,7,5,0,0,24.500000084258943,12.177083349738709
CUST003828,,,,,,,0,0,0,,20,11208.8,560.4399999999999,2657.45,21.81,0,0,20,9,5,0,0,12.250000625191358,11.725000031289362
CUST003829,,,,,,,0,0,0,,21,17161.54,817.2161904761905,10337.51,29.99,0,0,21,8,5,0,0,21.000000067190356,12.333333340003147
CUST003830,,,,,,,0,0,0,,21,19734.209999999995,939.7242857142855,3406.79,21.5,0,0,21,8,4,0,0,14.0,11.750000002468372
CUST003831,,,,,,,0,0,0,,16,11396.869999999999,712.3043749999999,3523.86,48.46,0,0,16,2,3,0,0,7.0,3.937500214955784
CUST003832,,,,,,,0,0,0,,21,12868.05,612.7642857142857,2700.63,28.32,0,0,21,7,6,0,0,14.000001225179291,11.666669478435926
CUST003833,,,,,,,0,0,0,,22,10419.86,473.63000000000005,1318.64,36.33,0,0,22,5,3,0,0,14.0,11.613636374786234
CUST003834,,,,,,,0,0,0,,30,33449.43,1114.981,8646.75,16.4,0,0,30,8,6,0,0,24.5,12.075005548602297
CUST003835,,,,,,,0,0,0,,33,19225.359999999997,582.5866666666666,3228.22,50.59,0,0,33,8,6,0,0,14.000000000658536,11.507734937323923
CUST003836,,,,,,,0,0,0,,30,29191.290000000005,973.0430000000001,6769.18,26.02,0,0,30,8,5,0,0,17.5,11.841666668200935
CUST003837,,,,,,,0,0,0,,13,6320.7,486.2076923076923,1332.19,37.59,0,0,13,4,5,0,0,12.250000001121952,11.30769243611789
CUST003838,,,,,,,0,0,0,,23,14231.47,618.7595652173912,2607.47,12.24,0,0,23,5,7,0,0,14.000000044183649,11.565217394008357
CUST003839,,,,,,,0,0,0,,25,14223.289999999999,568.9316,2151.79,34.91,0,0,24,6,5,0,0,12.250000000335552,11.62000037126569
CUST003840,,,,,,,0,0,0,,31,27475.07,886.2925806451613,9309.37,23.24,0,0,31,5,8,0,0,24.5,11.967752059325745
CUST003841,,,,,,,0,0,0,,26,14296.259999999998,549.8561538461538,1645.72,54.1,0,0,26,5,9,0,0,14.0,11.91346335274798
CUST003842,,,,,,,0,0,0,,21,16217.940000000002,772.2828571428572,4115.74,107.47,0,0,21,7,4,0,0,14.000000273810029,12.083333527604331
CUST003843,,,,,,,0,0,0,,25,14104.449999999999,564.178,2251.86,15.75,0,0,25,4,6,0,0,12.250002565713537,11.410000626980173
CUST003844,,,,,,,0,0,0,,22,11271.949999999999,512.3613636363635,3045.48,45.23,0,0,22,5,6,0,0,14.000000004388504,11.534091019377495
CUST003845,,,,,,,0,0,0,,39,20158.420000000002,516.8825641025642,3471.43,5.45,0,0,39,6,10,0,0,14.000000001466224,11.756418197848694
CUST003846,,,,,,,0,0,0,,27,16644.399999999998,616.4592592592592,2715.09,18.07,0,0,27,7,5,0,0,14.0,11.66666666671387
CUST003847,,,,,,,0,0,0,,27,28575.6,1058.3555555555556,6752.2,48.89,0,0,27,6,5,0,0,21.000000588252075,12.25000006929284
CUST003848,,,,,,,0,0,0,,25,26014.49,1040.5796,6300.48,52.64,0,0,25,5,8,0,0,21.0,12.320000453066365
CUST003849,,,,,,,0,0,0,,25,18588.45,743.538,3057.25,43.63,0,0,25,5,8,0,0,14.0,11.830000795691918
CUST003850,,,,,,,0,0,0,,21,12420.670000000002,591.4604761904762,2807.87,28.74,0,0,21,5,3,0,0,14.0,11.166672774800288
CUST003851,,,,,,,0,0,0,,33,20755.010000000002,628.939696969697,1994.2,47.2,0,0,32,8,6,0,0,14.0,11.613640400214033
CUST003852,,,,,,,0,0,0,,21,20614.760000000002,981.6552380952382,4817.99,23.25,0,0,21,5,8,0,0,14.0,12.083333385426997
CUST003853,,,,,,,0,0,0,,17,10812.02,636.0011764705882,3296.84,14.94,0,0,17,5,4,0,0,14.0,11.838235311312195
CUST003854,,,,,,,0,0,0,,15,10417.730000000001,694.5153333333334,2644.17,55.09,0,0,15,7,5,0,0,14.000000000000137,12.016666666666856
CUST003855,,,,,,,0,0,0,,27,18648.769999999997,690.6951851851851,2841.71,58.57,0,0,26,6,8,0,0,14.000000001898346,12.18518540598673
CUST003856,,,,,,,0,0,0,,29,30272.539999999997,1043.8806896551723,10473.99,40.55,0,0,29,5,5,0,0,19.25,11.76724187979717
CUST003857,,,,,,,1,0,0,,22,9374.8,426.12727272727267,1611.87,33.06,0,0,22,6,7,22,0,30.0,27.852272727272805
CUST003858,,,,,,,0,0,0,,27,19470.6,721.1333333333333,3040.39,34.76,0,0,27,8,9,0,0,14.0,11.861111148997438
CUST003859,,,,,,,0,0,0,,23,24368.930000000004,1059.518695652174,6485.12,51.21,0,0,23,4,4,0,0,17.5,11.565217875104187
CUST003860,,,,,,,0,0,0,,29,28799.420000000002,993.0834482758621,15968.39,23.44,0,0,29,7,8,0,0,24.5,12.31034533334444
CUST003861,,,,,,,0,0,0,,12,3646.6600000000003,303.8883333333334,684.47,68.5,0,0,12,4,4,0,0,12.25,11.375000010886586
CUST003862,,,,,,,0,0,0,,27,20670.13,765.5603703703704,5988.51,66.96,0,0,27,8,8,0,0,19.25,12.120370370638716
CUST003863,,,,,,,0,0,0,,20,11644.209999999997,582.2104999999999,3564.32,32.58,0,0,20,8,5,0,0,12.250000000027224,11.462500000357478
CUST003864,,,,,,,0,0,0,,17,8340.519999999999,490.61882352941166,2429.95,27.21,0,0,17,3,5,0,0,12.250000000048718,11.220588937702567
CUST003865,,,,,,,0,0,0,,25,17078.379999999997,683.1351999999999,2741.51,43.68,0,0,25,7,9,0,0,14.0,12.180000004672959
CUST003866,,,,,,,0,0,0,,25,39801.659999999996,1592.0664,17353.67,64.58,0,0,25,6,8,0,0,24.5,12.180000004730424
CUST003867,,,,,,,0,0,0,,24,10319.11,429.9629166666667,1197.76,24.71,0,0,24,4,7,0,0,14.00000000286627,11.88541666996457
CUST003868,,,,,,,0,0,0,,26,26392.820000000003,1015.1084615384617,15778.85,10.19,0,0,26,5,6,0,0,17.500000000818336,11.576930252471017
CUST003869,,,,,,,0,0,0,,43,37925.030000000006,881.9774418604652,9991.18,55.6,0,0,43,8,7,1,0,29.75,12.046513658015757
CUST003870,,,,,,,0,0,0,,32,19029.629999999997,594.6759374999999,3936.14,12.08,0,0,32,8,9,0,0,14.0,11.921875017136347
CUST003871,,,,,,,0,0,0,,13,11202.58,861.7369230769231,3425.14,30.99,0,0,13,4,4,0,0,14.000000000023457,11.576924167545334
CUST003872,,,,,,,0,0,0,,30,14030.039999999999,467.66799999999995,2671.6,47.89,0,0,30,9,9,0,0,14.0,12.191666685606686
CUST003873,,,,,,,0,0,0,,20,13456.13,672.8064999999999,1846.63,49.65,0,0,20,8,7,0,0,14.0,12.162500014729357
CUST003874,,,,,,,0,0,0,,23,16510.62,717.8530434782608,4133.19,21.4,0,0,23,7,8,0,0,14.000000000144814,11.717391339300546
CUST003875,,,,,,,0,0,0,,26,12023.57,462.445,1644.07,62.94,0,0,26,6,6,0,0,14.000000002688454,11.375000057560372
CUST003876,,,,,,,0,0,0,,32,17804.230000000003,556.3821875000001,3249.49,28.44,0,0,32,8,4,0,0,14.000000000255936,11.484380115511673
CUST003877,,,,,,,0,0,1,,20,13718.92,685.946,3127.95,49.51,0,0,20,4,5,11,0,26.75,24.47500000109732
CUST003878,,,,,,,0,0,0,,19,5991.910000000001,315.36368421052634,1752.43,12.51,0,0,19,5,9,0,0,14.0,11.881578947368421
CUST003879,,,,,,,0,0,1,,17,11307.509999999998,665.1476470588234,2354.06,24.89,0,0,17,4,2,7,0,26.75,24.07352941888749
CUST003880,,,,,,,0,0,0,,27,16441.62,608.9488888888889,3443.56,40.1,0,0,27,6,8,0,0,14.000000000011523,11.79630900665281
CUST003881,,,,,,,1,0,0,,17,10686.360000000002,628.609411764706,2779.0,113.85,0,0,17,4,6,17,0,30.0,27.632352941399887
CUST003882,,,,,,,0,0,0,,19,10682.050000000001,562.2131578947369,2745.01,58.51,0,0,19,5,6,0,0,12.250000000099822,11.513157901796736
CUST003883,,,,,,,0,0,0,,18,12171.79,676.2105555555556,2152.96,41.05,0,0,18,3,6,0,0,12.250000543191351,11.472225823033252
CUST003884,,,,,,,0,0,0,,20,15001.339999999998,750.0669999999999,3341.09,20.6,0,0,20,6,5,0,0,14.0,11.637500045181122
CUST003885,,,,,,,1,0,0,,25,14246.25,569.85,2536.19,28.92,0,0,25,4,9,25,0,30.000000000064357,27.550000002873222
CUST003886,,,,,,,0,0,0,,19,13910.820000000002,732.1484210526316,5103.67,18.9,0,0,19,9,5,0,0,19.25,12.434210528662566
CUST003887,,,,,,,0,0,0,,35,28639.570000000003,818.2734285714287,3974.16,57.37,0,0,35,8,8,0,0,14.0,11.650015021244265
CUST003888,,,,,,,0,0,0,,37,24393.649999999998,659.2878378378377,3673.54,26.31,0,0,36,10,8,0,0,14.000000167634129,11.729837196650339
CUST003889,,,,,,,0,0,0,,22,50830.18,2310.462727272727,42854.71,15.07,0,0,22,6,5,1,0,28.00000001141235,12.011364030963943
CUST003890,,,,,,,0,0,0,,25,20176.49,807.0596,3159.65,78.41,0,0,25,4,9,0,0,14.000000000012731,11.900008632537606
CUST003891,,,,,,,0,0,0,,23,15858.32,689.4921739130434,2937.04,36.83,0,0,23,4,8,0,0,14.000000000000812,11.945652388095057
CUST003892,,,,,,,0,0,0,,29,38986.780000000006,1344.3717241379313,11577.15,16.56,0,0,28,6,7,0,0,22.75,12.189655178751101
CUST003893,,,,,,,0,0,0,,21,15186.91,723.1861904761905,2455.01,12.89,0,0,21,2,6,0,0,7.0,4.500156987958237
CUST003894,,,,,,,0,0,0,,23,14231.449999999999,618.7586956521739,1680.46,27.42,0,0,23,3,7,0,0,14.000003987384742,11.641304554399394
CUST003895,,,,,,,0,0,0,,20,12586.99,629.3495,2049.81,52.9,0,0,20,6,6,0,0,14.0,11.462500000014895
CUST003896,,,,,,,0,0,0,,19,23616.36,1242.9663157894738,7844.13,30.02,0,0,19,6,7,0,0,19.25000001511753,12.61842105421231
CUST003897,,,,,,,0,0,0,,25,24587.529999999995,983.5011999999998,6464.44,14.97,0,0,25,8,6,0,0,19.25000000439023,12.040008256534897
CUST003898,,,,,,,0,0,0,,21,16980.67,808.6033333333332,2447.5,49.22,0,0,21,5,3,0,0,12.250001603570825,11.333335479553247
CUST003899,,,,,,,0,0,0,,30,19417.31,647.2436666666667,6375.29,53.24,0,0,30,8,7,0,0,19.25,12.016671759622927
CUST003900,,,,,,,0,0,0,,31,21354.830000000005,688.8654838709679,5177.14,16.84,0,0,31,8,7,0,0,19.25,11.741935636763612
CUST003901,,,,,,,0,0,0,,25,20048.690000000002,801.9476000000001,4643.67,61.75,0,0,25,6,6,0,0,14.000000000089356,11.900000000226765
CUST003902,,,,,,,0,0,0,,20,17911.260000000002,895.5630000000001,4734.43,43.78,0,0,20,5,5,0,0,17.5,12.162500004177392
CUST003903,,,,,,,0,0,0,,22,10943.57,497.435,1723.28,72.29,0,0,22,5,7,0,0,12.25000000417164,11.613636363942453
CUST003904,,,,,,,0,0,0,,27,15338.88,568.1066666666667,1890.5,68.53,0,0,27,5,7,0,0,14.000001473023206,11.73148274336197
CUST003905,,,,,,,0,0,0,,29,23744.259999999995,818.7675862068963,5050.59,44.57,0,0,29,7,5,0,0,19.25,11.706897063619481
CUST003906,,,,,,,0,0,0,,21,19992.98,952.0466666666666,4775.89,50.46,0,0,21,6,8,0,0,12.250000081804062,11.583333340775766
CUST003907,,,,,,,0,0,0,,26,19024.07,731.6949999999999,8823.5,28.75,0,0,25,4,7,0,0,22.75,12.384615392134098
CUST003908,,,,,,,0,0,0,,19,9967.8,524.6210526315789,1520.15,10.38,0,0,19,9,7,0,0,14.0,12.06578947368421
CUST003909,,,,,,,0,0,0,,26,15368.579999999998,591.0992307692306,2850.94,16.56,0,0,26,7,7,0,0,14.0,11.778846217430802
CUST003910,,,,,,,0,0,0,,22,16846.14,765.7336363636364,3375.22,11.51,0,0,22,6,7,0,0,12.25005511261946,11.454548153316507
CUST003911,,,,,,,0,0,0,,21,23130.64,1101.4590476190476,9040.27,9.05,0,0,21,5,6,1,0,29.75,12.416679011378365
CUST003912,,,,,,,0,0,0,,26,54332.7,2089.7192307692308,22937.51,25.07,0,0,26,7,7,0,0,19.25,12.451961510446772
CUST003913,,,,,,,0,0,0,,17,6781.62,398.9188235294118,1131.06,50.22,0,0,17,4,9,0,0,14.0,11.941176843326685
CUST003914,,,,,,,0,0,0,,26,24876.4,956.7846153846154,6831.94,32.16,0,0,25,8,5,0,0,17.5,11.846153859289124
CUST003915,,,,,,,0,0,0,,19,41383.69,2178.088947368421,28319.5,14.48,0,0,19,6,4,0,0,21.0,12.065789494483035
CUST003916,,,,,,,0,0,0,,27,26897.200000000004,996.1925925925927,9463.43,14.67,0,0,27,6,7,1,0,28.0,13.092594650267669
CUST003917,,,,,,,0,0,0,,22,7739.790000000001,351.8086363636364,1666.91,22.15,0,0,22,4,7,0,0,14.000000000076492,11.693181818186849
CUST003918,,,,,,,0,0,0,,22,11279.039999999999,512.6836363636363,1838.99,35.33,0,0,22,6,7,0,0,14.0,11.45454709911942
CUST003919,,,,,,,0,0,0,,14,8342.72,595.9085714285713,1902.99,19.23,0,0,14,3,2,0,0,14.00000001336589,11.125000007319084
CUST003920,,,,,,,0,0,0,,30,21634.51,721.1503333333333,4388.6,41.0,0,0,30,5,6,0,0,14.000000238385352,11.550000009211942
CUST003921,,,,,,,0,0,0,,33,23693.079999999998,717.9721212121211,6218.32,27.17,0,0,33,6,7,0,0,17.500449897079516,11.401529280044722
CUST003922,,,,,,,0,0,0,,25,21044.42,841.7768,4164.24,43.23,0,0,25,8,7,0,0,14.0,11.830031602825816
CUST003923,,,,,,,0,0,0,,18,11963.76,664.6533333333333,2449.62,29.78,0,0,18,4,7,0,0,14.000000000262842,11.763888891556538
CUST003924,,,,,,,0,0,0,,16,8193.03,512.064375,1881.15,107.47,0,0,16,6,6,0,0,14.0,11.812500000121801
CUST003925,,,,,,,0,0,0,,21,16214.85,772.1357142857144,4070.84,35.2,0,0,21,3,8,0,0,14.0,11.750000006742566
CUST003926,,,,,,,0,0,0,,25,33836.94,1353.4776000000002,12269.75,20.4,0,0,25,6,6,0,0,22.75,12.11000013421326
CUST003927,,,,,,,1,0,0,,21,11422.379999999997,543.922857142857,2307.16,68.32,0,0,21,2,8,0,0,21.250000002776368,20.666666667387474
CUST003928,,,,,,,0,0,0,,17,8603.11,506.0652941176471,1974.45,20.31,0,0,17,6,6,0,0,14.000000002155351,12.04411768029207
CUST003929,,,,,,,0,0,0,,26,17257.960000000003,663.7676923076924,7438.17,17.27,0,0,25,9,4,0,0,19.25,11.644230789964805
CUST003930,,,,,,,0,0,0,,26,19187.460000000003,737.9792307692309,4820.76,75.26,0,0,26,7,7,0,0,14.0,11.778847628825984
CUST003931,,,,,,,0,0,0,,24,24207.020000000004,1008.6258333333335,7993.44,50.43,0,0,24,8,8,0,0,17.5,12.395833333931344
CUST003932,,,,,,,0,0,0,,21,18281.890000000003,870.5661904761906,3332.98,9.24,0,0,21,6,5,0,0,14.0,11.750029431207608
CUST003933,,,,,,,0,0,0,,29,14732.33,508.0113793103448,2126.56,20.0,0,0,29,3,5,0,0,14.0,11.34482792287393
CUST003934,,,,,,,0,0,0,,20,20740.04,1037.002,3550.56,102.13,0,0,20,7,6,0,0,14.0,11.812500310200063
CUST003935,,,,,,,0,0,0,,31,18497.399999999998,596.6903225806451,3151.99,23.98,0,0,31,7,8,0,0,14.0,11.798387123850853
CUST003936,,,,,,,0,0,0,,26,25221.37,970.0526923076923,6580.81,22.5,0,0,26,6,7,0,0,19.25000020592893,12.451923086712194
CUST003937,,,,,,,0,0,0,,25,22819.64,912.7855999999999,9898.26,55.86,0,0,25,6,7,0,0,22.75,12.670000036938228
CUST003938,,,,,,,1,0,0,,20,21122.96,1056.148,10636.47,27.16,0,0,20,7,7,20,0,33.5,28.600000000158026
CUST003939,,,,,,,0,0,0,,23,22552.39,980.5386956521739,3749.91,53.23,0,0,23,6,5,0,0,14.0,11.336956524441797
CUST003940,,,,,,,0,0,0,,24,14655.31,610.6379166666667,2666.53,24.74,0,0,24,6,7,0,0,14.0,11.66668558515
CUST003941,,,,,,,0,0,0,,16,22559.23,1409.951875,9430.22,16.21,0,0,16,6,6,0,0,24.5,12.359375000394087
CUST003942,,,,,,,0,0,0,,24,13576.880000000001,565.7033333333334,2694.34,25.13,0,0,24,5,5,0,0,14.0,11.375001253300288
CUST003943,,,,,,,0,0,0,,20,9526.98,476.349,2684.77,45.48,0,0,20,4,2,0,0,14.0,11.112500000523344
CUST003944,,,,,,,0,0,0,,19,13684.15,720.2184210526316,3451.6,21.61,0,0,19,3,6,0,0,14.0,11.513157928968859
CUST003945,,,,,,,0,0,0,,26,10610.529999999999,408.09730769230765,1432.02,54.18,0,0,26,7,5,0,0,14.0,11.442317238061877
CUST003946,,,,,,,0,0,0,,21,15877.94,756.092380952381,3866.06,16.02,0,0,21,5,6,0,0,14.000000007738455,11.833333368135786
CUST003947,,,,,,,0,0,0,,20,6914.13,345.7065,1168.68,45.25,0,0,20,4,5,0,0,14.0,11.375000022695014
CUST003948,,,,,,,0,0,0,,20,15355.500000000002,767.7750000000001,3732.14,10.44,0,0,20,3,5,0,0,14.00000000201024,11.812500165410212
CUST003949,,,,,,,0,0,0,,31,17629.68,568.6993548387097,2818.67,15.75,0,0,31,6,7,0,0,14.000000050635434,11.572581208585182
CUST003950,,,,,,,0,0,0,,19,11075.9,582.9421052631578,1899.34,48.09,0,0,19,7,6,0,0,14.0,11.789486249594262
CUST003951,,,,,,,0,0,0,,25,7548.689999999999,301.94759999999997,1558.07,12.5,0,0,25,7,5,0,0,12.25,11.410000003721642
CUST003952,,,,,,,0,0,0,,22,17727.589999999997,805.7995454545453,2929.45,35.55,0,0,22,5,7,0,0,14.0,11.613638103527817
CUST003953,,,,,,,0,0,0,,19,19339.12,1017.8484210526316,7627.1,22.22,0,0,19,5,8,0,0,17.5,12.802631579182053
CUST003954,,,,,,,0,0,0,,26,18093.569999999996,695.9065384615383,3122.36,29.0,0,0,26,8,6,0,0,14.000000000003777,11.779666140405574
CUST003955,,,,,,,0,0,0,,22,13481.810000000001,612.8095454545455,2758.13,20.87,0,0,22,7,8,0,0,14.000000000004668,11.69318244878312
CUST003956,,,,,,,0,0,1,,29,22723.05,783.553448275862,5803.87,23.31,0,0,29,6,5,18,0,30.25,24.75863679054005
CUST003957,,,,,,,0,0,0,,28,14753.28,526.9028571428572,3905.15,13.27,0,0,28,9,4,0,0,14.0,11.50000074967961
CUST003958,,,,,,,0,0,0,,26,25669.36,987.2830769230769,8853.98,13.78,0,0,26,6,6,0,0,22.75,12.317307692444025
CUST003959,,,,,,,0,0,0,,18,12841.769999999999,713.4316666666666,2452.85,18.53,0,0,18,7,3,0,0,14.0,11.569444444444445
CUST003960,,,,,,,0,0,1,,23,13561.340000000002,589.6234782608697,5882.22,55.93,0,0,23,7,7,17,0,32.0,24.923913059591975
CUST003961,,,,,,,0,0,0,,18,11709.87,650.5483333333334,1951.9,49.55,0,0,18,4,9,0,0,14.000000000000204,12.15277777777779
CUST003962,,,,,,,0,0,0,,21,21812.1,1038.6714285714286,6102.98,23.82,0,0,21,4,6,0,0,19.25000001200192,11.833333353061747
CUST003963,,,,,,,0,0,0,,23,22605.050000000003,982.8282608695654,5577.3,34.08,0,0,23,5,6,0,0,19.25,11.945652194379344
CUST003964,,,,,,,0,0,0,,22,15944.990000000002,724.7722727272728,3671.37,74.27,0,0,22,8,3,0,0,14.0,11.454545631978013
CUST003965,,,,,,,0,0,0,,21,28562.37,1360.1128571428571,13691.47,28.02,0,0,21,6,4,1,0,26.25,12.08333411227937
CUST003966,,,,,,,0,0,0,,20,19941.819999999996,997.0909999999998,5543.49,54.51,0,0,20,5,7,0,0,17.500000000495174,11.900000009832358
CUST003967,,,,,,,0,0,0,,29,11176.84,385.408275862069,1366.61,17.74,0,0,29,8,8,0,0,14.000000000297366,11.887931345394112
CUST003968,,,,,,,0,0,0,,30,22237.620000000003,741.2540000000001,3103.15,18.92,0,0,30,6,7,0,0,14.0,11.783333337975428
CUST003969,,,,,,,1,0,0,,26,25324.210000000003,974.008076923077,12891.08,7.56,0,0,26,7,9,26,0,35.2500000000006,27.846153846187462
CUST003970,,,,,,,0,0,0,,34,62335.03999999999,1833.3835294117646,41700.17,21.23,0,0,33,6,9,1,0,28.0,12.455889551926312
CUST003971,,,,,,,0,0,0,,25,18122.389999999996,724.8955999999998,6729.82,19.72,0,0,25,5,7,0,0,19.25,11.690000069834312
CUST003972,,,,,,,0,0,0,,17,9077.249999999998,533.9558823529411,1412.05,16.54,0,0,17,6,4,0,0,12.250016671796914,11.42647156892923
CUST003973,,,,,,,0,0,0,,23,39692.33999999999,1725.7539130434777,20833.81,30.93,0,0,23,6,8,0,0,22.750000028890465,12.782612613061517
CUST003974,,,,,,,0,0,0,,18,8126.33,451.4627777777778,1690.6,18.93,0,0,18,6,3,0,0,12.25000003271401,11.277778242977227
CUST003975,,,,,,,0,0,0,,21,16796.86,799.8504761904762,7760.53,37.1,0,0,21,9,7,0,0,21.0,12.166666679593433
CUST003976,,,,,,,0,0,0,,40,19451.02,486.2755,1730.25,33.22,0,0,40,6,11,0,0,14.000012301952935,11.72500281936463
CUST003977,,,,,,,0,0,0,,21,13658.07,650.3842857142857,2198.96,28.19,0,0,21,4,4,0,0,14.0,11.083333341191462
CUST003978,,,,,,,0,0,0,,25,20021.260000000002,800.8504,3143.08,20.87,0,0,25,4,8,0,0,17.50000000868309,12.600015178812571
CUST003979,,,,,,,0,0,0,,19,12616.429999999998,664.0226315789473,2824.5,85.68,0,0,19,5,5,0,0,14.0,11.513157894736842
CUST003980,,,,,,,0,0,0,,17,16225.61,954.4476470588236,7485.78,23.46,0,0,17,4,3,0,0,19.25,11.632352941569934
CUST003981,,,,,,,0,0,1,,21,12750.959999999997,607.1885714285713,4167.57,47.57,0,0,21,7,9,14,0,26.75000000002591,24.666667349223694
CUST003982,,,,,,,0,0,0,,23,11923.259999999998,518.4026086956521,2067.61,40.62,0,0,23,4,6,0,0,12.250000024910676,11.565217392423738
CUST003983,,,,,,,0,0,0,,37,16465.280000000002,445.00756756756766,1810.22,25.89,0,0,37,10,10,0,0,14.000000000002943,11.635136297178372
CUST003984,,,,,,,0,0,0,,27,17116.440000000002,633.9422222222223,2731.17,24.52,0,0,27,8,5,0,0,14.000000001093852,11.796296379250164
CUST003985,,,,,,,0,0,0,,29,25195.57,868.8127586206897,6036.79,47.34,0,0,29,6,6,0,0,17.5,11.887931060567242
CUST003986,,,,,,,0,0,0,,22,8965.65,407.5295454545454,1013.18,51.12,0,0,22,5,9,0,0,14.0,11.772727285746576
CUST003987,,,,,,,0,0,0,,23,13310.85,578.7326086956522,2563.91,16.04,0,0,23,6,5,0,0,14.0,11.641304383420726
CUST003988,,,,,,,0,0,0,,22,18767.3,853.0590909090909,5121.41,18.14,0,0,22,5,3,0,0,21.0,11.45454722710894
CUST003989,,,,,,,0,0,0,,23,26960.489999999998,1172.1952173913044,6594.19,29.01,0,0,23,6,5,0,0,17.500000010126943,12.02173914535296
CUST003990,,,,,,,0,0,0,,25,19291.519999999997,771.6607999999999,7634.41,12.24,0,0,25,6,4,0,0,19.25,11.760000113217565
CUST003991,,,,,,,0,0,0,,34,17311.85,509.17205882352937,2068.06,7.92,0,0,34,7,7,0,0,14.00000080562038,11.78989673231987
CUST003992,,,,,,,0,0,0,,22,9705.639999999998,441.16545454545445,1855.32,43.17,0,0,22,6,6,0,0,14.0,11.77272729579342
CUST003993,,,,,,,0,0,0,,22,33477.35,1521.6977272727272,10305.24,42.35,0,0,22,5,7,0,0,17.500186259023234,12.09091757769432
CUST003994,,,,,,,0,0,0,,17,15749.490000000002,926.4405882352942,3166.06,48.95,0,0,17,6,3,0,0,12.25,11.632353404867422
CUST003995,,,,,,,0,0,0,,21,11116.4,529.3523809523809,3763.0,25.89,0,0,21,4,4,0,0,14.000008074415728,12.00000038913351
CUST003996,,,,,,,0,0,0,,23,11280.7,490.4652173913044,2088.12,34.59,0,0,23,6,6,0,0,14.0,12.021739184625721
CUST003997,,,,,,,0,0,0,,23,11709.79,509.12130434782614,2647.27,9.52,0,0,23,6,4,0,0,14.000000001172108,11.793478273047313
CUST003998,,,,,,,1,0,0,,23,16902.100000000002,734.8739130434784,3165.85,6.46,0,0,23,5,6,23,0,30.0,27.4891304361984
CUST003999,,,,,,,0,0,0,,17,17099.39,1005.8464705882352,5545.62,142.39,0,0,17,4,3,0,0,19.25,11.735294136384937
CUST004000,,,,,,,0,0,0,,29,25254.659999999996,870.8503448275861,4994.35,43.46,0,0,29,7,7,0,0,14.000000222105555,11.526062244650364
CUST004001,,,,,,,0,0,0,,26,24809.409999999996,954.2080769230768,11885.15,58.48,0,0,26,5,8,0,0,19.25000000207634,12.115384663830431
CUST004002,,,,,,,0,0,0,,25,14248.88,569.9552,2385.34,22.72,0,0,25,10,5,0,0,14.000000000017966,11.970000000576954
CUST004003,,,,,,,0,0,0,,28,15174.310000000001,541.9396428571429,3488.46,18.96,0,0,28,7,7,0,0,14.000000046219531,11.56250183060779
CUST004004,,,,,,,0,0,0,,21,14677.59,698.9328571428572,2125.71,16.15,0,0,21,4,5,0,0,14.0,11.500000004007356
CUST004005,,,,,,,1,0,0,,19,10944.25,576.0131578947369,3016.62,12.37,0,0,19,4,5,19,0,30.0,27.14473684241591
CUST004006,,,,,,,0,0,0,,29,18641.91,642.8244827586207,2794.57,80.86,0,0,29,8,7,0,0,14.00000000009625,11.706897622881375
CUST004007,,,,,,,0,0,0,,22,15381.02,699.1372727272727,3343.73,56.45,0,0,22,5,6,0,0,14.000000022308653,11.534096993787854
CUST004008,,,,,,,0,0,0,,39,34557.29,886.084358974359,3972.14,32.89,0,0,38,8,6,0,0,14.000092749985066,11.756427867574638
CUST004009,,,,,,,0,0,0,,25,15075.070000000002,603.0028000000001,2509.01,61.46,0,0,25,7,9,0,0,14.0,11.830000109303315
CUST004010,,,,,,,0,0,0,,24,15281.6,636.7333333333333,3578.78,23.7,0,0,24,6,7,0,0,12.250000002163574,11.593750000244661
CUST004011,,,,,,,0,0,0,,14,15736.32,1124.0228571428572,2766.43,16.88,0,0,14,4,6,0,0,14.000000000006263,12.00000000000047
CUST004012,,,,,,,0,0,0,,23,39125.60999999999,1701.1134782608692,13837.28,26.04,0,0,23,5,5,1,0,29.75,12.706540367297425
CUST004013,,,,,,,0,0,0,,23,13904.710000000001,604.5526086956522,3812.0,8.34,0,0,23,4,6,0,0,14.0,11.565218120389401
CUST004014,,,,,,,0,1,0,,17,10934.380000000001,643.1988235294118,1974.76,31.4,0,0,17,5,4,17,0,47.49999999999999,45.13235299007484
CUST004015,,,,,,,0,0,0,,29,22282.860000000004,768.3744827586208,5371.26,33.58,0,0,29,8,7,0,0,19.250011393268828,11.948279107390782
CUST004016,,,,,,,0,0,0,,28,24012.230000000003,857.579642857143,3243.01,21.78,0,0,28,5,5,0,0,14.0,11.250000843009918
CUST004017,,,,,,,0,0,0,,27,24506.729999999996,907.6566666666665,6404.85,19.91,0,0,27,5,4,0,0,21.0,11.92595426598824
CUST004018,,,,,,,0,0,0,,20,11418.199999999999,570.91,1345.32,45.18,0,0,20,6,7,0,0,14.0,11.725005327825812
CUST004019,,,,,,,0,0,0,,25,15485.789999999999,619.4316,1963.04,74.75,0,0,25,7,7,0,0,14.00000049933645,11.760000290890952
CUST004020,,,,,,,0,0,0,,27,38698.05,1433.2611111111112,10450.76,15.43,0,0,27,7,7,2,0,29.76317055017777,13.48196928334229
CUST004021,,,,,,,0,0,0,,15,8102.86,540.1906666666666,2664.02,41.52,0,0,15,4,5,0,0,14.0,11.433333451551524
CUST004022,,,,,,,0,0,0,,31,21468.12,692.52,2406.99,11.91,0,0,31,9,8,0,0,14.0,11.798511899327334
CUST004023,,,,,,,0,0,0,,24,14320.849999999999,596.7020833333332,2128.86,13.84,0,0,24,6,6,0,0,14.0,11.958333558115806
CUST004024,,,,,,,0,0,0,,28,20310.630000000005,725.379642857143,5030.56,61.67,0,0,27,7,5,0,0,17.5,11.93750133092067
CUST004025,,,,,,,0,0,0,,17,16411.62,965.3894117647059,5054.71,35.55,0,0,17,4,6,0,0,21.0,12.558825940884098
CUST004026,,,,,,,0,0,0,,24,33814.68000000001,1408.9450000000004,11675.94,46.97,0,0,24,3,8,0,0,19.25012080434453,12.104209097539206
CUST004027,,,,,,,0,0,0,,26,16541.34,636.2053846153847,3720.82,16.68,0,0,26,7,8,0,0,14.0,11.846153848205041
CUST004028,,,,,,,0,0,0,,29,13886.179999999998,478.8337931034482,2699.47,18.23,0,0,29,6,7,0,0,14.0,11.706896830738101
CUST004029,,,,,,,0,0,0,,23,8881.239999999998,386.1408695652173,1214.92,5.22,0,0,23,5,5,0,0,14.0,11.48913066505261
CUST004030,,,,,,,0,0,0,,14,11622.529999999999,830.1807142857142,4353.23,13.14,0,0,14,3,5,0,0,12.250000006649012,11.62500000264892
CUST004031,,,,,,,0,0,0,,14,5177.82,369.8442857142857,972.82,45.38,0,0,14,4,5,0,0,14.0,11.875000091979704
CUST004032,,,,,,,1,0,0,,25,14146.990000000002,565.8796000000001,2162.34,47.42,0,0,25,6,6,25,0,30.00000000046372,27.480000000019153
CUST004033,,,,,,,0,0,0,,30,32629.619999999995,1087.6539999999998,4478.97,51.45,0,0,30,5,7,0,0,14.000000000035175,12.133336579767622
CUST004034,,,,,,,0,0,0,,23,22418.440000000002,974.7147826086957,5774.66,31.64,0,0,23,7,6,0,0,21.0,12.09782608742687
CUST004035,,,,,,,0,0,0,,32,13419.86,419.370625,1412.92,34.24,0,0,32,9,8,0,0,12.25009180456695,11.648440369986083
CUST004036,,,,,,,0,0,0,,18,8451.739999999998,469.541111111111,2766.08,59.24,0,0,18,5,5,0,0,14.0,11.763889284935072
CUST004037,,,,,,,0,0,0,,27,26600.500000000004,985.2037037037038,5506.43,39.28,0,0,27,3,9,0,0,21.000002410435737,11.925926238754103
CUST004038,,,,,,,0,0,0,,29,13188.25,454.76724137931035,2430.02,5.6,0,0,29,6,6,0,0,14.0,11.34482814883385
CUST004039,,,,,,,0,0,0,,26,20219.53,777.6742307692307,5009.46,41.0,0,0,26,4,7,0,0,17.5,11.980769931293953
CUST004040,,,,,,,0,0,0,,25,12658.159999999998,506.3263999999999,2413.66,24.2,0,0,25,7,7,0,0,14.0,11.76000721880632
CUST004041,,,,,,,0,0,0,,31,16743.46,540.1116129032258,2028.55,41.12,0,0,31,9,5,0,0,14.000000000569866,11.459677420526294
CUST004042,,,,,,,0,0,0,,23,14320.64,622.6365217391304,2303.32,49.84,0,0,23,6,9,0,0,14.0,11.717391335386303
CUST004043,,,,,,,0,0,0,,26,17142.510000000002,659.3273076923077,6449.9,18.21,0,0,26,3,6,0,0,21.0,11.913462363083399
CUST004044,,,,,,,0,0,0,,25,16055.619999999999,642.2248,4242.38,84.42,0,0,25,9,5,0,0,14.00000026151909,11.900000037066098
CUST004045,,,,,,,0,0,0,,27,21855.99,809.4811111111112,3660.11,10.85,0,0,27,5,7,0,0,14.00000000016202,11.601851949200514
CUST004046,,,,,,,0,0,0,,34,41836.99999999999,1230.4999999999998,11721.56,7.48,0,0,33,6,8,0,0,22.75,12.558834159335916
CUST004047,,,,,,,0,0,0,,21,17760.96,845.76,4224.8,59.9,0,0,21,5,7,0,0,14.0,11.750000158801006
CUST004048,,,,,,,0,0,0,,28,19206.250000000004,685.9375000000001,2883.19,108.07,0,0,27,6,7,0,0,14.0,11.562500002784075
CUST004049,,,,,,,0,0,0,,28,17349.91,619.6396428571428,3894.17,51.22,0,0,28,6,7,0,0,14.0,11.437500095249817
CUST004050,,,,,,,0,0,0,,27,25776.370000000003,954.6803703703705,8514.82,50.96,0,0,27,7,6,0,0,24.5,11.990756050068686
CUST004051,,,,,,,0,0,0,,29,14989.04,516.8634482758621,2625.73,19.17,0,0,29,8,6,0,0,14.0,11.948275862152915
CUST004052,,,,,,,0,0,0,,20,10124.43,506.2215,2091.15,47.43,0,0,20,5,8,0,0,14.000000000001432,11.637500039106186
CUST004053,,,,,,,0,0,0,,20,9658.43,482.92150000000004,3323.48,39.83,0,0,20,3,4,0,0,12.250000005627344,11.200000000423127
CUST004054,,,,,,,0,0,0,,23,29348.210000000003,1276.0091304347827,8723.91,40.31,0,0,23,8,8,1,0,28.0,13.391304385188263
CUST004055,,,,,,,0,0,0,,22,8119.289999999999,369.0586363636363,1751.14,6.58,0,0,22,8,7,0,0,14.00000000162572,11.931818182226033
CUST004056,,,,,,,0,0,0,,22,10161.809999999998,461.90045454545447,1758.73,38.77,0,0,22,6,7,0,0,14.0,11.454545465392824
CUST004057,,,,,,,0,0,0,,20,13584.99,679.2495,2206.23,66.55,0,0,20,6,5,0,0,14.0,11.987501244315077
CUST004058,,,,,,,0,0,0,,21,15259.869999999999,726.6604761904762,3867.75,19.32,0,0,21,6,6,0,0,14.0,11.666666677277838
CUST004059,,,,,,,0,0,0,,22,16658.29,757.195,3224.74,48.34,0,0,21,6,6,0,0,14.0,11.772727368726446
CUST004060,,,,,,,0,0,0,,25,29681.51,1187.2604,6234.26,17.97,0,0,25,7,6,0,0,21.0,12.1100000055117
CUST004061,,,,,,,0,0,0,,32,17892.690000000002,559.1465625000001,2475.99,25.03,0,0,32,6,7,0,0,14.0,11.37500304084067
CUST004062,,,,,,,0,0,0,,22,14026.34,637.5609090909091,1897.68,21.07,0,0,22,8,6,0,0,14.0,11.852272911383249
CUST004063,,,,,,,0,0,0,,27,17320.31,641.492962962963,3674.73,39.6,0,0,27,7,8,0,0,14.000000000220156,11.796296297936031
CUST004064,,,,,,,0,0,0,,17,22129.1,1301.7117647058822,14459.85,45.24,0,0,17,5,6,0,0,17.5,12.250000000043173
CUST004065,,,,,,,0,0,0,,27,20375.97,754.6655555555556,4544.01,53.06,0,0,27,7,3,0,0,15.749999999999998,11.731481584185191
CUST004066,,,,,,,0,0,0,,22,14708.259999999998,668.5572727272727,2230.37,38.67,0,0,22,4,5,0,0,12.250000066652827,11.295454710513825
CUST004067,,,,,,,0,0,0,,13,6861.639999999999,527.8184615384615,2358.16,42.33,0,0,13,4,3,0,0,14.0,11.711553517607406
CUST004068,,,,,,,0,0,0,,24,13373.16,557.215,5546.14,9.39,0,0,24,6,6,0,0,19.25,11.958333592479919
CUST004069,,,,,,,0,0,0,,24,18494.609999999997,770.6087499999999,3949.41,11.37,0,0,24,7,5,0,0,14.000000000000176,12.031250064645038
CUST004070,,,,,,,1,0,0,,24,14205.810000000001,591.90875,4318.99,21.42,0,0,24,7,7,24,0,30.0,27.7395833402331
CUST004071,,,,,,,0,0,0,,28,18580.319999999996,663.582857142857,4144.57,9.71,0,0,26,5,6,0,0,14.0,11.43750020099804
CUST004072,,,,,,,0,0,1,,19,18189.86,957.361052631579,5281.73,32.71,0,0,19,6,8,13,0,30.250067446339305,24.907898395574396
CUST004073,,,,,,,0,0,0,,32,26051.82,814.119375,5745.07,29.41,0,0,32,7,8,0,0,17.5,11.812501963643916
CUST004074,,,,,,,0,0,0,,15,8114.14,540.9426666666667,1540.59,35.88,0,0,15,5,2,0,0,12.250000206546286,11.433333351490331
CUST004075,,,,,,,0,0,0,,21,21300.73,1014.3204761904761,4849.96,26.31,0,0,21,5,4,0,0,15.749999999999998,11.666672042613826
CUST004076,,,,,,,0,0,0,,21,26645.839999999997,1268.8495238095236,10053.12,41.26,0,0,21,4,3,0,0,17.5,11.916666689040264
CUST004077,,,,,,,0,0,0,,20,21073.88,1053.694,7472.94,42.07,0,0,20,5,4,0,0,17.5,12.075000026913438
CUST004078,,,,,,,0,0,0,,28,15912.999999999998,568.3214285714286,3077.37,6.36,0,0,28,4,8,0,0,14.0,11.625000001319439
CUST004079,,,,,,,0,0,0,,27,19401.66,718.58,5025.56,36.22,0,0,27,5,5,0,0,17.500021799739557,11.731497160459437
CUST004080,,,,,,,0,0,0,,36,34764.83,965.6897222222223,7021.38,21.4,0,0,36,7,5,0,0,19.250564839681957,12.006960136304622
CUST004081,,,,,,,0,0,1,,20,23452.469999999998,1172.6235,7048.93,24.21,0,0,20,6,7,17,0,32.0,25.61250000103372
CUST004082,,,,,,,0,0,0,,25,14444.13,577.7651999999999,2567.35,31.16,0,0,25,10,8,0,0,14.00000000884192,12.040002889073817
CUST004083,,,,,,,0,0,0,,33,22571.34,683.98,3410.84,20.99,0,0,33,8,6,0,0,14.00000828491646,11.719697363944157
CUST004084,,,,,,,0,0,0,,22,12786.689999999997,581.2131818181816,2337.12,16.0,0,0,22,6,9,0,0,14.0,12.011374592355507
CUST004085,,,,,,,0,0,0,,30,15311.6,510.38666666666666,2342.98,28.3,0,0,30,9,7,0,0,14.0,11.90000000023333
CUST004086,,,,,,,0,0,0,,27,14618.66,541.4318518518519,3026.89,13.11,0,0,27,6,5,0,0,14.000000000003135,11.472223177937671
CUST004087,,,,,,,0,0,0,,20,9684.490000000002,484.2245000000001,1647.12,14.58,0,0,20,4,7,0,0,12.250000000183991,11.725000000345274
CUST004088,,,,,,,0,0,0,,31,13170.55,424.8564516129032,1256.95,51.07,0,0,31,9,7,0,0,14.0,11.854838858082713
CUST004089,,,,,,,0,0,0,,29,20444.99,704.9996551724139,7106.9,28.74,0,0,29,9,6,0,0,17.5,12.129310349485026
CUST004090,,,,,,,0,0,0,,24,9702.77,404.28208333333333,1426.78,26.96,0,0,24,7,7,0,0,12.25000000009088,11.520834845316209
CUST004091,,,,,,,0,0,0,,28,20504.530000000002,732.304642857143,3010.35,106.14,0,0,28,9,7,0,0,14.00000009499464,11.750037003189007
CUST004092,,,,,,,0,0,0,,24,28711.809999999998,1196.3254166666666,8172.74,109.49,0,0,24,4,7,0,0,22.75,12.469023862068179
CUST004093,,,,,,,0,0,0,,15,21378.0,1425.2,8801.51,79.69,0,0,15,2,3,0,0,17.50140137873136,4.785013976118635
CUST004094,,,,,,,0,0,0,,28,29631.909999999996,1058.2824999999998,12282.5,10.49,0,0,28,9,6,0,0,21.0,12.312500159053211
CUST004095,,,,,,,0,0,0,,27,16489.329999999998,610.7159259259258,3648.72,44.96,0,0,27,6,6,0,0,14.0,11.601854753040735
CUST004096,,,,,,,0,0,0,,21,14452.91,688.2338095238096,4999.84,39.52,0,0,20,5,5,0,0,14.0,11.666666666671821
CUST004097,,,,,,,0,0,0,,30,25545.379999999997,851.5126666666666,7747.56,28.02,0,0,30,8,6,0,0,22.75,12.19211612449138
CUST004098,,,,,,,0,0,0,,25,22952.270000000004,918.0908000000002,3883.3,26.54,0,0,25,5,7,0,0,14.0,11.410246185251896
CUST004099,,,,,,,0,0,0,,23,15924.189999999999,692.3560869565217,4061.54,35.1,0,0,23,7,6,0,0,14.00000000668866,11.565217392051808
CUST004100,,,,,,,0,0,0,,23,31884.54,1386.284347826087,16524.92,11.24,0,0,23,9,6,0,0,24.500000027477583,12.326088192729268
CUST004101,,,,,,,0,0,0,,26,14793.36,568.9753846153847,2301.08,23.79,0,0,26,5,5,0,0,14.0,11.778846156580032
CUST004102,,,,,,,0,0,0,,31,24857.449999999997,801.8532258064515,3852.9,27.71,0,0,31,6,8,0,0,14.0,11.7419355495207
CUST004103,,,,,,,0,0,0,,21,9238.91,439.9480952380952,1845.8,37.26,0,0,21,2,7,0,0,7.0,4.500000850553566
CUST004104,,,,,,,0,0,0,,23,17917.71,779.0308695652174,3112.71,38.57,0,0,23,6,6,0,0,14.0,11.641305083216283
CUST004105,,,,,,,0,0,0,,22,11185.61,508.4368181818182,2170.04,107.83,0,0,22,9,6,0,0,14.000000000045794,11.852272878372776
CUST004106,,,,,,,0,0,0,,18,8462.49,470.1383333333333,1370.25,20.9,0,0,17,4,4,0,0,12.250000000845954,11.569444445929836
CUST004107,,,,,,,0,0,0,,25,9492.67,379.7068,2006.24,70.71,0,0,25,7,7,0,0,14.0,11.550000082196568
CUST004108,,,,,,,0,0,0,,19,17550.590000000004,923.7152631578949,7984.82,17.97,0,0,19,6,4,0,0,19.25,12.065789667607012
CUST004109,,,,,,,0,0,0,,21,13245.189999999999,630.7233333333332,2895.76,48.51,0,0,21,5,9,0,0,14.000000000000233,11.833333333333345
CUST004110,,,,,,,0,0,0,,19,10133.77,533.3563157894737,3697.2,38.52,0,0,19,3,7,0,0,14.000000136531218,11.513157901990311
CUST004111,,,,,,,0,0,0,,18,7086.6,393.70000000000005,1882.52,26.57,0,0,18,5,6,0,0,14.0,11.666666666816047
CUST004112,,,,,,,1,0,0,,30,17352.21,578.4069999999999,4507.11,15.83,0,0,30,8,5,30,0,30.0,27.841666667604628
CUST004113,,,,,,,0,0,0,,28,22273.390000000003,795.4782142857144,4324.63,38.61,0,0,28,7,6,0,0,14.000068516187456,11.625002447040814
CUST004114,,,,,,,0,0,0,,28,14186.730000000001,506.66892857142864,3165.0,27.1,0,0,28,7,7,0,0,14.0,11.687500008740022
CUST004115,,,,,,,0,0,0,,19,14729.42,775.2326315789473,3157.06,35.13,0,0,19,4,8,0,0,14.0,11.881578948576967
CUST004116,,,,,,,0,0,0,,25,17628.920000000002,705.1568000000001,4997.01,36.1,0,0,25,6,4,0,0,14.0,11.55000002533141
CUST004117,,,,,,,0,0,0,,29,18772.42,647.3248275862069,3548.49,53.36,0,0,28,6,11,0,0,14.0,11.767241742652253
CUST004118,,,,,,,0,0,0,,30,17016.460000000003,567.2153333333334,4327.46,35.12,0,0,30,9,6,0,0,14.00000000000072,11.72500012435869
CUST004119,,,,,,,0,0,0,,21,21973.929999999997,1046.377619047619,5248.04,79.93,0,0,21,5,8,0,0,19.25,12.416666670590587
CUST004120,,,,,,,0,0,1,,21,16474.67,784.5080952380952,3656.05,34.3,0,0,21,5,5,9,0,26.75,24.16666666670202
CUST004121,,,,,,,0,0,0,,26,13380.909999999998,514.6503846153845,2715.46,30.53,0,0,26,7,7,0,0,14.0,11.980769231592088
CUST004122,,,,,,,0,0,0,,22,9577.179999999998,435.32636363636357,2737.1,71.43,0,0,22,5,5,0,0,14.000000000801156,11.772727308537116
CUST004123,,,,,,,0,0,0,,25,22370.019999999997,894.8007999999999,3811.86,77.02,0,0,25,6,6,0,0,14.0,11.900000109456943
CUST004124,,,,,,,0,0,0,,23,16934.68,736.2904347826087,3181.33,79.91,0,0,23,4,6,0,0,12.25,11.413044976923384
CUST004125,,,,,,,0,0,0,,18,7239.389999999999,402.1883333333333,1504.55,25.4,0,0,18,6,6,0,0,14.000000036705284,12.152777779913086
CUST004126,,,,,,,0,0,0,,20,22546.670000000002,1127.3335000000002,10784.85,88.24,0,0,20,6,8,0,0,17.5,12.162500073996474
CUST004127,,,,,,,0,0,0,,19,8571.939999999999,451.1547368421052,2182.61,36.22,0,0,19,5,8,0,0,14.00000000003065,11.789473685996136
CUST004128,,,,,,,0,0,0,,33,38723.41,1173.4366666666667,14891.6,12.86,0,0,33,5,8,0,0,17.5,11.878787956645786
CUST004129,,,,,,,0,0,0,,17,12636.520000000002,743.3247058823531,3778.56,32.37,0,0,17,6,6,0,0,14.0,12.147058823529411
CUST004130,,,,,,,0,0,0,,23,16169.2,703.008695652174,3973.34,23.64,0,0,23,6,8,0,0,14.0,11.48913043478534
CUST004131,,,,,,,0,0,0,,33,26774.659999999996,811.3533333333332,4733.64,46.04,0,0,33,8,7,0,0,14.0,11.878787899133982
CUST004132,,,,,,,0,0,0,,23,28539.92,1240.8660869565217,8305.65,21.99,0,0,23,6,6,0,0,22.75,12.250000404690454
CUST004133,,,,,,,0,0,0,,25,17798.39,711.9356,4549.91,40.1,0,0,25,8,4,0,0,14.000000291313317,11.690000328653088
CUST004134,,,,,,,0,0,0,,19,19598.550000000003,1031.5026315789476,4182.53,28.26,0,0,19,4,5,0,0,14.000000012843822,11.513157895417155
CUST004135,,,,,,,0,0,0,,18,13610.529999999999,756.1405555555555,5576.92,59.74,0,0,18,7,7,0,0,21.0,12.250000137170508
CUST004136,,,,,,,0,0,0,,30,26677.02,889.234,11528.51,47.7,0,0,30,8,8,0,0,21.0,12.07500017291473
CUST004137,,,,,,,0,0,0,,32,18431.23,575.9759375,2717.62,31.02,0,0,32,8,6,0,0,14.0000000120531,11.594043069283629
CUST004138,,,,,,,0,0,0,,27,15258.33,565.1233333333333,2520.98,35.54,0,0,27,8,6,0,0,14.000000823616912,11.925926150702386
CUST004139,,,,,,,0,0,0,,32,14470.07,452.1896875,1812.82,8.62,0,0,32,8,6,0,0,14.000000000213811,11.867188981305555
CUST004140,,,,,,,0,0,0,,30,20791.780000000002,693.0593333333334,4484.46,11.19,0,0,30,6,6,0,0,14.0,11.491684260815871
CUST004141,,,,,,,0,0,0,,22,13324.07,605.6395454545454,5606.29,32.33,0,0,22,5,8,0,0,19.25,12.17045454839875
CUST004142,,,,,,,0,0,0,,19,26917.940000000006,1416.7336842105267,17101.9,31.08,0,0,19,5,6,0,0,19.25,11.697380147597883
CUST004143,,,,,,,0,0,0,,17,17468.15,1027.5382352941178,5736.87,40.02,0,0,17,6,6,0,0,17.5,12.970588235996082
CUST004144,,,,,,,0,0,0,,23,23357.269999999997,1015.5334782608694,6510.79,53.58,0,0,23,8,6,0,0,17.5,12.326087912397751
CUST004145,,,,,,,0,0,0,,26,23061.88,886.9953846153846,10442.67,23.2,0,0,26,7,5,0,0,17.5,11.913461657094622
CUST004146,,,,,,,0,0,0,,32,18220.47,569.3896875,3183.34,42.18,0,0,32,8,9,0,0,14.0,11.70323407637597
CUST004147,,,,,,,0,0,0,,30,31005.54,1033.518,5465.31,18.61,0,0,30,5,8,0,0,19.25000000667374,12.016666698615643
CUST004148,,,,,,,0,0,0,,18,10242.32,569.0177777777777,4105.49,39.99,0,0,18,7,5,0,0,14.000000000123446,11.86111113494852
CUST004149,,,,,,,0,0,0,,18,8691.800000000001,482.87777777777785,2051.42,35.09,0,0,18,4,2,0,0,14.0,11.47222222375426
CUST004150,,,,,,,0,0,0,,21,15945.259999999998,759.2980952380951,3845.7,38.87,0,0,21,6,4,0,0,14.0,11.833333364456237
CUST004151,,,,,,,0,0,0,,19,22085.309999999998,1162.3847368421052,9057.74,15.47,0,0,19,7,5,0,0,22.750004757786503,12.157894987577714
CUST004152,,,,,,,0,0,0,,23,15971.140000000003,694.3973913043479,3367.2,10.77,0,0,23,3,5,0,0,14.000000233029114,11.489131077688759
CUST004153,,,,,,,0,0,0,,24,21010.77,875.44875,5313.63,58.02,0,0,24,5,7,0,0,19.25,11.885416684943507
CUST004154,,,,,,,0,0,1,,17,10618.21,624.600588235294,1892.58,116.25,0,0,17,5,3,8,0,26.75,24.176470589285312
CUST004155,,,,,,,0,0,0,,23,28886.99,1255.9560869565219,12560.42,19.13,0,0,23,7,6,0,0,19.25,12.021739132380093
CUST004156,,,,,,,0,0,0,,27,24603.77,911.2507407407408,7093.76,52.52,0,0,27,8,8,0,0,19.25,11.92592592592901
CUST004157,,,,,,,1,0,0,,25,13818.7,552.748,3584.03,46.56,0,0,24,7,6,25,0,30.000000000003084,27.620000000031123
CUST004158,,,,,,,0,0,0,,18,9435.96,524.2199999999999,3633.04,30.32,0,0,17,5,6,0,0,14.000000000000012,11.666666666668183
CUST004159,,,,,,,0,0,0,,32,20467.46,639.608125,7789.71,15.34,0,0,32,6,7,0,0,17.5,12.03125018569224
CUST004160,,,,,,,0,0,0,,25,19858.28,794.3312,5629.03,45.16,0,0,24,8,7,0,0,17.5,11.830003545131158
CUST004161,,,,,,,0,0,0,,12,13432.889999999998,1119.4074999999998,6773.89,21.84,0,0,12,5,5,0,0,14.000000000176785,12.104166667292922
CUST004162,,,,,,,0,0,0,,11,14551.82,1322.8927272727271,6175.25,55.12,0,0,11,3,4,0,0,12.25000131788865,11.613636483659635
CUST004163,,,,,,,0,0,0,,24,23476.54,978.1891666666667,3660.48,49.42,0,0,24,6,5,0,0,14.0,11.447919178768382
CUST004164,,,,,,,0,0,0,,30,14042.289999999999,468.0763333333333,2993.05,29.8,0,0,30,5,9,0,0,14.0,11.433337442400234
CUST004165,,,,,,,0,0,0,,25,16502.72,660.1088000000001,6986.77,10.92,0,0,25,5,7,0,0,21.0,11.760000001136683
CUST004166,,,,,,,0,0,0,,34,34630.37,1018.5402941176471,10794.42,28.38,0,0,34,7,5,0,0,24.500000798962454,12.095594982618685
CUST004167,,,,,,,0,0,0,,29,29679.44,1023.4289655172413,8163.62,9.83,0,0,29,7,7,1,0,28.0,11.948286573769849
CUST004168,,,,,,,0,0,0,,24,45425.64,1892.735,28229.79,30.69,0,0,24,9,8,1,0,26.25,12.468751652693394
CUST004169,,,,,,,0,0,0,,15,13392.380000000001,892.8253333333334,4838.07,43.4,0,0,15,2,5,0,0,7.0,4.550000085055185
CUST004170,,,,,,,0,0,0,,21,13052.44,621.5447619047619,2190.95,78.15,0,0,21,2,5,0,0,7.0,4.166667735382888
CUST004171,,,,,,,0,0,0,,22,9765.619999999999,443.8918181818181,2896.17,33.87,0,0,22,6,7,0,0,14.000000000000066,11.772729929718764
CUST004172,,,,,,,0,0,0,,24,17833.46,743.0608333333333,3967.29,56.81,0,0,24,6,5,0,0,14.000000019268397,11.593750040431809
CUST004173,,,,,,,0,0,0,,31,28699.33,925.7848387096775,11173.33,11.66,0,0,31,8,5,0,0,19.25,11.741935523932643
CUST004174,,,,,,,0,0,0,,26,19628.049999999996,754.9249999999998,7959.23,105.66,0,0,26,8,6,0,0,17.5,11.913461663964577
CUST004175,,,,,,,0,0,0,,26,19628.67,754.948846153846,3525.7,27.7,0,0,26,6,6,0,0,14.000000002027036,11.980769660488923
CUST004176,,,,,,,0,0,1,,25,28211.219999999998,1128.4488,4808.89,57.25,0,0,25,6,6,13,0,26.75000000001291,24.510000003699584
CUST004177,,,,,,,0,0,0,,28,24251.329999999998,866.1189285714285,4088.92,52.39,0,0,28,10,7,0,0,14.0,11.93753399093099
CUST004178,,,,,,,0,0,0,,19,11141.289999999999,586.3836842105262,4843.73,22.39,0,0,19,7,4,0,0,14.0,11.789473739856307
CUST004179,,,,,,,0,0,0,,23,21941.789999999997,953.9908695652173,3454.67,75.51,0,0,23,5,1,0,0,12.250071669700416,11.26087272729341
CUST004180,,,,,,,0,0,0,,21,14644.039999999999,697.3352380952381,6034.38,19.37,0,0,21,4,7,0,0,17.5,12.000000001963313
CUST004181,,,,,,,0,0,0,,23,10723.5,466.2391304347826,1530.05,29.18,0,0,23,6,9,0,0,14.00000000029294,11.94565219780485
CUST004182,,,,,,,0,0,0,,21,12141.560000000001,578.1695238095239,2051.25,25.06,0,0,21,5,4,0,0,14.0,11.666666672525384
CUST004183,,,,,,,0,0,0,,16,6786.780000000001,424.17375000000004,2145.51,45.89,0,0,16,4,3,0,0,14.0,11.812500001494115
CUST004184,,,,,,,0,0,0,,17,6022.05,354.23823529411766,2044.38,30.32,0,0,17,8,6,0,0,14.00000000025162,12.044120077358023
CUST004185,,,,,,,0,0,0,,19,9597.700000000003,505.14210526315804,2680.5,8.46,0,0,19,6,7,0,0,14.000000000016056,11.973684210576925
CUST004186,,,,,,,0,0,0,,25,17493.550000000003,699.7420000000001,2669.0,22.53,0,0,25,4,9,0,0,14.0,11.480011779712278
CUST004187,,,,,,,0,0,0,,34,24521.210000000006,721.2120588235296,2628.25,16.18,0,0,33,7,7,0,0,14.0,11.786764763734745
CUST004188,,,,,,,1,0,0,,15,31207.820000000003,2080.5213333333336,15298.96,18.41,0,0,15,4,6,15,0,38.75,29.416666666668043
CUST004189,,,,,,,1,0,0,,31,18817.440000000002,607.0141935483872,3013.36,51.74,0,0,31,7,6,31,0,30.0,27.572580952735944
CUST004190,,,,,,,0,0,0,,30,16137.44,537.9146666666667,2396.7,45.67,0,0,30,9,5,0,0,14.0,11.78333686865919
CUST004191,,,,,,,0,0,0,,26,13667.870000000003,525.6873076923077,2424.86,60.64,0,0,26,6,6,0,0,12.250000006607989,11.375000089761231
CUST004192,,,,,,,0,0,0,,23,14438.41,627.7569565217391,3584.79,53.65,0,0,23,6,6,0,0,14.000000692140782,11.565217686829978
CUST004193,,,,,,,0,0,0,,20,20166.329999999998,1008.3164999999999,3702.5,56.61,0,0,20,7,3,0,0,14.000000000019703,11.637500007932063
CUST004194,,,,,,,0,0,0,,29,29320.170000000002,1011.0403448275863,11224.15,16.18,0,0,29,5,9,0,0,24.5,12.370690178488632
CUST004195,,,,,,,0,0,0,,24,20584.449999999997,857.6854166666666,5614.24,53.2,0,0,24,9,7,0,0,19.2500000585567,12.177095295297846
CUST004196,,,,,,,1,0,0,,24,11539.82,480.8258333333333,3796.32,31.46,0,0,24,7,6,24,0,30.0,28.250000000000483
CUST004197,,,,,,,0,0,0,,19,10879.690000000002,572.6152631578949,2462.8,50.58,0,0,19,7,6,0,0,14.0,11.513157898965394
CUST004198,,,,,,,0,0,0,,24,15693.49,653.8954166666666,4200.92,39.65,0,0,24,9,4,0,0,14.0,11.739583338699143
CUST004199,,,,,,,0,0,0,,23,13260.999999999998,576.5652173913043,2955.45,44.71,0,0,22,5,6,0,0,12.25,11.33695652173913
CUST004200,,,,,,,0,0,0,,29,17167.1,591.9689655172414,4362.98,19.18,0,0,29,5,7,0,0,14.0,11.525862072390902
CUST004201,,,,,,,0,0,0,,27,22544.73,834.99,4465.02,41.45,0,0,27,8,8,0,0,12.250000054577075,11.666666670596939
CUST004202,,,,,,,0,0,0,,18,27584.84,1532.4911111111112,6656.54,271.6,0,0,18,5,6,0,0,17.50000135070976,12.152778054945081
CUST004203,,,,,,,0,0,0,,25,19419.95,776.798,5481.08,64.81,0,0,25,7,8,0,0,21.0,12.180000000076982
CUST004204,,,,,,,0,0,0,,31,12829.380000000001,413.8509677419355,1716.93,52.41,0,0,31,11,8,0,0,14.0,12.080645636748507
CUST004205,,,,,,,0,0,0,,13,13322.589999999998,1024.8146153846153,3759.86,50.38,0,0,13,3,3,0,0,14.000000000011475,11.711541040815963
CUST004206,,,,,,,0,0,0,,18,13099.089999999998,727.7272222222222,3535.39,61.13,0,0,18,5,4,0,0,14.0,11.47222778930922
CUST004207,,,,,,,0,0,0,,27,18979.309999999998,702.9374074074074,4543.37,28.74,0,0,27,8,6,0,0,12.250000264761916,11.407426432539815
CUST004208,,,,,,,0,0,0,,17,8910.02,524.1188235294118,2624.78,47.07,0,0,17,5,4,0,0,14.0,11.941178035750395
CUST004209,,,,,,,0,0,0,,17,6101.619999999999,358.9188235294117,2031.13,59.17,0,0,17,6,6,0,0,14.0,12.044119059675058
CUST004210,,,,,,,0,0,0,,23,18990.72,825.6834782608696,3334.11,24.05,0,0,23,5,6,0,0,14.0,11.945652174167279
CUST004211,,,,,,,0,0,0,,21,12281.66,584.8409523809523,2732.16,31.02,0,0,21,7,7,0,0,14.0,11.916666669793889
CUST004212,,,,,,,0,0,0,,26,18314.21,704.3926923076923,8302.15,11.99,0,0,26,9,6,0,0,22.75,12.182693635782142
CUST004213,,,,,,,1,0,0,,25,13900.079999999998,556.0031999999999,1928.57,29.76,0,0,25,5,6,25,0,30.00000000008182,27.550000011964986
CUST004214,,,,,,,0,0,0,,25,45408.850000000006,1816.3540000000003,27853.29,15.72,0,0,25,7,7,0,0,22.75,12.460000148375064
CUST004215,,,,,,,0,0,1,,34,20293.260000000002,596.8605882352941,1804.26,18.45,0,0,34,5,7,17,0,26.75000000005632,24.43382366440173
CUST004216,,,,,,,0,0,0,,17,8289.66,487.6270588235294,2233.27,42.33,0,0,17,5,4,0,0,12.25000000022274,11.632367979827706
CUST004217,,,,,,,0,0,0,,28,31150.850000000002,1112.5303571428572,8786.67,33.12,0,0,28,7,8,0,0,24.5,12.500001621427012
CUST004218,,,,,,,0,0,0,,27,23900.830000000005,885.2159259259262,6458.05,68.01,0,0,27,6,5,0,0,17.5,11.601858680276548
CUST004219,,,,,,,0,0,0,,26,13926.35,535.6288461538462,4523.73,8.02,0,0,26,5,6,0,0,12.250000014088371,11.442307877937655
CUST004220,,,,,,,0,0,0,,33,26287.47,796.59,5130.99,42.9,0,0,33,9,9,0,0,21.00000074825733,12.037888362603562
CUST004221,,,,,,,0,0,0,,21,23264.63,1107.8395238095238,7182.47,8.33,0,0,21,6,6,0,0,24.5,12.500000009630721
CUST004222,,,,,,,0,0,0,,20,20905.12,1045.2559999999999,5608.07,49.45,0,0,20,6,4,1,0,26.25,12.68750000015855
CUST004223,,,,,,,0,0,0,,27,19016.46,704.3133333333333,3683.28,34.03,0,0,27,8,6,0,0,14.0,11.731486348550787
CUST004224,,,,,,,0,0,0,,25,21107.389999999996,844.2955999999998,5418.0,17.02,0,0,25,6,7,0,0,17.5,11.69000000864704
CUST004225,,,,,,,0,0,0,,18,17674.219999999998,981.9011111111109,7207.78,66.46,0,0,18,5,5,0,0,19.25,12.250000100109535
CUST004226,,,,,,,0,0,0,,23,14065.380000000001,611.5382608695653,2563.57,26.41,0,0,23,9,6,0,0,12.250000026186624,11.717391305544304
CUST004227,,,,,,,0,0,0,,29,22215.17,766.0403448275862,5717.83,34.3,0,0,29,8,6,0,0,17.500002054535617,12.068965773012803
CUST004228,,,,,,,0,0,0,,20,10704.029999999999,535.2014999999999,4059.12,35.69,0,0,20,8,5,0,0,14.0,11.725000083751379
CUST004229,,,,,,,0,0,0,,21,13356.38,636.0180952380952,3078.26,17.8,0,0,21,5,4,0,0,14.00000000014426,11.333333953110385
CUST004230,,,,,,,1,0,0,,23,14188.519999999999,616.8921739130434,3504.68,59.08,0,0,23,3,5,23,0,30.0,27.641304419607785
CUST004231,,,,,,,0,0,0,,30,23738.010000000002,791.267,4904.58,16.77,0,0,30,5,10,0,0,14.000000000751642,11.725190489119965
CUST004232,,,,,,,0,0,0,,23,9845.66,428.07217391304346,3125.25,31.08,0,0,23,6,7,0,0,14.000000012092409,11.717392943457082
CUST004233,,,,,,,0,0,0,,29,16958.850000000002,584.7879310344829,2228.66,23.86,0,0,29,8,8,0,0,14.0,12.068965786892239
CUST004234,,,,,,,0,0,0,,22,13823.449999999999,628.3386363636363,3520.22,16.73,0,0,22,7,5,0,0,14.0,11.534091082817802
CUST004235,,,,,,,0,0,0,,22,7410.449999999999,336.83863636363634,1404.74,38.5,0,0,22,5,5,0,0,14.000000000067342,11.534090980923562
CUST004236,,,,,,,0,0,0,,29,26390.059999999998,910.0020689655172,8397.94,32.34,0,0,29,8,8,0,0,22.75001807883536,12.129311999547717
CUST004237,,,,,,,0,0,0,,25,12018.68,480.7472,2049.68,45.78,0,0,25,8,7,0,0,14.000000000174662,11.690000168682808
CUST004238,,,,,,,0,0,0,,20,11080.820000000002,554.041,2972.94,25.13,0,0,20,6,4,0,0,14.0,11.725000017721536
CUST004239,,,,,,,0,0,0,,25,17442.25,697.69,2892.08,25.17,0,0,25,7,7,0,0,14.000000000162435,11.690000003130269
CUST004240,,,,,,,0,0,0,,18,17285.429999999997,960.3016666666665,3823.11,55.26,0,0,18,5,4,0,0,14.0,11.666666666734193
CUST004241,,,,,,,0,0,0,,20,12079.119999999999,603.9559999999999,3613.02,74.8,0,0,20,5,4,0,0,14.0,11.46250021086792
CUST004242,,,,,,,0,0,0,,21,22394.35,1066.397619047619,11826.14,55.23,0,0,21,5,4,0,0,24.500000001769717,12.166668370661048
CUST004243,,,,,,,0,0,0,,18,13223.31,734.6283333333333,4076.78,59.11,0,0,18,6,5,0,0,14.000000003172472,11.666666666845972
CUST004244,,,,,,,0,0,0,,20,14793.04,739.652,4400.55,25.99,0,0,20,4,4,0,0,14.0,11.37500000000118
CUST004245,,,,,,,0,0,0,,14,8981.16,641.5114285714286,2356.6,26.02,0,0,14,2,3,0,0,5.25,4.250000662940447
CUST004246,,,,,,,0,0,0,,21,14280.62,680.0295238095239,2624.85,18.49,0,0,21,5,3,0,0,14.0,11.500000000755728
CUST004247,,,,,,,0,0,0,,33,24125.179999999997,731.0660606060605,6273.37,44.83,0,0,33,8,7,0,0,21.0,12.090909091755977
CUST004248,,,,,,,0,0,0,,34,26771.81,787.4061764705883,13917.31,7.96,0,0,34,8,8,1,0,26.25,11.838235299516597
CUST004249,,,,,,,0,0,0,,22,11468.060000000001,521.2754545454546,2954.55,12.64,0,0,22,6,4,0,0,14.0,11.6136363867668
CUST004250,,,,,,,0,0,0,,24,19893.87,828.91125,4128.36,65.74,0,0,24,4,7,0,0,14.000000082782622,12.031250005068307
CUST004251,,,,,,,0,0,0,,20,13341.11,667.0555,2812.66,62.61,0,0,20,5,6,0,0,14.0,11.637500468866996
CUST004252,,,,,,,0,0,0,,18,10480.510000000002,582.2505555555557,4391.77,25.13,0,0,18,5,6,0,0,14.0,11.861111112015399
CUST004253,,,,,,,0,0,0,,15,6766.810000000001,451.12066666666675,1323.04,50.62,0,0,15,7,5,0,0,14.0,12.366666693654524
CUST004254,,,,,,,0,0,0,,20,12817.91,640.8955,2923.48,24.95,0,0,20,5,5,0,0,14.00000094811364,11.987502247717696
CUST004255,,,,,,,0,0,0,,24,10502.33,437.59708333333333,2346.56,12.4,0,0,24,8,8,0,0,14.00000000005002,12.104166767056128
CUST004256,,,,,,,0,0,0,,28,15603.400000000001,557.2642857142857,3439.4,6.92,0,0,28,10,6,0,0,14.0,11.68754565878999
CUST004257,,,,,,,0,0,0,,25,11955.09,478.2036,1577.67,35.45,0,0,25,4,9,0,0,14.0,11.97
CUST004258,,,,,,,0,0,0,,25,19824.749999999996,792.9899999999999,3024.2,71.34,0,0,25,6,4,0,0,14.000000017388452,11.690004542018023
CUST004259,,,,,,,0,0,0,,23,20353.15,884.9195652173913,4280.02,37.72,0,0,23,4,4,0,0,14.0,11.489131838042363
CUST004260,,,,,,,0,0,0,,27,15359.67,568.8766666666667,3022.37,24.47,0,0,27,11,8,0,0,14.0,11.925926207710791
CUST004261,,,,,,,0,0,0,,21,17744.920000000002,844.9961904761906,3311.85,63.49,0,0,21,6,6,0,0,14.0000000000853,11.500000001413914
CUST004262,,,,,,,0,0,0,,25,14976.44,599.0576,1833.11,13.17,0,0,25,6,5,0,0,14.0,11.480000116681333
CUST004263,,,,,,,0,0,0,,24,18384.17,766.0070833333333,3550.98,21.26,0,0,24,5,6,0,0,14.0,11.59375001211476
CUST004264,,,,,,,0,0,0,,22,9693.599999999999,440.61818181818177,1767.0,41.15,0,0,22,8,8,0,0,14.0,11.534091102924428
CUST004265,,,,,,,0,0,0,,24,16140.2,672.5083333333333,3229.41,72.23,0,0,23,7,7,0,0,14.0,11.812500053571782
CUST004266,,,,,,,0,0,0,,31,24302.02,783.9361290322581,4157.88,54.98,0,0,31,7,8,0,0,12.250037450333275,11.629033466293608
CUST004267,,,,,,,0,0,0,,21,19908.98,948.0466666666666,5585.5,28.92,0,0,21,7,7,0,0,21.0,12.8333334021041
CUST004268,,,,,,,0,0,0,,23,13787.43,599.4534782608696,3642.8,22.76,0,0,23,4,6,0,0,14.000000063432084,11.336956811579018
CUST004269,,,,,,,0,0,0,,21,22385.540000000005,1065.9780952380954,3840.09,29.65,0,0,21,6,4,0,0,14.000000000115238,12.000000093464747
CUST004270,,,,,,,0,0,0,,25,25985.810000000005,1039.4324000000001,6993.31,35.43,0,0,25,8,8,0,0,22.75000007960157,12.600000131491745
CUST004271,,,,,,,0,0,0,,41,20210.760000000002,492.9453658536586,3986.62,5.0,0,0,41,11,7,0,0,14.000000000015946,11.69513024492597
CUST004272,,,,,,,0,0,1,,22,10457.86,475.35727272727274,2494.12,24.21,0,0,21,5,6,11,0,26.750000024674986,24.204545527543566
CUST004273,,,,,,,0,0,0,,24,14533.24,605.5516666666666,3551.65,48.68,0,0,24,8,3,0,0,14.0,11.520833779459059
CUST004274,,,,,,,0,0,0,,30,28034.33,934.4776666666668,6882.23,38.1,0,0,30,5,8,0,0,22.75,11.90000265134861
CUST004275,,,,,,,0,0,0,,22,11425.87,519.3577272727273,1610.79,12.34,0,0,22,10,4,0,0,14.0,12.170454548253245
CUST004276,,,,,,,0,0,0,,27,29426.38,1089.865925925926,8035.03,34.83,0,0,27,7,8,1,0,29.750087742468395,12.379635856409678
CUST004277,,,,,,,0,0,0,,18,11139.940000000002,618.8855555555557,1892.82,96.7,0,0,18,5,4,0,0,12.25,11.277935115031989
CUST004278,,,,,,,0,0,0,,26,20055.09,771.3496153846154,4555.77,57.77,0,0,26,5,4,0,0,14.0,11.442307802079906
CUST004279,,,,,,,0,0,0,,29,32325.399999999998,1114.6689655172413,7784.17,51.94,0,0,29,6,5,0,0,17.5,11.887931624290953
CUST004280,,,,,,,0,0,0,,26,38358.47,1475.3257692307693,16588.55,29.51,0,0,26,6,7,0,0,19.25,12.317309347310818
CUST004281,,,,,,,0,0,0,,25,15499.289999999999,619.9716,2951.77,22.23,0,0,25,6,5,0,0,14.00000000846594,11.900000024679247
CUST004282,,,,,,,0,0,0,,21,9501.31,452.4433333333333,2085.52,72.0,0,0,21,4,6,0,0,14.0,11.58333333772118
CUST004283,,,,,,,0,0,0,,26,30240.909999999996,1163.111923076923,5752.72,33.44,0,0,26,8,6,0,0,22.75,12.115384628133663
CUST004284,,,,,,,0,0,0,,14,15716.759999999998,1122.6257142857141,4584.0,65.81,0,0,14,5,4,0,0,14.0,11.875000003844523
CUST004285,,,,,,,0,0,0,,29,13619.53,469.6389655172414,3074.14,34.28,0,0,29,7,6,0,0,14.0,11.646551867729805
CUST004286,,,,,,,0,0,0,,27,19770.86,732.2540740740741,3087.2,21.77,0,0,27,7,8,0,0,12.250227748643162,11.66667967616798
CUST004287,,,,,,,0,0,0,,26,15439.619999999999,593.8315384615385,2925.62,48.63,0,0,26,7,8,0,0,14.0,12.048076933488979
CUST004288,,,,,,,0,0,0,,14,7111.14,507.93857142857144,1460.12,52.51,0,0,14,4,5,0,0,14.00000000000052,11.750000000363928
CUST004289,,,,,,,0,0,0,,25,29346.51,1173.8604,10752.39,18.29,0,0,25,4,5,0,0,19.25,11.76000020532012
CUST004290,,,,,,,0,0,0,,28,18683.78,667.2778571428571,4651.93,46.49,0,0,28,8,8,0,0,14.000000115546806,11.687500025795009
CUST004291,,,,,,,0,0,0,,25,19047.210000000003,761.8884000000002,3974.8,54.44,0,0,25,8,4,0,0,14.000000000072552,11.620116800192637
CUST004292,,,,,,,0,0,0,,26,27935.6,1074.4461538461537,6860.97,81.52,0,0,26,6,8,0,0,19.25,11.913461538521055
CUST004293,,,,,,,0,0,0,,18,17827.81,990.433888888889,6977.56,35.1,0,0,18,5,5,0,0,19.25,12.15277783216091
CUST004294,,,,,,,1,0,0,,24,14627.41,609.4754166666667,3245.44,79.31,0,0,24,5,7,24,0,30.0,27.447916668661218
CUST004295,,,,,,,0,0,0,,29,30965.24,1067.7668965517241,6128.21,16.22,0,0,29,7,5,0,0,19.25000007901764,11.827586818741327
CUST004296,,,,,,,0,0,0,,25,9401.1,376.04400000000004,1173.66,16.1,0,0,24,5,8,0,0,14.0,11.76000000004355
CUST004297,,,,,,,0,0,0,,30,31531.969999999998,1051.0656666666666,7091.06,33.2,0,0,30,4,8,0,0,22.75000724033512,11.666666908419137
CUST004298,,,,,,,0,0,0,,19,10855.43,571.3384210526316,1914.0,59.16,0,0,19,4,7,0,0,12.250008674672758,11.421053099699954
CUST004299,,,,,,,0,0,0,,19,8228.89,433.0994736842105,1875.52,25.6,0,0,19,6,6,0,0,14.0,11.789473685183404
CUST004300,,,,,,,0,0,1,,19,14015.369999999999,737.6510526315789,6657.07,70.91,0,0,19,8,4,14,0,30.25,24.81578947369086
CUST004301,,,,,,,0,0,0,,24,14767.740000000002,615.3225000000001,2583.83,9.91,0,0,24,6,6,0,0,14.00000000004734,11.739584377453275
CUST004302,,,,,,,0,0,0,,29,19429.52,669.9834482758621,2544.55,85.09,0,0,29,7,10,0,0,14.000182782657282,11.88793734419937
CUST004303,,,,,,,0,0,0,,25,19083.129999999997,763.3251999999999,2154.19,18.58,0,0,25,7,7,0,0,14.0000000006768,11.55000122876103
CUST004304,,,,,,,0,0,0,,15,10431.2,695.4133333333334,4252.3,31.91,0,0,15,5,4,0,0,14.0,11.783333352537834
CUST004305,,,,,,,0,0,0,,27,12349.779999999999,457.3992592592592,1755.34,13.08,0,0,27,5,7,0,0,14.000000457945974,11.47222223926287
CUST004306,,,,,,,0,0,0,,33,28722.69,870.3845454545454,10535.37,29.92,0,0,33,6,10,0,0,17.5,11.87878789440716
CUST004307,,,,,,,0,0,0,,23,10908.939999999999,474.3017391304347,1404.45,26.79,0,0,23,5,3,0,0,12.250000000790408,11.184795927195283
CUST004308,,,,,,,0,0,0,,27,13358.369999999999,494.7544444444444,2962.66,27.1,0,0,27,5,7,0,0,14.0,11.537037432797694
CUST004309,,,,,,,0,0,0,,23,21922.510000000006,953.1526086956525,3794.66,24.33,0,0,23,6,6,0,0,19.25,12.326086969664523
CUST004310,,,,,,,0,0,0,,28,30980.41,1106.4432142857142,5698.95,22.68,0,0,28,6,9,0,0,17.500000763375137,12.250128104833744
CUST004311,,,,,,,0,0,0,,21,9054.509999999998,431.1671428571428,2521.91,70.67,0,0,21,6,7,0,0,14.0,11.833375060547526
CUST004312,,,,,,,0,0,0,,22,17207.739999999998,782.17,4969.45,20.13,0,0,22,6,7,0,0,14.000000000004556,12.170454793559838
CUST004313,,,,,,,0,0,0,,23,20241.64,880.0713043478261,6107.92,28.26,0,0,23,5,5,0,0,17.5,11.869570817887954
CUST004314,,,,,,,0,0,0,,28,19687.19,703.1139285714286,3207.17,41.86,0,0,28,7,5,0,0,12.25000093258946,11.437500739930659
CUST004315,,,,,,,0,0,0,,25,12436.23,497.44919999999996,1672.53,21.09,0,0,25,5,6,0,0,14.000000007975466,11.550000392766298
CUST004316,,,,,,,0,0,0,,28,30923.009999999995,1104.393214285714,6666.82,43.85,0,0,28,5,10,0,0,19.25,12.437500000027338
CUST004317,,,,,,,0,0,0,,20,26315.949999999997,1315.7975,7442.97,25.4,0,0,20,3,7,0,0,19.25000247265529,12.162500147082238
CUST004318,,,,,,,0,0,0,,23,10976.8,477.25217391304346,2351.16,71.35,0,0,23,9,5,0,0,14.000000002580189,11.94565217406616
CUST004319,,,,,,,0,0,0,,24,24175.68,1007.32,10211.92,20.52,0,0,24,7,9,0,0,19.25000002256968,12.468750026976755
CUST004320,,,,,,,0,0,0,,18,12190.779999999999,677.2655555555555,3453.03,16.8,0,0,18,4,6,0,0,14.0,11.76388891756833
CUST004321,,,,,,,0,0,0,,22,12283.620000000003,558.3463636363638,3099.77,40.62,0,0,21,8,5,0,0,12.250000093727438,11.53409091418093
CUST004322,,,,,,,0,0,0,,26,25779.95,991.5365384615385,10362.55,61.17,0,0,26,6,6,0,0,24.5,12.25000005775371
CUST004323,,,,,,,0,0,0,,15,10872.919999999998,724.8613333333332,3647.64,41.76,0,0,15,3,4,0,0,14.0,11.316666709443775
CUST004324,,,,,,,0,0,0,,15,6309.039999999999,420.6026666666666,3802.62,43.99,0,0,15,6,6,0,0,14.000000000938185,12.016666666903246
CUST004325,,,,,,,0,0,0,,24,15902.61,662.60875,3391.66,20.74,0,0,24,6,8,0,0,14.000000027087935,11.593750749710203
CUST004326,,,,,,,0,0,0,,25,27104.839999999997,1084.1935999999998,7941.35,10.73,0,0,25,5,7,0,0,19.250000150731505,11.760000915667757
CUST004327,,,,,,,0,0,0,,34,25426.73,747.845,3935.4,8.24,0,0,34,8,8,0,0,14.00000000115934,11.941176553070639
CUST004328,,,,,,,1,0,0,,21,44129.87,2101.422380952381,31952.17,16.26,0,0,21,8,6,21,0,43.99999999999999,28.583333336006575
CUST004329,,,,,,,0,0,0,,24,33748.380000000005,1406.1825000000001,11315.91,42.08,0,0,24,6,7,0,0,17.5,12.10416674246541
CUST004330,,,,,,,0,0,0,,21,20516.96,976.9980952380952,6826.3,10.03,0,0,21,4,7,0,0,19.25,12.333334437481675
CUST004331,,,,,,,0,0,0,,18,14939.66,829.9811111111111,4752.09,34.99,0,0,18,7,5,0,0,14.0,12.152777779255363
CUST004332,,,,,,,0,0,0,,28,14910.220000000001,532.5078571428572,3919.95,66.4,0,0,28,8,8,0,0,14.0,11.750000888891135
CUST004333,,,,,,,0,0,0,,22,19364.399999999998,880.1999999999999,3358.38,30.47,0,0,22,4,8,0,0,12.25000395429212,11.53409108883169
CUST004334,,,,,,,0,0,0,,25,10607.01,424.2804,1694.02,45.67,0,0,25,6,6,0,0,12.250000010724436,11.480048692865305
CUST004335,,,,,,,0,0,0,,22,22081.71,1003.7140909090908,4521.45,38.74,0,0,22,5,6,0,0,14.0,11.77272733987253
CUST004336,,,,,,,0,0,0,,28,21601.120000000003,771.4685714285715,4428.2,27.62,0,0,28,6,7,0,0,14.0,11.937500087957813
CUST004337,,,,,,,0,0,0,,21,11235.229999999998,535.0109523809523,2818.87,58.83,0,0,21,5,7,0,0,14.000000000018463,11.750000000004201
CUST004338,,,,,,,0,0,0,,19,30391.450000000004,1599.5500000000002,9101.06,45.63,0,0,19,4,5,1,0,29.750000014385854,12.98684310030628
CUST004339,,,,,,,0,0,0,,16,9496.05,593.503125,2063.0,48.42,0,0,16,5,5,0,0,14.00000000000109,11.484375031294395
CUST004340,,,,,,,0,0,0,,17,13072.17,768.9511764705883,2409.6,21.73,0,0,17,5,6,0,0,14.0,11.529411764705882
CUST004341,,,,,,,0,0,0,,17,10268.06,604.0035294117647,3739.61,10.52,0,0,17,5,6,0,0,14.000000000005237,11.941176470594762
CUST004342,,,,,,,0,0,0,,33,27637.479999999996,837.4993939393938,12275.96,10.46,0,0,33,7,7,0,0,17.5,11.772727281157794
CUST004343,,,,,,,0,0,0,,25,20076.27,803.0508,3817.8,40.35,0,0,25,6,6,0,0,14.00000000596453,11.620000003983794
CUST004344,,,,,,,0,0,0,,22,21064.989999999998,957.4995454545453,9252.58,31.28,0,0,22,6,4,1,0,28.0,12.568181819466561
CUST004345,,,,,,,0,0,0,,21,12972.710000000001,617.7480952380953,3275.2,52.23,0,0,21,3,8,0,0,14.000000000086738,12.000000000114564
CUST004346,,,,,,,0,0,0,,23,16797.07,730.3073913043478,2106.64,43.21,0,0,23,6,5,0,0,14.0,11.565225235997946
CUST004347,,,,,,,0,0,0,,20,17518.770000000004,875.9385000000002,5126.87,52.35,0,0,20,9,7,0,0,19.25,12.600000003247747
CUST004348,,,,,,,0,0,0,,27,21164.299999999996,783.8629629629628,2563.84,50.54,0,0,27,7,6,0,0,14.000000028549444,11.73148597174683
CUST004349,,,,,,,0,0,0,,19,16874.16,888.1136842105263,8036.1,18.41,0,0,19,3,7,1,0,26.25,12.71052631585833
CUST004350,,,,,,,0,0,0,,20,15731.94,786.597,5857.78,77.75,0,0,20,6,5,0,0,19.25,11.987500004153238
CUST004351,,,,,,,0,0,0,,15,12748.5,849.9,5316.25,26.65,0,0,15,4,5,0,0,17.5,12.600000000550422
CUST004352,,,,,,,0,0,0,,23,15435.08,671.0904347826087,4067.97,14.41,0,0,23,6,7,0,0,12.250000236247065,11.641304358097827
CUST004353,,,,,,,0,0,0,,29,31605.3,1089.8379310344828,8994.31,26.77,0,0,29,7,6,0,0,24.5,12.250000891233013
CUST004354,,,,,,,0,0,0,,21,13147.780000000002,626.084761904762,2897.93,13.34,0,0,21,6,7,0,0,14.00000003832676,12.333333360177757
CUST004355,,,,,,,0,0,0,,28,25632.159999999996,915.4342857142856,4168.7,16.22,0,0,28,3,9,0,0,14.00000004528709,11.375566940385015
CUST004356,,,,,,,0,0,1,,18,3889.9100000000003,216.10611111111112,705.41,19.0,0,0,18,7,7,12,0,26.75,24.51388891082557
CUST004357,,,,,,,0,0,0,,29,28344.6,977.4,7508.29,25.33,0,0,29,8,7,0,0,19.25,11.827685437173969
CUST004358,,,,,,,0,0,0,,24,11710.369999999999,487.9320833333333,2869.03,42.39,0,0,24,5,6,0,0,14.000043812698593,11.375001825536755
CUST004359,,,,,,,0,0,0,,16,10886.33,680.395625,4334.83,64.7,0,0,16,4,3,0,0,12.25000000078361,11.375000001675648
CUST004360,,,,,,,0,0,0,,28,22519.539999999997,804.2692857142856,5310.66,12.39,0,0,28,6,5,0,0,17.5,11.875000150309718
CUST004361,,,,,,,0,0,0,,32,32182.62,1005.706875,7403.83,16.71,0,0,32,9,8,0,0,19.25,11.867187729130533
CUST004362,,,,,,,0,0,0,,25,19579.27,783.1708,5076.69,36.73,0,0,25,6,8,0,0,19.25,11.97000967077896
CUST004363,,,,,,,0,0,0,,18,13971.069999999998,776.1705555555554,3770.84,12.29,0,0,18,4,8,0,0,14.0,11.763888888890012
CUST004364,,,,,,,0,0,0,,35,27246.380000000005,778.4680000000002,3156.93,35.23,0,0,35,7,9,0,0,14.0,11.6000045438341
CUST004365,,,,,,,0,0,0,,19,19119.380000000005,1006.2831578947371,6029.89,109.14,0,0,19,5,7,0,0,17.5,11.881579218128817
CUST004366,,,,,,,0,0,0,,26,21946.240000000005,844.086153846154,7907.99,74.83,0,0,26,5,6,0,0,17.5,12.04807965973492
CUST004367,,,,,,,0,0,0,,19,11849.43,623.6542105263158,3774.33,60.34,0,0,19,5,5,0,0,14.0,11.328947383537441
CUST004368,,,,,,,0,0,0,,21,23290.32,1109.0628571428572,10981.58,109.96,0,0,21,4,5,0,0,17.5,11.750011385448321
CUST004369,,,,,,,0,0,0,,21,10803.5,514.452380952381,1824.89,24.3,0,0,21,9,5,0,0,14.0,11.833333683348144
CUST004370,,,,,,,0,0,0,,27,19438.93,719.9603703703704,3179.6,14.05,0,0,27,7,6,0,0,14.000003028977844,11.731481694879706
CUST004371,,,,,,,0,0,0,,22,11593.49,526.9768181818182,2455.26,66.7,0,0,22,7,5,0,0,14.000000000212331,11.931818183929037
CUST004372,,,,,,,0,0,0,,25,12607.740000000002,504.30960000000005,2282.47,23.72,0,0,25,6,4,0,0,14.0,11.620000002313354
CUST004373,,,,,,,0,0,0,,20,19408.89,970.4445,2951.67,61.54,0,0,20,5,8,0,0,12.250000000189832,11.550000000285753
CUST004374,,,,,,,0,0,0,,25,9221.95,368.87800000000004,2152.21,27.62,0,0,25,9,7,0,0,14.0,11.690000025757529
CUST004375,,,,,,,0,0,0,,21,20646.95,983.1880952380952,11011.8,57.55,0,0,21,5,3,0,0,17.5,11.750001638907301
CUST004376,,,,,,,0,0,0,,26,13162.460000000001,506.2484615384616,1515.4,9.0,0,0,25,7,5,0,0,14.0,11.576923282035555
CUST004377,,,,,,,0,0,0,,22,12513.709999999997,568.8049999999998,2453.08,15.14,0,0,22,7,3,0,0,12.25000024783182,11.215909104524322
CUST004378,,,,,,,0,0,0,,26,12248.08,471.08,1628.3,42.14,0,0,26,3,8,0,0,14.0,11.71153855230446
CUST004379,,,,,,,0,0,0,,21,11507.000000000002,547.9523809523811,2369.93,52.04,0,0,21,5,5,0,0,14.00000000002166,11.750000000126139
CUST004380,,,,,,,0,0,0,,18,9587.500000000002,532.638888888889,3150.73,46.77,0,0,18,5,7,0,0,14.000000000872626,11.95833334496584
CUST004381,,,,,,,0,0,0,,28,22699.279999999995,810.6885714285712,4968.62,54.27,0,0,28,6,6,0,0,14.00000006556638,11.625045538045839
CUST004382,,,,,,,0,0,0,,21,25202.39,1200.1138095238096,3978.57,13.88,0,0,21,7,5,0,0,14.0,11.833333468583945
CUST004383,,,,,,,1,0,0,,16,11292.07,705.754375,3305.58,14.72,0,0,16,3,3,16,0,30.0,27.593750000003126
CUST004384,,,,,,,0,0,0,,37,27910.730000000003,754.3440540540541,4042.8,44.28,0,0,37,7,10,0,0,14.001224837291026,11.587871428353054
CUST004385,,,,,,,0,0,0,,23,10238.16,445.13739130434783,2302.17,31.05,0,0,22,5,7,0,0,14.0,11.71739130436802
CUST004386,,,,,,,0,0,0,,19,9965.310000000001,524.4900000000001,1223.01,43.61,0,0,19,3,6,0,0,14.0,11.973684216318954
CUST004387,,,,,,,0,0,0,,30,25850.149999999998,861.6716666666666,6299.48,10.19,0,0,30,7,5,0,0,17.5,11.608333488908118
CUST004388,,,,,,,0,0,0,,28,18895.420000000002,674.8364285714287,3957.6,18.01,0,0,28,7,6,0,0,14.00000000015885,11.937500000069102
CUST004389,,,,,,,0,0,0,,24,18333.86,763.9108333333334,3357.8,19.41,0,0,24,5,7,0,0,14.000000000057378,11.666666983656379
CUST004390,,,,,,,0,0,0,,15,12119.43,807.962,4816.76,9.47,0,0,14,4,4,0,0,14.0,11.783333333446146
CUST004391,,,,,,,0,0,0,,27,13973.84,517.5496296296296,2755.94,22.43,0,0,27,4,7,0,0,14.0,11.731481752171312
CUST004392,,,,,,,0,0,0,,22,19814.059999999998,900.6390909090908,6165.66,55.58,0,0,22,4,4,0,0,17.50000005807936,11.693181821573528
CUST004393,,,,,,,0,0,0,,19,14899.710000000001,784.1952631578948,5179.31,18.31,0,0,18,5,4,0,0,17.5,11.697368421066738
CUST004394,,,,,,,0,0,0,,20,14878.43,743.9215,7370.89,31.69,0,0,20,4,7,0,0,19.25,11.812500007464266
CUST004395,,,,,,,0,0,0,,19,13987.589999999998,736.1889473684209,2981.66,71.21,0,0,19,4,5,0,0,12.250000001337463,11.421052631697908
CUST004396,,,,,,,0,0,0,,22,20038.86,910.8572727272727,3778.18,40.36,0,0,22,9,7,0,0,14.00000000880618,12.250000133158496
CUST004397,,,,,,,0,0,0,,25,18391.88,735.6752,2799.71,36.25,0,0,25,7,6,0,0,14.00000000000047,11.760000002821561
CUST004398,,,,,,,0,0,0,,26,13371.050000000001,514.2711538461539,2721.61,16.02,0,0,26,8,7,0,0,14.0,11.846153849706697
CUST004399,,,,,,,0,0,0,,18,10305.25,572.5138888888889,2288.57,55.62,0,0,18,4,4,0,0,12.250000006859077,11.277777778190455
CUST004400,,,,,,,0,0,0,,21,8141.34,387.68285714285713,1340.44,41.5,0,0,21,6,5,0,0,14.0,11.58334352951151
CUST004401,,,,,,,0,0,0,,27,15998.700000000003,592.5444444444446,3722.79,48.66,0,0,26,5,5,0,0,14.000000000000568,11.472222256887278
CUST004402,,,,,,,0,0,0,,21,17836.670000000002,849.3652380952382,3071.67,23.25,0,0,21,7,8,0,0,14.0,11.916666666666666
CUST004403,,,,,,,0,0,0,,28,18471.760000000002,659.7057142857144,2411.09,42.58,0,0,28,6,10,0,0,14.0,11.562500060271356
CUST004404,,,,,,,0,0,0,,24,26587.11,1107.79625,9238.84,9.47,0,0,24,7,6,0,0,24.5,12.031251412837184
CUST004405,,,,,,,0,0,0,,23,11190.199999999999,486.53043478260867,1677.56,19.33,0,0,23,8,4,0,0,12.250000082187304,11.413049566196625
CUST004406,,,,,,,0,0,0,,22,14437.340000000004,656.2427272727274,3452.69,67.6,0,0,22,4,6,0,0,14.0,11.53409091635754
CUST004407,,,,,,,0,0,0,,36,32226.469999999998,895.1797222222222,4877.25,31.2,0,0,36,8,7,0,0,14.0,11.523896598475318
CUST004408,,,,,,,0,0,0,,22,10306.009999999998,468.4549999999999,1886.51,87.99,0,0,22,5,4,0,0,14.0,11.37500025222874
CUST004409,,,,,,,0,0,0,,19,9995.349999999999,526.0710526315788,2437.61,33.8,0,0,19,5,6,0,0,14.0,11.78947368880951
CUST004410,,,,,,,0,0,0,,42,27341.630000000005,650.9911904761906,3047.07,23.46,0,0,42,8,8,0,0,14.00000000001785,11.666666949338744
CUST004411,,,,,,,0,0,0,,25,23079.83,923.1932,8105.51,18.42,0,0,25,6,6,1,0,28.003553852895745,12.320148386211471
CUST004412,,,,,,,0,0,0,,21,10745.15,511.6738095238095,1915.39,45.43,0,0,21,6,6,0,0,14.0,11.666701631055982
CUST004413,,,,,,,0,0,0,,20,14969.38,748.4689999999999,2690.67,40.61,0,0,20,5,4,0,0,14.0,11.72500000029272
CUST004414,,,,,,,0,0,0,,22,22376.100000000002,1017.0954545454547,8012.97,60.28,0,0,22,6,9,0,0,24.5,12.329545479570935
CUST004415,,,,,,,0,0,0,,28,35356.22,1262.722142857143,19610.63,87.65,0,0,28,6,8,0,0,17.5,11.937505329605202
CUST004416,,,,,,,1,0,0,,23,7696.0,334.60869565217394,1372.17,10.32,0,0,23,5,6,23,0,30.0,27.56521740928832
CUST004417,,,,,,,0,0,0,,35,26486.899999999998,756.7685714285714,6798.84,14.6,0,0,35,6,8,0,0,19.25000000069157,11.75000011833091
CUST004418,,,,,,,0,0,0,,23,14112.720000000001,613.5965217391305,4518.6,20.05,0,0,23,7,7,0,0,14.0,11.64130434807889
CUST004419,,,,,,,0,0,0,,23,13243.350000000002,575.7978260869567,2669.57,14.84,0,0,23,6,6,0,0,14.000010139464637,11.793478744045066
CUST004420,,,,,,,0,0,0,,20,12637.94,631.897,2313.91,29.29,0,0,20,3,6,0,0,14.0,11.637500000071457
CUST004421,,,,,,,0,0,0,,19,11760.19,618.9573684210527,2125.51,96.78,0,0,19,6,4,0,0,12.25000001948498,11.236843165517767
CUST004422,,,,,,,0,0,0,,17,11389.34,669.9611764705883,3168.39,51.74,0,0,17,5,4,0,0,14.00000000030013,11.941181750404466
CUST004423,,,,,,,0,0,0,,15,22939.34,1529.2893333333334,5045.02,36.98,0,0,15,4,6,0,0,19.25,12.133333333333335
CUST004424,,,,,,,0,0,1,,30,27418.410000000003,913.9470000000001,9153.98,39.76,0,0,30,7,7,13,0,40.75000157038061,24.650000580142684
CUST004425,,,,,,,0,0,0,,22,14348.36,652.1981818181819,4763.91,43.55,0,0,22,5,8,0,0,14.0000000005406,11.772727272753967
CUST004426,,,,,,,0,0,0,,27,8106.35,300.2351851851852,1519.71,11.23,0,0,27,6,9,0,0,14.000000000092856,11.666668398725983
CUST004427,,,,,,,0,0,0,,19,20444.73,1076.0384210526315,5840.22,80.11,0,0,18,4,6,0,0,17.500003250887904,11.789473856373874
CUST004428,,,,,,,0,0,0,,20,10386.569999999998,519.3284999999998,2327.41,22.51,0,0,20,6,4,0,0,14.0000000019985,11.812500000242308
CUST004429,,,,,,,0,0,0,,26,15804.74,607.8746153846154,3083.11,35.55,0,0,26,6,9,0,0,14.0,11.711541284680226
CUST004430,,,,,,,0,0,0,,24,8864.029999999999,369.3345833333333,1073.74,21.09,0,0,24,6,4,0,0,14.0,11.666666668136992
CUST004431,,,,,,,0,0,0,,24,15511.350000000002,646.3062500000001,3403.77,36.7,0,0,24,7,5,0,0,12.25000041660412,11.44791668542191
CUST004432,,,,,,,0,0,0,,30,13324.009999999998,444.1336666666666,1880.06,43.75,0,0,30,8,8,0,0,14.0,11.550001099754782
CUST004433,,,,,,,0,0,0,,24,27567.28,1148.6366666666665,13776.72,13.22,0,0,24,9,5,0,0,24.5,12.541666667226016
CUST004434,,,,,,,1,0,0,,24,22424.67,934.3612499999999,8173.9,65.93,0,0,24,8,6,24,0,40.5,28.76041666860857
CUST004435,,,,,,,1,1,0,,20,9979.51,498.9755,3022.27,38.1,0,0,20,4,5,20,0,53.5,50.787500046811275
CUST004436,,,,,,,0,0,0,,21,9324.249999999998,444.0119047619047,989.6,52.49,0,0,21,8,5,0,0,14.0,11.666666670284567
CUST004437,,,,,,,0,0,0,,22,12609.029999999999,573.1377272727273,2448.95,33.94,0,0,22,4,5,0,0,12.250011707623331,11.693182350492002
CUST004438,,,,,,,0,0,0,,29,20607.72,710.6110344827587,3626.96,8.56,0,0,29,6,6,0,0,12.250000011185543,11.224137954234902
CUST004439,,,,,,,0,0,0,,18,10023.26,556.8477777777778,2018.59,33.25,0,0,18,5,7,0,0,14.0,11.666666667633152
CUST004440,,,,,,,0,0,0,,24,14051.53,585.4804166666667,2834.34,67.61,0,0,24,5,7,0,0,14.0,11.666668138840407
CUST004441,,,,,,,0,0,0,,30,12844.2,428.14000000000004,2347.2,22.19,0,0,30,7,6,0,0,14.0,11.84166673966295
CUST004442,,,,,,,0,0,0,,22,24265.97,1102.9986363636365,5980.56,24.2,0,0,22,7,5,0,0,19.25,12.17045456493725
CUST004443,,,,,,,0,0,0,,24,29116.630000000005,1213.1929166666669,10343.43,62.72,0,0,23,7,8,0,0,17.5,12.104168975981798
CUST004444,,,,,,,0,0,0,,24,26560.83,1106.70125,4684.48,25.99,0,0,24,6,9,0,0,14.0,11.520833383636415
CUST004445,,,,,,,0,0,0,,25,17209.69,688.3875999999999,2353.68,51.98,0,0,24,7,7,0,0,12.250000149851454,11.550000019126905
CUST004446,,,,,,,0,0,0,,22,10223.990000000002,464.72681818181826,2658.17,7.04,0,0,22,7,7,0,0,14.000000000365322,12.250000008811543
CUST004447,,,,,,,0,0,0,,19,9754.990000000002,513.4205263157895,3036.77,44.32,0,0,19,6,5,0,0,14.00000000000372,11.789473684680209
CUST004448,,,,,,,0,0,0,,20,11315.52,565.7760000000001,2332.35,28.79,0,0,20,5,5,0,0,14.0,11.375007937234647
CUST004449,,,,,,,0,0,0,,20,13125.53,656.2765,3931.93,27.73,0,0,20,6,7,0,0,12.250000077852215,11.462500004219564
CUST004450,,,,,,,0,0,0,,22,12134.99,551.5904545454546,5093.67,29.01,0,0,22,6,6,0,0,17.5000000143334,11.772727276325787
CUST004451,,,,,,,0,0,0,,31,31486.309999999998,1015.6874193548387,13200.92,24.73,0,0,31,5,10,1,0,26.25,12.137097041154826
CUST004452,,,,,,,0,0,0,,15,18458.850000000002,1230.5900000000001,6560.27,107.59,0,0,15,4,4,0,0,19.25,11.783338447367372
CUST004453,,,,,,,0,0,0,,22,20092.239999999998,913.2836363636362,6244.37,53.49,0,0,22,5,6,0,0,17.5,11.931818686305
CUST004454,,,,,,,0,0,0,,18,9613.919999999998,534.1066666666666,2072.3,17.4,0,0,18,4,6,0,0,14.000000000013724,11.666666737628084
CUST004455,,,,,,,0,0,0,,23,19770.91,859.6047826086957,5372.96,14.16,0,0,23,5,7,0,0,19.25000000000716,12.173913045898816
CUST004456,,,,,,,0,0,0,,21,12450.92,592.9009523809524,3097.71,18.74,0,0,21,6,5,0,0,14.000000448910864,11.500000035754503
CUST004457,,,,,,,0,0,0,,20,12601.21,630.0604999999999,2513.33,22.55,0,0,20,4,7,0,0,12.250000000006583,11.375000026914034
CUST004458,,,,,,,0,0,0,,24,11940.61,497.5254166666667,2385.41,10.52,0,0,24,9,6,0,0,12.250002940314172,11.520833581820183
CUST004459,,,,,,,0,0,0,,16,9941.17,621.323125,5845.6,20.59,0,0,16,4,5,0,0,22.75,12.57812500069581
CUST004460,,,,,,,0,0,0,,36,31223.66,867.3238888888889,10117.38,26.52,0,0,36,9,8,0,0,24.5,12.298611140926392
CUST004461,,,,,,,0,0,0,,24,47332.26,1972.1775,27317.57,19.17,0,0,24,5,4,1,0,28.00000019835246,12.104166746078524
CUST004462,,,,,,,0,0,0,,28,35600.67999999999,1271.4528571428568,12703.4,39.32,0,0,28,7,7,0,0,24.5,12.562500041014927
CUST004463,,,,,,,0,0,0,,18,12620.749999999998,701.1527777777777,4327.57,18.04,0,0,18,3,4,0,0,14.0,11.569444575371172
CUST004464,,,,,,,0,0,0,,12,8524.15,710.3458333333333,2757.05,93.31,0,0,12,3,6,0,0,14.0,11.958333333819384
CUST004465,,,,,,,0,0,0,,27,12127.880000000001,449.18074074074076,2300.46,39.22,0,0,27,7,8,0,0,14.00000297115052,11.796296518876463
CUST004466,,,,,,,0,0,0,,29,18268.85,629.9603448275861,3227.13,27.17,0,0,29,8,7,0,0,14.000000001517185,11.646553088645286
CUST004467,,,,,,,0,0,0,,28,16008.17,571.7203571428571,2163.41,63.59,0,0,27,7,5,0,0,14.0,11.375000216845141
CUST004468,,,,,,,0,0,0,,28,17475.09,624.1103571428572,3059.06,28.02,0,0,28,9,3,0,0,12.25,11.375000173351586
CUST004469,,,,,,,0,0,0,,28,17741.520000000004,633.6257142857145,4340.43,28.93,0,0,28,7,7,0,0,14.0,11.75000000105791
CUST004470,,,,,,,0,0,0,,22,13915.72,632.5327272727272,2457.95,82.1,0,0,22,8,4,0,0,14.0,11.693183954732177
CUST004471,,,,,,,0,0,0,,24,13043.529999999999,543.4804166666667,3635.95,25.57,0,0,24,8,7,0,0,14.000000000000494,12.031250224739617
CUST004472,,,,,,,0,0,0,,24,12239.77,509.9904166666667,2425.06,19.45,0,0,24,7,6,0,0,14.0,11.885417678515092
CUST004473,,,,,,,0,0,0,,28,15461.92,552.2114285714285,5862.76,36.23,0,0,28,6,6,0,0,19.25,11.812500030862168
CUST004474,,,,,,,0,0,0,,18,25984.28,1443.5711111111111,12410.1,37.1,0,0,18,3,7,0,0,19.250000031978608,11.861111127026014
CUST004475,,,,,,,0,0,0,,25,8636.65,345.466,1074.89,44.89,0,0,25,9,8,0,0,14.0,12.18000001977355
CUST004476,,,,,,,0,0,0,,28,24914.96,889.8199999999999,7572.33,9.52,0,0,28,7,8,0,0,17.5000000876261,12.187500003129504
CUST004477,,,,,,,0,0,0,,17,5588.209999999999,328.7182352941176,1495.37,55.51,0,0,17,4,3,0,0,12.25,11.323529412792086
CUST004478,,,,,,,0,0,0,,27,27003.98,1000.1474074074074,6367.43,8.68,0,0,27,7,4,0,0,19.25,11.925971287606549
CUST004479,,,,,,,0,0,0,,21,14725.990000000002,701.2376190476191,3788.41,20.35,0,0,21,6,7,0,0,12.250000000000888,11.416666854995913
CUST004480,,,,,,,0,0,0,,24,13707.05,571.1270833333333,3662.76,50.26,0,0,24,3,6,0,0,14.000000000000144,11.375000482211911
CUST004481,,,,,,,0,0,0,,21,16912.430000000004,805.3538095238097,7165.4,29.01,0,0,21,9,5,0,0,19.25,12.250000533395948
CUST004482,,,,,,,0,0,0,,27,19265.140000000003,713.5237037037039,8347.58,13.77,0,0,27,8,5,1,0,28.0,12.25000002293367
CUST004483,,,,,,,0,0,0,,31,18208.85,587.3822580645161,3387.46,24.2,0,0,31,7,9,0,0,14.000000000003002,12.080645345285
CUST004484,,,,,,,0,0,0,,21,15921.89,758.1852380952381,7323.26,21.28,0,0,21,7,6,0,0,19.25000001863033,12.333333341702417
CUST004485,,,,,,,0,0,0,,24,30861.11,1285.8795833333334,14492.14,20.97,0,0,24,7,8,0,0,22.75,12.468750365519478
CUST004486,,,,,,,0,0,0,,19,9739.27,512.5931578947369,2309.38,93.86,0,0,19,5,6,0,0,12.250000000250864,11.421053632044584
CUST004487,,,,,,,0,0,0,,16,7047.9400000000005,440.49625000000003,910.99,54.82,0,0,16,4,3,0,0,12.25000000024275,11.484375032005538
CUST004488,,,,,,,0,0,0,,23,7567.16,329.00695652173914,920.18,21.63,0,0,23,6,7,0,0,14.0,11.641304870751089
CUST004489,,,,,,,0,0,0,,27,33233.7,1230.8777777777777,14236.78,26.76,0,0,27,7,5,0,0,24.5,12.2500000878514
CUST004490,,,,,,,0,0,0,,29,17008.120000000003,586.4868965517243,3330.33,49.98,0,0,29,7,8,0,0,14.0,11.52586244360699
CUST004491,,,,,,,0,0,0,,27,17870.589999999997,661.8737037037035,2402.51,15.16,0,0,27,8,7,0,0,14.0,12.055555627787244
CUST004492,,,,,,,0,0,0,,30,26996.300000000003,899.8766666666668,5587.91,35.96,0,0,30,4,4,0,0,17.500000190137545,11.376317284928467
CUST004493,,,,,,,0,0,0,,27,17785.289999999997,658.7144444444443,7544.18,24.42,0,0,27,4,9,0,0,19.25,11.861111111869716
CUST004494,,,,,,,0,0,0,,23,17151.3,745.7086956521739,4644.97,29.96,0,0,23,7,5,0,0,14.00000017318336,11.869581880992351
CUST004495,,,,,,,0,0,0,,24,16522.72,688.4466666666667,4784.32,15.99,0,0,24,9,4,0,0,14.0,11.666667311161754
CUST004496,,,,,,,0,0,0,,25,16883.24,675.3296,5625.35,38.84,0,0,25,8,6,1,0,26.25000000002308,12.320000017109397
CUST004497,,,,,,,0,0,0,,28,15648.170000000002,558.8632142857143,3694.7,10.4,0,0,28,7,7,0,0,12.392666276742736,11.567595224970376
CUST004498,,,,,,,0,0,0,,22,11433.84,519.72,2883.4,32.97,0,0,22,6,8,0,0,14.000000000012166,11.693181956319853
CUST004499,,,,,,,0,0,0,,18,6697.66,372.09222222222223,1475.3,14.0,0,0,18,6,6,0,0,14.000000000090106,12.347222223828455
CUST004500,,,,,,,0,0,0,,15,15760.740000000002,1050.7160000000001,4181.67,33.15,0,0,15,4,4,0,0,14.000000025317034,11.550000010818735
CUST004501,,,,,,,0,0,0,,22,15387.760000000002,699.4436363636364,7154.22,45.15,0,0,22,8,6,0,0,17.5,12.409090909416095
CUST004502,,,,,,,0,0,0,,30,23349.37,778.3123333333333,5401.85,50.52,0,0,29,7,6,0,0,19.25,12.425000000342862
CUST004503,,,,,,,0,0,0,,21,9579.050000000001,456.14523809523814,1857.68,43.44,0,0,21,5,6,0,0,14.0,11.75000000007891
CUST004504,,,,,,,0,0,0,,25,10746.21,429.84839999999997,1041.09,16.98,0,0,25,5,8,0,0,14.0,11.550000261541909
CUST004505,,,,,,,0,0,0,,29,14579.91,502.7555172413793,3471.81,10.0,0,0,29,5,3,0,0,14.0,11.3448278962452
CUST004506,,,,,,,0,0,0,,19,14303.43,752.812105263158,5510.55,19.52,0,0,19,7,4,0,0,19.25000013382231,12.065789480790112
CUST004507,,,,,,,0,0,0,,22,20096.74,913.4881818181819,6182.93,28.93,0,0,22,3,7,0,0,19.25,11.613636363702954
CUST004508,,,,,,,0,0,0,,21,18110.32,862.3961904761904,4228.22,27.9,0,0,21,6,7,0,0,14.0,11.6666862467664
CUST004509,,,,,,,0,0,0,,23,19032.55,827.5021739130434,5903.79,30.65,0,0,23,4,5,0,0,19.25,12.02173913287795
CUST004510,,,,,,,0,0,0,,28,25640.32,915.7257142857143,8266.65,31.01,0,0,28,5,7,0,0,24.5,12.437500735120517
CUST004511,,,,,,,0,0,0,,27,18166.780000000002,672.8437037037038,3038.68,42.84,0,0,27,6,6,0,0,12.250000005163024,11.08333333400929
CUST004512,,,,,,,0,0,0,,22,22433.129999999997,1019.6877272727271,11414.34,23.43,0,0,22,6,3,0,0,22.75,12.090909213087162
CUST004513,,,,,,,0,0,0,,16,6571.620000000001,410.72625000000005,942.55,35.34,0,0,16,5,6,0,0,12.250007004229596,11.703125437797125
CUST004514,,,,,,,0,0,0,,23,13701.570000000002,595.7204347826088,2048.01,34.83,0,0,23,7,5,0,0,14.0,12.173913043800543
CUST004515,,,,,,,0,0,0,,28,16080.08,574.2885714285715,2956.6,45.18,0,0,28,5,7,0,0,14.000000002246823,11.625000038703508
CUST004516,,,,,,,0,0,0,,20,20501.35,1025.0674999999999,6127.3,33.44,0,0,19,8,4,0,0,19.25,12.16250001724741
CUST004517,,,,,,,1,0,0,,29,15913.01,548.7244827586208,2740.24,57.22,0,0,29,4,8,29,0,30.00000000003118,27.64655174259786
CUST004518,,,,,,,0,0,0,,25,15669.87,626.7948,2757.18,28.62,0,0,25,6,5,0,0,14.0,11.90000102945501
CUST004519,,,,,,,0,0,0,,24,12327.640000000001,513.6516666666668,2442.74,21.53,0,0,24,5,8,0,0,14.0,11.739595745853302
CUST004520,,,,,,,0,0,0,,20,10054.569999999998,502.7284999999999,1480.52,21.02,0,0,20,6,7,0,0,14.000000000360568,11.550000024486
CUST004521,,,,,,,0,0,0,,31,19456.789999999997,627.6383870967741,2925.18,27.2,0,0,31,7,6,0,0,14.0,11.460017008030428
CUST004522,,,,,,,0,0,1,,22,32724.73,1487.4877272727272,17443.37,30.39,0,0,22,4,8,16,0,32.00006575168324,25.318184810191827
CUST004523,,,,,,,0,0,1,,26,20466.269999999997,787.1642307692307,2693.96,65.48,0,0,26,7,6,16,0,26.75,24.394230783563827
CUST004524,,,,,,,0,0,0,,22,11313.75,514.2613636363636,2091.05,62.77,0,0,22,6,5,0,0,14.0,11.693181818215123
CUST004525,,,,,,,0,0,0,,21,18545.43,883.1157142857143,4489.58,28.64,0,0,21,6,4,0,0,14.0,11.500000282216256
CUST004526,,,,,,,0,0,0,,29,20165.260000000006,695.3537931034484,7002.6,31.35,0,0,28,7,8,0,0,22.75000041216682,12.551724189219852
CUST004527,,,,,,,0,0,0,,24,35512.759999999995,1479.698333333333,13295.93,59.0,0,0,24,7,7,0,0,17.5,12.104166766687975
CUST004528,,,,,,,0,0,0,,27,20000.829999999998,740.7714814814814,5577.18,40.13,0,0,27,5,6,0,0,19.25,12.120397356407208
CUST004529,,,,,,,0,0,0,,17,17705.879999999997,1041.5223529411762,8549.39,22.63,0,0,17,6,6,0,0,24.5,12.352941177447626
CUST004530,,,,,,,0,0,0,,24,15745.91,656.0795833333333,2405.25,49.07,0,0,24,3,5,0,0,14.0,11.520833333681878
CUST004531,,,,,,,0,0,0,,20,51301.020000000004,2565.0510000000004,19485.49,72.95,0,0,20,4,4,0,0,24.5,12.600000099770943
CUST004532,,,,,,,0,0,0,,24,36877.01,1536.5420833333335,15809.63,42.89,0,0,23,7,7,0,0,21.0,12.468750063123508
CUST004533,,,,,,,0,0,0,,23,15860.659999999998,689.5939130434782,2444.74,90.7,0,0,23,7,6,0,0,14.0,11.56521739172418
CUST004534,,,,,,,0,0,0,,23,13486.44,586.3669565217391,3522.42,29.48,0,0,23,7,7,0,0,14.0,12.021739845629808
CUST004535,,,,,,,0,0,0,,31,31043.32,1001.3974193548387,9202.12,36.25,0,0,31,7,7,0,0,22.75,12.080645223473548
CUST004536,,,,,,,0,0,0,,22,16194.460000000001,736.1118181818182,4993.78,40.13,0,0,22,6,6,0,0,14.0,11.693181820372633
CUST004537,,,,,,,0,0,0,,18,8325.05,462.50277777777774,1845.91,29.2,0,0,18,3,3,0,0,12.250000023612415,11.18055558656329
CUST004538,,,,,,,0,0,0,,21,15649.9,745.2333333333333,5531.67,38.56,0,0,21,6,6,0,0,22.75,12.416666666666961
CUST004539,,,,,,,0,0,0,,34,16952.989999999998,498.6173529411764,3161.95,23.26,0,0,34,10,7,0,0,14.0,11.889709307183324
CUST004540,,,,,,,0,0,0,,23,16749.010000000002,728.2178260869566,5754.39,35.54,0,0,23,8,5,0,0,17.5,12.173913046257722
CUST004541,,,,,,,0,0,0,,34,21366.940000000002,628.4394117647059,2860.17,41.85,0,0,34,7,7,0,0,14.0,11.68393047743586
CUST004542,,,,,,,0,0,0,,22,18092.63,822.3922727272728,3776.3,32.66,0,0,22,5,6,0,0,14.000000185768103,11.454546506384347
CUST004543,,,,,,,0,0,1,,20,8488.34,424.41700000000003,1782.78,7.69,0,0,20,6,7,17,0,26.75,24.912500001389663
CUST004544,,,,,,,0,0,0,,24,25594.760000000002,1066.4483333333335,7994.93,70.6,0,0,24,7,8,0,0,24.5,12.833333334442363
CUST004545,,,,,,,0,0,0,,25,16434.66,657.3864,2920.16,18.94,0,0,25,7,5,0,0,14.0,11.550000173686058
CUST004546,,,,,,,0,0,0,,23,31215.83,1357.21,13626.2,44.99,0,0,23,7,9,0,0,17.5,12.097826110472814
CUST004547,,,,,,,0,0,0,,34,33605.84,988.4070588235293,6533.67,41.77,0,0,34,6,4,0,0,21.0,11.580938873108138
CUST004548,,,,,,,0,0,0,,36,25381.020000000004,705.0283333333334,7477.81,22.38,0,0,36,6,8,0,0,21.0,11.812519777812945
CUST004549,,,,,,,0,0,0,,24,24990.46,1041.2691666666667,6936.7,23.66,0,0,24,7,9,0,0,21.00000000066539,12.177084763969942
CUST004550,,,,,,,0,0,0,,20,19820.94,991.0469999999999,4751.09,56.81,0,0,20,4,8,0,0,14.0,11.725012195744917
CUST004551,,,,,,,0,0,0,,33,48916.16,1482.307878787879,17179.6,20.73,0,0,33,10,10,0,0,17.500019783686174,12.250000602828901
CUST004552,,,,,,,0,0,0,,22,16588.109999999997,754.0049999999999,3512.55,36.33,0,0,22,3,5,0,0,14.0000000106862,11.534092310244885
CUST004553,,,,,,,0,0,0,,24,20902.120000000003,870.9216666666667,7650.47,19.25,0,0,24,7,6,0,0,24.5,12.250000595796834
CUST004554,,,,,,,0,0,0,,25,10178.740000000002,407.1496000000001,1101.67,25.37,0,0,25,6,4,0,0,14.000000000005375,11.690002242431687
CUST004555,,,,,,,0,0,0,,32,33303.619999999995,1040.7381249999999,6956.73,32.64,0,0,32,5,8,0,0,19.25,11.757813608691382
CUST004556,,,,,,,0,0,0,,21,9084.71,432.60523809523806,1131.14,66.1,0,0,21,5,5,0,0,14.0,11.58333387333245
CUST004557,,,,,,,0,0,0,,27,34534.27,1279.047037037037,10154.26,46.77,0,0,27,7,6,0,0,19.25000000302373,11.79629631113459
CUST004558,,,,,,,0,0,0,,14,9794.609999999999,699.6149999999999,2977.87,59.24,0,0,14,4,5,0,0,14.0,11.875000000058876
CUST004559,,,,,,,0,0,0,,23,23532.82,1023.1660869565218,6903.07,62.36,0,0,23,5,6,0,0,19.250000000369088,12.25000000066885
CUST004560,,,,,,,0,0,0,,27,21565.469999999998,798.721111111111,9773.18,41.63,0,0,27,6,7,0,0,22.75,11.99074694593436
CUST004561,,,,,,,0,0,0,,29,25399.92,875.8593103448276,4044.57,14.21,0,0,29,8,7,0,0,14.00000000123834,11.767484423434022
CUST004562,,,,,,,0,0,0,,21,12825.27,610.7271428571429,2909.67,36.6,0,0,21,5,6,0,0,14.0,11.666667288768037
CUST004563,,,,,,,0,0,0,,29,27910.59,962.4341379310345,8750.55,30.29,0,0,29,7,5,0,0,22.75,11.827634967811719
CUST004564,,,,,,,0,0,0,,31,28704.879999999997,925.9638709677419,5214.7,30.79,0,0,31,6,4,0,0,17.5,11.798592843987844
CUST004565,,,,,,,0,0,0,,20,14179.03,708.9515,2649.87,22.59,0,0,20,3,5,0,0,14.000027367344524,11.375001368369016
CUST004566,,,,,,,0,0,0,,22,20441.89,929.1768181818181,10179.99,28.23,0,0,22,6,8,0,0,19.25,12.25000000090646
CUST004567,,,,,,,0,0,0,,24,11425.29,476.05375000000004,3096.8,19.81,0,0,24,6,7,0,0,17.5,11.812506635825315
CUST004568,,,,,,,0,0,0,,18,17067.51,948.1949999999999,8928.91,37.46,0,0,18,5,5,0,0,24.5,12.541666738922721
CUST004569,,,,,,,0,0,0,,26,30273.84,1164.3784615384616,6969.36,22.3,0,0,26,8,5,0,0,24.5,12.721153950249771
CUST004570,,,,,,,0,0,1,,29,11485.550000000001,396.0534482758621,1346.94,25.82,0,0,29,6,5,19,0,26.75,24.5775864289291
CUST004571,,,,,,,0,0,0,,20,11750.55,587.5274999999999,1700.58,16.78,0,0,20,4,6,0,0,14.0,11.550079238940842
CUST004572,,,,,,,0,0,0,,33,20467.930000000004,620.2403030303032,1909.71,30.61,0,0,33,10,8,0,0,14.00002167695022,11.984849222869276
CUST004573,,,,,,,0,0,1,,22,26796.31,1218.014090909091,5505.42,31.33,0,0,22,4,7,15,0,30.25,24.681860316388953
CUST004574,,,,,,,0,0,0,,25,14747.150000000001,589.8860000000001,2112.66,61.09,0,0,25,8,5,0,0,14.000000003358682,11.760009837176597
CUST004575,,,,,,,0,0,0,,30,16759.829999999998,558.661,2826.55,5.72,0,0,29,7,7,0,0,14.000000000010752,11.725000001458227
CUST004576,,,,,,,0,0,0,,28,27687.009999999995,988.8217857142855,4790.41,15.18,0,0,28,7,4,0,0,14.0,11.500003218155197
CUST004577,,,,,,,0,0,0,,20,15743.739999999998,787.1869999999999,6514.79,20.46,0,0,20,6,7,0,0,21.0000000003,12.337500241593874
CUST004578,,,,,,,0,0,0,,16,10060.86,628.80375,2713.47,32.21,0,0,16,5,4,0,0,14.00000000251037,11.921875000247121
CUST004579,,,,,,,0,0,1,,22,16338.049999999997,742.6386363636362,2659.29,43.98,0,0,22,4,7,12,0,25.000000000054172,24.204545467819546
CUST004580,,,,,,,0,0,1,,21,19713.18,938.7228571428572,7677.77,108.5,0,0,21,5,7,12,0,32.0,24.750000000103352
CUST004581,,,,,,,0,0,0,,22,21945.99,997.5450000000001,9188.55,113.94,0,0,22,6,6,0,0,24.50037472820471,12.329562498118912
CUST004582,,,,,,,0,0,0,,24,21732.6,905.525,8399.69,21.71,0,0,24,7,9,0,0,22.75,12.322917276259068
CUST004583,,,,,,,0,0,0,,30,10564.2,352.14000000000004,1099.39,43.23,0,0,30,8,5,0,0,14.0,11.666699705027787
CUST004584,,,,,,,0,0,0,,17,11175.31,657.3711764705882,1847.08,51.92,0,0,17,4,3,0,0,14.000000389697808,11.5294118167727
CUST004585,,,,,,,0,0,0,,25,12097.59,483.9036,1365.96,88.9,0,0,25,6,7,0,0,14.0,11.690000003828322
CUST004586,,,,,,,0,0,0,,21,7185.64,342.17333333333335,1618.13,29.8,0,0,21,10,7,0,0,14.000000008883587,12.25000178838316
CUST004587,,,,,,,0,0,0,,25,20086.16,803.4464,9265.48,49.08,0,0,25,4,7,0,0,24.5,11.970000716218456
CUST004588,,,,,,,0,0,0,,27,18919.629999999997,700.7270370370369,8137.54,10.27,0,0,27,5,8,0,0,24.5,12.379640855088493
CUST004589,,,,,,,0,0,0,,28,28023.7,1000.8464285714286,5557.73,37.5,0,0,28,5,7,0,0,17.5,11.812501200681856
CUST004590,,,,,,,0,0,0,,21,16472.93,784.4252380952381,4724.7,38.16,0,0,21,5,7,0,0,12.25000000123121,11.583333334651948
CUST004591,,,,,,,0,0,0,,23,14218.56,618.1982608695652,2966.56,46.44,0,0,23,5,3,0,0,14.0,11.64130437673764
CUST004592,,,,,,,0,0,0,,30,12286.26,409.54200000000003,1895.93,42.25,0,0,30,10,6,0,0,14.0,12.016666833574794
CUST004593,,,,,,,0,0,0,,25,19676.37,787.0548,2291.82,17.34,0,0,25,6,7,0,0,14.0,11.83
CUST004594,,,,,,,0,0,0,,28,16727.14,597.3978571428571,3507.27,16.62,0,0,28,8,9,0,0,14.0,12.000000044114838
CUST004595,,,,,,,1,0,0,,18,14415.25,800.8472222222222,3954.57,47.56,0,0,18,6,4,18,0,30.000000000000178,27.66666666667704
CUST004596,,,,,,,1,0,0,,23,14161.510000000002,615.7178260869566,4112.6,22.83,0,0,23,6,8,23,0,28.25000000023536,27.64130434867738
CUST004597,,,,,,,0,0,0,,32,9021.310000000001,281.91593750000004,1259.99,15.02,0,0,32,7,8,0,0,14.000000000178956,12.031250014199824
CUST004598,,,,,,,0,0,0,,20,6410.9400000000005,320.547,1558.21,44.48,0,0,20,7,4,0,0,14.0,11.46250000365118
CUST004599,,,,,,,0,0,0,,23,20952.42,910.9747826086956,8716.61,61.69,0,0,23,6,6,0,0,24.5,12.402173913051923
CUST004600,,,,,,,0,0,0,,21,10964.49,522.1185714285714,1809.93,59.93,0,0,21,4,7,0,0,14.0,11.833333333333533
CUST004601,,,,,,,0,0,0,,17,10772.29,633.6641176470589,4504.55,71.58,0,0,17,4,3,0,0,14.0,11.941176658094397
CUST004602,,,,,,,0,0,0,,26,18460.34,710.0130769230769,4683.94,13.48,0,0,26,5,6,0,0,14.0,11.644236756762828
CUST004603,,,,,,,0,0,0,,23,14616.380000000001,635.4947826086957,7402.51,35.76,0,0,23,8,4,0,0,21.0,12.630434814464188
CUST004604,,,,,,,0,0,0,,23,14357.259999999998,624.2286956521739,2323.58,39.89,0,0,23,6,6,0,0,14.0,11.717391555181862
CUST004605,,,,,,,0,0,0,,17,6813.66,400.8035294117647,1335.77,11.49,0,0,17,6,7,0,0,14.000000016222913,12.250000000954289
CUST004606,,,,,,,0,0,0,,21,12610.749999999998,600.5119047619047,3732.21,13.09,0,0,21,7,6,0,0,14.000000007464754,12.000000000548116
CUST004607,,,,,,,0,0,0,,30,31691.18,1056.3726666666666,4730.65,21.55,0,0,30,6,5,0,0,12.250000010958022,11.200000005045467
CUST004608,,,,,,,0,0,0,,20,7896.4400000000005,394.822,1881.69,67.09,0,0,20,6,7,0,0,14.00000000000881,11.637500056927065
CUST004609,,,,,,,0,0,0,,21,18371.719999999998,874.8438095238095,6961.95,57.94,0,0,21,6,6,0,0,19.25,12.166668004834683
CUST004610,,,,,,,0,0,0,,26,16430.74,631.9515384615386,3358.3,46.5,0,0,26,6,7,0,0,14.000000987689353,11.846154516264837
CUST004611,,,,,,,0,0,0,,16,11771.79,735.736875,6055.89,28.92,0,0,16,4,5,1,0,26.25,12.90625000142606
CUST004612,,,,,,,0,0,0,,20,23136.39,1156.8195,9100.17,52.47,0,0,20,6,4,0,0,24.5,13.03750012351362
CUST004613,,,,,,,0,0,0,,20,9150.330000000002,457.51650000000006,3074.49,18.61,0,0,20,2,5,0,0,7.000000000563472,4.375000728113674
CUST004614,,,,,,,0,0,0,,32,21915.160000000003,684.8487500000001,8192.95,14.69,0,0,31,8,9,0,0,24.5,12.30468756642512
CUST004615,,,,,,,0,0,0,,29,25804.120000000003,889.7972413793104,4308.41,24.76,0,0,29,4,6,0,0,14.000000004009722,11.525862664202835
CUST004616,,,,,,,0,0,0,,21,17539.320000000003,835.2057142857144,4767.77,16.73,0,0,21,5,4,0,0,14.0,11.416666679214003
CUST004617,,,,,,,0,0,0,,18,18781.84,1043.4355555555555,8029.8,13.85,0,0,18,7,5,0,0,22.75,12.638889173331096
CUST004618,,,,,,,0,0,0,,38,36528.189999999995,961.2681578947368,6499.37,25.74,0,0,37,7,10,0,0,19.25,12.157896209224944
CUST004619,,,,,,,0,0,0,,24,14937.86,622.4108333333334,4198.62,29.3,0,0,23,10,7,0,0,14.0,11.739584985002262
CUST004620,,,,,,,0,0,0,,20,14809.869999999999,740.4934999999999,7061.79,61.0,0,0,20,6,3,0,0,17.5,11.8125001698812
CUST004621,,,,,,,0,0,0,,27,17768.25,658.0833333333334,4557.35,132.25,0,0,27,6,6,0,0,14.000000202489655,11.925928560144357
CUST004622,,,,,,,0,0,0,,25,19571.2,782.8480000000001,3483.81,57.47,0,0,25,8,8,0,0,12.250001470106588,11.41000005995633
CUST004623,,,,,,,0,0,0,,33,28250.99,856.0906060606061,4794.1,19.54,0,0,33,8,6,0,0,12.250000374093068,11.560606072779589
CUST004624,,,,,,,0,0,0,,20,19600.370000000003,980.0185000000001,6064.85,61.57,0,0,20,7,5,0,0,17.5,12.425000000011668
CUST004625,,,,,,,0,0,0,,21,16244.16,773.5314285714286,3509.07,70.06,0,0,21,6,5,0,0,14.0,11.833336749052345
CUST004626,,,,,,,0,0,0,,18,20733.700000000004,1151.8722222222225,12824.53,34.26,0,0,18,7,6,0,0,19.25,12.541666667839998
CUST004627,,,,,,,0,0,0,,23,11505.410000000002,500.23521739130445,4106.39,14.88,0,0,23,9,7,0,0,14.0,11.86956521743385
CUST004628,,,,,,,0,0,0,,19,10851.300000000001,571.121052631579,2769.24,24.44,0,0,19,7,5,0,0,14.0,12.065789478439292
CUST004629,,,,,,,0,0,0,,24,13712.98,571.3741666666666,1979.4,37.9,0,0,24,4,6,0,0,14.00000003108676,11.37500201619629
CUST004630,,,,,,,0,0,0,,26,26216.09,1008.3111538461538,4203.58,51.95,0,0,26,4,7,0,0,14.000000006078594,11.509615384854985
CUST004631,,,,,,,0,0,0,,23,20476.08,890.264347826087,11966.11,28.37,0,0,23,5,4,0,0,24.5,12.09783250324847
CUST004632,,,,,,,0,0,0,,22,22866.96,1039.4072727272726,8570.12,13.84,0,0,22,8,4,1,0,29.75,12.727272761962602
CUST004633,,,,,,,0,0,0,,29,19069.230000000003,657.559655172414,4489.85,36.03,0,0,29,8,9,0,0,14.000000000014795,11.88803421082033
CUST004634,,,,,,,0,0,0,,30,23687.24,789.5746666666668,3300.5,50.35,0,0,30,4,6,0,0,14.0,11.43336218474689
CUST004635,,,,,,,0,0,0,,20,13341.500000000004,667.0750000000002,2969.26,56.28,0,0,20,6,7,0,0,14.0,11.987500008438756
CUST004636,,,,,,,0,0,0,,32,15002.38,468.824375,2448.84,14.05,0,0,32,7,7,0,0,14.0,11.75781257896006
CUST004637,,,,,,,0,0,0,,24,33622.149999999994,1400.9229166666664,10665.55,73.49,0,0,24,7,4,0,0,19.25000001433505,12.614583342699001
CUST004638,,,,,,,0,0,0,,30,30637.45,1021.2483333333333,10942.32,41.43,0,0,30,5,8,0,0,19.25,11.9583335469324
CUST004639,,,,,,,0,0,0,,16,4434.54,277.15875,992.18,52.54,0,0,16,7,7,0,0,12.25000004657927,11.703125002911875
CUST004640,,,,,,,0,0,0,,23,19147.11,832.4830434782609,4612.31,9.6,0,0,23,8,8,0,0,14.000000000398735,12.173913044950059
CUST004641,,,,,,,0,0,0,,29,23766.01,819.5175862068965,4911.64,25.74,0,0,29,4,6,0,0,14.0,11.46551726809537
CUST004642,,,,,,,0,0,0,,17,17069.57,1004.0923529411765,4936.1,147.14,0,0,17,6,5,0,0,14.000000000026104,11.941176471364606
CUST004643,,,,,,,0,0,0,,10,9861.359999999999,986.1359999999999,2792.91,9.6,0,0,10,3,6,0,0,14.000000689725614,12.250000069018434
CUST004644,,,,,,,0,0,0,,25,15840.810000000003,633.6324000000001,5259.56,28.95,0,0,25,8,9,0,0,22.75,12.110000026700696
CUST004645,,,,,,,0,0,0,,24,15066.759999999998,627.7816666666666,2569.84,21.45,0,0,24,6,7,0,0,12.250000201379086,11.520833343702208
CUST004646,,,,,,,0,0,0,,28,20936.6,747.7357142857143,3087.77,53.19,0,0,28,7,9,0,0,14.0,11.625005387145876
CUST004647,,,,,,,0,0,0,,27,12546.75,464.69444444444446,2974.21,17.78,0,0,27,7,6,0,0,14.0,11.601851895183838
CUST004648,,,,,,,0,0,0,,18,11324.539999999999,629.1411111111111,2929.06,56.86,0,0,18,6,6,0,0,14.0,11.569444991529382
CUST004649,,,,,,,0,0,0,,28,20452.149999999998,730.4339285714285,3728.38,16.97,0,0,28,6,8,0,0,14.000000075615434,11.750000171634428
CUST004650,,,,,,,0,0,0,,16,8916.369999999999,557.2731249999999,1836.37,21.01,0,0,16,6,5,0,0,14.000000000271214,11.812500000074905
CUST004651,,,,,,,0,0,0,,21,10134.62,482.60095238095244,2039.18,43.73,0,0,21,7,6,0,0,14.0,11.91666686068921
CUST004652,,,,,,,0,0,0,,13,8561.7,658.5923076923077,2639.61,22.21,0,0,13,3,7,0,0,14.0,12.115385690918412
CUST004653,,,,,,,0,0,0,,28,22621.29,807.9032142857143,5639.25,19.75,0,0,28,8,5,0,0,19.25,11.81250860403984
CUST004654,,,,,,,0,0,0,,20,11348.660000000002,567.4330000000001,2357.61,44.41,0,0,20,5,7,0,0,12.25,11.637500001001284
CUST004655,,,,,,,0,0,0,,24,14188.49,591.1870833333334,2557.17,78.62,0,0,24,8,9,0,0,14.0,11.739583339129979
CUST004656,,,,,,,0,0,0,,31,27935.829999999998,901.1558064516129,4961.15,14.52,0,0,31,8,7,0,0,14.0,11.629032271943103
CUST004657,,,,,,,0,0,0,,28,36122.03,1290.0725,19199.2,20.33,0,0,28,7,7,0,0,17.5,11.750000009094945
CUST004658,,,,,,,0,0,0,,37,26564.010000000006,717.9462162162164,5899.71,29.09,0,0,37,9,8,0,0,19.25,11.729893072280204
CUST004659,,,,,,,0,0,0,,27,18692.01,692.2966666666666,5055.82,37.79,0,0,27,5,7,0,0,17.5,11.73148211769941
CUST004660,,,,,,,0,0,1,,25,15232.660000000002,609.3064,3620.65,14.35,0,0,25,7,6,16,0,26.75,24.51000010610728
CUST004661,,,,,,,0,0,0,,16,9740.36,608.7725,1779.76,27.62,0,0,16,3,6,0,0,12.25,11.265625003866463
CUST004662,,,,,,,0,0,0,,20,16176.599999999999,808.8299999999999,3988.24,29.98,0,0,20,6,7,0,0,14.000007237924027,11.725000489993128
CUST004663,,,,,,,0,0,0,,21,16538.29,787.537619047619,4496.87,30.93,0,0,21,7,8,0,0,14.0,12.083333544631671
CUST004664,,,,,,,0,0,0,,25,16492.379999999997,659.6951999999999,4759.21,26.2,0,0,25,8,4,0,0,14.00000000006066,11.410001155859067
CUST004665,,,,,,,0,0,0,,27,18197.3,673.974074074074,2595.38,41.86,0,0,27,6,6,0,0,14.000017314136397,11.796297494524959
CUST004666,,,,,,,0,0,0,,21,18748.37,892.7795238095238,3825.03,67.02,0,0,21,6,3,0,0,14.0,11.58333333370123
CUST004667,,,,,,,0,0,0,,24,11151.09,464.62875,1524.81,46.44,0,0,24,6,4,0,0,14.000000083310704,11.885417705112333
CUST004668,,,,,,,0,0,1,,24,12218.16,509.09,4438.62,44.85,0,0,24,10,8,20,0,26.750000001091667,24.927090268627836
CUST004669,,,,,,,0,0,0,,18,8992.1,499.56111111111113,1489.75,44.78,0,0,18,6,4,0,0,14.00000387318347,11.666667013280119
CUST004670,,,,,,,0,0,0,,24,14247.55,593.6479166666667,2758.79,21.31,0,0,24,7,4,0,0,14.0,11.593750592798132
CUST004671,,,,,,,0,0,0,,20,13761.680000000002,688.0840000000001,6847.88,29.33,0,0,20,6,6,0,0,17.50001786449618,12.337501131556667
CUST004672,,,,,,,0,0,0,,16,5928.07,370.504375,1666.63,19.92,0,0,16,4,4,0,0,12.250000025127347,11.484375001592102
CUST004673,,,,,,,0,0,0,,29,28868.849999999995,995.4775862068964,8315.38,16.6,0,0,29,7,6,0,0,22.75,11.706896713592938
CUST004674,,,,,,,0,0,0,,19,17940.28,944.2252631578947,4935.21,48.19,0,0,19,5,7,0,0,14.000000000017597,11.789473855878748
CUST004675,,,,,,,0,0,0,,25,12261.57,490.4628,3469.28,23.4,0,0,25,7,6,0,0,14.0,11.830000000199707
CUST004676,,,,,,,0,0,0,,27,15961.929999999998,591.1825925925925,3414.92,27.63,0,0,27,8,5,0,0,14.000000000014277,11.990740742410583
CUST004677,,,,,,,0,0,0,,29,22165.430000000004,764.3251724137932,3938.63,33.52,0,0,29,6,6,0,0,12.250001348683972,11.465517353548204
CUST004678,,,,,,,0,0,0,,28,18207.75,650.2767857142857,4226.47,25.44,0,0,28,3,8,0,0,14.0000000004832,11.750000000050033
CUST004679,,,,,,,0,0,0,,18,20752.079999999998,1152.8933333333332,8843.63,57.52,0,0,18,6,4,0,0,24.50000771975333,12.63888969926277
CUST004680,,,,,,,0,0,0,,25,17683.989999999998,707.3595999999999,2458.95,27.34,0,0,25,8,5,0,0,14.0,12.040000010845844
CUST004681,,,,,,,0,0,0,,18,7746.589999999999,430.3661111111111,985.32,9.16,0,0,18,6,5,0,0,12.25,11.277778477978458
CUST004682,,,,,,,0,0,0,,18,10747.44,597.08,2692.08,25.93,0,0,18,5,4,0,0,12.250000001774968,11.763888889065761
CUST004683,,,,,,,0,0,0,,19,10661.09,561.11,2138.45,42.9,0,0,19,5,6,0,0,14.000000000006326,11.789473686287547
CUST004684,,,,,,,1,0,0,,21,11242.460000000001,535.3552380952382,3104.52,66.18,0,0,21,3,5,21,0,30.0,27.333333388636145
CUST004685,,,,,,,0,0,0,,23,13909.300000000001,604.7521739130435,3940.28,10.77,0,0,23,5,6,0,0,14.0,11.565217404827933
CUST004686,,,,,,,0,0,0,,21,19816.999999999996,943.6666666666665,7899.93,16.93,0,0,21,4,5,0,0,17.5,11.833333337138784
CUST004687,,,,,,,0,0,0,,18,13729.41,762.745,3966.13,15.88,0,0,17,4,4,0,0,14.000000000500805,11.375001837375606
CUST004688,,,,,,,0,0,0,,23,26996.909999999996,1173.7786956521738,16840.51,43.51,0,0,23,7,5,0,0,17.500246972971443,12.173978196501023
CUST004689,,,,,,,1,0,0,,20,13561.970000000001,678.0985000000001,7276.28,22.53,0,0,19,5,5,20,0,37.0,28.16250000000003
CUST004690,,,,,,,0,0,0,,21,11076.439999999999,527.4495238095237,1899.07,34.77,0,0,21,4,4,0,0,14.000000082049311,11.83333334739724
CUST004691,,,,,,,0,0,0,,37,60911.340000000004,1646.2524324324324,24040.37,22.42,0,0,37,10,7,0,0,24.5,12.770271062717974
CUST004692,,,,,,,0,0,0,,23,17136.04,745.0452173913044,2581.3,24.33,0,0,23,4,7,0,0,12.250000049791725,11.336957319949056
CUST004693,,,,,,,0,0,0,,26,13995.96,538.3061538461538,6048.32,51.18,0,0,26,6,6,0,0,19.25000000250159,11.644230811204437
CUST004694,,,,,,,0,0,0,,21,13407.619999999999,638.4580952380952,2701.64,37.49,0,0,21,6,8,0,0,14.0,11.83333333566242
CUST004695,,,,,,,0,0,0,,27,18253.119999999995,676.0414814814814,3561.86,33.68,0,0,27,5,5,0,0,14.000000002607688,11.731481798550009
CUST004696,,,,,,,0,0,0,,24,23091.07,962.1279166666667,6419.89,22.34,0,0,24,6,8,0,0,21.000002040606475,12.03125033800623
CUST004697,,,,,,,0,0,0,,26,34681.92,1333.9199999999998,12131.85,114.32,0,0,25,9,5,0,0,24.5,12.721169018109986
CUST004698,,,,,,,0,0,0,,24,13409.44,558.7266666666667,2915.9,30.6,0,0,24,8,7,0,0,14.00000003777064,11.958333335567803
CUST004699,,,,,,,0,0,0,,31,31733.410000000003,1023.6583870967743,8490.79,34.99,0,0,31,7,6,0,0,24.5,12.419355001615896
CUST004700,,,,,,,0,0,0,,20,9885.49,494.2745,1527.34,9.59,0,0,20,6,8,0,0,14.0,11.637500002932684
CUST004701,,,,,,,0,0,0,,16,13945.369999999999,871.5856249999999,3047.43,78.95,0,0,16,3,3,0,0,14.0,11.375053056555679
CUST004702,,,,,,,0,0,0,,27,19361.78,717.1029629629629,3731.64,69.75,0,0,27,3,6,0,0,14.0,11.66666693260328
CUST004703,,,,,,,0,0,0,,26,17588.87,676.495,4067.14,22.23,0,0,26,4,6,0,0,14.0,11.576975813931316
CUST004704,,,,,,,0,0,0,,25,10109.339999999998,404.37359999999995,2002.85,54.65,0,0,25,5,7,0,0,14.0,12.11000000876817
CUST004705,,,,,,,0,0,0,,29,59712.28999999999,2059.0444827586207,20838.6,15.56,0,0,29,6,6,0,0,24.5,12.551735710559093
CUST004706,,,,,,,0,0,0,,30,12984.710000000001,432.8236666666667,1873.75,69.25,0,0,30,5,7,0,0,14.0,11.66666667878735
CUST004707,,,,,,,0,0,0,,20,12012.89,600.6445,2600.08,29.08,0,0,20,7,6,0,0,14.000000000005652,12.075000002631437
CUST004708,,,,,,,0,0,0,,19,13004.14,684.4284210526315,2122.24,44.61,0,0,19,7,3,0,0,12.25001772618318,11.513167357536357
CUST004709,,,,,,,1,0,0,,21,15758.08,750.384761904762,3509.73,37.5,0,0,21,7,3,21,0,30.00000000006642,27.66666717780086
CUST004710,,,,,,,0,0,0,,21,16326.220000000003,777.4390476190478,3639.67,42.94,0,0,21,5,7,0,0,14.00000000021888,11.666930062660052
CUST004711,,,,,,,0,0,0,,32,21987.61,687.1128125,3003.59,33.39,0,0,32,6,7,0,0,14.0000584992188,11.75781435001712
CUST004712,,,,,,,0,0,0,,23,15291.380000000003,664.8426086956523,3795.9,21.99,0,0,23,5,6,0,0,14.0,11.641304357730347
CUST004713,,,,,,,0,0,0,,18,13254.460000000001,736.3588888888889,2015.57,64.04,0,0,18,4,3,0,0,14.0,11.666666666667133
CUST004714,,,,,,,0,0,0,,28,18005.96,643.0699999999999,2521.81,39.13,0,0,28,8,6,0,0,14.0,11.687500000449331
CUST004715,,,,,,,0,0,0,,30,12377.23,412.5743333333333,1280.96,15.97,0,0,29,6,7,0,0,14.0,11.49166676044291
CUST004716,,,,,,,0,0,0,,18,13438.519999999999,746.5844444444443,3798.68,17.04,0,0,18,6,6,0,0,14.000000128573728,11.763890136427657
CUST004717,,,,,,,0,0,0,,29,15059.880000000001,519.3062068965518,2534.27,19.78,0,0,29,6,7,0,0,14.0,11.525862103946109
CUST004718,,,,,,,0,0,0,,25,16326.64,653.0656,2850.81,25.08,0,0,25,7,7,0,0,14.0,11.830000279150418
CUST004719,,,,,,,0,0,0,,20,51981.049999999996,2599.0525,35008.42,32.93,0,0,20,4,7,0,0,21.0,12.162500101050798
CUST004720,,,,,,,0,0,0,,20,15432.090000000002,771.6045000000001,3508.36,72.0,0,0,20,7,4,0,0,14.00000003520764,11.90000000402835
CUST004721,,,,,,,0,0,0,,22,15375.83,698.9013636363636,2901.89,68.59,0,0,22,6,7,0,0,14.0,11.375007465373157
CUST004722,,,,,,,0,0,0,,23,7608.550000000001,330.80652173913046,1485.69,47.34,0,0,23,4,5,0,0,12.250000000269887,11.336956521797491
CUST004723,,,,,,,0,0,0,,21,15355.119999999999,731.1961904761904,2443.73,39.59,0,0,21,5,4,0,0,14.0,11.583333335189103
CUST004724,,,,,,,0,0,0,,22,10825.070000000003,492.0486363636365,3444.27,12.66,0,0,22,7,5,0,0,14.0,11.931818184133142
CUST004725,,,,,,,0,0,0,,18,12994.480000000001,721.9155555555557,1518.59,127.17,0,0,17,4,6,0,0,12.250000483611196,11.375000114353831
CUST004726,,,,,,,0,0,0,,27,50682.29,1877.121851851852,26055.01,37.49,0,0,27,5,6,1,0,26.25,12.638903448052188
CUST004727,,,,,,,0,0,1,,16,13439.76,839.985,6030.01,28.43,0,0,16,4,5,10,0,33.75000000000512,24.89062544014804
CUST004728,,,,,,,0,0,0,,19,11683.400000000001,614.9157894736843,2013.18,88.17,0,0,19,5,5,0,0,14.0,11.973684648796253
CUST004729,,,,,,,1,0,0,,22,17510.69,795.9404545454545,3554.26,31.15,0,0,22,6,4,22,0,28.25000000024461,27.772727357977487
CUST004730,,,,,,,0,0,0,,23,19850.079999999998,863.046956521739,6608.42,43.7,0,0,23,5,4,0,0,17.500000000997392,11.86956522730991
CUST004731,,,,,,,0,0,0,,28,12175.949999999999,434.8553571428571,1872.75,34.47,0,0,28,8,6,0,0,14.0,11.62500028535968
CUST004732,,,,,,,0,0,0,,27,16643.239999999998,616.4162962962962,6761.99,35.39,0,0,27,7,6,0,0,21.0,11.666691415279528
CUST004733,,,,,,,0,0,0,,28,21214.700000000004,757.6678571428573,3775.77,22.33,0,0,28,7,6,0,0,14.000000002763825,11.500000587676226
CUST004734,,,,,,,0,0,0,,38,24773.559999999998,651.9357894736842,3210.34,26.81,0,0,37,8,6,0,0,14.0000019122157,11.421052757217282
CUST004735,,,,,,,0,0,0,,15,6864.86,457.6573333333333,1711.84,161.87,0,0,15,6,6,0,0,14.0,12.016666668750936
CUST004736,,,,,,,0,1,0,,22,10548.03,479.45590909090913,1712.93,26.09,0,0,22,7,5,22,0,47.500000019044855,45.511363637544044
CUST004737,,,,,,,0,0,0,,22,12077.160000000002,548.9618181818182,1581.79,82.72,0,0,22,3,6,0,0,14.0,11.772727340010675
CUST004738,,,,,,,0,0,0,,23,8551.61,371.8091304347826,1720.94,15.82,0,0,23,2,5,0,0,7.0,4.336958649658652
CUST004739,,,,,,,0,0,0,,26,15296.66,588.3330769230769,2113.73,42.84,0,0,26,6,5,0,0,14.0,11.375000594573512
CUST004740,,,,,,,0,0,0,,24,15699.3,654.1374999999999,3211.54,7.66,0,0,24,8,7,0,0,14.0,11.73958496855918
CUST004741,,,,,,,0,0,0,,24,14538.52,605.7716666666666,3971.41,33.99,0,0,24,7,6,0,0,14.0,11.739672873777304
CUST004742,,,,,,,0,0,0,,24,13974.98,582.2908333333334,4781.83,6.66,0,0,24,6,9,0,0,14.0,11.885416873726646
CUST004743,,,,,,,0,0,0,,25,21562.78,862.5111999999999,3714.41,15.14,0,0,25,6,7,0,0,14.0,11.550000000076082
CUST004744,,,,,,,0,0,0,,21,13493.739999999998,642.5590476190475,3964.4,53.27,0,0,21,4,5,0,0,14.000000000176346,11.750004454919818
CUST004745,,,,,,,0,0,0,,18,11111.69,617.3161111111111,3259.44,24.59,0,0,18,9,7,0,0,14.00000000026696,11.56944444708479
CUST004746,,,,,,,0,0,0,,30,18074.749999999996,602.4916666666666,2725.06,53.12,0,0,30,6,8,0,0,14.0,11.783333410461955
CUST004747,,,,,,,0,0,0,,28,20799.729999999996,742.8474999999999,3184.7,22.78,0,0,28,5,7,0,0,14.0,11.81250417635218
CUST004748,,,,,,,0,0,0,,23,25158.070000000003,1093.8291304347827,8851.53,23.4,0,0,23,5,5,1,0,29.75,12.17391304591297
CUST004749,,,,,,,0,0,0,,28,31415.010000000002,1121.964642857143,13545.54,31.07,0,0,28,8,5,0,0,17.502568493123796,11.562598080729554
CUST004750,,,,,,,0,0,0,,20,34120.50000000001,1706.0250000000003,27315.27,33.41,0,0,20,5,5,1,0,28.0,12.337500006010893
CUST004751,,,,,,,0,0,0,,26,28384.969999999998,1091.7296153846153,7418.31,8.07,0,0,26,6,8,0,0,19.25,12.115384616998709
CUST004752,,,,,,,0,0,0,,35,12886.32,368.1805714285714,2539.49,7.19,0,0,35,8,8,0,0,14.000000000033609,11.700000165709273
CUST004753,,,,,,,0,0,0,,18,16397.39,910.9661111111111,5978.54,11.39,0,0,18,7,5,0,0,19.25,12.347222590165302
CUST004754,,,,,,,0,0,0,,24,17984.01,749.3337499999999,3936.84,73.97,0,0,24,7,7,0,0,14.000000001071015,11.88541666721617
CUST004755,,,,,,,0,0,0,,23,29285.58,1273.2860869565218,13404.58,31.23,0,0,23,6,6,0,0,17.500000174812694,11.793478318314467
CUST004756,,,,,,,0,0,0,,22,12526.31,569.3777272727273,2767.89,46.49,0,0,22,7,3,0,0,14.0000000489321,11.613636365886968
CUST004757,,,,,,,0,0,0,,22,11582.7,526.4863636363636,2048.09,31.35,0,0,22,7,6,0,0,14.0,11.45454545782419
CUST004758,,,,,,,0,0,0,,22,10598.369999999999,481.74409090909086,2432.58,31.25,0,0,22,9,7,0,0,14.0,12.01136370806405
CUST004759,,,,,,,0,0,0,,18,58962.37999999999,3275.6877777777772,36258.61,47.7,0,0,18,7,5,1,0,28.0,13.513889851077145
CUST004760,,,,,,,0,0,0,,24,13839.609999999999,576.6504166666666,3136.31,17.42,0,0,24,4,7,0,0,14.0,11.81250003418451
CUST004761,,,,,,,0,0,0,,32,33033.18,1032.286875,6309.68,53.34,0,0,31,8,8,0,0,19.25,12.304687501729536
CUST004762,,,,,,,0,0,0,,19,22552.690000000002,1186.9836842105265,5127.09,69.19,0,0,19,6,4,0,0,21.0,11.881755778433014
CUST004763,,,,,,,0,0,0,,21,18509.65,881.4119047619048,5628.41,36.08,0,0,21,7,5,1,0,26.25000000104989,12.000000000184347
CUST004764,,,,,,,0,0,0,,21,20261.199999999997,964.8190476190475,5812.03,79.21,0,0,21,5,2,0,0,22.750365801072974,12.000017428232557
CUST004765,,,,,,,0,0,0,,25,45144.55,1805.7820000000002,12558.87,63.91,0,0,25,5,9,0,0,22.75,12.810013908620599
CUST004766,,,,,,,1,0,0,,21,15821.07,753.3842857142857,4995.53,21.68,0,0,21,6,3,21,0,30.0,27.33333333623507
CUST004767,,,,,,,0,0,0,,20,10943.619999999999,547.1809999999999,4212.5,25.23,0,0,20,7,7,0,0,14.00000000000637,11.725003326861707
CUST004768,,,,,,,0,0,0,,32,31961.8,998.80625,8510.81,7.58,0,0,32,7,6,2,0,31.5,12.960937582624624
CUST004769,,,,,,,0,0,0,,25,22841.86,913.6744,3742.85,34.51,0,0,25,7,6,0,0,14.000000047392456,11.690000002726363
CUST004770,,,,,,,0,0,0,,22,16267.64,739.4381818181818,5214.52,31.19,0,0,22,7,5,0,0,19.25,12.090909125815978
CUST004771,,,,,,,0,0,0,,24,29588.1,1232.8374999999999,6848.04,81.66,0,0,24,7,6,0,0,21.0,12.177083333427447
CUST004772,,,,,,,0,0,0,,24,19343.79,805.99125,3632.34,24.57,0,0,24,6,5,0,0,14.000456034821314,11.812519002750037
CUST004773,,,,,,,0,0,0,,23,12032.09,523.1343478260869,2406.62,7.08,0,0,23,9,6,0,0,14.0,11.869565225860546
CUST004774,,,,,,,0,0,0,,26,26127.08,1004.8876923076924,7118.42,45.46,0,0,26,5,7,0,0,19.25,12.317307718789733
CUST004775,,,,,,,0,0,0,,23,11011.940000000002,478.7800000000001,2397.04,11.84,0,0,23,5,6,0,0,14.000000003273858,11.565217392189336
CUST004776,,,,,,,0,0,0,,31,19105.449999999997,616.3048387096774,4934.43,48.95,0,0,31,6,5,0,0,14.000000002355398,11.572590281431854
CUST004777,,,,,,,0,0,0,,27,27438.38,1016.2362962962964,5532.0,28.23,0,0,27,2,7,1,0,26.8573242712564,5.466938201496599
CUST004778,,,,,,,0,0,0,,26,15220.37,585.3988461538462,3280.77,30.47,0,0,26,8,8,0,0,14.0,12.048076933573205
CUST004779,,,,,,,0,0,0,,24,33154.78999999999,1381.449583333333,9421.13,46.05,0,0,24,8,5,1,0,26.25,12.833348297686015
CUST004780,,,,,,,0,0,0,,21,30104.690000000002,1433.5566666666668,6586.23,14.45,0,0,21,4,4,0,0,21.00000000197962,12.7500000545708
CUST004781,,,,,,,0,0,0,,21,15860.45,755.2595238095239,4133.65,33.14,0,0,21,8,7,0,0,14.000000000066857,11.75000000092028
CUST004782,,,,,,,0,0,0,,18,12786.339999999998,710.3522222222222,3153.66,27.68,0,0,18,5,4,0,0,14.0,11.472223118048525
CUST004783,,,,,,,0,0,0,,29,19619.34,676.5289655172414,3966.01,26.85,0,0,29,8,7,0,0,14.00000012798444,11.76724420926268
CUST004784,,,,,,,0,0,0,,22,29743.94,1351.9972727272727,6301.84,17.84,0,0,22,4,6,0,0,17.5,12.250000149201089
CUST004785,,,,,,,0,0,0,,30,29225.61,974.187,7613.84,16.3,0,0,30,7,8,0,0,17.5,11.433333357546632
CUST004786,,,,,,,0,0,0,,24,13446.24,560.26,3669.82,42.38,0,0,24,5,7,0,0,14.0,11.447916709862724
CUST004787,,,,,,,0,0,0,,24,24880.030000000002,1036.6679166666668,4189.15,27.25,0,0,24,5,7,0,0,17.50000003148926,12.322916668426993
CUST004788,,,,,,,0,0,0,,23,11558.810000000001,502.5569565217392,5034.79,88.19,0,0,23,8,6,0,0,19.250000011808336,11.945652226879346
CUST004789,,,,,,,0,0,0,,21,29933.72,1425.4152380952382,8152.79,42.07,0,0,21,5,7,0,0,24.5,12.16666667535306
CUST004790,,,,,,,0,0,0,,32,19029.28,594.665,4900.96,41.16,0,0,32,6,8,0,0,15.749999999999998,11.867187556972494
CUST004791,,,,,,,0,0,0,,16,11967.880000000001,747.9925000000001,4192.48,17.92,0,0,16,4,4,0,0,12.250000813341352,11.484375063461613
CUST004792,,,,,,,0,0,0,,37,25842.769999999997,698.4532432432432,4308.73,97.33,0,0,37,10,8,0,0,14.00002751840315,12.155424888875833
CUST004793,,,,,,,0,0,0,,24,17624.73,734.36375,3173.91,8.17,0,0,24,5,9,0,0,14.0,12.031250000141812
CUST004794,,,,,,,0,0,0,,18,17877.63,993.2016666666667,4098.58,89.11,0,0,18,3,4,0,0,14.0,11.569444632866587
CUST004795,,,,,,,0,0,0,,26,11261.79,433.14576923076925,2040.59,34.34,0,0,26,9,5,0,0,14.000000000025866,11.644230966048001
CUST004796,,,,,,,0,0,0,,20,12615.039999999999,630.752,3699.93,73.49,0,0,20,4,4,0,0,14.0,11.550000019410511
CUST004797,,,,,,,1,0,0,,25,22719.589999999997,908.7835999999999,5521.23,33.25,0,0,25,7,6,25,0,33.5,27.83000021269712
CUST004798,,,,,,,0,0,0,,31,18462.430000000004,595.5622580645163,2735.73,15.17,0,0,31,6,8,0,0,14.000000000009296,11.742019843495536
CUST004799,,,,,,,0,0,0,,20,17391.1,869.555,6027.65,15.38,0,0,20,3,7,0,0,19.25,12.162500067011507
CUST004800,,,,,,,0,0,0,,21,22127.880000000005,1053.7085714285718,8218.92,13.67,0,0,21,5,8,0,0,22.750000015840868,12.333333344890388
CUST004801,,,,,,,0,0,0,,23,25880.55,1125.2413043478261,10827.89,23.03,0,0,23,5,7,0,0,19.25,12.402179499026056
CUST004802,,,,,,,0,0,0,,28,25112.33,896.8689285714287,10025.83,38.6,0,0,28,5,7,0,0,17.5000001046494,12.125000005630158
CUST004803,,,,,,,0,0,1,,24,23371.16,973.7983333333333,6089.45,50.14,0,0,24,4,8,11,0,38.99999999999999,24.781256181689916
CUST004804,,,,,,,0,0,0,,20,9588.369999999999,479.41849999999994,2127.11,23.91,0,0,20,5,8,0,0,14.0,11.725000005941679
CUST004805,,,,,,,0,0,0,,20,15399.140000000001,769.9570000000001,3839.25,86.52,0,0,20,8,7,0,0,14.0,11.987512110363607
CUST004806,,,,,,,0,0,0,,31,23425.270000000004,755.653870967742,4640.23,46.56,0,0,31,7,7,0,0,14.000000011315304,11.459677646684824
CUST004807,,,,,,,0,0,0,,26,22731.58,874.2915384615385,6428.35,35.03,0,0,26,7,6,0,0,19.25,11.980800182893026
CUST004808,,,,,,,0,0,0,,21,8835.650000000001,420.74523809523816,2900.17,38.71,0,0,21,7,5,0,0,12.250007587071154,11.58333371890025
CUST004809,,,,,,,0,0,0,,22,7591.96,345.0890909090909,1435.79,16.72,0,0,22,9,3,0,0,14.000000000000036,11.534090909802488
CUST004810,,,,,,,0,0,0,,27,20570.710000000003,761.8781481481483,3874.4,20.59,0,0,27,6,6,0,0,14.0,11.925965098667282
CUST004811,,,,,,,0,0,0,,23,15513.050000000001,674.4804347826088,7345.36,34.61,0,0,23,4,7,0,0,24.5,12.097826108191777
CUST004812,,,,,,,0,0,0,,26,33389.71,1284.2196153846153,14883.21,16.47,0,0,26,8,8,1,0,26.25,12.72115384653746
CUST004813,,,,,,,0,0,0,,31,40701.130000000005,1312.939677419355,18879.82,27.85,0,0,31,7,6,0,0,24.5,12.19354854130868
CUST004814,,,,,,,0,0,0,,25,12300.050000000001,492.00200000000007,3044.3,17.92,0,0,25,4,10,0,0,14.0,11.830000053942754
CUST004815,,,,,,,0,0,0,,25,14920.230000000001,596.8092,2621.27,14.87,0,0,25,6,6,0,0,14.0,11.48000001585081
CUST004816,,,,,,,0,0,0,,29,31095.209999999992,1072.248620689655,9988.8,32.85,0,0,29,8,8,2,0,29.75,13.155180845786049
CUST004817,,,,,,,0,0,0,,25,25819.15,1032.766,8734.55,16.57,0,0,25,6,4,0,0,24.5,11.830003391964633
CUST004818,,,,,,,0,0,0,,20,11511.609999999997,575.5804999999998,2435.51,5.48,0,0,20,4,6,0,0,12.25000000067768,11.375000000037671
CUST004819,,,,,,,0,0,0,,27,27477.679999999997,1017.6918518518518,6589.94,43.03,0,0,27,7,4,0,0,17.5,11.990740788584084
CUST004820,,,,,,,0,0,0,,29,15292.689999999997,527.3341379310343,2271.54,16.51,0,0,29,5,7,0,0,14.0,11.465517268777392
CUST004821,,,,,,,0,0,0,,30,24778.480000000003,825.9493333333335,4206.7,77.71,0,0,30,5,7,0,0,14.000000003094849,11.783334683490342
CUST004822,,,,,,,0,0,0,,22,17208.839999999997,782.2199999999998,4164.33,63.61,0,0,22,9,5,0,0,14.00000042283635,11.772727296925256
CUST004823,,,,,,,0,0,0,,18,11655.1,647.5055555555556,2041.58,29.47,0,0,18,4,6,0,0,14.0,11.569444444674339
CUST004824,,,,,,,0,0,0,,35,38533.84,1100.966857142857,10912.14,38.02,0,0,35,5,10,0,0,17.50025357929002,12.150468008690316
CUST004825,,,,,,,1,0,0,,33,23137.62,701.14,3062.46,41.14,0,0,33,6,8,33,0,28.250007737134077,27.29545489855683
CUST004826,,,,,,,0,0,0,,22,23729.299999999996,1078.6045454545454,8954.22,22.26,0,0,22,3,4,0,0,22.75,11.852279720978089
CUST004827,,,,,,,0,0,0,,26,26337.899999999994,1012.9961538461537,9414.3,31.38,0,0,25,5,8,0,0,22.75,12.250107087288823
CUST004828,,,,,,,0,0,0,,23,13672.77,594.4682608695653,3029.86,10.15,0,0,23,7,7,0,0,14.0,11.717391304388126
CUST004829,,,,,,,0,0,0,,26,20252.68,778.9492307692308,2849.11,37.13,0,0,26,5,5,0,0,14.0,11.307694290057215
CUST004830,,,,,,,0,0,0,,26,29490.38,1134.2453846153846,11214.85,11.42,0,0,26,8,6,0,0,22.75,12.115384684643933
CUST004831,,,,,,,1,0,0,,19,6796.29,357.69947368421055,895.56,48.2,0,0,19,4,5,19,0,30.0,27.605263159215358
CUST004832,,,,,,,0,0,1,,19,8578.479999999998,451.49894736842094,1923.28,31.22,0,0,19,5,6,12,0,26.750000000000814,24.44736842106203
CUST004833,,,,,,,0,0,1,,29,24532.18,845.9372413793103,4354.82,62.32,0,0,29,7,8,21,0,26.750000001352987,24.637932430175436
CUST004834,,,,,,,0,0,0,,23,9379.73,407.81434782608693,1673.65,103.59,0,0,23,5,5,0,0,14.0,11.260870957555206
CUST004835,,,,,,,0,0,0,,32,18761.58,586.299375,2840.38,38.66,0,0,32,6,9,0,0,14.000000762741534,11.812500627040711
CUST004836,,,,,,,0,0,0,,27,16270.890000000001,602.6255555555556,2870.26,20.16,0,0,27,7,5,0,0,14.0,11.601851869482598
CUST004837,,,,,,,0,0,0,,21,12369.17,589.0080952380953,3078.52,44.14,0,0,21,5,6,0,0,14.0,11.50000039313609
CUST004838,,,,,,,0,0,0,,23,15648.92,680.3878260869566,2529.07,14.56,0,0,23,7,6,0,0,14.000000005564528,11.793502596352736
CUST004839,,,,,,,0,0,0,,31,27065.099999999995,873.0677419354837,9124.46,10.83,0,0,31,6,8,0,0,24.5,12.080794383328135
CUST004840,,,,,,,0,0,0,,34,29291.319999999996,861.5094117647058,10776.91,34.44,0,0,34,10,5,0,0,17.500000184595738,11.786985949749253
CUST004841,,,,,,,0,0,1,,23,24816.49,1078.9778260869566,6476.6,18.3,0,0,23,6,5,15,0,32.0,24.927703430218674
CUST004842,,,,,,,0,0,0,,29,24975.490000000005,861.2237931034484,7627.68,76.25,0,0,29,6,6,0,0,19.25,11.948275873608017
CUST004843,,,,,,,0,0,0,,21,21305.530000000002,1014.5490476190478,6488.02,19.9,0,0,21,6,8,0,0,17.50000089282483,12.00000004986946
CUST004844,,,,,,,0,0,0,,15,13861.869999999999,924.1246666666666,4949.2,65.58,0,0,15,3,5,0,0,14.0,11.55000785774456
CUST004845,,,,,,,0,0,0,,23,15136.5,658.1086956521739,3274.93,110.12,0,0,23,3,7,0,0,14.0,11.336956524276198
CUST004846,,,,,,,0,0,0,,26,16610.77,638.8757692307693,3647.21,18.34,0,0,26,6,6,0,0,14.0,11.307692871825413
CUST004847,,,,,,,0,0,0,,26,26734.739999999998,1028.2592307692307,13550.32,35.27,0,0,26,7,6,1,0,26.25,12.250000010365257
CUST004848,,,,,,,0,0,0,,18,12708.39,706.0216666666666,2722.85,76.53,0,0,18,5,7,0,0,14.0,11.861111111146336
CUST004849,,,,,,,0,0,0,,24,10803.8,450.1583333333333,2833.18,56.45,0,0,24,5,7,0,0,14.0,11.593750001890887
CUST004850,,,,,,,0,0,0,,20,8814.460000000001,440.72300000000007,2508.14,22.51,0,0,20,4,8,0,0,14.0,11.725000058809389
CUST004851,,,,,,,0,0,0,,23,11090.619999999997,482.20086956521726,1516.26,54.65,0,0,23,7,7,0,0,14.0,11.565217758375441
CUST004852,,,,,,,0,0,0,,28,19019.98,679.285,2819.45,44.5,0,0,28,7,7,0,0,14.0,11.500000029924603
CUST004853,,,,,,,0,0,1,,24,15497.25,645.71875,2233.64,34.18,0,0,24,5,5,10,0,26.75,24.052083564039474
CUST004854,,,,,,,0,0,0,,25,12437.33,497.4932,2379.83,35.6,0,0,25,6,5,0,0,14.0,11.410000651287945
CUST004855,,,,,,,0,0,0,,25,28091.359999999997,1123.6544,9429.49,5.0,0,0,25,7,6,1,0,28.0,12.88000030996693
CUST004856,,,,,,,1,0,0,,20,11041.810000000001,552.0905,2399.92,44.49,0,0,19,3,5,20,0,30.0,27.287500000313322
CUST004857,,,,,,,0,0,0,,23,76361.93000000001,3320.083913043479,50000.0,43.01,0,0,23,6,7,1,0,28.0,12.782608698532657
CUST004858,,,,,,,0,0,0,,23,13087.279999999997,569.0121739130434,1758.36,23.29,0,0,23,8,4,0,0,14.0,11.641305164333497
CUST004859,,,,,,,0,0,0,,17,32809.780000000006,1929.9870588235299,17945.78,26.2,0,0,17,6,6,0,0,19.25,12.147058899431933
CUST004860,,,,,,,0,0,0,,24,15075.0,628.125,3691.72,16.97,0,0,24,6,9,0,0,14.00000000000039,11.81250000002566
CUST004861,,,,,,,0,0,0,,16,8889.310000000001,555.5818750000001,1430.42,124.02,0,0,16,6,3,0,0,14.000006354578629,11.703125629419546
CUST004862,,,,,,,0,0,0,,29,24874.559999999998,857.743448275862,7386.66,41.9,0,0,29,8,5,0,0,17.5,11.586208121728154
CUST004863,,,,,,,0,0,0,,28,16574.95,591.9625,2342.64,42.17,0,0,27,7,7,0,0,14.00000001180324,11.937500195880205
CUST004864,,,,,,,0,0,0,,27,31562.01,1168.9633333333334,6947.15,51.78,0,0,27,6,7,0,0,19.25,11.990742873985566
CUST004865,,,,,,,0,0,0,,18,11002.94,611.2744444444445,2844.61,25.94,0,0,18,3,8,0,0,14.00000000000093,11.958333393650545
CUST004866,,,,,,,0,0,0,,26,13966.389999999998,537.1688461538461,2161.27,36.92,0,0,26,7,6,0,0,14.0,11.644593375969807
CUST004867,,,,,,,0,0,0,,26,18132.829999999998,697.4165384615384,2368.79,39.61,0,0,26,5,5,0,0,14.00000000156065,11.576927570662132
CUST004868,,,,,,,0,0,0,,19,8044.6,423.40000000000003,1765.03,18.09,0,0,19,3,4,0,0,14.0,11.513157894736842
CUST004869,,,,,,,0,0,0,,20,9709.4,485.46999999999997,1550.5,55.04,0,0,19,5,5,0,0,14.0,11.462500011167757
CUST004870,,,,,,,0,0,0,,19,6418.37,337.80894736842106,1353.27,19.75,0,0,19,4,3,0,0,12.25000000003804,11.052631579215367
CUST004871,,,,,,,0,0,0,,32,31724.010000000002,991.3753125000001,14389.73,10.62,0,0,32,5,7,0,0,22.75,11.539062533586012
CUST004872,,,,,,,0,0,0,,27,21431.719999999998,793.7674074074073,3698.46,23.32,0,0,27,8,7,0,0,12.250006336625209,11.601852086655008
CUST004873,,,,,,,0,0,0,,17,6025.0,354.4117647058824,1047.93,15.26,0,0,17,6,7,0,0,14.0,11.838235296166133
CUST004874,,,,,,,0,0,0,,27,19098.660000000003,707.3577777777779,4821.96,59.92,0,0,27,6,6,0,0,14.000000000053696,11.666666786801422
CUST004875,,,,,,,0,0,0,,19,13520.72,711.6168421052631,2045.0,24.03,0,0,19,5,6,0,0,14.0,11.789473685851654
CUST004876,,,,,,,0,0,0,,22,25570.250000000004,1162.284090909091,8435.15,58.85,0,0,22,6,5,0,0,24.5,12.727276036864582
CUST004877,,,,,,,0,0,0,,15,8986.56,599.1039999999999,2560.55,12.02,0,0,15,5,6,0,0,14.0,11.66666668838959
CUST004878,,,,,,,0,0,0,,30,27858.769999999997,928.6256666666666,7067.39,30.77,0,0,30,6,9,0,0,19.25,12.308333333522677
CUST004879,,,,,,,0,0,0,,22,13131.82,596.9009090909091,3520.83,59.95,0,0,22,6,4,0,0,14.0,11.772727403716448
CUST004880,,,,,,,0,0,0,,28,25280.01,902.8575,5589.66,109.81,0,0,28,6,8,0,0,19.25001504543336,12.000007196238272
CUST004881,,,,,,,0,0,0,,19,19323.8,1017.0421052631579,6045.91,9.3,0,0,19,5,3,0,0,21.0,12.065789484806817
CUST004882,,,,,,,0,0,0,,21,36459.670000000006,1736.1747619047621,23281.38,30.1,0,0,21,4,6,0,0,22.75,12.083333527904772
CUST004883,,,,,,,0,0,0,,37,31640.809999999998,855.157027027027,5229.16,36.66,0,0,37,8,10,0,0,17.5,11.918919122413591
CUST004884,,,,,,,0,0,0,,28,14028.51,501.0182142857143,3040.92,35.96,0,0,28,6,7,0,0,14.00000001143989,11.500041480493087
CUST004885,,,,,,,0,0,0,,19,10414.67,548.1405263157894,6707.1,28.34,0,0,19,5,7,0,0,19.25000000000213,12.342105270583218
CUST004886,,,,,,,0,0,0,,36,19861.79,551.7163888888889,3623.15,39.31,0,0,36,6,7,0,0,14.0,11.958334857568538
CUST004887,,,,,,,0,0,0,,19,17838.37,938.8615789473683,3906.21,18.91,0,0,19,6,5,0,0,12.25000000445526,11.697368421378604
CUST004888,,,,,,,0,0,0,,26,20235.639999999996,778.293846153846,4866.83,50.17,0,0,26,9,6,0,0,14.0,11.644230789146626
CUST004889,,,,,,,0,0,0,,24,19182.78,799.2824999999999,3167.97,39.0,0,0,24,7,6,0,0,14.0,11.520833339143522
CUST004890,,,,,,,0,0,0,,24,20388.57,849.52375,6896.41,27.65,0,0,24,3,5,0,0,17.5,11.666671242255957
CUST004891,,,,,,,0,0,0,,17,5080.950000000001,298.87941176470594,1250.65,20.27,0,0,17,6,6,0,0,14.000000000005022,11.83823529421754
CUST004892,,,,,,,0,0,0,,22,23639.0,1074.5,10207.87,20.22,0,0,22,6,6,0,0,19.250000174680576,12.011363644306693
CUST004893,,,,,,,0,0,0,,15,5055.58,337.03866666666664,1098.07,27.61,0,0,15,4,6,0,0,14.0,11.900000000288445
CUST004894,,,,,,,0,0,0,,24,15364.01,640.1670833333334,2282.58,31.01,0,0,24,5,8,0,0,12.250000000587432,11.375000037543415
CUST004895,,,,,,,1,0,0,,23,18572.41,807.4960869565217,5050.24,51.23,0,0,23,6,7,23,0,33.5,28.1739130737217
CUST004896,,,,,,,0,0,0,,17,11092.67,652.51,2185.73,5.0,0,0,17,5,4,0,0,14.0,12.044117647357117
CUST004897,,,,,,,1,0,0,,16,6898.16,431.135,1524.44,41.82,0,0,16,5,4,16,0,28.250000000144805,27.593750000144254
CUST004898,,,,,,,0,0,0,,22,12600.619999999999,572.7554545454545,5477.17,28.23,0,0,22,4,6,0,0,17.500001994589823,11.772727382449306
CUST004899,,,,,,,0,0,0,,23,15697.250000000002,682.4891304347827,5092.98,31.04,0,0,23,6,6,0,0,21.0,11.565224574583535
CUST004900,,,,,,,0,0,0,,22,10127.479999999998,460.3399999999999,2105.58,33.54,0,0,22,6,5,0,0,14.000000043981505,11.852272802949303
CUST004901,,,,,,,0,0,0,,30,33188.26,1106.2753333333335,16255.66,11.71,0,0,30,8,6,0,0,22.75,11.95833381608059
CUST004902,,,,,,,0,0,0,,26,47980.86,1845.4176923076923,27885.78,14.76,0,0,26,8,8,1,0,26.25,12.31730773455884
CUST004903,,,,,,,0,0,0,,25,27335.39,1093.4156,8673.54,22.23,0,0,25,6,7,0,0,24.5,12.180000033267786
CUST004904,,,,,,,1,0,0,,21,11709.09,557.5757142857143,2564.01,104.57,0,0,21,6,5,21,0,28.25000002358649,27.166666674818018
CUST004905,,,,,,,0,0,0,,25,20577.17,823.0867999999999,5399.57,8.61,0,0,25,6,7,0,0,17.5,11.760000010188572
CUST004906,,,,,,,0,0,0,,28,26522.570000000003,947.234642857143,10315.73,12.43,0,0,28,7,8,0,0,17.5,11.875353007304494
CUST004907,,,,,,,0,0,0,,24,17572.72,732.1966666666667,3140.9,28.91,0,0,24,5,5,0,0,14.0,11.520833450333312
CUST004908,,,,,,,0,0,0,,11,7149.14,649.9218181818183,2855.6,118.99,0,0,11,5,7,0,0,14.0,11.931818387311665
CUST004909,,,,,,,0,1,1,,27,16890.98,625.5918518518519,3183.54,47.78,0,0,27,8,7,27,0,53.5000000015232,52.78703703725368
CUST004910,,,,,,,0,0,0,,20,26381.73,1319.0865,13387.59,20.51,0,0,20,6,9,0,0,24.5,13.037500000000458
CUST004911,,,,,,,0,0,0,,17,12904.34,759.0788235294118,3684.24,41.14,0,0,17,5,7,0,0,12.250000000113673,11.52941176471257
CUST004912,,,,,,,0,0,0,,19,11401.27,600.0668421052632,3381.64,17.34,0,0,19,4,4,0,0,14.0,11.513157895777153
CUST004913,,,,,,,0,0,0,,31,38634.19999999999,1246.264516129032,12642.72,29.34,0,0,31,5,9,2,0,29.75,13.266420075011188
CUST004914,,,,,,,0,0,0,,28,23565.460000000003,841.6235714285715,3577.42,26.04,0,0,28,8,8,0,0,14.000000000348791,11.687500018766476
CUST004915,,,,,,,0,0,0,,25,9671.980000000001,386.8792000000001,1569.42,22.62,0,0,25,7,6,0,0,14.0,11.970000000311408
CUST004916,,,,,,,0,0,0,,23,31136.08,1353.7426086956523,12484.95,36.78,0,0,23,6,7,0,0,22.75,12.402187755096659
CUST004917,,,,,,,0,0,0,,22,8190.370000000001,372.2895454545455,1305.04,52.74,0,0,22,4,5,0,0,14.000000000060773,11.613636364162883
CUST004918,,,,,,,0,0,0,,30,23691.559999999998,789.7186666666665,4417.35,5.84,0,0,30,8,10,0,0,14.0,11.958333335656748
CUST004919,,,,,,,0,0,0,,19,27246.170000000002,1434.008947368421,7231.7,30.46,0,0,19,6,6,0,0,21.0,12.434212993815422
CUST004920,,,,,,,0,0,0,,31,23065.120000000006,744.0361290322583,4197.69,5.74,0,0,31,6,10,0,0,14.0,12.024193728376087
CUST004921,,,,,,,0,0,0,,22,18523.84,841.9927272727273,5631.66,8.01,0,0,22,6,6,0,0,17.5,12.17047420382532
CUST004922,,,,,,,0,0,0,,15,25139.91,1675.994,8346.05,89.8,0,0,15,4,4,0,0,24.500000277042616,13.300000018469719
CUST004923,,,,,,,0,0,0,,22,12271.029999999999,557.7740909090909,1247.49,75.26,0,0,22,7,3,0,0,14.0,11.534090915268855
CUST004924,,,,,,,0,0,0,,35,26868.97,767.6848571428571,3681.35,22.32,0,0,35,7,9,0,0,14.0000061804812,11.850006114929794
CUST004925,,,,,,,0,0,0,,24,13010.43,542.10125,3320.36,9.97,0,0,24,5,8,0,0,14.0,11.666666668333095
CUST004926,,,,,,,0,0,0,,19,10393.11,547.0057894736842,1658.16,49.66,0,0,19,7,7,0,0,14.0,11.881579442153681
CUST004927,,,,,,,0,0,0,,26,20257.38,779.13,5624.0,75.01,0,0,26,8,9,0,0,19.25,12.115384697099747
CUST004928,,,,,,,0,0,1,,26,13228.84,508.8015384615385,2071.02,12.3,0,0,26,6,4,14,0,26.75,24.394230769962025
CUST004929,,,,,,,0,0,0,,25,12554.7,502.18800000000005,2137.11,26.31,0,0,25,2,5,0,0,7.000008667887676,4.27000038278092
CUST004930,,,,,,,0,0,0,,25,16098.669999999998,643.9467999999999,2049.32,25.76,0,0,25,5,6,0,0,14.0,11.761042498357526
CUST004931,,,,,,,0,0,0,,27,18399.67,681.4692592592592,4918.29,19.96,0,0,27,8,5,0,0,12.250014019846802,11.537050423948827
CUST004932,,,,,,,0,0,1,,23,28047.02,1219.435652173913,14804.52,34.26,0,0,23,9,5,15,0,32.0,24.771763758449246
CUST004933,,,,,,,0,0,0,,17,17342.7,1020.1588235294118,7342.32,23.63,0,0,17,7,6,0,0,19.25,12.147061002017772
CUST004934,,,,,,,1,0,0,,26,15114.25,581.3173076923077,2372.49,29.19,0,0,26,5,6,26,0,30.0,27.375000065998112
CUST004935,,,,,,,0,0,0,,23,8546.43,371.5839130434783,1316.9,55.65,0,0,23,9,5,0,0,14.0,11.641306932830041
CUST004936,,,,,,,0,0,0,,28,22419.53,800.6975,8185.44,42.67,0,0,28,7,6,0,0,22.75,11.875000127280343
CUST004937,,,,,,,0,0,0,,28,12034.83,429.8153571428571,1788.03,31.59,0,0,28,7,6,0,0,14.0,11.6875
CUST004938,,,,,,,0,0,0,,24,11319.52,471.6466666666667,1710.04,80.4,0,0,24,9,7,0,0,14.000000000032587,11.81250063513667
CUST004939,,,,,,,0,0,0,,32,25090.6,784.08125,4053.03,30.78,0,0,31,7,6,0,0,14.0,11.596031723560387
CUST004940,,,,,,,0,0,0,,15,9500.009999999998,633.334,1556.26,123.7,0,0,15,4,3,0,0,14.0,11.316668991446672
CUST004941,,,,,,,0,0,0,,15,14999.699999999997,999.9799999999998,8171.05,54.55,0,0,15,5,2,1,0,29.75,12.600000108826727
CUST004942,,,,,,,0,0,0,,25,38206.19,1528.2476000000001,16990.72,29.38,0,0,25,7,5,0,0,24.5,12.250016140065162
CUST004943,,,,,,,0,0,0,,18,18042.0,1002.3333333333334,3986.9,36.51,0,0,18,7,6,0,0,12.25000904335154,11.569444946854722
CUST004944,,,,,,,0,0,0,,30,37652.28999999999,1255.0763333333332,6192.05,75.61,0,0,30,7,9,0,0,19.2500006844858,12.075000325911656
CUST004945,,,,,,,0,0,0,,33,18082.36,547.9503030303031,2720.22,30.27,0,0,33,8,6,0,0,14.0,11.560622208574337
CUST004946,,,,,,,0,0,0,,22,13386.69,608.4859090909091,2686.12,37.28,0,0,22,7,6,0,0,14.0,11.454545454560566
CUST004947,,,,,,,0,0,1,,33,17308.3,524.4939393939394,3093.27,42.65,0,0,33,6,7,22,0,26.75,24.681820669615153
CUST004948,,,,,,,1,0,0,,22,9200.94,418.2245454545455,1177.43,22.46,0,0,22,6,5,22,0,30.0,27.2954545471733
CUST004949,,,,,,,0,0,0,,24,21910.660000000003,912.9441666666668,7585.29,81.88,0,0,24,6,6,0,0,19.25,11.739589801333318
CUST004950,,,,,,,0,0,0,,22,21510.269999999997,977.7395454545454,7037.36,34.7,0,0,22,3,7,0,0,17.500000019150455,11.772727275543115
CUST004951,,,,,,,1,0,0,,22,26716.219999999998,1214.3736363636363,5895.73,30.65,0,0,22,6,7,22,0,33.5,28.17045454936946
CUST004952,,,,,,,0,0,0,,22,27570.879999999997,1253.221818181818,6078.79,14.93,0,0,22,6,6,0,0,19.25000002292093,12.329545455730932
CUST004953,,,,,,,0,0,0,,21,21031.629999999997,1001.5061904761903,6364.49,23.68,0,0,21,9,4,0,0,24.5,12.50000402927754
CUST004954,,,,,,,0,0,0,,24,15086.509999999998,628.6045833333333,4326.59,26.06,0,0,24,8,3,0,0,14.0,11.447916667401488
CUST004955,,,,,,,0,0,0,,27,13922.14,515.6348148148148,2286.44,37.36,0,0,27,8,7,0,0,14.000000000365754,11.796297020738292
CUST004956,,,,,,,0,0,0,,19,9154.28,481.80421052631584,2376.55,75.84,0,0,19,5,5,0,0,14.00000000006992,11.697368459603652
CUST004957,,,,,,,0,0,0,,21,15104.94,719.2828571428572,2129.43,35.19,0,0,21,3,5,0,0,14.0,11.583333413030823
CUST004958,,,,,,,0,0,0,,14,6538.41,467.0292857142857,1210.8,13.6,0,0,14,4,4,0,0,14.0,11.500000002903091
CUST004959,,,,,,,0,0,0,,24,13605.81,566.9087499999999,1801.26,47.69,0,0,24,8,8,0,0,14.0,11.958333335357983
CUST004960,,,,,,,0,0,0,,23,17323.989999999998,753.216956521739,4705.5,35.16,0,0,23,6,5,0,0,12.250000053573263,11.26087231102524
CUST004961,,,,,,,0,0,0,,26,33598.85,1292.2634615384616,9721.99,18.47,0,0,26,7,4,0,0,22.75,12.384615478863946
CUST004962,,,,,,,0,0,0,,21,18663.78,888.7514285714285,6412.74,16.91,0,0,21,4,4,0,0,17.5,11.583333337977834
CUST004963,,,,,,,0,0,0,,32,33762.46,1055.076875,9291.41,33.99,0,0,32,7,5,0,0,24.50004350647749,12.468758896819896
CUST004964,,,,,,,0,0,1,,27,22596.57,836.91,3717.95,32.4,0,0,27,7,6,20,0,26.750000019386587,24.870370372136737
CUST004965,,,,,,,0,0,0,,22,15038.380000000001,683.5627272727273,2617.46,30.27,0,0,22,5,6,0,0,14.0000000004281,11.852272727292409
CUST004966,,,,,,,0,0,0,,27,22547.309999999998,835.0855555555555,4397.78,11.24,0,0,27,4,5,0,0,17.500003027440727,11.796296412596819
CUST004967,,,,,,,0,0,0,,24,24976.120000000003,1040.6716666666669,4714.96,57.72,0,0,24,5,7,0,0,12.250000324495735,11.375000020844523
CUST004968,,,,,,,0,0,0,,28,13065.519999999999,466.62571428571425,3684.66,23.11,0,0,28,7,8,0,0,14.0,11.937500006436315
CUST004969,,,,,,,0,0,0,,20,10930.64,546.5319999999999,3521.61,43.12,0,0,20,6,6,0,0,14.0,11.725000000180934
CUST004970,,,,,,,0,0,0,,27,15530.64,575.2088888888889,3728.11,33.51,0,0,27,9,6,0,0,14.0,11.40740821899795
CUST004971,,,,,,,1,0,0,,21,15342.08,730.5752380952381,6596.16,13.7,0,0,21,4,7,21,0,33.5,27.83333333333361
CUST004972,,,,,,,0,0,0,,27,17557.81,650.2892592592593,2974.69,34.68,0,0,27,6,9,0,0,14.000000014204709,11.990740755905362
CUST004973,,,,,,,0,0,0,,27,13975.28,517.602962962963,3380.58,29.25,0,0,27,6,8,0,0,14.000000001166498,11.92592595301757
CUST004974,,,,,,,0,0,0,,29,24995.749999999996,861.9224137931034,6798.55,34.65,0,0,28,8,6,0,0,17.5,12.189655395631126
CUST004975,,,,,,,0,0,0,,26,24476.350000000002,941.398076923077,6866.81,66.43,0,0,26,10,8,0,0,19.250000059166887,12.182692663577543
CUST004976,,,,,,,0,0,0,,15,4637.38,309.15866666666665,1676.47,32.39,0,0,15,6,3,0,0,14.0,11.9
CUST004977,,,,,,,0,0,0,,18,13221.39,734.5216666666666,4259.07,46.71,0,0,18,5,7,0,0,14.0,11.763888890516922
CUST004978,,,,,,,0,0,0,,26,19930.86,766.5715384615385,3269.08,35.22,0,0,26,6,7,0,0,14.00000000021422,11.846154239307397
CUST004979,,,,,,,0,0,0,,35,33285.28,951.0079999999999,7220.69,40.22,0,0,35,7,8,0,0,17.5,12.00000049240995
CUST004980,,,,,,,0,0,0,,19,6591.97,346.9457894736842,1442.37,47.29,0,0,19,6,7,0,0,14.0,11.789476195096743
CUST004981,,,,,,,0,0,0,,27,20802.149999999998,770.4499999999999,5576.94,16.8,0,0,27,7,7,0,0,17.5,11.86111533922048
CUST004982,,,,,,,0,0,0,,23,20783.88,903.6469565217392,4179.82,28.27,0,0,23,5,6,0,0,14.0,11.641550967677253
CUST004983,,,,,,,0,0,0,,24,14250.82,593.7841666666667,3461.85,47.55,0,0,24,6,4,0,0,14.0000000001567,11.958333333342798
CUST004984,,,,,,,0,0,0,,21,13309.87,633.8033333333334,2806.01,29.42,0,0,21,7,5,0,0,14.000000010876825,11.750000009027659
CUST004985,,,,,,,1,0,0,,25,19837.51,793.5003999999999,2451.44,63.72,0,0,25,5,8,25,0,30.0,27.620000021697365
CUST004986,,,,,,,0,0,0,,28,18034.44,644.0871428571428,2852.91,7.45,0,0,28,4,4,0,0,14.0,11.437500957407545
CUST004987,,,,,,,0,0,0,,22,16221.000000000002,737.3181818181819,6226.51,41.83,0,0,22,6,5,0,0,17.5,11.93181818271038
CUST004988,,,,,,,0,0,0,,19,14803.529999999999,779.1331578947368,2788.03,99.93,0,0,19,5,8,0,0,14.000000000072376,12.250000000832884
CUST004989,,,,,,,0,0,0,,17,10928.17,642.8335294117647,2189.37,44.24,0,0,17,5,5,0,0,14.00000000286656,11.632352941448714
CUST004990,,,,,,,0,0,0,,21,24530.910000000003,1168.1385714285716,6461.43,50.82,0,0,21,6,5,0,0,21.0,12.250000015086094
CUST004991,,,,,,,0,0,1,,25,18833.199999999997,753.3279999999999,4926.36,23.59,0,0,25,7,5,15,0,25.000010850922678,24.30000046149473
CUST004992,,,,,,,0,0,1,,17,13519.66,795.2741176470588,6644.8,51.77,0,0,17,4,6,11,0,32.0,25.00000000000555
CUST004993,,,,,,,0,0,0,,17,13161.220000000001,774.1894117647059,3461.96,59.55,0,0,17,5,7,0,0,14.0,11.735294117647058
CUST004994,,,,,,,0,0,0,,22,23974.509999999995,1089.7504545454542,7979.49,84.31,0,0,22,6,4,0,0,21.0,12.090911784216708
CUST004995,,,,,,,0,0,0,,27,24235.11,897.5966666666667,9562.72,45.76,0,0,27,7,8,1,0,28.0,12.574075620838792
CUST004996,,,,,,,0,0,0,,22,12166.26,553.0118181818182,2005.34,15.28,0,0,22,6,10,0,0,12.250000201775126,11.693188409295733
CUST004997,,,,,,,0,0,0,,18,13098.589999999998,727.6994444444443,2689.38,40.81,0,0,18,4,5,0,0,14.0,12.055557676955049
CUST004998,,,,,,,0,0,0,,18,13042.21,724.5672222222222,3073.68,58.27,0,0,18,4,5,0,0,14.0,11.569444444451314
CUST004999,,,,,,,0,0,0,,29,37749.810000000005,1301.7175862068966,14028.33,30.12,0,0,29,7,7,0,0,22.75,12.068967016991339
CUST005000,,,,,,,0,0,0,,30,15757.249999999998,525.2416666666666,3676.68,23.88,0,0,30,7,5,0,0,14.000000051079784,11.666668370959488
