customer_id,transaction_count,total_volume_usd,average_transaction_usd,maximum_transaction_usd,alert_count,maximum_risk_score,average_risk_score,alert_rate
CUST000001,31,28534.82,920.478064516129,6393.51,23,32.0,25.05645162930194,0.7419354838709677
CUST000002,28,31315.07,1118.3953571428572,12304.22,0,21.0,12.50000007329007,0.0
CUST000003,24,10958.81,456.6170833333333,3076.05,0,14.0,11.666666692488446,0.0
CUST000004,27,11850.35,438.90185185185186,2070.11,0,14.000000125140646,11.731481521008506,0.0
CUST000005,26,17229.46,662.6715384615384,4617.64,0,14.000000000317913,11.711538461641302,0.0
CUST000006,24,14195.51,591.4795833333334,4724.67,0,14.0,11.739587103449809,0.0
CUST000007,20,9580.53,479.02650000000006,3059.5,0,14.0,11.55000063765592,0.0
CUST000008,20,8212.85,410.64250000000004,1312.0,0,14.0,11.550000018724882,0.0
CUST000009,25,14150.35,566.014,2348.84,0,12.250000000155056,11.550000038789694,0.0
CUST000010,42,204756.32,4875.150476190476,9902.23,20,74.99999785358497,41.54744646740448,0.47619047619047616
CUST000011,53,216949.59,4093.3884905660375,9945.94,22,35.0,20.88838305226824,0.41509433962264153
CUST000012,46,197902.13,4302.220217391305,9936.25,19,35.0,21.646746116321935,0.41304347826086957
CUST000013,47,202374.71,4305.844893617021,9884.04,20,35.0,21.657681915055594,0.425531914893617
CUST000014,46,204049.31,4435.854565217392,9852.35,20,35.0,21.995251060591315,0.43478260869565216
CUST000015,44,204191.11,4640.707045454546,9928.3,19,35.0,21.994320529119786,0.4318181818181818
CUST000016,44,204177.06,4640.387727272727,9918.88,19,35.0,22.19381618207214,0.4318181818181818
CUST000017,42,198669.76,4730.232380952381,9893.61,20,35.0,22.333346821662023,0.47619047619047616
CUST000018,44,195249.06,4437.478636363637,9936.24,19,35.0,22.128663715392758,0.4318181818181818
CUST000019,41,196518.45,4793.132926829268,9870.8,19,35.0,22.62211618661992,0.4634146341463415
CUST000020,50,210948.75,4218.975,9747.67,19,35.0,20.86024631397304,0.38
CUST000021,41,203418.94,4961.43756097561,9815.14,19,35.0,23.2223378749068,0.4634146341463415
CUST000022,43,206438.08,4800.885581395349,9895.48,19,35.0,22.47578688989131,0.4418604651162791
CUST000023,50,206369.73,4127.3946000000005,9922.86,20,35.0,20.96519437888595,0.4
CUST000024,38,192871.37,5075.562368421052,9679.71,19,35.0,23.58000548990554,0.5
CUST000025,45,198368.84,4408.196444444445,9916.03,19,35.0,21.740018458766908,0.4222222222222222
CUST000026,40,191328.69,4783.21725,9928.62,19,35.0,23.143750202541938,0.475
CUST000027,47,210088.52,4469.968510638298,9939.84,19,35.0,21.37295688028521,0.40425531914893614
CUST000028,44,196018.65,4454.969318181818,9930.35,20,35.0,22.331291409064107,0.45454545454545453
CUST000029,40,217526.33,5438.1582499999995,9913.8,21,60.17709273680927,24.867072573868647,0.525
CUST000030,44,218699.32,4970.439090909091,10310.3,38,42.5,33.03523250853317,0.8636363636363636
CUST000031,43,206455.95,4801.301162790698,9843.0,20,35.0,22.54779756563557,0.46511627906976744
CUST000032,42,192484.05000000002,4582.953571428572,9853.23,20,35.0,22.833333333452078,0.47619047619047616
CUST000033,39,196730.7,5044.376923076923,9913.09,19,35.0,23.42307722081631,0.48717948717948717
CUST000034,41,194196.7,4736.5048780487805,9942.92,19,35.0,22.878178366525322,0.4634146341463415
CUST000035,44,586149.77,13321.585681818182,44380.46,19,35.0,21.71591000129407,0.4318181818181818
CUST000036,45,618612.76,13746.950222222222,44994.06,20,35.0,22.088935831208612,0.4444444444444444
CUST000037,44,585393.01,13304.386590909091,44499.12,20,35.0,21.556819014716385,0.45454545454545453
CUST000038,48,665215.46,13858.655416666666,42194.19,19,35.0,21.40104167186215,0.3958333333333333
CUST000039,47,718855.74,15294.802978723405,44851.43,20,35.0,21.521285873389402,0.425531914893617
CUST000040,45,649062.82,14423.618222222221,44059.06,19,35.0,21.35004059389488,0.4222222222222222
CUST000041,52,640133.09,12310.25173076923,40680.77,20,74.99999998913921,35.74747457042034,0.38461538461538464
CUST000042,51,634128.98,12433.90156862745,44846.41,20,74.99999999756989,36.17156591527174,0.39215686274509803
CUST000043,46,633262.26,13766.570869565217,43104.74,20,35.0,21.30434794537817,0.43478260869565216
CUST000044,51,565995.87,11097.958235294118,44019.81,19,35.0,20.039215812981404,0.37254901960784315
CUST000045,51,608817.96,11937.607058823529,42231.33,51,47.5,35.363276510480304,1.0
CUST000046,48,631886.03,13164.292291666667,44362.59,20,42.120211353201945,21.184878318865326,0.4166666666666667
CUST000047,46,680335.99,14789.912826086957,42951.13,20,35.0,21.686133507005977,0.43478260869565216
CUST000048,44,643450.52,14623.875454545456,42621.49,20,74.99999415214694,39.77829246088883,0.45454545454545453
CUST000049,38,671001.41,17657.931842105263,44273.65,20,35.0,23.440798580240358,0.5263157894736842
CUST000050,46,623488.38,13554.095217391305,44125.82,20,35.0,21.798914637749448,0.43478260869565216
CUST000051,41,648506.03,15817.22024390244,42841.14,20,35.0,22.664634188951613,0.4878048780487805
CUST000052,45,693028.6,15400.635555555555,42963.16,20,35.0,22.205555627675544,0.4444444444444444
CUST000053,41,600806.41,14653.81487804878,43653.98,19,35.0,22.79268292689541,0.4634146341463415
CUST000054,45,588527.4,13078.386666666667,44947.81,20,35.0,21.897139707793535,0.4444444444444444
CUST000055,44,600742.66,13653.242272727273,43155.65,19,35.0,22.073875868839988,0.4318181818181818
CUST000056,52,708832.12,13631.386923076923,44953.62,19,35.0,20.158685047925115,0.36538461538461536
CUST000057,46,593379.61,12899.556739130434,44778.64,19,35.0,20.69686880524313,0.41304347826086957
CUST000058,42,591183.92,14075.80761904762,43263.31,20,35.0,22.79166904388211,0.47619047619047616
CUST000059,50,565180.26,11303.6052,40197.28,20,35.0,20.860000420436137,0.4
CUST000060,45,182501.66999999998,4055.5926666666664,11264.85,35,42.5,31.71512315951316,0.7777777777777778
CUST000061,42,173763.22,4137.219523809524,11302.64,17,35.0,20.916666703305047,0.40476190476190477
CUST000062,40,170489.32,4262.233,11006.75,31,42.5,31.253979003072732,0.775
CUST000063,40,194771.49,4869.287249999999,11990.26,19,35.0,23.015495679200306,0.475
CUST000064,45,147597.42,3279.942666666667,10916.66,36,82.4999998597257,46.61268509489157,0.8
CUST000065,47,177763.38999999998,3782.199787234042,11855.44,12,35.0,18.297303366090134,0.2553191489361702
CUST000066,43,160600.83,3734.903023255814,11750.35,13,35.0,18.562934028031474,0.3023255813953488
CUST000067,54,166593.82,3085.070740740741,11563.98,12,35.0,16.885724721853016,0.2222222222222222
CUST000068,39,197655.5,5068.089743589743,11893.88,19,35.0,22.391025642045296,0.48717948717948717
CUST000069,44,168472.65,3828.9238636363634,11630.19,12,35.0,18.51123507685313,0.2727272727272727
CUST000070,51,188388.6,3693.894117647059,11790.4,16,35.0,18.906863707739898,0.3137254901960784
CUST000071,38,178779.61,4704.726578947368,11874.41,13,35.0,19.543182131837302,0.34210526315789475
CUST000072,43,170336.54,3961.3148837209305,11753.47,9,35.0,17.716666810502037,0.20930232558139536
CUST000073,41,188188.55,4589.964634146341,11807.3,17,35.0,20.920865535696564,0.4146341463414634
CUST000074,50,186622.81,3732.4562,11891.72,15,35.0,18.65888746752484,0.3
CUST000075,44,167677.31,3810.8479545454543,11648.76,13,35.0,19.17045459396898,0.29545454545454547
CUST000076,35,187358.32,5353.094857142857,11957.54,17,35.0,21.65002741889911,0.4857142857142857
CUST000077,38,175725.57,4624.357105263158,11534.6,19,35.0,22.01434478652467,0.5
CUST000078,43,172618.06,4014.373488372093,11896.05,13,35.0,18.690660656002596,0.3023255813953488
CUST000079,43,179789.93,4181.161162790698,11948.94,32,82.49999995751091,49.91275402458534,0.7441860465116279
CUST000080,42,189661.54,4515.750952380952,11339.59,20,74.99999994569009,39.63333019489494,0.47619047619047616
CUST000081,38,168900.75,4444.756578947368,11278.65,30,42.5,30.572402468158703,0.7894736842105263
CUST000082,36,145452.06,4040.335,10133.84,20,74.9999999768263,41.569346006139725,0.5555555555555556
CUST000083,47,158016.3,3362.0489361702125,11709.98,13,35.0,18.246617734371014,0.2765957446808511
CUST000084,41,163413.87,3985.7041463414635,10853.78,11,35.0,18.567073170731707,0.2682926829268293
CUST000085,42,398260.49,9482.39261904762,29631.58,19,35.0,22.70833407195826,0.4523809523809524
CUST000086,45,403059.5,8956.877777777778,29772.96,19,35.0,22.244448588602594,0.4222222222222222
CUST000087,43,395933.85,9207.763953488371,28644.43,19,35.0,21.653646200803387,0.4418604651162791
CUST000088,36,442597.03,12294.361944444445,29736.52,21,35.0,25.180555563778604,0.5833333333333334
CUST000089,39,414279.77999999997,10622.558461538461,29303.57,19,35.0,23.01992169892062,0.48717948717948717
CUST000090,50,406280.49,8125.6098,29779.45,19,35.0,20.65012694282828,0.38
CUST000091,47,380156.33,8088.43255319149,29806.69,19,35.0,21.446809086892895,0.40425531914893614
CUST000092,39,445873.35,11432.65,29968.16,20,35.0,23.96172567949119,0.5128205128205128
CUST000093,38,426823.36,11232.193684210526,29048.43,19,35.0,23.383939253037397,0.5
CUST000094,36,383758.12,10659.947777777777,27575.79,19,35.0,23.57638906207289,0.5277777777777778
CUST000095,52,392716.41,7552.238653846153,29785.0,20,35.0,20.645855549702503,0.38461538461538464
CUST000096,50,379693.9,7593.878000000001,29965.37,19,35.0,20.8384373590893,0.38
CUST000097,43,436362.83,10147.972790697675,29996.67,33,42.5,32.69186550801431,0.7674418604651163
CUST000098,45,366619.82,8147.107111111111,29846.08,19,35.0,21.233333461482257,0.4222222222222222
CUST000099,39,420325.44,10777.575384615384,29728.94,19,35.0,18.66679052109981,0.48717948717948717
CUST000100,45,418778.93,9306.198444444444,29232.88,19,35.0,21.50555734849829,0.4222222222222222
CUST000101,40,367732.14999999997,9193.30375,29417.67,19,35.0,22.972169379789175,0.475
CUST000102,41,434594.32,10599.861463414634,29983.94,20,35.0,22.71169688948792,0.4878048780487805
CUST000103,44,442995.73,10068.084772727272,29129.68,19,35.0,22.123784751311526,0.4318181818181818
CUST000104,44,426367.45,9690.16931818182,28955.63,19,35.0,21.954546274892976,0.4318181818181818
CUST000105,45,425901.35,9464.474444444444,28952.25,19,35.0,21.38913963171846,0.4222222222222222
CUST000106,51,413131.38,8100.615294117647,29027.25,19,35.0,20.60061882070094,0.37254901960784315
CUST000107,49,408936.57,8345.644285714287,29010.75,19,35.0,20.607214360358515,0.3877551020408163
CUST000108,47,429973.91000000003,9148.381063829787,29408.65,20,35.0,21.11171517554214,0.425531914893617
CUST000109,40,403431.06,10085.7765,27056.53,19,35.0,22.968791477621846,0.475
CUST000110,45,152605.62,3391.236,17158.66,7,35.0,15.947678763358105,0.15555555555555556
CUST000111,54,135974.91,2518.053888888889,10008.24,4,35.0,14.162130367316081,0.07407407407407407
CUST000112,41,125286.32,3055.7639024390246,9167.09,9,35.0,17.329274851540447,0.21951219512195122
CUST000113,35,108181.0,3090.885714285714,9301.02,2,35.0,14.901079388382975,0.05714285714285714
CUST000114,39,131124.36,3362.1630769230765,9390.13,8,35.0,16.692491308099804,0.20512820512820512
CUST000115,46,136876.12,2975.5678260869563,8850.56,9,35.0,16.778472980664766,0.1956521739130435
CUST000116,40,114731.95999999999,2868.299,9790.43,9,35.0,17.17385208984151,0.225
CUST000117,38,129904.92,3418.5505263157893,9773.82,8,35.0,17.03964559223191,0.21052631578947367
CUST000118,40,148824.24,3720.6059999999998,9989.58,8,35.0,17.456284514024947,0.2
CUST000119,44,144273.12,3278.9345454545455,9798.7,11,35.0,17.659238390465276,0.25
CUST000120,38,146811.1,3863.4500000000003,9907.41,11,35.0,18.88166393190147,0.2894736842105263
CUST000121,37,112657.9,3044.808108108108,8804.62,8,33.25,16.757784981477947,0.21621621621621623
CUST000122,42,131271.82,3125.519523809524,9940.47,11,35.0,17.711693176521543,0.2619047619047619
CUST000123,41,116222.92,2834.7053658536583,8220.0,7,35.0,16.449314821650642,0.17073170731707318
CUST000124,46,147932.05,3215.9141304347822,16143.81,10,35.0,17.343483969984856,0.21739130434782608
CUST000125,49,169166.91,3452.385918367347,9501.94,14,35.0,18.97369653492614,0.2857142857142857
CUST000126,44,142409.88,3236.588181818182,9390.63,20,74.99999993312002,35.24410751359749,0.45454545454545453
CUST000127,42,131266.55,3125.3940476190473,9901.43,10,35.0,17.000944400765984,0.23809523809523808
CUST000128,46,152620.47,3317.836304347826,9994.52,20,74.99999998808914,35.58439503492815,0.43478260869565216
CUST000129,39,143442.29,3678.007435897436,9835.53,11,35.0,18.49119637982477,0.28205128205128205
CUST000130,51,149564.96,2932.646274509804,9526.45,5,35.0,15.2009872361712,0.09803921568627451
CUST000131,45,129799.97,2884.443777777778,9443.36,11,35.0,17.111197270420938,0.24444444444444444
CUST000132,38,132115.67,3476.7281578947373,8673.66,7,35.0,16.44116875318473,0.18421052631578946
CUST000133,45,137094.18,3046.537333333333,9682.01,7,35.0,15.345140323010947,0.15555555555555556
CUST000134,46,133752.76,2907.668695652174,9994.41,8,35.0,15.560940373937502,0.17391304347826086
CUST000135,40,210221.81,5255.54525,14962.66,21,74.99999904349431,39.394280933384735,0.525
CUST000136,37,172413.63999999998,4659.828108108108,14484.41,6,35.0,16.6499079863309,0.16216216216216217
CUST000137,44,213219.92,4845.907272727273,14229.48,14,35.0,19.09097297953934,0.3181818181818182
CUST000138,37,194374.26,5253.358378378379,14729.27,16,35.0,21.483893448794394,0.43243243243243246
CUST000139,48,204690.34,4264.382083333333,14998.91,15,49.0135925671853,19.251068999681415,0.3125
CUST000140,40,160813.72,4020.343,13755.65,12,35.0,18.288204941938478,0.3
CUST000141,41,191360.43,4667.327560975609,14911.4,9,35.0,17.2076671410197,0.21951219512195122
CUST000142,41,171240.05,4176.586585365853,14745.1,8,35.0,16.81745262995123,0.1951219512195122
CUST000143,45,193427.21,4298.382444444444,13504.13,17,35.0,20.06869016227355,0.37777777777777777
CUST000144,39,151660.09,3888.7202564102563,14859.41,6,47.76731840851923,16.302344339493672,0.15384615384615385
CUST000145,45,170218.12,3782.6248888888886,14210.75,8,35.0,16.41111556509678,0.17777777777777778
CUST000146,43,179728.69,4179.736976744186,20661.74,10,35.0,17.41860849191538,0.23255813953488372
CUST000147,47,187861.41,3997.0512765957446,13706.29,13,35.0,19.2216057009663,0.2765957446808511
CUST000148,42,178762.26,4256.244285714286,14786.93,10,35.0,17.665354518725316,0.23809523809523808
CUST000149,43,170079.36,3955.3339534883717,14450.63,8,35.0,16.319868131052406,0.18604651162790697
CUST000150,40,176747.78,4418.6945,14646.29,10,35.0,18.447776274855332,0.25
CUST000151,57,179364.24,3146.741052631579,13456.03,11,33.25,16.631016463918144,0.19298245614035087
CUST000152,39,185319.85,4751.791025641026,14964.14,20,74.9999999833972,38.19176870867854,0.5128205128205128
CUST000153,49,183173.12,3738.22693877551,14830.64,11,33.25,17.041326102462698,0.22448979591836735
CUST000154,44,153032.77,3478.0175,13708.55,8,33.25,16.466260162222525,0.18181818181818182
CUST000155,41,185090.04,4514.391219512196,14886.5,10,35.0,17.542750968950415,0.24390243902439024
CUST000156,53,183730.83,3466.619433962264,14148.26,11,35.0,16.8067576326008,0.20754716981132076
CUST000157,45,171683.94,3815.1986666666667,14931.49,21,74.99999991499287,35.999770038177125,0.4666666666666667
CUST000158,43,162891.45,3788.173255813954,14775.73,8,35.0,16.467268807897426,0.18604651162790697
CUST000159,42,179819.68,4281.420952380952,14945.95,13,49.499954428996006,18.96082408688512,0.30952380952380953
CUST000160,32,20995.63,656.1134375,4682.57,0,14.0,11.484375004968415,0.0
CUST000161,16,8122.58,507.66125,1411.1,0,14.0,11.484375005334805,0.0
CUST000162,24,26151.06,1089.6275,7300.87,0,19.25,12.468750465237955,0.0
CUST000163,19,10915.65,574.5078947368421,2429.44,0,12.25,11.328947826372243,0.0
CUST000164,17,9246.18,543.8929411764706,1496.68,0,14.000003913195906,11.838235524305642,0.0
CUST000165,29,18234.66,628.7813793103448,3508.63,0,14.0,11.525862666492587,0.0
CUST000166,24,13572.289999999999,565.5120833333333,2888.73,0,14.0,11.375000000279735,0.0
CUST000167,28,18188.1,649.5749999999999,2501.26,0,14.0,11.937500527482937,0.0
CUST000168,31,23901.32,771.0103225806452,4189.05,0,14.0,11.741935505968517,0.0
CUST000169,28,23997.13,857.0403571428571,4202.75,0,14.0,11.5002475625495,0.0
CUST000170,24,11875.91,494.82958333333335,2034.67,0,14.00000000056571,11.593750019501483,0.0
CUST000171,22,42894.45,1949.7477272727272,21527.75,0,24.5,12.88639107250335,0.0
CUST000172,33,19389.14,587.5496969696969,2058.71,0,14.000000001901972,11.7727287323885,0.0
CUST000173,25,18413.22,736.5288,2047.26,0,14.00000004885498,11.830005157467491,0.0
CUST000174,18,11700.17,650.0094444444444,4057.29,0,14.0,11.569444591541396,0.0
CUST000175,32,26352.21,823.5065625,6371.21,0,21.0,11.75806643869897,0.0
CUST000176,24,16103.380000000001,670.9741666666667,3581.4,0,14.0,11.520833336668359,0.0
CUST000177,16,6093.15,380.821875,1261.73,0,12.25000023036794,11.593750023465146,0.0
CUST000178,27,19857.66,735.4688888888888,3576.86,0,14.0,11.47222223495547,0.0
CUST000179,10,10899.12,1089.912,3890.28,0,14.0,12.075001052056118,0.0
CUST000180,19,9317.98,490.41999999999996,2089.39,0,14.0,12.065789513906479,0.0
CUST000181,19,15277.22,804.0642105263157,3980.64,0,14.0,11.328947952844722,0.0
CUST000182,23,6999.02,304.3052173913044,1394.44,0,14.0,12.02173915126445,0.0
CUST000183,17,14050.8,826.5176470588235,5779.9,0,17.5,12.04411764724918,0.0
CUST000184,16,6737.08,421.0675,2156.18,0,14.0,11.8125000000002,0.0
CUST000185,24,23455.79,977.3245833333334,6275.87,0,17.50000000648699,11.666676189234456,0.0
CUST000186,25,15043.27,601.7308,3249.81,0,14.0,11.410000005183912,0.0
CUST000187,23,14645.0,636.7391304347826,5787.51,0,17.5,12.09782608796539,0.0
CUST000188,24,19577.96,815.7483333333333,6011.94,0,22.75,12.104166667903725,0.0
CUST000189,30,21425.85,714.1949999999999,3053.73,0,14.0,11.433333474440873,0.0
CUST000190,14,10974.89,783.9207142857142,2895.72,0,12.250000562200036,11.750000041396257,0.0
CUST000191,33,22497.08,681.729696969697,3103.61,0,14.0,11.719697496876567,0.0
CUST000192,19,19925.96,1048.7347368421051,6792.66,0,17.5,11.881578951891003,0.0
CUST000193,26,20621.059999999998,793.1176923076922,3714.47,17,26.75000004606901,24.663461677810442,0.6538461538461539
CUST000194,19,19721.350000000002,1037.9657894736843,4799.01,0,14.0,11.881578947455221,0.0
CUST000195,29,31627.66,1090.6089655172414,5033.55,0,19.250000732829637,11.948276206042786,0.0
CUST000196,28,22099.079999999998,789.2528571428571,3721.09,0,14.000000000014634,11.93750004694508,0.0
CUST000197,21,11712.05,557.7166666666666,4850.34,0,14.0,11.83333333705352,0.0
CUST000198,26,23692.63,911.255,5674.6,26,35.25,28.31730770240275,1.0
CUST000199,21,15207.33,724.1585714285715,6809.28,0,24.5,12.000000740936239,0.0
CUST000200,18,11018.73,612.1516666666666,2132.01,0,14.0,11.958333592689021,0.0
CUST000201,31,34006.74,1096.9916129032258,6892.99,0,17.5,11.854839170578806,0.0
CUST000202,22,16609.75,754.9886363636364,4812.63,0,14.0000000005576,12.250000041890305,0.0
CUST000203,16,13530.28,845.6425,4691.59,0,12.25,11.375000000507763,0.0
CUST000204,25,16852.78,674.1111999999999,2196.04,0,14.0,11.55000027262961,0.0
CUST000205,25,28345.09,1133.8036,6356.2,0,19.25,11.970000000943724,0.0
CUST000206,23,17776.32,772.8834782608695,3270.94,0,14.000000000034618,11.79347860569877,0.0
CUST000207,24,22736.59,947.3579166666667,3006.48,0,14.0,11.666691971463338,0.0
CUST000208,21,17390.98,828.1419047619047,4443.13,0,14.000000000004764,11.916778534753657,0.0
CUST000209,24,19021.13,792.5470833333334,7956.46,0,19.25,11.958333334793885,0.0
CUST000210,20,8297.04,414.85200000000003,1033.04,0,12.250000006303932,11.550000021597421,0.0
CUST000211,24,13676.94,569.8725000000001,5552.23,24,35.25000000000079,27.812500006173064,1.0
CUST000212,30,44093.5,1469.7833333333333,14720.86,0,17.5,12.133333567837688,0.0
CUST000213,21,15842.65,754.4119047619048,4119.29,0,14.0,11.666666668113123,0.0
CUST000214,32,25245.989999999998,788.9371874999999,5045.55,0,19.25,11.70312529170708,0.0
CUST000215,28,19836.36,708.4414285714286,4135.23,0,14.00000000100848,11.750000582580189,0.0
CUST000216,24,15405.99,641.91625,2607.49,0,14.0,11.666670975061189,0.0
CUST000217,31,12658.91,408.351935483871,2442.0,0,12.25002044781263,11.629052058935885,0.0
CUST000218,35,23929.69,683.7054285714286,3910.9,0,14.0,11.600000003335518,0.0
CUST000219,25,12532.26,501.29040000000003,2079.93,0,14.000000000066976,11.550000000993437,0.0
CUST000220,20,14415.42,720.771,2088.43,0,14.0,11.637500118189557,0.0
CUST000221,20,11766.96,588.348,3762.03,0,12.250000368786653,11.112505646196638,0.0
CUST000222,29,16233.44,559.7737931034483,2226.1,0,14.000000005601049,12.068965923794856,0.0
CUST000223,27,14775.460000000001,547.2392592592593,2393.56,0,14.0,11.537037136095234,0.0
CUST000224,29,20317.49,700.6031034482759,3289.6,0,12.250002234386317,11.525866666031247,0.0
CUST000225,27,15389.86,569.9948148148148,2337.98,0,14.0,11.601851856135832,0.0
CUST000226,28,22038.940000000002,787.1050000000001,5976.92,0,17.5,11.937500101028617,0.0
CUST000227,23,18209.88,791.7339130434783,4024.44,0,14.000000000085311,11.945652173928554,0.0
CUST000228,19,9246.210000000001,486.64263157894743,2123.6,0,14.0,11.697368421067152,0.0
CUST000229,26,20843.39,801.6688461538462,9827.85,0,24.5,12.182692341824751,0.0
CUST000230,29,20597.09,710.2444827586207,5082.43,0,19.25,12.310350654099526,0.0
CUST000231,31,14173.2,457.20000000000005,2272.97,0,14.0,11.45967741935944,0.0
CUST000232,22,17726.4,805.7454545454547,4271.11,0,14.0,11.375000000212127,0.0
CUST000233,30,18862.08,628.7360000000001,2316.59,0,14.000000018080216,11.90000009685405,0.0
CUST000234,30,19433.72,647.7906666666667,2845.77,0,14.0000000217941,11.550000004341939,0.0
CUST000235,19,19776.22,1040.8536842105264,5316.72,0,22.75,12.434210528846206,0.0
CUST000236,28,29979.26,1070.6878571428572,10175.99,0,17.50000002680515,11.81250071382656,0.0
CUST000237,23,41332.38,1797.06,21507.53,0,21.0,12.097826304203789,0.0
CUST000238,28,25292.7,903.3107142857143,8438.93,1,28.0,12.375000176559016,0.03571428571428571
CUST000239,20,24356.98,1217.849,9243.11,0,22.75,12.337500131133481,0.0
CUST000240,19,17333.23,912.2752631578948,5245.69,0,19.25000000031443,12.250000020601172,0.0
CUST000241,15,10220.119999999999,681.3413333333333,2864.39,0,14.0,11.200008267977559,0.0
CUST000242,22,9329.64,424.07454545454544,1982.74,0,12.250000002035446,11.215909111006342,0.0
CUST000243,21,9748.89,464.23285714285714,2096.38,0,14.0,11.750000000154786,0.0
CUST000244,29,34012.2,1172.8344827586207,13393.22,0,19.25,12.068966893502509,0.0
CUST000245,30,16075.75,535.8583333333333,2907.27,0,14.0,11.841666792234552,0.0
CUST000246,23,19740.02,858.2617391304348,8290.76,0,22.75,11.8695687821864,0.0
CUST000247,18,12701.689999999999,705.6494444444444,2641.17,18,30.0,28.3472222222261,1.0
CUST000248,22,23698.77,1077.216818181818,7226.3,0,19.25,12.011363661224065,0.0
CUST000249,18,22536.41,1252.0227777777777,7992.17,0,19.25,11.958333334800836,0.0
CUST000250,22,35108.04,1595.82,15170.32,0,19.25,12.409091370983555,0.0
CUST000251,23,30793.23,1338.8360869565217,10194.98,1,29.75,13.239130487486658,0.043478260869565216
CUST000252,19,26393.13,1389.112105263158,8931.93,0,22.75,12.52631578951443,0.0
CUST000253,28,21895.98,781.9992857142857,6311.08,0,19.25,11.937504895554186,0.0
CUST000254,24,23868.65,994.5270833333334,3813.83,0,14.0,11.73958333410954,0.0
CUST000255,16,19526.82,1220.42625,6620.64,0,17.50000101415444,12.46875006339821,0.0
CUST000256,24,11194.26,466.4275,1384.63,0,14.0,11.229166980036467,0.0
CUST000257,22,24054.32,1093.3781818181817,9399.62,22,40.5,28.40909090946774,1.0
CUST000258,25,30162.77,1206.5108,11879.89,0,17.500000949352756,11.480000534118053,0.0
CUST000259,25,9722.800000000001,388.91200000000003,2443.52,0,14.0,11.480000024509474,0.0
CUST000260,29,19483.48,671.8441379310344,5873.48,0,17.5,12.310344971831322,0.0
CUST000261,24,17278.36,719.9316666666667,8269.25,0,22.75,12.395833618925968,0.0
CUST000262,19,16838.08,886.2147368421054,3622.24,0,5.250017118167351,4.052632494666789,0.0
CUST000263,25,11025.38,441.0152,1154.93,0,14.0,11.830000073925651,0.0
CUST000264,28,20666.32,738.0828571428572,2320.44,0,14.0,11.625000157148284,0.0
CUST000265,18,19448.1,1080.4499999999998,7248.17,0,19.25,11.861111140577602,0.0
CUST000266,27,21428.77,793.6581481481481,4282.98,0,14.0,11.666666769306199,0.0
CUST000267,15,10704.77,713.6513333333334,2720.66,0,14.00000053187367,11.43333783456898,0.0
CUST000268,18,12640.5,702.25,2954.52,0,14.0,11.569445553587066,0.0
CUST000269,31,19787.02,638.2909677419354,2696.95,0,14.000009108606978,11.854839003824843,0.0
CUST000270,24,17402.9,725.1208333333334,8733.2,0,22.75,12.031250002373215,0.0
CUST000271,15,8694.69,579.6460000000001,2913.56,0,14.00000000013589,11.666666667518395,0.0
CUST000272,27,19732.46,730.8318518518519,2196.61,0,14.000000028074602,11.666666668063105,0.0
CUST000273,27,12247.869999999999,453.6248148148148,3422.23,0,14.0,12.185185276933439,0.0
CUST000274,34,17187.3,505.50882352941176,3071.96,0,14.000000251870198,11.7353007917138,0.0
CUST000275,23,13035.82,566.7747826086957,2249.77,0,14.0,11.717392493240862,0.0
CUST000276,23,14623.81,635.8178260869565,3443.13,0,14.0,12.021739135486012,0.0
CUST000277,18,7285.360000000001,404.74222222222227,2248.07,0,14.000000003341892,11.861111180375245,0.0
CUST000278,22,12365.01,562.045909090909,2683.72,0,14.0,11.61364088658033,0.0
CUST000279,21,13065.84,622.1828571428572,2850.24,0,14.000000008323186,11.333333372806095,0.0
CUST000280,25,37278.549999999996,1491.1419999999998,15533.55,0,24.500000544499976,12.670003005799607,0.0
CUST000281,26,21380.18,822.3146153846154,2952.88,0,14.000000009133926,11.17307692342828,0.0
CUST000282,27,23965.84,887.6237037037037,13181.11,0,24.5,12.185185365472996,0.0
CUST000283,34,17330.52,509.72117647058826,3459.5,0,12.250000020241488,11.683823530509448,0.0
CUST000284,17,18365.64,1080.3317647058823,7546.87,0,19.25,12.662013870062543,0.0
CUST000285,24,17750.16,739.59,3659.53,0,14.0,11.958338406981191,0.0
CUST000286,18,18682.28,1037.9044444444444,6455.59,0,19.25,12.152778607425219,0.0
CUST000287,15,11122.32,741.4879999999999,2543.97,0,12.250000017847826,11.783333335907738,0.0
CUST000288,31,33930.75,1094.5403225806451,10956.58,0,19.25,12.02420370859542,0.0
CUST000289,22,18015.14,818.87,4167.84,0,12.25000136908675,11.613636427496827,0.0
CUST000290,15,4716.0599999999995,314.40399999999994,2047.6,0,14.000000000159863,12.133333333343991,0.0
CUST000291,20,9713.83,485.6915,2168.26,0,14.0,12.075000001635368,0.0
CUST000292,27,18214.28,674.6029629629629,5079.49,0,19.25,12.12037042500618,0.0
CUST000293,29,24315.89,838.4789655172414,7648.02,0,24.50031807762481,11.827597184044297,0.0
CUST000294,17,8001.82,470.69529411764705,2432.04,0,12.25,11.323529413030972,0.0
CUST000295,27,14459.29,535.5292592592593,2046.07,0,14.0,12.120377897887332,0.0
CUST000296,26,20655.32,794.4353846153846,5255.23,0,19.25,11.913461667069715,0.0
CUST000297,23,16644.41,723.67,5304.3,0,17.5,11.869565221587234,0.0
CUST000298,28,17302.83,617.9582142857143,4756.73,0,14.0,11.625001292569378,0.0
CUST000299,21,7760.12,369.5295238095238,1972.61,0,14.0,11.583333333335085,0.0
CUST000300,27,19382.55,717.8722222222221,4032.23,0,14.0,11.601851889330156,0.0
CUST000301,22,10150.720000000001,461.3963636363637,1553.67,22,30.0,28.090909090928736,1.0
CUST000302,28,31764.010000000002,1134.4289285714287,13457.06,0,19.25,12.250080577893215,0.0
CUST000303,28,23113.72,825.49,2886.76,17,26.75000000000098,24.50000034220182,0.6071428571428571
CUST000304,29,41551.5,1432.8103448275863,24375.21,0,22.75,12.431034712132462,0.0
CUST000305,33,29799.08,903.0024242424242,6401.7,0,19.25,11.931881532208951,0.0
CUST000306,17,4403.8099999999995,259.0476470588235,972.56,0,14.0,12.04411764718919,0.0
CUST000307,25,21754.01,870.1604,5149.37,0,22.75,12.320000026824989,0.0
CUST000308,22,10961.84,498.26545454545453,2159.1,0,14.0,11.772727273777331,0.0
CUST000309,16,8075.6900000000005,504.73062500000003,1620.06,0,12.250002661934216,11.593750166513846,0.0
CUST000310,25,11030.98,441.2392,2146.5,0,14.0000000002848,11.690000001395665,0.0
CUST000311,28,19460.98,695.035,5099.45,0,19.25,11.750099175011597,0.0
CUST000312,19,19459.739999999998,1024.1968421052632,5616.0,0,19.25,12.710526431084642,0.0
CUST000313,26,16457.7,632.9884615384616,3015.95,0,14.00000000352581,11.509615387164287,0.0
CUST000314,24,24878.77,1036.6154166666668,4425.89,0,12.250000130364452,11.59375006491816,0.0
CUST000315,28,12514.73,446.95464285714286,1892.76,0,14.0,11.562500025216718,0.0
CUST000316,33,18787.579999999998,569.320606060606,2648.06,0,14.0,11.931819180735472,0.0
CUST000317,28,19670.17,702.5060714285713,3073.2,0,14.0,11.500000042847827,0.0
CUST000318,22,14676.39,667.1086363636364,2528.44,0,14.0,11.77272727370418,0.0
CUST000319,24,20751.55,864.6479166666667,3130.67,0,14.0,11.739617549784377,0.0
CUST000320,22,15243.77,692.8986363636363,3110.45,0,14.0,11.693182157538029,0.0
CUST000321,17,13055.16,767.9505882352942,5536.98,0,17.5,12.352941176470589,0.0
CUST000322,25,20008.53,800.3412,7868.25,0,19.25,11.970000001571883,0.0
CUST000323,24,20354.59,848.1079166666667,4834.77,10,25.000000000211447,23.979166668843018,0.4166666666666667
CUST000324,25,9425.75,377.03,1353.66,0,14.000000000660062,11.550000013269228,0.0
CUST000325,22,19906.38,904.8354545454546,3794.04,0,14.0,11.215909146327204,0.0
CUST000326,21,12026.84,572.7066666666667,2090.5,0,14.0,11.750000000619131,0.0
CUST000327,27,31418.239999999998,1163.6385185185184,10303.98,0,22.75,11.990740783069187,0.0
CUST000328,23,11866.85,515.95,1832.21,0,14.0,11.413043478669774,0.0
CUST000329,25,20753.16,830.1264,5869.86,0,17.5,12.110000004607134,0.0
CUST000330,30,19592.63,653.0876666666667,3780.17,0,14.000000002289248,11.55000000723132,0.0
CUST000331,21,12640.02,601.9057142857143,3379.31,0,14.000000000002764,11.666666666886494,0.0
CUST000332,20,18261.08,913.0540000000001,5564.36,0,22.75,12.250000012269359,0.0
CUST000333,32,25517.81,797.4315625,4909.91,0,14.0,11.757830542026817,0.0
CUST000334,19,6035.19,317.6415789473684,929.74,0,12.250000000015422,11.697368421059457,0.0
CUST000335,26,27756.24,1067.5476923076924,4799.26,17,26.75,24.461538632697945,0.6538461538461539
CUST000336,22,17620.989999999998,800.9540909090908,4448.23,0,12.250012631731504,11.21591090655263,0.0
CUST000337,18,9192.06,510.66999999999996,1443.98,0,14.0,11.763888898768126,0.0
CUST000338,26,12152.27,467.39500000000004,1970.83,0,14.0,11.576927262835406,0.0
CUST000339,21,12009.76,571.8933333333333,4175.46,0,15.749999999999998,11.750000011604133,0.0
CUST000340,23,14618.55,635.5891304347825,2350.09,0,14.00000000011407,11.793478316616543,0.0
CUST000341,26,16398.36,630.7061538461538,3338.61,0,14.0,11.576923082603374,0.0
CUST000342,24,17331.97,722.1654166666667,7120.28,0,19.250000000173763,12.104166669466194,0.0
CUST000343,21,15384.71,732.6052380952381,4105.1,0,14.0,11.583333334770186,0.0
CUST000344,15,28761.17,1917.4113333333332,15584.46,0,24.5,12.48333433710967,0.0
CUST000345,23,19946.28,867.2295652173913,5893.25,0,19.25,11.86956521812939,0.0
CUST000346,25,12761.47,510.4588,3207.31,0,14.0,11.690000161221558,0.0
CUST000347,24,17485.75,728.5729166666666,2407.55,24,30.0,28.031250021993646,1.0
CUST000348,17,7908.85,465.2264705882353,1727.77,0,14.0,11.838235295779896,0.0
CUST000349,16,10905.3,681.58125,2681.67,0,12.2500003011748,11.484375019948086,0.0
CUST000350,19,16942.66,891.718947368421,5289.68,0,19.25,11.88157912587227,0.0
CUST000351,21,10072.5,479.64285714285717,2632.65,0,14.000000000005937,11.750000002319373,0.0
CUST000352,36,28828.99,800.8052777777779,4714.18,0,14.000000122106217,11.666795427426683,0.0
CUST000353,27,19308.49,715.1292592592594,3677.3,0,14.0,11.601852528537863,0.0
CUST000354,23,22610.71,983.0743478260869,6055.01,0,19.25,12.326086956535601,0.0
CUST000355,25,13432.6,537.304,2043.89,17,26.750000000277897,24.720000005341525,0.68
CUST000356,21,17212.27,819.6319047619048,5208.46,0,19.25,12.000000146606661,0.0
CUST000357,18,13907.46,772.6366666666667,4088.0,0,14.00000000000024,12.055555590053809,0.0
CUST000358,23,16032.31,697.0569565217392,6979.5,0,17.5,11.793478260958944,0.0
CUST000359,33,32209.77,976.0536363636364,11094.1,0,24.5000001675914,11.984848655681612,0.0
CUST000360,20,11658.15,582.9075,1875.11,0,14.0,11.725000059524138,0.0
CUST000361,27,26083.13,966.0418518518519,5187.08,0,17.5,11.990741154597215,0.0
CUST000362,25,10656.36,426.25440000000003,2425.46,0,14.0,11.760004286749506,0.0
CUST000363,30,15304.97,510.16566666666665,1869.03,0,14.0,11.491666768958348,0.0
CUST000364,19,19692.91,1036.4689473684211,5514.24,0,19.25,12.710534802271683,0.0
CUST000365,18,15166.0,842.5555555555555,4111.29,0,14.0,11.277777783317738,0.0
CUST000366,22,12786.73,581.215,2658.61,0,14.0,11.61363637831977,0.0
CUST000367,25,13387.92,535.5168,2946.5,0,14.000000000008695,11.620000010495822,0.0
CUST000368,28,11590.11,413.9325,2162.08,28,33.5,28.000000030625223,1.0
CUST000369,36,30581.91,849.4975,13192.15,0,17.5,11.569445603902558,0.0
CUST000370,23,28650.969999999998,1245.6943478260869,11837.91,0,19.25,12.097837495997329,0.0
CUST000371,20,35987.98,1799.3990000000001,19267.16,0,22.75,12.425003709057384,0.0
CUST000372,23,12675.53,551.11,1727.94,0,14.0,11.26086957943096,0.0
CUST000373,25,19851.6,794.064,6311.67,0,17.5,11.69000000172185,0.0
CUST000374,24,17993.14,749.7141666666666,4166.5,0,14.0,11.885425060905044,0.0
CUST000375,25,15012.109999999999,600.4843999999999,5010.55,0,17.500000001512998,12.110000069818241,0.0
CUST000376,27,21468.21,795.1188888888888,3852.44,0,14.000000000001672,11.34259448312888,0.0
CUST000377,16,7568.4400000000005,473.02750000000003,1618.26,0,14.0,11.92187500028719,0.0
CUST000378,30,16622.0,554.0666666666667,2152.94,0,14.00000000568986,11.783333355028104,0.0
CUST000379,21,20817.809999999998,991.3242857142856,8044.95,0,24.5,12.583333333958379,0.0
CUST000380,24,16144.78,672.6991666666667,3101.53,0,14.0,11.739583338221706,0.0
CUST000381,25,19943.53,797.7411999999999,3916.41,0,14.0,11.83000180537036,0.0
CUST000382,21,22718.22,1081.8200000000002,7080.2,0,19.250000022766503,12.000000236298984,0.0
CUST000383,26,18666.61,717.9465384615385,4191.07,12,26.75,24.192307771185007,0.46153846153846156
CUST000384,24,22386.55,932.7729166666667,8632.24,0,24.500053175918342,12.031252389041832,0.0
CUST000385,33,17818.77,539.9627272727273,3065.11,0,12.250000024402029,11.242424313656345,0.0
CUST000386,14,10559.06,754.2185714285714,3835.97,0,14.000000003843477,11.875000056207682,0.0
CUST000387,34,23358.29,687.0085294117647,4181.48,0,14.00000000006438,11.88970618340327,0.0
CUST000388,31,28148.86,908.0277419354838,5805.18,31,35.25,27.798387113207912,1.0
CUST000389,24,25286.13,1053.5887500000001,7073.18,0,17.5,11.59375045438899,0.0
CUST000390,21,11316.01,538.8576190476191,1654.9,0,14.0,11.500043661735592,0.0
CUST000391,25,19554.27,782.1708,5944.47,25,33.50000000530514,27.90000000378169,1.0
CUST000392,18,8823.810000000001,490.21166666666676,2185.23,0,14.000000000545285,11.95833333341218,0.0
CUST000393,26,19487.79,749.5303846153846,4658.69,0,14.0,11.576923101083633,0.0
CUST000394,19,31137.65,1638.8236842105264,16374.4,0,24.5,12.618421052647946,0.0
CUST000395,23,18744.14,814.9626086956522,3237.4,0,14.000000000002933,11.79347852947707,0.0
CUST000396,20,11266.04,563.302,1879.63,0,14.0,11.46250002713685,0.0
CUST000397,23,33267.33,1446.405652173913,10679.95,0,19.25,12.021776308221996,0.0
CUST000398,20,14264.07,713.2035,6446.7,0,17.50000004805,12.075000002652532,0.0
CUST000399,31,41266.57,1331.179677419355,7749.8,0,19.25,12.53225811731971,0.0
CUST000400,34,27565.22,810.7417647058824,6156.51,0,19.25,11.889706279874005,0.0
CUST000401,33,43168.71,1308.1427272727271,19051.82,0,22.75,12.144463129431431,0.0
CUST000402,25,19730.59,789.2236,3347.89,0,14.0000000000018,11.620006868280305,0.0
CUST000403,17,22550.24,1326.484705882353,14172.51,0,19.25,12.455882470986646,0.0
CUST000404,23,12154.050000000001,528.4369565217391,3290.83,0,14.0,11.56521739724668,0.0
CUST000405,20,20807.59,1040.3795,4564.1,0,14.0,11.637500041494306,0.0
CUST000406,21,13655.59,650.2661904761904,4064.51,0,5.250000250044217,4.250030099391085,0.0
CUST000407,17,17362.16,1021.3035294117647,7926.88,0,19.250000002387797,12.250000145766391,0.0
CUST000408,27,15933.11,590.1151851851852,3098.34,0,14.0,11.666666678041336,0.0
CUST000409,22,8948.09,406.73136363636365,1530.67,0,14.000000002142846,11.931819716459604,0.0
CUST000410,20,16069.55,803.4775,4484.19,0,14.0,11.725000004349994,0.0
CUST000411,18,11163.06,620.17,2644.87,10,26.75,24.31944453696272,0.5555555555555556
CUST000412,29,21127.64,728.5393103448275,3397.46,0,14.0,11.887960262100561,0.0
CUST000413,23,17553.44,763.1930434782608,2443.92,0,14.0,11.793481447878138,0.0
CUST000414,26,19772.29,760.4726923076923,4371.33,0,14.0,11.980769879446264,0.0
CUST000415,22,12276.47,558.0213636363636,4239.36,0,14.00000000028168,11.852272745577094,0.0
CUST000416,21,14213.67,676.8414285714285,2573.52,0,12.250000173607,11.416667144457023,0.0
CUST000417,26,17114.59,658.2534615384616,3322.93,0,14.000000036344549,11.778846200531218,0.0
CUST000418,36,32249.34,895.815,5599.36,0,19.250001554933068,11.763889272183697,0.0
CUST000419,33,42679.47,1293.3172727272727,19233.31,0,24.5,12.196969824640547,0.0
CUST000420,25,23271.95,930.878,4518.52,0,14.0,11.620000002555251,0.0
CUST000421,27,21854.48,809.4251851851851,3884.3,0,17.5,12.250000018115438,0.0
CUST000422,19,9383.4,493.86315789473684,2641.84,0,14.000000000504086,11.697368526709164,0.0
CUST000423,29,24666.95,850.5844827586208,4232.16,0,14.0,11.706896551918167,0.0
CUST000424,28,18161.85,648.6374999999999,4015.99,0,14.0,11.81250099731617,0.0
CUST000425,24,12859.24,535.8016666666666,2647.86,0,14.00000000040796,11.229166756161566,0.0
CUST000426,28,18589.53,663.9117857142857,2994.42,0,14.0,11.687500004726216,0.0
CUST000427,27,19455.61,720.5781481481482,2917.14,0,14.0,11.731481509729482,0.0
CUST000428,21,28600.67,1361.9366666666665,5057.98,0,19.25,12.083333364277493,0.0
CUST000429,25,17865.45,714.618,4347.67,0,14.0,11.760000350177052,0.0
CUST000430,26,21397.19,822.9688461538461,5555.78,0,17.5,11.913461547171124,0.0
CUST000431,32,14505.619999999999,453.30062499999997,1940.8,0,14.000000003557354,11.593750055650103,0.0
CUST000432,24,21493.29,895.55375,5140.33,0,19.25002576943613,11.958335214208317,0.0
CUST000433,23,14818.74,644.2930434782609,3302.96,0,14.0,11.565218892932858,0.0
CUST000434,22,10951.92,497.81454545454545,3694.87,0,12.250000020789637,11.53409113320164,0.0
CUST000435,26,29967.75,1152.6057692307693,12174.42,0,19.25,12.250000014717301,0.0
CUST000436,26,15415.17,592.8911538461539,2462.02,0,14.0,11.778851709986274,0.0
CUST000437,34,31275.43,919.8655882352941,8502.35,1,28.0,11.83823894920475,0.029411764705882353
CUST000438,24,9311.6,387.98333333333335,1209.14,0,14.0,11.520833445240328,0.0
CUST000439,18,16714.13,928.5627777777778,9776.4,0,24.5,12.63888888888889,0.0
CUST000440,27,17550.03,650.0011111111111,2802.58,0,14.000000002996233,11.666671120013529,0.0
CUST000441,21,15604.7,743.0809523809525,1925.72,0,14.0,11.583333875090077,0.0
CUST000442,28,14206.02,507.35785714285714,1672.78,0,14.000000000442183,12.187500036573287,0.0
CUST000443,28,24995.15,892.6839285714286,7422.07,0,17.5,11.437565357204353,0.0
CUST000444,28,25433.66,908.345,4300.99,0,14.0,11.812503414146118,0.0
CUST000445,27,16080.49,595.5737037037037,2524.69,0,12.251076925715257,11.407450452334503,0.0
CUST000446,23,16127.699999999999,701.2043478260869,2659.02,0,14.000000003759052,11.945652243092672,0.0
CUST000447,24,69851.2,2910.4666666666667,50000.0,1,26.25,12.031250001452214,0.041666666666666664
CUST000448,23,16410.13,713.4839130434783,4167.34,0,14.000000001347557,11.565217503074395,0.0
CUST000449,26,18269.3,702.6653846153846,5349.28,0,19.25,11.64423079425209,0.0
CUST000450,38,19757.68,519.938947368421,2258.21,0,14.00000000584811,12.019752367418022,0.0
CUST000451,24,25311.3,1054.6375,8493.39,0,24.5,12.322916775714019,0.0
CUST000452,24,10127.31,421.97125,2221.6,0,14.0,11.666666761954678,0.0
CUST000453,22,19883.0,903.7727272727273,7378.48,0,19.25,12.329546074742213,0.0
CUST000454,27,13086.44,484.68296296296296,3149.51,14,26.75,24.351852251983562,0.5185185185185185
CUST000455,26,30818.190000000002,1185.315,8312.51,0,24.5,12.721153860788071,0.0
CUST000456,26,14823.89,570.1496153846153,4059.72,0,14.0,11.644231372218126,0.0
CUST000457,22,29160.22,1325.4645454545455,10546.69,0,17.500000048795933,12.32954546293066,0.0
CUST000458,25,21802.65,872.1060000000001,3890.22,0,14.0,11.550001927136364,0.0
CUST000459,25,18327.7,733.1080000000001,3084.35,0,14.000000000000016,12.180000595485646,0.0
CUST000460,27,23113.33,856.0492592592593,2620.92,0,14.0000000016013,11.731481535767868,0.0
CUST000461,30,21877.68,729.256,4095.04,0,14.000000000388823,11.666666737119915,0.0
CUST000462,15,8681.28,578.7520000000001,3010.39,0,12.250000000009733,11.083333334086351,0.0
CUST000463,25,12168.59,486.7436,3426.31,0,14.00000000810758,11.83000103755283,0.0
CUST000464,29,14460.58,498.6406896551724,2670.99,0,17.5,11.706896807325439,0.0
CUST000465,30,15279.61,509.32033333333334,4052.36,0,14.0,11.43333334229263,0.0
CUST000466,24,21330.82,888.7841666666667,5772.69,0,17.5,11.520833498633822,0.0
CUST000467,18,13064.7,725.8166666666667,2286.37,0,14.0,11.763892187055111,0.0
CUST000468,22,13562.15,616.4613636363637,2028.91,0,14.0,11.295455172061137,0.0
CUST000469,28,20466.0,730.9285714285714,4351.33,0,14.000000004387786,11.812500004960695,0.0
CUST000470,25,35542.869999999995,1421.7147999999997,9578.59,0,24.5,12.320000002211291,0.0
CUST000471,26,18646.62,717.1776923076923,5244.72,0,17.5,11.980781907481706,0.0
CUST000472,28,15165.8,541.6357142857142,4034.73,0,14.000000000000572,11.812500270073938,0.0
CUST000473,30,11365.72,378.8573333333333,1787.81,16,26.75,24.241667776369095,0.5333333333333333
CUST000474,23,26845.08,1167.1773913043478,10593.45,0,17.50000107958767,12.097827610476214,0.0
CUST000475,30,16852.510000000002,561.7503333333334,3093.83,0,14.0,11.783333528825015,0.0
CUST000476,32,20240.35,632.5109375,3022.79,0,14.000000000379146,11.648450446385059,0.0
CUST000477,35,20683.22,590.9491428571429,4062.13,0,14.0,11.500000845206312,0.0
CUST000478,29,26624.160000000003,918.0744827586208,9276.45,0,22.750000930790478,11.706896927011842,0.0
CUST000479,24,14702.36,612.5983333333334,2143.36,0,14.0,12.104166679703816,0.0
CUST000480,21,9315.48,443.5942857142857,2404.43,0,14.0,11.333333685149713,0.0
CUST000481,26,21854.93,840.5742307692308,5750.42,15,30.25,24.59615402869954,0.5769230769230769
CUST000482,23,10213.99,444.08652173913043,1880.51,0,14.0,11.565217424369772,0.0
CUST000483,27,20368.5,754.3888888888889,3539.09,0,14.000000000000686,11.666666742499647,0.0
CUST000484,22,18096.79,822.5813636363637,5463.96,0,19.25,11.852273165598461,0.0
CUST000485,24,13466.99,561.1245833333334,5071.65,0,19.25,12.104166666761067,0.0
CUST000486,25,21686.54,867.4616000000001,7942.54,0,17.5,11.970000002486213,0.0
CUST000487,23,22289.68,969.1165217391305,5149.15,0,19.25,12.025945772258504,0.0
CUST000488,19,9359.86,492.62421052631584,2000.81,0,14.0,11.789473685031052,0.0
CUST000489,24,8561.619999999999,356.7341666666666,1095.6,0,14.0,11.22916676022359,0.0
CUST000490,23,14672.27,637.9247826086956,2292.88,0,14.0,11.641305632044453,0.0
CUST000491,23,17400.72,756.553043478261,3033.55,0,14.000000000024048,11.945652174564971,0.0
CUST000492,24,17029.86,709.5775,2533.48,24,30.0,27.59375000116921,1.0
CUST000493,31,14472.02,466.8393548387097,1649.46,0,14.0,11.685484070873606,0.0
CUST000494,23,18904.64,821.9408695652173,5731.7,0,19.250121142168457,11.945657445491102,0.0
CUST000495,21,23743.18,1130.627619047619,7258.96,0,17.5,11.91666707989258,0.0
CUST000496,28,28265.04,1009.4657142857143,7359.85,0,19.250051780028468,11.687503544690143,0.0
CUST000497,21,11621.369999999999,553.3985714285714,4276.15,0,14.0,11.666666980323281,0.0
CUST000498,20,16856.21,842.8104999999999,3200.08,0,14.0,11.725004117683612,0.0
CUST000499,23,18300.43,795.6708695652175,4670.99,0,14.0,11.641304365257868,0.0
CUST000500,28,19008.18,678.8635714285714,3847.28,0,14.0,11.875002831213006,0.0
CUST000501,18,6959.61,386.645,1469.37,0,14.00000000371232,11.472222223478923,0.0
CUST000502,31,23332.64,752.6658064516129,2620.72,0,14.000001543333346,11.685598613039454,0.0
CUST000503,24,14258.43,594.10125,3080.48,0,14.0,11.44791672682561,0.0
CUST000504,16,8581.880000000001,536.3675000000001,2780.92,8,26.75,24.234375004148454,0.5
CUST000505,23,19881.79,864.4256521739131,8074.93,0,24.5,12.173992577205594,0.0
CUST000506,20,16753.14,837.6569999999999,4258.79,0,14.0,11.812500052414405,0.0
CUST000507,17,13735.95,807.9970588235294,4014.66,0,14.0,11.52941325658576,0.0
CUST000508,26,20423.67,785.5257692307691,3480.05,0,14.0,11.644230769704574,0.0
CUST000509,26,25086.56,964.8676923076923,4259.0,0,14.0,11.375000375858978,0.0
CUST000510,25,14149.41,565.9764,4160.19,0,14.0,11.34000171310969,0.0
CUST000511,24,27924.69,1163.52875,16055.4,0,19.25,11.885416666750741,0.0
CUST000512,22,14444.37,656.5622727272728,1725.98,0,14.000000043585398,11.931818183816636,0.0
CUST000513,19,8118.7,427.3,1873.19,0,7.0,4.697418524488936,0.0
CUST000514,33,25399.45,769.6803030303031,4037.05,0,14.000000002867454,11.77272734558618,0.0
CUST000515,26,24090.03,926.5396153846153,5203.36,0,17.5,12.115384638103638,0.0
CUST000516,25,18202.52,728.1008,3834.82,0,14.000000000002403,11.97000003031765,0.0
CUST000517,18,28357.82,1575.4344444444444,8394.37,0,24.5,13.125,0.0
CUST000518,15,11203.369999999999,746.8913333333333,3069.59,15,30.0,27.666666672157653,1.0
CUST000519,21,23071.46,1098.6409523809523,6576.69,0,17.5,11.750038832388286,0.0
CUST000520,27,18493.25,684.9351851851852,5244.16,0,19.25,12.12037037490962,0.0
CUST000521,16,7649.38,478.08625,1652.0,0,14.000000000012095,12.359375000375493,0.0
CUST000522,27,15755.960000000001,583.5540740740742,3283.29,0,14.0,11.53703712236602,0.0
CUST000523,22,14457.28,657.1490909090909,1429.05,0,14.0,11.613636367130603,0.0
CUST000524,32,24553.03,767.2821875,4665.47,0,14.0,11.430129712023115,0.0
CUST000525,21,11099.28,528.5371428571428,2137.09,0,14.0,11.500000714752842,0.0
CUST000526,35,38844.69,1109.8482857142858,10984.6,0,24.5,12.50000001161257,0.0
CUST000527,29,17884.260000000002,616.6986206896553,2216.13,0,14.0,11.767241427656637,0.0
CUST000528,28,22144.75,790.8839285714286,3747.64,20,26.750000000042487,24.562500533676058,0.7142857142857143
CUST000529,29,22390.57,772.0886206896552,3539.34,0,14.0,11.46830481004269,0.0
CUST000530,21,10471.539999999999,498.6447619047619,2672.7,0,14.00000000013191,11.750000621073724,0.0
CUST000531,24,15094.77,628.94875,3564.13,0,14.000000021929468,11.593750079169533,0.0
CUST000532,32,19227.72,600.86625,4344.41,0,14.0,11.867189239836826,0.0
CUST000533,26,17168.079999999998,660.3107692307692,2618.38,0,14.0,11.913461538926956,0.0
CUST000534,26,33678.32,1295.32,6430.24,0,21.0,11.980769237326165,0.0
CUST000535,26,25560.21,983.0849999999999,8028.45,1,29.75,12.250000027353114,0.038461538461538464
CUST000536,35,23912.43,683.2122857142857,2178.4,0,14.0,11.750025214070519,0.0
CUST000537,21,36741.19,1749.5804761904762,24428.28,0,22.750001464908333,12.166666737901446,0.0
CUST000538,22,11465.31,521.1504545454545,3351.72,0,14.0,11.852272727278724,0.0
CUST000539,24,17351.52,722.98,3692.37,0,14.0,11.812500000123444,0.0
CUST000540,21,25793.61,1228.267142857143,7118.66,21,35.25,28.16666780784624,1.0
CUST000541,24,18717.13,779.8804166666667,3564.63,0,14.00000000133379,11.958388836808373,0.0
CUST000542,18,14113.97,784.1094444444444,3428.97,0,12.25,11.472222247030112,0.0
CUST000543,22,9471.890000000001,430.5404545454546,2151.3,0,14.0,11.53409378561974,0.0
CUST000544,29,20089.82,692.7524137931034,5757.61,0,19.25,11.827586608774968,0.0
CUST000545,24,14454.08,602.2533333333333,2007.53,0,14.0,11.95833341630822,0.0
CUST000546,17,9700.19,570.5994117647059,2231.64,0,12.25000000031939,11.220588235408853,0.0
CUST000547,27,14743.64,546.0607407407407,2737.55,0,14.0,12.055555561206498,0.0
CUST000548,20,14367.88,718.394,3227.76,0,14.000000000000746,11.637500000196422,0.0
CUST000549,25,10374.62,414.9848,2484.28,0,14.00000000047023,11.480000000341711,0.0
CUST000550,25,17290.98,691.6392,2839.39,0,14.000000000168752,11.760007097469149,0.0
CUST000551,24,16500.84,687.535,4799.97,0,14.00000000007629,11.885416928046439,0.0
CUST000552,22,12353.43,561.5195454545454,1985.88,0,14.0,11.852272728228288,0.0
CUST000553,23,14784.29,642.7952173913044,3078.24,0,14.0,11.793478261039334,0.0
CUST000554,26,28658.0,1102.2307692307693,4481.95,26,30.000000000027896,27.778846158797386,1.0
CUST000555,26,20807.69,800.2957692307692,3167.25,26,30.0,27.846153846448182,1.0
CUST000556,26,15028.98,578.0376923076923,3759.35,0,14.00000045687257,11.778846321340593,0.0
CUST000557,25,11323.97,452.9588,1285.54,0,14.000000000000217,11.200000014873035,0.0
CUST000558,24,19559.28,814.9699999999999,7850.9,0,17.5,11.812500032713594,0.0
CUST000559,18,16772.89,931.8272222222222,7116.66,0,17.5,12.347224458309821,0.0
CUST000560,22,11663.72,530.1690909090909,2164.18,0,14.0,11.772731888609009,0.0
CUST000561,22,15656.25,711.6477272727273,2338.47,0,14.00000000444292,11.852272729826417,0.0
CUST000562,22,15386.71,699.3959090909091,4780.4,11,26.75,24.20454935674317,0.5
CUST000563,22,22229.02,1010.41,6803.77,0,21.0,12.011365936563822,0.0
CUST000564,22,13838.92,629.0418181818181,4425.6,0,14.0,11.852272768273876,0.0
CUST000565,26,17350.56,667.3292307692308,2590.93,0,14.000000000066231,11.711538494040225,0.0
CUST000566,21,20135.47,958.8319047619049,5331.4,0,22.75,12.416671991987647,0.0
CUST000567,21,10197.61,485.60047619047623,1113.37,0,14.0,11.583333333688378,0.0
CUST000568,40,35538.84,888.4709999999999,10613.8,0,17.5,11.812500716988826,0.0
CUST000569,31,19227.19,620.2319354838709,2996.85,0,14.00000043674026,11.403228016156405,0.0
CUST000570,24,10303.73,429.3220833333333,2933.91,0,14.00001045752675,12.031250436117245,0.0
CUST000571,26,25272.32,972.0123076923077,8555.37,0,24.5,12.182692424729652,0.0
CUST000572,29,15272.48,526.6372413793104,2431.35,0,14.0,11.94827771800779,0.0
CUST000573,31,22998.96,741.901935483871,2755.93,0,14.00000251469599,11.854850347775075,0.0
CUST000574,18,13201.81,733.4338888888889,4636.59,0,14.000000000000004,11.569445517373774,0.0
CUST000575,18,6552.89,364.0494444444445,1276.24,0,14.00000007560224,12.250000004687857,0.0
CUST000576,23,45742.03999999999,1988.7843478260868,40851.39,0,24.5,12.706521739152503,0.0
CUST000577,21,15668.49,746.1185714285714,6315.48,0,19.25,12.166666673166223,0.0
CUST000578,32,42709.29,1334.6653125,14678.21,0,19.25,12.30469441443712,0.0
CUST000579,19,17319.77,911.5668421052632,6872.49,9,32.0,24.63157895120767,0.47368421052631576
CUST000580,20,10771.2,538.5600000000001,1668.72,0,14.00000001881434,11.637500001974464,0.0
CUST000581,22,11586.95,526.6795454545455,1684.96,0,14.0,11.534090959854,0.0
CUST000582,26,13332.39,512.7842307692307,2792.17,0,14.000000000300965,11.576923190665193,0.0
CUST000583,30,16159.84,538.6613333333333,1941.42,0,14.0,11.66666666924843,0.0
CUST000584,22,12070.050000000001,548.6386363636365,5872.68,0,19.250000000212708,12.01136363642206,0.0
CUST000585,18,7029.51,390.52833333333336,1156.34,0,14.0,12.055555556299844,0.0
CUST000586,25,13621.89,544.8756,2087.8,0,14.0,11.690000638697539,0.0
CUST000587,31,13230.33,426.78483870967744,1420.04,0,14.000000000001098,11.967743426345153,0.0
CUST000588,24,22885.33,953.5554166666667,5013.0,0,17.5,12.031250135535304,0.0
CUST000589,16,12166.11,760.381875,6415.47,0,19.25,12.14062500002598,0.0
CUST000590,22,25709.62,1168.6190909090908,12199.82,0,17.500084613599878,12.32955077503857,0.0
CUST000591,37,25868.5,699.1486486486486,5903.6,0,19.2500000152561,11.966216709973901,0.0
CUST000592,25,13433.27,537.3308000000001,3390.89,0,14.00000000115075,11.900000001218075,0.0
CUST000593,30,16515.79,550.5263333333334,3610.68,0,14.0,11.608333343234639,0.0
CUST000594,17,13872.38,816.0223529411765,4942.46,12,26.75,24.794117647363084,0.7058823529411765
CUST000595,26,29441.14,1132.3515384615384,9182.63,1,26.25,12.115385200447612,0.038461538461538464
CUST000596,18,8076.54,448.69666666666666,1639.16,0,14.0,11.95833333602856,0.0
CUST000597,21,11005.39,524.0661904761904,1836.41,0,14.0,11.500001295520875,0.0
CUST000598,23,26334.34,1144.9713043478262,4919.67,0,12.250000669980992,11.336956576511557,0.0
CUST000599,33,23458.25,710.8560606060606,4558.64,0,15.749999999999998,11.825987582321025,0.0
CUST000600,29,59801.369999999995,2062.1162068965514,39409.52,1,28.0,12.370689860183909,0.034482758620689655
CUST000601,28,29497.53,1053.4832142857142,6261.65,0,19.258757296452504,12.312817530739386,0.0
CUST000602,12,4543.7699999999995,378.6475,1037.05,0,14.0,11.812500563482978,0.0
CUST000603,23,8718.71,379.0743478260869,2785.71,0,12.25000000643303,11.641304348256226,0.0
CUST000604,17,11334.78,666.7517647058824,2646.26,0,14.0,11.529417276440252,0.0
CUST000605,29,35233.83,1214.959655172414,7012.99,0,17.5,12.189655175487106,0.0
CUST000606,16,13287.52,830.47,2605.12,0,14.0,11.812500001496236,0.0
CUST000607,20,12110.31,605.5155,2973.5,20,45.74999999999999,44.87500000006612,1.0
CUST000608,31,24427.07,787.97,5833.35,0,17.5,11.51613663649763,0.0
CUST000609,18,8032.18,446.2322222222222,2129.38,0,5.25,3.9863420236493314,0.0
CUST000610,22,13869.68,630.44,2946.83,0,14.000000924171832,11.852274551893306,0.0
CUST000611,20,10442.81,522.1405,1687.24,17,26.75000093004356,25.08750006205731,0.85
CUST000612,23,22536.309999999998,979.8395652173912,7154.57,0,17.5,12.250000000480028,0.0
CUST000613,30,14759.69,491.98966666666666,1599.84,0,14.000000009327538,11.550020695397162,0.0
CUST000614,26,18825.73,724.0665384615385,5550.83,0,19.25,11.77884615536297,0.0
CUST000615,22,12305.99,559.3631818181818,2373.11,0,14.000000000025455,11.693181818194889,0.0
CUST000616,27,18794.4,696.088888888889,2917.23,0,12.25000000349096,11.666666667042865,0.0
CUST000617,27,20089.68,744.0622222222222,4728.89,0,14.0,11.861111116345185,0.0
CUST000618,22,17964.62,816.5736363636363,7894.5,0,19.25,12.170454644568496,0.0
CUST000619,17,12199.71,717.63,4187.83,0,15.750000240956826,11.529411911823223,0.0
CUST000620,25,18350.77,734.0308,2685.85,0,12.250000051793222,11.550000031462849,0.0
CUST000621,27,13342.67,494.17296296296297,1724.66,0,14.0,11.990741873706524,0.0
CUST000622,21,22045.36,1049.7790476190476,9701.17,1,29.75,12.833333338919617,0.047619047619047616
CUST000623,23,14856.5,645.9347826086956,4179.87,0,14.000000485920246,11.641304372785822,0.0
CUST000624,20,16266.14,813.307,3511.86,0,14.0,11.812523603840486,0.0
CUST000625,27,29209.9,1081.8481481481483,11282.85,0,19.25,11.666666667685138,0.0
CUST000626,22,13932.54,633.2972727272728,2173.6,0,14.000000015100216,11.852275054665483,0.0
CUST000627,25,17679.24,707.1696000000001,2797.03,25,30.0,27.83000000013958,1.0
CUST000628,27,11532.039999999999,427.11259259259253,2755.72,0,14.000000001333756,11.472222225800136,0.0
CUST000629,30,19489.65,649.6550000000001,3451.76,0,14.000000101213908,11.491666693796931,0.0
CUST000630,24,29862.649999999998,1244.2770833333332,13874.88,0,19.25000056057362,12.177083954546903,0.0
CUST000631,17,8604.09,506.1229411764706,1757.54,0,14.000000000460602,12.147058824658894,0.0
CUST000632,26,26179.87,1006.9180769230769,5264.09,0,19.25,11.711552794434933,0.0
CUST000633,32,21604.4,675.1375,4737.34,0,14.000000008440631,11.648437510515908,0.0
CUST000634,22,12127.8,551.2636363636364,1969.95,0,14.0,11.693181849336629,0.0
CUST000635,30,28120.08,937.336,6574.49,0,17.5,11.725000140970012,0.0
CUST000636,20,21634.03,1081.7015,12337.65,0,24.50000000077484,11.987508591194617,0.0
CUST000637,21,16161.93,769.6157142857143,2816.1,0,12.25000132592943,11.583333401223953,0.0
CUST000638,28,20099.91,717.8539285714286,5578.77,0,17.5,12.000000007045868,0.0
CUST000639,26,20351.14,782.7361538461538,5015.81,0,17.5,11.778846155931273,0.0
CUST000640,19,9524.8,501.3052631578947,2372.97,0,14.000000000001975,11.605263158248835,0.0
CUST000641,36,25418.4,706.0666666666667,3048.83,0,17.50000030716497,11.666666750970412,0.0
CUST000642,28,24254.93,866.2475000000001,4578.37,17,26.75000033653029,24.50000001805702,0.6071428571428571
CUST000643,21,12321.24,586.7257142857143,2309.22,0,14.0000001404783,12.000000008350078,0.0
CUST000644,30,19998.38,666.6126666666667,3715.87,0,14.0,11.491667208615691,0.0
CUST000645,27,19856.16,735.4133333333333,4731.2,27,30.000000000604928,27.60185185505033,1.0
CUST000646,24,19220.23,800.8429166666666,6824.87,0,17.5000001276528,11.885416677313351,0.0
CUST000647,16,6608.33,413.020625,2110.39,0,14.0,11.593750106588967,0.0
CUST000648,21,8096.68,385.55619047619047,1059.71,0,14.0,11.916666666666666,0.0
CUST000649,19,10668.49,561.4994736842106,2339.44,0,14.0,11.697368421362166,0.0
CUST000650,17,9610.65,565.3323529411764,2918.66,0,14.00000000255727,12.14705890625234,0.0
CUST000651,22,20491.75,931.4431818181819,8722.93,1,28.0,12.409090909487405,0.045454545454545456
CUST000652,27,34633.15,1282.7092592592594,8678.84,0,24.5,12.509264074582648,0.0
CUST000653,19,8821.09,464.2678947368421,1612.25,0,14.0000000008755,11.881579601121091,0.0
CUST000654,23,14584.08,634.0904347826087,4747.62,0,12.250002150094758,11.489130530997874,0.0
CUST000655,34,20664.35,607.775,3093.18,0,14.0,11.375000071282038,0.0
CUST000656,22,15083.32,685.6054545454546,2770.32,0,14.0,11.61429160515044,0.0
CUST000657,25,17116.2,684.648,5232.97,0,17.5,11.69000059395301,0.0
CUST000658,18,7598.98,422.16555555555556,1743.98,0,14.0,11.763888892812483,0.0
CUST000659,26,15143.42,582.4392307692308,3658.57,0,14.000000000021991,11.576925409086261,0.0
CUST000660,28,16170.16,577.5057142857142,2210.81,0,14.0,11.562502134003342,0.0
CUST000661,26,23429.23,901.1242307692307,6929.11,0,24.5,12.182692364111055,0.0
CUST000662,27,16305.160000000002,603.8948148148148,4595.47,0,12.25009496169665,11.537046169866176,0.0
CUST000663,23,59829.25,2601.271739130435,49483.34,1,28.0,12.097831933501773,0.043478260869565216
CUST000664,25,15244.92,609.7968,2667.43,25,30.0,27.690000006020068,1.0
CUST000665,24,10711.779999999999,446.3241666666666,2045.88,0,14.00000000589083,11.812501029425611,0.0
CUST000666,25,15814.08,632.5632,3668.99,0,14.000000000183412,11.620000001356889,0.0
CUST000667,19,16396.3,862.9631578947368,4379.99,0,12.250000005307864,11.51315790133096,0.0
CUST000668,23,20664.3,898.4478260869565,4489.46,12,26.750000019777698,24.315217918510967,0.5217391304347826
CUST000669,23,13887.95,603.8239130434783,3361.18,0,14.0,11.869600384498513,0.0
CUST000670,27,16573.17,613.821111111111,3196.73,0,14.0,11.407412087007915,0.0
CUST000671,20,16246.81,812.3405,3424.1,0,14.0,11.375000013473564,0.0
CUST000672,15,5528.04,368.536,1212.42,0,14.0,11.666666679437785,0.0
CUST000673,22,6631.72,301.4418181818182,1064.27,0,14.00000000023764,11.693181820235928,0.0
CUST000674,19,34185.61,1799.2426315789473,9008.3,1,26.25,13.263185820040164,0.05263157894736842
CUST000675,20,32471.239999999998,1623.562,6971.83,0,17.50000211490035,12.600001213657457,0.0
CUST000676,17,16060.16,944.7152941176471,4350.46,0,14.000000000818057,12.147058871768754,0.0
CUST000677,33,37305.52,1130.4703030303028,5795.3,0,19.25,11.984848568426315,0.0
CUST000678,26,19020.829999999998,731.5703846153846,4228.11,0,14.00000000180298,11.5769230851243,0.0
CUST000679,27,16568.72,613.6562962962963,2601.75,0,14.0,11.731481495675038,0.0
CUST000680,24,20175.09,840.62875,5591.09,0,17.5,12.395833576922419,0.0
CUST000681,26,12901.380000000001,496.2069230769231,1464.38,0,14.0,11.778846329396734,0.0
CUST000682,27,27573.089999999997,1021.2255555555554,6198.69,0,19.25000006327739,11.925927818393987,0.0
CUST000683,20,15228.02,761.4010000000001,4021.56,0,14.000000000001284,11.637500002171835,0.0
CUST000684,26,27694.969999999998,1065.1911538461538,5100.36,0,17.5,11.980770311421757,0.0
CUST000685,24,13285.58,553.5658333333333,2881.25,0,12.250000000100584,11.52083336955395,0.0
CUST000686,25,19010.55,760.422,3672.16,0,14.0,11.690000004535008,0.0
CUST000687,31,55403.58,1787.2122580645162,19411.08,0,22.751249690709106,12.47617732547675,0.0
CUST000688,29,19606.8,676.096551724138,5454.11,0,17.5,12.068965622624416,0.0
CUST000689,23,7409.25,322.14130434782606,1034.45,0,12.250000018136104,11.717391305471267,0.0
CUST000690,22,12399.630000000001,563.6195454545455,3048.17,0,14.0,11.295454549882477,0.0
CUST000691,32,27298.66,853.083125,5330.41,0,19.25,11.703146468141359,0.0
CUST000692,20,17126.96,856.348,5197.4,0,19.25,11.900000000320443,0.0
CUST000693,26,23377.42,899.1315384615384,6358.13,0,19.25,11.980944691037054,0.0
CUST000694,34,20111.57,591.5167647058823,2639.59,0,14.000000000001815,11.889705908034847,0.0
CUST000695,26,15570.72,598.8738461538461,2674.75,0,14.000015312781793,11.644232566586671,0.0
CUST000696,26,14833.710000000001,570.5273076923078,3087.44,0,14.0,11.644231203871053,0.0
CUST000697,17,24176.77,1422.1629411764707,7130.27,0,19.25,12.250000031531796,0.0
CUST000698,25,15385.52,615.4208,3851.54,0,14.000000017749782,11.620004412918751,0.0
CUST000699,22,25345.48,1152.0672727272727,10646.98,0,19.25,12.329545489633595,0.0
CUST000700,23,15183.119999999999,660.135652173913,3232.83,0,14.0,11.41304349869496,0.0
CUST000701,26,13629.16,524.1984615384615,1959.85,0,14.0,11.644230804541033,0.0
CUST000702,28,14835.1,529.825,3144.91,0,14.000000018807242,11.81250000405532,0.0
CUST000703,30,14518.42,483.94733333333335,2346.36,0,14.000005527293338,11.900003508382962,0.0
CUST000704,18,7779.78,432.21,993.85,13,26.750000001359,25.000000000270354,0.7222222222222222
CUST000705,27,13004.800000000001,481.6592592592593,2214.85,0,14.00000532914684,11.731481889696461,0.0
CUST000706,18,9890.68,549.4822222222223,1739.95,0,14.0000000002554,11.861111362045712,0.0
CUST000707,28,19929.56,711.7700000000001,3082.95,0,14.000000001136332,11.687500003486722,0.0
CUST000708,21,16306.91,776.5195238095238,3608.95,0,14.0,11.416666700012426,0.0
CUST000709,27,33194.67,1229.4322222222222,5774.34,0,17.5,11.861113742395915,0.0
CUST000710,25,12695.78,507.8312,3385.0,0,14.000000000048516,11.69000000000816,0.0
CUST000711,22,14550.82,661.4009090909091,5678.8,0,17.5,11.693181827111902,0.0
CUST000712,32,33370.29,1042.8215625,7232.34,0,17.500005617345145,11.81250018645768,0.0
CUST000713,18,7779.84,432.21333333333337,1610.54,9,26.75,24.222222222229902,0.5
CUST000714,28,16787.49,599.5532142857144,3055.51,0,14.0,11.56250023006862,0.0
CUST000715,23,18429.670000000002,801.2900000000001,7490.85,0,24.5,12.326086961697502,0.0
CUST000716,23,11518.16,500.78956521739127,2043.04,0,14.0,11.641305672799596,0.0
CUST000717,24,14594.67,608.11125,2627.14,0,14.0,11.666667399447784,0.0
CUST000718,27,22706.4,840.9777777777779,6265.57,0,21.0,11.86111111332784,0.0
CUST000719,33,29315.02,888.3339393939394,3637.31,0,14.0,11.772736615713914,0.0
CUST000720,20,25907.52,1295.376,17187.65,0,19.25000000034785,12.250000000029253,0.0
CUST000721,22,18545.44,842.9745454545454,6985.99,22,37.0,27.93181818190089,1.0
CUST000722,25,14434.59,577.3836,4758.2,0,12.25000017513162,11.55000002780297,0.0
CUST000723,18,9127.86,507.10333333333335,2495.99,0,14.0,12.152777777805323,0.0
CUST000724,26,15062.99,579.3457692307692,3196.57,0,14.000000207184442,11.442308715533805,0.0
CUST000725,27,16741.12,620.0414814814815,3516.31,0,14.0,11.925934824922528,0.0
CUST000726,20,9316.18,465.809,1570.43,20,30.0,27.725000129001494,1.0
CUST000727,35,30467.88,870.5108571428572,5499.28,0,19.25,12.100002355907785,0.0
CUST000728,22,13244.810000000001,602.0368181818183,2940.36,0,14.0,11.931827853516898,0.0
CUST000729,33,22733.58,688.8963636363637,3951.83,0,14.000000009884989,11.666666765972213,0.0
CUST000730,20,24058.65,1202.9325000000001,8371.44,0,24.5,12.600000000000652,0.0
CUST000731,22,19884.89,903.8586363636364,5212.34,0,19.25,12.25000001458252,0.0
CUST000732,28,26721.64,954.3442857142857,10577.21,18,35.5,24.875000000231502,0.6428571428571429
CUST000733,31,21688.5,699.6290322580645,3937.76,31,30.0,27.85483870989315,1.0
CUST000734,23,15208.35,661.2326086956522,2669.24,0,12.250012113807232,11.489131652707579,0.0
CUST000735,26,20562.989999999998,790.8842307692307,6476.16,0,17.5,12.115384794016848,0.0
CUST000736,32,34422.37,1075.6990625,12540.02,0,19.250095602625983,11.976569380723724,0.0
CUST000737,19,9782.9,514.8894736842105,3364.69,0,14.0,11.697368436222115,0.0
CUST000738,35,22014.55,628.9871428571429,4234.75,29,26.7500000002101,24.900000208310892,0.8285714285714286
CUST000739,22,24616.95,1118.9522727272727,9910.17,1,29.750000295359683,12.32954628486139,0.045454545454545456
CUST000740,41,31864.32,777.1785365853658,5123.65,0,19.25,11.951260364235637,0.0
CUST000741,29,36774.77,1268.0955172413792,5683.26,0,19.25,12.068965868163085,0.0
CUST000742,25,11452.380000000001,458.09520000000003,1952.54,0,14.000000365570347,11.90000001486696,0.0
CUST000743,19,11763.42,619.1273684210527,3212.67,0,14.0,11.697376634328679,0.0
CUST000744,20,17146.14,857.307,4620.85,0,12.25000000130013,11.462500035594786,0.0
CUST000745,16,9157.74,572.35875,3455.21,0,14.0,11.484375001694776,0.0
CUST000746,38,24972.67,657.1755263157894,3794.47,0,14.000000563568086,11.605263294724196,0.0
CUST000747,26,24624.3,947.0884615384615,5316.28,0,19.25,11.980919150560096,0.0
CUST000748,20,24569.36,1228.468,5730.72,0,19.25,12.075002889444052,0.0
CUST000749,21,10090.27,480.48904761904765,2019.32,0,14.0,11.916666703980148,0.0
CUST000750,14,5741.4,410.09999999999997,1252.24,0,12.25,11.000000034020117,0.0
CUST000751,20,11909.3,595.4649999999999,3021.24,0,14.0,11.812500147272797,0.0
CUST000752,25,12372.8,494.912,2276.0,0,14.0,11.620002329645809,0.0
CUST000753,28,17409.73,621.7760714285714,4737.06,0,14.0,11.875000035131956,0.0
CUST000754,25,18820.69,752.8276,8493.58,0,22.75,12.110000001814804,0.0
CUST000755,20,12445.56,622.278,2023.69,0,12.250014179943756,11.637500782288944,0.0
CUST000756,38,36013.58,947.7257894736842,8210.45,38,45.75,28.526318445196537,1.0
CUST000757,25,22466.37,898.6547999999999,8869.76,0,24.5,11.970000000367484,0.0
CUST000758,24,10287.29,428.63708333333335,1996.68,0,14.0,11.739583482191284,0.0
CUST000759,22,34614.47,1573.385,17846.05,0,17.5,11.693182744094797,0.0
CUST000760,27,14541.02,538.5562962962963,2448.26,0,14.000000000110782,11.601852187989444,0.0
CUST000761,26,14422.89,554.7265384615384,2312.1,0,14.000000014240564,11.711538462158428,0.0
CUST000762,24,8424.73,351.03041666666667,920.47,0,14.000000000317309,11.739583419503338,0.0
CUST000763,19,13366.04,703.4757894736842,3757.42,0,14.0,12.25000002408215,0.0
CUST000764,23,8546.78,371.59913043478264,1328.79,0,14.0,11.945652174075299,0.0
CUST000765,30,17780.09,592.6696666666667,2533.31,0,14.0,11.55000471715846,0.0
CUST000766,24,11778.61,490.7754166666667,2478.07,0,14.0,11.5937502348582,0.0
CUST000767,24,14791.72,616.3216666666666,2546.2,0,14.0,11.95833565261683,0.0
CUST000768,22,19276.03,876.1831818181818,4389.2,0,14.0,11.772727277110226,0.0
CUST000769,21,18304.129999999997,871.6252380952379,5647.53,0,21.0,12.500000101890313,0.0
CUST000770,32,27503.54,859.485625,5497.85,0,17.5,11.812500016767455,0.0
CUST000771,35,24186.94,691.0554285714285,2586.55,0,14.0000000847595,11.850000020751741,0.0
CUST000772,21,13082.02,622.9533333333334,4318.51,0,17.5,11.75,0.0
CUST000773,14,5259.24,375.65999999999997,825.69,14,30.0,27.875000000000142,1.0
CUST000774,32,16288.26,509.008125,3441.99,0,14.0,11.593751473479914,0.0
CUST000775,25,20186.68,807.4672,6695.51,0,19.25,12.040000178430269,0.0
CUST000776,28,36226.29,1293.7960714285714,16287.36,0,19.25,11.625061487989104,0.0
CUST000777,23,11863.169999999998,515.79,4170.99,0,14.0,11.793478261178995,0.0
CUST000778,22,18345.56,833.889090909091,4370.87,0,14.0,11.852272727308634,0.0
CUST000779,20,29709.01,1485.4505,9852.38,0,17.5,5.250000575865734,0.0
CUST000780,23,25418.04,1105.1321739130435,7051.35,0,19.25,11.489142932842663,0.0
CUST000781,25,11249.16,449.9664,1226.01,0,12.25,11.620000122494297,0.0
CUST000782,21,15806.65,752.697619047619,1858.9,0,14.0,11.916672130406551,0.0
CUST000783,31,17092.670000000002,551.3764516129033,2481.73,0,14.0,11.57258066230166,0.0
CUST000784,29,12708.02,438.20758620689656,2666.87,0,14.000000000000092,11.465517705221016,0.0
CUST000785,23,16295.03,708.4795652173914,5814.66,12,30.25,24.69565217485402,0.5217391304347826
CUST000786,25,16438.56,657.5424,3592.85,0,12.25000000045324,11.55000043995733,0.0
CUST000787,19,10920.0,574.7368421052631,2908.7,0,14.000000025498052,11.973684393381706,0.0
CUST000788,23,19229.829999999998,836.0795652173912,3621.12,0,14.0,11.717466141913286,0.0
CUST000789,28,22963.27,820.1167857142857,4651.0,0,14.0,11.563106859177143,0.0
CUST000790,24,15244.75,635.1979166666666,2770.85,0,14.0,11.3020833439162,0.0
CUST000791,23,28173.18,1224.9208695652173,7976.28,0,19.25,12.326089032690815,0.0
CUST000792,23,14569.789999999999,633.4691304347825,5318.98,0,17.5,11.869565217572458,0.0
CUST000793,23,20726.82,901.1660869565218,9877.7,1,26.25,11.793478666359203,0.043478260869565216
CUST000794,20,13195.36,659.768,2924.88,0,14.0,11.462500011249492,0.0
CUST000795,29,21194.239999999998,730.8358620689654,7735.48,0,17.5,11.82758621164469,0.0
CUST000796,24,16267.76,677.8233333333334,3753.32,0,14.0,11.958333357126351,0.0
CUST000797,27,14193.86,525.6985185185185,2741.78,0,14.0,11.73148288234451,0.0
CUST000798,22,12403.35,563.7886363636363,2515.07,0,14.0000000037178,11.295456568433453,0.0
CUST000799,33,19224.06,582.5472727272728,3065.86,0,14.0,11.45454549169815,0.0
CUST000800,24,16629.29,692.8870833333334,3069.73,0,14.00000000058252,11.520833352441215,0.0
CUST000801,18,9441.08,524.5044444444444,2260.02,0,14.0,12.055555559923066,0.0
CUST000802,23,19591.22,851.7921739130435,7613.61,0,17.500000033604948,11.869565439916968,0.0
CUST000803,34,25524.42,750.7182352941176,3640.57,34,30.0,27.375000000163755,1.0
CUST000804,23,12491.619999999999,543.1139130434782,2851.25,0,14.000000001940824,12.17391307512795,0.0
CUST000805,35,22871.350000000002,653.4671428571429,3224.49,0,17.5,11.95000000030519,0.0
CUST000806,28,19830.54,708.2335714285715,3861.0,0,14.0,11.875000070580805,0.0
CUST000807,24,21952.010000000002,914.6670833333334,3450.51,0,14.000000010207314,11.885476370373553,0.0
CUST000808,31,28335.16,914.0374193548387,8731.28,1,28.0,12.306451630439803,0.03225806451612903
CUST000809,21,17240.1,820.9571428571428,3707.96,0,14.0,11.333335326205006,0.0
CUST000810,17,12761.12,750.6541176470589,2643.01,0,14.0,11.323529411843316,0.0
CUST000811,23,21925.81,953.2960869565218,4436.24,0,17.5,11.793478274821926,0.0
CUST000812,18,8245.76,458.09777777777776,1266.25,0,14.0,11.569444656021528,0.0
CUST000813,28,22229.76,793.92,4624.11,0,14.0,11.62500012192882,0.0
CUST000814,19,5943.030000000001,312.79105263157896,2049.76,0,14.0,11.513157894865422,0.0
CUST000815,28,17709.96,632.4985714285714,4358.02,16,26.750000323805367,24.437500022403434,0.5714285714285714
CUST000816,26,15163.89,583.2265384615384,2843.19,0,14.000000003199755,11.778899997558021,0.0
CUST000817,20,24315.47,1215.7735,5657.57,0,17.5,11.900254396594072,0.0
CUST000818,12,12565.970000000001,1047.1641666666667,4554.01,0,14.0,11.666666845441513,0.0
CUST000819,18,9139.06,507.7255555555555,2820.28,0,14.000000002418137,11.472222222543937,0.0
CUST000820,23,21394.06,930.1765217391305,6966.13,0,19.25,12.173913100030378,0.0
CUST000821,25,28490.25,1139.61,7414.84,0,17.5,11.97000090265415,0.0
CUST000822,25,24307.170000000002,972.2868000000001,8753.53,2,31.5,13.16000000491599,0.08
CUST000823,22,14869.77,675.8986363636363,4091.06,0,14.0,11.852272741934955,0.0
CUST000824,24,19228.2,801.1750000000001,4355.44,0,14.0,11.593750141861554,0.0
CUST000825,27,16671.57,617.4655555555555,2766.64,0,14.0,11.601851858636003,0.0
CUST000826,16,28323.1,1770.19375,10718.38,1,26.25,13.671875,0.0625
CUST000827,24,17182.239999999998,715.9266666666666,3189.41,0,12.25002398011248,11.739584335574039,0.0
CUST000828,16,7917.5599999999995,494.84749999999997,1508.34,0,14.0,12.031250086559973,0.0
CUST000829,30,12323.36,410.7786666666667,2003.16,0,14.0,11.95833333337651,0.0
CUST000830,28,17217.19,614.8996428571428,2537.93,0,14.0,11.562500372549668,0.0
CUST000831,19,12513.67,658.6142105263158,3809.52,0,14.000000000084723,11.881579500872643,0.0
CUST000832,25,23410.530000000002,936.4212000000001,4749.46,0,12.250010026495188,11.270001269660597,0.0
CUST000833,19,15047.27,791.9615789473685,4240.32,0,14.0,11.69737053428378,0.0
CUST000834,22,11009.39,500.42681818181813,1423.73,0,14.0,11.693181823278405,0.0
CUST000835,22,9650.72,438.66909090909087,1807.17,0,14.0,11.534091116074807,0.0
CUST000836,33,36345.03,1101.3645454545454,13068.75,0,19.25,11.984852407956346,0.0
CUST000837,29,30455.97,1050.2058620689656,6866.11,0,17.5,11.706897384996578,0.0
CUST000838,28,17958.44,641.3728571428571,3028.48,0,14.0,11.625001879802648,0.0
CUST000839,20,8060.47,403.0235,1692.89,0,12.250000000003546,11.550000020121562,0.0
CUST000840,26,16865.46,648.6715384615384,4317.88,0,14.000000000001272,11.644230771220247,0.0
CUST000841,22,16084.04,731.0927272727273,3562.28,0,12.250055773520833,11.375002535210669,0.0
CUST000842,21,18664.06,888.7647619047619,6373.64,12,30.25,24.583333333939187,0.5714285714285714
CUST000843,30,24220.28,807.3426666666667,4717.38,0,14.0,11.666667596370445,0.0
CUST000844,26,16829.13,647.2742307692308,2702.0,0,14.000000031767732,11.846153908645906,0.0
CUST000845,20,16512.15,825.6075000000001,5678.52,0,19.25,12.07500059592796,0.0
CUST000846,22,19903.3,904.6954545454545,3877.67,0,14.0,11.534090909091418,0.0
CUST000847,25,18807.56,752.3024,3961.09,0,14.0,11.760000000650843,0.0
CUST000848,20,17294.8,864.74,3179.17,0,14.000000000862162,11.725000118882509,0.0
CUST000849,28,20642.329999999998,737.2260714285713,6881.62,0,19.25,11.875000480154977,0.0
CUST000850,25,25210.0,1008.4,8210.76,0,24.50006258933114,12.390011917289483,0.0
CUST000851,26,18112.760000000002,696.6446153846155,4601.04,0,14.000000077271023,11.846154778208017,0.0
CUST000852,31,34761.85,1121.35,6813.07,0,19.250068106942837,12.25000345575474,0.0
CUST000853,20,35446.85,1772.3425,27432.5,0,22.75,12.4250000000179,0.0
CUST000854,20,13162.02,658.101,3667.64,0,14.0,11.37500008486413,0.0
CUST000855,32,20555.56,642.36125,2940.71,0,14.0,11.86718787746889,0.0
CUST000856,25,22626.96,905.0784,7031.1,0,19.25,12.110000355310383,0.0
CUST000857,18,18198.72,1011.0400000000001,4309.83,18,33.5,28.05555555568937,1.0
CUST000858,14,13107.25,936.2321428571429,4772.22,0,12.25,11.5,0.0
CUST000859,20,16128.31,806.4155,5508.74,0,17.5,12.162500322112137,0.0
CUST000860,18,18295.35,1016.4083333333333,4451.7,18,28.25000000000543,27.763888888899896,1.0
CUST000861,19,9242.77,486.4615789473684,1570.29,0,12.250001942016556,11.421052775292985,0.0
CUST000862,25,20537.4,821.4960000000001,4704.84,0,14.000000167147537,11.550000010202512,0.0
CUST000863,27,14439.12,534.7822222222222,2547.26,0,14.000002804232096,11.666666787229936,0.0
CUST000864,32,23212.05,725.3765625,4638.24,0,14.0,11.484401582749715,0.0
CUST000865,31,26685.37,860.8183870967741,4868.08,0,14.000000000688113,12.024193548812635,0.0
CUST000866,16,12619.82,788.73875,3272.24,0,14.000000000552456,11.593750000612484,0.0
CUST000867,23,9971.21,433.53086956521736,1169.81,0,14.0,12.021739163533699,0.0
CUST000868,28,12927.92,461.7114285714286,2044.93,0,14.0,11.500000049707642,0.0
CUST000869,17,11471.8,674.8117647058823,4151.87,0,14.0,11.735294165551256,0.0
CUST000870,22,9216.16,418.91636363636366,1332.15,0,14.000000000023023,11.85227272952384,0.0
CUST000871,23,9765.99,424.6082608695652,1099.72,23,30.0,27.717391304364117,1.0
CUST000872,29,28685.83,989.166551724138,11080.36,0,19.25,12.00862080514405,0.0
CUST000873,19,9182.61,483.2952631578948,1849.43,0,14.000000000080188,11.236842126468408,0.0
CUST000874,24,15389.48,641.2283333333334,5020.48,0,19.25,11.593750015888842,0.0
CUST000875,23,12308.15,535.1369565217391,2003.47,0,14.00000000001002,11.79348079481558,0.0
CUST000876,16,12581.880000000001,786.3675000000001,3546.26,0,12.25,11.04687515968628,0.0
CUST000877,27,29159.45,1079.9796296296297,7841.6,0,19.25,12.444452664735946,0.0
CUST000878,17,12638.47,743.4394117647058,2229.1,0,14.0,12.044119373630581,0.0
CUST000879,32,14998.45,468.7015625,3360.0,0,14.0,11.703125500536249,0.0
CUST000880,25,21117.01,844.6804,6569.22,0,17.5,12.39000000492746,0.0
CUST000881,21,13823.59,658.2661904761904,3312.43,0,14.0,11.750012394272304,0.0
CUST000882,26,23745.94,913.3053846153846,5806.71,0,17.50000093663075,12.317337624741613,0.0
CUST000883,19,14167.27,745.6457894736842,4124.68,0,14.0,11.605263158795688,0.0
CUST000884,23,12902.77,560.99,2469.77,0,14.000000011382292,11.869565327485764,0.0
CUST000885,23,24342.12,1058.3530434782608,6503.37,0,19.250000000372715,12.097826182528863,0.0
CUST000886,21,9514.6,453.0761904761905,2213.29,0,14.000000704618763,11.750000050733501,0.0
CUST000887,29,12588.8,434.0965517241379,1734.07,0,14.000000048938928,11.586206898866164,0.0
CUST000888,20,25696.84,1284.842,5619.31,0,24.5,12.33750057894996,0.0
CUST000889,28,27056.01,966.2860714285714,3579.27,0,14.000000069086331,12.062500003751095,0.0
CUST000890,29,23529.89,811.3755172413793,3945.26,0,14.00000018045343,11.948275872911715,0.0
CUST000891,21,12978.24,618.0114285714286,3161.6,0,14.000000000010363,11.833333362955202,0.0
CUST000892,21,17030.739999999998,810.987619047619,5675.19,0,19.250000000021394,12.083334038260622,0.0
CUST000893,18,6395.09,355.28277777777777,962.58,0,12.250000001829022,11.277777780125104,0.0
CUST000894,18,10369.9,576.1055555555555,3187.05,0,14.0,11.666667737461495,0.0
CUST000895,15,9970.58,664.7053333333333,1597.14,0,14.000000009063882,11.900000110907682,0.0
CUST000896,26,34623.05,1331.6557692307692,11627.34,0,21.0,12.317327429960974,0.0
CUST000897,24,21334.25,888.9270833333334,4069.57,0,14.000000001665482,11.958357967656445,0.0
CUST000898,32,33988.03,1062.1259375,12535.67,0,19.25,11.812501222249791,0.0
CUST000899,27,19550.9,724.1074074074074,4882.62,0,15.749999999999998,11.861111111248817,0.0
CUST000900,24,8742.119999999999,364.25499999999994,1959.05,0,14.0,11.447916833715917,0.0
CUST000901,24,12103.84,504.32666666666665,3152.25,0,14.000000000106768,12.104166698630863,0.0
CUST000902,21,13619.52,648.5485714285714,1144.9,0,14.0,11.750000146156138,0.0
CUST000903,25,13290.92,531.6368,2171.04,0,14.000000747482188,11.900000081856268,0.0
CUST000904,18,8147.33,452.62944444444446,3732.31,0,12.250000023738847,11.56944444582727,0.0
CUST000905,33,24520.43,743.0433333333333,3118.21,0,14.000000020074838,11.825761366607503,0.0
CUST000906,23,27276.11,1185.9178260869564,9350.32,0,24.5,12.250001706933778,0.0
CUST000907,20,21915.079999999998,1095.754,6654.67,0,19.25,11.900000203062735,0.0
CUST000908,22,17488.97,794.9531818181819,4195.31,0,14.000000032261754,11.613642681949807,0.0
CUST000909,24,22970.87,957.1195833333333,4128.19,16,26.75,24.63541667807401,0.6666666666666666
CUST000910,25,26737.34,1069.4936,6445.1,0,19.25,12.110000745952805,0.0
CUST000911,20,9957.710000000001,497.88550000000004,2220.63,0,14.0,11.550000001734656,0.0
CUST000912,27,13653.52,505.6859259259259,2506.03,0,14.00000000005488,11.861111130710322,0.0
CUST000913,24,12036.23,501.5095833333333,3221.87,0,14.0,11.375000005677668,0.0
CUST000914,19,10019.800000000001,527.3578947368421,2077.93,0,14.0,11.789473686119225,0.0
CUST000915,25,23367.86,934.7144000000001,6839.71,0,17.5,11.69000000142159,0.0
CUST000916,30,39092.009999999995,1303.0669999999998,11672.07,0,22.75,12.07500175275942,0.0
CUST000917,30,29225.34,974.178,6042.48,0,24.5,12.308346636334669,0.0
CUST000918,19,10593.19,557.5363157894737,2018.56,0,14.0,11.421052670359364,0.0
CUST000919,21,14519.89,691.4233333333333,3960.19,0,14.0,11.583333342244785,0.0
CUST000920,19,13953.42,734.3905263157894,3381.44,0,12.250000000248049,11.052635236082004,0.0
CUST000921,17,8820.82,518.8717647058824,2138.14,0,14.0,11.735294117754842,0.0
CUST000922,24,16646.649999999998,693.6104166666665,4810.36,0,14.000000000111202,11.520835034736095,0.0
CUST000923,24,13092.18,545.5075,1629.16,0,12.250000017289128,11.44791682795828,0.0
CUST000924,33,21254.64,644.0799999999999,8077.44,0,22.75,11.931823295484508,0.0
CUST000925,30,22093.79,736.4596666666667,5853.89,0,19.250010112689107,11.958333780735012,0.0
CUST000926,26,39064.270000000004,1502.4719230769233,10221.49,0,24.5,13.259616202140112,0.0
CUST000927,27,10310.05,381.8537037037037,1930.2,0,14.0,11.666666786987571,0.0
CUST000928,26,9408.449999999999,361.8634615384615,1961.09,0,14.000000000176122,12.182692315917288,0.0
CUST000929,14,7833.969999999999,559.5692857142857,1556.04,0,14.000000009247524,11.625000000686866,0.0
CUST000930,18,16481.829999999998,915.6572222222221,7246.23,0,19.25,11.569444454987604,0.0
CUST000931,19,12388.130000000001,652.0068421052632,1874.8,0,14.00000000027811,11.421053017154291,0.0
CUST000932,20,13088.56,654.428,2849.17,0,14.0,11.462500000129854,0.0
CUST000933,21,13675.35,651.2071428571429,3105.14,0,17.5,12.416680826556485,0.0
CUST000934,24,13911.81,579.6587499999999,2204.31,0,12.250000421271222,11.375000027236311,0.0
CUST000935,19,20814.0,1095.4736842105262,10206.7,0,17.5,12.065789473715093,0.0
CUST000936,24,14884.390000000001,620.1829166666668,2767.38,0,14.000000708085908,11.59381073005205,0.0
CUST000937,25,22541.39,901.6555999999999,4475.17,0,14.0,11.550019765476684,0.0
CUST000938,19,26323.31,1385.4373684210527,7466.35,0,24.500000002366043,13.263158954320657,0.0
CUST000939,24,14617.61,609.0670833333334,2913.57,24,30.0,27.44791666848238,1.0
CUST000940,15,8506.53,567.1020000000001,3357.4,0,14.0,11.900000108817002,0.0
CUST000941,30,14513.34,483.778,3021.19,0,14.0,11.491672452445204,0.0
CUST000942,28,20692.85,739.030357142857,12021.63,0,19.25,11.812500044269939,0.0
CUST000943,27,15806.230000000001,585.415925925926,2522.82,0,14.0,11.407407559148634,0.0
CUST000944,21,24056.81,1145.562380952381,7381.57,0,19.25,12.000000408173362,0.0
CUST000945,29,17503.52,603.5696551724138,5062.6,0,19.25,11.646560323790725,0.0
CUST000946,27,10711.72,396.73037037037034,2745.34,27,47.49999999999999,45.36111111115074,1.0
CUST000947,21,11335.85,539.802380952381,1417.43,10,26.75000002857023,24.333333677240805,0.47619047619047616
CUST000948,22,19963.93,907.4513636363637,5077.97,0,19.25,12.011372373722184,0.0
CUST000949,27,17480.39,647.4218518518518,3033.53,0,14.00000000000149,11.79629638521811,0.0
CUST000950,29,25679.68,885.5062068965517,7293.26,0,17.5,12.008620979412173,0.0
CUST000951,26,22203.05,853.9634615384615,5304.53,0,22.75,11.98076926037017,0.0
CUST000952,33,26192.55,793.7136363636364,6349.44,0,17.5,11.878787914275623,0.0
CUST000953,24,14119.16,588.2983333333333,3776.1,0,12.250001084666286,11.375000084677287,0.0
CUST000954,21,10847.15,516.5309523809524,2281.11,12,26.75,24.583334497947696,0.5714285714285714
CUST000955,17,15731.1,925.3588235294118,5503.27,0,17.5,12.455887785289837,0.0
CUST000956,30,21854.989999999998,728.4996666666666,4756.82,0,14.000000008347047,11.725000155650127,0.0
CUST000957,27,16301.300000000001,603.7518518518519,2383.88,0,14.0,11.407407955649411,0.0
CUST000958,19,29330.649999999998,1543.7184210526314,9788.85,0,24.5,12.894737516259363,0.0
CUST000959,28,25297.29,903.4746428571428,5515.54,0,17.500074456557332,11.750002698847199,0.0
CUST000960,24,19396.39,808.1829166666666,3253.94,15,26.75000046118065,24.562500737989243,0.625
CUST000961,21,8788.86,418.51714285714286,1837.32,0,14.000000000002265,11.33333334478844,0.0
CUST000962,25,18800.82,752.0328,6514.71,0,17.5,12.040000015269444,0.0
CUST000963,31,26426.15,852.4564516129033,8550.49,0,22.750764448435252,12.08067603321315,0.0
CUST000964,27,17793.54,659.02,3561.78,0,14.0,11.731481515749708,0.0
CUST000965,30,19706.52,656.884,3232.41,0,14.000016160179598,11.958333875929574,0.0
CUST000966,28,11270.53,402.5189285714286,1462.88,0,14.000000000166144,11.875000063329598,0.0
CUST000967,24,12619.14,525.7975,4040.41,0,14.0,11.447916866327018,0.0
CUST000968,31,14008.58,451.8896774193548,3691.75,0,14.0,11.911290389477925,0.0
CUST000969,21,7952.33,378.6823809523809,1138.01,0,14.00000000047319,12.250013887373909,0.0
CUST000970,29,19425.48,669.8441379310344,4358.7,0,14.0,11.887931068613515,0.0
CUST000971,12,8745.74,728.8116666666666,1849.31,0,12.250000000211836,11.375002105322944,0.0
CUST000972,29,17037.23,587.4906896551724,3268.24,0,14.000000050989891,12.068966038964358,0.0
CUST000973,27,25461.64,943.0237037037036,3193.97,0,14.0,11.731481938613616,0.0
CUST000974,23,28052.43,1219.6708695652173,5659.62,23,35.250000000318074,27.86956521750034,1.0
CUST000975,28,30056.45,1073.444642857143,15558.81,0,24.50000000484431,12.062500041890507,0.0
CUST000976,27,18017.04,667.2977777777778,3299.58,0,14.0,11.27777779303327,0.0
CUST000977,19,18172.46,956.4452631578947,10045.25,0,24.5,12.710526315822273,0.0
CUST000978,19,21849.62,1149.98,4701.43,19,30.0,27.513157894737095,1.0
CUST000979,17,8584.15,504.95,2139.47,17,30.0,28.14705882353338,1.0
CUST000980,21,10364.460000000001,493.5457142857143,2184.61,0,12.250000210531782,11.166677649542908,0.0
CUST000981,22,10857.07,493.5031818181818,1403.35,0,14.000128837362752,11.852278596566224,0.0
CUST000982,18,8619.16,478.84222222222223,1566.42,0,14.0,11.958333333333334,0.0
CUST000983,19,17212.95,905.9447368421053,3642.62,19,30.0,27.97368432903985,1.0
CUST000984,23,10676.890000000001,464.21260869565225,1884.66,0,14.00000032653669,12.326087200989575,0.0
CUST000985,32,29217.56,913.04875,3567.06,0,14.0,11.484375204845538,0.0
CUST000986,28,18577.49,663.4817857142858,2885.6,0,14.0,11.62505020396885,0.0
CUST000987,27,15826.59,586.17,2222.96,0,14.000000006963692,11.925925952286608,0.0
CUST000988,26,8625.13,331.7357692307692,1807.25,0,14.000000000541933,11.913461560285544,0.0
CUST000989,13,6660.11,512.3161538461538,1173.57,0,7.0,4.576923695981925,0.0
CUST000990,22,9045.56,411.16181818181815,1718.17,0,14.0,11.613638131865754,0.0
CUST000991,25,13223.79,528.9516,1791.08,0,14.000000000020568,11.830000047582894,0.0
CUST000992,19,19547.46,1028.8136842105262,4625.7,0,7.0,4.513284831485354,0.0
CUST000993,18,14197.57,788.7538888888889,3023.35,0,12.25,11.472246002888959,0.0
CUST000994,23,9866.64,428.98434782608695,1743.58,0,14.0,11.717393586804102,0.0
CUST000995,16,7702.76,481.4225,1320.24,0,14.0,12.359375000079824,0.0
CUST000996,25,19265.85,770.6339999999999,2751.81,0,14.0,12.110000243458828,0.0
CUST000997,21,13421.0,639.0952380952381,2796.83,0,14.0,11.666672356024666,0.0
CUST000998,21,9562.15,455.3404761904762,2248.71,0,14.0,12.166666990888098,0.0
CUST000999,24,16257.619999999999,677.4008333333333,3737.41,0,14.0,11.229166763463631,0.0
CUST001000,16,11753.92,734.62,2825.05,0,14.0,11.92187500378448,0.0
CUST001001,23,11632.38,505.755652173913,2550.58,0,14.0,11.413043478375718,0.0
CUST001002,27,21896.34,810.9755555555556,10569.25,1,26.25,12.703703792527538,0.037037037037037035
CUST001003,21,11314.300000000001,538.7761904761905,4784.18,21,47.49999999999999,44.83333333469175,1.0
CUST001004,26,19021.89,731.6111538461538,2633.22,0,12.250000000635618,11.375000001568868,0.0
CUST001005,29,16544.09,570.4858620689655,2687.6,0,14.0,11.46551733327957,0.0
CUST001006,18,16434.4,913.0222222222224,2568.03,0,14.00000000278944,11.8611112655345,0.0
CUST001007,23,23351.46,1015.2808695652174,5389.62,0,17.5,12.021739142097625,0.0
CUST001008,26,26603.45,1023.2096153846154,3545.71,0,14.0,11.846153846289901,0.0
CUST001009,14,13560.98,968.6414285714285,4874.75,10,26.75,24.750000000413525,0.7142857142857143
CUST001010,22,10253.85,466.08409090909095,1553.62,0,14.000000034656104,11.454545932612058,0.0
CUST001011,28,10587.789999999999,378.1353571428571,2800.12,0,14.0000000003267,11.812500039615088,0.0
CUST001012,17,7504.38,441.4341176470588,1641.19,0,12.250000001978052,11.632352941296883,0.0
CUST001013,24,22045.79,918.5745833333334,8830.98,0,22.75,12.250005523699686,0.0
CUST001014,31,27222.86,878.1567741935484,5956.42,0,19.25000000481864,12.250000000896812,0.0
CUST001015,23,14987.24,651.6191304347826,5161.47,0,21.0,12.097826108342298,0.0
CUST001016,19,8203.22,431.74842105263156,2509.39,0,14.0,11.605263464708166,0.0
CUST001017,20,14399.92,719.996,2193.98,0,14.0,11.375000001368914,0.0
CUST001018,21,13413.01,638.7147619047619,2717.89,0,14.0,11.66666666927502,0.0
CUST001019,24,29341.89,1222.57875,9365.17,15,35.5,25.072916747300713,0.625
CUST001020,23,17154.02,745.8269565217391,3835.39,0,14.0,11.717392179521642,0.0
CUST001021,15,10308.23,687.2153333333333,2949.61,0,12.25000292392072,11.433333868857849,0.0
CUST001022,17,9518.54,559.9141176470589,1493.99,0,14.0,11.735294121394869,0.0
CUST001023,25,17252.25,690.09,2606.62,0,14.0,11.69000003333945,0.0
CUST001024,17,25250.02,1485.295294117647,7999.32,0,17.500004731892854,12.14705914358559,0.0
CUST001025,16,12750.0,796.875,3117.58,0,14.000000000000115,11.484375000319144,0.0
CUST001026,20,20343.48,1017.174,8960.63,0,22.750000200998283,12.07500044165376,0.0
CUST001027,25,11246.37,449.8548,3324.09,0,14.0,11.480000000164834,0.0
CUST001028,11,10782.04,980.1854545454546,4847.39,0,14.000000000576058,11.454545461241098,0.0
CUST001029,23,11294.66,491.07217391304346,1955.45,0,14.0,11.945654565187013,0.0
CUST001030,28,16282.38,581.5135714285714,4281.45,0,14.0,11.750000168690539,0.0
CUST001031,17,7510.47,441.7923529411765,1347.34,0,14.0,11.838235355217918,0.0
CUST001032,11,5059.4,459.94545454545454,1257.2,0,14.000000000000012,11.931818182557834,0.0
CUST001033,30,20849.07,694.9689999999999,3328.88,0,14.0,11.666691516029006,0.0
CUST001034,24,34207.21,1425.3004166666667,7688.06,0,19.250034884637504,11.812501455964389,0.0
CUST001035,23,17682.11,768.7873913043478,2355.2,0,14.0,11.869566744369664,0.0
CUST001036,14,8682.64,620.1885714285714,3689.41,0,12.250000018268718,11.375000263610492,0.0
CUST001037,27,9955.85,368.7351851851852,1858.22,0,14.00000012307755,11.601851928393094,0.0
CUST001038,29,30181.96,1040.7572413793102,5590.41,0,17.5,11.767242318598585,0.0
CUST001039,26,16822.43,647.0165384615385,4385.58,0,12.250004451198018,11.240384837006989,0.0
CUST001040,28,14479.34,517.1192857142858,1940.07,0,14.0,11.562500153933243,0.0
CUST001041,24,23509.29,979.55375,5283.94,0,17.5,11.958335022069798,0.0
CUST001042,27,19417.26,719.1577777777777,3481.96,0,12.250000084005295,11.601851857339856,0.0
CUST001043,26,12424.0,477.84615384615387,1670.18,0,14.0,11.576923221526354,0.0
CUST001044,22,11814.72,537.0327272727272,2559.78,0,14.0,11.295454640507064,0.0
CUST001045,22,15327.47,696.7031818181817,2675.92,0,14.0,11.534090909106327,0.0
CUST001046,25,24897.030000000002,995.8812000000001,4329.39,0,14.000030748296124,11.480001579895216,0.0
CUST001047,30,26830.56,894.3520000000001,2686.83,0,14.00016885879248,11.666672298959211,0.0
CUST001048,26,20723.71,797.0657692307692,6369.54,0,19.25,11.846176014946534,0.0
CUST001049,33,35080.23,1063.037272727273,8143.1,0,24.5,12.674242673329228,0.0
CUST001050,20,58575.530000000006,2928.7765000000004,49642.54,1,28.0,12.250000000046764,0.05
CUST001051,19,12596.38,662.9673684210526,3568.22,0,14.0,11.881579120672795,0.0
CUST001052,17,8720.960000000001,512.9976470588235,1415.27,0,14.0,11.83823529421254,0.0
CUST001053,25,11408.78,456.3512,3022.44,0,14.0,11.970000128989263,0.0
CUST001054,14,7384.4800000000005,527.4628571428572,3573.86,0,14.0,11.875000072474235,0.0
CUST001055,25,24028.35,961.1339999999999,6345.07,0,19.25000169803916,11.900003964098552,0.0
CUST001056,30,32407.76,1080.2586666666666,8896.09,0,24.5,11.666666670009366,0.0
CUST001057,26,10831.24,416.5861538461538,1170.63,0,14.0,11.77884615425037,0.0
CUST001058,20,13692.37,684.6185,2645.36,0,14.0,11.28750001669428,0.0
CUST001059,30,14913.93,497.13100000000003,2509.31,0,14.000000015967432,11.666666675748719,0.0
CUST001060,24,10896.630000000001,454.02625000000006,2214.35,0,12.250000001354453,11.520833637094574,0.0
CUST001061,25,37481.28,1499.2512,10064.17,0,21.00063180486752,12.670025327928782,0.0
CUST001062,24,16863.41,702.6420833333333,2702.64,0,14.0,11.375000008840289,0.0
CUST001063,19,11172.16,588.0084210526315,4357.58,0,14.00000000008592,11.236842196262694,0.0
CUST001064,26,38328.53,1474.1742307692307,10591.46,0,21.000002318653923,12.855794450994333,0.0
CUST001065,29,12514.65,431.5396551724138,1959.3,0,14.00000048019954,11.586206921810874,0.0
CUST001066,22,14524.300000000001,660.1954545454546,6339.02,0,19.25000000862989,12.170454549022502,0.0
CUST001067,21,42969.2,2046.1523809523808,33665.72,1,28.0,12.500001397167258,0.047619047619047616
CUST001068,20,9601.23,480.06149999999997,1428.65,0,12.25,11.550000000280473,0.0
CUST001069,25,13115.05,524.602,1522.63,0,12.250003475422712,11.760000160806825,0.0
CUST001070,15,14943.25,996.2166666666667,10317.49,15,48.2500000000415,36.58333333361563,1.0
CUST001071,23,16508.75,717.7717391304348,3297.4,23,28.250000014886137,27.336956545827178,1.0
CUST001072,24,13856.92,577.3716666666667,5150.25,0,17.5,11.812521653968084,0.0
CUST001073,20,10257.66,512.883,2071.37,0,12.25,11.287500000014449,0.0
CUST001074,25,29525.04,1181.0016,13275.32,0,19.25,11.970000000581114,0.0
CUST001075,24,24306.94,1012.7891666666666,8208.49,0,22.75,11.666666673658165,0.0
CUST001076,31,46307.66,1493.795483870968,17713.41,0,19.250313442339696,12.08066490580758,0.0
CUST001077,21,11834.33,563.5395238095238,2807.39,0,12.250000008680315,11.416666667142453,0.0
CUST001078,22,15569.550000000001,707.7068181818182,4128.34,0,14.0,11.534094893190465,0.0
CUST001079,26,16445.6,632.5230769230768,4580.52,0,14.000000000003824,11.913461555451573,0.0
CUST001080,35,23713.74,677.5354285714286,3359.19,0,14.000000000044778,11.750000593620783,0.0
CUST001081,25,41837.509999999995,1673.5004,18435.48,0,24.5,12.460000049846682,0.0
CUST001082,19,6568.46,345.7084210526316,1108.79,0,7.0,4.605263158109847,0.0
CUST001083,32,24054.32,751.6975,4414.83,19,26.750001833717,24.453125077711537,0.59375
CUST001084,16,9668.27,604.266875,5604.63,0,19.25,12.250000000000108,0.0
CUST001085,24,26094.64,1087.2766666666666,6412.89,0,19.25,12.322916871284926,0.0
CUST001086,27,18062.45,668.9796296296297,5707.55,0,19.25,11.731481791255904,0.0
CUST001087,23,18636.49,810.2821739130435,4762.85,0,14.000000008913108,12.021739134357086,0.0
CUST001088,18,13921.22,773.401111111111,2826.77,0,14.0,11.861111111152244,0.0
CUST001089,19,12952.78,681.7252631578948,3447.51,11,26.75,24.355263164591268,0.5789473684210527
CUST001090,31,22095.3,712.7516129032258,3124.08,0,14.000000015250112,11.685485150505494,0.0
CUST001091,39,26796.15,687.0807692307693,7200.34,0,22.75,11.846154144065727,0.0
CUST001092,30,17237.0,574.5666666666667,5056.89,0,17.5,11.37500815718259,0.0
CUST001093,23,20222.12,879.2226086956522,6543.64,16,32.0,24.923913095162135,0.6956521739130435
CUST001094,25,16272.33,650.8932,4327.8,0,12.250000659324652,11.410000029025982,0.0
CUST001095,27,11534.1,427.1888888888889,2138.16,0,14.000000006919413,12.18518520646161,0.0
CUST001096,18,13030.039999999999,723.8911111111111,7350.03,0,21.0,11.958333364974429,0.0
CUST001097,14,10966.18,783.2985714285714,3543.48,0,14.0,11.625000008277482,0.0
CUST001098,22,23007.95,1045.8159090909091,8765.21,0,24.5,12.409099552072831,0.0
CUST001099,40,24611.07,615.27675,2771.27,0,14.000013032105691,11.768828510471108,0.0
CUST001100,22,14435.17,656.1440909090909,2579.66,0,14.0,11.77273235955597,0.0
CUST001101,23,27365.56,1189.8069565217393,11708.68,0,17.5,12.173913051044133,0.0
CUST001102,23,16246.050000000001,706.35,2645.75,0,14.0,11.565217391626645,0.0
CUST001103,25,14183.78,567.3512000000001,1917.53,0,14.000000000000131,11.410000000219513,0.0
CUST001104,26,24653.05,948.1942307692308,7883.38,0,17.5,11.849577045824258,0.0
CUST001105,19,8500.94,447.41789473684213,1862.91,13,26.750000019126663,24.63157896645105,0.6842105263157895
CUST001106,26,51830.0,1993.4615384615386,23714.9,0,24.500002762195788,12.45193243469802,0.0
CUST001107,15,24857.39,1657.1593333333333,9061.57,2,29.75,13.883333357359104,0.13333333333333333
CUST001108,32,20029.27,625.9146875,3112.59,0,12.25,11.265637344340162,0.0
CUST001109,18,8847.86,491.5477777777778,1862.61,0,14.0,12.055555571639914,0.0
CUST001110,23,19706.61,856.8091304347827,9355.33,1,31.5,12.021739320826487,0.043478260869565216
CUST001111,21,8995.42,428.35333333333335,2184.83,0,14.0,11.500000037795283,0.0
CUST001112,22,18052.61,820.5731818181819,8854.26,1,29.75,12.647727277671713,0.045454545454545456
CUST001113,20,14223.529999999999,711.1764999999999,2647.99,0,14.0,12.075000100975538,0.0
CUST001114,27,13590.04,503.3348148148148,3929.34,27,37.75,35.416666667829105,1.0
CUST001115,26,22089.39,849.5919230769231,7485.01,0,24.5,12.182692308746235,0.0
CUST001116,16,6027.99,376.749375,1519.66,0,12.250000004185427,11.375000001228054,0.0
CUST001117,28,25227.05,900.9660714285714,3091.72,0,14.0,11.375009825159898,0.0
CUST001118,26,26828.4,1031.8615384615384,5318.25,0,19.25,11.778846155217447,0.0
CUST001119,20,24097.74,1204.8870000000002,8737.77,0,22.75,12.250000002804967,0.0
CUST001120,25,33894.02,1355.7607999999998,7108.49,0,19.25,12.390002266469608,0.0
CUST001121,16,14142.59,883.911875,8077.99,1,28.00000763367733,13.01562548914111,0.0625
CUST001122,32,25386.25,793.3203125,3810.24,0,14.0,11.867187913190895,0.0
CUST001123,29,24459.53,843.4320689655171,7979.11,0,19.25,11.64655172476782,0.0
CUST001124,30,19874.24,662.4746666666667,3436.97,14,26.75001380761376,24.300001115542678,0.4666666666666667
CUST001125,19,15573.0,819.6315789473684,3888.8,0,14.0,11.789473686407133,0.0
CUST001126,19,15262.68,803.2989473684211,7306.23,0,17.5,11.973684442940359,0.0
CUST001127,21,8406.8,400.3238095238095,1153.79,0,14.0,11.583333585101135,0.0
CUST001128,23,16383.64,712.3321739130434,4750.21,0,14.000000123515695,11.5652191099188,0.0
CUST001129,29,27983.74,964.956551724138,9089.5,1,29.75,12.129316952242913,0.034482758620689655
CUST001130,16,15618.869999999999,976.1793749999999,3476.66,0,14.0,12.250000330920534,0.0
CUST001131,21,15198.93,723.7585714285715,4157.41,0,14.000000002138387,11.916666677220421,0.0
CUST001132,25,13523.22,540.9288,2949.37,0,14.0,11.550000015723715,0.0
CUST001133,33,15952.97,483.4233333333333,3501.4,0,12.250001146990384,11.507577968512877,0.0
CUST001134,20,17610.77,880.5385,5024.08,14,32.0,25.000000002273154,0.7
CUST001135,21,9759.7,464.7476190476191,2073.91,0,14.0,11.750000084476763,0.0
CUST001136,25,23931.48,957.2592,3418.53,0,14.0,11.550001604630006,0.0
CUST001137,35,16522.87,472.082,1750.72,0,14.000000000016888,11.600001799925955,0.0
CUST001138,22,12917.39,587.1540909090909,3065.64,0,14.000000000066713,11.852272934616307,0.0
CUST001139,14,23555.42,1682.53,12185.48,0,17.5,12.500000086950648,0.0
CUST001140,17,15604.22,917.895294117647,5950.36,0,17.500006148340653,12.044120502145981,0.0
CUST001141,28,12268.36,438.1557142857143,4131.07,0,14.00000022421666,11.562500012986039,0.0
CUST001142,23,18509.71,804.77,5401.29,0,17.50023431800932,11.717408037622414,0.0
CUST001143,26,55659.07,2140.7334615384616,42705.68,1,28.0,12.51927047088611,0.038461538461538464
CUST001144,35,19164.989999999998,547.5711428571428,2338.99,0,14.0,11.800000001651172,0.0
CUST001145,21,12748.380000000001,607.0657142857143,3413.21,0,14.000000000499805,11.750000012246872,0.0
CUST001146,37,30052.899999999998,812.2405405405405,5627.48,0,19.25,12.108116288984084,0.0
CUST001147,26,19366.83,744.878076923077,4053.97,0,14.00000000144269,12.115384621336132,0.0
CUST001148,21,23036.83,1096.9919047619048,12034.64,0,19.25,11.500000703466972,0.0
CUST001149,26,16220.37,623.8603846153846,5456.72,0,19.250000485248563,12.048078204289101,0.0
CUST001150,37,20918.76,565.3718918918919,2383.44,23,26.750000000002665,24.52703283011369,0.6216216216216216
CUST001151,23,22035.45,958.0630434782609,5009.16,0,19.25,11.717391340099638,0.0
CUST001152,21,32789.299999999996,1561.3952380952378,24426.68,0,22.75,12.166667074593803,0.0
CUST001153,28,19313.72,689.7757142857143,4044.76,0,14.000001430019712,11.937500051509733,0.0
CUST001154,15,7628.47,508.5646666666667,1206.06,0,12.250000087576511,11.200000005984712,0.0
CUST001155,17,9685.67,569.7452941176471,2768.09,0,14.000000000018908,11.426470588249156,0.0
CUST001156,27,19563.81,724.5855555555556,3514.51,0,14.000000013522312,11.537037039314782,0.0
CUST001157,23,10266.62,446.3747826086957,2606.63,0,14.000000000002183,11.793478261537894,0.0
CUST001158,18,9672.59,537.3661111111111,1487.48,0,14.0,12.055555555942496,0.0
CUST001159,21,14368.55,684.2166666666666,4042.02,9,25.000342707954285,24.000016319447205,0.42857142857142855
CUST001160,24,10107.08,421.12833333333333,1932.82,0,14.00000000008444,11.666666892049838,0.0
CUST001161,24,11495.17,478.96541666666667,2073.66,11,26.7500000003487,24.12500000504105,0.4583333333333333
CUST001162,25,16516.8,660.672,3611.43,0,14.000000615694235,11.97000048685247,0.0
CUST001163,25,13342.25,533.69,2910.34,0,14.0,11.760000040302828,0.0
CUST001164,28,18156.38,648.4421428571429,3333.74,28,30.000000000000355,27.625000000320064,1.0
CUST001165,18,22734.47,1263.0261111111113,4008.17,0,14.0,11.569444449666399,0.0
CUST001166,29,19976.34,688.8393103448276,3145.27,0,12.250000372368968,11.465517255740965,0.0
CUST001167,18,7124.0,395.77777777777777,1021.97,0,14.0,11.66666666972428,0.0
CUST001168,34,34175.89,1005.1732352941176,7036.19,0,17.5,11.992647076779479,0.0
CUST001169,32,20559.34,642.479375,5010.86,0,17.500000000765464,11.812500005871756,0.0
CUST001170,23,24476.35,1064.1891304347826,3884.32,0,14.0,12.173913066551824,0.0
CUST001171,13,21519.74,1655.3646153846155,12071.53,0,17.5,12.519234296326262,0.0
CUST001172,17,9919.79,583.5170588235295,3533.61,0,12.250000036213216,11.22058824313699,0.0
CUST001173,21,12069.65,574.745238095238,2483.18,0,14.0,11.833333672984235,0.0
CUST001174,16,15480.09,967.505625,7923.46,0,17.5,12.359375043106853,0.0
CUST001175,18,8594.08,477.44888888888886,1570.19,10,26.75,24.319444908071546,0.5555555555555556
CUST001176,30,18257.63,608.5876666666667,2487.44,30,30.00000000000076,27.550000032414705,1.0
CUST001177,36,23325.38,647.9272222222222,6756.53,0,24.5,12.201389170859528,0.0
CUST001178,26,14581.62,560.8315384615385,1791.16,0,12.250000020778693,11.442307697179086,0.0
CUST001179,26,18755.72,721.3738461538462,3776.98,0,14.0,11.644234071571425,0.0
CUST001180,21,11742.14,559.1495238095238,2203.79,0,14.0,12.000000000030642,0.0
CUST001181,25,20930.48,837.2192,7230.52,0,17.500000006750106,11.550001907944159,0.0
CUST001182,19,6368.72,335.1957894736842,2442.77,0,14.00000000066489,11.421060137387617,0.0
CUST001183,18,15976.25,887.5694444444445,3657.86,0,14.0,11.666666698384027,0.0
CUST001184,25,14665.699999999999,586.6279999999999,2707.04,0,14.0,11.830000077219836,0.0
CUST001185,21,17238.920000000002,820.9009523809525,4372.89,0,14.000000065533682,11.666666722416537,0.0
CUST001186,16,16153.1,1009.56875,7549.79,16,53.5,51.09375000653375,1.0
CUST001187,24,21803.69,908.4870833333333,5235.98,0,19.25,12.104166675979103,0.0
CUST001188,24,14905.96,621.0816666666666,4209.03,0,14.0,11.739583343671974,0.0
CUST001189,35,28063.46,801.8131428571428,7301.6,0,19.25,11.900020660045676,0.0
CUST001190,26,19085.34,734.0515384615385,3614.81,0,14.0,11.375000024296007,0.0
CUST001191,23,16289.68,708.2469565217391,5121.28,0,21.0,12.17391305161894,0.0
CUST001192,19,15018.35,790.4394736842105,4014.59,0,14.0,11.881641225273043,0.0
CUST001193,17,9031.1,531.2411764705882,1816.83,0,14.000000007165893,11.941176471044065,0.0
CUST001194,26,10291.88,395.84153846153845,1799.55,0,14.0,11.778847177783287,0.0
CUST001195,26,14911.01,573.5003846153846,2538.99,0,19.25,12.855769230813461,0.0
CUST001196,20,10367.42,518.371,1790.56,0,12.250000005458148,11.462500000553984,0.0
CUST001197,28,19138.11,683.5039285714286,4274.26,0,14.00000000011028,11.750001702821887,0.0
CUST001198,21,13923.220000000001,663.0104761904762,6624.96,0,17.50000000282833,11.833333333883218,0.0
CUST001199,33,17253.26,522.8260606060605,2300.58,16,26.75,24.15151699833808,0.48484848484848486
CUST001200,17,9882.32,581.3129411764705,2767.02,0,14.0,11.323529518974826,0.0
CUST001201,33,16391.63,496.71606060606064,2778.57,0,14.00000000000933,11.772727433311928,0.0
CUST001202,31,17502.32,564.5909677419355,2707.5,31,30.000000009049074,27.572580661798884,1.0
CUST001203,21,29307.73,1395.6061904761905,6064.19,0,19.25,12.333366010650149,0.0
CUST001204,23,8418.27,366.0117391304348,2240.19,0,14.00000004249,12.173913063329652,0.0
CUST001205,37,28939.36,782.1448648648649,4989.13,0,14.000000107873715,11.682432561760466,0.0
CUST001206,27,38595.72,1429.4711111111112,20061.14,0,19.25,12.055556035862125,0.0
CUST001207,29,13461.93,464.2044827586207,2677.11,0,12.250000015786997,11.706896714120187,0.0
CUST001208,21,11711.35,557.6833333333334,1587.44,0,12.250001331870722,11.583333397186031,0.0
CUST001209,15,15601.949999999999,1040.1299999999999,8628.51,0,15.749999999999998,5.483333334075566,0.0
CUST001210,24,21721.2,905.0500000000001,9052.25,0,22.75,12.250000066073504,0.0
CUST001211,32,25748.57,804.6428125,4232.09,0,14.0,11.976562502086873,0.0
CUST001212,20,15049.72,752.486,3324.1,0,14.000000000070324,11.900000011790963,0.0
CUST001213,28,16767.0,598.8214285714286,2339.19,0,14.000000000054037,12.062501746877613,0.0
CUST001214,23,18669.96,811.7373913043477,6975.14,0,19.25,11.869565442838583,0.0
CUST001215,21,12708.060000000001,605.1457142857143,2250.36,12,26.75,24.33333333351057,0.5714285714285714
CUST001216,27,16978.58,628.8362962962964,2586.32,0,14.0,11.277778271930234,0.0
CUST001217,21,16515.0,786.4285714285714,4568.61,0,14.0,11.916671058906669,0.0
CUST001218,21,34425.24,1639.2971428571427,14273.76,0,19.25,12.000015336369577,0.0
CUST001219,35,16497.31,471.3517142857143,2073.95,0,14.0000000002757,11.80000001600738,0.0
CUST001220,29,14139.460000000001,487.5675862068966,5605.0,0,17.5,11.88793103527288,0.0
CUST001221,20,23166.59,1158.3295,11157.35,0,19.25000000119332,12.425000004053521,0.0
CUST001222,23,20802.58,904.46,4414.58,0,14.0,11.489131391449382,0.0
CUST001223,24,14963.539999999999,623.4808333333333,3224.24,0,15.749999999999998,12.104166672423885,0.0
CUST001224,19,18185.79,957.1468421052632,3903.7,0,14.0,11.881578949084908,0.0
CUST001225,24,44696.07,1862.33625,11413.98,0,24.5,13.343763686481815,0.0
CUST001226,28,19256.87,687.7453571428571,3030.01,0,14.0,11.625000325261954,0.0
CUST001227,36,20339.46,564.985,1905.05,0,14.0,11.715277790976307,0.0
CUST001228,20,10059.24,502.962,2559.58,0,14.0,11.637500000035509,0.0
CUST001229,27,19848.66,735.1355555555556,3469.77,0,14.0,11.66667347119051,0.0
CUST001230,21,14538.43,692.3061904761905,2957.27,12,25.000000000569543,24.250000690274533,0.5714285714285714
CUST001231,32,28049.55,876.5484375,6997.68,0,17.5,11.593752037630892,0.0
CUST001232,23,22695.48,986.76,5828.99,0,17.500000027506115,12.40217416868329,0.0
CUST001233,18,14956.23,830.9016666666666,3273.27,0,14.000045106745423,11.56944696239531,0.0
CUST001234,25,22209.52,888.3808,3653.04,0,14.0,11.83000004053348,0.0
CUST001235,29,26919.079999999998,928.2441379310344,6720.64,0,19.25,12.192427626822523,0.0
CUST001236,21,11365.87,541.2319047619048,1292.46,0,14.0,11.833547750545117,0.0
CUST001237,22,13600.2,618.1909090909091,2528.85,0,14.0,11.454545529703184,0.0
CUST001238,27,16454.23,609.4159259259259,4284.89,0,14.0,12.185186216461288,0.0
CUST001239,29,19442.99,670.4479310344828,3575.95,0,14.000000001968662,11.64655179938674,0.0
CUST001240,24,11856.85,494.03541666666666,1665.61,0,14.0,11.739583973541775,0.0
CUST001241,26,15974.53,614.405,4038.57,0,14.0,11.644233517799922,0.0
CUST001242,21,14878.07,708.4795238095238,2935.19,0,12.25014331470861,11.166690945810766,0.0
CUST001243,33,27301.85,827.3287878787878,3483.91,0,14.0,11.666666985256995,0.0
CUST001244,26,10849.27,417.2796153846154,1361.15,0,14.00000000048935,11.644231027307884,0.0
CUST001245,17,9106.119999999999,535.6541176470588,2896.58,17,30.0,27.83823529412329,1.0
CUST001246,40,35336.52,883.4129999999999,3787.56,0,14.0,11.462521923607092,0.0
CUST001247,27,24878.98,921.4437037037037,5774.83,0,17.5,11.601858948431486,0.0
CUST001248,24,15113.05,629.7104166666667,1830.47,0,14.00000000021036,11.812500359580492,0.0
CUST001249,19,17664.37,929.7036842105263,9226.06,0,24.5,12.434211312187278,0.0
CUST001250,25,18531.23,741.2492,2402.66,0,14.0,11.62000002217456,0.0
CUST001251,26,36815.75,1415.9903846153845,12488.85,0,24.50000001213667,12.721153862722206,0.0
CUST001252,27,14092.98,521.9622222222222,1856.58,0,14.000000052307705,11.472222336041826,0.0
CUST001253,27,17871.73,661.9159259259259,4127.43,0,14.000000517291753,11.731483003055091,0.0
CUST001254,16,11442.300000000001,715.1437500000001,3184.9,0,14.0,11.484377020199805,0.0
CUST001255,29,18765.94,647.1013793103448,5069.4,0,17.5,11.827602298439023,0.0
CUST001256,26,24023.02,923.9623076923077,3462.75,0,14.0,11.509628579406808,0.0
CUST001257,26,20221.059999999998,777.7330769230769,4134.88,0,14.000000010890718,11.644230810233923,0.0
CUST001258,27,7778.6,288.0962962962963,1050.64,0,14.0,11.60185195038106,0.0
CUST001259,20,8314.65,415.73249999999996,1973.42,0,14.000000000000025,11.637500055849921,0.0
CUST001260,29,20233.050000000003,697.6913793103449,9169.69,1,28.0,12.551724480429254,0.034482758620689655
CUST001261,24,10585.64,441.0683333333333,1534.06,0,14.000000000035763,11.95833370660219,0.0
CUST001262,26,23103.29,888.588076923077,11588.17,0,17.5,11.980769304029833,0.0
CUST001263,21,14969.1,712.8142857142857,2382.55,0,14.0,11.500000002220204,0.0
CUST001264,21,9631.109999999999,458.62428571428563,3002.89,0,14.0,11.833333414523663,0.0
CUST001265,22,16570.72,753.2145454545455,3745.53,0,14.000000008092575,11.693182154466003,0.0
CUST001266,23,20270.43,881.3230434782608,5276.86,0,17.5,11.86956529963992,0.0
CUST001267,25,13370.32,534.8128,2552.04,0,14.000000250246618,11.76000002670413,0.0
CUST001268,28,18658.08,666.36,5072.99,0,17.5,11.625005855145517,0.0
CUST001269,25,20615.18,824.6072,8794.39,0,22.75,12.110000010481828,0.0
CUST001270,27,13031.94,482.6644444444445,1442.89,0,14.0,11.796296448199623,0.0
CUST001271,34,14113.77,415.1108823529412,1838.89,22,26.75,24.63970643032344,0.6470588235294118
CUST001272,25,16272.4,650.896,2369.3,0,14.000000001005557,11.830000119944138,0.0
CUST001273,12,4997.49,416.4575,1276.0,0,14.000000000575293,11.958333333408321,0.0
CUST001274,24,12368.47,515.3529166666666,1808.01,0,14.000000004814858,11.593750000908857,0.0
CUST001275,27,10939.34,405.1607407407407,1381.81,0,14.0,11.601856032833098,0.0
CUST001276,25,8618.19,344.7276,1230.71,0,14.0,11.69000152597423,0.0
CUST001277,21,13988.39,666.1138095238096,2576.08,0,12.250000000002336,11.250000000099595,0.0
CUST001278,19,15720.51,827.3952631578948,2559.82,0,14.0,11.789473684464767,0.0
CUST001279,28,26642.49,951.5175,9024.04,0,22.75,12.000000088142798,0.0
CUST001280,23,13282.14,577.484347826087,2777.2,0,12.250007662380126,11.413043952024655,0.0
CUST001281,22,16454.36,747.9254545454546,2592.55,0,14.000000000004306,11.693181819196973,0.0
CUST001282,21,8410.76,400.51238095238097,1148.59,0,14.0,11.583333337223854,0.0
CUST001283,25,23826.92,953.0767999999999,8564.33,0,24.5,12.600000021036935,0.0
CUST001284,31,22513.45,726.2403225806452,4439.41,0,14.0,11.85484544672552,0.0
CUST001285,21,7130.0,339.5238095238095,1095.53,0,14.00000000032222,11.750000051135093,0.0
CUST001286,23,11771.54,511.80608695652177,2330.76,0,14.0,11.717391758775458,0.0
CUST001287,26,12043.37,463.2065384615385,2253.14,26,30.0,27.307692976655094,1.0
CUST001288,33,14837.22,449.6127272727272,1588.52,0,14.000000000532324,11.507577950432253,0.0
CUST001289,26,13841.23,532.355,3986.62,0,14.0,11.778846229629826,0.0
CUST001290,23,17721.64,770.5060869565217,4249.2,0,14.0,11.641304476932055,0.0
CUST001291,19,9787.69,515.1415789473684,2525.03,0,12.250000003100247,11.328947369784396,0.0
CUST001292,28,20254.94,723.3907142857142,3923.51,0,14.000000027748811,11.375008858322927,0.0
CUST001293,23,8366.27,363.7508695652174,1902.83,0,12.25000685081588,11.413043778920887,0.0
CUST001294,20,20679.969999999998,1033.9985,5654.9,0,19.250000034004884,11.987500001771513,0.0
CUST001295,26,10052.75,386.6442307692308,2460.86,0,14.000000000050662,12.1153846475515,0.0
CUST001296,30,29709.34,990.3113333333333,5736.89,30,35.25000000182217,27.725008826338367,1.0
CUST001297,28,13158.1,469.9321428571429,2145.59,0,14.00000000355334,11.87500000018159,0.0
CUST001298,17,7449.75,438.22058823529414,1723.47,0,14.0,11.838235294165335,0.0
CUST001299,21,15152.14,721.5304761904762,5201.82,0,19.250000000031893,12.333333486667089,0.0
CUST001300,24,17794.94,741.4558333333333,5973.91,0,24.500000005580823,12.541666935236146,0.0
CUST001301,28,21819.44,779.2657142857142,5323.86,0,19.25000060162957,11.750000022477272,0.0
CUST001302,24,17539.09,730.7954166666667,2995.85,0,14.0,11.73958392369522,0.0
CUST001303,27,19185.079999999998,710.5585185185184,3857.92,16,26.750007988167145,24.416666966310824,0.5925925925925926
CUST001304,20,7570.11,378.5055,1026.27,0,14.000000000007851,11.98750033230335,0.0
CUST001305,29,32006.370000000003,1103.6679310344828,9258.85,1,31.50000420855308,12.793103791375126,0.034482758620689655
CUST001306,23,20193.53,877.9795652173913,4108.43,0,14.00000000189812,11.413043703326595,0.0
CUST001307,23,20050.33,871.7534782608697,4753.05,14,26.750000000000064,24.619565217391308,0.6086956521739131
CUST001308,19,10854.41,571.2847368421053,1915.89,0,14.0,12.065789940625915,0.0
CUST001309,20,9683.28,484.16400000000004,2049.53,0,14.0,11.550000402165358,0.0
CUST001310,23,13795.22,599.7921739130435,3015.93,0,12.250000064455223,11.184782611803032,0.0
CUST001311,26,26972.18,1037.3915384615384,9050.6,1,29.75,12.721153849563612,0.038461538461538464
CUST001312,18,8929.04,496.0577777777778,1437.32,0,14.0,11.375001538002051,0.0
CUST001313,26,17611.54,677.3669230769231,2797.07,0,14.0,11.846153862305332,0.0
CUST001314,25,21695.04,867.8016,7737.55,0,17.5,12.040026969922977,0.0
CUST001315,27,22512.0,833.7777777777778,5711.26,0,17.5,11.666666782729301,0.0
CUST001316,18,15415.269999999999,856.4038888888888,5072.28,0,17.500000011684904,12.055555556456097,0.0
CUST001317,23,10358.14,450.35391304347826,1830.99,0,14.000000000830363,12.021739395467836,0.0
CUST001318,21,20002.8,952.5142857142857,7278.83,0,24.5,12.416667248969569,0.0
CUST001319,26,30628.140000000003,1178.0053846153846,6112.27,0,19.25,12.317780004585655,0.0
CUST001320,22,13632.18,619.6445454545454,2181.95,12,26.75,24.363636366713596,0.5454545454545454
CUST001321,25,16307.47,652.2988,3420.96,0,12.250018185246867,11.620000727538473,0.0
CUST001322,30,21108.71,703.6236666666666,4716.28,0,14.000000603049775,11.491666988742514,0.0
CUST001323,26,14233.53,547.4434615384615,2139.52,0,14.000000000037856,11.778846339200223,0.0
CUST001324,14,7762.53,554.4664285714285,1447.21,0,14.0,11.50000000011205,0.0
CUST001325,22,9983.49,453.795,2118.88,0,14.0,12.011363718486031,0.0
CUST001326,19,13999.84,736.8336842105264,1731.27,0,14.00000000415937,11.605269170476426,0.0
CUST001327,24,21596.04,899.835,9479.66,1,29.75,12.395836483881089,0.041666666666666664
CUST001328,20,18225.49,911.2745000000001,7219.64,0,17.5,12.162500135338075,0.0
CUST001329,31,24199.1,780.6161290322581,11746.92,0,19.25,12.024193548660227,0.0
CUST001330,29,12331.77,425.2334482758621,1805.54,0,14.00000000034616,11.948275875267504,0.0
CUST001331,19,13782.76,725.4084210526316,3194.82,0,14.000000002949374,11.697369958859426,0.0
CUST001332,25,12658.91,506.3564,2218.3,0,14.0,11.690002162952183,0.0
CUST001333,25,15898.91,635.9564,2757.52,0,12.25000023930354,11.480000010591601,0.0
CUST001334,25,26825.58,1073.0232,9170.1,0,24.5,12.740000020669894,0.0
CUST001335,31,19441.66,627.1503225806451,6700.84,0,21.000000000552824,12.024193819035684,0.0
CUST001336,21,23863.09,1136.337619047619,8245.22,1,26.25,12.916666669990517,0.047619047619047616
CUST001337,21,9213.59,438.742380952381,1230.27,0,12.25032273838134,11.333348716280087,0.0
CUST001338,19,21050.86,1107.94,7402.95,0,17.500000004076075,11.69737186072209,0.0
CUST001339,20,8014.08,400.704,1714.54,0,12.250000072277585,11.462500006596951,0.0
CUST001340,23,31948.36,1389.0591304347827,10075.19,23,35.25,28.630434782622693,1.0
CUST001341,25,14137.57,565.5028,4592.45,0,12.250000003435996,11.550000005960717,0.0
CUST001342,27,12400.82,459.28962962962964,2267.82,0,14.0,11.861111487696736,0.0
CUST001343,29,34296.08,1182.623448275862,8545.06,29,51.00000844793422,45.26724167462757,1.0
CUST001344,16,17103.22,1068.95125,6671.66,0,17.5,12.468750000011797,0.0
CUST001345,26,18070.0,695.0,2703.06,0,14.0,11.980770566672627,0.0
CUST001346,29,17434.62,601.1937931034482,3076.74,0,14.0,11.586207509918086,0.0
CUST001347,26,16199.53,623.0588461538462,3705.83,0,14.000000000188557,11.375002977334995,0.0
CUST001348,26,23154.66,890.5638461538462,8010.03,0,24.50000063112344,12.250000068681784,0.0
CUST001349,31,35549.5,1146.758064516129,7234.81,0,17.511363637898697,12.137806606385919,0.0
CUST001350,24,19177.43,799.0595833333333,6217.82,0,19.25,11.593750001395527,0.0
CUST001351,15,8569.2,571.2800000000001,1679.41,0,14.0,11.550000106303182,0.0
CUST001352,26,32766.73,1260.2588461538462,14802.43,0,17.50067714224213,11.846180702087203,0.0
CUST001353,23,23812.27,1035.3160869565218,6945.54,0,17.5,12.250000906823859,0.0
CUST001354,18,15845.68,880.3155555555555,6394.5,0,17.5,11.375001334680869,0.0
CUST001355,31,19178.58,618.663870967742,9102.82,0,24.50000057425377,11.798387738572947,0.0
CUST001356,19,12093.64,636.5073684210525,4673.41,0,14.0,11.328947369110992,0.0
CUST001357,20,28804.02,1440.201,14254.51,0,19.25,11.900006801044306,0.0
CUST001358,34,19323.16,568.3282352941177,3022.31,0,14.0,11.632354826290909,0.0
CUST001359,23,21703.36,943.6243478260869,11024.05,0,24.5,12.40230087888956,0.0
CUST001360,29,23831.17,821.7644827586206,4977.64,0,14.0,11.465596336376803,0.0
CUST001361,24,34642.28,1443.4283333333333,16893.24,0,17.5,12.177083333340747,0.0
CUST001362,22,16557.73,752.6240909090909,3372.79,0,14.000001590300805,11.534130204728427,0.0
CUST001363,31,25538.88,823.8348387096775,3644.8,0,14.00000000241384,11.459677429979335,0.0
CUST001364,22,24493.010000000002,1113.3186363636364,11243.75,0,17.500000003699704,12.170454545625892,0.0
CUST001365,16,14617.82,913.61375,2956.33,0,12.250000020326294,11.484375002425097,0.0
CUST001366,31,21748.29,701.5577419354839,8051.37,0,24.5,12.475806619449045,0.0
CUST001367,17,6888.41,405.2005882352941,1938.64,0,14.0,12.352941176471766,0.0
CUST001368,26,20772.21,798.9311538461538,3829.3,0,14.0,12.048076962085421,0.0
CUST001369,26,18323.82,704.7623076923077,2599.01,0,14.000000588527504,11.846154908127087,0.0
CUST001370,27,28126.62,1041.7266666666667,6695.45,0,17.5,11.925925949898565,0.0
CUST001371,26,18584.08,714.7723076923078,3698.31,0,14.000000000006429,12.115384648760596,0.0
CUST001372,31,18816.11,606.9712903225807,2250.15,0,14.000000000001242,11.685483999638533,0.0
CUST001373,26,19814.75,762.1057692307693,5261.9,0,17.500044076155483,11.71154502046443,0.0
CUST001374,25,20102.82,804.1128,3656.99,0,12.250003392111616,11.200000273461624,0.0
CUST001375,27,20580.440000000002,762.2385185185186,6083.55,27,33.5,27.990740793351808,1.0
CUST001376,35,19921.84,569.1954285714286,4424.29,0,14.000000394800155,11.700000012817837,0.0
CUST001377,20,13580.79,679.0395000000001,2881.12,0,14.0,11.725001957879153,0.0
CUST001378,26,17641.22,678.5084615384616,2998.2,0,14.000001685811894,11.375000443949485,0.0
CUST001379,24,29558.94,1231.6225,10390.0,0,19.25,11.958333366420673,0.0
CUST001380,30,41854.04,1395.1346666666666,16070.77,0,22.75,12.483333372999956,0.0
CUST001381,27,21336.64,790.2459259259259,6775.96,0,19.25000000504899,11.990743719401657,0.0
CUST001382,20,15492.89,774.6445,3178.18,0,14.0,12.07500014039913,0.0
CUST001383,24,17667.67,736.1529166666666,4088.24,0,17.5,12.031250112320764,0.0
CUST001384,27,11877.710000000001,439.91518518518524,2399.14,0,14.000000000006208,11.666666788597631,0.0
CUST001385,32,17647.55,551.4859375,2506.82,0,14.0,11.812502806004657,0.0
CUST001386,23,13994.04,608.4365217391305,3150.21,0,12.250000167785206,11.565217400827397,0.0
CUST001387,19,19100.57,1005.2931578947369,9692.18,1,28.0,12.526315789500382,0.05263157894736842
CUST001388,35,61824.71,1766.4202857142857,15115.12,1,29.75,12.95000024283203,0.02857142857142857
CUST001389,24,15806.57,658.6070833333333,4643.21,0,14.000000001428166,11.447916857756764,0.0
CUST001390,23,18880.04,820.8713043478261,5372.15,0,17.5,11.717391523179856,0.0
CUST001391,20,13307.35,665.3675000000001,2421.79,0,14.00000000000118,11.025000004157777,0.0
CUST001392,27,16351.68,605.6177777777777,2718.76,0,14.0,11.731481699871487,0.0
CUST001393,25,33307.47,1332.2988,7695.92,14,32.00000000023744,24.510001143391378,0.56
CUST001394,26,15241.9,586.2269230769231,2428.39,15,26.75,24.461538678274856,0.5769230769230769
CUST001395,32,22031.66,688.489375,6617.65,0,17.5,12.140627649509227,0.0
CUST001396,22,21461.11,975.505,8044.55,0,24.5,11.772727272800596,0.0
CUST001397,21,18047.39,859.3995238095238,4428.71,0,14.0,11.833335012817308,0.0
CUST001398,27,22441.84,831.1792592592593,4396.53,0,17.5,12.703703711888453,0.0
CUST001399,32,21558.43,673.7009375,3960.33,0,14.000000000571324,11.86718750788381,0.0
CUST001400,24,12535.53,522.31375,1919.66,0,14.0,11.44792511834057,0.0
CUST001401,21,21143.53,1006.8347619047619,4769.97,0,14.0,11.91666677506521,0.0
CUST001402,29,24698.7,851.6793103448276,5404.12,0,19.25,12.25000000035263,0.0
CUST001403,24,31565.85,1315.2437499999999,8186.67,0,24.5,12.395834239135375,0.0
CUST001404,22,17388.100000000002,790.3681818181819,6316.39,0,19.25003138247644,11.931819782042139,0.0
CUST001405,22,14512.16,659.6436363636363,3559.25,0,12.25000157567254,11.534091000272038,0.0
CUST001406,23,14559.83,633.0360869565218,2264.52,0,14.0,11.869592169527612,0.0
CUST001407,19,10300.509999999998,542.1321052631578,4783.75,0,14.000000007400418,11.973684213395018,0.0
CUST001408,22,14839.69,674.5313636363636,4179.45,0,14.000000000642675,11.772727425947817,0.0
CUST001409,26,15911.65,611.9865384615384,4118.26,0,14.0,11.71153854373634,0.0
CUST001410,30,34190.47,1139.6823333333334,8647.79,0,24.500000061747983,12.250000299030479,0.0
CUST001411,28,15231.85,543.9946428571428,2233.18,0,14.000000005253051,11.687507961848357,0.0
CUST001412,21,50659.44,2412.3542857142857,24075.2,0,24.5,12.833333379569565,0.0
CUST001413,27,23285.08,862.4103703703704,5895.86,14,30.25,24.416702775482776,0.5185185185185185
CUST001414,17,7062.1900000000005,415.4229411764706,2308.38,12,25.000000002452115,24.48529412193036,0.7058823529411765
CUST001415,27,17486.829999999998,647.6603703703703,4299.95,0,14.00000051372022,11.796296319137737,0.0
CUST001416,21,15113.55,719.6928571428571,1886.52,0,14.00002021536742,11.500000962753141,0.0
CUST001417,22,19342.59,879.2086363636364,4867.64,0,15.749999999999998,11.852274164450044,0.0
CUST001418,26,15580.27,599.2411538461539,4219.3,0,14.000000000128184,11.913461750997762,0.0
CUST001419,20,27106.86,1355.343,8807.89,0,24.5,12.075000957810808,0.0
CUST001420,26,27769.11,1068.0426923076923,3922.05,0,14.0,11.173098066275232,0.0
CUST001421,14,13920.69,994.335,3109.7,7,25.000006096725745,24.125000436209405,0.5
CUST001422,17,12905.0,759.1176470588235,5050.64,0,21.00000000000493,12.558823529917458,0.0
CUST001423,29,12526.14,431.9358620689655,1728.69,0,14.0,11.88796322689384,0.0
CUST001424,28,31900.7,1139.3107142857143,8151.16,0,22.75,12.437500254271907,0.0
CUST001425,24,22984.829999999998,957.70125,6677.17,0,19.25,12.10423828514743,0.0
CUST001426,35,36582.98,1045.228,6445.79,0,19.25,11.800002315087008,0.0
CUST001427,22,14977.58,680.7990909090909,4002.83,10,25.00000002172435,24.045454651957144,0.45454545454545453
CUST001428,35,26161.89,747.4825714285714,6076.32,0,21.0,12.00000000373172,0.0
CUST001429,23,13769.38,598.6686956521738,2583.33,0,14.0,12.021739130603653,0.0
CUST001430,16,10550.76,659.4225,3023.1,0,12.2500000005296,11.70312500005734,0.0
CUST001431,20,22094.36,1104.718,14775.83,0,22.75,11.987500008286665,0.0
CUST001432,15,6687.29,445.8193333333333,2113.09,0,14.0,11.900000136678212,0.0
CUST001433,29,16750.0,577.5862068965517,4219.88,29,30.000000000324533,27.646551724358815,1.0
CUST001434,30,20529.370000000003,684.3123333333334,5150.77,0,19.25,11.900001094243462,0.0
CUST001435,16,8828.25,551.765625,2387.84,0,12.250000017575893,11.1562500019835,0.0
CUST001436,14,5680.75,405.76785714285717,1404.48,9,25.00000000004728,24.375000000588127,0.6428571428571429
CUST001437,20,10827.61,541.3805,2565.22,0,14.0,11.637500000761355,0.0
CUST001438,25,10439.29,417.57160000000005,1717.79,0,14.0,11.550000944109472,0.0
CUST001439,17,7668.68,451.0988235294118,1841.61,0,14.000000000002986,12.044117647396938,0.0
CUST001440,20,10752.47,537.6234999999999,2427.45,20,45.750000004829,44.875000033030034,1.0
CUST001441,20,16392.3,819.615,2536.61,0,14.0,11.637500035993146,0.0
CUST001442,30,18643.93,621.4643333333333,2362.31,0,14.000000000035586,11.608333334189092,0.0
CUST001443,20,14803.66,740.183,3076.39,0,14.0,11.550003076521154,0.0
CUST001444,20,18887.59,944.3795,3890.99,0,14.000000000934156,11.637500012157926,0.0
CUST001445,19,14473.85,761.7815789473684,3898.42,19,30.0,27.513157894741695,1.0
CUST001446,26,22438.11,863.0042307692308,8067.14,0,24.5,12.384615407705,0.0
CUST001447,22,20181.87,917.3577272727272,7262.65,0,19.25,11.772727419336489,0.0
CUST001448,28,21095.34,753.405,2843.9,0,14.000000085080105,11.687503527602953,0.0
CUST001449,28,16431.33,586.8332142857143,5447.18,0,19.25000523745648,12.000000213342519,0.0
CUST001450,22,12112.24,550.5563636363636,3777.35,0,14.000000000353037,12.170454546025864,0.0
CUST001451,32,27154.39,848.5746875,10596.67,0,17.5,11.539062534434985,0.0
CUST001452,26,13112.26,504.3176923076923,2385.31,0,14.000000000272191,11.307692346966974,0.0
CUST001453,17,8456.67,497.4511764705882,1666.16,0,14.0,11.63235294133525,0.0
CUST001454,18,21062.269999999997,1170.126111111111,8709.23,1,28.0,12.347222222335404,0.05555555555555555
CUST001455,34,15663.73,460.6979411764706,3208.61,0,14.000000098999925,11.477946154261051,0.0
CUST001456,30,11900.76,396.692,2630.99,0,12.25000701643322,11.550000263047849,0.0
CUST001457,32,17130.09,535.3153125,2281.65,0,14.00000000012219,11.703126066992363,0.0
CUST001458,21,17622.93,839.1871428571428,6676.71,0,21.0,12.250000033697209,0.0
CUST001459,17,6905.87,406.22764705882355,1426.22,0,14.0,11.941176480878953,0.0
CUST001460,27,15424.69,571.2848148148148,2125.36,0,14.000010581700954,11.731614516501642,0.0
CUST001461,32,16730.78,522.836875,1859.05,0,14.000002057337296,12.085937650210363,0.0
CUST001462,23,12146.52,528.1095652173914,1716.37,0,14.0,11.793478342410186,0.0
CUST001463,20,11478.98,573.949,3098.73,0,14.0,11.37500000515174,0.0
CUST001464,17,21240.06,1249.4152941176471,4830.02,0,12.25000000029824,11.83823529413519,0.0
CUST001465,22,17031.24,774.1472727272728,4169.59,0,14.0,11.375000016538305,0.0
CUST001466,20,13766.53,688.3265,5802.22,0,19.25,12.425000000096034,0.0
CUST001467,23,12718.93,552.9969565217391,2444.05,0,14.0,11.793478269186615,0.0
CUST001468,18,15571.62,865.09,3676.66,0,12.25000028107034,11.277777793392868,0.0
CUST001469,30,24669.19,822.3063333333333,2711.64,0,14.00000102710025,11.608333502120304,0.0
CUST001470,23,17926.39,779.4082608695652,4661.4,0,12.250000002025969,11.565217391907375,0.0
CUST001471,20,7741.62,387.081,1354.34,0,12.250000000097764,11.200000048550516,0.0
CUST001472,18,7174.62,398.59,1594.54,0,14.0,11.861111112578875,0.0
CUST001473,30,13211.2,440.37333333333333,1429.12,0,14.0,11.7250003434375,0.0
CUST001474,20,20489.64,1024.482,6710.51,0,19.25,12.250000501064486,0.0
CUST001475,24,10082.02,420.0841666666667,1851.33,0,14.0,11.520833335725898,0.0
CUST001476,25,17633.11,705.3244,3722.79,0,14.000000005008944,11.69000005625443,0.0
CUST001477,24,14524.99,605.2079166666666,2773.46,0,14.0,11.812500019787464,0.0
CUST001478,24,17240.09,718.3370833333333,4278.09,0,14.000000000237575,11.739593108157955,0.0
CUST001479,21,28500.93,1357.1871428571428,19362.27,1,26.25,12.416666670429239,0.047619047619047616
CUST001480,19,10202.7,536.9842105263158,2772.7,0,14.000000000009372,11.88158079320425,0.0
CUST001481,22,11107.26,504.87545454545455,3012.83,0,14.000000730492507,12.011363671519018,0.0
CUST001482,18,8910.22,495.0122222222222,2744.41,0,5.25032844239255,4.180652357797855,0.0
CUST001483,17,20941.48,1231.8517647058823,6154.82,0,19.25,12.250000456137766,0.0
CUST001484,24,19524.08,813.5033333333334,3980.51,0,14.00000000000004,11.593849242521129,0.0
CUST001485,30,18572.87,619.0956666666666,2300.57,0,14.00019403587631,11.608342051595494,0.0
CUST001486,20,18902.47,945.1235,4957.6,0,14.0,11.812500000393943,0.0
CUST001487,30,35510.88,1183.696,17215.39,0,21.0,11.783335251409211,0.0
CUST001488,28,13044.14,465.8621428571428,1802.24,0,14.0,11.437500180839375,0.0
CUST001489,29,18751.8,646.6137931034483,2903.56,0,14.0,11.767241392437112,0.0
CUST001490,26,15357.31,590.6657692307692,3192.48,0,14.0,11.778847395481394,0.0
CUST001491,28,16928.05,604.5732142857142,2730.09,0,14.000000000054346,11.62500108284935,0.0
CUST001492,21,12973.289999999999,617.7757142857142,2568.2,0,14.0,11.833335217553191,0.0
CUST001493,22,48231.689999999995,2192.349545454545,23524.03,0,22.750000086906923,12.090909364610532,0.0
CUST001494,21,11659.779999999999,555.227619047619,1441.9,0,14.0,11.41666725383707,0.0
CUST001495,17,14015.18,824.4223529411765,2925.59,17,47.49999999999999,45.544117647066564,1.0
CUST001496,28,20218.23,722.0796428571429,4130.15,0,14.0,11.375000220195446,0.0
CUST001497,15,6639.76,442.65066666666667,1835.84,0,14.0,11.900000000078087,0.0
CUST001498,20,23384.28,1169.214,5516.76,0,17.5,11.81250010215183,0.0
CUST001499,22,12625.91,573.905,1731.05,0,14.00000015293858,11.6931818255882,0.0
CUST001500,19,39902.979999999996,2100.156842105263,34267.08,1,28.0,12.526316655129737,0.05263157894736842
CUST001501,19,9970.49,524.7626315789473,3021.09,0,14.0,11.881579005724268,0.0
CUST001502,18,21264.87,1181.3816666666667,10302.31,0,19.25,11.76388896226452,0.0
CUST001503,25,20318.62,812.7447999999999,3543.27,0,14.000000199488092,11.69000081120789,0.0
CUST001504,16,13038.97,814.935625,2329.86,0,14.0,11.48437502860023,0.0
CUST001505,20,13745.38,687.269,4033.87,0,14.0,11.900000009801454,0.0
CUST001506,20,7874.41,393.7205,1392.06,0,14.0,11.987500008992226,0.0
CUST001507,24,22133.46,922.2275,3244.79,15,26.75,24.489583335967385,0.625
CUST001508,23,13019.32,566.0573913043478,4352.18,0,14.0,11.717399116173853,0.0
CUST001509,29,13059.48,450.32689655172413,2137.35,0,14.000000100491372,11.7672413836809,0.0
CUST001510,32,20108.88,628.4025,2610.35,0,14.0,11.812501259441124,0.0
CUST001511,22,23252.49,1056.9313636363638,5564.99,0,19.25,12.011367358760507,0.0
CUST001512,22,9906.2,450.2818181818182,3790.46,0,14.000000000005286,11.852272853355316,0.0
CUST001513,20,13744.23,687.2115,4468.36,0,17.5,11.812500007141654,0.0
CUST001514,24,16340.44,680.8516666666667,5072.7,0,21.0,11.885417037370102,0.0
CUST001515,23,13791.68,599.6382608695652,5700.99,0,19.25,12.097826094556739,0.0
CUST001516,14,8755.8,625.4142857142857,2857.86,6,26.75,24.125000007546724,0.42857142857142855
CUST001517,19,11380.23,598.9594736842105,3906.04,0,14.0,11.881578957349992,0.0
CUST001518,21,30380.86,1446.7076190476191,9582.65,0,24.5,13.000000880805079,0.0
CUST001519,28,22504.8,803.7428571428571,3120.99,0,14.0,11.875000356930357,0.0
CUST001520,31,29501.41,951.6583870967742,13374.65,0,22.75000085512132,11.798387377042186,0.0
CUST001521,20,13642.859999999999,682.1429999999999,5399.69,0,19.250000000744883,12.162500009238409,0.0
CUST001522,23,20185.39,877.6256521739131,4553.79,0,14.0,12.021739158423763,0.0
CUST001523,27,20269.2,750.7111111111111,6203.86,0,21.000000000042505,11.990741466278356,0.0
CUST001524,17,11089.94,652.3494117647059,3598.7,0,14.000000000003944,11.529411801048473,0.0
CUST001525,19,14388.11,757.2689473684211,5753.53,0,19.25,11.513157894898765,0.0
CUST001526,24,32176.67,1340.6945833333332,14843.15,0,19.25,12.031261337012245,0.0
CUST001527,25,13022.59,520.9036,2453.78,0,14.000000092500612,11.690003161901881,0.0
CUST001528,24,12879.01,536.6254166666666,2665.75,0,14.000000000165327,11.302226824157847,0.0
CUST001529,15,10127.210000000001,675.1473333333334,1403.92,0,12.250000008429009,11.550096186039207,0.0
CUST001530,24,20852.420000000002,868.8508333333334,5473.42,0,19.25,11.739583950159505,0.0
CUST001531,21,15442.99,735.3804761904762,4198.12,0,12.25,11.083333367078298,0.0
CUST001532,22,11602.42,527.3827272727273,1752.0,12,26.75,24.443181827832117,0.5454545454545454
CUST001533,28,31112.55,1111.1625,6459.79,0,19.25,11.875085771140812,0.0
CUST001534,21,10146.66,483.1742857142857,3364.88,0,14.0,11.500000000788775,0.0
CUST001535,22,12601.81,572.8095454545454,2015.97,0,14.0,11.772727275979603,0.0
CUST001536,18,16880.29,937.7938888888889,6950.68,0,17.500000005557272,11.569444453488309,0.0
CUST001537,25,18990.65,759.6260000000001,5068.34,0,21.000000000982546,12.110000009791257,0.0
CUST001538,32,15447.36,482.73,4109.58,0,14.000000000485706,11.593750079958003,0.0
CUST001539,23,7739.59,336.5039130434783,906.42,0,14.0,11.94565217392896,0.0
CUST001540,26,15852.71,609.7196153846154,3479.23,0,14.000000002391376,11.44230769259759,0.0
CUST001541,25,11664.210000000001,466.56840000000005,2558.88,0,14.0,11.83000000003449,0.0
CUST001542,19,7432.05,391.16052631578947,1228.31,0,14.00000000000002,12.065789475706628,0.0
CUST001543,22,20203.2,918.3272727272728,8034.42,1,28.000003865958483,12.647727463783594,0.045454545454545456
CUST001544,28,22615.71,807.7039285714285,3450.98,0,14.000000000263467,11.625009009785542,0.0
CUST001545,19,33972.24,1788.0126315789473,15289.93,0,22.75,12.802631578950033,0.0
CUST001546,25,11846.85,473.874,2794.97,0,14.0,11.830000007750202,0.0
CUST001547,25,10865.85,434.634,1424.23,0,14.0,11.550009103042392,0.0
CUST001548,25,8443.74,337.7496,1652.49,0,14.0,11.76000018435417,0.0
CUST001549,23,16260.0,706.9565217391304,6889.94,23,38.75,28.478260869959474,1.0
CUST001550,38,27272.55,717.6986842105263,7525.79,0,17.5,11.835534108864907,0.0
CUST001551,32,32496.850000000002,1015.5265625000001,5287.06,0,19.25,12.140625008933647,0.0
CUST001552,18,21424.16,1190.2311111111112,11393.27,0,17.5,12.152777778604353,0.0
CUST001553,15,8848.03,589.8686666666667,4059.33,0,14.0,11.5500000161227,0.0
CUST001554,21,12128.02,577.5247619047619,4147.7,0,17.5,12.000000054330883,0.0
CUST001555,26,21639.61,832.2926923076923,4843.58,0,14.000000000014046,11.71153853928225,0.0
CUST001556,30,18879.85,629.3283333333333,2240.05,0,14.000002210623462,11.550007137923318,0.0
CUST001557,23,10280.32,446.97043478260866,3218.28,0,14.0,11.48913048623497,0.0
CUST001558,28,45791.8,1635.4214285714286,24985.03,0,24.5,11.875000531661103,0.0
CUST001559,22,10518.68,478.1218181818182,2193.0,0,14.0,12.011363636771991,0.0
CUST001560,22,9103.22,413.78272727272724,1678.52,0,14.0,11.613636363721858,0.0
CUST001561,31,18675.36,602.4309677419355,3416.12,0,14.000000000417714,11.572580645265598,0.0
CUST001562,18,19336.02,1074.2233333333334,3978.46,0,12.250068835836723,11.569448268679016,0.0
CUST001563,26,28754.530000000002,1105.9434615384616,9023.12,0,22.75,12.182692307814609,0.0
CUST001564,11,8800.47,800.0427272727272,3276.21,0,12.2500000058841,11.454545456157396,0.0
CUST001565,19,14210.84,747.938947368421,4996.15,0,14.0,11.605346482419405,0.0
CUST001566,23,14547.32,632.4921739130434,6728.17,0,17.5,11.945657129227053,0.0
CUST001567,20,18034.06,901.7030000000001,3579.52,0,14.000000000033127,11.637500018674652,0.0
CUST001568,22,15006.62,682.1190909090909,2267.84,0,14.0,11.454545474402858,0.0
CUST001569,24,20248.63,843.6929166666667,5646.73,0,19.25,12.10416712940087,0.0
CUST001570,21,15967.41,760.3528571428571,3635.03,0,12.250000000127196,11.41666666844894,0.0
CUST001571,16,3420.4,213.775,824.69,8,25.000000000004874,24.125000006727113,0.5
CUST001572,30,16295.44,543.1813333333333,2711.84,0,14.0,12.016666671129425,0.0
CUST001573,30,15711.5,523.7166666666667,4267.27,0,14.0,11.666666674594014,0.0
CUST001574,18,8014.44,445.24666666666667,3529.25,0,14.0,12.152777777777782,0.0
CUST001575,17,11501.54,676.5611764705883,2404.35,0,14.0,11.63235294129475,0.0
CUST001576,29,21713.46,748.74,5115.92,1,26.25,12.551728365847781,0.034482758620689655
CUST001577,20,9268.23,463.4115,1564.67,0,14.0,11.462502173581736,0.0
CUST001578,32,28701.33,896.9165625,4647.46,0,14.0,11.648437549606324,0.0
CUST001579,22,8323.45,378.3386363636364,1203.82,0,14.0,11.772727335940942,0.0
CUST001580,27,36259.020000000004,1342.9266666666667,15793.7,0,19.25,11.925926475332504,0.0
CUST001581,23,12407.199999999999,539.4434782608695,4183.86,0,14.000000489947924,11.641311445713404,0.0
CUST001582,24,15389.97,641.24875,2309.21,0,14.00000879272446,12.10416775288923,0.0
CUST001583,12,6270.889999999999,522.5741666666667,2802.7,0,7.0,4.37500002187596,0.0
CUST001584,26,13106.9,504.11153846153843,1706.12,0,14.0,11.980773402184129,0.0
CUST001585,35,24332.61,695.2174285714286,4250.0,0,14.0,11.550000006181573,0.0
CUST001586,30,22931.280000000002,764.3760000000001,2711.18,0,14.0,11.666666715228127,0.0
CUST001587,31,28756.0,927.6129032258065,7383.23,0,19.25000195215172,12.02419375241157,0.0
CUST001588,31,35292.75,1138.475806451613,4934.07,0,14.000000019029295,11.459688058192254,0.0
CUST001589,22,21370.829999999998,971.4013636363635,6093.12,0,19.25,12.56818299516584,0.0
CUST001590,17,13245.460000000001,779.144705882353,2805.98,0,12.25,11.426470588632364,0.0
CUST001591,25,20109.88,804.3952,6483.51,0,19.25,11.830000018477735,0.0
CUST001592,25,29173.15,1166.9260000000002,5500.52,0,22.75,12.180000011929977,0.0
CUST001593,17,12453.22,732.5423529411764,4464.69,0,12.250000000026931,11.632353137724662,0.0
CUST001594,21,9548.11,454.6719047619048,2302.48,0,14.000000237382794,11.583333375928813,0.0
CUST001595,32,23445.879999999997,732.6837499999999,4949.03,0,12.250000010782868,11.648437500961835,0.0
CUST001596,12,13789.39,1149.1158333333333,4065.1,0,12.250000003087967,11.229166666948778,0.0
CUST001597,29,18075.23,623.2837931034483,3278.9,0,14.0,11.827586434422491,0.0
CUST001598,21,10167.25,484.1547619047619,2211.13,0,14.0,11.250045463634605,0.0
CUST001599,21,24305.38,1157.3990476190477,16050.98,0,24.5,12.333337836551621,0.0
CUST001600,23,16788.33,729.9273913043479,6622.5,0,19.25,12.021739171267555,0.0
CUST001601,31,36801.33,1187.139677419355,20425.48,0,19.25000010438345,11.798387133768797,0.0
CUST001602,19,17462.25,919.0657894736842,6641.94,19,48.25,36.36842137191469,1.0
CUST001603,20,8500.21,425.0105,1022.93,0,14.00000000010681,11.725001200938173,0.0
CUST001604,22,13303.48,604.7036363636363,3375.08,0,14.000000000087962,11.693181980840501,0.0
CUST001605,24,12329.49,513.72875,2030.46,0,12.250000412534474,11.593750029639532,0.0
CUST001606,28,30373.68,1084.7742857142857,7102.72,0,19.25,12.000001442255584,0.0
CUST001607,28,11477.34,409.90500000000003,1590.83,0,14.0,11.500022480513893,0.0
CUST001608,21,17490.91,832.9004761904762,3579.18,0,14.0,11.833333334540226,0.0
CUST001609,23,13788.46,599.4982608695652,3040.84,0,14.000000000000028,11.94565218906244,0.0
CUST001610,24,17503.08,729.2950000000001,2829.13,0,12.25000000003435,11.593750001100846,0.0
CUST001611,22,13142.68,597.3945454545454,2042.55,0,12.2500004012091,11.693181873970714,0.0
CUST001612,26,15409.93,592.6896153846154,2158.15,0,14.000000044612223,11.913461543050378,0.0
CUST001613,27,15437.15,571.7462962962962,2129.87,0,14.0,11.601863959411686,0.0
CUST001614,20,15075.48,753.774,5802.12,0,19.25,12.337517929329525,0.0
CUST001615,33,20973.93,635.5736363636364,3355.42,0,14.0,11.719706558110852,0.0
CUST001616,23,20057.28,872.055652173913,2236.69,0,14.0,11.869576173222843,0.0
CUST001617,29,13093.52,451.50068965517244,2694.36,0,14.0,11.706898153052142,0.0
CUST001618,37,21401.78,578.4264864864865,2131.48,0,14.000000000008916,11.87162167509636,0.0
CUST001619,17,6452.79,379.57588235294116,1527.08,0,12.250000000123883,11.529411764802578,0.0
CUST001620,24,16477.11,686.54625,2785.28,0,14.0,11.593750000698671,0.0
CUST001621,29,15533.16,535.6262068965517,3454.3,20,26.75,24.577586219611526,0.6896551724137931
CUST001622,24,21281.56,886.7316666666667,3724.43,0,14.0,11.739583336363635,0.0
CUST001623,29,17300.46,596.5675862068965,2454.77,0,12.250000089455728,11.465517327322878,0.0
CUST001624,24,15794.03,658.0845833333334,3610.79,0,14.0,11.739583347118177,0.0
CUST001625,28,21297.26,760.6164285714285,2154.36,28,28.250000001299146,27.500000000840426,1.0
CUST001626,24,23551.18,981.2991666666667,4114.22,24,30.0,27.812500184265033,1.0
CUST001627,21,8733.06,415.85999999999996,1661.06,0,14.0,11.750000291305081,0.0
CUST001628,20,15283.07,764.1535,2502.14,0,14.0,11.375043788424527,0.0
CUST001629,28,19423.73,693.7046428571429,2503.49,0,14.0,11.562500950923566,0.0
CUST001630,23,13586.77,590.7291304347826,2377.41,0,14.0,11.793482035820682,0.0
CUST001631,28,22998.56,821.3771428571429,3496.62,0,14.000005701018193,11.875000379428226,0.0
CUST001632,28,26248.96,937.4628571428572,4756.6,0,14.0,11.687500120793285,0.0
CUST001633,21,18312.850000000002,872.0404761904763,6211.93,0,17.5,12.333333334112503,0.0
CUST001634,27,36945.34,1368.3459259259257,10121.4,0,17.5,11.990740987132808,0.0
CUST001635,20,16192.63,809.6315,6779.82,0,19.25,12.075000555233833,0.0
CUST001636,28,29404.07,1050.1453571428572,4062.9,0,14.000000003517949,11.937504843282271,0.0
CUST001637,24,12513.72,521.405,2490.34,0,14.0,11.15625002139109,0.0
CUST001638,20,14480.89,724.0445,3513.63,0,12.25000000009109,11.900000000004598,0.0
CUST001639,23,11807.69,513.3778260869566,2145.54,0,14.0,11.869571452482678,0.0
CUST001640,23,16054.1,698.0043478260869,2881.3,0,14.000000000155644,12.250000003054625,0.0
CUST001641,26,16800.51,646.1734615384614,2504.91,0,14.0,11.64423096808372,0.0
CUST001642,23,27500.75,1195.6847826086957,5977.12,0,19.25,12.478260924251197,0.0
CUST001643,17,11097.539999999999,652.7964705882353,5731.62,0,19.25,11.94117647374538,0.0
CUST001644,27,25131.1,930.7814814814815,5029.41,0,17.5,11.666716898687728,0.0
CUST001645,18,16709.09,928.2827777777778,3694.53,0,14.0,11.472222234089996,0.0
CUST001646,17,16305.97,959.1747058823529,7730.0,0,22.75,12.14707408567383,0.0
CUST001647,34,16003.300000000001,470.6852941176471,1534.2,0,14.0,11.889710750248984,0.0
CUST001648,35,18613.49,531.8140000000001,4087.77,0,14.0,11.450000216482508,0.0
CUST001649,21,13751.84,654.8495238095238,2516.58,13,26.75,24.750000001238824,0.6190476190476191
CUST001650,27,21306.69,789.1366666666667,4738.76,0,14.00000000048957,11.925926771794147,0.0
CUST001651,17,11584.06,681.415294117647,3675.33,0,14.0,11.941176470691445,0.0
CUST001652,22,28004.04,1272.9109090909092,7196.67,0,19.25,12.090909430674339,0.0
CUST001653,25,20754.38,830.1752,6921.82,0,17.5,12.040000096047345,0.0
CUST001654,19,10305.94,542.4178947368422,2248.79,0,14.0000000000436,11.881579031834388,0.0
CUST001655,32,23701.71,740.6784375,7431.29,0,19.25,11.976613396010835,0.0
CUST001656,29,24197.87,834.4093103448275,5128.33,0,19.25,12.491386665737423,0.0
CUST001657,25,10976.33,439.0532,1987.11,0,14.000000018852631,11.900000006085765,0.0
CUST001658,24,16033.16,668.0483333333333,3104.0,0,14.000000000205857,12.177083333374732,0.0
CUST001659,30,22988.76,766.2919999999999,4732.71,0,14.0,11.491667775574973,0.0
CUST001660,17,19507.15,1147.479411764706,10217.17,0,17.5,11.941176796157693,0.0
CUST001661,20,15194.869999999999,759.7434999999999,4966.58,0,14.0,11.462500058681796,0.0
CUST001662,19,15034.44,791.2863157894737,7297.59,0,19.25,12.526315796366923,0.0
CUST001663,20,7486.05,374.3025,2149.94,9,26.75,24.21250000001462,0.45
CUST001664,17,11703.560000000001,688.444705882353,2155.84,0,14.0,11.529412537824143,0.0
CUST001665,24,24932.47,1038.8529166666667,5144.37,0,21.0,12.322916950805194,0.0
CUST001666,28,29267.72,1045.2757142857142,5769.3,0,19.25,12.125000000055724,0.0
CUST001667,26,18458.85,709.9557692307692,5110.43,0,19.25000000017076,11.375000003222452,0.0
CUST001668,26,14217.38,546.8223076923076,5591.6,26,37.00000000000017,28.11538463507861,1.0
CUST001669,28,15898.54,567.8050000000001,1768.65,0,14.0,11.562500007470488,0.0
CUST001670,26,14968.18,575.6992307692308,1753.41,0,12.25004610105776,11.307753306418341,0.0
CUST001671,14,10389.83,742.1307142857142,2261.08,0,14.0,12.25000041268301,0.0
CUST001672,28,30879.48,1102.8385714285714,8146.32,0,22.750000095398,11.937500003728564,0.0
CUST001673,27,18017.72,667.3229629629631,4211.23,27,33.5,28.055555556385578,1.0
CUST001674,20,13097.54,654.8770000000001,4397.06,0,14.00000000011802,11.375000232942295,0.0
CUST001675,26,20859.760000000002,802.2984615384617,4529.93,0,14.0,11.846164382209263,0.0
CUST001676,24,15912.57,663.02375,6325.14,0,17.500000496889342,11.958333417565475,0.0
CUST001677,25,17908.25,716.33,7307.34,0,21.0,12.110000023223717,0.0
CUST001678,17,9090.679999999998,534.7458823529411,2345.43,0,14.000000133907898,11.632352949062588,0.0
CUST001679,28,16140.300000000001,576.4392857142858,2868.64,0,14.0,11.812500002794964,0.0
CUST001680,25,23296.11,931.8444000000001,5289.03,0,19.25,11.970000004298138,0.0
CUST001681,31,41688.49,1344.79,13158.45,0,19.250000017580483,12.532426695115074,0.0
CUST001682,25,9930.57,397.2228,2636.87,0,14.00000006222566,11.34000005098101,0.0
CUST001683,23,12455.49,541.5430434782609,2007.72,0,14.0,11.641304555860625,0.0
CUST001684,32,26350.57,823.4553125,7034.47,0,19.25,12.359375028138581,0.0
CUST001685,18,16806.66,933.7033333333334,2913.58,0,14.0,11.472222223254306,0.0
CUST001686,22,14340.45,651.8386363636364,2018.97,0,14.000000006158524,11.8522727389155,0.0
CUST001687,17,7770.58,457.09294117647056,2167.81,0,12.250000442133176,11.63235296921613,0.0
CUST001688,23,21533.16,936.224347826087,6915.08,0,19.25,12.250005371954114,0.0
CUST001689,27,27514.83,1019.0677777777778,7967.41,0,19.25,12.25000003210658,0.0
CUST001690,17,8366.79,492.1641176470589,1531.54,0,14.0,11.632352941239132,0.0
CUST001691,25,18456.06,738.2424000000001,3692.54,0,14.0,11.620000000000006,0.0
CUST001692,28,14422.07,515.0739285714286,2072.84,0,14.0,11.687501754270661,0.0
CUST001693,25,25161.4,1006.456,6660.18,0,19.25,12.18000000639597,0.0
CUST001694,30,32251.739999999998,1075.058,11731.63,0,21.0,11.783340814392414,0.0
CUST001695,21,13256.36,631.2552380952382,2603.8,0,14.000000006573943,11.75000000081565,0.0
CUST001696,38,35446.34,932.7984210526315,8011.16,0,24.5,12.342252259807623,0.0
CUST001697,22,29634.079999999998,1347.0036363636364,18790.66,15,35.5,25.079545496797778,0.6818181818181818
CUST001698,24,28731.280000000002,1197.1366666666668,10192.1,0,22.75,12.32291852733846,0.0
CUST001699,21,16093.23,766.3442857142857,2639.3,0,14.00000000024474,11.583337334405188,0.0
CUST001700,20,19706.25,985.3125,5356.11,0,19.25,11.81250000021291,0.0
CUST001701,22,28556.9,1298.040909090909,7409.47,0,19.25,12.329546496969785,0.0
CUST001702,23,12798.42,556.4530434782608,2871.3,13,26.75,24.315217391509755,0.5652173913043478
CUST001703,27,18685.39,692.0514814814815,3898.83,15,25.00001480234628,24.222222770845068,0.5555555555555556
CUST001704,20,13973.550000000001,698.6775,3327.29,0,12.250000000002734,11.37500041554915,0.0
CUST001705,32,44955.65,1404.8640625,22178.79,0,24.50000000072835,12.414154458079013,0.0
CUST001706,24,16284.04,678.5016666666667,4226.8,0,12.250012284193492,11.666667248067617,0.0
CUST001707,23,20200.35,878.2760869565217,5831.41,0,17.5,11.413043559500135,0.0
CUST001708,31,22921.67,739.4087096774193,2424.56,0,14.0,11.798390133648683,0.0
CUST001709,20,9403.74,470.187,1025.9,0,14.0,11.550000000453002,0.0
CUST001710,32,16310.61,509.7065625,3280.97,0,14.0,11.976584548679249,0.0
CUST001711,26,37382.86,1437.8023076923077,6983.62,0,19.25,12.115384810663063,0.0
CUST001712,31,13056.65,421.18225806451613,985.1,0,14.0,11.85483991050516,0.0
CUST001713,26,13619.619999999999,523.8315384615385,2955.93,0,14.0,11.509615438905598,0.0
CUST001714,17,9561.59,562.4464705882353,2557.93,0,14.000000000000052,11.83823581215083,0.0
CUST001715,21,10143.69,483.03285714285715,2306.35,0,14.0,11.833333343813061,0.0
CUST001716,31,22162.43,714.9170967741935,5925.12,0,19.25,11.798387099185716,0.0
CUST001717,25,13510.57,540.4227999999999,1921.89,0,14.000000002175328,11.410000011119875,0.0
CUST001718,30,15730.39,524.3463333333333,6318.36,0,17.5,11.375000957988862,0.0
CUST001719,23,13148.42,571.6704347826087,2215.49,0,14.0,11.56522791016961,0.0
CUST001720,39,33644.16,862.6707692307693,7640.01,0,17.5,11.622182503739744,0.0
CUST001721,15,8359.1,557.2733333333333,3325.5,0,14.0,11.433333532923973,0.0
CUST001722,36,32426.86,900.7461111111111,2993.96,0,14.0,12.104169110675606,0.0
CUST001723,30,19778.64,659.288,4455.0,30,30.000000000000007,27.375000061426377,1.0
CUST001724,17,7707.97,453.41,1464.64,0,14.0,11.632352974644753,0.0
CUST001725,15,10037.11,669.1406666666667,2945.06,0,14.0,11.783333333333333,0.0
CUST001726,28,27709.65,989.6303571428572,7178.85,0,19.25000003004338,12.000000186968148,0.0
CUST001727,27,25088.989999999998,929.2218518518517,6996.03,0,17.5,12.120370384947014,0.0
CUST001728,18,10526.7,584.8166666666667,4207.17,0,14.0,11.180562213997668,0.0
CUST001729,25,15990.82,639.6328,3962.05,25,30.0,27.690000170401195,1.0
CUST001730,21,16850.79,802.4185714285715,5283.39,0,19.25,11.583333449244188,0.0
CUST001731,20,8155.87,407.7935,1032.47,0,12.25000002635372,11.725000001375935,0.0
CUST001732,23,15930.439999999999,692.6278260869565,2547.81,0,14.000000013279378,11.793478544290434,0.0
CUST001733,23,14867.94,646.4321739130435,4555.76,11,26.750000000023224,24.23913044096958,0.4782608695652174
CUST001734,27,16069.69,595.1737037037037,4279.3,0,14.000000000000576,11.666666672109546,0.0
CUST001735,30,22943.54,764.7846666666667,4332.32,0,14.00000000000314,11.666669176430563,0.0
CUST001736,27,13813.69,511.6181481481482,4060.71,0,14.00000000147497,11.925925926268963,0.0
CUST001737,28,20280.59,724.3067857142858,8314.38,0,22.75,12.375003726000063,0.0
CUST001738,18,9240.81,513.3783333333333,2761.48,0,14.0,11.569444445112667,0.0
CUST001739,17,6072.97,357.2335294117647,1260.34,0,14.0,11.529411764709256,0.0
CUST001740,25,58375.84,2335.0335999999998,40018.74,1,26.25,12.180000108254662,0.04
CUST001741,34,25885.39,761.335,3755.56,0,14.0,11.78694532621107,0.0
CUST001742,28,26334.27,940.5096428571429,5228.5,0,19.25,11.875002729888166,0.0
CUST001743,33,19231.84,582.7830303030303,4215.97,0,14.00000001673028,11.34848607462773,0.0
CUST001744,23,26479.02,1151.2617391304348,8972.0,0,22.75000029069247,12.250002268358791,0.0
CUST001745,18,11480.37,637.7983333333334,3714.76,0,12.250001258378642,11.375000071367777,0.0
CUST001746,22,27196.73,1236.215,10628.64,0,21.00000000006981,11.852272727779608,0.0
CUST001747,21,18571.11,884.3385714285714,4903.04,0,12.25,11.333383761361983,0.0
CUST001748,23,14174.13,616.2665217391304,4265.54,0,14.000000000039734,11.869565217393585,0.0
CUST001749,36,20741.03,576.1397222222222,3906.92,0,15.749999999999998,11.812500001333529,0.0
CUST001750,30,16140.83,538.0276666666666,3547.44,0,14.000001635559714,11.78333363784625,0.0
CUST001751,25,20787.02,831.4808,4081.99,0,14.0,11.550000002415377,0.0
CUST001752,21,16982.63,808.6966666666667,3663.65,0,14.0,11.583333334996341,0.0
CUST001753,21,11221.24,534.3447619047619,2022.71,0,14.0,11.583333395799066,0.0
CUST001754,32,23476.57,733.6428125,5080.94,0,17.5,11.921924519875747,0.0
CUST001755,27,31733.73,1175.3233333333333,8219.58,1,26.25,12.250000054177187,0.037037037037037035
CUST001756,18,14145.34,785.8522222222223,4415.52,10,26.750000000002977,24.513891328743156,0.5555555555555556
CUST001757,29,19650.63,677.6079310344828,6134.02,0,21.0,12.068965623945171,0.0
CUST001758,14,7824.58,558.8985714285715,2391.23,0,14.0,11.625000000000037,0.0
CUST001759,19,16257.66,855.6663157894736,3059.31,19,30.0,27.78947368443061,1.0
CUST001760,39,29854.15,765.4910256410257,6177.29,0,19.250000070178192,11.7564167733487,0.0
CUST001761,20,20443.02,1022.1510000000001,6006.28,0,17.5,11.637500097627015,0.0
CUST001762,23,13286.369999999999,577.6682608695652,3135.45,0,14.0,11.945652173921614,0.0
CUST001763,33,35933.04,1088.88,8928.63,0,24.5,12.303030979172766,0.0
CUST001764,22,21967.86,998.539090909091,5648.62,14,32.0,24.68181823133222,0.6363636363636364
CUST001765,28,15678.46,559.9449999999999,2572.28,0,14.000000000002045,11.87500038035159,0.0
CUST001766,26,17143.34,659.3592307692307,3187.43,0,14.0,11.375000000025008,0.0
CUST001767,17,12436.6,731.564705882353,5007.93,0,19.25,12.044117716978946,0.0
CUST001768,16,7491.6900000000005,468.23062500000003,1452.16,0,14.000000000000083,11.593750000024075,0.0
CUST001769,24,8914.98,371.4575,1758.26,0,12.250002856717876,11.885416785809332,0.0
CUST001770,26,13192.59,507.4073076923077,2874.44,0,14.000000002540704,11.77884798788585,0.0
CUST001771,26,18629.48,716.5184615384616,4484.38,0,14.0,11.644232576055252,0.0
CUST001772,13,8727.21,671.323846153846,3093.42,0,14.00000001673176,12.115384616782988,0.0
CUST001773,24,26054.300000000003,1085.5958333333335,7756.02,24,35.25000000568498,28.614583333705294,1.0
CUST001774,20,8945.38,447.26899999999995,1764.63,0,14.0,11.90000000236336,0.0
CUST001775,23,14225.210000000001,618.4873913043479,2554.9,0,14.000016834904764,11.71739205786258,0.0
CUST001776,19,15212.130000000001,800.6384210526317,4440.15,0,14.000000000000272,11.789473684210542,0.0
CUST001777,28,26583.08,949.3957142857143,5021.43,16,30.250014247459088,24.687500827897107,0.5714285714285714
CUST001778,31,25323.75,816.8951612903226,10827.24,0,24.5,12.645162019638706,0.0
CUST001779,21,9026.1,429.81428571428575,1673.84,0,14.0,11.25000014685021,0.0
CUST001780,28,19864.54,709.4478571428572,3938.51,0,12.250000064789086,11.437500085238067,0.0
CUST001781,28,10219.73,364.99035714285714,2578.78,0,14.0,11.687501613381244,0.0
CUST001782,30,27015.940000000002,900.5313333333335,12446.97,0,22.75000020353163,11.958334664473945,0.0
CUST001783,13,6857.29,527.4838461538461,2075.76,0,12.25000000010936,11.711538461548296,0.0
CUST001784,30,24443.69,814.7896666666667,6926.39,0,17.5,11.900028905219894,0.0
CUST001785,28,20941.420000000002,747.9078571428572,4984.24,0,14.0,11.18750003048272,0.0
CUST001786,29,24232.1,835.5896551724137,5063.59,0,19.25,11.948279780028145,0.0
CUST001787,25,14547.99,581.9196,2461.68,0,14.0,12.040001176578109,0.0
CUST001788,26,12842.07,493.9257692307692,1941.29,0,12.25001159039589,11.375000536963025,0.0
CUST001789,25,39619.98,1584.7992000000002,18615.56,0,24.5,12.600000529733936,0.0
CUST001790,27,58598.46000000001,2170.3133333333335,36226.55,1,26.25,12.768576043820296,0.037037037037037035
CUST001791,22,24697.87,1122.6304545454545,9802.38,0,24.5,11.852279771439951,0.0
CUST001792,28,20095.43,717.6939285714286,4788.52,0,14.0,11.750001146719526,0.0
CUST001793,24,16608.25,692.0104166666666,3049.22,24,30.0,27.88541667762421,1.0
CUST001794,29,15527.69,535.4375862068965,2933.85,29,30.0,27.646551725123718,1.0
CUST001795,15,6783.88,452.25866666666667,1988.85,0,14.0,11.433333386476663,0.0
CUST001796,36,27459.3,762.7583333333333,3625.28,0,14.0,11.763919278535175,0.0
CUST001797,32,17085.08,533.90875,2403.85,0,14.0,11.812502028122811,0.0
CUST001798,25,31985.65,1279.4260000000002,8702.91,0,22.75,12.320000003982905,0.0
CUST001799,23,10119.23,439.9665217391304,2305.9,23,30.00000000000044,27.793478603876892,1.0
CUST001800,35,29891.33,854.038,5477.18,0,19.25,11.35000039344204,0.0
CUST001801,24,17216.56,717.3566666666667,3299.19,0,12.250000000154266,11.447923709085364,0.0
CUST001802,23,9415.97,409.39,1362.8,0,14.0,11.641306579075593,0.0
CUST001803,17,22413.97,1318.4688235294118,12725.56,0,17.50000000074197,12.14706130004703,0.0
CUST001804,26,29153.1,1121.2730769230768,12441.67,26,35.25,27.778846154146667,1.0
CUST001805,19,26121.93,1374.8384210526317,8984.29,0,17.5,5.710559948594549,0.0
CUST001806,18,16035.210000000001,890.845,5564.67,0,17.5,11.958333333361205,0.0
CUST001807,25,21379.18,855.1672,3726.45,0,14.0,11.550000021890519,0.0
CUST001808,33,13553.01,410.6972727272727,2187.26,0,14.0,11.825757582940975,0.0
CUST001809,26,14476.04,556.7707692307692,2432.05,0,14.0,11.913461540445939,0.0
CUST001810,18,11357.69,630.9827777777778,2291.01,18,30.0,28.152777777786156,1.0
CUST001811,25,11665.05,466.602,3422.36,0,14.000000000009408,11.690000027900066,0.0
CUST001812,20,15740.51,787.0255,4863.01,0,17.500000000119364,11.987522974436363,0.0
CUST001813,26,11627.75,447.22115384615387,2613.0,0,14.0,11.71153846379379,0.0
CUST001814,22,19799.68,899.9854545454546,7396.25,0,17.5,11.772727275138827,0.0
CUST001815,20,51497.590000000004,2574.8795,40897.99,0,22.75,11.812500535553221,0.0
CUST001816,27,15834.16,586.4503703703704,1663.37,14,26.750000000034028,24.41666680582598,0.5185185185185185
CUST001817,32,25339.28,791.8525,5993.33,0,17.5,11.867189471808407,0.0
CUST001818,25,16733.36,669.3344000000001,2217.32,0,14.0,11.690003433961998,0.0
CUST001819,23,14918.119999999999,648.6139130434782,3536.94,0,14.0,11.869565568189381,0.0
CUST001820,26,36986.880000000005,1422.572307692308,7639.41,0,19.25,12.25000061811542,0.0
CUST001821,19,8671.78,456.4094736842106,1106.66,0,14.00000099638964,12.157894795583383,0.0
CUST001822,23,17961.33,780.9273913043479,9176.71,0,24.500000002045947,12.09782608880654,0.0
CUST001823,24,10458.17,435.75708333333336,1732.54,0,14.000000329837755,11.52083369244392,0.0
CUST001824,24,36085.2,1503.55,13285.82,0,24.5,12.031250000795872,0.0
CUST001825,26,31403.480000000003,1207.826153846154,8674.29,0,24.5,12.317307752563504,0.0
CUST001826,22,23127.37,1051.2440909090908,6504.11,0,24.5,13.125000000269948,0.0
CUST001827,18,11075.34,615.2966666666666,5505.98,0,24.50000023340167,12.152777791251367,0.0
CUST001828,28,17445.79,623.0639285714286,2066.86,0,14.000000000632763,12.000002550962533,0.0
CUST001829,32,21870.7,683.459375,3964.23,0,14.0,11.867208211495576,0.0
CUST001830,27,35398.63,1311.0603703703703,18599.47,0,19.250000039570747,12.31481483455369,0.0
CUST001831,21,15674.310000000001,746.3957142857143,4460.17,0,14.0,11.666666666693171,0.0
CUST001832,18,15409.54,856.0855555555556,3643.96,0,14.0,11.472224200949647,0.0
CUST001833,18,19526.14,1084.7855555555554,7769.52,0,17.5,11.86111252837945,0.0
CUST001834,24,16691.09,695.4620833333333,7855.14,0,19.250000000265764,11.812502598771225,0.0
CUST001835,18,15344.26,852.4588888888889,7030.42,0,19.25,11.95833333446889,0.0
CUST001836,22,42731.14,1942.3245454545454,12253.37,0,24.5,13.284090913259535,0.0
CUST001837,24,19082.61,795.10875,8002.97,0,22.75,12.322916666709295,0.0
CUST001838,22,23244.149999999998,1056.5522727272726,6180.65,0,19.25,12.250000066626587,0.0
CUST001839,21,12084.88,575.4704761904761,3978.0,0,14.0,11.750000000416987,0.0
CUST001840,21,13975.69,665.5090476190477,4256.0,0,14.000000000345802,11.416666667406123,0.0
CUST001841,34,23848.54,701.4276470588236,3486.26,0,14.00000000001872,11.477942772541796,0.0
CUST001842,33,26523.27,803.7354545454546,3004.58,0,14.0,11.454547797629978,0.0
CUST001843,29,41442.97,1429.0679310344829,17531.69,0,24.5,12.1293107144373,0.0
CUST001844,27,26649.33,987.0122222222222,4699.71,0,14.00000000024739,11.731481638360988,0.0
CUST001845,26,17543.65,674.7557692307693,2264.4,12,26.75000032175246,24.192314902495415,0.46153846153846156
CUST001846,20,7791.19,389.55949999999996,2084.31,20,30.000000000011447,27.46250000055206,1.0
CUST001847,28,19563.62,698.7007142857143,6687.42,0,19.25,11.750005115640876,0.0
CUST001848,20,38616.42,1930.821,22978.56,0,22.75,12.512500013512827,0.0
CUST001849,19,9471.6,498.5052631578948,3626.18,0,14.000000000003103,11.697368421223835,0.0
CUST001850,38,25730.68,677.1231578947369,4076.26,0,14.004764975618864,11.743555295195481,0.0
CUST001851,31,30133.96,972.0632258064516,9100.67,0,22.75,12.080653030283138,0.0
CUST001852,28,16055.43,573.4082142857143,3337.46,0,14.0,11.500035428648951,0.0
CUST001853,29,14181.23,489.00793103448274,2765.45,0,14.000000003831692,11.827586862928843,0.0
CUST001854,26,17899.95,688.4596153846154,2943.72,0,14.0,11.644231371458497,0.0
CUST001855,26,29936.53,1151.405,16181.86,0,22.7501417424628,11.980774884605726,0.0
CUST001856,28,14744.14,526.5764285714286,1904.61,0,14.0,11.43750601742838,0.0
CUST001857,31,21938.94,707.7077419354838,4095.14,0,14.0,11.516129656190843,0.0
CUST001858,37,26375.2,712.8432432432433,4696.08,0,14.0,11.493243285005176,0.0
CUST001859,16,8280.91,517.556875,1834.83,0,14.000000000011974,11.37500000016062,0.0
CUST001860,24,13100.85,545.86875,2903.34,0,14.0,11.812500017302158,0.0
CUST001861,30,21362.8,712.0933333333334,3199.38,30,30.00000000000017,27.550000065313895,1.0
CUST001862,27,18065.77,669.1025925925926,4433.42,0,14.000009517367888,11.342595421464262,0.0
CUST001863,24,16901.96,704.2483333333333,2599.0,24,30.00000000068595,28.250000000237915,1.0
CUST001864,33,12851.9,389.45151515151514,1806.81,0,14.0,11.71969701416869,0.0
CUST001865,21,12374.52,589.2628571428571,2923.91,0,12.250001937085992,11.50000330187737,0.0
CUST001866,24,15523.56,646.8149999999999,4432.76,0,12.25000000004336,11.593750336454491,0.0
CUST001867,23,14424.099999999999,627.1347826086956,8898.98,0,24.5,12.09782623554946,0.0
CUST001868,36,18738.15,520.5041666666667,2025.38,0,14.0,11.423611264298929,0.0
CUST001869,23,13146.36,571.5808695652174,2327.15,0,14.000000000000458,11.489130475920199,0.0
CUST001870,13,11046.210000000001,849.7084615384616,2761.96,0,14.0,11.576923076964608,0.0
CUST001871,24,14321.69,596.7370833333333,4015.98,0,17.5,11.885427811778152,0.0
CUST001872,30,30073.829999999998,1002.4609999999999,6932.74,0,17.5,12.250004589979904,0.0
CUST001873,29,17773.7,612.8862068965517,2879.05,0,14.000000001593282,11.887931362245535,0.0
CUST001874,25,21794.07,871.7628,7280.33,0,17.5,11.48000000020614,0.0
CUST001875,25,17103.15,684.1260000000001,3758.79,0,14.0,11.90000108284272,0.0
CUST001876,12,3132.07,261.0058333333333,897.2,0,14.0,11.812500086078053,0.0
CUST001877,28,23909.05,853.8946428571428,5806.38,0,17.500003985161204,11.437500196832726,0.0
CUST001878,18,21289.75,1182.763888888889,8990.45,1,31.5,12.638891340893371,0.05555555555555555
CUST001879,21,18937.52,901.7866666666666,5138.15,17,30.25000188563445,25.08333346574527,0.8095238095238095
CUST001880,21,14069.42,669.972380952381,3740.55,0,14.000000001598982,11.833333362485726,0.0
CUST001881,34,31958.65,939.9602941176471,5350.55,0,21.0,11.992647263834288,0.0
CUST001882,20,16629.6,831.4799999999999,4179.39,0,14.000000000042713,11.90000000003304,0.0
CUST001883,21,21484.010000000002,1023.0480952380954,7627.52,0,17.5,12.25000001295533,0.0
CUST001884,25,18450.46,738.0183999999999,4496.03,0,14.000000002971332,11.620000008345384,0.0
CUST001885,28,13904.93,496.6046428571429,2287.93,0,14.0,11.937500020220241,0.0
CUST001886,25,11259.63,450.38519999999994,2516.22,0,12.250000000000025,11.340000000194365,0.0
CUST001887,17,9435.49,555.0288235294117,1616.34,0,14.000000000632488,11.838235386938441,0.0
CUST001888,29,19912.81,686.6486206896552,4497.36,0,14.000004929358704,11.948276037933269,0.0
CUST001889,29,20080.81,692.441724137931,4203.89,0,14.00000000000608,11.767247571148252,0.0
CUST001890,23,29817.600000000002,1296.417391304348,18884.38,0,19.25,12.17391329325967,0.0
CUST001891,26,22641.95,870.8442307692308,8802.58,1,28.0,12.115384633131915,0.038461538461538464
CUST001892,23,14665.38,637.6252173913043,2646.22,0,14.000000000015058,12.021739143667377,0.0
CUST001893,25,13355.68,534.2272,4703.92,25,28.25000000287843,27.480000000131295,1.0
CUST001894,24,33374.26,1390.5941666666668,8876.49,0,24.5,12.322916704089016,0.0
CUST001895,19,21808.96,1147.84,8573.46,0,22.750000232415328,12.434210737207046,0.0
CUST001896,18,10560.19,586.6772222222222,1957.06,0,12.250000083836904,11.472222244825897,0.0
CUST001897,29,22829.86,787.2365517241379,5382.23,0,19.25,11.827600096864298,0.0
CUST001898,23,10668.65,463.85434782608695,1935.4,0,14.000000000001604,11.717391384182234,0.0
CUST001899,20,16768.27,838.4135,4239.69,0,14.0,11.637500000082943,0.0
CUST001900,34,21073.15,619.7985294117648,3699.87,0,14.000000005868284,11.68382525614319,0.0
CUST001901,23,13832.67,601.4204347826087,4369.38,0,14.0,11.413105883403272,0.0
CUST001902,23,23000.57,1000.0247826086957,3845.8,0,14.0,11.64130464096506,0.0
CUST001903,38,18953.18,498.7678947368421,2080.52,0,14.000013404703314,11.651316868478096,0.0
CUST001904,30,18253.4,608.4466666666667,1784.8,0,14.0,11.491667433922098,0.0
CUST001905,21,12474.289999999999,594.0138095238095,2491.84,0,12.25000017264476,11.50000000834206,0.0
CUST001906,29,8797.98,303.3786206896552,929.22,0,14.000000000162771,11.586208867391214,0.0
CUST001907,25,12609.82,504.39279999999997,4045.4,0,14.0,11.620000020809488,0.0
CUST001908,29,17197.54,593.0186206896552,1941.74,0,17.5,12.310344957516673,0.0
CUST001909,18,15245.25,846.9583333333334,4192.48,0,14.0,11.569444447804852,0.0
CUST001910,18,14270.17,792.7872222222222,7166.9,0,17.5,12.25000001460293,0.0
CUST001911,26,28621.65,1100.8326923076925,7760.95,17,35.5,24.932692313672966,0.6538461538461539
CUST001912,15,5608.08,373.872,896.07,0,12.250006682685232,11.666667112485394,0.0
CUST001913,18,11695.51,649.7505555555556,3299.23,0,12.250000001492904,11.763888889066038,0.0
CUST001914,31,30704.85,990.4790322580644,3065.0,0,14.000000000079046,11.854839519578082,0.0
CUST001915,20,7952.41,397.6205,1051.06,0,14.0,11.900000011219614,0.0
CUST001916,23,26309.5,1143.891304347826,6940.71,0,17.50000127495448,12.097826696074234,0.0
CUST001917,22,11849.16,538.5981818181818,1852.53,0,14.0,12.011363636598656,0.0
CUST001918,25,19084.34,763.3736,4091.52,0,14.000000000002244,11.340001143119729,0.0
CUST001919,20,11655.7,582.7850000000001,1718.49,0,14.000000000002194,11.55000000000988,0.0
CUST001920,24,15229.84,634.5766666666667,4056.53,24,30.0,27.666666666754022,1.0
CUST001921,21,8867.83,422.27761904761905,1616.51,0,12.250006223517634,11.250000338471036,0.0
CUST001922,18,19031.73,1057.3183333333334,6350.96,0,19.25000114637009,12.250007429981483,0.0
CUST001923,26,20677.98,795.3069230769231,3482.53,0,14.0,11.644230771681096,0.0
CUST001924,18,8712.32,484.0177777777778,1868.23,0,14.0,11.569444445253112,0.0
CUST001925,27,15566.72,576.5451851851851,3187.91,0,14.000000000855174,11.861111175234397,0.0
CUST001926,21,20697.87,985.6128571428571,6150.39,0,19.25,11.916666666759067,0.0
CUST001927,25,32411.88,1296.4752,12503.98,0,19.25,11.62000000010977,0.0
CUST001928,26,13809.94,531.1515384615385,2491.67,0,14.000000069152318,11.711538487218544,0.0
CUST001929,20,11771.810000000001,588.5905,1428.43,0,14.000000001569804,11.987500000566447,0.0
CUST001930,24,18982.52,790.9383333333334,4523.03,0,14.000000000078993,11.666666915870438,0.0
CUST001931,33,18961.05,574.5772727272727,5105.18,0,19.25,12.090969269643802,0.0
CUST001932,20,9347.13,467.3565,1639.75,0,12.250000000402272,11.550000028164568,0.0
CUST001933,21,13478.6,641.8380952380952,1782.72,0,12.250002150027775,11.750000104282314,0.0
CUST001934,17,24154.77,1420.8688235294119,7494.97,0,19.25,11.941176894842272,0.0
CUST001935,27,22483.53,832.7233333333332,8371.24,0,24.5,11.925925944252686,0.0
CUST001936,22,24985.25,1135.6931818181818,12158.84,0,24.5,11.931818250933652,0.0
CUST001937,23,13815.89,600.6908695652173,2289.09,0,14.000000001601888,11.641304347902764,0.0
CUST001938,22,12527.75,569.4431818181819,4791.1,0,14.0,11.613643766498594,0.0
CUST001939,24,11541.78,480.9075,3331.07,0,14.000000000000108,11.958333352108951,0.0
CUST001940,23,13751.75,597.9021739130435,2914.84,0,14.0,11.56521749651633,0.0
CUST001941,33,32596.54,987.7739393939394,5511.62,0,19.25,11.878799453091316,0.0
CUST001942,29,28570.33,985.1837931034484,10584.13,0,17.5,11.948275864314272,0.0
CUST001943,21,12425.59,591.6947619047619,3351.75,0,12.250006242899408,11.666668745852778,0.0
CUST001944,18,6305.84,350.32444444444445,1624.11,0,14.0,11.958333333405768,0.0
CUST001945,35,29905.739999999998,854.4497142857142,10042.23,0,19.25,11.90009216060845,0.0
CUST001946,29,24289.260000000002,837.5606896551725,8646.74,1,29.75,12.008620843269103,0.034482758620689655
CUST001947,22,16304.59,741.1177272727273,4004.67,0,14.000000312015892,11.85227283116244,0.0
CUST001948,24,20333.91,847.24625,2615.23,0,14.0,11.885417280006969,0.0
CUST001949,24,23280.010000000002,970.0004166666668,8478.45,0,22.75,11.885416667070594,0.0
CUST001950,31,35402.87,1142.028064516129,12569.51,0,24.5,12.306451977246802,0.0
CUST001951,21,16992.73,809.177619047619,4803.06,0,12.250000009844507,11.500000000647635,0.0
CUST001952,19,11137.29,586.1731578947368,1346.47,0,14.00000020662063,12.065789486507713,0.0
CUST001953,31,38960.3,1256.7838709677421,11425.63,0,19.25,12.193548393410536,0.0
CUST001954,21,12193.88,580.6609523809524,3167.56,0,14.0,11.666666666678239,0.0
CUST001955,23,29160.61,1267.8526086956522,10647.66,0,17.5,11.793478260913139,0.0
CUST001956,32,20963.28,655.1025,2376.78,0,14.000000000772197,11.429688076874546,0.0
CUST001957,27,25791.06,955.2244444444445,5672.13,0,24.5,12.185186400746993,0.0
CUST001958,32,23115.12,722.3475,5486.67,0,22.75,12.359400714061946,0.0
CUST001959,34,29018.41,853.4826470588235,4953.6,0,14.000000100402934,11.477941352519235,0.0
CUST001960,23,19920.13,866.0926086956522,5595.38,0,19.25,11.869652937236665,0.0
CUST001961,24,14343.210000000001,597.6337500000001,2364.48,0,14.00000000209854,12.17708345450523,0.0
CUST001962,29,19716.21,679.8693103448276,2147.93,16,26.75,24.336206935536772,0.5517241379310345
CUST001963,28,24572.88,877.6028571428571,4643.28,0,12.25000051332227,11.625000018380769,0.0
CUST001964,33,21866.850000000002,662.6318181818183,4954.33,0,14.0,11.613636364453793,0.0
CUST001965,22,11998.51,545.3868181818182,5858.69,0,21.0,12.011367629132103,0.0
CUST001966,19,9659.56,508.3978947368421,1722.76,0,14.0,11.97368421370109,0.0
CUST001967,23,26635.79,1158.0778260869565,11863.84,0,17.5,11.793478269559461,0.0
CUST001968,21,7554.67,359.74619047619046,1340.23,0,14.000000000008956,12.166666666991066,0.0
CUST001969,16,7964.32,497.77,2426.92,10,26.75,24.671875629414867,0.625
CUST001970,28,19090.08,681.7885714285715,2512.8,0,14.000000000192598,11.875001373317248,0.0
CUST001971,28,26592.11,949.7182142857143,4445.36,0,14.0,11.562500140443964,0.0
CUST001972,19,15598.369999999999,820.9668421052631,4445.24,0,19.25,12.065789895771166,0.0
CUST001973,18,8494.03,471.8905555555556,1620.98,0,14.0,11.958333333859848,0.0
CUST001974,22,21410.73,973.215,4553.31,0,14.000000021571871,12.011363637354101,0.0
CUST001975,23,21699.989999999998,943.4778260869564,7208.47,0,22.750000025925303,12.478260877908133,0.0
CUST001976,15,8999.539999999999,599.9693333333332,1242.53,0,14.0,11.433333333894057,0.0
CUST001977,17,8608.46,506.37999999999994,3449.41,0,14.000000000001773,12.352941180684525,0.0
CUST001978,29,34778.729999999996,1199.2665517241378,18949.67,0,19.25,11.88810159649438,0.0
CUST001979,21,18882.61,899.1719047619048,5748.77,0,19.25,12.083351431220663,0.0
CUST001980,23,13985.210000000001,608.0526086956522,3301.41,0,12.250000000715472,11.641304355386582,0.0
CUST001981,24,17597.260000000002,733.2191666666668,4877.04,0,14.0,11.885416684145296,0.0
CUST001982,20,16066.4,803.3199999999999,5596.6,0,21.0,11.900000007733869,0.0
CUST001983,30,20166.55,672.2183333333334,4374.5,0,14.0,11.666666781166718,0.0
CUST001984,27,52531.49,1945.6107407407408,13467.56,0,24.5,12.703703707074997,0.0
CUST001985,26,14135.82,543.6853846153846,2709.7,0,14.0,11.980772589773848,0.0
CUST001986,22,73731.78,3351.4445454545453,37738.13,1,28.0000133234545,13.045455151066125,0.045454545454545456
CUST001987,29,20177.03,695.7596551724138,3364.51,29,30.0,27.586207034379996,1.0
CUST001988,30,31523.64,1050.788,11632.7,0,17.5,12.13333350727106,0.0
CUST001989,31,23239.08,749.647741935484,3647.05,0,14.000000000000467,11.967741968613113,0.0
CUST001990,18,21050.11,1169.4505555555556,6694.75,0,19.25,12.833335435955075,0.0
CUST001991,18,16611.41,922.8561111111111,7911.33,0,17.5,11.86111111325647,0.0
CUST001992,23,15813.0,687.5217391304348,5273.9,0,19.25000000001865,11.64130688392415,0.0
CUST001993,29,15125.54,521.5703448275863,3316.7,0,14.000000021667152,11.46551727818938,0.0
CUST001994,29,14227.6,490.60689655172416,2624.66,0,14.0,11.767241571628528,0.0
CUST001995,33,12234.03,370.72818181818184,1350.34,0,14.0,11.666672026959793,0.0
CUST001996,23,12833.09,557.9604347826087,2952.32,0,14.0,11.945659652014132,0.0
CUST001997,26,20139.77,774.6065384615384,6927.62,0,24.50000064822861,12.04807694981513,0.0
CUST001998,23,16623.64,722.7669565217391,2180.16,0,14.00000000001919,11.945652175049915,0.0
CUST001999,22,14543.27,661.0577272727273,3814.41,0,14.0,11.534090912593612,0.0
CUST002000,28,11771.94,420.4264285714286,2410.58,0,14.0,11.687562438352737,0.0
CUST002001,23,10047.19,436.83434782608697,1888.05,23,30.0,28.097826109479193,1.0
CUST002002,20,10743.29,537.1645000000001,1898.34,0,14.0,11.550000024671013,0.0
CUST002003,32,22132.9,691.653125,4899.27,0,14.0,11.429687564113275,0.0
CUST002004,29,31721.97,1093.8610344827587,5012.81,0,19.25,11.706896795518734,0.0
CUST002005,30,17303.25,576.775,3229.68,0,14.00000013984442,11.900000183963567,0.0
CUST002006,25,15182.48,607.2991999999999,2507.11,0,14.0,12.180000175294017,0.0
CUST002007,30,15435.63,514.521,1668.12,0,14.0,11.66666667056618,0.0
CUST002008,25,19100.41,764.0164,5058.56,0,10.500001685775878,4.830734282623833,0.0
CUST002009,37,33573.75,907.3986486486486,8739.24,0,24.50000104733625,12.391896509935892,0.0
CUST002010,31,12335.789999999999,397.9287096774193,2291.56,13,26.75000000007028,24.09677427319596,0.41935483870967744
CUST002011,19,9161.19,482.16789473684213,2544.45,0,14.0,11.60526315789491,0.0
CUST002012,24,15478.550000000001,644.9395833333334,4712.13,0,14.0,11.812500036906163,0.0
CUST002013,24,13459.58,560.8158333333333,1944.98,0,12.250000009993643,11.010417168092816,0.0
CUST002014,25,33004.23,1320.1692,8945.29,16,37.25112108366856,25.490044851257768,0.64
CUST002015,15,12346.48,823.0986666666666,3536.48,0,7.0,5.0166666672107665,0.0
CUST002016,30,24183.41,806.1136666666666,4692.45,0,14.0,11.433350950111299,0.0
CUST002017,17,11654.61,685.5652941176471,3990.9,0,14.000000050352307,11.941176627184035,0.0
CUST002018,27,13637.17,505.08037037037036,2355.68,0,14.000000000087212,11.601851864189323,0.0
CUST002019,23,18034.96,784.1286956521739,5374.35,0,19.25,11.869565217396113,0.0
CUST002020,25,20994.0,839.76,3523.21,0,14.0,11.690000000122131,0.0
CUST002021,23,26796.89,1165.0821739130436,8853.84,0,24.5,12.097828270827916,0.0
CUST002022,29,38709.71,1334.8175862068965,11964.49,0,22.750043231042795,12.37069518209616,0.0
CUST002023,30,22036.809999999998,734.5603333333332,5652.31,0,17.5,12.075004266741336,0.0
CUST002024,25,24211.050000000003,968.4420000000001,5990.72,0,17.5,11.90000723283862,0.0
CUST002025,31,16045.02,517.5812903225807,1922.24,0,14.000003414906026,11.629034526085363,0.0
CUST002026,25,13399.95,535.998,2154.85,0,14.0,11.550000007661303,0.0
CUST002027,19,12316.02,648.2115789473685,2648.38,0,14.000000000003816,11.605263203975989,0.0
CUST002028,25,16194.869999999999,647.7948,5266.92,0,19.25,11.900000566446247,0.0
CUST002029,18,11681.53,648.973888888889,5101.0,0,17.5,12.444444444455256,0.0
CUST002030,28,25252.0,901.8571428571429,5120.71,0,17.5,11.562500022257769,0.0
CUST002031,34,32123.89,944.820294117647,8540.22,0,24.5,12.352941251097713,0.0
CUST002032,21,9343.38,444.9228571428571,1856.11,0,14.0,11.583333356148447,0.0
CUST002033,24,15374.39,640.5995833333333,2477.56,0,14.00000019585971,11.88542002052798,0.0
CUST002034,27,18224.670000000002,674.9877777777779,4276.81,0,14.00000001115619,11.472222572595522,0.0
CUST002035,31,28772.94,928.1593548387096,6137.74,0,19.250269415994477,12.250019572520403,0.0
CUST002036,31,19945.11,643.3906451612903,3750.59,0,14.000000013653652,11.629034556893012,0.0
CUST002037,33,20640.33,625.4645454545455,3428.38,0,14.0,11.666675861630718,0.0
CUST002038,20,22468.3,1123.415,7214.19,20,35.25,27.900000009476507,1.0
CUST002039,26,12398.17,476.85269230769234,2230.32,0,14.0,11.644230774296457,0.0
CUST002040,22,18018.64,819.0290909090909,4931.58,0,14.0,11.772727391288003,0.0
CUST002041,23,14899.46,647.8026086956521,2882.27,0,14.000000000195463,11.717391321597928,0.0
CUST002042,25,12002.74,480.1096,2652.84,0,14.00000007469908,11.690505076801077,0.0
CUST002043,18,7737.47,429.8594444444445,1499.52,0,14.000000000001409,12.057772498372845,0.0
CUST002044,23,15574.85,677.1673913043478,3545.19,0,14.00000001007096,11.413043497029859,0.0
CUST002045,22,42219.200000000004,1919.0545454545456,14150.86,0,22.75,12.490529453376432,0.0
CUST002046,15,15616.38,1041.0919999999999,4602.17,9,26.75,24.53333341701364,0.6
CUST002047,25,30217.27,1208.6908,5613.75,0,19.25,12.320000001615687,0.0
CUST002048,25,19493.79,779.7516,6419.28,0,17.5,11.900000069429097,0.0
CUST002049,28,25399.77,907.1346428571429,4557.1,0,14.000000002994147,11.750000000106935,0.0
CUST002050,30,27695.08,923.1693333333334,6823.36,0,21.0,12.308333345345515,0.0
CUST002051,27,17171.74,635.9903703703704,1942.59,0,14.0,11.666666668014434,0.0
CUST002052,15,8456.84,563.7893333333334,1514.01,0,14.000000000003428,11.78333512073714,0.0
CUST002053,21,11493.59,547.3138095238095,1987.05,0,12.2500000001096,11.500000002278533,0.0
CUST002054,18,15063.08,836.8377777777778,5075.09,0,21.00000047096792,12.250000060831445,0.0
CUST002055,24,14821.91,617.5795833333333,4179.49,0,14.00000000317061,11.885416707954755,0.0
CUST002056,18,9250.77,513.9316666666667,2411.04,18,47.49999999999999,44.48611111141642,1.0
CUST002057,20,15246.480000000001,762.3240000000001,6062.89,0,17.5,11.725002228809014,0.0
CUST002058,24,24568.09,1023.6704166666667,6853.44,0,17.5,12.250004932605476,0.0
CUST002059,24,8838.2,368.2583333333334,1733.78,9,26.750000000002544,23.979166681999132,0.375
CUST002060,22,11626.98,528.4990909090909,3098.59,0,14.0,11.613636377135258,0.0
CUST002061,22,11252.63,511.4831818181818,4895.73,22,30.000000000529788,27.693181818210494,1.0
CUST002062,24,14127.61,588.6504166666667,2448.26,0,14.000000000005624,11.812507402249357,0.0
CUST002063,27,20741.09,768.1885185185185,3790.24,0,14.0,12.055555570608648,0.0
CUST002064,33,22650.760000000002,686.3866666666668,7185.87,0,19.25,11.66666666807297,0.0
CUST002065,23,12106.58,526.3730434782609,2945.24,0,14.0,11.71739132073715,0.0
CUST002066,17,14752.33,867.7841176470588,5983.2,0,22.75,12.044117648526472,0.0
CUST002067,29,20915.18,721.2131034482759,4736.36,0,14.0,11.76724233406712,0.0
CUST002068,24,11574.47,482.2695833333333,2204.73,0,12.250007377477958,11.593750352079786,0.0
CUST002069,26,18471.57,710.4449999999999,2576.44,0,14.000000000047285,11.846153968903156,0.0
CUST002070,15,10893.970000000001,726.2646666666667,2283.86,0,14.0,11.783333410376624,0.0
CUST002071,22,20966.27,953.0122727272727,10050.45,0,17.50000000164158,11.931818182154318,0.0
CUST002072,19,15321.94,806.4178947368422,3660.17,0,14.0,11.328947408717639,0.0
CUST002073,16,5990.75,374.421875,1468.55,0,14.000000000633484,11.812500000868646,0.0
CUST002074,27,10642.83,394.1788888888889,1596.3,0,14.000008226180428,11.861111415800357,0.0
CUST002075,22,25677.83,1167.174090909091,9614.24,1,26.25,12.329608432473231,0.045454545454545456
CUST002076,26,20594.84,792.1092307692307,3845.79,0,14.0,11.644231022984975,0.0
CUST002077,22,14505.08,659.3218181818182,3544.38,0,14.0,11.693181854887369,0.0
CUST002078,27,16181.22,599.3044444444445,5762.79,0,19.25,11.7314817056772,0.0
CUST002079,23,8847.39,384.6691304347826,1908.49,0,12.250000242258338,11.565217402070331,0.0
CUST002080,18,16761.510000000002,931.1950000000002,3240.96,0,14.000000000311028,11.569444751621988,0.0
CUST002081,24,38113.92,1588.08,10063.39,0,19.25,12.177083473549628,0.0
CUST002082,22,12645.63,574.8013636363636,1732.37,0,14.0,11.693181847597424,0.0
CUST002083,20,12391.01,619.5505,3597.41,0,14.0,11.550001472328447,0.0
CUST002084,22,12328.79,560.3995454545455,3410.54,0,14.0,11.375001283568915,0.0
CUST002085,35,17256.24,493.0354285714286,2194.17,0,14.000000000213806,11.600000003246238,0.0
CUST002086,21,10710.82,510.0390476190476,1783.29,0,14.0,12.000000035790517,0.0
CUST002087,24,31701.55,1320.8979166666666,10832.57,0,21.0,12.46875002050492,0.0
CUST002088,23,21956.0,954.6086956521739,4799.87,0,14.0,11.717391380411675,0.0
CUST002089,24,15811.52,658.8133333333334,2300.34,0,14.0,11.593776519797332,0.0
CUST002090,25,17490.59,699.6236,3641.16,0,12.250000000232218,11.410000001501684,0.0
CUST002091,25,13262.47,530.4988,5098.59,0,17.5,11.830000007456709,0.0
CUST002092,17,8788.07,516.945294117647,1811.11,0,12.250000433134426,11.22058831632964,0.0
CUST002093,28,21506.69,768.0960714285713,4502.92,0,14.0,11.68750028263437,0.0
CUST002094,18,14707.619999999999,817.0899999999999,6552.2,0,24.5,12.541669708012599,0.0
CUST002095,27,24227.85,897.3277777777777,3507.11,0,14.000006093409503,11.60185305177496,0.0
CUST002096,29,22842.41,787.6693103448276,5910.68,0,19.25,12.12947752740392,0.0
CUST002097,34,23764.62,698.9594117647058,4839.66,0,14.000000000003748,11.889705899838205,0.0
CUST002098,23,26351.12,1145.7008695652173,9619.64,1,29.75,12.326087181566248,0.043478260869565216
CUST002099,29,14390.43,496.22172413793106,2467.84,0,14.0,11.827586276435722,0.0
CUST002100,20,12869.27,643.4635000000001,3488.15,0,14.0,11.725000000085974,0.0
CUST002101,24,12956.81,539.8670833333333,1803.38,0,12.250000004829118,11.010416993916834,0.0
CUST002102,22,11978.39,544.4722727272728,2064.43,0,14.0,11.295454571014632,0.0
CUST002103,27,13167.69,487.69222222222226,3083.4,0,14.0,11.537037353469682,0.0
CUST002104,23,17286.88,751.6034782608696,2240.74,0,14.0,11.336966595447075,0.0
CUST002105,24,33108.59,1379.524583333333,10936.42,0,17.5,11.958352045095609,0.0
CUST002106,31,33633.63,1084.9558064516127,9063.61,1,26.250000416007516,12.30645167564421,0.03225806451612903
CUST002107,33,15118.29,458.13000000000005,3153.78,0,14.00000000004346,11.87878842673575,0.0
CUST002108,22,20171.3,916.8772727272727,3056.23,0,12.250000899461396,11.37500004615736,0.0
CUST002109,29,17802.96,613.895172413793,2601.37,19,26.75,24.456900212936322,0.6551724137931034
CUST002110,24,20872.39,869.6829166666666,4741.58,0,12.250000008022008,11.593750001533925,0.0
CUST002111,19,16946.71,891.9321052631578,4777.28,0,14.0,12.065789474008156,0.0
CUST002112,22,43377.670000000006,1971.7122727272729,16571.11,1,26.25,13.04547144762002,0.045454545454545456
CUST002113,27,19621.07,726.7062962962963,3345.13,0,14.00000000170375,11.40740741419597,0.0
CUST002114,24,16004.39,666.8495833333333,2125.62,0,12.250000000244835,11.520833365517225,0.0
CUST002115,21,13923.92,663.0438095238095,2963.42,0,14.000000010342651,11.583333417390087,0.0
CUST002116,27,19536.97,723.5914814814815,3281.91,0,12.250297680258402,11.40742213999645,0.0
CUST002117,17,9702.61,570.7417647058824,1880.99,0,14.000000000004984,11.941176499729378,0.0
CUST002118,22,47699.54,2168.160909090909,17742.47,0,24.5,12.409091998918422,0.0
CUST002119,34,23045.66,677.8135294117646,7240.77,0,21.00000000012044,11.992647153600942,0.0
CUST002120,34,29419.72,865.2858823529413,4471.92,0,14.0,11.426473660846801,0.0
CUST002121,18,10410.94,578.3855555555556,1905.64,0,14.00000000003338,11.666666715804931,0.0
CUST002122,18,12586.800000000001,699.2666666666668,7652.76,0,19.25,12.250000007416864,0.0
CUST002123,24,24565.03,1023.5429166666667,16391.37,1,26.25,11.958333349591081,0.041666666666666664
CUST002124,21,13628.18,648.9609523809524,1789.75,0,14.0,11.916668398976041,0.0
CUST002125,23,9947.61,432.5047826086957,1673.94,0,14.00000000000496,11.565217470753126,0.0
CUST002126,24,16833.36,701.39,7793.73,0,19.25,11.593750125301538,0.0
CUST002127,26,19383.87,745.5334615384616,3174.65,0,14.0,11.644272756500847,0.0
CUST002128,28,11181.34,399.3335714285714,2126.84,0,14.0,11.375000002053412,0.0
CUST002129,25,32644.829999999998,1305.7931999999998,11389.46,1,28.0,12.9500000044765,0.04
CUST002130,22,16804.68,763.8490909090909,2463.37,0,14.000000254206215,11.613636375413963,0.0
CUST002131,28,17432.14,622.5764285714286,2513.67,0,14.000000000508914,11.312500000039105,0.0
CUST002132,25,11269.630000000001,450.78520000000003,1747.16,0,14.0,11.410000009859596,0.0
CUST002133,20,20560.91,1028.0455,9023.03,0,22.75,12.075000000001578,0.0
CUST002134,21,14308.27,681.3461904761905,4156.73,0,14.0,11.250003809407742,0.0
CUST002135,31,22668.26,731.234193548387,3856.84,16,26.75,24.266149573835104,0.5161290322580645
CUST002136,28,19390.56,692.5200000000001,3796.18,0,14.0,11.312500000092866,0.0
CUST002137,27,29641.68,1097.84,10556.04,0,19.25,11.796297559939157,0.0
CUST002138,21,17897.46,852.26,2282.25,0,14.0,12.083333433125887,0.0
CUST002139,20,10632.26,531.613,3158.89,0,14.0,11.375000015911596,0.0
CUST002140,22,22688.94,1031.3154545454545,4677.83,22,47.49999999999999,45.27272763911867,1.0
CUST002141,24,20175.12,840.63,9173.23,0,22.75,12.322916697403711,0.0
CUST002142,13,9607.7,739.0538461538462,2755.7,0,14.000000001473504,11.846153846267192,0.0
CUST002143,29,15604.28,538.0786206896552,2510.96,29,30.0,27.64655181113389,1.0
CUST002144,24,17434.65,726.44375,3584.25,0,14.0,11.666666979616474,0.0
CUST002145,20,11044.41,552.2205,3332.24,0,14.0,11.812500000611426,0.0
CUST002146,28,25898.79,924.9567857142857,10040.19,0,19.25,12.000000026126397,0.0
CUST002147,20,12468.81,623.4404999999999,2444.6,0,14.0,11.725000000004567,0.0
CUST002148,32,24350.21,760.9440625,5635.14,0,19.25035374899304,11.867199714246246,0.0
CUST002149,24,26895.14,1120.6308333333334,12745.73,0,19.250001332076277,12.17708371805435,0.0
CUST002150,25,32663.07,1306.5228,16290.91,0,17.5,11.690006219068914,0.0
CUST002151,26,16721.51,643.135,2498.58,0,14.0,11.375000286376975,0.0
CUST002152,24,18966.59,790.2745833333333,9462.33,0,24.50000823700132,12.17708370078971,0.0
CUST002153,19,24757.08,1303.0042105263158,6925.55,0,19.250000023907628,11.8815802050584,0.0
CUST002154,26,22789.58,876.5223076923078,4461.8,0,14.0,11.980769252776327,0.0
CUST002155,20,10462.68,523.134,1842.59,0,12.250000000751868,11.550000324625326,0.0
CUST002156,29,18099.57,624.1231034482759,2732.01,0,14.0,11.887952476931885,0.0
CUST002157,20,6020.610000000001,301.0305,989.06,0,14.0,11.375000000031237,0.0
CUST002158,22,19218.91,873.5868181818182,3171.8,0,14.0,11.931818633918077,0.0
CUST002159,31,22088.45,712.5306451612903,3599.9,0,14.000000311715354,11.516159027971957,0.0
CUST002160,19,14215.210000000001,748.1689473684211,4792.91,0,14.000000003367878,11.789473738151223,0.0
CUST002161,24,23074.46,961.4358333333333,6547.12,0,19.25,12.03125073150031,0.0
CUST002162,27,31935.95,1182.812962962963,7794.75,0,24.50001422346697,12.509277582599095,0.0
CUST002163,32,28415.05,887.9703125,4988.19,0,14.000000005425957,11.757823502010307,0.0
CUST002164,25,8595.1,343.80400000000003,1088.34,0,12.250000026180444,11.480007003567477,0.0
CUST002165,15,10227.119999999999,681.8079999999999,2093.9,0,14.0000000000137,11.900000000753431,0.0
CUST002166,32,23020.68,719.39625,9056.48,19,37.24999999999999,24.835937676990774,0.59375
CUST002167,26,17591.31,676.5888461538462,3333.53,0,14.000000000772229,12.048077458972498,0.0
CUST002168,28,18209.760000000002,650.3485714285715,3244.21,0,14.000000000143247,12.000000253681275,0.0
CUST002169,21,20618.57,981.8366666666667,6329.83,0,17.50001288771321,11.916667813420041,0.0
CUST002170,24,20300.010000000002,845.8337500000001,9587.42,1,26.25000000054204,12.250000008795324,0.041666666666666664
CUST002171,20,13858.52,692.926,3183.02,0,14.0,11.637500000040717,0.0
CUST002172,23,12007.869999999999,522.0813043478261,2363.55,23,30.0,27.945652175097408,1.0
CUST002173,24,13010.75,542.1145833333334,2253.19,0,14.0,11.302083362152482,0.0
CUST002174,22,24201.73,1100.0786363636364,8342.78,16,35.5,25.159090926999387,0.7272727272727273
CUST002175,29,25303.85,872.5465517241379,7216.87,0,19.25,11.82758637420815,0.0
CUST002176,17,19002.949999999997,1117.820588235294,5907.11,0,19.25,11.735294118460024,0.0
CUST002177,29,22663.2,781.4896551724138,3538.4,0,14.0,11.467235523482298,0.0
CUST002178,13,9219.96,709.2276923076922,2828.9,0,12.25000415516959,11.442308049007732,0.0
CUST002179,26,20004.42,769.4007692307691,8271.73,0,24.50000140480647,11.980769315634529,0.0
CUST002180,20,14991.22,749.5609999999999,3544.58,0,14.0,11.725002523538198,0.0
CUST002181,36,49151.41,1365.3169444444445,17642.33,0,19.25,12.493056258527014,0.0
CUST002182,24,12189.32,507.8883333333333,2969.25,24,30.000000000077385,27.666666666730364,1.0
CUST002183,21,13350.0,635.7142857142857,3734.85,11,25.000000881850116,24.166666709191627,0.5238095238095238
CUST002184,30,13541.48,451.38266666666664,2117.06,0,14.0,11.55000000002114,0.0
CUST002185,32,18173.57,567.9240625,2471.09,0,14.0,11.593750008178885,0.0
CUST002186,23,13243.57,575.8073913043478,2212.7,0,14.0,11.641304365121387,0.0
CUST002187,22,15501.45,704.6113636363636,3304.42,0,14.0,11.693181819737758,0.0
CUST002188,18,8994.210000000001,499.6783333333334,2117.71,0,14.000000018134733,11.277778142207948,0.0
CUST002189,24,9657.73,402.40541666666667,2502.87,0,14.0,11.739584688212853,0.0
CUST002190,25,11000.18,440.0072,3244.03,0,14.00000000000002,11.900000885441214,0.0
CUST002191,30,22928.02,764.2673333333333,8066.42,0,24.5,12.425005475355553,0.0
CUST002192,22,26055.02,1184.3190909090908,9489.08,1,29.75,12.806818184998287,0.045454545454545456
CUST002193,21,14665.81,698.3719047619047,5397.92,0,21.00000000000872,12.166666680643543,0.0
CUST002194,19,6109.29,321.5415789473684,2114.65,0,12.250000000090496,10.960526316301463,0.0
CUST002195,22,7784.66,353.8481818181818,1254.34,0,14.0,11.295454545767994,0.0
CUST002196,15,10495.18,699.6786666666667,2719.42,0,14.000000000137966,11.900002282105138,0.0
CUST002197,28,19609.53,700.3403571428571,3252.59,0,14.000000000010198,11.500001131451302,0.0
CUST002198,22,10817.0,491.6818181818182,1668.25,0,12.250017183564974,11.215909873211267,0.0
CUST002199,22,19376.82,880.7645454545454,4541.04,0,14.0,11.85227331617803,0.0
CUST002200,19,7070.76,372.14526315789476,1485.24,0,14.0,12.157894736846526,0.0
CUST002201,22,15353.36,697.88,5821.0,0,17.5,12.329545455508919,0.0
CUST002202,27,12835.22,475.3785185185185,2752.81,0,14.000000000704356,12.120370372966445,0.0
CUST002203,19,21330.85,1122.6763157894736,13510.47,0,19.25,11.513164828646016,0.0
CUST002204,23,13907.06,604.6547826086957,2194.6,0,14.0,11.793478262054592,0.0
CUST002205,23,21228.16,922.9634782608696,3342.02,0,14.000000045525493,12.173913066674363,0.0
CUST002206,20,7582.03,379.1015,1157.0,0,14.000000001277646,11.812500000069267,0.0
CUST002207,28,17398.829999999998,621.3867857142857,5257.56,0,21.0,11.937500000363418,0.0
CUST002208,17,6224.3,366.13529411764705,1138.3,17,47.49999999999999,45.02941177284922,1.0
CUST002209,22,11365.24,516.6018181818182,2157.65,0,14.000000173857485,11.693182082920181,0.0
CUST002210,21,38381.04,1827.6685714285716,18243.83,0,24.5,12.75001003778877,0.0
CUST002211,31,25756.46,830.8535483870968,4736.56,0,14.000018465797377,11.572584523335188,0.0
CUST002212,20,12570.640000000001,628.532,4495.97,0,14.000000000064883,11.987500738188789,0.0
CUST002213,12,13313.94,1109.4950000000001,5656.06,0,14.0,11.520833794387618,0.0
CUST002214,26,11329.93,435.76653846153846,3696.87,0,14.000000000001751,11.644230776627658,0.0
CUST002215,25,21514.31,860.5724,5882.65,0,19.25000539222573,12.460000402578968,0.0
CUST002216,19,8620.54,453.7126315789474,1860.4,0,14.0,11.697368421114525,0.0
CUST002217,23,26546.79,1154.2082608695653,8766.67,0,24.5,12.554347869826838,0.0
CUST002218,24,19202.68,800.1116666666667,5297.41,0,17.5,12.031254835246349,0.0
CUST002219,36,22791.3,633.0916666666667,2648.39,0,14.0,11.423612807867572,0.0
CUST002220,22,9243.26,420.14818181818185,2487.92,0,12.250000053883442,11.534091294933457,0.0
CUST002221,19,9788.03,515.1594736842105,1645.6,0,14.000000000004476,11.513157969512145,0.0
CUST002222,19,11519.42,606.2852631578947,2814.71,0,14.000000002272152,11.60526520606374,0.0
CUST002223,24,15719.19,654.9662500000001,4620.68,0,14.000000000005684,12.031250003433373,0.0
CUST002224,24,21104.32,879.3466666666667,4396.49,0,14.000000019247294,11.593750001924555,0.0
CUST002225,23,12162.45,528.8021739130435,2953.99,0,12.250005666875468,11.565224458037735,0.0
CUST002226,33,44232.03,1340.3645454545454,13966.1,0,19.25345490251149,12.356165566976518,0.0
CUST002227,17,12296.17,723.3041176470588,2038.34,0,14.0,11.83823583600158,0.0
CUST002228,25,16556.31,662.2524000000001,2055.43,0,14.000000000005052,11.830000523326323,0.0
CUST002229,29,15840.619999999999,546.2282758620689,2683.48,0,14.0,12.008620873676021,0.0
CUST002230,19,11896.550000000001,626.1342105263159,3231.83,0,14.0,11.51315964411608,0.0
CUST002231,22,21847.79,993.0813636363637,5002.48,0,17.500000003226994,12.011363636550845,0.0
CUST002232,11,5098.28,463.47999999999996,1851.14,0,14.000000295413434,11.772727299583039,0.0
CUST002233,24,10094.699999999999,420.61249999999995,1596.97,0,12.250004830836062,11.739583534806163,0.0
CUST002234,21,8158.25,388.48809523809524,1495.95,0,14.000000002276987,11.833333338007051,0.0
CUST002235,31,22288.03,718.9687096774193,4259.72,0,14.0,11.79838741676552,0.0
CUST002236,29,10368.75,357.5431034482759,1918.69,0,14.00000000000053,11.46551730407146,0.0
CUST002237,20,16676.63,833.8315,3098.99,0,14.0,11.637500017569026,0.0
CUST002238,22,11086.55,503.93409090909086,1768.09,0,14.00000000005378,12.170454546469854,0.0
CUST002239,15,6924.29,461.6193333333333,2318.38,0,7.000000000155893,4.66666668583836,0.0
CUST002240,24,9036.5,376.5208333333333,1723.38,0,14.0,11.812500002267067,0.0
CUST002241,21,16719.12,796.1485714285714,2655.18,0,12.2500491746407,11.583335678166687,0.0
CUST002242,33,22441.28,680.0387878787878,5048.73,0,19.25,11.931818506736546,0.0
CUST002243,25,14428.06,577.1224,2553.67,0,12.250000020481714,11.200000044782623,0.0
CUST002244,23,13288.34,577.7539130434783,3908.86,0,14.0,11.717391837226701,0.0
CUST002245,25,37651.4,1506.056,12103.48,0,17.5,12.460000000000006,0.0
CUST002246,28,20662.04,737.9300000000001,3631.97,0,14.0,12.062500003011037,0.0
CUST002247,14,12873.54,919.5385714285715,7388.93,0,14.0,12.125000000550708,0.0
CUST002248,22,10575.07,480.685,2772.02,0,14.0,11.693181924803815,0.0
CUST002249,24,9429.33,392.88875,1990.3,0,14.000000000009052,11.812500294044847,0.0
CUST002250,25,13101.77,524.0708,1962.85,0,14.0,11.76000000166559,0.0
CUST002251,30,19042.79,634.7596666666667,7242.11,0,19.250017746859477,12.191667403308381,0.0
CUST002252,19,22808.46,1200.4452631578947,12249.85,0,24.5,12.526315794289175,0.0
CUST002253,22,18407.43,836.7013636363637,6947.32,0,17.5,12.409090913151898,0.0
CUST002254,27,11433.67,423.4692592592593,1935.55,0,14.0,11.601853635152814,0.0
CUST002255,38,23092.59,607.6997368421053,2242.55,0,14.00000070954598,11.421135818676207,0.0
CUST002256,15,10885.89,725.726,2821.74,0,14.0,11.900000000036743,0.0
CUST002257,25,22890.8,915.632,6041.85,25,51.00000000016051,45.47000001827393,1.0
CUST002258,18,9682.89,537.9383333333333,2135.5,0,14.000000000022064,11.95833343543082,0.0
CUST002259,24,11757.31,489.8879166666666,2077.2,0,14.000000280196858,11.447916678477908,0.0
CUST002260,26,18280.38,703.0915384615384,2988.21,0,14.0,11.442308734232107,0.0
CUST002261,27,14171.289999999999,524.8625925925926,4052.68,0,14.0,11.472222225085043,0.0
CUST002262,19,10140.42,533.7063157894737,1482.27,0,14.000000054497834,12.342109264698797,0.0
CUST002263,25,13988.300000000001,559.532,4125.84,0,12.250005673990495,11.760000312134903,0.0
CUST002264,25,20182.44,807.2976,4562.34,0,12.2508739915004,11.410035012527967,0.0
CUST002265,15,9348.53,623.2353333333334,2756.8,0,14.0,11.78333333338173,0.0
CUST002266,22,18205.85,827.5386363636363,3672.62,0,14.0,11.693181828900016,0.0
CUST002267,26,13240.91,509.26576923076925,1644.83,0,14.0,11.644230770065702,0.0
CUST002268,28,27875.52,995.5542857142857,4156.95,0,14.000000528658123,11.750000019654253,0.0
CUST002269,23,17401.04,756.5669565217391,3460.81,0,14.0,11.56521750194894,0.0
CUST002270,25,17358.75,694.35,2199.52,0,12.250000007616867,11.620000002226645,0.0
CUST002271,22,9211.22,418.6918181818182,1800.07,0,14.000004389804351,12.25000020179317,0.0
CUST002272,19,10513.630000000001,553.3489473684211,1636.9,0,14.000000000474817,11.973684210787725,0.0
CUST002273,25,22295.54,891.8216,6387.54,0,17.5,12.320002655085432,0.0
CUST002274,27,24626.53,912.0937037037037,13086.6,27,51.0,45.425925928447725,1.0
CUST002275,21,12522.3,596.3,1766.32,0,12.250002394524577,11.416666783677417,0.0
CUST002276,31,34289.75,1106.1209677419354,14461.92,0,19.25,12.306486961566911,0.0
CUST002277,20,10574.6,528.73,1347.03,0,14.0,11.9000026946053,0.0
CUST002278,21,13794.93,656.9014285714286,2000.93,0,14.0,11.666666683719821,0.0
CUST002279,20,9721.05,486.05249999999995,1289.11,0,14.000000000015438,11.637500006159488,0.0
CUST002280,29,13838.51,477.19,1996.04,0,14.00000000791998,11.646551734479928,0.0
CUST002281,28,19022.97,679.3917857142858,2268.65,0,14.0,11.75000010638295,0.0
CUST002282,27,47239.32,1749.6044444444444,16005.27,0,24.5,12.638890694820784,0.0
CUST002283,30,30784.67,1026.1556666666665,16383.99,0,19.25,11.958333333902779,0.0
CUST002284,21,23012.56,1095.8361904761905,5617.45,0,17.5,11.916670512306773,0.0
CUST002285,17,16866.62,992.1541176470588,6204.63,0,19.25,12.455882452352828,0.0
CUST002286,27,21500.2,796.3037037037037,2579.72,0,12.250000582126091,11.407407458896271,0.0
CUST002287,17,14054.390000000001,826.7288235294118,4654.68,0,14.000001667978768,12.044117788891883,0.0
CUST002288,27,11322.960000000001,419.36888888888893,1423.75,0,14.0,11.796296472327809,0.0
CUST002289,30,16913.91,563.797,2323.22,0,14.000000002454865,12.1333333342198,0.0
CUST002290,24,12159.49,506.6454166666667,1722.35,0,14.0,11.88541666990803,0.0
CUST002291,17,6841.2,402.4235294117647,1551.61,0,12.250000000000904,11.220590935661845,0.0
CUST002292,15,12137.4,809.16,3098.2,0,12.25000002681547,11.666666668940021,0.0
CUST002293,28,13884.09,495.86035714285714,1452.08,0,14.0,11.81250236931938,0.0
CUST002294,21,12186.470000000001,580.3080952380953,2733.94,0,14.000000502514885,11.416666692173205,0.0
CUST002295,24,12790.74,532.9475,1772.37,0,14.0,11.593752235413726,0.0
CUST002296,25,17824.85,712.9939999999999,4724.01,0,14.0,11.690000003760197,0.0
CUST002297,24,11524.02,480.1675,2086.42,0,14.0,11.885416667713914,0.0
CUST002298,21,25717.34,1224.635238095238,11600.48,0,19.25,12.250002699197559,0.0
CUST002299,24,29129.04,1213.71,19267.74,0,24.5,12.250000000595241,0.0
CUST002300,25,9572.33,382.8932,1599.76,15,26.75,24.37000079090499,0.6
CUST002301,25,21942.71,877.7084,7384.11,0,17.50000058689183,11.760000024923093,0.0
CUST002302,34,20647.43,607.2773529411764,5106.27,0,19.25,11.992648184289699,0.0
CUST002303,34,26975.02,793.3829411764706,8329.44,0,24.5,12.14705883089625,0.0
CUST002304,33,27286.56,826.8654545454546,2889.8,0,14.0,11.454550685288122,0.0
CUST002305,26,9707.36,373.36,1372.62,26,30.00000000000153,27.442307692750305,1.0
CUST002306,21,13852.64,659.6495238095238,2809.42,0,14.000000000073106,11.666666667626062,0.0
CUST002307,19,11491.59,604.8205263157895,2023.42,0,14.0,11.881591727179062,0.0
CUST002308,22,10789.130000000001,490.415,2171.79,0,14.0,11.77272727273347,0.0
CUST002309,21,19184.59,913.5519047619048,5066.93,0,21.000000000023697,12.333333443858391,0.0
CUST002310,17,13052.34,767.7847058823529,2810.58,0,14.000000000075309,11.83823542946017,0.0
CUST002311,28,27162.96,970.1057142857143,5490.85,0,19.25,12.187500012956571,0.0
CUST002312,27,17652.530000000002,653.7974074074075,2863.36,0,14.0,11.537061757247457,0.0
CUST002313,22,24913.21,1132.4186363636363,6990.85,0,19.25,12.250002400193408,0.0
CUST002314,27,22754.010000000002,842.7411111111112,5564.57,0,17.5,12.37962967599666,0.0
CUST002315,35,33209.53,948.8437142857142,11252.38,0,19.25,11.700021660895091,0.0
CUST002316,30,24282.309999999998,809.4103333333333,10755.05,0,17.5,12.075000047337094,0.0
CUST002317,23,17882.379999999997,777.4947826086956,2604.14,12,26.75000000012154,24.3913075805558,0.5217391304347826
CUST002318,22,11259.220000000001,511.7827272727273,5011.5,0,19.25,12.250000003223905,0.0
CUST002319,16,22093.63,1380.851875,4250.08,0,14.0,12.25000004515035,0.0
CUST002320,19,22791.19,1199.5363157894735,4519.76,0,14.0,12.065789531935419,0.0
CUST002321,20,7649.14,382.457,2195.88,0,14.000000456693888,11.987500022904147,0.0
CUST002322,20,16021.380000000001,801.0690000000001,2699.55,0,14.0,11.900000122139971,0.0
CUST002323,28,26328.85,940.3160714285714,3588.09,0,14.0,11.500000001008383,0.0
CUST002324,25,12115.18,484.60720000000003,2104.15,0,14.000000009304555,12.110000311054048,0.0
CUST002325,24,25005.5,1041.8958333333333,7488.25,0,22.75,12.104166666675516,0.0
CUST002326,31,22784.54,734.9851612903226,6130.48,0,17.500000244439416,11.96774252042856,0.0
CUST002327,37,29905.6,808.2594594594594,5555.48,0,17.5,12.013518444661461,0.0
CUST002328,30,12184.44,406.148,1639.93,0,14.0,11.608333347870124,0.0
CUST002329,26,24839.79,955.3765384615385,6266.0,0,21.00000439628557,12.25000369689347,0.0
CUST002330,25,15857.91,634.3164,6035.01,0,19.2500000285961,12.110000135477815,0.0
CUST002331,21,23135.54,1101.692380952381,6707.9,0,17.501292465614288,11.666728241101108,0.0
CUST002332,13,8729.21,671.4776923076922,3124.43,0,14.0,11.980769230769315,0.0
CUST002333,30,26627.98,887.5993333333333,13875.73,0,24.5,12.016667043048788,0.0
CUST002334,29,20022.01,690.4141379310345,2231.02,0,12.250000073908833,11.40518639449737,0.0
CUST002335,22,16728.97,760.4077272727274,4142.82,13,26.750031731281783,24.522728715169343,0.5909090909090909
CUST002336,22,14901.640000000001,677.3472727272728,5332.01,22,35.25,27.931818181819814,1.0
CUST002337,24,39749.39,1656.2245833333334,25005.33,0,22.75,11.812509209288294,0.0
CUST002338,26,18937.53,728.3665384615384,3303.27,0,14.000000000000185,11.442310267414184,0.0
CUST002339,29,15716.05,541.9327586206896,3921.27,0,14.000000000050193,12.008620804770423,0.0
CUST002340,23,24488.989999999998,1064.7386956521739,5630.36,0,17.5,11.86956535796314,0.0
CUST002341,23,13779.7,599.1173913043478,2864.41,0,12.250001534528964,11.565296822753549,0.0
CUST002342,27,13151.99,487.1107407407407,3166.32,27,30.000000000004874,27.73148148322087,1.0
CUST002343,22,24515.87,1114.3577272727273,6569.58,0,21.0,12.170472274816921,0.0
CUST002344,23,33051.72,1437.031304347826,7484.06,0,19.25,12.478260882845058,0.0
CUST002345,23,15394.039999999999,669.3060869565217,5337.11,0,24.50000000077048,12.40217392521215,0.0
CUST002346,15,8754.82,583.6546666666667,1839.9,0,14.0,11.433333333935078,0.0
CUST002347,22,20935.06,951.5936363636364,3744.76,0,14.0,11.693181876947934,0.0
CUST002348,28,21695.93,774.8546428571428,3507.88,0,14.000000158867438,11.687500005941448,0.0
CUST002349,25,46261.38,1850.4551999999999,32791.78,25,40.50000000073437,28.040000000055503,1.0
CUST002350,25,13313.779999999999,532.5512,2381.79,0,14.0,11.620000003982982,0.0
CUST002351,20,10218.61,510.93050000000005,2054.64,0,14.000000000009868,12.425000067134537,0.0
CUST002352,19,13891.38,731.1252631578947,3119.65,0,14.00000000816519,11.697387170003891,0.0
CUST002353,27,15750.1,583.337037037037,3422.65,0,14.0,11.796296299317122,0.0
CUST002354,24,17247.16,718.6316666666667,3136.85,0,14.0,11.666666671768388,0.0
CUST002355,22,11747.83,533.9922727272727,2215.9,0,14.0,11.534090911121524,0.0
CUST002356,23,23339.5,1014.7608695652174,5933.18,0,19.25,12.173913458632088,0.0
CUST002357,31,15397.53,496.69451612903225,2228.7,0,14.0,11.854838721435385,0.0
CUST002358,15,6429.7,428.64666666666665,2316.97,0,12.250000000100428,11.316666666679051,0.0
CUST002359,16,9479.74,592.48375,1540.52,0,12.25001039144799,11.37500064956653,0.0
CUST002360,24,23470.32,977.93,5947.99,0,17.5,11.95833336170647,0.0
CUST002361,26,26126.14,1004.8515384615384,6033.53,0,19.25,12.04807717229604,0.0
CUST002362,21,16645.09,792.6233333333333,2307.34,21,30.0,27.833333333333332,1.0
CUST002363,19,50057.189999999995,2634.5889473684206,30019.68,0,22.75,12.894736842735668,0.0
CUST002364,15,9979.69,665.3126666666667,2381.3,0,12.250000000354904,11.666668261161034,0.0
CUST002365,14,11842.279999999999,845.8771428571428,3771.26,0,12.250000001787916,11.500000000164494,0.0
CUST002366,29,20382.68,702.8510344827587,6363.27,0,17.5,11.646551787663354,0.0
CUST002367,20,14969.39,748.4694999999999,4188.11,0,14.00000000033846,11.287500011212979,0.0
CUST002368,24,16779.91,699.1629166666667,3194.7,0,14.0000094376687,11.375000667590582,0.0
CUST002369,27,22456.24,831.7125925925926,7454.21,0,17.50000130251248,11.472225113741539,0.0
CUST002370,18,12877.85,715.4361111111111,4581.39,0,12.250000778267312,11.569444497338575,0.0
CUST002371,27,14719.6,545.1703703703704,2621.84,0,14.0,11.731481545530475,0.0
CUST002372,22,17902.1,813.7318181818181,3573.73,0,14.0,11.534090912709287,0.0
CUST002373,23,16562.37,720.1030434782608,2923.64,0,14.000000000095683,12.02173913049468,0.0
CUST002374,22,28627.0,1301.2272727272727,7368.58,0,19.25,11.931818181872314,0.0
CUST002375,26,22582.55,868.5596153846153,7592.71,0,21.0,11.913461607497451,0.0
CUST002376,26,16738.59,643.7919230769231,3503.67,0,14.0,11.644230770792754,0.0
CUST002377,24,25667.88,1069.4950000000001,9235.8,0,22.75,12.031251583191505,0.0
CUST002378,22,10500.44,477.2927272727273,2297.53,0,7.0,4.613636888330807,0.0
CUST002379,16,5459.17,341.198125,951.2,0,14.000000000025109,11.81250000095275,0.0
CUST002380,19,11855.75,623.9868421052631,2361.63,0,14.0,11.697368426612455,0.0
CUST002381,20,20447.41,1022.3705,8396.24,0,22.75,12.33750001346267,0.0
CUST002382,24,19459.649999999998,810.8187499999999,7069.53,0,19.25,12.104174529860993,0.0
CUST002383,18,9723.41,540.1894444444445,2369.09,0,14.0,11.472222556640409,0.0
CUST002384,20,10256.529999999999,512.8264999999999,3670.64,0,14.000000000001098,11.725000006774092,0.0
CUST002385,22,12226.55,555.7522727272727,2847.43,0,14.0,11.693182996214889,0.0
CUST002386,21,21402.89,1019.1852380952381,5226.9,21,33.5,28.08333333410117,1.0
CUST002387,21,8597.65,409.41190476190474,1987.52,0,14.0,12.333333333924253,0.0
CUST002388,31,52998.07,1709.6151612903225,16536.24,0,17.5001257950637,12.024200163499005,0.0
CUST002389,27,15949.380000000001,590.7177777777778,2544.23,0,14.0,11.666666934290506,0.0
CUST002390,23,10419.25,453.0108695652174,1477.14,0,14.0,11.71740171023949,0.0
CUST002391,17,12485.42,734.4364705882354,6722.2,0,17.5,11.632352941178581,0.0
CUST002392,16,8703.29,543.955625,1844.0,0,14.0,11.593760556110182,0.0
CUST002393,26,15520.300000000001,596.9346153846154,3034.8,0,14.0,11.173083646498954,0.0
CUST002394,26,12177.33,468.3588461538462,3238.63,0,14.0,11.64423076923077,0.0
CUST002395,30,25250.34,841.678,7359.59,0,21.0,12.191666758902219,0.0
CUST002396,26,16317.46,627.5946153846154,2519.08,0,14.000000000315874,11.84615385038837,0.0
CUST002397,25,13808.72,552.3488,3145.27,0,14.000000002359773,11.76000000898782,0.0
CUST002398,30,15036.76,501.22533333333337,2911.36,0,14.00000000009526,12.075008752014352,0.0
CUST002399,29,16977.2,585.4206896551724,1940.4,0,14.0,11.706898577577853,0.0
CUST002400,23,12260.1,533.0478260869565,3118.57,16,26.75,24.619565258705784,0.6956521739130435
CUST002401,23,21292.86,925.7765217391304,6243.37,0,19.25,11.869566777298576,0.0
CUST002402,28,18694.68,667.6671428571428,4142.62,0,17.5,11.687516736172569,0.0
CUST002403,35,47094.63,1345.560857142857,8478.32,0,24.5,12.60000034668538,0.0
CUST002404,20,17901.63,895.0815,5059.8,0,17.50000000089105,12.250000968231129,0.0
CUST002405,33,22831.85,691.8742424242424,3114.44,0,12.250000349100574,11.34848511244158,0.0
CUST002406,16,10821.28,676.33,3646.41,0,12.250000000235714,11.484375018280087,0.0
CUST002407,22,16839.46,765.43,7626.5,0,17.5,11.85227431919821,0.0
CUST002408,28,21531.47,768.9810714285715,4830.47,0,14.0,12.06250000369417,0.0
CUST002409,28,14282.05,510.07321428571424,3466.34,0,14.0,11.37500336779137,0.0
CUST002410,25,16935.54,677.4216,7741.32,0,17.5,11.970000007316628,0.0
CUST002411,31,19016.6,613.4387096774193,3463.21,0,14.0,12.024193594911418,0.0
CUST002412,20,10889.16,544.458,2689.87,0,14.0,12.075004728997063,0.0
CUST002413,24,13637.66,568.2358333333333,2511.99,0,12.25000001605981,11.375001147782262,0.0
CUST002414,21,9367.15,446.0547619047619,2747.52,12,26.750000000115392,24.58333335468313,0.5714285714285714
CUST002415,29,25061.44,864.1875862068965,3914.85,0,14.0,11.827622677039916,0.0
CUST002416,25,29658.53,1186.3411999999998,4975.34,18,26.75,24.720000399947093,0.72
CUST002417,20,17175.55,858.7774999999999,2839.19,0,14.0000000034815,11.900000538408534,0.0
CUST002418,20,17550.39,877.5195,6426.12,0,17.50000011872163,11.462500027030018,0.0
CUST002419,29,14920.91,514.5141379310345,2667.14,0,14.000000000189544,11.646551727839325,0.0
CUST002420,23,16842.03,732.2621739130434,2151.35,0,14.000000001657218,11.641304347988555,0.0
CUST002421,30,20061.600000000002,668.72,3733.96,0,14.0,12.01666748199015,0.0
CUST002422,32,35379.57,1105.6115625,7981.32,0,19.250000054648247,12.085938793891641,0.0
CUST002423,23,12162.66,528.8113043478261,2729.85,0,14.000000003839116,12.021739131524123,0.0
CUST002424,25,18450.46,738.0183999999999,3220.58,0,14.0,11.690000473138783,0.0
CUST002425,27,18518.91,685.8855555555556,3082.41,0,14.0,11.666666692886068,0.0
CUST002426,18,7538.23,418.79055555555556,1590.23,18,30.0,27.180555559879295,1.0
CUST002427,30,32147.32,1071.5773333333334,8940.01,0,22.75,12.250024078650597,0.0
CUST002428,29,16614.79,572.9237931034484,4467.19,0,14.0,11.70689655196133,0.0
CUST002429,20,12194.56,609.728,1691.16,0,14.000000308945893,12.075000112840312,0.0
CUST002430,20,16038.73,801.9365,2351.92,0,14.0,11.725000004968916,0.0
CUST002431,17,13704.95,806.1735294117648,7836.77,0,17.5,11.838235295496055,0.0
CUST002432,23,14675.52,638.0660869565218,2193.7,0,14.000000048571293,11.945652464921643,0.0
CUST002433,14,14682.060000000001,1048.7185714285715,4145.92,10,25.000000920949432,24.500000343809486,0.7142857142857143
CUST002434,25,10733.83,429.3532,1587.91,0,14.000000014763048,11.690000009036703,0.0
CUST002435,20,21751.26,1087.5629999999999,4960.53,0,14.0,11.550024629849684,0.0
CUST002436,20,11565.4,578.27,2738.05,0,14.0,11.98750000089876,0.0
CUST002437,25,16110.22,644.4087999999999,2678.93,0,14.0,11.4800012276308,0.0
CUST002438,28,25687.06,917.3950000000001,6168.56,16,30.250000008074785,24.687500060146704,0.5714285714285714
CUST002439,24,12787.369999999999,532.8070833333333,2450.41,0,14.0,11.812500000646303,0.0
CUST002440,19,8965.16,471.85052631578947,1312.87,0,14.000000000000018,11.697368575421349,0.0
CUST002441,29,16834.21,580.49,1875.18,0,14.0,12.068971584113426,0.0
CUST002442,25,24624.260000000002,984.9704,6339.25,12,32.0,24.5800000149061,0.48
CUST002443,30,21254.95,708.4983333333333,3827.12,0,14.0,11.550000004138912,0.0
CUST002444,21,10655.45,507.402380952381,2081.23,21,30.0,27.83333333367349,1.0
CUST002445,17,11692.22,687.7776470588235,3367.78,0,14.000000012233684,11.838235298005696,0.0
CUST002446,25,16131.75,645.27,3797.78,0,14.0,11.270000257156106,0.0
CUST002447,27,12034.09,445.707037037037,2228.42,0,14.0,11.731481640923265,0.0
CUST002448,13,13467.87,1035.99,9031.77,0,17.5,12.384615391078565,0.0
CUST002449,24,17323.969999999998,721.8320833333332,4739.19,0,14.000000009565756,11.739583419327298,0.0
CUST002450,26,13979.58,537.6761538461539,3094.15,0,14.000000001854572,11.64423076931096,0.0
CUST002451,27,24749.07,916.6322222222223,3365.38,14,26.75,24.222253411617302,0.5185185185185185
CUST002452,33,9232.24,279.76484848484847,1469.51,0,14.0,11.507584618373588,0.0
CUST002453,32,24352.16,761.005,3097.66,0,14.0,11.648437583559897,0.0
CUST002454,23,23271.1,1011.7869565217391,4868.48,0,14.0,11.869565864690845,0.0
CUST002455,16,8350.5,521.90625,1384.11,0,14.000000000000572,11.70312518021504,0.0
CUST002456,21,15726.140000000001,748.8638095238096,2774.09,0,14.0000000165178,11.916666859070517,0.0
CUST002457,21,17518.559999999998,834.2171428571428,2955.72,0,14.0,11.916666743339174,0.0
CUST002458,25,11853.5,474.14,1686.64,0,14.0,11.550000943649795,0.0
CUST002459,20,16918.02,845.9010000000001,5666.55,0,17.5,12.162500767892004,0.0
CUST002460,28,18647.8,665.9928571428571,3888.12,0,14.0,11.687500006310062,0.0
CUST002461,35,34865.77,996.164857142857,4914.86,0,14.0,11.750000001711053,0.0
CUST002462,15,29605.81,1973.7206666666668,7196.39,0,24.500000023383464,14.116666668229481,0.0
CUST002463,20,13162.46,658.1229999999999,2581.54,0,14.0,11.637500001119294,0.0
CUST002464,26,11330.54,435.79,1949.42,0,14.0,11.240384617230195,0.0
CUST002465,22,31079.06,1412.6845454545455,8050.22,22,48.25,36.87500001487773,1.0
CUST002466,21,36095.23,1718.8204761904763,12762.83,0,24.5,12.666666749314809,0.0
CUST002467,18,9857.2,547.6222222222223,2846.36,0,14.000000000433024,11.861111115586707,0.0
CUST002468,18,13286.04,738.1133333333333,2183.05,0,12.250000645557972,11.08333375480563,0.0
CUST002469,32,26641.2,832.5375,4235.09,0,14.000000000571433,12.140625824207829,0.0
CUST002470,18,14157.24,786.5133333333333,6351.29,0,19.25,11.958335386664523,0.0
CUST002471,17,13601.99,800.1170588235294,4557.3,0,14.0,11.838237125802394,0.0
CUST002472,42,20810.12,495.4790476190476,2268.45,0,14.0,11.416666724242853,0.0
CUST002473,23,13361.75,580.945652173913,2380.99,0,14.0,11.565217627598313,0.0
CUST002474,20,15295.65,764.7825,3751.7,0,12.250139771239905,11.46250701060836,0.0
CUST002475,25,13687.27,547.4908,3107.66,0,14.000000248553018,11.620001202965412,0.0
CUST002476,16,13968.42,873.02625,4709.4,16,30.0,27.703125004112795,1.0
CUST002477,13,5070.75,390.0576923076923,1199.09,0,14.0,11.846153868810928,0.0
CUST002478,25,12618.93,504.7572,4137.99,0,14.000000002226926,11.900000199885604,0.0
CUST002479,31,22638.670000000002,730.2796774193549,3763.34,0,14.0,11.79838923099191,0.0
CUST002480,27,33814.92,1252.4044444444444,13660.96,0,17.5,11.861439196872665,0.0
CUST002481,23,14212.59,617.9386956521739,2145.67,0,12.25000002621846,11.184782609880523,0.0
CUST002482,23,20228.45,879.4978260869566,3884.91,0,14.0,11.413043487035578,0.0
CUST002483,18,8629.56,479.41999999999996,1207.15,0,14.000000002119371,11.958333459948015,0.0
CUST002484,37,31086.2,840.1675675675676,6328.79,0,21.00000001888377,12.013528957240949,0.0
CUST002485,26,10977.7,422.2192307692308,1432.49,0,12.250098458650726,11.576926896295316,0.0
CUST002486,18,18255.04,1014.1688888888889,6800.22,0,17.5,11.763888938824984,0.0
CUST002487,24,14832.41,618.0170833333333,2886.59,24,30.0,27.593750017486162,1.0
CUST002488,24,19287.829999999998,803.6595833333332,3384.67,0,14.000000000157572,11.666666672728352,0.0
CUST002489,27,27192.25,1007.1203703703703,17439.02,0,22.75,12.44444444474461,0.0
CUST002490,15,7914.8,527.6533333333333,1130.8,0,14.0,11.900000000012136,0.0
CUST002491,28,18033.72,644.0614285714286,3677.75,0,14.000000089205312,11.875000005984683,0.0
CUST002492,29,24627.19,849.213448275862,3085.13,0,12.250005997757953,11.163793330646936,0.0
CUST002493,15,10896.92,726.4613333333333,6442.58,0,19.25,12.600000000020179,0.0
CUST002494,18,13976.96,776.4977777777777,2135.91,0,14.0,11.666666844750981,0.0
CUST002495,26,13190.31,507.31961538461536,1960.78,0,14.00000008898892,11.576923840292055,0.0
CUST002496,26,13492.1,518.9269230769231,2539.19,0,14.0,11.644231312490556,0.0
CUST002497,22,11090.41,504.10954545454547,2904.24,0,12.250000001532992,11.693181833902768,0.0
CUST002498,29,28815.7,993.6448275862069,12207.17,0,19.25,12.008620697658397,0.0
CUST002499,27,16967.780000000002,628.4362962962964,3083.58,0,14.000000017162272,11.990746773642913,0.0
CUST002500,25,24880.43,995.2172,6825.69,0,22.75,12.60000154132876,0.0
CUST002501,18,10904.54,605.8077777777778,2771.51,0,14.0,11.76388919032059,0.0
CUST002502,21,13980.130000000001,665.7204761904762,3489.29,0,14.0,11.50000371011013,0.0
CUST002503,18,15902.15,883.4527777777778,2724.47,0,14.0,11.472222367590096,0.0
CUST002504,28,26306.829999999998,939.5296428571428,7827.87,0,17.5,11.937500109503144,0.0
CUST002505,27,23168.3,858.0851851851852,5286.21,0,17.5,11.666666767845632,0.0
CUST002506,29,14409.68,496.8855172413793,2619.66,0,14.000000003966838,12.008625535748667,0.0
CUST002507,26,22907.68,881.0646153846154,4767.92,0,14.0,11.711538572468884,0.0
CUST002508,26,20998.11,807.6196153846154,4534.6,0,14.0,11.576923077562897,0.0
CUST002509,21,21637.77,1030.3700000000001,6704.96,0,21.0,12.083333340809356,0.0
CUST002510,30,28011.25,933.7083333333334,6882.36,0,17.500001394535378,12.016668525416545,0.0
CUST002511,20,21992.9,1099.645,6063.17,0,19.25,11.987500000022212,0.0
CUST002512,14,7502.15,535.8678571428571,2048.81,0,14.000000362649748,12.250000819672378,0.0
CUST002513,28,16538.63,590.6653571428571,2048.21,0,14.0,11.562500021175353,0.0
CUST002514,22,14515.13,659.7786363636363,2790.01,0,14.000000240890268,11.931818200163656,0.0
CUST002515,20,23598.38,1179.919,10876.97,0,17.5,12.075000454438955,0.0
CUST002516,21,17955.85,855.0404761904762,6899.86,0,24.5,12.33333337767481,0.0
CUST002517,23,14219.24,618.2278260869565,3922.48,0,14.00000000019658,11.869565372932753,0.0
CUST002518,25,19098.28,763.9312,4461.41,0,12.250008144905904,11.340007303940459,0.0
CUST002519,29,26624.98,918.1027586206897,4245.21,0,14.0,11.46563651229228,0.0
CUST002520,27,18412.27,681.935925925926,2430.3,0,14.0,11.731481615497009,0.0
CUST002521,21,15012.69,714.89,2572.16,0,14.0,11.500000083072164,0.0
CUST002522,22,11279.86,512.7209090909091,3589.87,0,14.000000000001265,11.931818318451066,0.0
CUST002523,19,10778.9,567.3105263157895,1959.3,0,14.000000000035214,11.881578953641723,0.0
CUST002524,36,31587.399999999998,877.4277777777777,5473.07,0,19.25,12.152793141518076,0.0
CUST002525,20,11960.48,598.024,2538.51,20,30.0,27.55000095766473,1.0
CUST002526,29,15373.68,530.1268965517241,3526.36,0,14.0,11.706897040585323,0.0
CUST002527,30,19441.09,648.0363333333333,5658.96,0,19.25,12.133333334131608,0.0
CUST002528,32,19900.32,621.885,1910.58,0,14.000000000099233,11.648441150356573,0.0
CUST002529,16,8754.83,547.176875,3398.68,0,14.0,11.375000218970452,0.0
CUST002530,30,14209.01,473.63366666666667,1994.63,0,14.0,11.550000234409168,0.0
CUST002531,21,12368.39,588.9709523809523,5153.84,0,19.25,12.000000330338523,0.0
CUST002532,27,21409.18,792.9325925925926,4255.29,0,14.0,11.601860730333575,0.0
CUST002533,26,15026.17,577.9296153846154,3501.68,0,14.0,11.77884678415908,0.0
CUST002534,24,13744.57,572.6904166666667,2999.91,0,14.00000000028504,11.885416666741657,0.0
CUST002535,24,16465.32,686.055,3882.54,0,14.0,11.812500021567594,0.0
CUST002536,18,12430.93,690.6072222222223,3135.22,0,14.0,11.47222222726528,0.0
CUST002537,30,16117.179999999998,537.2393333333333,2392.99,0,12.250000017480607,11.316666919701637,0.0
CUST002538,24,12160.27,506.6779166666667,1651.06,0,12.250000000404862,11.447916666935457,0.0
CUST002539,26,12241.32,470.82,1877.73,0,14.000000000109273,11.644230774163322,0.0
CUST002540,33,44488.71,1348.1427272727271,6170.37,33,33.500035930022044,28.409092001512693,1.0
CUST002541,28,33117.98,1182.785,6664.43,0,17.500000084429384,11.875048193148823,0.0
CUST002542,22,27007.3,1227.6045454545454,6139.03,0,19.25,12.090909715301212,0.0
CUST002543,19,10173.119999999999,535.4273684210526,3513.45,0,7.0,4.052631764939286,0.0
CUST002544,28,15747.640000000001,562.4157142857143,2415.8,0,14.00005106191116,11.875003170841547,0.0
CUST002545,28,15143.189999999999,540.8282142857142,3612.84,0,14.0,11.500010804117517,0.0
CUST002546,24,21220.63,884.1929166666667,3315.18,0,14.000000277536046,11.520833344909521,0.0
CUST002547,25,20847.34,833.8936,6041.34,0,17.500000128714422,12.180000368505917,0.0
CUST002548,22,14518.69,659.9404545454546,2658.57,0,14.00000000001923,11.693181849278586,0.0
CUST002549,23,19918.81,866.0352173913044,7210.83,0,17.5,11.717393495015207,0.0
CUST002550,30,14966.14,498.8713333333333,3379.96,0,14.000000054083422,11.608334083109982,0.0
CUST002551,34,25540.71,751.1973529411764,5989.62,0,17.5,11.683823535853286,0.0
CUST002552,28,9931.14,354.6835714285714,2106.56,0,14.0,11.562500004585255,0.0
CUST002553,30,22362.81,745.427,6058.41,0,19.25,12.308334031635338,0.0
CUST002554,27,22355.56,827.9837037037038,5583.84,0,22.75,12.120370390242146,0.0
CUST002555,21,11844.27,564.0128571428571,2996.39,0,14.000000000064931,12.000000034818141,0.0
CUST002556,25,13344.6,533.784,2738.8,0,14.000000005428312,11.480000001359436,0.0
CUST002557,22,13236.4,601.6545454545454,3521.29,0,14.000000000003736,11.534091261007417,0.0
CUST002558,14,8681.68,620.12,2508.9,0,12.250000000006604,11.375001494140394,0.0
CUST002559,27,17336.13,642.078888888889,3807.55,0,14.000000000003352,11.472369905851455,0.0
CUST002560,25,16558.14,662.3256,3690.67,0,14.0,11.410000015009325,0.0
CUST002561,25,25768.52,1030.7408,7541.4,15,32.00000223359125,24.720001105963952,0.6
CUST002562,25,16107.59,644.3036,4080.58,0,14.00000000000166,11.900000034883796,0.0
CUST002563,21,5671.9,270.0904761904762,768.01,0,14.0,11.666666676474742,0.0
CUST002564,15,25036.300000000003,1669.0866666666668,12286.32,0,22.75,13.066666666989446,0.0
CUST002565,28,17381.61,620.7717857142858,2466.16,0,14.000000450101954,11.625000388289212,0.0
CUST002566,20,13515.15,675.7574999999999,3483.42,0,14.000000034968911,11.987506645873465,0.0
CUST002567,15,10378.17,691.878,4310.75,0,14.0,11.66666666668549,0.0
CUST002568,18,20062.57,1114.5872222222222,8731.11,1,26.25,12.736111111182616,0.05555555555555555
CUST002569,23,13590.800000000001,590.904347826087,2391.8,0,14.000022130052626,11.717392269509011,0.0
CUST002570,23,12774.84,555.4278260869565,1908.24,0,14.000000003412024,11.7173926244532,0.0
CUST002571,25,25771.12,1030.8447999999999,8545.29,0,22.750000781393688,12.390050099461593,0.0
CUST002572,28,20666.3,738.0821428571428,4529.17,0,14.00000000000107,11.750000000141968,0.0
CUST002573,31,13289.42,428.6909677419355,4172.94,0,14.000000000349193,11.403225942743086,0.0
CUST002574,17,13448.460000000001,791.0858823529412,3388.72,0,14.000000000000467,11.323538266724844,0.0
CUST002575,15,2285.4300000000003,152.36200000000002,666.08,0,14.000000000008674,11.666666667125718,0.0
CUST002576,20,13294.42,664.721,2707.95,0,12.250000262025988,11.375000013435344,0.0
CUST002577,20,9912.16,495.608,2001.69,0,14.000001139887098,11.812500060370395,0.0
CUST002578,21,13520.39,643.8280952380952,7606.88,0,17.500000004835268,11.500000036811965,0.0
CUST002579,17,51463.24999999999,3027.2499999999995,41764.88,1,26.25,12.661771043212552,0.058823529411764705
CUST002580,30,15001.55,500.0516666666666,2170.13,0,14.0,11.78333439948054,0.0
CUST002581,25,14652.98,586.1192,5826.31,0,17.50000000059003,11.900000089214718,0.0
CUST002582,24,24493.17,1020.5487499999999,11271.28,0,24.5,12.031287702529795,0.0
CUST002583,22,14801.7,672.8045454545455,4944.6,13,26.75,24.522727280199145,0.5909090909090909
CUST002584,18,15272.53,848.473888888889,4107.31,0,14.000000000375486,11.569445299834587,0.0
CUST002585,19,11055.51,581.8689473684211,3042.8,0,17.5,12.250000000259591,0.0
CUST002586,24,23756.54,989.8558333333334,6843.51,0,19.25,11.739583517938195,0.0
CUST002587,24,21596.99,899.8745833333334,5843.46,0,19.25,12.177083669206311,0.0
CUST002588,23,10219.8,444.3391304347826,1432.16,0,14.000000000276597,11.336959129872449,0.0
CUST002589,23,13734.87,597.1682608695653,2004.39,14,26.750000000004142,24.543478260922303,0.6086956521739131
CUST002590,18,6107.96,339.3311111111111,1224.81,0,14.0,11.763888889027275,0.0
CUST002591,22,11971.9,544.1772727272727,2757.48,0,14.0,11.613636580023384,0.0
CUST002592,29,13316.06,459.1744827586207,4091.1,20,26.750000000004537,24.698275874709317,0.6896551724137931
CUST002593,30,19162.75,638.7583333333333,3907.66,0,14.000000153167168,11.49166667198379,0.0
CUST002594,28,24813.93,886.2117857142857,4667.73,0,12.25001174190004,11.687500421602484,0.0
CUST002595,22,10329.03,469.5013636363637,1923.18,0,14.0,11.693181818229162,0.0
CUST002596,26,33857.93,1302.228076923077,5342.51,0,21.000002022665427,12.384615510081193,0.0
CUST002597,16,9939.89,621.243125,1900.04,14,26.75,24.890625000047514,0.875
CUST002598,24,19009.67,792.0695833333333,4661.2,0,14.0,11.812501490565415,0.0
CUST002599,26,22982.36,883.9369230769231,7395.81,26,33.50000000030369,28.250000032241243,1.0
CUST002600,30,11380.39,379.3463333333333,1628.18,0,14.0,11.783333397918769,0.0
CUST002601,28,18709.12,668.1828571428571,3500.61,0,14.000000000511344,11.625001687066458,0.0
CUST002602,22,11411.12,518.6872727272728,1593.4,0,14.0,11.29545521830882,0.0
CUST002603,24,11923.52,496.81333333333333,1641.26,0,14.0,11.885416666950162,0.0
CUST002604,28,13827.35,493.8339285714286,2847.93,0,14.000000001487628,12.000082834133993,0.0
CUST002605,26,32254.41,1240.5542307692308,14354.48,0,24.5,12.250000005093337,0.0
CUST002606,25,20605.62,824.2248,5152.34,0,19.25,12.040000070792077,0.0
CUST002607,19,7730.25,406.85526315789474,2058.19,0,14.0,11.60526318938995,0.0
CUST002608,28,23662.8,845.1,6739.87,0,17.5,11.875000017364433,0.0
CUST002609,15,7999.27,533.2846666666667,1577.47,0,7.0,4.200045313235229,0.0
CUST002610,23,15526.25,675.054347826087,3224.32,0,14.0,11.793478845849362,0.0
CUST002611,30,23760.62,792.0206666666667,4048.21,0,14.0,11.43333334890432,0.0
CUST002612,24,21553.5,898.0625,3988.63,0,14.000000000002226,11.73958356227041,0.0
CUST002613,17,4147.27,243.95705882352945,687.86,0,14.0,12.455882353021806,0.0
CUST002614,18,17444.34,969.13,7699.46,0,17.5,12.05555578176105,0.0
CUST002615,25,18796.14,751.8456,7589.18,0,19.25,12.180002225074148,0.0
CUST002616,24,11590.69,482.9454166666667,1737.06,0,14.0,11.812504953565487,0.0
CUST002617,20,12599.06,629.953,3079.02,20,30.00000000014019,27.900000029267023,1.0
CUST002618,31,17953.94,579.1593548387096,3653.97,0,14.000000001408292,11.91130839249648,0.0
CUST002619,24,21831.01,909.6254166666666,11097.41,24,35.25,27.958333352690833,1.0
CUST002620,25,12711.630000000001,508.46520000000004,3807.26,12,26.75,24.16000010386316,0.48
CUST002621,26,24340.670000000002,936.1796153846154,7135.93,0,19.25003373592791,11.44231209886735,0.0
CUST002622,25,15389.4,615.576,2933.21,0,14.0,11.550002679053726,0.0
CUST002623,20,11046.68,552.3340000000001,2702.56,0,14.000000000000266,11.900000030928657,0.0
CUST002624,14,16212.01,1158.0007142857144,4517.32,10,26.75,24.62500000169802,0.7142857142857143
CUST002625,23,16270.31,707.4047826086957,2904.42,0,14.0,12.021750774553855,0.0
CUST002626,26,18274.93,702.881923076923,4025.2,0,14.000000014005671,11.778846159330255,0.0
CUST002627,19,8906.58,468.76736842105265,2228.43,0,14.0,11.789473868833548,0.0
CUST002628,24,10600.06,441.6691666666666,3177.49,0,17.5,11.885416666772445,0.0
CUST002629,28,19967.11,713.1110714285714,5836.57,28,35.250000000003176,27.875000001141125,1.0
CUST002630,19,18115.01,953.4215789473683,6221.67,0,17.5,11.973684210749287,0.0
CUST002631,26,16140.1,620.7730769230769,2790.03,0,14.00000000040078,12.115384626892556,0.0
CUST002632,26,16132.83,620.4934615384616,5739.68,0,17.5,11.77884739479151,0.0
CUST002633,19,8938.51,470.4478947368421,3180.34,19,30.0,27.697368421127994,1.0
CUST002634,28,13863.17,495.11321428571426,3641.98,0,14.0,11.875000001262991,0.0
CUST002635,18,15437.880000000001,857.6600000000001,6136.64,18,40.5,28.833333333347998,1.0
CUST002636,23,15264.48,663.6730434782609,2321.63,0,14.000001645314882,11.64130457846303,0.0
CUST002637,18,21041.8,1168.9888888888888,4958.74,10,26.75,24.513888892952973,0.5555555555555556
CUST002638,28,14006.79,500.2425,2131.56,0,14.0,11.500000003637854,0.0
CUST002639,30,28101.79,936.7263333333334,5435.08,0,17.5,12.075000402758587,0.0
CUST002640,25,19979.91,799.1964,3756.98,0,14.000000024096725,11.480000033357822,0.0
CUST002641,24,12013.67,500.56958333333336,1818.07,0,12.250000000125713,11.739583333853231,0.0
CUST002642,21,23587.71,1123.2242857142858,6640.15,0,19.25000000304158,12.000000320738494,0.0
CUST002643,18,13547.47,752.6372222222221,3802.89,0,14.000000000736271,12.055555555626308,0.0
CUST002644,26,16230.0,624.2307692307693,5113.7,0,19.25,11.913468188206325,0.0
CUST002645,16,13201.75,825.109375,5120.1,0,19.25,12.031250139715487,0.0
CUST002646,35,35320.92,1009.1691428571428,16077.51,0,19.25,12.10002045536896,0.0
CUST002647,20,19703.6,985.18,5001.15,0,19.25,12.075005840593288,0.0
CUST002648,29,21373.15,737.0051724137932,6869.64,0,19.25,12.008625320195375,0.0
CUST002649,20,11441.64,572.082,3849.55,0,14.000000001321034,11.550000092219266,0.0
CUST002650,26,15274.28,587.4723076923077,2435.01,0,14.0,11.846156986941006,0.0
CUST002651,26,14801.07,569.271923076923,3234.24,0,14.0,11.71153870090305,0.0
CUST002652,28,23677.46,845.6235714285714,5872.78,0,17.5,11.937568668714352,0.0
CUST002653,20,5590.66,279.533,761.75,0,14.000000000030363,11.637500004105624,0.0
CUST002654,30,35677.81,1189.2603333333332,9692.35,1,28.0,12.016708832664532,0.03333333333333333
CUST002655,28,20665.65,738.0589285714286,6612.3,0,22.75,12.062500000147265,0.0
CUST002656,19,14384.3,757.0684210526315,5983.36,0,19.25,11.605264587460278,0.0
CUST002657,21,14327.869999999999,682.2795238095238,2843.49,0,14.0,11.833333373236831,0.0
CUST002658,18,14474.77,804.1538888888889,4892.25,0,14.0,11.472222314753534,0.0
CUST002659,18,11717.28,650.96,2560.88,0,12.250000119254878,11.66666667679215,0.0
CUST002660,20,34028.259999999995,1701.4129999999998,11982.23,20,35.250000001510294,28.250000000086526,1.0
CUST002661,22,25202.16,1145.5527272727272,10895.87,0,17.5,11.613636418715181,0.0
CUST002662,31,26565.96,856.9664516129031,8294.82,0,24.5,12.080665178812696,0.0
CUST002663,17,18815.47,1106.7923529411764,9052.72,0,22.75,12.661764706062016,0.0
CUST002664,25,22990.760000000002,919.6304000000001,6308.8,1,26.25,12.740000288238303,0.04
CUST002665,33,42563.020000000004,1289.788484848485,7616.06,0,19.25,12.409090916452385,0.0
CUST002666,22,19412.88,882.4036363636365,9519.38,0,24.5,12.250000001388578,0.0
CUST002667,36,33050.2,918.061111111111,4270.56,0,14.000000000175968,11.472223357272139,0.0
CUST002668,19,6720.98,353.7357894736842,1450.52,0,14.0,11.697368422002988,0.0
CUST002669,28,24511.0,875.3928571428571,5117.18,0,17.5,11.750000267345841,0.0
CUST002670,15,8203.220000000001,546.8813333333334,1559.17,0,12.250000000082634,11.316666666677262,0.0
CUST002671,25,24134.7,965.388,8117.6,0,22.75,12.110025050040578,0.0
CUST002672,18,9578.56,532.1422222222222,1678.72,0,14.0,11.569444541195146,0.0
CUST002673,31,18710.05,603.55,3835.97,0,14.000001140160736,11.911298218859226,0.0
CUST002674,24,17587.44,732.81,5868.29,24,40.50000000000383,28.32291666777819,1.0
CUST002675,15,10946.41,729.7606666666667,2592.84,0,14.00000000528794,11.66666666707726,0.0
CUST002676,25,11080.14,443.2056,1663.4,0,14.0,11.340000002575168,0.0
CUST002677,18,10513.81,584.1005555555555,1965.8,0,14.0,11.666666666843831,0.0
CUST002678,22,15044.26,683.83,2929.74,0,12.250000129719972,11.534090914995874,0.0
CUST002679,24,24039.83,1001.6595833333334,6195.24,0,19.25,12.031250052689275,0.0
CUST002680,21,12857.96,612.2838095238095,4477.8,0,14.0,11.25000000658268,0.0
CUST002681,23,14456.42,628.54,2028.07,0,14.00000000101474,11.869566503129414,0.0
CUST002682,30,14576.539999999999,485.88466666666665,2286.49,0,14.000000000682771,11.725000036462301,0.0
CUST002683,24,14805.0,616.875,3993.2,13,25.00000000533549,24.19791679971068,0.5416666666666666
CUST002684,29,20547.78,708.5441379310345,3947.97,0,14.0,11.344827743488603,0.0
CUST002685,20,19136.88,956.844,3839.59,0,14.0,11.812521711130268,0.0
CUST002686,33,24358.9,738.1484848484849,4664.3,0,14.000000950508644,11.772731976951706,0.0
CUST002687,24,19528.05,813.6687499999999,4351.15,0,14.0,11.083333334346108,0.0
CUST002688,25,17557.71,702.3084,3122.75,25,30.000000000000064,28.180000011945367,1.0
CUST002689,26,10839.55,416.9057692307692,2607.2,0,14.0,11.913461548487918,0.0
CUST002690,29,34949.3,1205.148275862069,13646.41,0,19.25,12.370689671222914,0.0
CUST002691,30,20154.11,671.8036666666667,4049.18,0,14.0,11.550001228939045,0.0
CUST002692,30,21292.29,709.743,5025.45,0,17.5,11.725000002010649,0.0
CUST002693,22,9149.32,415.8781818181818,2183.97,0,14.0,11.454545455658588,0.0
CUST002694,27,45579.49,1688.1292592592592,33794.53,1,26.25,12.120370446117844,0.037037037037037035
CUST002695,21,11631.74,553.8923809523809,3392.97,0,14.00000000005854,11.833334381884574,0.0
CUST002696,20,11261.01,563.0505,2719.17,0,12.250000001329244,11.025000079527622,0.0
CUST002697,30,25024.96,834.1653333333333,4131.94,0,12.250640815651352,11.433354968808198,0.0
CUST002698,23,16282.09,707.9169565217392,7314.19,23,37.0,28.402173913043953,1.0
CUST002699,26,33422.020000000004,1285.4623076923078,13803.86,0,22.750000023484585,12.519230779620047,0.0
CUST002700,18,14740.08,818.8933333333333,4799.3,0,14.0,11.763888889087946,0.0
CUST002701,18,18404.72,1022.4844444444445,8364.39,1,26.25,12.541667080999112,0.05555555555555555
CUST002702,26,11177.710000000001,429.91192307692313,1619.58,0,12.250000023354204,11.44230781309009,0.0
CUST002703,24,13540.58,564.1908333333333,2251.68,0,14.0,11.739588123906914,0.0
CUST002704,18,16440.43,913.3572222222223,3642.25,0,14.0,11.569445099679465,0.0
CUST002705,31,54082.149999999994,1744.5854838709677,34780.84,0,21.00000006322545,11.911339763702507,0.0
CUST002706,17,16317.0,959.8235294117648,9514.06,1,26.25,12.352941179388406,0.058823529411764705
CUST002707,21,32266.83,1536.5157142857145,6079.42,0,19.25,12.750001498491084,0.0
CUST002708,19,15387.69,809.8784210526316,3005.67,0,14.0,11.32894740119314,0.0
CUST002709,21,24082.1,1146.7666666666667,8236.08,1,28.0,13.25000008984168,0.047619047619047616
CUST002710,18,8694.77,483.0427777777778,2019.72,0,12.250000000012523,11.569444444445484,0.0
CUST002711,11,13372.560000000001,1215.6872727272728,6142.21,0,14.0,12.090909092074337,0.0
CUST002712,27,20712.34,767.1237037037037,4121.54,0,14.0,11.731481496115281,0.0
CUST002713,25,18938.09,757.5236,4653.17,0,14.000000005292671,11.550000063373702,0.0
CUST002714,22,16179.09,735.4131818181818,2954.72,0,12.250000000838655,11.056843228128331,0.0
CUST002715,26,27552.3,1059.7038461538461,5674.39,0,17.5,11.846153987591133,0.0
CUST002716,21,13593.02,647.2866666666666,5699.16,0,17.5,11.750000040110324,0.0
CUST002717,20,13007.6,650.38,4620.49,0,14.00000000010004,11.725000060092913,0.0
CUST002718,22,13749.4,624.9727272727273,4349.69,0,14.0,11.613643974574957,0.0
CUST002719,27,33314.21,1233.8596296296296,10420.46,27,35.25,27.990740753233577,1.0
CUST002720,16,9817.82,613.61375,3541.02,7,26.75,24.125000685092495,0.4375
CUST002721,24,14167.22,590.3008333333333,3094.02,0,14.0,12.104167039507248,0.0
CUST002722,24,14777.67,615.73625,2975.43,0,14.0,11.520833333333334,0.0
CUST002723,23,29436.87,1279.8639130434783,14077.4,0,24.5,12.250000183073716,0.0
CUST002724,20,17099.239999999998,854.9619999999999,8563.81,0,24.500000000147686,12.075000014406958,0.0
CUST002725,24,18132.62,755.5258333333333,2002.21,0,14.000000000150882,12.031250018770095,0.0
CUST002726,19,19252.09,1013.2678947368421,4114.59,0,14.0,11.881578948503595,0.0
CUST002727,26,23620.45,908.4788461538462,8057.6,0,24.50000023192366,11.913461549346824,0.0
CUST002728,24,17365.89,723.57875,3820.16,0,14.00000000003755,11.52083333333777,0.0
CUST002729,27,29331.84,1086.3644444444444,5779.77,0,19.31231891995812,11.993048955866081,0.0
CUST002730,26,8061.17,310.045,1428.73,0,14.0,11.711538463988488,0.0
CUST002731,27,15105.59,559.4662962962963,5126.06,27,35.25,27.666666667400023,1.0
CUST002732,26,13227.76,508.76,3026.49,0,14.0,11.71155861786964,0.0
CUST002733,13,16224.619999999999,1248.0476923076922,11152.17,0,12.250000253447716,11.173076942572902,0.0
CUST002734,25,20212.89,808.5156,3065.55,0,14.000000000183269,11.830000222433814,0.0
CUST002735,27,14496.48,536.9066666666666,1939.55,0,14.000000031110622,11.990741515840549,0.0
CUST002736,21,30100.3,1433.347619047619,8650.26,0,24.5,12.750000584361809,0.0
CUST002737,24,44535.58,1855.6491666666668,23884.15,0,19.25000016982668,12.1041667394078,0.0
CUST002738,29,16107.16,555.4193103448276,2858.25,0,14.00000001268769,11.827586207337296,0.0
CUST002739,21,16865.78,803.1323809523809,3762.03,0,14.000004834886376,11.416667303303392,0.0
CUST002740,21,15213.07,724.4319047619048,3095.7,0,14.0,12.083333704653487,0.0
CUST002741,18,19061.649999999998,1058.9805555555554,9763.13,1,29.75,12.347222222368943,0.05555555555555555
CUST002742,30,18209.63,606.9876666666667,5827.51,0,21.0,11.841667268315586,0.0
CUST002743,19,10139.67,533.6668421052632,1977.3,0,12.250000638937548,11.328947404981042,0.0
CUST002744,24,16127.98,671.9991666666666,2562.54,0,14.000000000061256,11.812500000333664,0.0
CUST002745,16,9446.07,590.379375,1960.82,0,14.00000070621506,12.031250219342263,0.0
CUST002746,27,24240.75,897.8055555555555,4167.3,0,14.0,11.212963008312887,0.0
CUST002747,27,25634.96,949.442962962963,8299.89,0,22.75,12.120374862016675,0.0
CUST002748,33,19951.19,604.5815151515151,4552.98,0,14.0,11.825758626771837,0.0
CUST002749,17,9198.32,541.0776470588235,1789.22,0,14.0,11.735294176437769,0.0
CUST002750,27,16504.37,611.2729629629629,3299.98,0,14.0,11.861111120084423,0.0
CUST002751,19,14290.130000000001,752.1121052631579,4644.1,0,12.250000000048477,11.4210526315815,0.0
CUST002752,21,16527.34,787.0161904761904,3764.69,0,14.0,12.000000017298158,0.0
CUST002753,26,12873.32,495.1276923076923,2800.36,0,14.000001083786064,11.509615442734056,0.0
CUST002754,19,11127.04,585.6336842105263,3682.04,0,14.0,12.065789473688834,0.0
CUST002755,24,11727.18,488.6325,2087.69,0,14.00000000003621,11.302083398843301,0.0
CUST002756,25,18410.95,736.438,3598.56,0,14.0,11.410000005800862,0.0
CUST002757,26,20281.17,780.045,6540.65,0,19.25,12.250000000095687,0.0
CUST002758,17,18555.39,1091.4935294117647,9409.2,1,28.0,12.558823529690592,0.058823529411764705
CUST002759,24,17428.89,726.20375,4459.73,0,14.000000004357997,11.666667040527402,0.0
CUST002760,29,25160.11,867.59,3380.95,0,14.0000000000029,11.646551896895442,0.0
CUST002761,18,12041.08,668.9488888888889,3155.57,0,7.0,4.375000000286914,0.0
CUST002762,23,15828.58,688.1991304347827,2809.34,0,14.000000000057089,12.021739234684915,0.0
CUST002763,28,22932.82,819.0292857142857,6187.7,0,17.5,12.312501060297349,0.0
CUST002764,26,10936.85,420.6480769230769,1785.85,0,14.0,11.71153862205606,0.0
CUST002765,28,22641.53,808.6260714285714,6043.09,0,17.5,11.750001381563989,0.0
CUST002766,28,20543.46,733.6949999999999,4768.66,0,14.0,11.375000504702234,0.0
CUST002767,18,17879.03,993.2794444444444,6732.44,0,19.25,12.05555556228942,0.0
CUST002768,27,15736.78,582.8437037037037,3072.38,0,14.000000307879157,11.925927020515992,0.0
CUST002769,20,18386.31,919.3155,6913.57,0,19.25,11.900000718958355,0.0
CUST002770,18,20436.74,1135.3744444444446,10108.24,0,17.5,12.250000002307395,0.0
CUST002771,19,14433.19,759.6415789473684,2421.0,0,14.0,11.881578953429113,0.0
CUST002772,31,16188.33,522.2041935483871,2998.03,0,14.00000000018692,11.741935491184798,0.0
CUST002773,31,25047.86,807.9954838709677,4971.87,0,14.00000048782844,11.572601332721263,0.0
CUST002774,14,9375.56,669.6828571428571,1977.34,0,14.0,12.250000003369959,0.0
CUST002775,29,19382.48,668.3613793103448,4111.83,0,14.00000000001437,11.706897752681531,0.0
CUST002776,18,10950.01,608.3338888888889,1561.21,0,14.0,11.666666667390935,0.0
CUST002777,24,13840.78,576.6991666666667,2769.64,0,14.00000000051975,12.104166666742586,0.0
CUST002778,24,20976.4,874.0166666666668,3808.72,0,14.0,11.812500038615482,0.0
CUST002779,16,7641.200000000001,477.57500000000005,2324.01,0,14.000000017461447,12.250000092012815,0.0
CUST002780,24,17757.2,739.8833333333333,4433.92,0,14.00000776881712,11.666671093469459,0.0
CUST002781,28,12665.8,452.34999999999997,1940.44,0,14.0,11.687500011259715,0.0
CUST002782,30,35658.689999999995,1188.6229999999998,9102.38,30,43.99999999999999,28.366666671851917,1.0
CUST002783,26,13588.7,522.6423076923077,3322.03,0,14.000000000534277,11.509615408234254,0.0
CUST002784,25,15948.71,637.9484,3377.6,0,14.000001242381265,11.480000052015628,0.0
CUST002785,23,22058.22,959.053043478261,3733.76,23,30.00000000000948,27.79347826186583,1.0
CUST002786,31,23246.3,749.8806451612903,3743.4,0,14.00000000004136,11.967746499738018,0.0
CUST002787,21,9225.59,439.31380952380954,1452.62,0,14.000000000010578,11.333384805429741,0.0
CUST002788,25,29517.24,1180.6896000000002,17015.86,0,22.75,11.90000002277033,0.0
CUST002789,23,13544.18,588.8773913043478,1335.74,0,14.000000001329818,11.793578607906591,0.0
CUST002790,17,13923.119999999999,819.0070588235294,2912.0,0,12.25,11.220588249058665,0.0
CUST002791,27,17919.81,663.6966666666667,3884.87,0,14.000000025534764,11.861112165349008,0.0
CUST002792,29,24763.98,853.9303448275862,3860.46,0,14.000000007284754,11.646552106371304,0.0
CUST002793,19,15736.440000000002,828.2336842105265,9387.2,1,26.25,12.157895014923165,0.05263157894736842
CUST002794,14,4231.46,302.2471428571429,1095.69,8,26.7500000000846,24.500000030385724,0.5714285714285714
CUST002795,15,8025.7699999999995,535.0513333333333,2064.12,0,14.0,11.550004549393552,0.0
CUST002796,31,15783.9,509.158064516129,2445.25,0,14.000000000022933,11.68548406549484,0.0
CUST002797,28,17681.41,631.4789285714286,3385.62,0,14.0,11.875000897802181,0.0
CUST002798,24,22593.33,941.3887500000001,13132.26,0,24.5,12.541666673173589,0.0
CUST002799,20,10053.91,502.6955,1826.49,0,14.00000000001633,11.637500021115544,0.0
CUST002800,28,14362.35,512.9410714285715,3210.59,0,14.0,11.750002759331666,0.0
CUST002801,27,22143.22,820.1192592592593,4405.21,0,14.0,11.861111123117428,0.0
CUST002802,22,9658.52,439.0236363636364,1904.13,0,14.0,11.693181820295784,0.0
CUST002803,22,16601.14,754.5972727272728,3506.01,0,14.0,11.77272731091742,0.0
CUST002804,29,16115.380000000001,555.7027586206897,2186.12,0,14.0,11.646585515824203,0.0
CUST002805,21,22841.94,1087.7114285714285,6112.57,0,19.250046418292044,12.333335550782925,0.0
CUST002806,30,14927.52,497.584,2039.06,0,14.0,11.66666819117813,0.0
CUST002807,23,7972.09,346.61260869565217,1020.37,17,26.75000000025562,24.771739130446612,0.7391304347826086
CUST002808,34,20238.31,595.2444117647059,3732.16,0,14.00000000044543,12.1470588404163,0.0
CUST002809,18,22904.36,1272.4644444444446,8060.94,0,24.5,12.638889297099366,0.0
CUST002810,15,5719.73,381.3153333333333,1163.26,0,5.250000000193374,4.666706893900383,0.0
CUST002811,26,16116.38,619.8607692307692,5583.36,0,22.75,12.182692308933772,0.0
CUST002812,29,20537.12,708.1765517241379,4951.12,0,14.000000029150904,11.88793147356342,0.0
CUST002813,25,17950.21,718.0083999999999,3079.26,0,14.000000000326695,11.340013792160734,0.0
CUST002814,25,10869.539999999999,434.78159999999997,1690.57,0,12.250000001673582,11.55000000009075,0.0
CUST002815,20,12194.43,609.7215,2104.44,0,14.000000000086091,11.637504102881145,0.0
CUST002816,16,10214.08,638.38,3329.45,0,14.000000000554662,11.375000071068753,0.0
CUST002817,24,39237.44,1634.8933333333334,12956.62,0,19.25,12.833333993061702,0.0
CUST002818,25,25926.28,1037.0511999999999,6724.79,0,19.25,12.04,0.0
CUST002819,20,10914.2,545.71,4325.88,0,14.0,11.637500000554107,0.0
CUST002820,24,14329.119999999999,597.0466666666666,2987.25,0,14.0,11.520833736420832,0.0
CUST002821,33,15407.07,466.8809090909091,2168.75,0,12.25000063375376,11.507576105880299,0.0
CUST002822,28,25823.36,922.2628571428571,5340.11,0,19.250000001038423,12.062500404638882,0.0
CUST002823,33,41270.35,1250.6166666666666,9111.61,0,22.75,12.196969697398316,0.0
CUST002824,27,19836.89,734.6996296296296,2952.76,0,14.0,11.796296391869134,0.0
CUST002825,31,37747.68,1217.6670967741936,15680.61,0,19.25,12.137097644973643,0.0
CUST002826,26,23330.77,897.3373076923077,4820.69,0,14.0,11.913463980908691,0.0
CUST002827,24,19193.14,799.7141666666666,6578.1,0,19.25,11.812500000991635,0.0
CUST002828,25,12714.27,508.5708,2568.91,0,14.00000001262418,11.690000077949177,0.0
CUST002829,19,10093.84,531.2547368421052,3951.93,0,17.5,11.88157896466284,0.0
CUST002830,21,27095.79,1290.2757142857142,14249.39,0,17.5,12.083333349744994,0.0
CUST002831,22,5492.42,249.65545454545455,1281.39,0,14.0,11.53409092666409,0.0
CUST002832,18,6170.0,342.77777777777777,1090.8,0,14.00000000007522,11.277777778556576,0.0
CUST002833,24,11930.29,497.0954166666667,2151.17,0,14.0,11.885421047514809,0.0
CUST002834,28,21266.89,759.5317857142857,3173.17,0,14.000000044372564,11.56250053663799,0.0
CUST002835,17,5717.7,336.33529411764704,1266.5,0,14.0,11.426470589285124,0.0
CUST002836,22,15956.37,725.2895454545455,6825.84,0,22.75,11.931818902487931,0.0
CUST002837,20,16687.9,834.3950000000001,3967.71,0,14.000000000632854,11.550000089623982,0.0
CUST002838,25,24230.239999999998,969.2095999999999,10064.39,0,19.25,12.390000147416359,0.0
CUST002839,23,47558.56,2067.7634782608693,25119.16,1,28.0,12.85869577530407,0.043478260869565216
CUST002840,29,41960.83,1446.9251724137932,12164.55,1,28.97348245539572,12.585369096606325,0.034482758620689655
CUST002841,22,19546.45,888.475,3684.77,0,14.00000000005648,11.772736337544154,0.0
CUST002842,17,26427.39,1554.5523529411764,13776.04,0,19.25,12.147073000625317,0.0
CUST002843,27,15093.529999999999,559.0196296296295,2214.29,0,14.0,11.601851953054544,0.0
CUST002844,18,6821.69,378.98277777777776,1522.8,0,14.0,12.152777778667682,0.0
CUST002845,29,13689.7,472.0586206896552,2277.85,0,14.0,11.70689655172695,0.0
CUST002846,23,19778.829999999998,859.9491304347825,5826.61,15,37.24999999999999,25.07608695707163,0.6521739130434783
CUST002847,18,11055.08,614.1711111111111,3581.85,0,14.0,12.055555597119008,0.0
CUST002848,20,25456.31,1272.8155000000002,8643.89,1,29.75,12.775001044172935,0.05
CUST002849,31,15437.98,497.9993548387097,1932.12,0,14.00000004581775,11.685483875395756,0.0
CUST002850,24,9412.32,392.18,1775.06,0,14.0,11.37500017442045,0.0
CUST002851,22,22236.76,1010.7618181818181,3523.78,0,14.00000000069064,11.852274488285332,0.0
CUST002852,25,18989.59,759.5836,2614.86,0,14.000000000009706,11.55000000073575,0.0
CUST002853,17,9642.17,567.1864705882354,1824.78,0,12.25,11.117647058823529,0.0
CUST002854,27,19157.16,709.5244444444444,3069.89,0,14.000000000001426,11.796296558593205,0.0
CUST002855,19,20191.48,1062.7094736842105,5213.28,0,17.5,12.065795635139315,0.0
CUST002856,32,16248.529999999999,507.76656249999996,2209.74,0,14.0,11.375029139251069,0.0
CUST002857,21,13891.87,661.5176190476191,3048.25,0,14.0,11.416668489109055,0.0
CUST002858,27,24029.49,889.9811111111112,5049.41,0,19.25,12.055599024517775,0.0
CUST002859,18,8434.77,468.59833333333336,1418.17,0,14.0,11.277777797041203,0.0
CUST002860,20,8992.07,449.6035,1738.06,0,14.0,11.987500004974347,0.0
CUST002861,27,14377.31,532.4929629629629,3315.92,0,14.0,11.796296325548122,0.0
CUST002862,30,18237.25,607.9083333333333,3855.64,0,14.000001529898126,11.725162209859027,0.0
CUST002863,17,11504.46,676.7329411764705,4208.51,0,12.25000632775299,11.529412137479781,0.0
CUST002864,19,21055.11,1108.1636842105263,6450.76,0,21.0,11.881578947470974,0.0
CUST002865,29,23440.3,808.2862068965517,3014.11,0,14.000000009439775,11.586206901996384,0.0
CUST002866,27,23864.8,883.8814814814815,4382.57,0,14.000000000001334,12.055555559447598,0.0
CUST002867,22,18510.46,841.3845454545454,9280.76,0,24.5,12.488636369859075,0.0
CUST002868,31,29473.1,950.7451612903226,10090.47,31,37.0,27.911290446568184,1.0
CUST002869,18,13700.05,761.1138888888888,1923.5,0,14.0,11.861111482068573,0.0
CUST002870,27,23488.48,869.9437037037037,5180.33,0,19.25,11.861111121484793,0.0
CUST002871,28,24667.84,880.9942857142858,2991.59,0,14.0,11.562518239335988,0.0
CUST002872,23,12883.35,560.145652173913,1760.14,0,14.0,11.641305730107836,0.0
CUST002873,20,15358.94,767.947,6007.48,1,26.25,12.250000081488219,0.05
CUST002874,35,39084.33,1116.6951428571429,10560.25,0,19.25,12.100031041124549,0.0
CUST002875,18,9725.18,540.2877777777778,2891.44,0,14.0,11.569444444496034,0.0
CUST002876,23,18852.48,819.6730434782609,4297.16,0,14.0,11.945652176191805,0.0
CUST002877,25,31179.06,1247.1624000000002,5771.04,0,17.5,11.830000207567796,0.0
CUST002878,25,12503.07,500.1228,2208.4,0,14.000000000191182,11.900000000066392,0.0
CUST002879,26,24261.46,933.1330769230769,8063.76,0,22.750000900085237,12.182693496656462,0.0
CUST002880,20,15093.08,754.654,3992.12,0,14.0,11.550000000934647,0.0
CUST002881,17,11617.470000000001,683.3805882352942,3661.84,0,14.0,11.632352941254268,0.0
CUST002882,27,21520.48,797.0548148148148,4517.26,0,14.000000008700647,11.666882341700175,0.0
CUST002883,16,8389.06,524.31625,2127.21,0,12.250000001013072,11.59375003117519,0.0
CUST002884,21,13793.84,656.8495238095238,4306.61,13,25.00000001265364,24.333333347631896,0.6190476190476191
CUST002885,22,17567.41,798.5186363636363,7182.26,0,19.250000005317123,11.852272734018193,0.0
CUST002886,26,25684.149999999998,987.851923076923,8289.92,0,22.75,12.048076952860969,0.0
CUST002887,25,21300.97,852.0388,3768.23,0,14.0,11.69000000168012,0.0
CUST002888,22,20532.75,933.3068181818181,8878.74,0,24.5,12.647727279839906,0.0
CUST002889,23,21692.79,943.1647826086956,5869.74,0,24.5,12.706521739362042,0.0
CUST002890,21,10604.68,504.9847619047619,1888.07,0,14.0,11.58333384045827,0.0
CUST002891,35,32700.85,934.31,8354.63,1,28.0,12.000001212824392,0.02857142857142857
CUST002892,30,18080.55,602.685,2911.86,0,14.0,11.841666679068236,0.0
CUST002893,22,9780.14,444.55181818181813,3062.77,0,14.000000000000934,11.852272727314954,0.0
CUST002894,29,27463.91,947.0313793103448,9884.13,1,26.25,12.7327586209063,0.034482758620689655
CUST002895,23,22420.14,974.7886956521739,10213.8,0,17.5,12.097826102660367,0.0
CUST002896,31,20541.65,662.6338709677419,4279.67,0,14.0,11.629063582077757,0.0
CUST002897,35,15473.02,442.08628571428574,3773.54,18,26.75,24.250005034624955,0.5142857142857142
CUST002898,22,7775.7,353.4409090909091,1570.49,0,14.000000000078384,11.534090913269663,0.0
CUST002899,22,22676.14,1030.7336363636364,5935.58,0,19.2500000131115,11.772727273653366,0.0
CUST002900,25,13506.58,540.2632,1979.8,0,14.0,11.410000215544098,0.0
CUST002901,26,19372.4,745.0923076923077,6318.68,0,21.0,11.913461540781299,0.0
CUST002902,22,16116.59,732.5722727272728,3094.84,0,14.00000001183937,11.61363986590721,0.0
CUST002903,23,13392.6,582.2869565217392,3376.42,0,12.25,11.717391304347826,0.0
CUST002904,23,33555.01,1458.9134782608696,7182.07,23,51.0,46.13043478260942,1.0
CUST002905,27,19081.809999999998,706.7337037037037,4187.99,0,14.000000000499956,11.601852257363802,0.0
CUST002906,20,13972.55,698.6274999999999,4173.19,0,14.0,11.725000000894006,0.0
CUST002907,26,12709.64,488.83230769230767,1749.13,26,30.000000002859124,27.77884615441784,1.0
CUST002908,23,23555.34,1024.1452173913044,5741.71,0,19.25,12.326087889816089,0.0
CUST002909,19,13443.61,707.5584210526316,5593.79,0,21.000000000002306,11.881578947368542,0.0
CUST002910,23,26867.13,1168.1360869565217,13093.25,0,19.25,12.478260888691075,0.0
CUST002911,30,25353.41,845.1136666666666,5166.49,0,19.25,11.900002790953154,0.0
CUST002912,29,21999.67,758.6093103448276,3999.86,29,30.000000000594227,28.129310344870156,1.0
CUST002913,23,8188.2,356.0086956521739,1913.24,0,14.0,11.641304348645962,0.0
CUST002914,26,31727.71,1220.2965384615384,10489.31,0,17.500000013580674,12.18269307673751,0.0
CUST002915,30,13611.91,453.7303333333333,4281.7,0,17.5,11.900000000189369,0.0
CUST002916,21,11387.48,542.2609523809524,1680.53,0,12.25000002278007,11.666672738045492,0.0
CUST002917,27,15469.37,572.9396296296296,2618.38,0,14.000000338572468,11.731481500346943,0.0
CUST002918,22,28396.21,1290.736818181818,5113.67,0,17.5,11.93182267851414,0.0
CUST002919,23,18907.11,822.0482608695653,5265.11,0,17.5,11.718297403116537,0.0
CUST002920,27,14566.08,539.4844444444444,2296.67,0,14.000000079913494,11.990740751690938,0.0
CUST002921,21,27087.47,1289.8795238095238,10654.59,0,17.5,11.750005397710945,0.0
CUST002922,27,24200.74,896.3237037037038,5280.78,0,19.250000007611213,11.731518100573757,0.0
CUST002923,21,8514.119999999999,405.4342857142857,1563.2,0,14.000000457009754,11.750000022434765,0.0
CUST002924,17,11022.35,648.3735294117647,1835.69,0,14.000000001701752,11.632353152725159,0.0
CUST002925,24,10577.42,440.72583333333336,1084.47,14,26.750002521929154,24.48958364358406,0.5833333333333334
CUST002926,21,18496.9,880.804761904762,9251.37,14,42.5,25.41666667153934,0.6666666666666666
CUST002927,30,15907.789999999999,530.2596666666666,2235.94,0,14.0,11.491710925807157,0.0
CUST002928,23,17211.21,748.3134782608695,2459.95,0,14.0,12.021743947240964,0.0
CUST002929,21,12951.01,616.7147619047619,2488.14,0,14.00000000000882,11.500000028169945,0.0
CUST002930,25,17695.010000000002,707.8004000000001,3207.3,0,14.0,11.690005191685712,0.0
CUST002931,13,12561.56,966.2738461538461,3532.44,0,12.250020822009462,11.57692467961268,0.0
CUST002932,24,17219.95,717.4979166666667,2443.84,0,14.0,11.812500001260764,0.0
CUST002933,19,15835.35,833.4394736842105,3188.64,0,14.0,11.513159328620779,0.0
CUST002934,19,15406.79,810.8836842105263,4845.7,0,14.0,11.328947368608487,0.0
CUST002935,22,12477.130000000001,567.1422727272728,1972.96,0,14.0,11.375000000022768,0.0
CUST002936,17,13167.33,774.5488235294117,3042.74,0,14.0,11.941176470608438,0.0
CUST002937,25,12130.75,485.23,4136.64,0,14.00000025516529,11.690000033202555,0.0
CUST002938,16,7196.06,449.75375,2423.92,0,12.250001621934532,11.484375102104224,0.0
CUST002939,22,20425.73,928.4422727272727,11289.57,0,19.25,12.488636503394941,0.0
CUST002940,17,13823.91,813.1711764705882,2544.08,0,14.000001134246888,11.735294185937693,0.0
CUST002941,31,18769.98,605.4832258064516,4095.57,0,12.250000027302749,11.291457113494046,0.0
CUST002942,27,23420.21,867.4151851851851,6722.44,0,17.5,11.925929979066277,0.0
CUST002943,31,14130.64,455.82709677419354,2093.56,0,14.000000009717754,11.685486697764253,0.0
CUST002944,26,17497.66,672.9869230769231,3683.54,26,28.25000000063204,27.644235172435682,1.0
CUST002945,20,9485.14,474.25699999999995,1524.13,0,14.0,11.550003766900925,0.0
CUST002946,23,8786.01,382.0004347826087,1665.23,0,14.000000000052808,11.641304356017745,0.0
CUST002947,23,16831.06,731.7852173913044,3326.58,0,14.000000000290628,11.793478276163526,0.0
CUST002948,25,16148.68,645.9472000000001,3789.95,0,14.0,11.550017477540289,0.0
CUST002949,23,13392.68,582.2904347826087,3855.83,0,14.000000021872388,12.09782613164222,0.0
CUST002950,21,10728.44,510.8780952380953,1922.1,0,12.250000000313694,11.750000000369427,0.0
CUST002951,22,15526.06,705.73,3049.39,0,14.0,11.454554876723263,0.0
CUST002952,27,35154.27,1302.01,17689.01,0,19.25,11.796296298296951,0.0
CUST002953,25,13737.17,549.4868,2502.3,0,14.0,11.620000009936723,0.0
CUST002954,25,16792.07,671.6828,5088.24,0,17.50000000059679,11.970000000907067,0.0
CUST002955,30,17170.53,572.351,4924.54,0,15.749999999999998,12.075000398032135,0.0
CUST002956,22,18386.65,835.7568181818183,5945.14,0,17.5,12.011363639537153,0.0
CUST002957,24,19594.61,816.4420833333334,7811.94,14,30.25,24.70833337623237,0.5833333333333334
CUST002958,20,11142.5,557.125,4550.46,0,12.250000006209882,11.72500209401084,0.0
CUST002959,29,14886.99,513.3444827586206,2172.57,0,14.0,11.94827600636707,0.0
CUST002960,30,18181.36,606.0453333333334,7369.89,0,19.25,12.016678676642153,0.0
CUST002961,30,64685.81,2156.1936666666666,27273.67,1,28.0,12.716666826742129,0.03333333333333333
CUST002962,19,35819.81,1885.2531578947367,15197.75,0,19.250000050688048,12.434210966250925,0.0
CUST002963,24,14762.5,615.1041666666666,3191.98,0,14.0,11.666666666713908,0.0
CUST002964,33,41770.56,1265.7745454545454,16393.59,0,19.250038350092424,11.984860572994796,0.0
CUST002965,30,25165.1,838.8366666666666,5872.25,0,19.25,11.666681047739711,0.0
CUST002966,35,19726.09,563.6025714285714,2271.47,0,14.0000000329254,11.75000009601373,0.0
CUST002967,29,19271.04,664.5186206896552,4835.44,0,14.0,11.767241777200596,0.0
CUST002968,16,14810.27,925.641875,5222.72,0,19.25,12.031250018211727,0.0
CUST002969,27,34871.64,1291.542222222222,7073.54,0,19.25,12.250007477450099,0.0
CUST002970,18,13612.94,756.2744444444445,3164.46,0,14.0,11.569444444444688,0.0
CUST002971,31,14987.99,483.4835483870968,3701.84,0,14.00000013969081,11.741935933028104,0.0
CUST002972,23,10773.25,468.4021739130435,2378.0,0,14.000000001551308,11.793481316893189,0.0
CUST002973,24,13216.56,550.6899999999999,3641.06,0,14.0,11.30208353117433,0.0
CUST002974,25,19841.6,793.664,7993.98,0,17.5000000049601,12.250000189018028,0.0
CUST002975,24,15230.56,634.6066666666667,3859.6,0,14.0,11.520833354989248,0.0
CUST002976,22,10711.55,486.88863636363635,1916.28,0,14.000000000260387,11.772727272780037,0.0
CUST002977,18,15680.08,871.1155555555556,5228.13,0,17.5,12.25001178604238,0.0
CUST002978,24,32521.370000000003,1355.0570833333334,10539.44,0,19.25,12.250000008552988,0.0
CUST002979,21,24168.22,1150.8676190476192,13870.31,1,26.25,12.333333337682145,0.047619047619047616
CUST002980,18,6871.639999999999,381.75777777777773,1111.8,0,12.250000000691962,11.375000003817092,0.0
CUST002981,27,17787.04,658.7792592592593,5771.41,0,17.500355846447846,11.925939130883327,0.0
CUST002982,23,18607.97,809.0421739130435,3575.22,0,14.0,11.184782608717999,0.0
CUST002983,28,29669.5,1059.625,7062.5,0,21.0,11.750000017142481,0.0
CUST002984,22,28088.01,1276.7277272727272,7575.22,0,19.25,12.329546347621282,0.0
CUST002985,24,15850.22,660.4258333333333,2780.85,0,14.000000031105516,11.812500003213836,0.0
CUST002986,14,8968.17,640.5835714285714,1676.35,0,12.250000000012095,11.250001230205005,0.0
CUST002987,20,14724.21,736.2104999999999,5537.01,0,17.5,11.900000202199791,0.0
CUST002988,30,17421.66,580.722,1795.3,0,14.000002248206492,11.666666779775428,0.0
CUST002989,19,11705.5,616.078947368421,4832.78,0,14.000000000126493,11.789473684238375,0.0
CUST002990,23,20997.21,912.9221739130435,9607.7,0,24.5,12.250000002799732,0.0
CUST002991,25,12395.12,495.80480000000006,2733.28,0,14.0,11.830000306180615,0.0
CUST002992,28,13979.4,499.2642857142857,2225.66,15,26.75,24.25000000354697,0.5357142857142857
CUST002993,23,33421.01,1453.0873913043479,7776.45,0,19.25,12.32608725862839,0.0
CUST002994,29,22880.33,788.9768965517242,4520.39,0,14.000000002211143,11.948275862561257,0.0
CUST002995,31,27304.41,880.7874193548387,6540.01,0,19.25000009197445,11.629033977621424,0.0
CUST002996,22,7001.35,318.2431818181818,780.9,0,14.0,11.53409094123029,0.0
CUST002997,26,16854.09,648.2342307692307,5192.74,0,17.5,11.644246944942388,0.0
CUST002998,38,41676.98,1096.7626315789475,8811.04,0,22.75,11.927650200489225,0.0
CUST002999,25,18703.67,748.1468,3081.5,0,14.000000000547756,11.760000020290008,0.0
CUST003000,23,15039.44,653.888695652174,3424.67,0,14.0,11.413043510928038,0.0
CUST003001,22,19719.45,896.3386363636364,3087.22,0,12.25000019157554,11.375054313450585,0.0
CUST003002,17,11176.95,657.4676470588236,2736.75,0,14.0,12.044118868460309,0.0
CUST003003,24,20019.83,834.1595833333334,4865.95,24,30.0,27.81250000221132,1.0
CUST003004,26,12352.8,475.1076923076923,2294.31,0,14.0,11.711538565373079,0.0
CUST003005,26,15708.33,604.1665384615385,1798.02,0,14.00000021541094,11.644232846543236,0.0
CUST003006,33,28085.850000000002,851.0863636363637,4038.86,0,14.00000000000293,11.560613223927957,0.0
CUST003007,30,17394.2,579.8066666666667,4039.87,0,14.0,11.725006185510724,0.0
CUST003008,31,26013.13,839.1332258064516,4287.07,0,14.0,11.798387099619237,0.0
CUST003009,18,8783.130000000001,487.9516666666667,1431.11,0,14.0,11.5694444468422,0.0
CUST003010,18,24517.699999999997,1362.0944444444442,17573.82,0,12.25,4.95838476353704,0.0
CUST003011,27,9644.17,357.1914814814815,1326.8,0,14.0,11.731481722809493,0.0
CUST003012,28,14131.95,504.71250000000003,2462.39,0,14.0,11.75000156512083,0.0
CUST003013,24,17757.97,739.9154166666667,6038.3,0,19.25,12.031250000239623,0.0
CUST003014,24,18473.62,769.7341666666666,2385.9,0,14.000000006287722,11.302083342747743,0.0
CUST003015,32,18106.67,565.8334375,2495.85,0,14.0,11.81250013744274,0.0
CUST003016,24,28386.39,1182.76625,16411.37,0,21.000000021768315,11.812507327461924,0.0
CUST003017,22,22882.210000000003,1040.1004545454546,7990.13,0,17.5,11.693181878659955,0.0
CUST003018,24,15363.039999999999,640.1266666666667,2373.97,0,14.000000000029058,12.104166672897483,0.0
CUST003019,30,26852.96,895.0986666666666,12452.05,0,17.5,12.016669377757129,0.0
CUST003020,24,22953.06,956.3775,4261.47,0,14.000000000112577,11.958333358315956,0.0
CUST003021,24,11399.77,474.9904166666667,1984.76,0,14.00000000170236,11.885416687239237,0.0
CUST003022,17,11173.949999999999,657.2911764705882,4166.11,0,14.0,11.323529431314947,0.0
CUST003023,22,9679.93,439.9968181818182,1178.99,0,14.000000007083008,11.93181818401133,0.0
CUST003024,20,7472.96,373.648,1377.0,0,12.250000000836955,11.462500156876507,0.0
CUST003025,25,16207.96,648.3184,2219.72,0,14.0,12.110000254545403,0.0
CUST003026,30,21695.41,723.1803333333334,3281.52,0,14.0,11.841666669369014,0.0
CUST003027,26,15352.07,590.4642307692308,2475.52,0,14.0,11.509615590311768,0.0
CUST003028,30,23745.44,791.5146666666666,7000.9,0,19.25,11.783333392110318,0.0
CUST003029,19,8725.18,459.22,2786.62,0,14.000000026051028,11.328947369849134,0.0
CUST003030,17,15373.380000000001,904.3164705882353,2342.49,0,12.250000001916812,11.32352995650926,0.0
CUST003031,30,16790.64,559.688,1815.24,0,14.0,11.783333338599476,0.0
CUST003032,22,31087.95,1413.0886363636364,15760.75,0,17.5,11.69331603028083,0.0
CUST003033,27,17559.51,650.3522222222222,2809.05,0,14.000000001864292,12.05556024474996,0.0
CUST003034,20,11127.130000000001,556.3565000000001,1952.32,0,14.0,11.72500001133185,0.0
CUST003035,23,13055.67,567.6378260869566,2256.56,0,12.250000000389374,11.4130803830476,0.0
CUST003036,26,16002.65,615.4865384615384,2847.7,0,14.000000000000297,11.644232268204131,0.0
CUST003037,28,21389.39,763.9067857142857,7366.39,0,17.5,11.500000002387036,0.0
CUST003038,24,21409.55,892.0645833333333,8826.24,24,45.75000006715772,28.39583334620454,1.0
CUST003039,22,14403.78,654.7172727272728,1863.37,0,14.0,11.454545468310467,0.0
CUST003040,27,18641.12,690.4118518518518,3950.45,0,14.0,11.537037037051167,0.0
CUST003041,25,35850.37,1434.0148000000002,17901.57,0,24.5,12.320000017473864,0.0
CUST003042,19,7290.43,383.70684210526315,1063.28,0,14.0,11.973684227051837,0.0
CUST003043,27,28159.11,1042.93,10821.61,0,19.25,11.99074076822405,0.0
CUST003044,29,21094.37,727.3920689655172,2857.76,0,14.000000051746143,11.88793772351363,0.0
CUST003045,17,11542.41,678.9652941176471,5542.04,0,17.500003418235348,12.14705902460208,0.0
CUST003046,32,15623.62,488.238125,2225.94,0,14.0,11.75781281668507,0.0
CUST003047,27,15877.05,588.0388888888889,4030.99,0,12.250000319939003,11.601851864414982,0.0
CUST003048,30,19043.64,634.788,2899.6,0,14.0,11.84166667497576,0.0
CUST003049,21,24041.129999999997,1144.8157142857142,14802.71,0,19.250000058111496,12.416666675306626,0.0
CUST003050,24,14790.7,616.2791666666667,1582.78,0,14.000000000113364,11.812803453757217,0.0
CUST003051,29,32515.65,1121.2293103448276,7255.58,0,19.25,12.129322293360962,0.0
CUST003052,26,13540.46,520.786923076923,2671.85,0,14.000000872831889,11.711540697411428,0.0
CUST003053,33,32975.64,999.2618181818182,9005.6,1,28.000255833624813,12.356070488793604,0.030303030303030304
CUST003054,30,24444.539999999997,814.8179999999999,4210.98,0,14.000000355221436,11.95833352427178,0.0
CUST003055,27,23700.96,877.8133333333333,3671.99,0,14.00002830315257,11.861112275401771,0.0
CUST003056,21,15443.04,735.3828571428572,5203.01,0,24.5,12.416667843460898,0.0
CUST003057,21,36538.19,1739.9138095238097,14501.17,0,17.5,12.583338491710208,0.0
CUST003058,16,15601.98,975.12375,3740.3,16,47.49999999999999,44.98437501535338,1.0
CUST003059,26,35856.79,1379.1073076923078,13898.67,0,19.25,12.11538503119032,0.0
CUST003060,20,19306.260000000002,965.3130000000001,6390.04,0,21.0,12.075000001756482,0.0
CUST003061,15,6442.86,429.524,1215.3,0,12.25,10.966666679606002,0.0
CUST003062,28,21107.89,753.8532142857142,7163.35,0,17.50000151490958,12.125004783892782,0.0
CUST003063,18,54162.73,3009.040555555556,34477.97,1,26.250063494661763,12.930559083347838,0.05555555555555555
CUST003064,31,19573.190000000002,631.3932258064517,4633.14,0,14.000000000113252,11.68548387299719,0.0
CUST003065,28,17805.14,635.8978571428571,2243.71,0,14.0,11.437500000299693,0.0
CUST003066,22,22119.66,1005.4390909090909,6812.02,0,17.5,12.1704545628468,0.0
CUST003067,18,20575.52,1143.0844444444444,11674.47,0,17.5,11.95833390713323,0.0
CUST003068,24,21041.34,876.7225,5930.67,0,21.0,12.177085072167793,0.0
CUST003069,29,23391.68,806.6096551724138,7467.33,0,17.5,11.767244133591335,0.0
CUST003070,23,6808.72,296.0313043478261,885.92,0,14.0,11.260870063116121,0.0
CUST003071,23,15058.550000000001,654.7195652173914,3794.52,0,14.0,11.945652240875594,0.0
CUST003072,30,30864.870000000003,1028.8290000000002,12725.59,0,22.75,12.658333333353662,0.0
CUST003073,20,21903.98,1095.199,6458.8,0,17.5,12.075004856049398,0.0
CUST003074,29,19537.84,673.7186206896552,4807.49,0,14.0,11.7069032891371,0.0
CUST003075,27,14380.06,532.5948148148148,2969.15,0,14.0,11.731481488140096,0.0
CUST003076,19,13055.810000000001,687.1478947368422,2554.84,0,14.0,11.973684218758297,0.0
CUST003077,19,16211.22,853.2221052631579,4990.19,0,14.0,11.513157894777933,0.0
CUST003078,29,29277.59,1009.5720689655172,5336.29,0,19.250028762742343,11.887932048925254,0.0
CUST003079,30,16615.62,553.8539999999999,3868.96,0,14.0,11.608360677897,0.0
CUST003080,17,22640.38,1331.7870588235294,4009.43,0,12.250000064923166,11.632353102081625,0.0
CUST003081,35,24313.2,694.6628571428572,6609.53,0,19.25,11.70000980250723,0.0
CUST003082,24,31391.34,1307.9725,20380.18,0,24.5,11.958334604176494,0.0
CUST003083,22,20498.24,931.7381818181819,12242.73,0,22.75,12.40909090929761,0.0
CUST003084,17,7134.14,419.6552941176471,1481.14,0,14.0,11.632352941181505,0.0
CUST003085,20,13118.74,655.937,3135.97,0,14.000000001154367,12.162503675238202,0.0
CUST003086,26,45291.090000000004,1741.9650000000001,19525.83,0,17.50001982188453,12.115385378325149,0.0
CUST003087,28,21960.84,784.3157142857143,5179.49,0,19.25000000179853,12.250000324010506,0.0
CUST003088,22,29148.24,1324.92,9755.7,0,22.75,12.170454548506871,0.0
CUST003089,23,12769.95,555.2152173913043,2349.28,0,14.00000000000442,12.173913043590685,0.0
CUST003090,30,12671.8,422.3933333333333,1462.37,0,14.0,11.608333429903622,0.0
CUST003091,25,15493.6,619.744,3192.65,0,12.25000215594439,11.62000116626408,0.0
CUST003092,16,23109.6,1444.35,5493.3,0,17.50002502967167,12.14062656435563,0.0
CUST003093,17,16880.59,992.9758823529412,7079.16,0,24.5,12.55882906359524,0.0
CUST003094,24,17747.45,739.4770833333333,3257.75,0,14.0,11.666666800395054,0.0
CUST003095,23,17403.76,756.6852173913043,6118.01,0,17.500000002519855,11.945652174288536,0.0
CUST003096,17,19031.5,1119.5,6571.17,0,19.25000000809916,12.764705889246281,0.0
CUST003097,28,17162.72,612.9542857142858,4024.65,0,14.000000000520243,11.6875014856876,0.0
CUST003098,24,15942.84,664.285,3885.79,0,14.0,11.812500414521068,0.0
CUST003099,22,11214.960000000001,509.77090909090913,2175.02,0,14.0,11.534090955587054,0.0
CUST003100,27,18935.75,701.324074074074,3183.23,0,14.0,12.055556050535536,0.0
CUST003101,28,28088.56,1003.1628571428572,7788.12,0,17.5,11.687791048778992,0.0
CUST003102,18,11243.7,624.6500000000001,2440.82,0,14.0,11.569444444629838,0.0
CUST003103,24,28728.39,1197.01625,11047.5,0,19.25,12.177083451233115,0.0
CUST003104,22,11049.460000000001,502.2481818181819,2645.67,0,14.000000001957035,12.329546502247617,0.0
CUST003105,20,18959.6,947.9799999999999,6055.17,0,19.25,12.162506831627237,0.0
CUST003106,22,14671.14,666.87,3218.89,0,14.0,11.772727275029318,0.0
CUST003107,24,13228.19,551.1745833333333,1830.93,0,14.0,11.885416709154383,0.0
CUST003108,27,27040.41,1001.4966666666667,5501.36,0,17.5,12.055555559669196,0.0
CUST003109,29,25036.5,863.3275862068965,3801.56,0,14.00001499666259,11.646552242987898,0.0
CUST003110,23,9486.93,412.47521739130434,1912.53,0,14.0,11.945652181076778,0.0
CUST003111,31,13569.15,437.71451612903223,1279.36,0,14.00000003978318,11.967742541718094,0.0
CUST003112,26,25053.420000000002,963.593076923077,7084.27,0,19.25,12.04807693095712,0.0
CUST003113,30,19261.55,642.0516666666666,4121.06,0,17.5,11.783348775345953,0.0
CUST003114,17,9352.85,550.1676470588236,3771.57,0,14.0,11.6323627367328,0.0
CUST003115,24,17508.68,729.5283333333333,4124.3,0,14.000000006789405,11.447916692720973,0.0
CUST003116,24,41985.82,1749.4091666666666,28120.52,1,26.2500391338025,12.468751646102879,0.041666666666666664
CUST003117,19,13095.94,689.26,2455.11,0,14.0,11.973684222654208,0.0
CUST003118,20,41398.95,2069.9474999999998,27543.07,11,40.75,25.437542845291983,0.55
CUST003119,28,29571.260000000002,1056.1164285714287,14328.04,0,19.25,12.000004335527949,0.0
CUST003120,27,24840.04,920.0014814814815,7168.14,0,17.500000000187153,12.120377677383146,0.0
CUST003121,26,15680.92,603.1123076923077,4183.63,0,14.0,11.509625758306841,0.0
CUST003122,24,24587.77,1024.4904166666668,4964.91,0,14.00000000003795,12.031251452977274,0.0
CUST003123,29,27452.38,946.6337931034483,4952.45,0,14.000000192622734,11.5258673716938,0.0
CUST003124,19,15504.43,816.0226315789474,5334.8,0,19.25,11.881662220198981,0.0
CUST003125,27,16457.35,609.5314814814815,2124.5,0,14.0,11.537040899079612,0.0
CUST003126,24,15604.04,650.1683333333334,3358.82,0,14.000000000035913,11.958395635105994,0.0
CUST003127,26,16953.399999999998,652.053846153846,3842.35,0,14.0,11.50961538475603,0.0
CUST003128,25,29086.63,1163.4652,7934.86,0,19.25,12.320002551067267,0.0
CUST003129,25,21765.64,870.6256,5448.93,0,19.25,11.970001815803569,0.0
CUST003130,14,6614.21,472.44357142857143,2698.81,0,14.000000000134904,12.000000004644145,0.0
CUST003131,23,9295.17,404.1378260869565,1702.7,13,26.75,24.315217391340134,0.5652173913043478
CUST003132,30,21739.07,724.6356666666667,2681.61,0,12.250000026685594,11.083334666164568,0.0
CUST003133,15,6456.03,430.402,1622.36,0,14.0,11.666666666754796,0.0
CUST003134,29,14697.67,506.8162068965517,3967.65,0,14.000000002789204,11.646551736113627,0.0
CUST003135,12,6456.49,538.0408333333334,2666.03,0,14.0,11.812500018212534,0.0
CUST003136,16,5031.21,314.450625,1250.9,0,14.0,11.593750000210253,0.0
CUST003137,16,12653.78,790.86125,5073.25,0,19.25,12.57812500291372,0.0
CUST003138,22,12225.65,555.7113636363637,2874.53,0,12.250000016231017,11.215924915549275,0.0
CUST003139,15,16408.739999999998,1093.916,6151.96,0,14.000000076931675,5.366666759837492,0.0
CUST003140,21,18099.9,861.9000000000001,6157.95,0,19.25,11.833346822913686,0.0
CUST003141,23,11467.67,498.59434782608696,2556.62,12,26.75,24.315217536183,0.5217391304347826
CUST003142,26,14987.0,576.4230769230769,7582.98,0,19.250000000357023,12.04808666765101,0.0
CUST003143,21,17859.47,850.4509523809525,7604.25,0,17.5,12.083333420108085,0.0
CUST003144,24,19669.96,819.5816666666666,5914.47,0,17.500000084554266,12.031250044540167,0.0
CUST003145,28,15262.97,545.1060714285715,1913.51,0,14.0,11.687500012903257,0.0
CUST003146,25,24474.9,978.9960000000001,7336.18,0,24.5,12.460000000045014,0.0
CUST003147,19,8074.75,424.9868421052632,1585.95,0,12.250004884460257,11.88157920723011,0.0
CUST003148,24,22296.67,929.0279166666666,5319.1,0,19.25,12.104166680326044,0.0
CUST003149,20,9399.97,469.9985,1828.61,0,14.0000000007755,12.075000013134623,0.0
CUST003150,22,11268.92,512.2236363636364,1211.24,0,14.0,11.454545459687095,0.0
CUST003151,23,19878.010000000002,864.2613043478261,5190.38,0,17.5,12.097827237172732,0.0
CUST003152,20,8701.77,435.0885,1703.07,0,14.0,11.462500657315456,0.0
CUST003153,26,28403.75,1092.451923076923,7829.0,0,19.25000534505057,12.250000212866782,0.0
CUST003154,29,19882.44,685.6013793103448,4076.74,0,14.0,11.58620689700348,0.0
CUST003155,30,39287.75,1309.5916666666667,10940.51,0,17.500000041906954,12.016666798436368,0.0
CUST003156,25,16716.27,668.6508,2828.19,0,14.0,11.410001414199598,0.0
CUST003157,24,17139.95,714.1645833333333,5270.68,0,19.25000026673504,12.250000012576026,0.0
CUST003158,25,14895.75,595.83,2258.58,0,14.00000000000268,12.11000007439036,0.0
CUST003159,23,14631.02,636.1313043478261,3675.98,0,14.0,11.793478273634099,0.0
CUST003160,24,26667.13,1111.1304166666666,8350.84,0,22.75,12.17708368225952,0.0
CUST003161,22,15089.73,685.8968181818182,2427.52,22,47.49999999999999,45.1136363636639,1.0
CUST003162,19,11788.16,620.4294736842105,4564.38,19,30.0,27.60526316885139,1.0
CUST003163,30,16893.32,563.1106666666667,2204.86,0,14.0,11.608333429959828,0.0
CUST003164,24,11977.89,499.07874999999996,2124.54,0,14.0,11.666666788676167,0.0
CUST003165,24,25520.79,1063.36625,9826.54,0,24.500000004554824,12.323104411209238,0.0
CUST003166,23,8249.8,358.6869565217391,3043.14,0,14.0,12.021739417863033,0.0
CUST003167,29,16311.039999999999,562.4496551724137,4036.26,0,14.000000000019464,11.646551833750962,0.0
CUST003168,19,23154.68,1218.6673684210527,8544.72,0,24.5,12.710526323767631,0.0
CUST003169,20,10425.06,521.2529999999999,2196.64,0,14.0,11.63750024740725,0.0
CUST003170,25,8738.41,349.5364,1950.04,0,14.000000000693069,11.760000003007217,0.0
CUST003171,29,10255.62,353.6420689655173,1186.69,0,14.0,12.068966271311975,0.0
CUST003172,27,48120.67,1782.247037037037,22310.11,0,24.5,12.444445139992752,0.0
CUST003173,16,15197.65,949.853125,2641.06,0,14.0,11.26562531744754,0.0
CUST003174,20,13091.2,654.5600000000001,3595.79,0,14.000000000055833,11.462500000081182,0.0
CUST003175,16,13299.52,831.22,5145.36,0,17.5,11.921875000000078,0.0
CUST003176,21,19780.11,941.9100000000001,5800.89,21,40.5,28.083333333418306,1.0
CUST003177,20,14851.98,742.5989999999999,7280.59,0,17.5,11.812500000007839,0.0
CUST003178,16,14689.84,918.115,4619.0,0,14.0,11.703147855581442,0.0
CUST003179,24,23589.85,982.9104166666666,6151.9,0,22.75,12.760455093872302,0.0
CUST003180,23,15215.74,661.5539130434782,4531.61,0,14.0,11.79347826150521,0.0
CUST003181,29,66510.61,2293.4693103448276,50000.0,1,29.75,12.250000039277342,0.034482758620689655
CUST003182,21,12044.63,573.5538095238095,5161.08,0,24.5,12.333333528810783,0.0
CUST003183,23,20232.59,879.6778260869565,4983.93,0,14.000000001445658,11.56521763901237,0.0
CUST003184,19,20157.45,1060.9184210526316,14320.33,0,19.25,12.342105300275104,0.0
CUST003185,26,18456.41,709.8619230769231,5310.96,0,22.75,11.778846157188697,0.0
CUST003186,20,18988.35,949.4174999999999,4537.16,0,14.000000084096722,11.637500041937631,0.0
CUST003187,18,13444.24,746.9022222222222,3300.77,0,14.0,11.375000000026517,0.0
CUST003188,29,14655.720000000001,505.36965517241384,3827.71,0,14.0,11.646551725873652,0.0
CUST003189,23,10288.23,447.31434782608693,1758.24,0,14.0,11.260869586092296,0.0
CUST003190,16,12014.779999999999,750.9237499999999,2320.58,0,14.0,12.031250009928979,0.0
CUST003191,32,41247.509999999995,1288.9846874999998,17298.8,0,22.75,12.523437900362412,0.0
CUST003192,17,10586.59,622.7405882352941,4783.46,0,14.0,11.529411768831318,0.0
CUST003193,30,18009.97,600.3323333333334,3105.92,0,14.000000371880798,11.725000013144063,0.0
CUST003194,32,20803.68,650.115,2263.92,0,14.0,11.7031255576272,0.0
CUST003195,22,13713.21,623.3277272727272,2544.14,0,14.0000000004277,11.931822108494293,0.0
CUST003196,25,18463.77,738.5508,4988.88,0,14.000000029007987,11.83000001881169,0.0
CUST003197,32,27417.420000000002,856.7943750000001,7705.53,0,22.75,12.304819950190986,0.0
CUST003198,16,19801.07,1237.566875,8175.88,1,29.75,12.90625003366296,0.0625
CUST003199,14,18012.44,1286.6028571428571,7280.83,0,7.0,5.1250012975772705,0.0
CUST003200,22,17152.75,779.6704545454545,4722.09,0,14.000000373249298,11.534090940191946,0.0
CUST003201,27,13793.61,510.87444444444446,3594.56,0,14.0,11.796297509693531,0.0
CUST003202,26,26006.04,1000.2323076923077,8766.57,0,24.5,12.451923078025866,0.0
CUST003203,25,32250.36,1290.0144,8212.35,0,22.75,11.970000011411319,0.0
CUST003204,20,8929.15,446.4575,1971.26,0,14.0,12.075000002091695,0.0
CUST003205,18,16929.46,940.5255555555555,5664.93,0,19.25,12.444445270826948,0.0
CUST003206,27,23105.25,855.75,6737.02,0,17.500384405194367,11.66668129715019,0.0
CUST003207,31,19049.81,614.51,6255.62,0,22.75,11.967741950199112,0.0
CUST003208,25,15767.12,630.6848,2632.92,0,14.0,11.620000000027298,0.0
CUST003209,24,9361.36,390.0566666666667,2149.05,0,14.0,11.958333333333393,0.0
CUST003210,25,19752.97,790.1188000000001,3322.8,0,14.0,11.760002989240563,0.0
CUST003211,18,34171.28,1898.4044444444444,6138.25,0,21.0,12.833429747427665,0.0
CUST003212,21,19147.05,911.7642857142857,5279.14,0,22.75,11.75000033139386,0.0
CUST003213,33,38223.8,1158.2969696969699,9982.11,22,37.25000046049021,25.371212147151535,0.6666666666666666
CUST003214,26,14293.73,549.7588461538461,3483.64,0,14.0,11.576974941259895,0.0
CUST003215,18,15231.18,846.1766666666667,3858.23,0,14.0,11.763897915608567,0.0
CUST003216,30,30694.58,1023.1526666666667,11212.93,0,17.500000309720388,11.95833338333735,0.0
CUST003217,27,21046.05,779.4833333333333,2263.0,0,14.0,11.60185190480447,0.0
CUST003218,20,20749.23,1037.4615,7750.28,0,17.5,11.987500000599695,0.0
CUST003219,20,9672.880000000001,483.64400000000006,1863.07,0,14.0,11.98750000004161,0.0
CUST003220,22,11973.29,544.2404545454546,2206.6,0,14.0,11.53409097569853,0.0
CUST003221,26,12021.87,462.3796153846154,1903.88,0,14.0,11.914963273923624,0.0
CUST003222,27,27918.31,1034.0114814814815,9875.04,0,24.50000000733281,12.444444444995217,0.0
CUST003223,22,16645.67,756.6213636363635,4667.03,9,26.75,24.045454576817953,0.4090909090909091
CUST003224,28,30711.78,1096.8492857142858,8826.13,1,28.0,12.375003370287143,0.03571428571428571
CUST003225,20,14703.05,735.1524999999999,5477.91,0,19.25000000141577,12.250000014870677,0.0
CUST003226,22,19509.88,886.8127272727273,6473.59,0,17.500704730592698,11.852304795430685,0.0
CUST003227,27,14162.86,524.5503703703704,3439.75,0,14.0,11.148148331314731,0.0
CUST003228,31,18633.45,601.0790322580646,5216.99,0,19.25,11.911290479575372,0.0
CUST003229,22,19381.96,880.9981818181818,3229.7,0,14.000000000120371,11.931819194537404,0.0
CUST003230,16,9255.699999999999,578.4812499999999,2384.1,0,12.25000011385643,11.265625007143608,0.0
CUST003231,24,7932.48,330.52,1320.76,0,14.0000000004557,11.88541666714219,0.0
CUST003232,20,28597.41,1429.8705,10309.05,0,17.5,11.900000406202086,0.0
CUST003233,30,17603.48,586.7826666666666,3762.6,0,19.25,12.075003523335324,0.0
CUST003234,26,13987.880000000001,537.9953846153846,2185.78,0,14.0,11.509615388284239,0.0
CUST003235,25,21860.9,874.436,3087.47,0,14.0,11.690000062158672,0.0
CUST003236,29,27875.91,961.2382758620689,15562.0,0,19.25,11.948294905583724,0.0
CUST003237,21,15283.07,727.765238095238,3457.89,15,26.750000000563173,24.8333335268771,0.7142857142857143
CUST003238,26,13390.24,515.0092307692307,3101.85,0,14.000000000004828,11.509615386634492,0.0
CUST003239,29,16830.350000000002,580.3568965517242,2716.17,0,14.0,11.70689655373997,0.0
CUST003240,24,18801.420000000002,783.3925,7685.0,0,19.250000004319133,12.031251362639509,0.0
CUST003241,25,19453.93,778.1572,2801.03,0,14.000000019778652,11.620005618997057,0.0
CUST003242,33,20740.19,628.4906060606061,2833.6,0,14.0,11.61905303850884,0.0
CUST003243,22,20161.25,916.4204545454545,4391.27,0,14.000000000086594,11.613636597185534,0.0
CUST003244,30,24998.02,833.2673333333333,4969.12,0,14.000000459381928,11.841668851289734,0.0
CUST003245,23,16586.38,721.1469565217392,2649.78,0,14.0,11.413049226942372,0.0
CUST003246,28,16763.52,598.6971428571429,2275.32,0,14.0,11.564125770202057,0.0
CUST003247,21,8892.9,423.47142857142853,1737.01,0,14.000000000030363,11.750000031796148,0.0
CUST003248,18,9727.51,540.4172222222222,3383.12,0,14.0,11.666666717589864,0.0
CUST003249,25,22510.16,900.4064,10151.97,0,17.5,12.040000006227997,0.0
CUST003250,30,13397.22,446.57399999999996,2560.66,0,14.000000000715415,11.900000000966994,0.0
CUST003251,31,24800.18,800.0058064516129,9106.07,1,28.0,12.36290327984199,0.03225806451612903
CUST003252,20,16461.25,823.0625,3528.54,0,14.0,11.637501546019953,0.0
CUST003253,21,16429.52,782.3580952380953,3244.54,0,14.0,11.916666666667126,0.0
CUST003254,28,13916.43,497.01535714285717,2656.35,0,14.000000057186442,11.812500014242193,0.0
CUST003255,22,16175.4,735.2454545454545,3976.05,0,14.0,11.85227272727459,0.0
CUST003256,24,17000.989999999998,708.3745833333332,3179.35,0,14.0,11.302083397845202,0.0
CUST003257,23,17223.17,748.8334782608695,3523.35,0,12.250000769621607,11.41304351181459,0.0
CUST003258,20,11205.96,560.298,2026.29,0,12.250000037161143,11.28750000386235,0.0
CUST003259,24,14937.52,622.3966666666666,4435.93,0,14.0,12.031250532681277,0.0
CUST003260,27,26135.14,967.9681481481481,8994.53,0,22.75,12.185262695554172,0.0
CUST003261,24,12344.9,514.3708333333333,1753.23,0,14.000000002672545,12.250000486770226,0.0
CUST003262,24,15421.06,642.5441666666667,5561.69,0,17.5,12.031250001081352,0.0
CUST003263,24,13176.24,549.01,2245.49,0,14.0,11.739583496971148,0.0
CUST003264,27,10176.75,376.9166666666667,1068.68,0,14.00000000024856,11.472222222457427,0.0
CUST003265,23,14070.94,611.78,1883.01,0,14.0,11.945652315125681,0.0
CUST003266,17,17340.06,1020.0035294117648,4554.68,0,12.25000007307477,11.323529416375358,0.0
CUST003267,20,14921.78,746.089,3607.67,0,14.0,11.812500000092966,0.0
CUST003268,25,24840.46,993.6184,5067.68,0,17.5,12.110000026096724,0.0
CUST003269,26,15658.7,602.2576923076923,2883.67,0,14.0,11.509689687193555,0.0
CUST003270,14,5474.89,391.06357142857144,1223.92,0,14.000000011475027,11.875000004216838,0.0
CUST003271,26,28076.47,1079.8642307692307,9869.25,1,28.0,12.721154104269013,0.038461538461538464
CUST003272,23,17629.149999999998,766.4847826086956,4845.82,0,14.0,11.565217393549771,0.0
CUST003273,22,9843.51,447.43227272727273,1510.43,0,14.000000000091784,11.852272727409588,0.0
CUST003274,23,14719.96,639.9982608695652,3279.51,14,26.75000000002269,24.467391317108042,0.6086956521739131
CUST003275,24,22136.43,922.35125,5279.02,0,19.25,12.10416673019318,0.0
CUST003276,34,38415.5,1129.8676470588234,7611.79,0,17.5,11.941218418125274,0.0
CUST003277,21,8832.03,420.5728571428572,1492.2,0,14.0,11.583333334093792,0.0
CUST003278,33,20054.45,607.7106060606061,2708.45,0,14.0,11.825757614473229,0.0
CUST003279,22,16335.46,742.5209090909091,5414.92,0,21.0,12.01136523081244,0.0
CUST003280,23,18120.91,787.8656521739131,4523.84,0,14.0,11.79347827620264,0.0
CUST003281,31,28614.079999999998,923.0348387096774,6804.66,0,17.5,11.346781010744108,0.0
CUST003282,21,17082.420000000002,813.4485714285715,4229.01,0,14.0,11.750000081226498,0.0
CUST003283,25,37229.15,1489.1660000000002,21650.0,0,19.25,12.250000176709525,0.0
CUST003284,24,19574.61,815.60875,5237.07,14,32.0,24.635417147901503,0.5833333333333334
CUST003285,19,28147.11,1481.4268421052632,14900.17,0,24.5,12.434210604093943,0.0
CUST003286,16,8621.15,538.821875,2436.54,0,14.0,11.70312502532815,0.0
CUST003287,29,19580.55,675.1913793103448,3716.86,0,14.0,11.405172433663763,0.0
CUST003288,24,9601.37,400.05708333333337,2219.01,24,30.0,27.958333388251123,1.0
CUST003289,32,15121.4,472.54375,1360.63,0,14.0,11.539136407375116,0.0
CUST003290,31,23217.48,748.9509677419354,4284.47,0,14.000000004108696,11.572580729770138,0.0
CUST003291,20,46517.009999999995,2325.8504999999996,32872.95,1,28.00000173612142,11.987500113506965,0.05
CUST003292,23,11393.039999999999,495.3495652173913,1857.67,0,14.0,11.413045049768003,0.0
CUST003293,19,10391.94,546.9442105263158,2326.98,0,14.000000000376602,12.250000000923123,0.0
CUST003294,29,21785.86,751.2365517241379,3887.56,0,14.000000031293938,11.646556335425984,0.0
CUST003295,25,22087.99,883.5196000000001,7164.6,0,17.5,12.18000000026178,0.0
CUST003296,30,16569.899999999998,552.3299999999999,5887.69,0,19.25,11.958333635442848,0.0
CUST003297,27,33453.86,1239.0318518518518,8357.31,0,24.500000086871875,12.574096737466473,0.0
CUST003298,31,23362.010000000002,753.6132258064516,5490.0,0,19.25,11.798387454437927,0.0
CUST003299,28,13709.41,489.6217857142857,2154.26,0,14.0,11.812500014416955,0.0
CUST003300,28,16877.489999999998,602.7674999999999,2799.7,0,17.5,12.000001193209346,0.0
CUST003301,23,16520.05,718.2630434782608,6683.21,0,19.25,12.021739130528214,0.0
CUST003302,20,13300.21,665.0105,2755.06,0,14.0,11.462500351527705,0.0
CUST003303,21,9333.33,444.4442857142857,1243.75,0,14.0,11.833333333468158,0.0
CUST003304,20,13075.86,653.793,2659.55,0,12.250000084556149,11.287500052906648,0.0
CUST003305,27,14990.949999999999,555.2203703703703,3764.47,0,14.000000000018122,11.666666676598929,0.0
CUST003306,26,14959.84,575.3784615384616,1927.56,0,14.0,11.576923077294653,0.0
CUST003307,24,12974.95,540.6229166666667,1812.76,0,14.0,11.812500051203289,0.0
CUST003308,25,29977.760000000002,1199.1104,9993.69,1,28.0,12.320000095643879,0.04
CUST003309,28,20018.8,714.9571428571428,4297.85,14,26.7500000000021,24.375081222210156,0.5
CUST003310,25,23088.07,923.5228,3209.98,0,14.0,11.480000074272734,0.0
CUST003311,27,14006.69,518.7662962962963,2301.2,0,14.000000000000876,11.861111111789334,0.0
CUST003312,24,13984.16,582.6733333333333,4083.1,0,14.0,11.229166834658422,0.0
CUST003313,24,13763.529999999999,573.4804166666667,3851.5,0,14.000000142000475,11.447918231186874,0.0
CUST003314,23,13857.550000000001,602.5021739130435,3297.57,0,14.0,11.48913043478292,0.0
CUST003315,25,16242.14,649.6856,3079.83,0,12.250000005789806,11.340000014550835,0.0
CUST003316,31,20658.17,666.3925806451613,2836.63,0,14.0,11.629032265275443,0.0
CUST003317,29,20149.94,694.8255172413793,6724.87,0,19.25,11.827586265573977,0.0
CUST003318,18,20145.7,1119.2055555555555,5771.33,0,19.25,11.95833333541036,0.0
CUST003319,30,28517.33,950.5776666666667,11032.7,0,19.25,11.958336891737742,0.0
CUST003320,25,20597.47,823.8988,7086.37,0,22.75,12.040016570663354,0.0
CUST003321,32,24010.54,750.329375,3618.73,0,14.0,11.757813156061149,0.0
CUST003322,22,17513.61,796.0731818181819,4303.67,0,12.250000009025062,11.375000000419817,0.0
CUST003323,30,18286.23,609.5409999999999,5309.26,0,19.25,11.900002265683073,0.0
CUST003324,22,14401.72,654.6236363636364,3627.96,0,14.0,11.772727273349448,0.0
CUST003325,15,6856.349999999999,457.09,1973.31,0,12.250000113820922,11.666666682209947,0.0
CUST003326,21,9358.16,445.62666666666667,1356.03,10,25.000000784526723,24.083333496269262,0.47619047619047616
CUST003327,27,21483.329999999998,795.6788888888888,5604.4,0,19.25,11.666668574016738,0.0
CUST003328,28,14683.29,524.4032142857143,1760.73,0,14.0,11.625000004691916,0.0
CUST003329,23,9240.51,401.76130434782607,1477.4,0,14.0,12.021739130434783,0.0
CUST003330,24,16708.09,696.1704166666667,3672.56,0,14.0,11.885416672389828,0.0
CUST003331,28,13608.84,486.03000000000003,2154.76,0,14.0,11.687500155014694,0.0
CUST003332,24,12833.66,534.7358333333333,2064.11,0,14.0,11.520833338578987,0.0
CUST003333,23,19032.98,827.5208695652174,8158.92,0,24.500000425256715,12.173913204827242,0.0
CUST003334,28,11708.5,418.1607142857143,2539.79,28,30.0,27.750000000476195,1.0
CUST003335,27,19822.8,734.1777777777778,6910.9,0,17.500000001287383,11.925926583904195,0.0
CUST003336,25,25634.45,1025.378,7133.61,0,19.25,12.250011769223214,0.0
CUST003337,28,22072.79,788.3139285714286,4652.46,0,14.00000000010282,12.187500008170078,0.0
CUST003338,18,12197.539999999999,677.6411111111111,4027.6,13,26.75000000002052,24.902777780909627,0.7222222222222222
CUST003339,19,17324.71,911.8268421052632,3144.0,0,14.0,11.973684220415304,0.0
CUST003340,25,19910.61,796.4244,3023.6,0,14.0,11.550000000012409,0.0
CUST003341,27,15846.54,586.9088888888889,2569.28,0,14.0,11.925926037005457,0.0
CUST003342,23,13721.3,596.5782608695652,5574.28,0,22.75,11.869565224894087,0.0
CUST003343,22,11910.710000000001,541.3959090909092,1952.42,0,14.0,11.534090909102737,0.0
CUST003344,19,11377.42,598.8115789473684,2359.28,0,14.000000004022487,11.789473712837843,0.0
CUST003345,20,13983.25,699.1625,2954.29,0,14.00000000054592,11.725000000028873,0.0
CUST003346,18,15299.460000000001,849.97,4080.75,0,14.000000000592095,11.47225833779493,0.0
CUST003347,22,31308.06,1423.0936363636365,9021.21,13,37.24999999999999,25.079545455135932,0.5909090909090909
CUST003348,25,12588.89,503.55559999999997,2677.34,0,14.000000000012196,11.690000000937408,0.0
CUST003349,23,23920.31,1040.0134782608695,11675.54,0,19.25,12.250000127475401,0.0
CUST003350,27,13033.09,482.707037037037,1492.41,0,14.00000000002394,12.055559552148154,0.0
CUST003351,26,21931.18,843.506923076923,4026.5,0,14.0,11.980769230840101,0.0
CUST003352,25,14921.75,596.87,3449.5,0,14.0,11.480000077817094,0.0
CUST003353,25,16296.42,651.8568,3649.73,13,30.25000002351482,24.510000685826135,0.52
CUST003354,27,19878.41,736.2374074074074,6092.62,0,19.25,11.925925926683057,0.0
CUST003355,23,57097.840000000004,2482.514782608696,50000.0,1,28.0,11.869566554624155,0.043478260869565216
CUST003356,20,12249.26,612.463,4997.17,0,14.000000009264305,12.16250058224811,0.0
CUST003357,27,24315.79,900.5848148148149,5274.25,0,19.25,12.31481481571443,0.0
CUST003358,19,16356.92,860.8905263157894,4760.66,0,14.000000030062,11.789473695086542,0.0
CUST003359,20,14827.75,741.3875,7265.54,0,17.5,11.812500738520693,0.0
CUST003360,37,17891.85,483.5635135135135,1872.16,0,14.0,11.682433831011902,0.0
CUST003361,27,17645.49,653.5366666666667,3137.4,0,14.0,11.990743164990974,0.0
CUST003362,27,27865.98,1032.0733333333333,6977.6,0,21.0,12.185186110363361,0.0
CUST003363,19,10687.88,562.52,1849.96,0,14.0,11.421052632429825,0.0
CUST003364,20,19020.71,951.0355,10079.55,0,17.5,12.075000007368553,0.0
CUST003365,17,10638.5,625.7941176470588,1816.44,0,14.0,12.044119603643296,0.0
CUST003366,26,10110.11,388.85038461538466,1817.37,0,14.000000000002103,12.182692310246457,0.0
CUST003367,21,19176.84,913.1828571428572,5272.93,0,17.5,11.75000000576991,0.0
CUST003368,16,12551.56,784.4725,2090.1,0,14.0,11.375000008514604,0.0
CUST003369,36,25211.47,700.3186111111112,3998.31,0,14.0,11.666666698150287,0.0
CUST003370,22,17518.04,796.2745454545455,5029.31,0,17.5,11.852272733784524,0.0
CUST003371,23,21455.81,932.8613043478261,6087.56,0,19.25,11.869568412869675,0.0
CUST003372,26,19020.15,731.5442307692308,4781.25,0,14.0,11.442307751662392,0.0
CUST003373,27,26978.41,999.2003703703704,10840.08,0,17.5,12.120370628029454,0.0
CUST003374,30,23543.87,784.7956666666666,10645.63,0,19.250000001761894,12.133334510780053,0.0
CUST003375,21,11080.18,527.6276190476191,1997.33,0,14.000000000006706,11.916666667170139,0.0
CUST003376,23,52100.34,2265.2321739130434,40760.36,1,26.250002022032284,12.554347929834378,0.043478260869565216
CUST003377,29,21725.85,749.1672413793103,3980.91,0,14.00000000001136,11.586206897731048,0.0
CUST003378,15,10657.95,710.5300000000001,4701.44,0,15.749999999999998,12.366667320758175,0.0
CUST003379,23,39944.87,1736.7334782608698,13231.94,0,19.25,12.097840186222799,0.0
CUST003380,29,19879.0,685.4827586206897,3880.83,0,14.0,11.586206912468617,0.0
CUST003381,21,17116.14,815.0542857142857,3004.51,0,12.25000000000612,10.916666925729286,0.0
CUST003382,33,22717.61,688.4124242424242,6527.25,0,17.5,11.82576027968791,0.0
CUST003383,20,12083.83,604.1915,4397.5,0,14.0,11.550000006649286,0.0
CUST003384,28,29597.48,1057.0528571428572,10110.11,0,19.250001965812608,12.000000235816458,0.0
CUST003385,33,34222.17,1037.0354545454545,13921.52,0,19.25,11.825757991596518,0.0
CUST003386,19,8756.19,460.8521052631579,1950.42,0,14.0,11.973684232654179,0.0
CUST003387,28,38630.59,1379.6639285714284,15778.67,28,38.75,28.000000000386102,1.0
CUST003388,24,15462.51,644.27125,4446.63,0,14.00000007510269,11.593750004431357,0.0
CUST003389,21,18945.81,902.1814285714287,5716.34,13,32.0,24.66666666671394,0.6190476190476191
CUST003390,22,15147.83,688.5377272727272,2026.38,0,14.000000000059575,11.53409396220195,0.0
CUST003391,31,19597.24,632.1690322580646,6561.34,31,33.5,27.96774193630814,1.0
CUST003392,20,18687.32,934.366,4648.22,0,14.0,11.550000003489108,0.0
CUST003393,27,31560.74,1168.9162962962964,13965.6,0,17.5,11.92592602559653,0.0
CUST003394,23,17808.9,774.3000000000001,4592.1,0,14.0,11.717392297480721,0.0
CUST003395,23,14132.53,614.4578260869565,2729.86,0,14.0,11.565218477106056,0.0
CUST003396,31,21228.71,684.7970967741935,3521.36,0,12.25073624659779,11.459720615182919,0.0
CUST003397,23,11010.51,478.7178260869565,2186.25,0,14.0,11.489130521107194,0.0
CUST003398,25,11283.810000000001,451.35240000000005,1544.88,0,14.0000000000008,11.550000029582856,0.0
CUST003399,22,7902.94,359.2245454545454,2106.99,22,30.000000001196558,27.613636364635134,1.0
CUST003400,21,22955.149999999998,1093.1023809523808,10227.05,0,21.0,12.000000000005842,0.0
CUST003401,11,9724.810000000001,884.0736363636365,5142.56,0,14.0,11.613636364327144,0.0
CUST003402,27,24153.45,894.5722222222222,10448.4,0,24.5,12.444446568846521,0.0
CUST003403,17,9518.44,559.9082352941177,1386.15,14,26.75,25.00000001683421,0.8235294117647058
CUST003404,19,11225.92,590.8378947368421,3803.21,0,14.0,11.697368421065248,0.0
CUST003405,20,27830.260000000002,1391.5130000000001,11124.54,1,26.25,12.866731483220978,0.05
CUST003406,23,11746.85,510.7326086956522,1119.27,0,14.0,11.717391889964265,0.0
CUST003407,18,15701.8,872.3222222222222,6804.33,0,17.5,12.152777777828295,0.0
CUST003408,19,5171.35,272.1763157894737,870.6,0,14.0,12.157894765675048,0.0
CUST003409,27,15448.01,572.1485185185185,2200.32,0,14.0,11.601851903986361,0.0
CUST003410,22,16710.09,759.5495454545454,7852.08,0,19.25,12.409091135451314,0.0
CUST003411,20,10317.09,515.8545,1605.21,0,14.0,11.812500024579421,0.0
CUST003412,25,14041.33,561.6532,2722.99,0,14.000000016965522,11.690000448981746,0.0
CUST003413,25,20745.59,829.8236,5458.35,0,17.5,11.760000034925458,0.0
CUST003414,25,18627.22,745.0888,5149.7,0,17.5,12.180000806205069,0.0
CUST003415,26,16366.99,629.4996153846154,3540.5,26,30.0,27.375000000005887,1.0
CUST003416,26,10804.38,415.5530769230769,2176.64,0,14.000000009011794,11.77885042797834,0.0
CUST003417,32,26189.98,818.436875,7031.82,0,22.750000140165277,12.140625056011256,0.0
CUST003418,27,18097.94,670.294074074074,6967.55,0,17.5,12.05555571046517,0.0
CUST003419,24,18445.31,768.5545833333334,4081.09,0,14.00000000002662,12.25000051032909,0.0
CUST003420,21,11632.75,553.9404761904761,1830.22,0,14.0,11.33333333335638,0.0
CUST003421,19,17235.82,907.1484210526315,9482.09,1,26.25,12.342105310018253,0.05263157894736842
CUST003422,16,9737.97,608.623125,2001.54,0,12.25,10.937500005915085,0.0
CUST003423,28,18882.63,674.3796428571429,2254.75,0,14.000001174664868,12.00000837672565,0.0
CUST003424,20,10070.5,503.525,1384.85,0,14.0,11.200000184469449,0.0
CUST003425,25,52455.119999999995,2098.2048,31061.76,1,26.250005637936937,12.810000232180155,0.04
CUST003426,20,8096.610000000001,404.83050000000003,2394.11,0,14.0,11.987500003579076,0.0
CUST003427,21,19690.73,937.6538095238095,7418.94,0,19.25,12.166666666666696,0.0
CUST003428,25,14492.47,579.6988,3198.08,0,14.000000038113946,11.970000059077774,0.0
CUST003429,22,15654.52,711.569090909091,2356.66,0,14.0,11.772727278634028,0.0
CUST003430,26,16663.91,640.9196153846153,4245.48,0,14.000000013104916,11.778846160065445,0.0
CUST003431,21,12102.05,576.2880952380953,3119.46,0,14.0,11.750000035748593,0.0
CUST003432,34,27807.43,817.8655882352941,7853.51,0,19.250019619479158,12.044118271646033,0.0
CUST003433,22,12783.68,581.0763636363637,2135.03,0,14.0,11.375000031380857,0.0
CUST003434,23,16605.72,721.9878260869566,3652.43,0,14.000003838411669,11.717391489849275,0.0
CUST003435,25,29829.18,1193.1672,7745.94,14,32.0,24.93000000001046,0.56
CUST003436,14,9274.98,662.4985714285714,3746.25,0,14.000000133846152,12.125000009567874,0.0
CUST003437,29,21574.12,743.9351724137931,3731.47,0,14.000000025853137,11.767241473353803,0.0
CUST003438,25,15224.67,608.9868,5701.8,0,19.250000001266784,12.180000005076131,0.0
CUST003439,22,23524.09,1069.2768181818183,8518.51,1,29.75,12.40909102957091,0.045454545454545456
CUST003440,26,17859.61,686.9080769230769,2755.77,0,14.0,11.509645118179266,0.0
CUST003441,23,32212.15,1400.5282608695652,10418.34,0,17.5,11.869565217678629,0.0
CUST003442,23,14690.89,638.734347826087,2085.47,0,14.0,11.413045310151556,0.0
CUST003443,19,12886.86,678.2557894736842,2019.63,0,12.250000004769293,11.605263158211113,0.0
CUST003444,24,23702.54,987.6058333333334,4178.76,0,14.000000080221712,11.958333558145677,0.0
CUST003445,28,20425.61,729.4860714285714,3654.34,20,26.75,24.625001909248585,0.7142857142857143
CUST003446,25,19669.2,786.768,4110.73,0,14.0,11.76000038659459,0.0
CUST003447,30,20987.89,699.5963333333333,2487.35,0,14.00000002720952,11.9000023680107,0.0
CUST003448,35,27366.21,781.8917142857142,3526.86,0,14.0000000001357,11.65000371482016,0.0
CUST003449,29,27260.04,940.0013793103449,5681.12,0,21.0,12.008658000855464,0.0
CUST003450,22,15570.210000000001,707.7368181818182,4165.23,0,14.0,11.613647075801525,0.0
CUST003451,24,17666.079999999998,736.0866666666666,3153.74,0,14.0,11.59375005580314,0.0
CUST003452,26,22864.11,879.3888461538462,7485.32,0,22.75,12.519231282316328,0.0
CUST003453,27,19565.21,724.6374074074074,8155.04,0,24.5,12.055555555865233,0.0
CUST003454,30,22425.94,747.5313333333332,2622.78,0,14.0,11.783333333791626,0.0
CUST003455,22,26675.45,1212.5204545454546,8661.57,0,24.5,12.647734161430352,0.0
CUST003456,23,27680.73,1203.51,6224.76,0,19.25,12.021739130434783,0.0
CUST003457,33,15080.710000000001,456.99121212121213,2534.56,0,14.0,11.613645898288894,0.0
CUST003458,21,13115.31,624.5385714285715,2281.84,0,14.0,11.916666676371685,0.0
CUST003459,24,16651.38,693.8075,3431.31,0,12.250000567976484,11.666666694245988,0.0
CUST003460,29,18356.46,632.9813793103448,3739.04,0,14.0,12.189655173220348,0.0
CUST003461,24,16075.05,669.7937499999999,5058.59,0,17.5,12.250000003435739,0.0
CUST003462,32,18076.03,564.8759375,2488.54,0,14.000002970611582,11.757812803638261,0.0
CUST003463,25,12473.3,498.93199999999996,2046.55,0,14.000001504013358,11.830007449463363,0.0
CUST003464,22,13903.630000000001,631.9831818181818,4117.63,0,14.0,11.613636539345656,0.0
CUST003465,23,20980.59,912.1995652173913,3899.75,14,26.750000000357687,24.695652265960938,0.6086956521739131
CUST003466,28,27284.18,974.4350000000001,4752.72,0,14.0,11.687500011524165,0.0
CUST003467,26,18839.5,724.5961538461538,4369.44,0,14.0,11.644231035452956,0.0
CUST003468,19,11512.48,605.92,2656.12,19,30.0,27.605263234662814,1.0
CUST003469,19,8049.9400000000005,423.68105263157895,1900.4,0,14.0,11.69736842105372,0.0
CUST003470,21,15564.66,741.1742857142857,2645.13,21,30.000000000530516,27.66666666710061,1.0
CUST003471,22,14536.89,660.7677272727273,1978.19,0,14.0,11.613640395479589,0.0
CUST003472,18,11665.9,648.1055555555555,3683.39,0,14.0,11.66666667342773,0.0
CUST003473,20,23639.15,1181.9575,6459.16,0,17.5,12.51250160105447,0.0
CUST003474,21,16610.13,790.9585714285715,3013.3,0,12.250003025598769,11.33334428237122,0.0
CUST003475,17,12796.27,752.7217647058824,4876.26,0,14.000000000965194,12.044117701930055,0.0
CUST003476,26,20684.829999999998,795.5703846153846,2667.47,0,14.0,11.509645913024961,0.0
CUST003477,30,18235.3,607.8433333333334,3447.61,18,26.750000000630287,24.591669100101615,0.6
CUST003478,28,36532.88,1304.7457142857143,9875.27,0,22.75497541677103,12.812678491927675,0.0
CUST003479,26,17533.6,674.3692307692307,8496.16,0,22.75,12.250000017498708,0.0
CUST003480,23,12342.01,536.6091304347826,2559.35,0,14.0,11.869565294601292,0.0
CUST003481,21,8606.69,409.84238095238095,1303.37,21,30.0000000004466,27.416666666698006,1.0
CUST003482,21,14537.24,692.2495238095238,3431.85,0,14.000000000022052,11.750000015680703,0.0
CUST003483,22,15895.78,722.5354545454546,3118.59,0,14.000001735653202,11.534091088920208,0.0
CUST003484,28,29067.16,1038.1128571428571,6049.41,0,17.5,11.875000017866062,0.0
CUST003485,18,17380.66,965.5922222222222,3985.3,0,12.250000300260831,11.277777794459263,0.0
CUST003486,25,19829.74,793.1896,5681.5,0,19.2500000552389,12.040000014964264,0.0
CUST003487,21,10898.74,518.9876190476191,2696.29,0,14.0,12.500000022037998,0.0
CUST003488,19,11995.17,631.3247368421053,5593.45,0,19.25,11.697368782755387,0.0
CUST003489,25,14853.31,594.1324,2689.62,0,14.0,11.550000111444248,0.0
CUST003490,27,13989.9,518.1444444444444,1939.34,0,14.000000215086295,11.861111129351038,0.0
CUST003491,25,16381.71,655.2683999999999,4227.99,0,14.00000012555353,11.690000005357302,0.0
CUST003492,18,14647.74,813.7633333333333,3999.96,0,14.0,11.56944444528321,0.0
CUST003493,28,19120.22,682.865,3505.93,0,14.0,11.187500112638043,0.0
CUST003494,23,30287.56,1316.8504347826088,15409.16,0,17.5,11.869565896902285,0.0
CUST003495,20,17284.1,864.2049999999999,5670.01,0,19.25,12.512500010645194,0.0
CUST003496,22,18490.68,840.4854545454546,4452.84,0,14.0,11.454785518915092,0.0
CUST003497,24,12609.71,525.4045833333333,2762.54,0,14.0,11.739584806263522,0.0
CUST003498,25,22697.66,907.9064,5480.52,0,17.5,12.11000090876499,0.0
CUST003499,28,16187.19,578.1139285714286,3209.44,0,14.0,11.562510945949795,0.0
CUST003500,21,23082.71,1099.1766666666667,9998.98,10,37.24999999999999,24.75000000007126,0.47619047619047616
CUST003501,23,18322.5,796.6304347826087,4083.3,0,14.000001826193133,12.173915368698829,0.0
CUST003502,23,17823.56,774.9373913043479,5274.18,0,19.25,11.945652712675603,0.0
CUST003503,23,12547.39,545.5386956521739,3292.77,0,14.0,11.565217403948113,0.0
CUST003504,31,28946.03,933.7429032258065,6230.72,0,19.25000032632704,12.475806569470015,0.0
CUST003505,21,8343.74,397.32095238095235,2041.26,0,12.250000000678185,11.583333333434108,0.0
CUST003506,21,10057.19,478.91380952380956,3889.22,0,14.000000000261666,11.750002507320968,0.0
CUST003507,28,26552.280000000002,948.2957142857143,8312.66,0,22.75,12.312559707954772,0.0
CUST003508,17,19236.56,1131.5623529411766,4312.39,0,12.250010045817609,11.735294723941628,0.0
CUST003509,16,7148.9,446.80625,1972.07,0,12.250000000038556,11.484375000003727,0.0
CUST003510,32,15267.35,477.1046875,3173.35,0,14.000000000026269,11.812507709729815,0.0
CUST003511,20,7568.0599999999995,378.40299999999996,1815.62,0,14.0,11.725000236917708,0.0
CUST003512,24,12447.15,518.63125,1657.77,0,14.000001069758875,11.520833378881898,0.0
CUST003513,25,15134.02,605.3608,2665.67,0,14.000000000110786,11.760000714443608,0.0
CUST003514,28,17383.73,620.8475,3578.31,0,14.000000007602376,11.812500142351206,0.0
CUST003515,24,15701.4,654.225,3210.62,0,14.0,11.666666666685524,0.0
CUST003516,26,17515.24,673.663076923077,3062.07,0,14.000000000953568,11.576923077026922,0.0
CUST003517,22,24120.39,1096.3813636363636,9615.12,1,26.25000000394615,12.568183091948354,0.045454545454545456
CUST003518,26,35272.93,1356.6511538461539,7741.83,0,21.0,12.451927439908367,0.0
CUST003519,28,17535.41,626.2646428571428,2082.18,0,14.0,11.375000008549714,0.0
CUST003520,30,22423.79,747.4596666666667,8174.6,0,24.5,12.483333789427292,0.0
CUST003521,22,15390.57,699.5713636363636,3471.96,0,14.0,11.534092340491366,0.0
CUST003522,34,26383.6,775.9882352941177,4456.51,34,30.000000000063736,27.786764722670085,1.0
CUST003523,26,15863.56,610.136923076923,2608.23,0,14.000003327528772,11.711538591853904,0.0
CUST003524,26,29301.96,1126.9984615384615,6615.97,0,17.5,11.778846661060065,0.0
CUST003525,28,14081.869999999999,502.9239285714285,2324.19,0,14.0,11.875000639828817,0.0
CUST003526,24,22618.91,942.4545833333333,7802.28,0,19.25,11.666667670169467,0.0
CUST003527,21,16440.3,782.8714285714285,6295.1,0,17.5,12.000013357298615,0.0
CUST003528,22,11210.6,509.57272727272726,1456.05,0,14.0,11.454545470982966,0.0
CUST003529,30,15348.099999999999,511.6033333333333,2795.93,0,14.0,11.725000152006197,0.0
CUST003530,25,20985.55,839.422,2305.79,0,14.0,11.55000003030211,0.0
CUST003531,25,16646.2,665.8480000000001,3196.38,0,14.000000002068994,11.760000008099235,0.0
CUST003532,25,23937.33,957.4932000000001,7826.17,0,17.5,11.620000020192519,0.0
CUST003533,22,15851.41,720.5186363636363,4392.32,0,14.0,11.852273260149026,0.0
CUST003534,19,8527.42,448.81157894736845,1453.27,19,30.0,27.88157894742284,1.0
CUST003535,19,15521.89,816.9415789473684,3830.39,0,14.00000000012304,11.88157894738277,0.0
CUST003536,31,28560.23,921.2977419354838,8314.44,1,28.0,12.024309718360373,0.03225806451612903
CUST003537,17,11684.3,687.3117647058823,2530.27,0,14.0,11.941176571639627,0.0
CUST003538,21,10465.67,498.3652380952381,1519.69,0,14.0,11.750000002793398,0.0
CUST003539,26,27516.63,1058.3319230769232,12690.92,0,17.500000001882576,11.509638955785498,0.0
CUST003540,22,11492.93,522.4059090909091,2831.42,0,12.250000039769573,11.375000001807708,0.0
CUST003541,28,20937.29,747.7603571428572,3368.46,0,14.0,11.562500169470516,0.0
CUST003542,27,14660.88,542.9955555555555,4209.62,0,14.0,11.666666687209771,0.0
CUST003543,24,9732.19,405.5079166666667,1087.38,0,14.0,11.229171148243786,0.0
CUST003544,28,24074.25,859.7946428571429,7327.04,0,22.75,12.250000134761367,0.0
CUST003545,25,12425.64,497.0256,3982.83,0,14.0,11.830010187786723,0.0
CUST003546,21,10200.03,485.71571428571434,2053.4,0,14.000000002087097,11.666666667990658,0.0
CUST003547,19,10663.21,561.2215789473684,1783.33,0,12.25002556380158,11.97368555646097,0.0
CUST003548,27,46513.16,1722.7096296296297,9175.06,0,24.50002924285118,12.833334605401156,0.0
CUST003549,23,17972.84,781.4278260869565,4616.74,0,14.0,11.260869569719933,0.0
CUST003550,20,13450.64,672.5319999999999,3715.21,0,14.00000000042708,12.075001073752018,0.0
CUST003551,25,12361.4,494.45599999999996,1910.64,0,14.0,11.340007364784988,0.0
CUST003552,23,38078.48,1655.586086956522,9733.91,0,24.5,12.478262024497925,0.0
CUST003553,21,13204.74,628.7971428571428,4038.4,0,14.0,11.750000000718805,0.0
CUST003554,29,15273.23,526.6631034482758,2910.39,0,14.0,11.525862069281457,0.0
CUST003555,33,20646.32,625.6460606060606,3216.0,0,14.00000000985066,11.719697870803978,0.0
CUST003556,22,10657.36,484.42545454545456,1643.77,0,12.25000002750069,11.375000002360544,0.0
CUST003557,26,15028.82,578.0315384615385,1811.44,0,12.25000010654997,11.307692316259336,0.0
CUST003558,26,15405.730000000001,592.5280769230769,3030.34,16,26.75,24.394230769445276,0.6153846153846154
CUST003559,19,11986.14,630.8494736842105,4002.01,0,14.0,11.513158181727347,0.0
CUST003560,25,20572.09,822.8836,5373.39,0,22.75,12.600000000213727,0.0
CUST003561,25,31482.609999999997,1259.3044,8354.07,0,24.5,12.60000886023688,0.0
CUST003562,25,19441.5,777.66,6237.13,0,19.25,11.900000116889473,0.0
CUST003563,27,14763.27,546.7877777777778,1522.58,0,14.0,11.601852096281574,0.0
CUST003564,18,6200.9,344.4944444444444,1125.5,0,12.250028259118878,11.375001985311533,0.0
CUST003565,26,14491.88,557.38,2097.12,26,30.000000013033315,27.711538462070315,1.0
CUST003566,19,16779.69,883.1415789473683,4802.36,0,15.75000000211,12.250000015488025,0.0
CUST003567,27,16146.11,598.0040740740741,1671.93,0,14.0,11.60185202115829,0.0
CUST003568,21,17564.26,836.3933333333332,4177.69,0,14.00000002282889,11.41666805556812,0.0
CUST003569,22,8836.039999999999,401.63818181818175,1592.29,0,7.0,4.2159245982209805,0.0
CUST003570,22,16873.99,766.9995454545456,3626.87,0,14.0,11.772727272727273,0.0
CUST003571,31,46258.89,1492.2222580645162,19219.71,0,24.5,12.588709762421141,0.0
CUST003572,23,9753.56,424.0678260869565,2278.36,0,14.0,11.869565327701668,0.0
CUST003573,36,29475.22,818.7561111111112,4966.91,0,14.000000005157782,11.715279478682259,0.0
CUST003574,24,11217.35,467.38958333333335,2428.34,0,12.25000004104127,11.520833435318425,0.0
CUST003575,24,12331.53,513.81375,2607.8,0,12.250000114902717,11.375000089287061,0.0
CUST003576,21,15498.1,738.004761904762,3455.45,21,30.00000000000573,27.75000000276802,1.0
CUST003577,24,17822.48,742.6033333333334,3088.44,0,14.0000000435972,12.031250171917328,0.0
CUST003578,20,11256.470000000001,562.8235000000001,2178.17,0,14.0,11.81250000564123,0.0
CUST003579,27,19692.58,729.3548148148149,2629.32,0,14.000010117170008,11.666667271489372,0.0
CUST003580,19,26978.64,1419.9284210526316,19169.34,0,24.5,12.065789475127735,0.0
CUST003581,11,7762.87,705.7154545454546,2720.8,0,14.0,11.772727273551453,0.0
CUST003582,27,28360.239999999998,1050.3792592592592,12297.13,0,19.25,11.92592592951511,0.0
CUST003583,23,18730.37,814.3639130434782,5672.56,0,24.5,12.250000023732532,0.0
CUST003584,32,36047.29,1126.4778125,7751.55,0,17.5,12.031251502041018,0.0
CUST003585,35,17785.13,508.14657142857146,1914.99,0,14.000002826237164,11.500001550209456,0.0
CUST003586,28,12298.57,439.23464285714283,1571.97,9,25.00000009673954,23.81250018322493,0.32142857142857145
CUST003587,35,20680.23,590.8637142857143,4111.58,0,14.0,11.600000183489385,0.0
CUST003588,25,13176.3,527.052,3295.91,25,30.00000006807817,28.110000004111235,1.0
CUST003589,35,23949.06,684.2588571428572,6433.55,0,19.25,11.850000075770348,0.0
CUST003590,23,15416.96,670.3026086956521,2860.47,0,14.0,11.413043633504614,0.0
CUST003591,29,29697.6,1024.0551724137931,6227.36,0,19.25,11.58659916323155,0.0
CUST003592,16,9564.25,597.765625,2157.5,0,14.000000000020876,11.81250047952629,0.0
CUST003593,18,7770.94,431.71888888888884,1272.36,0,14.0,11.569444445786665,0.0
CUST003594,22,14279.07,649.0486363636363,3013.06,0,14.0,12.170454551428474,0.0
CUST003595,27,20715.35,767.2351851851852,5681.89,0,19.25,12.055555627716899,0.0
CUST003596,23,37660.56,1637.415652173913,20599.23,0,24.500000020925967,12.554347828912384,0.0
CUST003597,17,18774.39,1104.375882352941,6122.57,0,19.250000006477887,11.941176477442,0.0
CUST003598,16,10905.039999999999,681.5649999999999,2895.01,0,14.0,12.031250007124994,0.0
CUST003599,15,17287.37,1152.4913333333332,5914.25,0,19.25,11.783333333770154,0.0
CUST003600,32,34505.32,1078.29125,11439.44,32,40.5,27.976562642133736,1.0
CUST003601,31,17168.31,553.8164516129033,2809.37,0,14.0,11.629032411219368,0.0
CUST003602,31,25494.98,822.4187096774193,3814.15,0,14.0,12.137101600738799,0.0
CUST003603,36,16012.23,444.78416666666664,2334.22,0,14.000000017697728,11.666666667218657,0.0
CUST003604,29,34076.0,1175.0344827586207,7408.51,0,17.5,11.767244184415656,0.0
CUST003605,26,12756.58,490.6376923076923,3479.28,0,14.00000000000011,11.644230769702354,0.0
CUST003606,22,9238.37,419.9259090909091,2526.51,0,14.0,11.613636363642156,0.0
CUST003607,19,18120.47,953.7089473684211,6086.58,0,21.0,12.15789479637399,0.0
CUST003608,25,14446.949999999999,577.8779999999999,3523.18,0,12.250000138773451,11.830000006507248,0.0
CUST003609,25,12848.24,513.9295999999999,1668.81,25,30.0,27.83000000169552,1.0
CUST003610,14,11157.04,796.9314285714287,5293.22,0,14.00000000519896,12.250000001012324,0.0
CUST003611,22,20687.83,940.3559090909092,11293.54,0,24.500115621431025,12.01147386953876,0.0
CUST003612,23,17206.21,748.0960869565217,3228.74,0,14.0,11.413043513407647,0.0
CUST003613,35,16428.64,469.38971428571426,2443.46,0,14.0,11.850000267052465,0.0
CUST003614,18,23874.850000000002,1326.3805555555557,7097.06,0,19.25,11.958333334507909,0.0
CUST003615,27,15259.27,565.1581481481481,2843.84,0,14.0,11.796296364708155,0.0
CUST003616,22,16003.5,727.4318181818181,3683.28,0,14.000000000096808,11.61363727873045,0.0
CUST003617,30,22381.88,746.0626666666667,6555.53,0,24.5,12.250000000025477,0.0
CUST003618,16,5290.71,330.669375,1812.9,0,14.000000000000403,11.484375548984032,0.0
CUST003619,13,13320.3,1024.6384615384616,5993.45,0,12.25,11.442307692307692,0.0
CUST003620,33,20989.1,636.0333333333333,4599.05,0,14.0,11.560606488270174,0.0
CUST003621,23,8993.27,391.0117391304348,1849.24,0,14.0,11.793478262317445,0.0
CUST003622,27,26665.52,987.6118518518518,3897.33,0,14.0,11.666667154751659,0.0
CUST003623,24,21219.13,884.1304166666667,4857.99,0,14.0,11.447930031017547,0.0
CUST003624,24,13744.76,572.6983333333334,3488.54,0,14.0,11.520834029087807,0.0
CUST003625,24,14623.47,609.31125,3112.48,0,14.0,11.739583335036038,0.0
CUST003626,17,8132.77,478.3982352941177,2057.75,0,14.000000001952738,11.632354153772095,0.0
CUST003627,20,9753.59,487.6795,1635.33,0,14.0,11.637500014788701,0.0
CUST003628,29,27963.6,964.2620689655172,8327.24,16,37.24999999999999,24.879311798479442,0.5517241379310345
CUST003629,31,15631.68,504.2477419354839,1357.07,0,14.0,11.685483959155409,0.0
CUST003630,20,23787.14,1189.357,5507.6,0,19.25,12.425119368086643,0.0
CUST003631,22,14878.75,676.3068181818181,2820.31,0,14.000000000363244,11.534090921741539,0.0
CUST003632,16,9527.15,595.446875,1676.26,0,14.0,11.921875007299045,0.0
CUST003633,21,14112.43,672.0204761904762,2667.3,0,14.0,11.750000001932303,0.0
CUST003634,39,17928.5,459.70512820512823,1837.15,0,14.000000000278906,11.846153858025605,0.0
CUST003635,28,29975.579999999998,1070.5564285714286,4862.4,0,14.000000000097158,11.750018208500112,0.0
CUST003636,32,38765.01,1211.4065625,6077.99,0,19.25,12.359398700696488,0.0
CUST003637,32,24684.690000000002,771.3965625000001,7320.92,0,24.50000001098449,12.523438989480393,0.0
CUST003638,20,11263.01,563.1505,1792.46,0,14.0,11.900000021406322,0.0
CUST003639,32,25059.09,783.0965625,3841.98,0,15.749999999999998,12.14065417815971,0.0
CUST003640,22,14231.79,646.8995454545455,2015.63,0,14.000000161204248,12.011363643920015,0.0
CUST003641,18,10750.43,597.2461111111111,5180.82,0,17.5,12.444444495423767,0.0
CUST003642,34,20429.16,600.8576470588235,3324.99,23,26.75018568144595,24.588240795246147,0.6764705882352942
CUST003643,25,17562.12,702.4848,3679.29,0,14.0,11.97000117577287,0.0
CUST003644,31,23060.41,743.8841935483871,5190.36,0,17.5,12.024194157538282,0.0
CUST003645,18,9483.29,526.8494444444445,2035.13,0,7.000020532316153,4.375090508711989,0.0
CUST003646,25,11240.94,449.6376,1680.66,0,14.000000000016058,11.760000000110795,0.0
CUST003647,17,17860.23,1050.6017647058823,5023.75,0,24.5,12.764708922069465,0.0
CUST003648,26,11978.289999999999,460.7034615384615,2904.6,0,14.000000000011044,11.778846159022525,0.0
CUST003649,27,16076.64,595.4311111111111,3593.56,0,17.5,12.250000048836862,0.0
CUST003650,24,16207.15,675.2979166666667,2970.64,0,14.000005380436484,11.520833557521494,0.0
CUST003651,22,7214.570000000001,327.935,1294.93,0,14.0,11.215909091156506,0.0
CUST003652,26,23503.53,903.9819230769231,8282.95,1,28.0,12.250031800779025,0.038461538461538464
CUST003653,28,18661.78,666.4921428571428,5610.66,0,19.25,11.500000081259065,0.0
CUST003654,31,19373.170000000002,624.9409677419355,4139.94,0,14.0,11.403225907464973,0.0
CUST003655,18,13333.59,740.755,2820.72,0,14.00000000000043,12.055555555604037,0.0
CUST003656,24,12634.76,526.4483333333334,2054.86,0,14.0,11.666666667610365,0.0
CUST003657,28,14332.95,511.8910714285715,2606.1,0,12.25,11.500018526566079,0.0
CUST003658,27,21913.19,811.5996296296296,5399.15,0,22.75,12.185208216625066,0.0
CUST003659,26,23683.14,910.89,8813.19,0,24.50000020665865,12.048076931855125,0.0
CUST003660,18,11832.1,657.338888888889,2982.44,0,14.000000004810694,11.958333333991892,0.0
CUST003661,25,32860.26,1314.4104,9767.06,0,24.5,12.460000257200933,0.0
CUST003662,29,28056.97,967.4817241379311,6697.81,0,17.500000134913815,11.70689721797332,0.0
CUST003663,24,50070.08,2086.2533333333336,41872.72,1,28.0000004024371,12.32335845084105,0.041666666666666664
CUST003664,23,15258.83,663.4273913043478,5440.77,23,33.5,28.25000000005812,1.0
CUST003665,30,22624.9,754.1633333333334,5101.99,0,17.5,11.725000055068032,0.0
CUST003666,20,15404.699999999999,770.2349999999999,6639.61,0,17.5,11.987500015245187,0.0
CUST003667,15,21538.87,1435.9246666666666,8753.99,0,24.5,12.716701344795416,0.0
CUST003668,26,25004.22,961.7007692307693,4933.18,0,14.000000264398254,12.317307716184432,0.0
CUST003669,24,15920.52,663.355,4188.94,0,14.0,11.59375000046627,0.0
CUST003670,24,11837.14,493.21416666666664,1569.43,0,14.0,11.666666697566212,0.0
CUST003671,26,14790.95,568.8826923076923,2652.56,0,14.00000000522034,11.778846156029442,0.0
CUST003672,28,20474.739999999998,731.2407142857143,3362.94,28,30.00000000000157,27.625000001448225,1.0
CUST003673,28,17640.35,630.0124999999999,3794.97,0,14.0,11.625000000193905,0.0
CUST003674,23,15715.93,683.3013043478261,6106.27,0,21.0,12.021739130602876,0.0
CUST003675,27,18785.58,695.7622222222222,2862.46,0,14.0,11.277789786455585,0.0
CUST003676,20,16561.9,828.095,2843.66,0,14.0,11.725000003195913,0.0
CUST003677,28,16553.37,591.1917857142856,2845.29,0,14.000000244966566,11.875000013590153,0.0
CUST003678,24,9138.19,380.7579166666667,1443.36,0,14.0,11.593750080320945,0.0
CUST003679,23,11814.04,513.6539130434783,2322.71,0,12.250002913319742,11.18478275516185,0.0
CUST003680,28,23552.53,841.1617857142857,3873.03,0,14.000000000133356,11.937500084587809,0.0
CUST003681,16,8819.27,551.204375,3770.13,0,14.0,11.593752261444209,0.0
CUST003682,17,8299.9,488.22941176470584,1020.05,0,14.0,11.838235294158546,0.0
CUST003683,18,10284.99,571.3883333333333,3275.29,0,14.0,11.763888890146331,0.0
CUST003684,27,20229.47,749.2396296296297,7143.42,0,17.50000287146819,11.537037186769906,0.0
CUST003685,23,18333.43,797.1056521739131,2482.71,0,14.0,11.86956521746404,0.0
CUST003686,14,6360.6,454.3285714285715,1216.45,0,12.250000000118083,11.750000042389392,0.0
CUST003687,35,26520.97,757.7420000000001,3847.52,0,14.0,11.650004395620188,0.0
CUST003688,36,23698.45,658.2902777777778,2533.64,0,14.000004247490466,11.715277900935275,0.0
CUST003689,26,9549.83,367.30115384615385,1051.93,0,14.000000003854437,11.846153926323295,0.0
CUST003690,24,14369.83,598.7429166666667,2733.08,0,14.000000055857804,11.958333341815873,0.0
CUST003691,23,16653.01,724.0439130434781,4853.43,23,30.0,27.793478260871037,1.0
CUST003692,36,51699.11,1436.086388888889,14423.19,0,24.5,12.541670370376833,0.0
CUST003693,32,21352.72,667.2725,4098.18,0,12.250013621680989,11.156250672020759,0.0
CUST003694,14,12579.15,898.5107142857142,6347.45,0,14.0,11.750005001317422,0.0
CUST003695,23,20903.74,908.8582608695652,6372.83,0,17.5,12.173913079971195,0.0
CUST003696,23,20193.03,877.9578260869565,4526.32,0,14.0,11.565217403731804,0.0
CUST003697,15,4634.78,308.9853333333333,965.49,0,14.0,11.90000000018056,0.0
CUST003698,27,28890.06,1070.0022222222224,6379.7,0,17.5,12.18518519126017,0.0
CUST003699,28,10801.58,385.7707142857143,1304.11,0,14.0,11.25000337739931,0.0
CUST003700,26,9593.12,368.9661538461539,1475.28,0,14.000000529147083,11.509616947668176,0.0
CUST003701,19,7679.23,404.16999999999996,1739.23,19,30.0,27.789473685344397,1.0
CUST003702,17,11736.14,690.3611764705882,2771.01,0,12.25,11.426510909904682,0.0
CUST003703,21,7466.08,355.52761904761905,1658.02,0,12.250000001448036,11.500001764023791,0.0
CUST003704,21,17020.22,810.4866666666667,4835.04,0,14.0,11.500000004454932,0.0
CUST003705,24,16868.68,702.8616666666667,3316.43,0,17.50000004696515,11.958334158686819,0.0
CUST003706,30,35047.47,1168.249,7462.51,0,21.0,12.075354026396882,0.0
CUST003707,16,10080.48,630.03,2401.21,0,14.0,11.48437503491372,0.0
CUST003708,19,11392.01,599.5794736842105,1945.46,19,30.0,28.065789473700324,1.0
CUST003709,20,15589.99,779.4995,7460.57,20,33.5,27.987500000039528,1.0
CUST003710,24,15381.050000000001,640.8770833333334,2949.8,0,14.000000636798353,12.10416719840375,0.0
CUST003711,19,11812.48,621.7094736842105,4700.18,0,14.0000000027381,11.789473684447978,0.0
CUST003712,33,14775.2,447.73333333333335,1452.77,0,14.0,11.295455309363048,0.0
CUST003713,23,16620.78,722.6426086956521,3096.1,0,14.0,11.489130483437734,0.0
CUST003714,30,18396.98,613.2326666666667,4459.26,0,14.0000000133118,11.550000082162239,0.0
CUST003715,24,24925.86,1038.5775,7765.14,0,21.0,12.104177054436413,0.0
CUST003716,25,14685.33,587.4132,3345.66,0,12.250000301371056,11.620000015798109,0.0
CUST003717,20,12435.23,621.7615,4341.72,0,14.00000000012784,11.637500012492634,0.0
CUST003718,30,13949.47,464.9823333333333,2042.38,0,14.000000000000188,11.491671760194487,0.0
CUST003719,35,19200.82,548.5948571428571,4483.69,15,26.75,24.050033372732607,0.42857142857142855
CUST003720,26,20897.14,803.7361538461538,3367.11,0,14.0,11.509615742514823,0.0
CUST003721,23,31104.41,1352.365652173913,6651.17,23,33.5,27.717391337578807,1.0
CUST003722,26,22407.1,861.8115384615384,4865.83,0,14.0,11.509615384803574,0.0
CUST003723,24,18054.2,752.2583333333333,6724.99,0,19.25,11.81250006193168,0.0
CUST003724,25,13326.32,533.0527999999999,2927.88,0,14.0,11.830000001806953,0.0
CUST003725,24,15282.09,636.75375,3377.66,0,14.0,12.03125013913568,0.0
CUST003726,22,17726.07,805.7304545454546,6892.3,0,19.25000000459386,12.011363639973034,0.0
CUST003727,32,27360.64,855.02,5967.1,0,17.5,12.085938143384178,0.0
CUST003728,22,18284.27,831.1031818181818,5309.89,0,17.5,12.329545459105026,0.0
CUST003729,22,11116.84,505.3109090909091,3556.08,0,14.0,11.454545454595037,0.0
CUST003730,13,8120.09,624.6223076923077,2725.06,0,12.250000005304308,11.3076923461029,0.0
CUST003731,28,17782.99,635.1067857142858,3097.57,0,14.0,11.75000662112114,0.0
CUST003732,20,18016.9,900.845,4548.85,0,12.25,11.112500012461695,0.0
CUST003733,23,11092.300000000001,482.27391304347833,2480.5,0,12.250000921887766,11.56522209307268,0.0
CUST003734,24,28884.27,1203.51125,14645.32,0,17.5,11.958333515580597,0.0
CUST003735,16,15101.949999999999,943.8718749999999,2740.98,16,30.0,27.921875000669985,1.0
CUST003736,25,10350.17,414.0068,1791.51,0,14.0,11.690000000094043,0.0
CUST003737,31,14426.51,465.37129032258065,2870.2,0,14.0,11.29032259062546,0.0
CUST003738,23,16212.34,704.8843478260869,4756.16,0,14.000000165591707,11.793478272358055,0.0
CUST003739,25,22213.5,888.54,5512.91,25,37.0,28.39000000062193,1.0
CUST003740,24,23716.64,988.1933333333333,9823.14,1,26.25,12.031250004362272,0.041666666666666664
CUST003741,34,24657.57,725.2226470588236,4994.28,0,14.00003922298535,11.735295599748012,0.0
CUST003742,35,14423.26,412.0931428571429,1932.13,0,14.0,11.50010297338695,0.0
CUST003743,21,11874.17,565.4366666666667,2398.86,0,14.000000011831965,11.666669558933663,0.0
CUST003744,24,18262.03,760.9179166666667,3717.33,0,14.000000045326152,11.812500004915323,0.0
CUST003745,23,11246.06,488.9591304347826,2592.17,0,14.000000000199677,12.173930534073326,0.0
CUST003746,28,16783.05,599.3946428571428,2411.88,0,14.0,11.56250960489923,0.0
CUST003747,29,27038.77,932.3713793103449,8677.76,0,22.75,12.068965519351172,0.0
CUST003748,22,15912.029999999999,723.2740909090909,2535.61,0,14.000000073778551,12.011378022599223,0.0
CUST003749,28,22458.55,802.0910714285714,3506.42,0,14.000000000294191,11.875000015541762,0.0
CUST003750,21,18245.45,868.8309523809525,4197.52,0,14.0,11.750003418158121,0.0
CUST003751,22,11910.15,541.3704545454545,1668.74,0,14.0,12.170454545707775,0.0
CUST003752,25,14986.31,599.4524,2728.8,0,14.0,11.69000015815928,0.0
CUST003753,22,10830.31,492.28681818181815,1785.71,12,25.00000450875728,24.204545660152363,0.5454545454545454
CUST003754,24,16222.59,675.94125,4439.69,0,14.0,11.812501809417986,0.0
CUST003755,22,12790.86,581.4027272727272,4659.66,0,17.5,11.931818210971846,0.0
CUST003756,27,15560.94,576.3311111111111,3930.36,0,14.0,11.66666734663772,0.0
CUST003757,24,16572.06,690.5025,6387.05,0,19.25,11.812500007113444,0.0
CUST003758,23,14901.61,647.8960869565218,3375.23,0,14.0,11.641305014919446,0.0
CUST003759,23,16438.79,714.73,2883.37,0,14.0,11.489131018202828,0.0
CUST003760,23,8673.4,377.10434782608695,1301.12,0,14.0,11.79347830688155,0.0
CUST003761,31,26335.08,849.5187096774195,4912.43,0,14.000000000008969,11.459933828599562,0.0
CUST003762,20,29768.82,1488.441,11992.39,0,24.5,12.425000133556768,0.0
CUST003763,21,9734.92,463.5676190476191,3205.11,0,14.0,11.583333338374942,0.0
CUST003764,24,12000.47,500.0195833333333,2780.51,0,12.25000000232492,11.593754390396946,0.0
CUST003765,29,23877.13,823.3493103448276,3140.32,0,14.0,11.827586240554972,0.0
CUST003766,21,21992.65,1047.2690476190478,4915.3,0,14.000000213412832,11.750288124241873,0.0
CUST003767,28,19113.3,682.6178571428571,2145.15,0,14.0,11.750000137597052,0.0
CUST003768,18,10862.42,603.4677777777778,1671.91,0,14.0,11.666666892865948,0.0
CUST003769,24,18865.3,786.0541666666667,3290.5,10,26.75,24.125000048847582,0.4166666666666667
CUST003770,26,17156.34,659.8592307692307,3402.07,0,14.0,11.71155018081795,0.0
CUST003771,20,8934.42,446.721,1249.78,0,14.0,11.637500000013986,0.0
CUST003772,21,17817.56,848.4552380952382,3126.74,0,12.250000048918452,11.166666675718758,0.0
CUST003773,12,13920.23,1160.0191666666667,3769.59,0,14.0,11.520834290662203,0.0
CUST003774,27,18081.34,669.6792592592593,4364.47,0,14.00000001127578,11.861113234635086,0.0
CUST003775,22,15308.16,695.8254545454546,2109.45,0,12.2500000054651,11.295454550026243,0.0
CUST003776,21,13804.9,657.3761904761905,1714.8,0,14.0,11.666666678197977,0.0
CUST003777,22,10769.59,489.5268181818182,2647.63,0,14.0,11.693183230681626,0.0
CUST003778,33,22393.11,678.579090909091,3032.04,0,14.000000131692849,11.77272823548125,0.0
CUST003779,24,14897.81,620.7420833333333,5553.75,0,19.25,11.88542751260922,0.0
CUST003780,19,13817.279999999999,727.2252631578947,3609.25,19,45.750000211135415,44.73684211731181,1.0
CUST003781,30,39865.9,1328.8633333333335,12932.88,23,37.24999999999999,25.58333333525147,0.7666666666666667
CUST003782,28,16986.79,606.6710714285715,5505.48,0,19.25,11.750000887945207,0.0
CUST003783,25,31857.56,1274.3024,15276.6,0,22.75,12.320000029500024,0.0
CUST003784,29,50744.79,1749.8203448275863,26856.38,20,33.75011378539169,25.1206936111178,0.6896551724137931
CUST003785,25,23936.56,957.4624,8650.63,0,22.75,11.83000834459504,0.0
CUST003786,25,16931.99,677.2796000000001,5993.77,0,17.5,12.46002848818195,0.0
CUST003787,28,32374.37,1156.2275,7146.76,0,19.250010154912605,12.312550935380775,0.0
CUST003788,30,23537.920000000002,784.5973333333334,4760.89,0,14.0,11.666675722321335,0.0
CUST003789,24,16298.52,679.105,3229.5,0,14.0,11.302084493778159,0.0
CUST003790,26,15883.24,610.8938461538462,7144.73,26,33.5,27.778846154011756,1.0
CUST003791,28,56754.12,2026.9328571428573,23579.99,0,24.5,12.250000556569,0.0
CUST003792,32,39281.37,1227.5428125,7285.57,0,21.0,12.359375762677601,0.0
CUST003793,28,23661.440000000002,845.0514285714287,6003.59,0,19.25,12.125001438333374,0.0
CUST003794,29,28551.47,984.5334482758622,3820.44,0,14.0,11.646621508241202,0.0
CUST003795,21,16353.66,778.7457142857143,4588.0,0,14.000000019798328,12.000000024784717,0.0
CUST003796,17,12232.269999999999,719.545294117647,4877.62,0,14.0,11.323529411902529,0.0
CUST003797,21,17547.100000000002,835.5761904761906,10252.36,0,17.5,12.083340573164755,0.0
CUST003798,21,13291.69,632.937619047619,2473.45,0,14.0,11.583333840032385,0.0
CUST003799,33,35385.95,1072.301515151515,22522.18,0,22.750007719667003,11.984848822562771,0.0
CUST003800,33,51828.63,1570.5645454545454,32041.18,1,28.0,12.51521021629914,0.030303030303030304
CUST003801,19,15565.83,819.2542105263158,3193.67,0,14.000000007655997,12.157894737245051,0.0
CUST003802,24,15082.460000000001,628.4358333333333,2501.02,0,14.000000000108312,12.104166928586421,0.0
CUST003803,26,21706.01,834.8465384615384,3961.35,0,14.000000034213066,11.711560978601112,0.0
CUST003804,20,13007.95,650.3975,2885.57,0,14.000000049284978,11.637500003195475,0.0
CUST003805,34,15162.51,445.9561764705882,1756.77,0,14.0,11.941176509601542,0.0
CUST003806,21,13565.210000000001,645.962380952381,3048.7,0,14.0,11.75000055389763,0.0
CUST003807,28,11101.58,396.485,1209.94,0,14.0000000006564,12.12500007900951,0.0
CUST003808,29,14368.64,495.4703448275862,2116.25,14,26.75000109616906,24.215517351424527,0.4827586206896552
CUST003809,19,19936.89,1049.31,5063.78,0,19.25,12.526315811633102,0.0
CUST003810,28,15232.4,544.0142857142857,2896.1,0,14.0,11.375000000008939,0.0
CUST003811,28,17538.46,626.3735714285714,3928.18,0,14.0,11.562500014296704,0.0
CUST003812,32,16237.3,507.415625,3213.47,0,14.0,11.648437837449485,0.0
CUST003813,22,15371.97,698.7259090909091,4362.08,22,30.0,27.693181836824976,1.0
CUST003814,25,15708.17,628.3268,2085.73,13,26.75000000042384,24.300011213230622,0.52
CUST003815,19,11255.32,592.3852631578948,3985.02,0,14.0,11.421053049169771,0.0
CUST003816,32,25413.36,794.1675,3796.16,0,14.000005307844145,11.593752957381849,0.0
CUST003817,20,14938.56,746.928,4179.84,0,14.0,11.725071318821385,0.0
CUST003818,29,31576.8,1088.855172413793,6225.76,0,17.5,12.068966132974714,0.0
CUST003819,23,10905.34,474.14521739130436,1548.9,0,14.0,11.565218113420354,0.0
CUST003820,30,24060.31,802.0103333333334,7551.76,0,19.25,11.958333793054567,0.0
CUST003821,20,12705.529999999999,635.2764999999999,2377.4,0,14.0,11.812500210865357,0.0
CUST003822,31,22917.46,739.2729032258064,6148.92,0,17.5,11.741935608643606,0.0
CUST003823,23,20517.26,892.0547826086956,4616.67,0,14.0,11.641304622897291,0.0
CUST003824,22,14915.390000000001,677.9722727272728,6121.92,0,17.5,12.250000031343653,0.0
CUST003825,26,17737.94,682.2284615384615,2230.46,0,14.0,11.644230820403866,0.0
CUST003826,25,14252.87,570.1148000000001,2803.5,0,14.0,11.830000308921806,0.0
CUST003827,24,20106.56,837.7733333333334,8018.13,0,24.500000084258943,12.177083349738709,0.0
CUST003828,20,11208.8,560.4399999999999,2657.45,0,12.250000625191358,11.725000031289362,0.0
CUST003829,21,17161.54,817.2161904761905,10337.51,0,21.000000067190356,12.333333340003147,0.0
CUST003830,21,19734.21,939.7242857142857,3406.79,0,14.0,11.750000002468372,0.0
CUST003831,16,11396.87,712.304375,3523.86,0,7.0,3.937500214955784,0.0
CUST003832,21,12868.05,612.7642857142857,2700.63,0,14.000001225179291,11.666669478435926,0.0
CUST003833,22,10419.86,473.63000000000005,1318.64,0,14.0,11.613636374786232,0.0
CUST003834,30,33449.43,1114.981,8646.75,0,24.5,12.075005548602297,0.0
CUST003835,33,19225.36,582.5866666666667,3228.22,0,14.000000000658536,11.507734937323923,0.0
CUST003836,30,29191.29,973.043,6769.18,0,17.5,11.841666668200935,0.0
CUST003837,13,6320.7,486.2076923076923,1332.19,0,12.250000001121952,11.30769243611789,0.0
CUST003838,23,14231.47,618.7595652173912,2607.47,0,14.000000044183649,11.565217394008355,0.0
CUST003839,25,14223.29,568.9316,2151.79,0,12.250000000335552,11.620000371265688,0.0
CUST003840,31,27475.07,886.2925806451613,9309.37,0,24.5,11.967752059325742,0.0
CUST003841,26,14296.26,549.8561538461538,1645.72,0,14.0,11.913463352747982,0.0
CUST003842,21,16217.94,772.2828571428572,4115.74,0,14.000000273810029,12.083333527604331,0.0
CUST003843,25,14104.45,564.178,2251.86,0,12.250002565713537,11.410000626980173,0.0
CUST003844,22,11271.95,512.3613636363636,3045.48,0,14.000000004388504,11.534091019377493,0.0
CUST003845,39,20158.42,516.8825641025641,3471.43,0,14.000000001466224,11.756418197848694,0.0
CUST003846,27,16644.4,616.4592592592593,2715.09,0,14.0,11.66666666671387,0.0
CUST003847,27,28575.6,1058.3555555555556,6752.2,0,21.000000588252075,12.250000069292836,0.0
CUST003848,25,26014.489999999998,1040.5796,6300.48,0,21.0,12.320000453066365,0.0
CUST003849,25,18588.45,743.538,3057.25,0,14.0,11.83000079569192,0.0
CUST003850,21,12420.67,591.4604761904762,2807.87,0,14.0,11.16667277480029,0.0
CUST003851,33,20755.01,628.9396969696969,1994.2,0,14.0,11.613640400214035,0.0
CUST003852,21,20614.76,981.655238095238,4817.99,0,14.0,12.083333385427,0.0
CUST003853,17,10812.02,636.0011764705882,3296.84,0,14.0,11.838235311312195,0.0
CUST003854,15,10417.73,694.5153333333333,2644.17,0,14.000000000000137,12.016666666666854,0.0
CUST003855,27,18648.77,690.6951851851852,2841.71,0,14.000000001898346,12.18518540598673,0.0
CUST003856,29,30272.539999999997,1043.8806896551723,10473.99,0,19.25,11.76724187979717,0.0
CUST003857,22,9374.8,426.12727272727267,1611.87,22,30.0,27.85227272727281,1.0
CUST003858,27,19470.600000000002,721.1333333333334,3040.39,0,14.0,11.86111114899744,0.0
CUST003859,23,24368.93,1059.5186956521738,6485.12,0,17.5,11.565217875104187,0.0
CUST003860,29,28799.42,993.083448275862,15968.39,0,24.5,12.31034533334444,0.0
CUST003861,12,3646.66,303.8883333333333,684.47,0,12.25,11.375000010886586,0.0
CUST003862,27,20670.13,765.5603703703704,5988.51,0,19.25,12.120370370638716,0.0
CUST003863,20,11644.210000000001,582.2105,3564.32,0,12.250000000027224,11.462500000357478,0.0
CUST003864,17,8340.519999999999,490.61882352941166,2429.95,0,12.250000000048718,11.22058893770257,0.0
CUST003865,25,17078.38,683.1352,2741.51,0,14.0,12.18000000467296,0.0
CUST003866,25,39801.659999999996,1592.0664,17353.67,0,24.5,12.180000004730424,0.0
CUST003867,24,10319.11,429.9629166666667,1197.76,0,14.00000000286627,11.885416669964568,0.0
CUST003868,26,26392.82,1015.1084615384615,15778.85,0,17.500000000818336,11.576930252471017,0.0
CUST003869,43,37925.03,881.9774418604651,9991.18,1,29.75,12.046513658015757,0.023255813953488372
CUST003870,32,19029.63,594.6759375,3936.14,0,14.0,11.921875017136347,0.0
CUST003871,13,11202.58,861.7369230769231,3425.14,0,14.000000000023457,11.576924167545332,0.0
CUST003872,30,14030.039999999999,467.66799999999995,2671.6,0,14.0,12.191666685606686,0.0
CUST003873,20,13456.13,672.8064999999999,1846.63,0,14.0,12.162500014729357,0.0
CUST003874,23,16510.62,717.8530434782608,4133.19,0,14.000000000144814,11.717391339300548,0.0
CUST003875,26,12023.57,462.445,1644.07,0,14.000000002688454,11.375000057560372,0.0
CUST003876,32,17804.23,556.3821875,3249.49,0,14.000000000255936,11.484380115511673,0.0
CUST003877,20,13718.92,685.946,3127.95,11,26.75,24.47500000109732,0.55
CUST003878,19,5991.91,315.3636842105263,1752.43,0,14.0,11.881578947368421,0.0
CUST003879,17,11307.51,665.1476470588235,2354.06,7,26.75,24.07352941888749,0.4117647058823529
CUST003880,27,16441.62,608.9488888888889,3443.56,0,14.000000000011523,11.79630900665281,0.0
CUST003881,17,10686.36,628.6094117647059,2779.0,17,30.0,27.632352941399887,1.0
CUST003882,19,10682.050000000001,562.2131578947369,2745.01,0,12.250000000099822,11.513157901796738,0.0
CUST003883,18,12171.79,676.2105555555556,2152.96,0,12.250000543191351,11.472225823033252,0.0
CUST003884,20,15001.34,750.067,3341.09,0,14.0,11.637500045181124,0.0
CUST003885,25,14246.25,569.85,2536.19,25,30.000000000064357,27.550000002873222,1.0
CUST003886,19,13910.82,732.1484210526315,5103.67,0,19.25,12.434210528662566,0.0
CUST003887,35,28639.57,818.2734285714286,3974.16,0,14.0,11.650015021244265,0.0
CUST003888,37,24393.65,659.2878378378379,3673.54,0,14.000000167634129,11.729837196650339,0.0
CUST003889,22,50830.18,2310.462727272727,42854.71,1,28.00000001141235,12.011364030963945,0.045454545454545456
CUST003890,25,20176.49,807.0596,3159.65,0,14.000000000012731,11.900008632537606,0.0
CUST003891,23,15858.32,689.4921739130434,2937.04,0,14.000000000000812,11.94565238809506,0.0
CUST003892,29,38986.78,1344.371724137931,11577.15,0,22.75,12.189655178751101,0.0
CUST003893,21,15186.91,723.1861904761905,2455.01,0,7.0,4.500156987958237,0.0
CUST003894,23,14231.45,618.758695652174,1680.46,0,14.000003987384742,11.641304554399392,0.0
CUST003895,20,12586.99,629.3495,2049.81,0,14.0,11.462500000014895,0.0
CUST003896,19,23616.36,1242.9663157894738,7844.13,0,19.25000001511753,12.61842105421231,0.0
CUST003897,25,24587.53,983.5011999999999,6464.44,0,19.25000000439023,12.040008256534897,0.0
CUST003898,21,16980.67,808.6033333333332,2447.5,0,12.250001603570825,11.333335479553247,0.0
CUST003899,30,19417.31,647.2436666666667,6375.29,0,19.25,12.016671759622927,0.0
CUST003900,31,21354.83,688.8654838709678,5177.14,0,19.25,11.741935636763612,0.0
CUST003901,25,20048.690000000002,801.9476000000001,4643.67,0,14.000000000089356,11.900000000226767,0.0
CUST003902,20,17911.260000000002,895.5630000000001,4734.43,0,17.5,12.162500004177392,0.0
CUST003903,22,10943.57,497.435,1723.28,0,12.25000000417164,11.613636363942453,0.0
CUST003904,27,15338.880000000001,568.1066666666667,1890.5,0,14.000001473023206,11.73148274336197,0.0
CUST003905,29,23744.26,818.7675862068965,5050.59,0,19.25,11.706897063619481,0.0
CUST003906,21,19992.98,952.0466666666666,4775.89,0,12.250000081804062,11.583333340775765,0.0
CUST003907,26,19024.07,731.6949999999999,8823.5,0,22.75,12.384615392134098,0.0
CUST003908,19,9967.8,524.6210526315789,1520.15,0,14.0,12.06578947368421,0.0
CUST003909,26,15368.58,591.0992307692308,2850.94,0,14.0,11.7788462174308,0.0
CUST003910,22,16846.14,765.7336363636364,3375.22,0,12.25005511261946,11.454548153316507,0.0
CUST003911,21,23130.640000000003,1101.4590476190479,9040.27,1,29.75,12.416679011378365,0.047619047619047616
CUST003912,26,54332.7,2089.7192307692308,22937.51,0,19.25,12.451961510446775,0.0
CUST003913,17,6781.62,398.9188235294118,1131.06,0,14.0,11.941176843326685,0.0
CUST003914,26,24876.399999999998,956.7846153846153,6831.94,0,17.5,11.846153859289124,0.0
CUST003915,19,41383.69,2178.088947368421,28319.5,0,21.0,12.065789494483035,0.0
CUST003916,27,26897.2,996.1925925925926,9463.43,1,28.0,13.092594650267667,0.037037037037037035
CUST003917,22,7739.79,351.80863636363637,1666.91,0,14.000000000076492,11.693181818186849,0.0
CUST003918,22,11279.04,512.6836363636364,1838.99,0,14.0,11.454547099119422,0.0
CUST003919,14,8342.72,595.9085714285713,1902.99,0,14.00000001336589,11.125000007319086,0.0
CUST003920,30,21634.510000000002,721.1503333333334,4388.6,0,14.000000238385352,11.550000009211944,0.0
CUST003921,33,23693.079999999998,717.9721212121211,6218.32,0,17.500449897079516,11.401529280044723,0.0
CUST003922,25,21044.42,841.7768,4164.24,0,14.0,11.830031602825814,0.0
CUST003923,18,11963.76,664.6533333333333,2449.62,0,14.000000000262842,11.763888891556538,0.0
CUST003924,16,8193.03,512.064375,1881.15,0,14.0,11.812500000121801,0.0
CUST003925,21,16214.85,772.1357142857144,4070.84,0,14.0,11.750000006742566,0.0
CUST003926,25,33836.94,1353.4776000000002,12269.75,0,22.75,12.11000013421326,0.0
CUST003927,21,11422.38,543.9228571428571,2307.16,0,21.250000002776368,20.666666667387478,0.0
CUST003928,17,8603.11,506.0652941176471,1974.45,0,14.000000002155351,12.044117680292068,0.0
CUST003929,26,17257.96,663.7676923076923,7438.17,0,19.25,11.644230789964801,0.0
CUST003930,26,19187.46,737.9792307692308,4820.76,0,14.0,11.778847628825984,0.0
CUST003931,24,24207.02,1008.6258333333334,7993.44,0,17.5,12.395833333931344,0.0
CUST003932,21,18281.89,870.5661904761904,3332.98,0,14.0,11.750029431207608,0.0
CUST003933,29,14732.33,508.0113793103448,2126.56,0,14.0,11.344827922873929,0.0
CUST003934,20,20740.04,1037.002,3550.56,0,14.0,11.812500310200063,0.0
CUST003935,31,18497.399999999998,596.6903225806451,3151.99,0,14.0,11.798387123850853,0.0
CUST003936,26,25221.370000000003,970.0526923076924,6580.81,0,19.25000020592893,12.451923086712194,0.0
CUST003937,25,22819.64,912.7855999999999,9898.26,0,22.75,12.670000036938227,0.0
CUST003938,20,21122.96,1056.148,10636.47,20,33.5,28.600000000158026,1.0
CUST003939,23,22552.39,980.5386956521739,3749.91,0,14.0,11.336956524441797,0.0
CUST003940,24,14655.31,610.6379166666667,2666.53,0,14.0,11.66668558515,0.0
CUST003941,16,22559.23,1409.951875,9430.22,0,24.5,12.359375000394087,0.0
CUST003942,24,13576.88,565.7033333333333,2694.34,0,14.0,11.37500125330029,0.0
CUST003943,20,9526.98,476.349,2684.77,0,14.0,11.112500000523342,0.0
CUST003944,19,13684.15,720.2184210526316,3451.6,0,14.0,11.513157928968859,0.0
CUST003945,26,10610.53,408.0973076923077,1432.02,0,14.0,11.442317238061877,0.0
CUST003946,21,15877.94,756.092380952381,3866.06,0,14.000000007738455,11.833333368135786,0.0
CUST003947,20,6914.13,345.7065,1168.68,0,14.0,11.375000022695014,0.0
CUST003948,20,15355.5,767.775,3732.14,0,14.00000000201024,11.81250016541021,0.0
CUST003949,31,17629.68,568.6993548387097,2818.67,0,14.000000050635434,11.572581208585182,0.0
CUST003950,19,11075.9,582.9421052631578,1899.34,0,14.0,11.789486249594264,0.0
CUST003951,25,7548.6900000000005,301.9476,1558.07,0,12.25,11.410000003721642,0.0
CUST003952,22,17727.59,805.7995454545454,2929.45,0,14.0,11.613638103527817,0.0
CUST003953,19,19339.12,1017.8484210526316,7627.1,0,17.5,12.802631579182053,0.0
CUST003954,26,18093.57,695.9065384615385,3122.36,0,14.000000000003777,11.779666140405574,0.0
CUST003955,22,13481.81,612.8095454545454,2758.13,0,14.000000000004668,11.69318244878312,0.0
CUST003956,29,22723.05,783.553448275862,5803.87,18,30.25,24.75863679054005,0.6206896551724138
CUST003957,28,14753.28,526.9028571428572,3905.15,0,14.0,11.50000074967961,0.0
CUST003958,26,25669.36,987.2830769230769,8853.98,0,22.75,12.317307692444025,0.0
CUST003959,18,12841.769999999999,713.4316666666666,2452.85,0,14.0,11.569444444444445,0.0
CUST003960,23,13561.34,589.6234782608695,5882.22,17,32.0,24.923913059591975,0.7391304347826086
CUST003961,18,11709.87,650.5483333333334,1951.9,0,14.000000000000204,12.15277777777779,0.0
CUST003962,21,21812.1,1038.6714285714286,6102.98,0,19.25000001200192,11.833333353061747,0.0
CUST003963,23,22605.05,982.8282608695652,5577.3,0,19.25,11.945652194379344,0.0
CUST003964,22,15944.99,724.7722727272727,3671.37,0,14.0,11.45454563197801,0.0
CUST003965,21,28562.37,1360.1128571428571,13691.47,1,26.25,12.08333411227937,0.047619047619047616
CUST003966,20,19941.82,997.091,5543.49,0,17.500000000495174,11.900000009832358,0.0
CUST003967,29,11176.84,385.408275862069,1366.61,0,14.000000000297366,11.88793134539411,0.0
CUST003968,30,22237.62,741.254,3103.15,0,14.0,11.783333337975428,0.0
CUST003969,26,25324.21,974.0080769230769,12891.08,26,35.2500000000006,27.846153846187462,1.0
CUST003970,34,62335.03999999999,1833.3835294117646,41700.17,1,28.0,12.45588955192631,0.029411764705882353
CUST003971,25,18122.39,724.8956,6729.82,0,19.25,11.690000069834312,0.0
CUST003972,17,9077.25,533.9558823529412,1412.05,0,12.250016671796914,11.42647156892923,0.0
CUST003973,23,39692.340000000004,1725.7539130434784,20833.81,0,22.750000028890465,12.782612613061513,0.0
CUST003974,18,8126.33,451.4627777777778,1690.6,0,12.25000003271401,11.277778242977227,0.0
CUST003975,21,16796.86,799.8504761904762,7760.53,0,21.0,12.166666679593433,0.0
CUST003976,40,19451.02,486.2755,1730.25,0,14.000012301952935,11.725002819364631,0.0
CUST003977,21,13658.07,650.3842857142857,2198.96,0,14.0,11.083333341191462,0.0
CUST003978,25,20021.26,800.8503999999999,3143.08,0,17.50000000868309,12.600015178812571,0.0
CUST003979,19,12616.43,664.0226315789474,2824.5,0,14.0,11.513157894736842,0.0
CUST003980,17,16225.61,954.4476470588236,7485.78,0,19.25,11.632352941569934,0.0
CUST003981,21,12750.96,607.1885714285714,4167.57,14,26.75000000002591,24.666667349223694,0.6666666666666666
CUST003982,23,11923.26,518.4026086956521,2067.61,0,12.250000024910676,11.565217392423738,0.0
CUST003983,37,16465.28,445.00756756756755,1810.22,0,14.000000000002943,11.635136297178374,0.0
CUST003984,27,17116.44,633.9422222222222,2731.17,0,14.000000001093852,11.79629637925016,0.0
CUST003985,29,25195.57,868.8127586206897,6036.79,0,17.5,11.887931060567244,0.0
CUST003986,22,8965.65,407.5295454545454,1013.18,0,14.0,11.772727285746576,0.0
CUST003987,23,13310.85,578.7326086956522,2563.91,0,14.0,11.64130438342073,0.0
CUST003988,22,18767.3,853.0590909090909,5121.41,0,21.0,11.45454722710894,0.0
CUST003989,23,26960.489999999998,1172.1952173913044,6594.19,0,17.500000010126943,12.021739145352962,0.0
CUST003990,25,19291.52,771.6608,7634.41,0,19.25,11.760000113217565,0.0
CUST003991,34,17311.85,509.17205882352937,2068.06,0,14.00000080562038,11.78989673231987,0.0
CUST003992,22,9705.64,441.1654545454545,1855.32,0,14.0,11.77272729579342,0.0
CUST003993,22,33477.35,1521.6977272727272,10305.24,0,17.500186259023234,12.09091757769432,0.0
CUST003994,17,15749.49,926.4405882352941,3166.06,0,12.25,11.632353404867422,0.0
CUST003995,21,11116.4,529.3523809523809,3763.0,0,14.000008074415728,12.000000389133511,0.0
CUST003996,23,11280.7,490.4652173913044,2088.12,0,14.0,12.02173918462572,0.0
CUST003997,23,11709.789999999999,509.121304347826,2647.27,0,14.000000001172108,11.793478273047313,0.0
CUST003998,23,16902.1,734.8739130434782,3165.85,23,30.0,27.489130436198412,1.0
CUST003999,17,17099.39,1005.8464705882352,5545.62,0,19.25,11.735294136384937,0.0
CUST004000,29,25254.66,870.8503448275862,4994.35,0,14.000000222105555,11.526062244650364,0.0
CUST004001,26,24809.41,954.2080769230769,11885.15,0,19.25000000207634,12.11538466383043,0.0
CUST004002,25,14248.88,569.9552,2385.34,0,14.000000000017966,11.970000000576954,0.0
CUST004003,28,15174.31,541.9396428571429,3488.46,0,14.000000046219531,11.56250183060779,0.0
CUST004004,21,14677.59,698.9328571428572,2125.71,0,14.0,11.500000004007356,0.0
CUST004005,19,10944.25,576.0131578947369,3016.62,19,30.0,27.144736842415917,1.0
CUST004006,29,18641.91,642.8244827586207,2794.57,0,14.00000000009625,11.706897622881376,0.0
CUST004007,22,15381.02,699.1372727272727,3343.73,0,14.000000022308653,11.534096993787854,0.0
CUST004008,39,34557.29,886.084358974359,3972.14,0,14.000092749985066,11.75642786757464,0.0
CUST004009,25,15075.07,603.0028,2509.01,0,14.0,11.830000109303315,0.0
CUST004010,24,15281.6,636.7333333333333,3578.78,0,12.250000002163574,11.593750000244661,0.0
CUST004011,14,15736.32,1124.0228571428572,2766.43,0,14.000000000006263,12.00000000000047,0.0
CUST004012,23,39125.61,1701.1134782608697,13837.28,1,29.75,12.706540367297425,0.043478260869565216
CUST004013,23,13904.71,604.5526086956521,3812.0,0,14.0,11.565218120389401,0.0
CUST004014,17,10934.38,643.1988235294117,1974.76,17,47.49999999999999,45.13235299007484,1.0
CUST004015,29,22282.86,768.3744827586207,5371.26,0,19.250011393268828,11.94827910739078,0.0
CUST004016,28,24012.23,857.5796428571429,3243.01,0,14.0,11.250000843009918,0.0
CUST004017,27,24506.73,907.6566666666666,6404.85,0,21.0,11.925954265988238,0.0
CUST004018,20,11418.199999999999,570.91,1345.32,0,14.0,11.725005327825812,0.0
CUST004019,25,15485.789999999999,619.4316,1963.04,0,14.00000049933645,11.760000290890956,0.0
CUST004020,27,38698.05,1433.2611111111112,10450.76,2,29.76317055017777,13.481969283342291,0.07407407407407407
CUST004021,15,8102.86,540.1906666666666,2664.02,0,14.0,11.433333451551524,0.0
CUST004022,31,21468.12,692.52,2406.99,0,14.0,11.798511899327334,0.0
CUST004023,24,14320.85,596.7020833333333,2128.86,0,14.0,11.958333558115806,0.0
CUST004024,28,20310.63,725.3796428571429,5030.56,0,17.5,11.937501330920668,0.0
CUST004025,17,16411.62,965.3894117647059,5054.71,0,21.0,12.558825940884098,0.0
CUST004026,24,33814.68,1408.945,11675.94,0,19.25012080434453,12.10420909753921,0.0
CUST004027,26,16541.34,636.2053846153847,3720.82,0,14.0,11.846153848205041,0.0
CUST004028,29,13886.18,478.8337931034483,2699.47,0,14.0,11.706896830738103,0.0
CUST004029,23,8881.24,386.1408695652174,1214.92,0,14.0,11.48913066505261,0.0
CUST004030,14,11622.529999999999,830.1807142857142,4353.23,0,12.250000006649012,11.62500000264892,0.0
CUST004031,14,5177.82,369.8442857142857,972.82,0,14.0,11.875000091979702,0.0
CUST004032,25,14146.99,565.8796,2162.34,25,30.00000000046372,27.480000000019153,1.0
CUST004033,30,32629.62,1087.654,4478.97,0,14.000000000035175,12.133336579767622,0.0
CUST004034,23,22418.44,974.7147826086956,5774.66,0,21.0,12.09782608742687,0.0
CUST004035,32,13419.86,419.370625,1412.92,0,12.25009180456695,11.648440369986083,0.0
CUST004036,18,8451.74,469.5411111111111,2766.08,0,14.0,11.763889284935072,0.0
CUST004037,27,26600.5,985.2037037037037,5506.43,0,21.000002410435737,11.925926238754105,0.0
CUST004038,29,13188.25,454.76724137931035,2430.02,0,14.0,11.344828148833848,0.0
CUST004039,26,20219.53,777.6742307692307,5009.46,0,17.5,11.980769931293953,0.0
CUST004040,25,12658.16,506.3264,2413.66,0,14.0,11.760007218806317,0.0
CUST004041,31,16743.46,540.1116129032258,2028.55,0,14.000000000569866,11.459677420526294,0.0
CUST004042,23,14320.64,622.6365217391304,2303.32,0,14.0,11.7173913353863,0.0
CUST004043,26,17142.51,659.3273076923076,6449.9,0,21.0,11.913462363083399,0.0
CUST004044,25,16055.619999999999,642.2248,4242.38,0,14.00000026151909,11.9000000370661,0.0
CUST004045,27,21855.99,809.4811111111112,3660.11,0,14.00000000016202,11.601851949200514,0.0
CUST004046,34,41837.0,1230.5,11721.56,0,22.75,12.558834159335916,0.0
CUST004047,21,17760.96,845.76,4224.8,0,14.0,11.750000158801006,0.0
CUST004048,28,19206.25,685.9375,2883.19,0,14.0,11.562500002784075,0.0
CUST004049,28,17349.91,619.6396428571428,3894.17,0,14.0,11.437500095249815,0.0
CUST004050,27,25776.37,954.6803703703704,8514.82,0,24.5,11.990756050068686,0.0
CUST004051,29,14989.04,516.8634482758621,2625.73,0,14.0,11.948275862152913,0.0
CUST004052,20,10124.43,506.2215,2091.15,0,14.000000000001432,11.637500039106184,0.0
CUST004053,20,9658.43,482.92150000000004,3323.48,0,12.250000005627344,11.200000000423127,0.0
CUST004054,23,29348.210000000003,1276.0091304347827,8723.91,1,28.0,13.391304385188263,0.043478260869565216
CUST004055,22,8119.29,369.05863636363637,1751.14,0,14.00000000162572,11.931818182226033,0.0
CUST004056,22,10161.81,461.9004545454545,1758.73,0,14.0,11.454545465392824,0.0
CUST004057,20,13584.99,679.2495,2206.23,0,14.0,11.987501244315077,0.0
CUST004058,21,15259.869999999999,726.6604761904762,3867.75,0,14.0,11.666666677277838,0.0
CUST004059,22,16658.29,757.195,3224.74,0,14.0,11.772727368726446,0.0
CUST004060,25,29681.510000000002,1187.2604000000001,6234.26,0,21.0,12.1100000055117,0.0
CUST004061,32,17892.69,559.1465625,2475.99,0,14.0,11.375003040840673,0.0
CUST004062,22,14026.34,637.5609090909091,1897.68,0,14.0,11.852272911383249,0.0
CUST004063,27,17320.309999999998,641.4929629629629,3674.73,0,14.000000000220156,11.796296297936031,0.0
CUST004064,17,22129.100000000002,1301.7117647058824,14459.85,0,17.5,12.250000000043173,0.0
CUST004065,27,20375.97,754.6655555555556,4544.01,0,15.749999999999998,11.731481584185188,0.0
CUST004066,22,14708.26,668.5572727272728,2230.37,0,12.250000066652827,11.295454710513825,0.0
CUST004067,13,6861.639999999999,527.8184615384615,2358.16,0,14.0,11.711553517607403,0.0
CUST004068,24,13373.16,557.215,5546.14,0,19.25,11.958333592479919,0.0
CUST004069,24,18494.61,770.60875,3949.41,0,14.000000000000176,12.031250064645038,0.0
CUST004070,24,14205.81,591.9087499999999,4318.99,24,30.0,27.7395833402331,1.0
CUST004071,28,18580.32,663.5828571428572,4144.57,0,14.0,11.43750020099804,0.0
CUST004072,19,18189.86,957.361052631579,5281.73,13,30.250067446339305,24.9078983955744,0.6842105263157895
CUST004073,32,26051.82,814.119375,5745.07,0,17.5,11.812501963643916,0.0
CUST004074,15,8114.14,540.9426666666667,1540.59,0,12.250000206546286,11.433333351490331,0.0
CUST004075,21,21300.73,1014.3204761904761,4849.96,0,15.749999999999998,11.666672042613826,0.0
CUST004076,21,26645.840000000004,1268.849523809524,10053.12,0,17.5,11.916666689040264,0.0
CUST004077,20,21073.88,1053.694,7472.94,0,17.5,12.075000026913436,0.0
CUST004078,28,15913.0,568.3214285714286,3077.37,0,14.0,11.625000001319439,0.0
CUST004079,27,19401.66,718.58,5025.56,0,17.500021799739557,11.731497160459437,0.0
CUST004080,36,34764.83,965.6897222222223,7021.38,0,19.250564839681957,12.006960136304622,0.0
CUST004081,20,23452.47,1172.6235000000001,7048.93,17,32.0,25.61250000103372,0.85
CUST004082,25,14444.13,577.7651999999999,2567.35,0,14.00000000884192,12.040002889073815,0.0
CUST004083,33,22571.34,683.98,3410.84,0,14.00000828491646,11.719697363944157,0.0
CUST004084,22,12786.69,581.2131818181819,2337.12,0,14.0,12.011374592355507,0.0
CUST004085,30,15311.6,510.38666666666666,2342.98,0,14.0,11.90000000023333,0.0
CUST004086,27,14618.66,541.4318518518519,3026.89,0,14.000000000003135,11.472223177937675,0.0
CUST004087,20,9684.49,484.2245,1647.12,0,12.250000000183991,11.725000000345274,0.0
CUST004088,31,13170.55,424.8564516129032,1256.95,0,14.0,11.854838858082713,0.0
CUST004089,29,20444.99,704.9996551724139,7106.9,0,17.5,12.129310349485026,0.0
CUST004090,24,9702.77,404.28208333333333,1426.78,0,12.25000000009088,11.520834845316209,0.0
CUST004091,28,20504.53,732.3046428571428,3010.35,0,14.00000009499464,11.750037003189007,0.0
CUST004092,24,28711.81,1196.3254166666668,8172.74,0,22.75,12.469023862068179,0.0
CUST004093,15,21378.0,1425.2,8801.51,0,17.50140137873136,4.785013976118634,0.0
CUST004094,28,29631.91,1058.2825,12282.5,0,21.0,12.312500159053211,0.0
CUST004095,27,16489.33,610.715925925926,3648.72,0,14.0,11.601854753040739,0.0
CUST004096,21,14452.91,688.2338095238096,4999.84,0,14.0,11.666666666671821,0.0
CUST004097,30,25545.379999999997,851.5126666666666,7747.56,0,22.75,12.19211612449138,0.0
CUST004098,25,22952.27,918.0908000000001,3883.3,0,14.0,11.410246185251896,0.0
CUST004099,23,15924.19,692.3560869565217,4061.54,0,14.00000000668866,11.565217392051808,0.0
CUST004100,23,31884.54,1386.284347826087,16524.92,0,24.500000027477583,12.326088192729264,0.0
CUST004101,26,14793.36,568.9753846153847,2301.08,0,14.0,11.778846156580032,0.0
CUST004102,31,24857.45,801.8532258064516,3852.9,0,14.0,11.7419355495207,0.0
CUST004103,21,9238.91,439.9480952380952,1845.8,0,7.0,4.500000850553566,0.0
CUST004104,23,17917.71,779.0308695652174,3112.71,0,14.0,11.64130508321628,0.0
CUST004105,22,11185.61,508.4368181818182,2170.04,0,14.000000000045794,11.852272878372776,0.0
CUST004106,18,8462.49,470.1383333333333,1370.25,0,12.250000000845954,11.569444445929836,0.0
CUST004107,25,9492.67,379.7068,2006.24,0,14.0,11.550000082196568,0.0
CUST004108,19,17550.59,923.7152631578947,7984.82,0,19.25,12.065789667607012,0.0
CUST004109,21,13245.19,630.7233333333334,2895.76,0,14.000000000000233,11.833333333333345,0.0
CUST004110,19,10133.77,533.3563157894737,3697.2,0,14.000000136531218,11.513157901990311,0.0
CUST004111,18,7086.6,393.70000000000005,1882.52,0,14.0,11.666666666816047,0.0
CUST004112,30,17352.21,578.4069999999999,4507.11,30,30.0,27.841666667604628,1.0
CUST004113,28,22273.39,795.4782142857142,4324.63,0,14.000068516187456,11.625002447040814,0.0
CUST004114,28,14186.73,506.6689285714286,3165.0,0,14.0,11.687500008740022,0.0
CUST004115,19,14729.42,775.2326315789473,3157.06,0,14.0,11.881578948576967,0.0
CUST004116,25,17628.92,705.1568,4997.01,0,14.0,11.55000002533141,0.0
CUST004117,29,18772.42,647.3248275862069,3548.49,0,14.0,11.767241742652255,0.0
CUST004118,30,17016.46,567.2153333333333,4327.46,0,14.00000000000072,11.72500012435869,0.0
CUST004119,21,21973.93,1046.377619047619,5248.04,0,19.25,12.416666670590587,0.0
CUST004120,21,16474.67,784.5080952380952,3656.05,9,26.75,24.16666666670202,0.42857142857142855
CUST004121,26,13380.91,514.6503846153846,2715.46,0,14.0,11.98076923159209,0.0
CUST004122,22,9577.18,435.3263636363636,2737.1,0,14.000000000801156,11.772727308537116,0.0
CUST004123,25,22370.02,894.8008,3811.86,0,14.0,11.900000109456943,0.0
CUST004124,23,16934.68,736.2904347826087,3181.33,0,12.25,11.413044976923384,0.0
CUST004125,18,7239.39,402.18833333333333,1504.55,0,14.000000036705284,12.152777779913086,0.0
CUST004126,20,22546.670000000002,1127.3335000000002,10784.85,0,17.5,12.162500073996474,0.0
CUST004127,19,8571.94,451.1547368421053,2182.61,0,14.00000000003065,11.789473685996137,0.0
CUST004128,33,38723.41,1173.4366666666667,14891.6,0,17.5,11.878787956645787,0.0
CUST004129,17,12636.52,743.324705882353,3778.56,0,14.0,12.147058823529411,0.0
CUST004130,23,16169.199999999999,703.0086956521739,3973.34,0,14.0,11.48913043478534,0.0
CUST004131,33,26774.66,811.3533333333334,4733.64,0,14.0,11.878787899133982,0.0
CUST004132,23,28539.92,1240.8660869565217,8305.65,0,22.75,12.250000404690454,0.0
CUST004133,25,17798.39,711.9356,4549.91,0,14.000000291313317,11.690000328653088,0.0
CUST004134,19,19598.55,1031.5026315789473,4182.53,0,14.000000012843822,11.513157895417155,0.0
CUST004135,18,13610.53,756.1405555555556,5576.92,0,21.0,12.250000137170508,0.0
CUST004136,30,26677.02,889.234,11528.51,0,21.0,12.075000172914732,0.0
CUST004137,32,18431.23,575.9759375,2717.62,0,14.0000000120531,11.594043069283627,0.0
CUST004138,27,15258.33,565.1233333333333,2520.98,0,14.000000823616912,11.925926150702386,0.0
CUST004139,32,14470.07,452.1896875,1812.82,0,14.000000000213811,11.867188981305555,0.0
CUST004140,30,20791.78,693.0593333333333,4484.46,0,14.0,11.491684260815871,0.0
CUST004141,22,13324.07,605.6395454545454,5606.29,0,19.25,12.17045454839875,0.0
CUST004142,19,26917.940000000002,1416.7336842105265,17101.9,0,19.25,11.697380147597885,0.0
CUST004143,17,17468.15,1027.5382352941178,5736.87,0,17.5,12.970588235996082,0.0
CUST004144,23,23357.27,1015.5334782608696,6510.79,0,17.5,12.326087912397751,0.0
CUST004145,26,23061.88,886.9953846153846,10442.67,0,17.5,11.913461657094622,0.0
CUST004146,32,18220.47,569.3896875,3183.34,0,14.0,11.70323407637597,0.0
CUST004147,30,31005.54,1033.518,5465.31,0,19.25000000667374,12.016666698615643,0.0
CUST004148,18,10242.32,569.0177777777777,4105.49,0,14.000000000123446,11.86111113494852,0.0
CUST004149,18,8691.8,482.87777777777774,2051.42,0,14.0,11.47222222375426,0.0
CUST004150,21,15945.26,759.2980952380952,3845.7,0,14.0,11.833333364456237,0.0
CUST004151,19,22085.309999999998,1162.3847368421052,9057.74,0,22.750004757786503,12.157894987577714,0.0
CUST004152,23,15971.14,694.3973913043478,3367.2,0,14.000000233029114,11.489131077688759,0.0
CUST004153,24,21010.77,875.44875,5313.63,0,19.25,11.885416684943506,0.0
CUST004154,17,10618.21,624.600588235294,1892.58,8,26.75,24.176470589285316,0.47058823529411764
CUST004155,23,28886.99,1255.9560869565219,12560.42,0,19.25,12.021739132380093,0.0
CUST004156,27,24603.77,911.2507407407408,7093.76,0,19.25,11.92592592592901,0.0
CUST004157,25,13818.7,552.748,3584.03,25,30.000000000003084,27.620000000031123,1.0
CUST004158,18,9435.96,524.2199999999999,3633.04,0,14.000000000000012,11.666666666668183,0.0
CUST004159,32,20467.46,639.608125,7789.71,0,17.5,12.03125018569224,0.0
CUST004160,25,19858.28,794.3312,5629.03,0,17.5,11.830003545131158,0.0
CUST004161,12,13432.890000000001,1119.4075,6773.89,0,14.000000000176785,12.104166667292922,0.0
CUST004162,11,14551.82,1322.8927272727271,6175.25,0,12.25000131788865,11.613636483659635,0.0
CUST004163,24,23476.54,978.1891666666667,3660.48,0,14.0,11.447919178768382,0.0
CUST004164,30,14042.29,468.07633333333337,2993.05,0,14.0,11.433337442400234,0.0
CUST004165,25,16502.72,660.1088000000001,6986.77,0,21.0,11.760000001136683,0.0
CUST004166,34,34630.369999999995,1018.5402941176469,10794.42,0,24.500000798962454,12.095594982618685,0.0
CUST004167,29,29679.44,1023.4289655172413,8163.62,1,28.0,11.948286573769849,0.034482758620689655
CUST004168,24,45425.64,1892.735,28229.79,1,26.25,12.468751652693394,0.041666666666666664
CUST004169,15,13392.38,892.8253333333333,4838.07,0,7.0,4.550000085055185,0.0
CUST004170,21,13052.44,621.5447619047619,2190.95,0,7.0,4.166667735382887,0.0
CUST004171,22,9765.619999999999,443.8918181818181,2896.17,0,14.000000000000066,11.772729929718764,0.0
CUST004172,24,17833.46,743.0608333333333,3967.29,0,14.000000019268397,11.593750040431809,0.0
CUST004173,31,28699.33,925.7848387096775,11173.33,0,19.25,11.741935523932643,0.0
CUST004174,26,19628.05,754.925,7959.23,0,17.5,11.913461663964576,0.0
CUST004175,26,19628.67,754.948846153846,3525.7,0,14.000000002027036,11.980769660488923,0.0
CUST004176,25,28211.22,1128.4488000000001,4808.89,13,26.75000000001291,24.510000003699584,0.52
CUST004177,28,24251.33,866.1189285714287,4088.92,0,14.0,11.93753399093099,0.0
CUST004178,19,11141.289999999999,586.3836842105262,4843.73,0,14.0,11.789473739856307,0.0
CUST004179,23,21941.79,953.9908695652174,3454.67,0,12.250071669700416,11.26087272729341,0.0
CUST004180,21,14644.04,697.3352380952381,6034.38,0,17.5,12.000000001963311,0.0
CUST004181,23,10723.5,466.2391304347826,1530.05,0,14.00000000029294,11.94565219780485,0.0
CUST004182,21,12141.56,578.1695238095238,2051.25,0,14.0,11.666666672525384,0.0
CUST004183,16,6786.780000000001,424.17375000000004,2145.51,0,14.0,11.812500001494115,0.0
CUST004184,17,6022.05,354.23823529411766,2044.38,0,14.00000000025162,12.044120077358025,0.0
CUST004185,19,9597.7,505.14210526315793,2680.5,0,14.000000000016056,11.973684210576925,0.0
CUST004186,25,17493.55,699.742,2669.0,0,14.0,11.480011779712276,0.0
CUST004187,34,24521.21,721.2120588235293,2628.25,0,14.0,11.786764763734746,0.0
CUST004188,15,31207.82,2080.521333333333,15298.96,15,38.75,29.416666666668043,1.0
CUST004189,31,18817.44,607.0141935483871,3013.36,31,30.0,27.572580952735947,1.0
CUST004190,30,16137.44,537.9146666666667,2396.7,0,14.0,11.78333686865919,0.0
CUST004191,26,13667.869999999999,525.6873076923076,2424.86,0,12.250000006607989,11.375000089761231,0.0
CUST004192,23,14438.41,627.7569565217391,3584.79,0,14.000000692140782,11.565217686829978,0.0
CUST004193,20,20166.329999999998,1008.3164999999999,3702.5,0,14.000000000019703,11.637500007932063,0.0
CUST004194,29,29320.17,1011.0403448275862,11224.15,0,24.5,12.370690178488633,0.0
CUST004195,24,20584.449999999997,857.6854166666666,5614.24,0,19.2500000585567,12.177095295297846,0.0
CUST004196,24,11539.82,480.8258333333333,3796.32,24,30.0,28.250000000000483,1.0
CUST004197,19,10879.69,572.6152631578948,2462.8,0,14.0,11.513157898965394,0.0
CUST004198,24,15693.490000000002,653.8954166666667,4200.92,0,14.0,11.739583338699141,0.0
CUST004199,23,13261.0,576.5652173913044,2955.45,0,12.25,11.33695652173913,0.0
CUST004200,29,17167.1,591.9689655172414,4362.98,0,14.0,11.5258620723909,0.0
CUST004201,27,22544.73,834.99,4465.02,0,12.250000054577075,11.666666670596939,0.0
CUST004202,18,27584.84,1532.4911111111112,6656.54,0,17.50000135070976,12.152778054945081,0.0
CUST004203,25,19419.95,776.798,5481.08,0,21.0,12.180000000076982,0.0
CUST004204,31,12829.38,413.85096774193545,1716.93,0,14.0,12.080645636748509,0.0
CUST004205,13,13322.59,1024.8146153846153,3759.86,0,14.000000000011475,11.71154104081596,0.0
CUST004206,18,13099.09,727.7272222222223,3535.39,0,14.0,11.472227789309223,0.0
CUST004207,27,18979.309999999998,702.9374074074074,4543.37,0,12.250000264761916,11.407426432539815,0.0
CUST004208,17,8910.02,524.1188235294118,2624.78,0,14.0,11.941178035750397,0.0
CUST004209,17,6101.62,358.9188235294118,2031.13,0,14.0,12.044119059675058,0.0
CUST004210,23,18990.72,825.6834782608696,3334.11,0,14.0,11.945652174167279,0.0
CUST004211,21,12281.66,584.8409523809523,2732.16,0,14.0,11.916666669793889,0.0
CUST004212,26,18314.21,704.3926923076923,8302.15,0,22.75,12.182693635782142,0.0
CUST004213,25,13900.08,556.0032,1928.57,25,30.00000000008182,27.55000001196498,1.0
CUST004214,25,45408.85,1816.354,27853.29,0,22.75,12.460000148375064,0.0
CUST004215,34,20293.260000000002,596.8605882352941,1804.26,17,26.75000000005632,24.43382366440173,0.5
CUST004216,17,8289.66,487.6270588235294,2233.27,0,12.25000000022274,11.632367979827706,0.0
CUST004217,28,31150.85,1112.5303571428572,8786.67,0,24.5,12.500001621427012,0.0
CUST004218,27,23900.829999999998,885.2159259259258,6458.05,0,17.5,11.601858680276544,0.0
CUST004219,26,13926.349999999999,535.6288461538461,4523.73,0,12.250000014088371,11.442307877937658,0.0
CUST004220,33,26287.47,796.59,5130.99,0,21.00000074825733,12.037888362603562,0.0
CUST004221,21,23264.63,1107.8395238095238,7182.47,0,24.5,12.500000009630721,0.0
CUST004222,20,20905.12,1045.2559999999999,5608.07,1,26.25,12.687500000158552,0.05
CUST004223,27,19016.46,704.3133333333333,3683.28,0,14.0,11.731486348550787,0.0
CUST004224,25,21107.39,844.2955999999999,5418.0,0,17.5,11.69000000864704,0.0
CUST004225,18,17674.22,981.9011111111112,7207.78,0,19.25,12.250000100109535,0.0
CUST004226,23,14065.380000000001,611.5382608695653,2563.57,0,12.250000026186624,11.717391305544304,0.0
CUST004227,29,22215.17,766.0403448275862,5717.83,0,17.500002054535617,12.068965773012804,0.0
CUST004228,20,10704.029999999999,535.2014999999999,4059.12,0,14.0,11.725000083751379,0.0
CUST004229,21,13356.380000000001,636.0180952380953,3078.26,0,14.00000000014426,11.333333953110385,0.0
CUST004230,23,14188.52,616.8921739130435,3504.68,23,30.0,27.641304419607778,1.0
CUST004231,30,23738.010000000002,791.267,4904.58,0,14.000000000751642,11.725190489119965,0.0
CUST004232,23,9845.66,428.07217391304346,3125.25,0,14.000000012092409,11.717392943457082,0.0
CUST004233,29,16958.85,584.7879310344827,2228.66,0,14.0,12.068965786892239,0.0
CUST004234,22,13823.45,628.3386363636364,3520.22,0,14.0,11.5340910828178,0.0
CUST004235,22,7410.45,336.83863636363634,1404.74,0,14.000000000067342,11.534090980923562,0.0
CUST004236,29,26390.06,910.0020689655173,8397.94,0,22.75001807883536,12.129311999547713,0.0
CUST004237,25,12018.68,480.7472,2049.68,0,14.000000000174662,11.690000168682808,0.0
CUST004238,20,11080.82,554.0409999999999,2972.94,0,14.0,11.725000017721536,0.0
CUST004239,25,17442.25,697.69,2892.08,0,14.000000000162435,11.690000003130269,0.0
CUST004240,18,17285.43,960.3016666666667,3823.11,0,14.0,11.666666666734193,0.0
CUST004241,20,12079.12,603.956,3613.02,0,14.0,11.46250021086792,0.0
CUST004242,21,22394.35,1066.397619047619,11826.14,0,24.500000001769717,12.166668370661048,0.0
CUST004243,18,13223.31,734.6283333333333,4076.78,0,14.000000003172472,11.666666666845972,0.0
CUST004244,20,14793.04,739.652,4400.55,0,14.0,11.37500000000118,0.0
CUST004245,14,8981.16,641.5114285714286,2356.6,0,5.25,4.250000662940447,0.0
CUST004246,21,14280.62,680.0295238095239,2624.85,0,14.0,11.50000000075573,0.0
CUST004247,33,24125.18,731.0660606060607,6273.37,0,21.0,12.090909091755975,0.0
CUST004248,34,26771.81,787.4061764705883,13917.31,1,26.25,11.838235299516597,0.029411764705882353
CUST004249,22,11468.060000000001,521.2754545454546,2954.55,0,14.0,11.6136363867668,0.0
CUST004250,24,19893.87,828.91125,4128.36,0,14.000000082782622,12.031250005068303,0.0
CUST004251,20,13341.11,667.0555,2812.66,0,14.0,11.637500468866996,0.0
CUST004252,18,10480.51,582.2505555555556,4391.77,0,14.0,11.861111112015399,0.0
CUST004253,15,6766.81,451.1206666666667,1323.04,0,14.0,12.366666693654524,0.0
CUST004254,20,12817.91,640.8955,2923.48,0,14.00000094811364,11.987502247717696,0.0
CUST004255,24,10502.33,437.59708333333333,2346.56,0,14.00000000005002,12.10416676705613,0.0
CUST004256,28,15603.4,557.2642857142857,3439.4,0,14.0,11.68754565878999,0.0
CUST004257,25,11955.09,478.2036,1577.67,0,14.0,11.97,0.0
CUST004258,25,19824.75,792.99,3024.2,0,14.000000017388452,11.690004542018023,0.0
CUST004259,23,20353.15,884.9195652173913,4280.02,0,14.0,11.489131838042363,0.0
CUST004260,27,15359.67,568.8766666666667,3022.37,0,14.0,11.925926207710793,0.0
CUST004261,21,17744.92,844.9961904761903,3311.85,0,14.0000000000853,11.500000001413914,0.0
CUST004262,25,14976.44,599.0576,1833.11,0,14.0,11.480000116681333,0.0
CUST004263,24,18384.17,766.0070833333333,3550.98,0,14.0,11.59375001211476,0.0
CUST004264,22,9693.6,440.6181818181818,1767.0,0,14.0,11.534091102924428,0.0
CUST004265,24,16140.2,672.5083333333333,3229.41,0,14.0,11.812500053571782,0.0
CUST004266,31,24302.02,783.9361290322581,4157.88,0,12.250037450333275,11.62903346629361,0.0
CUST004267,21,19908.98,948.0466666666666,5585.5,0,21.0,12.8333334021041,0.0
CUST004268,23,13787.43,599.4534782608696,3642.8,0,14.000000063432084,11.336956811579014,0.0
CUST004269,21,22385.54,1065.9780952380952,3840.09,0,14.000000000115238,12.000000093464745,0.0
CUST004270,25,25985.81,1039.4324000000001,6993.31,0,22.75000007960157,12.600000131491745,0.0
CUST004271,41,20210.76,492.9453658536585,3986.62,0,14.000000000015946,11.69513024492597,0.0
CUST004272,22,10457.86,475.35727272727274,2494.12,11,26.750000024674986,24.204545527543566,0.5
CUST004273,24,14533.24,605.5516666666666,3551.65,0,14.0,11.520833779459059,0.0
CUST004274,30,28034.329999999998,934.4776666666666,6882.23,0,22.75,11.900002651348608,0.0
CUST004275,22,11425.869999999999,519.3577272727272,1610.79,0,14.0,12.170454548253245,0.0
CUST004276,27,29426.38,1089.865925925926,8035.03,1,29.750087742468395,12.379635856409678,0.037037037037037035
CUST004277,18,11139.94,618.8855555555556,1892.82,0,12.25,11.277935115031989,0.0
CUST004278,26,20055.09,771.3496153846154,4555.77,0,14.0,11.442307802079906,0.0
CUST004279,29,32325.4,1114.6689655172415,7784.17,0,17.5,11.887931624290951,0.0
CUST004280,26,38358.47,1475.3257692307693,16588.55,0,19.25,12.317309347310818,0.0
CUST004281,25,15499.29,619.9716000000001,2951.77,0,14.00000000846594,11.900000024679247,0.0
CUST004282,21,9501.31,452.4433333333333,2085.52,0,14.0,11.58333333772118,0.0
CUST004283,26,30240.91,1163.1119230769232,5752.72,0,22.75,12.115384628133665,0.0
CUST004284,14,15716.76,1122.6257142857144,4584.0,0,14.0,11.875000003844523,0.0
CUST004285,29,13619.53,469.6389655172414,3074.14,0,14.0,11.646551867729805,0.0
CUST004286,27,19770.86,732.2540740740741,3087.2,0,12.250227748643162,11.666679676167977,0.0
CUST004287,26,15439.619999999999,593.8315384615385,2925.62,0,14.0,12.04807693348898,0.0
CUST004288,14,7111.14,507.93857142857144,1460.12,0,14.00000000000052,11.750000000363928,0.0
CUST004289,25,29346.51,1173.8604,10752.39,0,19.25,11.76000020532012,0.0
CUST004290,28,18683.78,667.2778571428571,4651.93,0,14.000000115546806,11.687500025795009,0.0
CUST004291,25,19047.21,761.8883999999999,3974.8,0,14.000000000072552,11.620116800192637,0.0
CUST004292,26,27935.6,1074.4461538461537,6860.97,0,19.25,11.913461538521055,0.0
CUST004293,18,17827.81,990.433888888889,6977.56,0,19.25,12.15277783216091,0.0
CUST004294,24,14627.41,609.4754166666667,3245.44,24,30.0,27.447916668661218,1.0
CUST004295,29,30965.239999999998,1067.7668965517241,6128.21,0,19.25000007901764,11.827586818741327,0.0
CUST004296,25,9401.1,376.04400000000004,1173.66,0,14.0,11.76000000004355,0.0
CUST004297,30,31531.97,1051.0656666666666,7091.06,0,22.75000724033512,11.666666908419138,0.0
CUST004298,19,10855.43,571.3384210526316,1914.0,0,12.250008674672758,11.421053099699954,0.0
CUST004299,19,8228.89,433.0994736842105,1875.52,0,14.0,11.789473685183406,0.0
CUST004300,19,14015.369999999999,737.6510526315789,6657.07,14,30.25,24.81578947369086,0.7368421052631579
CUST004301,24,14767.74,615.3225,2583.83,0,14.00000000004734,11.739584377453275,0.0
CUST004302,29,19429.52,669.9834482758621,2544.55,0,14.000182782657282,11.887937344199372,0.0
CUST004303,25,19083.13,763.3252,2154.19,0,14.0000000006768,11.55000122876103,0.0
CUST004304,15,10431.2,695.4133333333334,4252.3,0,14.0,11.783333352537834,0.0
CUST004305,27,12349.78,457.3992592592593,1755.34,0,14.000000457945974,11.47222223926287,0.0
CUST004306,33,28722.690000000002,870.3845454545456,10535.37,0,17.5,11.87878789440716,0.0
CUST004307,23,10908.94,474.3017391304348,1404.45,0,12.250000000790408,11.184795927195283,0.0
CUST004308,27,13358.37,494.75444444444446,2962.66,0,14.0,11.537037432797696,0.0
CUST004309,23,21922.51,953.1526086956521,3794.66,0,19.25,12.326086969664527,0.0
CUST004310,28,30980.41,1106.4432142857142,5698.95,0,17.500000763375137,12.250128104833744,0.0
CUST004311,21,9054.51,431.1671428571429,2521.91,0,14.0,11.833375060547526,0.0
CUST004312,22,17207.739999999998,782.17,4969.45,0,14.000000000004556,12.170454793559838,0.0
CUST004313,23,20241.64,880.0713043478261,6107.92,0,17.5,11.86957081788795,0.0
CUST004314,28,19687.19,703.1139285714286,3207.17,0,12.25000093258946,11.437500739930659,0.0
CUST004315,25,12436.23,497.44919999999996,1672.53,0,14.000000007975466,11.550000392766298,0.0
CUST004316,28,30923.010000000002,1104.3932142857143,6666.82,0,19.25,12.437500000027338,0.0
CUST004317,20,26315.95,1315.7975000000001,7442.97,0,19.25000247265529,12.162500147082238,0.0
CUST004318,23,10976.8,477.25217391304346,2351.16,0,14.000000002580189,11.94565217406616,0.0
CUST004319,24,24175.68,1007.32,10211.92,0,19.25000002256968,12.468750026976755,0.0
CUST004320,18,12190.78,677.2655555555556,3453.03,0,14.0,11.763888917568329,0.0
CUST004321,22,12283.62,558.3463636363637,3099.77,0,12.250000093727438,11.53409091418093,0.0
CUST004322,26,25779.95,991.5365384615385,10362.55,0,24.5,12.250000057753708,0.0
CUST004323,15,10872.92,724.8613333333334,3647.64,0,14.0,11.316666709443776,0.0
CUST004324,15,6309.04,420.60266666666666,3802.62,0,14.000000000938185,12.016666666903246,0.0
CUST004325,24,15902.61,662.60875,3391.66,0,14.000000027087935,11.593750749710205,0.0
CUST004326,25,27104.84,1084.1936,7941.35,0,19.250000150731505,11.760000915667753,0.0
CUST004327,34,25426.73,747.845,3935.4,0,14.00000000115934,11.94117655307064,0.0
CUST004328,21,44129.869999999995,2101.4223809523805,31952.17,21,43.99999999999999,28.583333336006582,1.0
CUST004329,24,33748.38,1406.1825,11315.91,0,17.5,12.10416674246541,0.0
CUST004330,21,20516.96,976.9980952380952,6826.3,0,19.25,12.333334437481675,0.0
CUST004331,18,14939.66,829.9811111111111,4752.09,0,14.0,12.152777779255363,0.0
CUST004332,28,14910.22,532.5078571428571,3919.95,0,14.0,11.750000888891135,0.0
CUST004333,22,19364.4,880.2,3358.38,0,12.25000395429212,11.534091088831692,0.0
CUST004334,25,10607.01,424.2804,1694.02,0,12.250000010724436,11.480048692865305,0.0
CUST004335,22,22081.71,1003.7140909090908,4521.45,0,14.0,11.77272733987253,0.0
CUST004336,28,21601.12,771.4685714285714,4428.2,0,14.0,11.937500087957813,0.0
CUST004337,21,11235.23,535.0109523809524,2818.87,0,14.000000000018463,11.7500000000042,0.0
CUST004338,19,30391.449999999997,1599.55,9101.06,1,29.750000014385854,12.986843100306281,0.05263157894736842
CUST004339,16,9496.05,593.503125,2063.0,0,14.00000000000109,11.484375031294396,0.0
CUST004340,17,13072.17,768.9511764705883,2409.6,0,14.0,11.529411764705882,0.0
CUST004341,17,10268.06,604.0035294117647,3739.61,0,14.000000000005237,11.941176470594762,0.0
CUST004342,33,27637.48,837.4993939393939,12275.96,0,17.5,11.772727281157794,0.0
CUST004343,25,20076.27,803.0508,3817.8,0,14.00000000596453,11.620000003983794,0.0
CUST004344,22,21064.989999999998,957.4995454545453,9252.58,1,28.0,12.568181819466561,0.045454545454545456
CUST004345,21,12972.71,617.7480952380952,3275.2,0,14.000000000086738,12.000000000114564,0.0
CUST004346,23,16797.07,730.3073913043478,2106.64,0,14.0,11.565225235997946,0.0
CUST004347,20,17518.77,875.9385,5126.87,0,19.25,12.600000003247747,0.0
CUST004348,27,21164.3,783.8629629629629,2563.84,0,14.000000028549444,11.73148597174683,0.0
CUST004349,19,16874.16,888.1136842105263,8036.1,1,26.25,12.71052631585833,0.05263157894736842
CUST004350,20,15731.94,786.597,5857.78,0,19.25,11.987500004153238,0.0
CUST004351,15,12748.5,849.9,5316.25,0,17.5,12.600000000550422,0.0
CUST004352,23,15435.08,671.0904347826087,4067.97,0,12.250000236247065,11.641304358097829,0.0
CUST004353,29,31605.3,1089.8379310344828,8994.31,0,24.5,12.250000891233014,0.0
CUST004354,21,13147.779999999999,626.0847619047619,2897.93,0,14.00000003832676,12.333333360177757,0.0
CUST004355,28,25632.16,915.4342857142857,4168.7,0,14.00000004528709,11.375566940385015,0.0
CUST004356,18,3889.91,216.1061111111111,705.41,12,26.75,24.513888910825568,0.6666666666666666
CUST004357,29,28344.6,977.4,7508.29,0,19.25,11.827685437173969,0.0
CUST004358,24,11710.37,487.93208333333337,2869.03,0,14.000043812698593,11.375001825536755,0.0
CUST004359,16,10886.33,680.395625,4334.83,0,12.25000000078361,11.37500000167565,0.0
CUST004360,28,22519.54,804.2692857142857,5310.66,0,17.5,11.87500015030972,0.0
CUST004361,32,32182.620000000003,1005.7068750000001,7403.83,0,19.25,11.867187729130533,0.0
CUST004362,25,19579.27,783.1708,5076.69,0,19.25,11.97000967077896,0.0
CUST004363,18,13971.07,776.1705555555556,3770.84,0,14.0,11.763888888890012,0.0
CUST004364,35,27246.38,778.4680000000001,3156.93,0,14.0,11.6000045438341,0.0
CUST004365,19,19119.38,1006.2831578947369,6029.89,0,17.5,11.881579218128815,0.0
CUST004366,26,21946.24,844.0861538461539,7907.99,0,17.5,12.04807965973492,0.0
CUST004367,19,11849.43,623.6542105263158,3774.33,0,14.0,11.328947383537441,0.0
CUST004368,21,23290.32,1109.0628571428572,10981.58,0,17.5,11.75001138544832,0.0
CUST004369,21,10803.5,514.452380952381,1824.89,0,14.0,11.833333683348144,0.0
CUST004370,27,19438.93,719.9603703703704,3179.6,0,14.000003028977844,11.731481694879706,0.0
CUST004371,22,11593.49,526.9768181818182,2455.26,0,14.000000000212331,11.931818183929034,0.0
CUST004372,25,12607.74,504.3096,2282.47,0,14.0,11.620000002313356,0.0
CUST004373,20,19408.89,970.4445,2951.67,0,12.250000000189832,11.550000000285753,0.0
CUST004374,25,9221.95,368.87800000000004,2152.21,0,14.0,11.690000025757529,0.0
CUST004375,21,20646.949999999997,983.1880952380951,11011.8,0,17.5,11.750001638907301,0.0
CUST004376,26,13162.46,506.2484615384615,1515.4,0,14.0,11.576923282035553,0.0
CUST004377,22,12513.71,568.805,2453.08,0,12.25000024783182,11.215909104524323,0.0
CUST004378,26,12248.08,471.08,1628.3,0,14.0,11.71153855230446,0.0
CUST004379,21,11507.0,547.952380952381,2369.93,0,14.00000000002166,11.750000000126139,0.0
CUST004380,18,9587.5,532.6388888888889,3150.73,0,14.000000000872626,11.95833334496584,0.0
CUST004381,28,22699.28,810.6885714285714,4968.62,0,14.00000006556638,11.625045538045837,0.0
CUST004382,21,25202.39,1200.1138095238096,3978.57,0,14.0,11.833333468583945,0.0
CUST004383,16,11292.07,705.754375,3305.58,16,30.0,27.59375000000313,1.0
CUST004384,37,27910.73,754.344054054054,4042.8,0,14.001224837291026,11.587871428353054,0.0
CUST004385,23,10238.16,445.13739130434783,2302.17,0,14.0,11.71739130436802,0.0
CUST004386,19,9965.31,524.49,1223.01,0,14.0,11.973684216318956,0.0
CUST004387,30,25850.15,861.6716666666667,6299.48,0,17.5,11.60833348890812,0.0
CUST004388,28,18895.42,674.8364285714285,3957.6,0,14.00000000015885,11.937500000069102,0.0
CUST004389,24,18333.86,763.9108333333334,3357.8,0,14.000000000057378,11.666666983656379,0.0
CUST004390,15,12119.43,807.962,4816.76,0,14.0,11.783333333446148,0.0
CUST004391,27,13973.84,517.5496296296296,2755.94,0,14.0,11.731481752171312,0.0
CUST004392,22,19814.059999999998,900.6390909090908,6165.66,0,17.50000005807936,11.693181821573528,0.0
CUST004393,19,14899.710000000001,784.1952631578948,5179.31,0,17.5,11.697368421066738,0.0
CUST004394,20,14878.43,743.9215,7370.89,0,19.25,11.812500007464266,0.0
CUST004395,19,13987.59,736.188947368421,2981.66,0,12.250000001337463,11.421052631697908,0.0
CUST004396,22,20038.86,910.8572727272727,3778.18,0,14.00000000880618,12.2500001331585,0.0
CUST004397,25,18391.88,735.6752,2799.71,0,14.00000000000047,11.760000002821561,0.0
CUST004398,26,13371.05,514.2711538461538,2721.61,0,14.0,11.846153849706697,0.0
CUST004399,18,10305.25,572.5138888888889,2288.57,0,12.250000006859077,11.277777778190456,0.0
CUST004400,21,8141.34,387.68285714285713,1340.44,0,14.0,11.583343529511511,0.0
CUST004401,27,15998.699999999999,592.5444444444444,3722.79,0,14.000000000000568,11.47222225688728,0.0
CUST004402,21,17836.67,849.365238095238,3071.67,0,14.0,11.916666666666666,0.0
CUST004403,28,18471.76,659.7057142857142,2411.09,0,14.0,11.562500060271358,0.0
CUST004404,24,26587.11,1107.79625,9238.84,0,24.5,12.03125141283718,0.0
CUST004405,23,11190.2,486.5304347826087,1677.56,0,12.250000082187304,11.413049566196625,0.0
CUST004406,22,14437.34,656.2427272727273,3452.69,0,14.0,11.53409091635754,0.0
CUST004407,36,32226.47,895.1797222222223,4877.25,0,14.0,11.523896598475316,0.0
CUST004408,22,10306.01,468.455,1886.51,0,14.0,11.37500025222874,0.0
CUST004409,19,9995.35,526.0710526315789,2437.61,0,14.0,11.789473688809512,0.0
CUST004410,42,27341.63,650.9911904761905,3047.07,0,14.00000000001785,11.666666949338744,0.0
CUST004411,25,23079.83,923.1932,8105.51,1,28.003553852895745,12.320148386211475,0.04
CUST004412,21,10745.15,511.6738095238095,1915.39,0,14.0,11.666701631055982,0.0
CUST004413,20,14969.38,748.4689999999999,2690.67,0,14.0,11.725000000292722,0.0
CUST004414,22,22376.100000000002,1017.0954545454547,8012.97,0,24.5,12.329545479570935,0.0
CUST004415,28,35356.22,1262.722142857143,19610.63,0,17.5,11.937505329605202,0.0
CUST004416,23,7696.0,334.60869565217394,1372.17,23,30.0,27.56521740928832,1.0
CUST004417,35,26486.9,756.7685714285715,6798.84,0,19.25000000069157,11.75000011833091,0.0
CUST004418,23,14112.720000000001,613.5965217391305,4518.6,0,14.0,11.64130434807889,0.0
CUST004419,23,13243.35,575.7978260869565,2669.57,0,14.000010139464637,11.793478744045064,0.0
CUST004420,20,12637.94,631.897,2313.91,0,14.0,11.637500000071457,0.0
CUST004421,19,11760.19,618.9573684210527,2125.51,0,12.25000001948498,11.236843165517765,0.0
CUST004422,17,11389.34,669.9611764705883,3168.39,0,14.00000000030013,11.941181750404466,0.0
CUST004423,15,22939.34,1529.2893333333334,5045.02,0,19.25,12.133333333333335,0.0
CUST004424,30,27418.41,913.947,9153.98,13,40.75000157038061,24.650000580142684,0.43333333333333335
CUST004425,22,14348.359999999999,652.1981818181818,4763.91,0,14.0000000005406,11.772727272753967,0.0
CUST004426,27,8106.35,300.2351851851852,1519.71,0,14.000000000092856,11.666668398725985,0.0
CUST004427,19,20444.73,1076.0384210526315,5840.22,0,17.500003250887904,11.789473856373874,0.0
CUST004428,20,10386.57,519.3285,2327.41,0,14.0000000019985,11.81250000024231,0.0
CUST004429,26,15804.74,607.8746153846154,3083.11,0,14.0,11.711541284680226,0.0
CUST004430,24,8864.03,369.33458333333334,1073.74,0,14.0,11.666666668136992,0.0
CUST004431,24,15511.35,646.30625,3403.77,0,12.25000041660412,11.44791668542191,0.0
CUST004432,30,13324.01,444.13366666666667,1880.06,0,14.0,11.550001099754782,0.0
CUST004433,24,27567.28,1148.6366666666665,13776.72,0,24.5,12.541666667226016,0.0
CUST004434,24,22424.67,934.3612499999999,8173.9,24,40.5,28.760416668608574,1.0
CUST004435,20,9979.51,498.9755,3022.27,20,53.5,50.787500046811275,1.0
CUST004436,21,9324.25,444.01190476190476,989.6,0,14.0,11.666666670284567,0.0
CUST004437,22,12609.03,573.1377272727273,2448.95,0,12.250011707623331,11.693182350492004,0.0
CUST004438,29,20607.72,710.6110344827587,3626.96,0,12.250000011185543,11.224137954234902,0.0
CUST004439,18,10023.26,556.8477777777778,2018.59,0,14.0,11.666666667633152,0.0
CUST004440,24,14051.53,585.4804166666667,2834.34,0,14.0,11.666668138840409,0.0
CUST004441,30,12844.199999999999,428.14,2347.2,0,14.0,11.84166673966295,0.0
CUST004442,22,24265.97,1102.9986363636365,5980.56,0,19.25,12.17045456493725,0.0
CUST004443,24,29116.63,1213.1929166666666,10343.43,0,17.5,12.104168975981798,0.0
CUST004444,24,26560.829999999998,1106.7012499999998,4684.48,0,14.0,11.520833383636415,0.0
CUST004445,25,17209.69,688.3875999999999,2353.68,0,12.250000149851454,11.550000019126905,0.0
CUST004446,22,10223.99,464.72681818181815,2658.17,0,14.000000000365322,12.250000008811543,0.0
CUST004447,19,9754.99,513.4205263157895,3036.77,0,14.00000000000372,11.789473684680207,0.0
CUST004448,20,11315.52,565.7760000000001,2332.35,0,14.0,11.375007937234647,0.0
CUST004449,20,13125.53,656.2765,3931.93,0,12.250000077852215,11.462500004219564,0.0
CUST004450,22,12134.99,551.5904545454546,5093.67,0,17.5000000143334,11.772727276325787,0.0
CUST004451,31,31486.31,1015.6874193548388,13200.92,1,26.25,12.137097041154826,0.03225806451612903
CUST004452,15,18458.850000000002,1230.5900000000001,6560.27,0,19.25,11.783338447367372,0.0
CUST004453,22,20092.239999999998,913.2836363636362,6244.37,0,17.5,11.931818686305002,0.0
CUST004454,18,9613.92,534.1066666666667,2072.3,0,14.000000000013724,11.666666737628084,0.0
CUST004455,23,19770.91,859.6047826086957,5372.96,0,19.25000000000716,12.173913045898814,0.0
CUST004456,21,12450.92,592.9009523809524,3097.71,0,14.000000448910864,11.500000035754502,0.0
CUST004457,20,12601.21,630.0604999999999,2513.33,0,12.250000000006583,11.375000026914034,0.0
CUST004458,24,11940.61,497.5254166666667,2385.41,0,12.250002940314172,11.520833581820183,0.0
CUST004459,16,9941.17,621.323125,5845.6,0,22.75,12.57812500069581,0.0
CUST004460,36,31223.66,867.3238888888889,10117.38,0,24.5,12.298611140926392,0.0
CUST004461,24,47332.26,1972.1775,27317.57,1,28.00000019835246,12.104166746078524,0.041666666666666664
CUST004462,28,35600.68,1271.452857142857,12703.4,0,24.5,12.562500041014927,0.0
CUST004463,18,12620.75,701.1527777777778,4327.57,0,14.0,11.569444575371172,0.0
CUST004464,12,8524.15,710.3458333333333,2757.05,0,14.0,11.958333333819384,0.0
CUST004465,27,12127.880000000001,449.18074074074076,2300.46,0,14.00000297115052,11.796296518876463,0.0
CUST004466,29,18268.85,629.9603448275861,3227.13,0,14.000000001517185,11.646553088645284,0.0
CUST004467,28,16008.17,571.7203571428571,2163.41,0,14.0,11.375000216845141,0.0
CUST004468,28,17475.09,624.1103571428572,3059.06,0,12.25,11.375000173351586,0.0
CUST004469,28,17741.52,633.6257142857143,4340.43,0,14.0,11.750000001057908,0.0
CUST004470,22,13915.72,632.5327272727272,2457.95,0,14.0,11.693183954732177,0.0
CUST004471,24,13043.53,543.4804166666667,3635.95,0,14.000000000000494,12.031250224739617,0.0
CUST004472,24,12239.77,509.9904166666667,2425.06,0,14.0,11.885417678515092,0.0
CUST004473,28,15461.92,552.2114285714285,5862.76,0,19.25,11.812500030862168,0.0
CUST004474,18,25984.28,1443.5711111111111,12410.1,0,19.250000031978608,11.861111127026014,0.0
CUST004475,25,8636.65,345.466,1074.89,0,14.0,12.18000001977355,0.0
CUST004476,28,24914.96,889.8199999999999,7572.33,0,17.5000000876261,12.187500003129504,0.0
CUST004477,17,5588.21,328.7182352941177,1495.37,0,12.25,11.323529412792086,0.0
CUST004478,27,27003.98,1000.1474074074074,6367.43,0,19.25,11.925971287606549,0.0
CUST004479,21,14725.99,701.2376190476191,3788.41,0,12.250000000000888,11.416666854995915,0.0
CUST004480,24,13707.050000000001,571.1270833333334,3662.76,0,14.000000000000144,11.375000482211911,0.0
CUST004481,21,16912.43,805.3538095238096,7165.4,0,19.25,12.250000533395946,0.0
CUST004482,27,19265.14,713.5237037037036,8347.58,1,28.0,12.250000022933671,0.037037037037037035
CUST004483,31,18208.85,587.3822580645161,3387.46,0,14.000000000003002,12.080645345285,0.0
CUST004484,21,15921.890000000001,758.1852380952381,7323.26,0,19.25000001863033,12.333333341702417,0.0
CUST004485,24,30861.11,1285.8795833333334,14492.14,0,22.75,12.468750365519478,0.0
CUST004486,19,9739.27,512.5931578947369,2309.38,0,12.250000000250864,11.421053632044584,0.0
CUST004487,16,7047.94,440.49625,910.99,0,12.25000000024275,11.484375032005538,0.0
CUST004488,23,7567.16,329.00695652173914,920.18,0,14.0,11.641304870751089,0.0
CUST004489,27,33233.7,1230.8777777777777,14236.78,0,24.5,12.2500000878514,0.0
CUST004490,29,17008.12,586.4868965517242,3330.33,0,14.0,11.52586244360699,0.0
CUST004491,27,17870.59,661.8737037037037,2402.51,0,14.0,12.055555627787244,0.0
CUST004492,30,26996.3,899.8766666666667,5587.91,0,17.500000190137545,11.376317284928467,0.0
CUST004493,27,17785.29,658.7144444444444,7544.18,0,19.25,11.861111111869718,0.0
CUST004494,23,17151.3,745.7086956521739,4644.97,0,14.00000017318336,11.869581880992351,0.0
CUST004495,24,16522.72,688.4466666666667,4784.32,0,14.0,11.666667311161754,0.0
CUST004496,25,16883.24,675.3296,5625.35,1,26.25000000002308,12.320000017109397,0.04
CUST004497,28,15648.17,558.8632142857143,3694.7,0,12.392666276742736,11.567595224970376,0.0
CUST004498,22,11433.84,519.72,2883.4,0,14.000000000012166,11.693181956319853,0.0
CUST004499,18,6697.66,372.09222222222223,1475.3,0,14.000000000090106,12.347222223828453,0.0
CUST004500,15,15760.740000000002,1050.7160000000001,4181.67,0,14.000000025317034,11.550000010818735,0.0
CUST004501,22,15387.76,699.4436363636364,7154.22,0,17.5,12.409090909416095,0.0
CUST004502,30,23349.37,778.3123333333333,5401.85,0,19.25,12.425000000342862,0.0
CUST004503,21,9579.05,456.1452380952381,1857.68,0,14.0,11.75000000007891,0.0
CUST004504,25,10746.21,429.84839999999997,1041.09,0,14.0,11.550000261541909,0.0
CUST004505,29,14579.91,502.7555172413793,3471.81,0,14.0,11.3448278962452,0.0
CUST004506,19,14303.43,752.812105263158,5510.55,0,19.25000013382231,12.065789480790112,0.0
CUST004507,22,20096.74,913.4881818181819,6182.93,0,19.25,11.613636363702954,0.0
CUST004508,21,18110.32,862.3961904761904,4228.22,0,14.0,11.6666862467664,0.0
CUST004509,23,19032.55,827.5021739130434,5903.79,0,19.25,12.02173913287795,0.0
CUST004510,28,25640.319999999996,915.7257142857142,8266.65,0,24.5,12.43750073512052,0.0
CUST004511,27,18166.78,672.8437037037037,3038.68,0,12.250000005163024,11.083333334009287,0.0
CUST004512,22,22433.13,1019.6877272727273,11414.34,0,22.75,12.090909213087162,0.0
CUST004513,16,6571.62,410.72625,942.55,0,12.250007004229596,11.703125437797125,0.0
CUST004514,23,13701.57,595.7204347826087,2048.01,0,14.0,12.173913043800543,0.0
CUST004515,28,16080.08,574.2885714285715,2956.6,0,14.000000002246823,11.625000038703513,0.0
CUST004516,20,20501.35,1025.0674999999999,6127.3,0,19.25,12.16250001724741,0.0
CUST004517,29,15913.01,548.7244827586208,2740.24,29,30.00000000003118,27.646551742597868,1.0
CUST004518,25,15669.869999999999,626.7948,2757.18,0,14.0,11.900001029455009,0.0
CUST004519,24,12327.64,513.6516666666666,2442.74,0,14.0,11.739595745853302,0.0
CUST004520,20,10054.57,502.7285,1480.52,0,14.000000000360568,11.550000024486001,0.0
CUST004521,31,19456.79,627.6383870967742,2925.18,0,14.0,11.460017008030428,0.0
CUST004522,22,32724.73,1487.4877272727272,17443.37,16,32.00006575168324,25.318184810191827,0.7272727272727273
CUST004523,26,20466.27,787.1642307692308,2693.96,16,26.75,24.394230783563824,0.6153846153846154
CUST004524,22,11313.75,514.2613636363636,2091.05,0,14.0,11.693181818215123,0.0
CUST004525,21,18545.43,883.1157142857143,4489.58,0,14.0,11.500000282216256,0.0
CUST004526,29,20165.260000000002,695.3537931034483,7002.6,0,22.75000041216682,12.551724189219852,0.0
CUST004527,24,35512.76,1479.6983333333335,13295.93,0,17.5,12.104166766687975,0.0
CUST004528,27,20000.83,740.7714814814816,5577.18,0,19.25,12.120397356407208,0.0
CUST004529,17,17705.88,1041.5223529411765,8549.39,0,24.5,12.352941177447626,0.0
CUST004530,24,15745.91,656.0795833333333,2405.25,0,14.0,11.520833333681878,0.0
CUST004531,20,51301.02,2565.051,19485.49,0,24.5,12.600000099770943,0.0
CUST004532,24,36877.01,1536.5420833333335,15809.63,0,21.0,12.468750063123508,0.0
CUST004533,23,15860.66,689.5939130434782,2444.74,0,14.0,11.56521739172418,0.0
CUST004534,23,13486.439999999999,586.3669565217391,3522.42,0,14.0,12.021739845629808,0.0
CUST004535,31,31043.32,1001.3974193548387,9202.12,0,22.75,12.080645223473546,0.0
CUST004536,22,16194.46,736.1118181818182,4993.78,0,14.0,11.693181820372633,0.0
CUST004537,18,8325.050000000001,462.50277777777785,1845.91,0,12.250000023612415,11.18055558656329,0.0
CUST004538,21,15649.9,745.2333333333333,5531.67,0,22.75,12.416666666666961,0.0
CUST004539,34,16952.99,498.61735294117653,3161.95,0,14.0,11.889709307183322,0.0
CUST004540,23,16749.01,728.2178260869565,5754.39,0,17.5,12.173913046257722,0.0
CUST004541,34,21366.94,628.4394117647058,2860.17,0,14.0,11.68393047743586,0.0
CUST004542,22,18092.63,822.3922727272728,3776.3,0,14.000000185768103,11.454546506384347,0.0
CUST004543,20,8488.34,424.41700000000003,1782.78,17,26.75,24.912500001389663,0.85
CUST004544,24,25594.76,1066.4483333333333,7994.93,0,24.5,12.833333334442363,0.0
CUST004545,25,16434.66,657.3864,2920.16,0,14.0,11.550000173686058,0.0
CUST004546,23,31215.83,1357.21,13626.2,0,17.5,12.097826110472814,0.0
CUST004547,34,33605.84,988.4070588235293,6533.67,0,21.0,11.580938873108138,0.0
CUST004548,36,25381.02,705.0283333333333,7477.81,0,21.0,11.812519777812945,0.0
CUST004549,24,24990.46,1041.2691666666667,6936.7,0,21.00000000066539,12.177084763969942,0.0
CUST004550,20,19820.94,991.0469999999999,4751.09,0,14.0,11.725012195744915,0.0
CUST004551,33,48916.16,1482.307878787879,17179.6,0,17.500019783686174,12.250000602828901,0.0
CUST004552,22,16588.11,754.005,3512.55,0,14.0000000106862,11.534092310244885,0.0
CUST004553,24,20902.12,870.9216666666666,7650.47,0,24.5,12.250000595796834,0.0
CUST004554,25,10178.74,407.14959999999996,1101.67,0,14.000000000005375,11.690002242431687,0.0
CUST004555,32,33303.62,1040.738125,6956.73,0,19.25,11.757813608691384,0.0
CUST004556,21,9084.71,432.60523809523806,1131.14,0,14.0,11.58333387333245,0.0
CUST004557,27,34534.270000000004,1279.0470370370372,10154.26,0,19.25000000302373,11.79629631113459,0.0
CUST004558,14,9794.61,699.615,2977.87,0,14.0,11.875000000058876,0.0
CUST004559,23,23532.82,1023.1660869565218,6903.07,0,19.250000000369088,12.25000000066885,0.0
CUST004560,27,21565.47,798.7211111111111,9773.18,0,22.75,11.990746945934358,0.0
CUST004561,29,25399.92,875.8593103448276,4044.57,0,14.00000000123834,11.767484423434023,0.0
CUST004562,21,12825.27,610.7271428571429,2909.67,0,14.0,11.666667288768037,0.0
CUST004563,29,27910.59,962.4341379310345,8750.55,0,22.75,11.827634967811719,0.0
CUST004564,31,28704.88,925.963870967742,5214.7,0,17.5,11.798592843987844,0.0
CUST004565,20,14179.03,708.9515,2649.87,0,14.000027367344524,11.375001368369016,0.0
CUST004566,22,20441.89,929.1768181818181,10179.99,0,19.25,12.25000000090646,0.0
CUST004567,24,11425.29,476.05375000000004,3096.8,0,17.5,11.812506635825317,0.0
CUST004568,18,17067.510000000002,948.1950000000002,8928.91,0,24.5,12.541666738922721,0.0
CUST004569,26,30273.84,1164.3784615384616,6969.36,0,24.5,12.721153950249771,0.0
CUST004570,29,11485.55,396.053448275862,1346.94,19,26.75,24.5775864289291,0.6551724137931034
CUST004571,20,11750.55,587.5274999999999,1700.58,0,14.0,11.550079238940842,0.0
CUST004572,33,20467.93,620.240303030303,1909.71,0,14.00002167695022,11.984849222869276,0.0
CUST004573,22,26796.31,1218.014090909091,5505.42,15,30.25,24.681860316388953,0.6818181818181818
CUST004574,25,14747.15,589.886,2112.66,0,14.000000003358682,11.760009837176597,0.0
CUST004575,30,16759.83,558.6610000000001,2826.55,0,14.000000000010752,11.725000001458225,0.0
CUST004576,28,27687.010000000002,988.8217857142857,4790.41,0,14.0,11.500003218155197,0.0
CUST004577,20,15743.74,787.187,6514.79,0,21.0000000003,12.337500241593876,0.0
CUST004578,16,10060.86,628.80375,2713.47,0,14.00000000251037,11.921875000247121,0.0
CUST004579,22,16338.05,742.6386363636364,2659.29,12,25.000000000054172,24.204545467819546,0.5454545454545454
CUST004580,21,19713.18,938.7228571428572,7677.77,12,32.0,24.750000000103352,0.5714285714285714
CUST004581,22,21945.989999999998,997.545,9188.55,0,24.50037472820471,12.329562498118912,0.0
CUST004582,24,21732.600000000002,905.5250000000001,8399.69,0,22.75,12.32291727625907,0.0
CUST004583,30,10564.2,352.14000000000004,1099.39,0,14.0,11.666699705027785,0.0
CUST004584,17,11175.31,657.3711764705882,1847.08,0,14.000000389697808,11.5294118167727,0.0
CUST004585,25,12097.59,483.9036,1365.96,0,14.0,11.690000003828322,0.0
CUST004586,21,7185.64,342.17333333333335,1618.13,0,14.000000008883587,12.25000178838316,0.0
CUST004587,25,20086.16,803.4464,9265.48,0,24.5,11.970000716218456,0.0
CUST004588,27,18919.63,700.7270370370371,8137.54,0,24.5,12.379640855088494,0.0
CUST004589,28,28023.7,1000.8464285714286,5557.73,0,17.5,11.81250120068186,0.0
CUST004590,21,16472.93,784.4252380952381,4724.7,0,12.25000000123121,11.583333334651948,0.0
CUST004591,23,14218.56,618.1982608695652,2966.56,0,14.0,11.64130437673764,0.0
CUST004592,30,12286.26,409.54200000000003,1895.93,0,14.0,12.016666833574794,0.0
CUST004593,25,19676.37,787.0548,2291.82,0,14.0,11.83,0.0
CUST004594,28,16727.14,597.3978571428571,3507.27,0,14.0,12.000000044114838,0.0
CUST004595,18,14415.25,800.8472222222222,3954.57,18,30.000000000000178,27.66666666667704,1.0
CUST004596,23,14161.51,615.7178260869565,4112.6,23,28.25000000023536,27.64130434867738,1.0
CUST004597,32,9021.31,281.9159375,1259.99,0,14.000000000178956,12.031250014199824,0.0
CUST004598,20,6410.94,320.54699999999997,1558.21,0,14.0,11.462500003651181,0.0
CUST004599,23,20952.420000000002,910.9747826086957,8716.61,0,24.5,12.402173913051923,0.0
CUST004600,21,10964.49,522.1185714285714,1809.93,0,14.0,11.833333333333533,0.0
CUST004601,17,10772.29,633.6641176470589,4504.55,0,14.0,11.941176658094397,0.0
CUST004602,26,18460.34,710.0130769230769,4683.94,0,14.0,11.644236756762828,0.0
CUST004603,23,14616.38,635.4947826086956,7402.51,0,21.0,12.630434814464188,0.0
CUST004604,23,14357.259999999998,624.2286956521739,2323.58,0,14.0,11.717391555181862,0.0
CUST004605,17,6813.66,400.8035294117647,1335.77,0,14.000000016222913,12.250000000954289,0.0
CUST004606,21,12610.75,600.5119047619048,3732.21,0,14.000000007464754,12.000000000548116,0.0
CUST004607,30,31691.18,1056.3726666666666,4730.65,0,12.250000010958022,11.200000005045466,0.0
CUST004608,20,7896.44,394.822,1881.69,0,14.00000000000881,11.637500056927063,0.0
CUST004609,21,18371.72,874.8438095238096,6961.95,0,19.25,12.166668004834683,0.0
CUST004610,26,16430.74,631.9515384615386,3358.3,0,14.000000987689353,11.846154516264837,0.0
CUST004611,16,11771.79,735.736875,6055.89,1,26.25,12.90625000142606,0.0625
CUST004612,20,23136.39,1156.8195,9100.17,0,24.5,13.03750012351362,0.0
CUST004613,20,9150.33,457.5165,3074.49,0,7.000000000563472,4.375000728113674,0.0
CUST004614,32,21915.16,684.84875,8192.95,0,24.5,12.304687566425118,0.0
CUST004615,29,25804.12,889.7972413793103,4308.41,0,14.000000004009722,11.525862664202835,0.0
CUST004616,21,17539.32,835.2057142857143,4767.77,0,14.0,11.416666679214003,0.0
CUST004617,18,18781.84,1043.4355555555555,8029.8,0,22.75,12.638889173331096,0.0
CUST004618,38,36528.19,961.2681578947369,6499.37,0,19.25,12.157896209224944,0.0
CUST004619,24,14937.859999999999,622.4108333333332,4198.62,0,14.0,11.739584985002262,0.0
CUST004620,20,14809.869999999999,740.4934999999999,7061.79,0,17.5,11.8125001698812,0.0
CUST004621,27,17768.25,658.0833333333334,4557.35,0,14.000000202489655,11.92592856014436,0.0
CUST004622,25,19571.2,782.8480000000001,3483.81,0,12.250001470106588,11.41000005995633,0.0
CUST004623,33,28250.99,856.0906060606061,4794.1,0,12.250000374093068,11.560606072779589,0.0
CUST004624,20,19600.370000000003,980.0185000000001,6064.85,0,17.5,12.425000000011668,0.0
CUST004625,21,16244.16,773.5314285714286,3509.07,0,14.0,11.833336749052345,0.0
CUST004626,18,20733.7,1151.8722222222223,12824.53,0,19.25,12.541666667839998,0.0
CUST004627,23,11505.41,500.23521739130433,4106.39,0,14.0,11.86956521743385,0.0
CUST004628,19,10851.3,571.1210526315789,2769.24,0,14.0,12.06578947843929,0.0
CUST004629,24,13712.980000000001,571.3741666666667,1979.4,0,14.00000003108676,11.37500201619629,0.0
CUST004630,26,26216.09,1008.3111538461538,4203.58,0,14.000000006078594,11.509615384854985,0.0
CUST004631,23,20476.08,890.264347826087,11966.11,0,24.5,12.09783250324847,0.0
CUST004632,22,22866.960000000003,1039.4072727272728,8570.12,1,29.75,12.727272761962602,0.045454545454545456
CUST004633,29,19069.23,657.5596551724137,4489.85,0,14.000000000014795,11.88803421082033,0.0
CUST004634,30,23687.239999999998,789.5746666666666,3300.5,0,14.0,11.43336218474689,0.0
CUST004635,20,13341.5,667.075,2969.26,0,14.0,11.987500008438754,0.0
CUST004636,32,15002.380000000001,468.82437500000003,2448.84,0,14.0,11.75781257896006,0.0
CUST004637,24,33622.15,1400.9229166666667,10665.55,0,19.25000001433505,12.614583342699001,0.0
CUST004638,30,30637.449999999997,1021.2483333333332,10942.32,0,19.25,11.9583335469324,0.0
CUST004639,16,4434.54,277.15875,992.18,0,12.25000004657927,11.703125002911875,0.0
CUST004640,23,19147.11,832.4830434782609,4612.31,0,14.000000000398735,12.173913044950059,0.0
CUST004641,29,23766.010000000002,819.5175862068966,4911.64,0,14.0,11.465517268095372,0.0
CUST004642,17,17069.57,1004.0923529411765,4936.1,0,14.000000000026104,11.941176471364606,0.0
CUST004643,10,9861.36,986.1360000000001,2792.91,0,14.000000689725614,12.250000069018434,0.0
CUST004644,25,15840.810000000001,633.6324000000001,5259.56,0,22.75,12.110000026700696,0.0
CUST004645,24,15066.76,627.7816666666666,2569.84,0,12.250000201379086,11.52083334370221,0.0
CUST004646,28,20936.6,747.7357142857143,3087.77,0,14.0,11.625005387145878,0.0
CUST004647,27,12546.75,464.69444444444446,2974.21,0,14.0,11.601851895183838,0.0
CUST004648,18,11324.539999999999,629.1411111111111,2929.06,0,14.0,11.56944499152938,0.0
CUST004649,28,20452.15,730.4339285714286,3728.38,0,14.000000075615434,11.750000171634426,0.0
CUST004650,16,8916.369999999999,557.2731249999999,1836.37,0,14.000000000271214,11.812500000074905,0.0
CUST004651,21,10134.62,482.60095238095244,2039.18,0,14.0,11.91666686068921,0.0
CUST004652,13,8561.7,658.5923076923077,2639.61,0,14.0,12.115385690918412,0.0
CUST004653,28,22621.29,807.9032142857143,5639.25,0,19.25,11.81250860403984,0.0
CUST004654,20,11348.66,567.433,2357.61,0,12.25,11.637500001001284,0.0
CUST004655,24,14188.49,591.1870833333334,2557.17,0,14.0,11.739583339129979,0.0
CUST004656,31,27935.829999999998,901.1558064516129,4961.15,0,14.0,11.629032271943103,0.0
CUST004657,28,36122.03,1290.0725,19199.2,0,17.5,11.750000009094942,0.0
CUST004658,37,26564.010000000002,717.9462162162163,5899.71,0,19.25,11.729893072280206,0.0
CUST004659,27,18692.01,692.2966666666666,5055.82,0,17.5,11.73148211769941,0.0
CUST004660,25,15232.66,609.3063999999999,3620.65,16,26.75,24.51000010610728,0.64
CUST004661,16,9740.36,608.7725,1779.76,0,12.25,11.265625003866463,0.0
CUST004662,20,16176.6,808.83,3988.24,0,14.000007237924027,11.725000489993128,0.0
CUST004663,21,16538.29,787.537619047619,4496.87,0,14.0,12.08333354463167,0.0
CUST004664,25,16492.38,659.6952,4759.21,0,14.00000000006066,11.410001155859067,0.0
CUST004665,27,18197.3,673.974074074074,2595.38,0,14.000017314136397,11.796297494524957,0.0
CUST004666,21,18748.37,892.7795238095238,3825.03,0,14.0,11.58333333370123,0.0
CUST004667,24,11151.09,464.62875,1524.81,0,14.000000083310704,11.885417705112333,0.0
CUST004668,24,12218.16,509.09,4438.62,20,26.750000001091667,24.927090268627836,0.8333333333333334
CUST004669,18,8992.1,499.56111111111113,1489.75,0,14.00000387318347,11.666667013280119,0.0
CUST004670,24,14247.550000000001,593.6479166666667,2758.79,0,14.0,11.593750592798132,0.0
CUST004671,20,13761.68,688.0840000000001,6847.88,0,17.50001786449618,12.337501131556667,0.0
CUST004672,16,5928.07,370.504375,1666.63,0,12.250000025127347,11.484375001592102,0.0
CUST004673,29,28868.85,995.4775862068965,8315.38,0,22.75,11.706896713592938,0.0
CUST004674,19,17940.28,944.2252631578947,4935.21,0,14.000000000017597,11.789473855878748,0.0
CUST004675,25,12261.57,490.4628,3469.28,0,14.0,11.830000000199709,0.0
CUST004676,27,15961.93,591.1825925925926,3414.92,0,14.000000000014277,11.990740742410583,0.0
CUST004677,29,22165.43,764.3251724137931,3938.63,0,12.250001348683972,11.465517353548204,0.0
CUST004678,28,18207.75,650.2767857142857,4226.47,0,14.0000000004832,11.750000000050033,0.0
CUST004679,18,20752.079999999998,1152.8933333333332,8843.63,0,24.50000771975333,12.638889699262768,0.0
CUST004680,25,17683.989999999998,707.3595999999999,2458.95,0,14.0,12.040000010845844,0.0
CUST004681,18,7746.59,430.36611111111114,985.32,0,12.25,11.277778477978458,0.0
CUST004682,18,10747.44,597.08,2692.08,0,12.250000001774968,11.763888889065761,0.0
CUST004683,19,10661.09,561.11,2138.45,0,14.000000000006326,11.789473686287545,0.0
CUST004684,21,11242.460000000001,535.3552380952382,3104.52,21,30.0,27.333333388636145,1.0
CUST004685,23,13909.3,604.7521739130434,3940.28,0,14.0,11.565217404827933,0.0
CUST004686,21,19817.0,943.6666666666666,7899.93,0,17.5,11.833333337138784,0.0
CUST004687,18,13729.41,762.745,3966.13,0,14.000000000500805,11.375001837375608,0.0
CUST004688,23,26996.91,1173.7786956521738,16840.51,0,17.500246972971443,12.173978196501025,0.0
CUST004689,20,13561.97,678.0985,7276.28,20,37.0,28.16250000000003,1.0
CUST004690,21,11076.44,527.4495238095238,1899.07,0,14.000000082049311,11.833333347397238,0.0
CUST004691,37,60911.340000000004,1646.2524324324324,24040.37,0,24.5,12.770271062717976,0.0
CUST004692,23,17136.04,745.0452173913044,2581.3,0,12.250000049791725,11.336957319949056,0.0
CUST004693,26,13995.96,538.3061538461538,6048.32,0,19.25000000250159,11.644230811204437,0.0
CUST004694,21,13407.619999999999,638.4580952380952,2701.64,0,14.0,11.83333333566242,0.0
CUST004695,27,18253.12,676.0414814814815,3561.86,0,14.000000002607688,11.731481798550007,0.0
CUST004696,24,23091.07,962.1279166666667,6419.89,0,21.000002040606475,12.03125033800623,0.0
CUST004697,26,34681.92,1333.9199999999998,12131.85,0,24.5,12.721169018109986,0.0
CUST004698,24,13409.44,558.7266666666667,2915.9,0,14.00000003777064,11.958333335567803,0.0
CUST004699,31,31733.41,1023.6583870967742,8490.79,0,24.5,12.419355001615896,0.0
CUST004700,20,9885.49,494.2745,1527.34,0,14.0,11.637500002932684,0.0
CUST004701,16,13945.369999999999,871.5856249999999,3047.43,0,14.0,11.375053056555679,0.0
CUST004702,27,19361.78,717.1029629629629,3731.64,0,14.0,11.66666693260328,0.0
CUST004703,26,17588.87,676.495,4067.14,0,14.0,11.576975813931316,0.0
CUST004704,25,10109.34,404.3736,2002.85,0,14.0,12.11000000876817,0.0
CUST004705,29,59712.29,2059.0444827586207,20838.6,0,24.5,12.551735710559095,0.0
CUST004706,30,12984.71,432.8236666666666,1873.75,0,14.0,11.666666678787351,0.0
CUST004707,20,12012.89,600.6445,2600.08,0,14.000000000005652,12.075000002631437,0.0
CUST004708,19,13004.14,684.4284210526315,2122.24,0,12.25001772618318,11.513167357536357,0.0
CUST004709,21,15758.08,750.384761904762,3509.73,21,30.00000000006642,27.666667177800864,1.0
CUST004710,21,16326.220000000001,777.4390476190476,3639.67,0,14.00000000021888,11.666930062660052,0.0
CUST004711,32,21987.61,687.1128125,3003.59,0,14.0000584992188,11.75781435001712,0.0
CUST004712,23,15291.38,664.8426086956522,3795.9,0,14.0,11.641304357730347,0.0
CUST004713,18,13254.460000000001,736.3588888888889,2015.57,0,14.0,11.666666666667133,0.0
CUST004714,28,18005.96,643.0699999999999,2521.81,0,14.0,11.687500000449331,0.0
CUST004715,30,12377.23,412.5743333333333,1280.96,0,14.0,11.49166676044291,0.0
CUST004716,18,13438.52,746.5844444444444,3798.68,0,14.000000128573728,11.763890136427657,0.0
CUST004717,29,15059.88,519.3062068965517,2534.27,0,14.0,11.52586210394611,0.0
CUST004718,25,16326.64,653.0656,2850.81,0,14.0,11.830000279150418,0.0
CUST004719,20,51981.05,2599.0525000000002,35008.42,0,21.0,12.162500101050798,0.0
CUST004720,20,15432.09,771.6045,3508.36,0,14.00000003520764,11.900000004028348,0.0
CUST004721,22,15375.83,698.9013636363636,2901.89,0,14.0,11.375007465373157,0.0
CUST004722,23,7608.55,330.80652173913046,1485.69,0,12.250000000269887,11.33695652179749,0.0
CUST004723,21,15355.12,731.1961904761905,2443.73,0,14.0,11.583333335189103,0.0
CUST004724,22,10825.07,492.0486363636364,3444.27,0,14.0,11.931818184133142,0.0
CUST004725,18,12994.48,721.9155555555556,1518.59,0,12.250000483611196,11.375000114353831,0.0
CUST004726,27,50682.29,1877.121851851852,26055.01,1,26.25,12.638903448052188,0.037037037037037035
CUST004727,16,13439.76,839.985,6030.01,10,33.75000000000512,24.89062544014804,0.625
CUST004728,19,11683.4,614.9157894736842,2013.18,0,14.0,11.973684648796253,0.0
CUST004729,22,17510.69,795.9404545454545,3554.26,22,28.25000000024461,27.772727357977484,1.0
CUST004730,23,19850.079999999998,863.046956521739,6608.42,0,17.500000000997392,11.869565227309913,0.0
CUST004731,28,12175.95,434.85535714285714,1872.75,0,14.0,11.62500028535968,0.0
CUST004732,27,16643.24,616.4162962962963,6761.99,0,21.0,11.666691415279528,0.0
CUST004733,28,21214.7,757.6678571428572,3775.77,0,14.000000002763825,11.500000587676226,0.0
CUST004734,38,24773.56,651.9357894736843,3210.34,0,14.0000019122157,11.421052757217284,0.0
CUST004735,15,6864.86,457.6573333333333,1711.84,0,14.0,12.016666668750936,0.0
CUST004736,22,10548.03,479.45590909090913,1712.93,22,47.500000019044855,45.511363637544044,1.0
CUST004737,22,12077.16,548.9618181818182,1581.79,0,14.0,11.772727340010675,0.0
CUST004738,23,8551.61,371.8091304347826,1720.94,0,7.0,4.336958649658651,0.0
CUST004739,26,15296.66,588.3330769230769,2113.73,0,14.0,11.37500059457351,0.0
CUST004740,24,15699.3,654.1374999999999,3211.54,0,14.0,11.73958496855918,0.0
CUST004741,24,14538.52,605.7716666666666,3971.41,0,14.0,11.739672873777302,0.0
CUST004742,24,13974.98,582.2908333333334,4781.83,0,14.0,11.885416873726646,0.0
CUST004743,25,21562.78,862.5111999999999,3714.41,0,14.0,11.550000000076082,0.0
CUST004744,21,13493.74,642.5590476190476,3964.4,0,14.000000000176346,11.750004454919818,0.0
CUST004745,18,11111.69,617.3161111111111,3259.44,0,14.00000000026696,11.56944444708479,0.0
CUST004746,30,18074.75,602.4916666666667,2725.06,0,14.0,11.783333410461955,0.0
CUST004747,28,20799.73,742.8475,3184.7,0,14.0,11.812504176352181,0.0
CUST004748,23,25158.07,1093.8291304347827,8851.53,1,29.75,12.17391304591297,0.043478260869565216
CUST004749,28,31415.010000000002,1121.964642857143,13545.54,0,17.502568493123796,11.562598080729554,0.0
CUST004750,20,34120.5,1706.025,27315.27,1,28.0,12.337500006010895,0.05
CUST004751,26,28384.97,1091.7296153846155,7418.31,0,19.25,12.115384616998709,0.0
CUST004752,35,12886.32,368.1805714285714,2539.49,0,14.000000000033609,11.700000165709273,0.0
CUST004753,18,16397.39,910.9661111111111,5978.54,0,19.25,12.347222590165302,0.0
CUST004754,24,17984.01,749.3337499999999,3936.84,0,14.000000001071015,11.88541666721617,0.0
CUST004755,23,29285.58,1273.2860869565218,13404.58,0,17.500000174812694,11.793478318314467,0.0
CUST004756,22,12526.31,569.3777272727273,2767.89,0,14.0000000489321,11.613636365886968,0.0
CUST004757,22,11582.7,526.4863636363636,2048.09,0,14.0,11.45454545782419,0.0
CUST004758,22,10598.37,481.74409090909097,2432.58,0,14.0,12.011363708064046,0.0
CUST004759,18,58962.380000000005,3275.687777777778,36258.61,1,28.0,13.513889851077145,0.05555555555555555
CUST004760,24,13839.61,576.6504166666667,3136.31,0,14.0,11.812500034184508,0.0
CUST004761,32,33033.18,1032.286875,6309.68,0,19.25,12.304687501729536,0.0
CUST004762,19,22552.690000000002,1186.9836842105265,5127.09,0,21.0,11.881755778433012,0.0
CUST004763,21,18509.649999999998,881.4119047619047,5628.41,1,26.25000000104989,12.000000000184347,0.047619047619047616
CUST004764,21,20261.2,964.8190476190476,5812.03,0,22.750365801072974,12.000017428232557,0.0
CUST004765,25,45144.55,1805.7820000000002,12558.87,0,22.75,12.810013908620599,0.0
CUST004766,21,15821.07,753.3842857142857,4995.53,21,30.0,27.33333333623507,1.0
CUST004767,20,10943.619999999999,547.1809999999999,4212.5,0,14.00000000000637,11.725003326861707,0.0
CUST004768,32,31961.8,998.80625,8510.81,2,31.5,12.960937582624624,0.0625
CUST004769,25,22841.86,913.6744,3742.85,0,14.000000047392456,11.690000002726363,0.0
CUST004770,22,16267.64,739.4381818181818,5214.52,0,19.25,12.090909125815978,0.0
CUST004771,24,29588.1,1232.8374999999999,6848.04,0,21.0,12.177083333427447,0.0
CUST004772,24,19343.79,805.99125,3632.34,0,14.000456034821314,11.812519002750038,0.0
CUST004773,23,12032.09,523.1343478260869,2406.62,0,14.0,11.869565225860546,0.0
CUST004774,26,26127.079999999998,1004.8876923076922,7118.42,0,19.25,12.317307718789733,0.0
CUST004775,23,11011.94,478.78000000000003,2397.04,0,14.000000003273858,11.565217392189334,0.0
CUST004776,31,19105.45,616.3048387096775,4934.43,0,14.000000002355398,11.572590281431856,0.0
CUST004777,27,27438.38,1016.2362962962964,5532.0,1,26.8573242712564,5.4669382014966,0.037037037037037035
CUST004778,26,15220.37,585.3988461538462,3280.77,0,14.0,12.048076933573205,0.0
CUST004779,24,33154.79,1381.4495833333333,9421.13,1,26.25,12.833348297686015,0.041666666666666664
CUST004780,21,30104.69,1433.5566666666666,6586.23,0,21.00000000197962,12.7500000545708,0.0
CUST004781,21,15860.449999999999,755.2595238095238,4133.65,0,14.000000000066857,11.75000000092028,0.0
CUST004782,18,12786.34,710.3522222222223,3153.66,0,14.0,11.472223118048525,0.0
CUST004783,29,19619.34,676.5289655172414,3966.01,0,14.00000012798444,11.767244209262682,0.0
CUST004784,22,29743.94,1351.9972727272727,6301.84,0,17.5,12.250000149201089,0.0
CUST004785,30,29225.61,974.187,7613.84,0,17.5,11.433333357546626,0.0
CUST004786,24,13446.24,560.26,3669.82,0,14.0,11.447916709862724,0.0
CUST004787,24,24880.03,1036.6679166666665,4189.15,0,17.50000003148926,12.322916668426997,0.0
CUST004788,23,11558.81,502.5569565217391,5034.79,0,19.250000011808336,11.945652226879346,0.0
CUST004789,21,29933.72,1425.4152380952382,8152.79,0,24.5,12.16666667535306,0.0
CUST004790,32,19029.28,594.665,4900.96,0,15.749999999999998,11.867187556972494,0.0
CUST004791,16,11967.88,747.9925,4192.48,0,12.250000813341352,11.484375063461613,0.0
CUST004792,37,25842.77,698.4532432432433,4308.73,0,14.00002751840315,12.155424888875833,0.0
CUST004793,24,17624.73,734.36375,3173.91,0,14.0,12.031250000141812,0.0
CUST004794,18,17877.63,993.2016666666667,4098.58,0,14.0,11.569444632866587,0.0
CUST004795,26,11261.789999999999,433.1457692307692,2040.59,0,14.000000000025866,11.644230966048003,0.0
CUST004796,20,12615.04,630.7520000000001,3699.93,0,14.0,11.55000001941051,0.0
CUST004797,25,22719.59,908.7836,5521.23,25,33.5,27.83000021269712,1.0
CUST004798,31,18462.43,595.5622580645162,2735.73,0,14.000000000009296,11.742019843495536,0.0
CUST004799,20,17391.100000000002,869.5550000000001,6027.65,0,19.25,12.162500067011505,0.0
CUST004800,21,22127.88,1053.7085714285715,8218.92,0,22.750000015840868,12.333333344890388,0.0
CUST004801,23,25880.55,1125.2413043478261,10827.89,0,19.25,12.402179499026056,0.0
CUST004802,28,25112.33,896.8689285714287,10025.83,0,17.5000001046494,12.125000005630158,0.0
CUST004803,24,23371.16,973.7983333333333,6089.45,11,38.99999999999999,24.781256181689916,0.4583333333333333
CUST004804,20,9588.369999999999,479.41849999999994,2127.11,0,14.0,11.725000005941679,0.0
CUST004805,20,15399.14,769.957,3839.25,0,14.0,11.987512110363607,0.0
CUST004806,31,23425.27,755.6538709677419,4640.23,0,14.000000011315304,11.459677646684822,0.0
CUST004807,26,22731.58,874.2915384615385,6428.35,0,19.25,11.980800182893026,0.0
CUST004808,21,8835.65,420.74523809523805,2900.17,0,12.250007587071154,11.58333371890025,0.0
CUST004809,22,7591.96,345.0890909090909,1435.79,0,14.000000000000036,11.534090909802488,0.0
CUST004810,27,20570.71,761.8781481481482,3874.4,0,14.0,11.925965098667282,0.0
CUST004811,23,15513.05,674.4804347826087,7345.36,0,24.5,12.097826108191777,0.0
CUST004812,26,33389.71,1284.2196153846153,14883.21,1,26.25,12.721153846537458,0.038461538461538464
CUST004813,31,40701.130000000005,1312.939677419355,18879.82,0,24.5,12.193548541308681,0.0
CUST004814,25,12300.05,492.00199999999995,3044.3,0,14.0,11.830000053942754,0.0
CUST004815,25,14920.23,596.8092,2621.27,0,14.0,11.48000001585081,0.0
CUST004816,29,31095.21,1072.2486206896551,9988.8,2,29.75,13.155180845786049,0.06896551724137931
CUST004817,25,25819.149999999998,1032.7659999999998,8734.55,0,24.5,11.830003391964633,0.0
CUST004818,20,11511.61,575.5805,2435.51,0,12.25000000067768,11.375000000037671,0.0
CUST004819,27,27477.68,1017.6918518518519,6589.94,0,17.5,11.990740788584084,0.0
CUST004820,29,15292.69,527.3341379310345,2271.54,0,14.0,11.465517268777393,0.0
CUST004821,30,24778.48,825.9493333333334,4206.7,0,14.000000003094849,11.783334683490342,0.0
CUST004822,22,17208.84,782.22,4164.33,0,14.00000042283635,11.772727296925256,0.0
CUST004823,18,11655.1,647.5055555555556,2041.58,0,14.0,11.569444444674339,0.0
CUST004824,35,38533.84,1100.966857142857,10912.14,0,17.50025357929002,12.150468008690316,0.0
CUST004825,33,23137.62,701.14,3062.46,33,28.250007737134077,27.295454898556834,1.0
CUST004826,22,23729.3,1078.6045454545454,8954.22,0,22.75,11.852279720978087,0.0
CUST004827,26,26337.9,1012.9961538461539,9414.3,0,22.75,12.250107087288823,0.0
CUST004828,23,13672.77,594.4682608695653,3029.86,0,14.0,11.717391304388126,0.0
CUST004829,26,20252.68,778.9492307692308,2849.11,0,14.0,11.307694290057217,0.0
CUST004830,26,29490.38,1134.2453846153846,11214.85,0,22.75,12.115384684643933,0.0
CUST004831,19,6796.29,357.69947368421055,895.56,19,30.0,27.605263159215358,1.0
CUST004832,19,8578.48,451.49894736842106,1923.28,12,26.750000000000814,24.447368421062034,0.631578947368421
CUST004833,29,24532.18,845.9372413793103,4354.82,21,26.750000001352987,24.63793243017544,0.7241379310344828
CUST004834,23,9379.73,407.81434782608693,1673.65,0,14.0,11.260870957555204,0.0
CUST004835,32,18761.58,586.299375,2840.38,0,14.000000762741534,11.812500627040711,0.0
CUST004836,27,16270.89,602.6255555555555,2870.26,0,14.0,11.6018518694826,0.0
CUST004837,21,12369.17,589.0080952380953,3078.52,0,14.0,11.50000039313609,0.0
CUST004838,23,15648.92,680.3878260869566,2529.07,0,14.000000005564528,11.79350259635274,0.0
CUST004839,31,27065.1,873.0677419354838,9124.46,0,24.5,12.080794383328136,0.0
CUST004840,34,29291.32,861.5094117647059,10776.91,0,17.500000184595738,11.786985949749255,0.0
CUST004841,23,24816.489999999998,1078.9778260869564,6476.6,15,32.0,24.92770343021867,0.6521739130434783
CUST004842,29,24975.489999999998,861.2237931034482,7627.68,0,19.25,11.948275873608017,0.0
CUST004843,21,21305.53,1014.5490476190475,6488.02,0,17.50000089282483,12.000000049869458,0.0
CUST004844,15,13861.87,924.1246666666667,4949.2,0,14.0,11.55000785774456,0.0
CUST004845,23,15136.5,658.1086956521739,3274.93,0,14.0,11.3369565242762,0.0
CUST004846,26,16610.77,638.8757692307693,3647.21,0,14.0,11.307692871825413,0.0
CUST004847,26,26734.739999999998,1028.2592307692307,13550.32,1,26.25,12.250000010365257,0.038461538461538464
CUST004848,18,12708.390000000001,706.0216666666668,2722.85,0,14.0,11.861111111146336,0.0
CUST004849,24,10803.8,450.1583333333333,2833.18,0,14.0,11.593750001890884,0.0
CUST004850,20,8814.46,440.72299999999996,2508.14,0,14.0,11.725000058809389,0.0
CUST004851,23,11090.62,482.20086956521743,1516.26,0,14.0,11.565217758375441,0.0
CUST004852,28,19019.98,679.285,2819.45,0,14.0,11.500000029924603,0.0
CUST004853,24,15497.25,645.71875,2233.64,10,26.75,24.052083564039474,0.4166666666666667
CUST004854,25,12437.33,497.4932,2379.83,0,14.0,11.410000651287945,0.0
CUST004855,25,28091.36,1123.6544000000001,9429.49,1,28.0,12.88000030996693,0.04
CUST004856,20,11041.81,552.0905,2399.92,20,30.0,27.287500000313322,1.0
CUST004857,23,76361.93,3320.083913043478,50000.0,1,28.0,12.782608698532659,0.043478260869565216
CUST004858,23,13087.28,569.0121739130435,1758.36,0,14.0,11.641305164333497,0.0
CUST004859,17,32809.78,1929.9870588235294,17945.78,0,19.25,12.147058899431933,0.0
CUST004860,24,15075.0,628.125,3691.72,0,14.00000000000039,11.812500000025658,0.0
CUST004861,16,8889.31,555.581875,1430.42,0,14.000006354578629,11.703125629419546,0.0
CUST004862,29,24874.56,857.7434482758621,7386.66,0,17.5,11.586208121728156,0.0
CUST004863,28,16574.95,591.9625,2342.64,0,14.00000001180324,11.937500195880203,0.0
CUST004864,27,31562.01,1168.9633333333334,6947.15,0,19.25,11.990742873985566,0.0
CUST004865,18,11002.94,611.2744444444445,2844.61,0,14.00000000000093,11.958333393650546,0.0
CUST004866,26,13966.39,537.1688461538462,2161.27,0,14.0,11.644593375969805,0.0
CUST004867,26,18132.83,697.4165384615385,2368.79,0,14.00000000156065,11.576927570662132,0.0
CUST004868,19,8044.6,423.40000000000003,1765.03,0,14.0,11.513157894736842,0.0
CUST004869,20,9709.4,485.46999999999997,1550.5,0,14.0,11.462500011167757,0.0
CUST004870,19,6418.37,337.80894736842106,1353.27,0,12.25000000003804,11.052631579215367,0.0
CUST004871,32,31724.01,991.3753125,14389.73,0,22.75,11.539062533586012,0.0
CUST004872,27,21431.719999999998,793.7674074074073,3698.46,0,12.250006336625209,11.601852086655006,0.0
CUST004873,17,6025.0,354.4117647058824,1047.93,0,14.0,11.838235296166134,0.0
CUST004874,27,19098.66,707.3577777777778,4821.96,0,14.000000000053696,11.666666786801422,0.0
CUST004875,19,13520.72,711.6168421052631,2045.0,0,14.0,11.789473685851656,0.0
CUST004876,22,25570.25,1162.284090909091,8435.15,0,24.5,12.727276036864582,0.0
CUST004877,15,8986.56,599.1039999999999,2560.55,0,14.0,11.666666688389592,0.0
CUST004878,30,27858.77,928.6256666666667,7067.39,0,19.25,12.308333333522675,0.0
CUST004879,22,13131.82,596.9009090909091,3520.83,0,14.0,11.772727403716452,0.0
CUST004880,28,25280.01,902.8575,5589.66,0,19.25001504543336,12.000007196238272,0.0
CUST004881,19,19323.8,1017.0421052631579,6045.91,0,21.0,12.065789484806817,0.0
CUST004882,21,36459.67,1736.174761904762,23281.38,0,22.75,12.08333352790477,0.0
CUST004883,37,31640.81,855.1570270270271,5229.16,0,17.5,11.918919122413591,0.0
CUST004884,28,14028.51,501.0182142857143,3040.92,0,14.00000001143989,11.500041480493087,0.0
CUST004885,19,10414.67,548.1405263157894,6707.1,0,19.25000000000213,12.342105270583218,0.0
CUST004886,36,19861.79,551.7163888888889,3623.15,0,14.0,11.958334857568538,0.0
CUST004887,19,17838.37,938.8615789473683,3906.21,0,12.25000000445526,11.697368421378604,0.0
CUST004888,26,20235.64,778.2938461538462,4866.83,0,14.0,11.64423078914663,0.0
CUST004889,24,19182.78,799.2824999999999,3167.97,0,14.0,11.520833339143524,0.0
CUST004890,24,20388.57,849.52375,6896.41,0,17.5,11.666671242255957,0.0
CUST004891,17,5080.95,298.8794117647059,1250.65,0,14.000000000005022,11.83823529421754,0.0
CUST004892,22,23639.0,1074.5,10207.87,0,19.250000174680576,12.011363644306693,0.0
CUST004893,15,5055.58,337.03866666666664,1098.07,0,14.0,11.900000000288445,0.0
CUST004894,24,15364.01,640.1670833333334,2282.58,0,12.250000000587432,11.375000037543414,0.0
CUST004895,23,18572.41,807.4960869565217,5050.24,23,33.5,28.173913073721703,1.0
CUST004896,17,11092.67,652.51,2185.73,0,14.0,12.044117647357119,0.0
CUST004897,16,6898.16,431.135,1524.44,16,28.250000000144805,27.593750000144254,1.0
CUST004898,22,12600.619999999999,572.7554545454545,5477.17,0,17.500001994589823,11.772727382449307,0.0
CUST004899,23,15697.25,682.4891304347826,5092.98,0,21.0,11.565224574583535,0.0
CUST004900,22,10127.48,460.34,2105.58,0,14.000000043981505,11.852272802949301,0.0
CUST004901,30,33188.26,1106.2753333333335,16255.66,0,22.75,11.95833381608059,0.0
CUST004902,26,47980.86,1845.4176923076923,27885.78,1,26.25,12.317307734558842,0.038461538461538464
CUST004903,25,27335.39,1093.4156,8673.54,0,24.5,12.180000033267786,0.0
CUST004904,21,11709.09,557.5757142857143,2564.01,21,28.25000002358649,27.166666674818018,1.0
CUST004905,25,20577.17,823.0867999999999,5399.57,0,17.5,11.76000001018857,0.0
CUST004906,28,26522.57,947.2346428571428,10315.73,0,17.5,11.875353007304494,0.0
CUST004907,24,17572.72,732.1966666666667,3140.9,0,14.0,11.520833450333312,0.0
CUST004908,11,7149.14,649.9218181818183,2855.6,0,14.0,11.931818387311665,0.0
CUST004909,27,16890.98,625.5918518518519,3183.54,27,53.5000000015232,52.78703703725368,1.0
CUST004910,20,26381.73,1319.0865,13387.59,0,24.5,13.037500000000458,0.0
CUST004911,17,12904.34,759.0788235294118,3684.24,0,12.250000000113673,11.52941176471257,0.0
CUST004912,19,11401.27,600.0668421052632,3381.64,0,14.0,11.513157895777153,0.0
CUST004913,31,38634.2,1246.2645161290322,12642.72,2,29.75,13.266420075011187,0.06451612903225806
CUST004914,28,23565.46,841.6235714285714,3577.42,0,14.000000000348791,11.68750001876648,0.0
CUST004915,25,9671.98,386.87919999999997,1569.42,0,14.0,11.970000000311408,0.0
CUST004916,23,31136.08,1353.7426086956523,12484.95,0,22.75,12.402187755096659,0.0
CUST004917,22,8190.37,372.2895454545455,1305.04,0,14.000000000060773,11.613636364162884,0.0
CUST004918,30,23691.56,789.7186666666668,4417.35,0,14.0,11.958333335656748,0.0
CUST004919,19,27246.17,1434.0089473684209,7231.7,0,21.0,12.434212993815422,0.0
CUST004920,31,23065.12,744.036129032258,4197.69,0,14.0,12.024193728376087,0.0
CUST004921,22,18523.84,841.9927272727273,5631.66,0,17.5,12.17047420382532,0.0
CUST004922,15,25139.91,1675.994,8346.05,0,24.500000277042616,13.300000018469719,0.0
CUST004923,22,12271.03,557.7740909090909,1247.49,0,14.0,11.534090915268855,0.0
CUST004924,35,26868.97,767.6848571428571,3681.35,0,14.0000061804812,11.850006114929794,0.0
CUST004925,24,13010.43,542.10125,3320.36,0,14.0,11.666666668333095,0.0
CUST004926,19,10393.11,547.0057894736842,1658.16,0,14.0,11.881579442153681,0.0
CUST004927,26,20257.38,779.13,5624.0,0,19.25,12.115384697099746,0.0
CUST004928,26,13228.84,508.8015384615385,2071.02,14,26.75,24.394230769962025,0.5384615384615384
CUST004929,25,12554.7,502.18800000000005,2137.11,0,7.000008667887676,4.27000038278092,0.0
CUST004930,25,16098.67,643.9468,2049.32,0,14.0,11.761042498357526,0.0
CUST004931,27,18399.670000000002,681.4692592592593,4918.29,0,12.250014019846802,11.537050423948825,0.0
CUST004932,23,28047.02,1219.435652173913,14804.52,15,32.0,24.771763758449246,0.6521739130434783
CUST004933,17,17342.7,1020.1588235294118,7342.32,0,19.25,12.147061002017772,0.0
CUST004934,26,15114.25,581.3173076923077,2372.49,26,30.0,27.375000065998115,1.0
CUST004935,23,8546.43,371.5839130434783,1316.9,0,14.0,11.641306932830041,0.0
CUST004936,28,22419.53,800.6975,8185.44,0,22.75,11.875000127280344,0.0
CUST004937,28,12034.83,429.8153571428571,1788.03,0,14.0,11.6875,0.0
CUST004938,24,11319.52,471.6466666666667,1710.04,0,14.000000000032587,11.81250063513667,0.0
CUST004939,32,25090.600000000002,784.0812500000001,4053.03,0,14.0,11.596031723560387,0.0
CUST004940,15,9500.01,633.3340000000001,1556.26,0,14.0,11.316668991446672,0.0
CUST004941,15,14999.7,999.98,8171.05,1,29.75,12.600000108826727,0.06666666666666667
CUST004942,25,38206.19,1528.2476000000001,16990.72,0,24.5,12.250016140065158,0.0
CUST004943,18,18042.0,1002.3333333333334,3986.9,0,12.25000904335154,11.56944494685472,0.0
CUST004944,30,37652.29,1255.0763333333334,6192.05,0,19.2500006844858,12.075000325911654,0.0
CUST004945,33,18082.36,547.9503030303031,2720.22,0,14.0,11.560622208574337,0.0
CUST004946,22,13386.69,608.4859090909091,2686.12,0,14.0,11.454545454560566,0.0
CUST004947,33,17308.3,524.4939393939394,3093.27,22,26.75,24.681820669615153,0.6666666666666666
CUST004948,22,9200.94,418.2245454545455,1177.43,22,30.0,27.2954545471733,1.0
CUST004949,24,21910.66,912.9441666666667,7585.29,0,19.25,11.739589801333318,0.0
CUST004950,22,21510.27,977.7395454545455,7037.36,0,17.500000019150455,11.772727275543117,0.0
CUST004951,22,26716.219999999998,1214.3736363636363,5895.73,22,33.5,28.17045454936946,1.0
CUST004952,22,27570.88,1253.2218181818182,6078.79,0,19.25000002292093,12.329545455730935,0.0
CUST004953,21,21031.63,1001.5061904761906,6364.49,0,24.5,12.50000402927754,0.0
CUST004954,24,15086.51,628.6045833333334,4326.59,0,14.0,11.447916667401488,0.0
CUST004955,27,13922.14,515.6348148148148,2286.44,0,14.000000000365754,11.796297020738294,0.0
CUST004956,19,9154.28,481.80421052631584,2376.55,0,14.00000000006992,11.697368459603652,0.0
CUST004957,21,15104.94,719.2828571428572,2129.43,0,14.0,11.583333413030822,0.0
CUST004958,14,6538.41,467.0292857142857,1210.8,0,14.0,11.500000002903091,0.0
CUST004959,24,13605.81,566.9087499999999,1801.26,0,14.0,11.958333335357983,0.0
CUST004960,23,17323.99,753.2169565217392,4705.5,0,12.250000053573263,11.26087231102524,0.0
CUST004961,26,33598.85,1292.2634615384616,9721.99,0,22.75,12.384615478863946,0.0
CUST004962,21,18663.78,888.7514285714285,6412.74,0,17.5,11.583333337977834,0.0
CUST004963,32,33762.46,1055.076875,9291.41,0,24.50004350647749,12.468758896819898,0.0
CUST004964,27,22596.57,836.91,3717.95,20,26.750000019386587,24.870370372136737,0.7407407407407407
CUST004965,22,15038.38,683.5627272727272,2617.46,0,14.0000000004281,11.852272727292409,0.0
CUST004966,27,22547.31,835.0855555555556,4397.78,0,17.500003027440727,11.796296412596819,0.0
CUST004967,24,24976.120000000003,1040.6716666666669,4714.96,0,12.250000324495735,11.375000020844523,0.0
CUST004968,28,13065.52,466.6257142857143,3684.66,0,14.0,11.937500006436315,0.0
CUST004969,20,10930.64,546.5319999999999,3521.61,0,14.0,11.725000000180934,0.0
CUST004970,27,15530.64,575.2088888888889,3728.11,0,14.0,11.40740821899795,0.0
CUST004971,21,15342.08,730.5752380952381,6596.16,21,33.5,27.83333333333361,1.0
CUST004972,27,17557.81,650.2892592592593,2974.69,0,14.000000014204709,11.990740755905366,0.0
CUST004973,27,13975.28,517.602962962963,3380.58,0,14.000000001166498,11.92592595301757,0.0
CUST004974,29,24995.75,861.9224137931035,6798.55,0,17.5,12.189655395631126,0.0
CUST004975,26,24476.350000000002,941.398076923077,6866.81,0,19.250000059166887,12.182692663577543,0.0
CUST004976,15,4637.38,309.15866666666665,1676.47,0,14.0,11.9,0.0
CUST004977,18,13221.39,734.5216666666666,4259.07,0,14.0,11.763888890516924,0.0
CUST004978,26,19930.86,766.5715384615385,3269.08,0,14.00000000021422,11.846154239307397,0.0
CUST004979,35,33285.28,951.0079999999999,7220.69,0,17.5,12.00000049240995,0.0
CUST004980,19,6591.97,346.9457894736842,1442.37,0,14.0,11.789476195096741,0.0
CUST004981,27,20802.15,770.45,5576.94,0,17.5,11.86111533922048,0.0
CUST004982,23,20783.88,903.6469565217392,4179.82,0,14.0,11.64155096767725,0.0
CUST004983,24,14250.82,593.7841666666667,3461.85,0,14.0000000001567,11.958333333342798,0.0
CUST004984,21,13309.87,633.8033333333334,2806.01,0,14.000000010876825,11.750000009027659,0.0
CUST004985,25,19837.51,793.5003999999999,2451.44,25,30.0,27.620000021697365,1.0
CUST004986,28,18034.44,644.0871428571428,2852.91,0,14.0,11.437500957407545,0.0
CUST004987,22,16221.0,737.3181818181819,6226.51,0,17.5,11.93181818271038,0.0
CUST004988,19,14803.53,779.1331578947369,2788.03,0,14.000000000072376,12.250000000832884,0.0
CUST004989,17,10928.17,642.8335294117647,2189.37,0,14.00000000286656,11.632352941448714,0.0
CUST004990,21,24530.91,1168.1385714285714,6461.43,0,21.0,12.250000015086094,0.0
CUST004991,25,18833.2,753.328,4926.36,15,25.000010850922678,24.30000046149473,0.6
CUST004992,17,13519.66,795.2741176470588,6644.8,11,32.0,25.00000000000555,0.6470588235294118
CUST004993,17,13161.22,774.1894117647058,3461.96,0,14.0,11.735294117647058,0.0
CUST004994,22,23974.51,1089.7504545454544,7979.49,0,21.0,12.090911784216706,0.0
CUST004995,27,24235.11,897.5966666666667,9562.72,1,28.0,12.574075620838796,0.037037037037037035
CUST004996,22,12166.26,553.0118181818182,2005.34,0,12.250000201775126,11.69318840929573,0.0
CUST004997,18,13098.59,727.6994444444445,2689.38,0,14.0,12.055557676955047,0.0
CUST004998,18,13042.21,724.5672222222222,3073.68,0,14.0,11.569444444451314,0.0
CUST004999,29,37749.81,1301.7175862068964,14028.33,0,22.75,12.068967016991339,0.0
CUST005000,30,15757.25,525.2416666666667,3676.68,0,14.000000051079784,11.666668370959488,0.0
